ModelForces
version=1
nRows=300
nColumns=108
inDegrees=yes

This file contains the forces exerted on a model during a simulation.

A force is a generalized force, meaning that it can be either a force (N) or a torque (Nm).

Units are S.I. units (second, meters, Newtons, ...)
Angles are in degrees.

endheader 
time	addbrev_l	addlong_l	addmagDist_l	addmagIsch_l	addmagMid_l	addmagProx_l	bflh_l	bfsh_l	edl_l	ehl_l	fdl_l	fhl_l	gaslat_l	gasmed_l	glmax1_l	glmax2_l	glmax3_l	glmed1_l	glmed2_l	glmed3_l	glmin1_l	glmin2_l	glmin3_l	grac_l	iliacus_l	perbrev_l	perlong_l	piri_l	psoas_l	recfem_l	sart_l	semimem_l	semiten_l	soleus_l	tfl_l	tibant_l	tibpost_l	vasint_l	vaslat_l	vasmed_l	addbrev_r	addlong_r	addmagDist_r	addmagIsch_r	addmagMid_r	addmagProx_r	bflh_r	bfsh_r	edl_r	ehl_r	fdl_r	fhl_r	gaslat_r	gasmed_r	glmax1_r	glmax2_r	glmax3_r	glmed1_r	glmed2_r	glmed3_r	glmin1_r	glmin2_r	glmin3_r	grac_r	iliacus_r	perbrev_r	perlong_r	piri_r	psoas_r	recfem_r	sart_r	semimem_r	semiten_r	soleus_r	tfl_r	tibant_r	tibpost_r	vasint_r	vaslat_r	vasmed_r	hip_flexion_r	hip_flexion_l	hip_adduction_r	hip_adduction_l	hip_rotation_r	hip_rotation_l	knee_angle_r	knee_angle_l	ankle_angle_r	ankle_angle_l	subtalar_angle_r	subtalar_angle_l	mtp_angle_r	mtp_angle_l	lumbar_extension	lumbar_bending	lumbar_rotation	arm_flex_l	arm_add_l	arm_rot_l	arm_flex_r	arm_add_r	arm_rot_r	elbow_flex_l	elbow_flex_r	pro_sup_l	pro_sup_r	
          2.00000000	         13.55673710	         19.27044872	          7.07770751	          8.80245192	          4.59960221	          5.73444366	         23.42728909	         31.52276083	         42.37029506	         21.88218823	         26.77042936	         24.18000043	        135.14081733	        398.66283372	         75.76221966	        183.27349087	         10.65417768	        636.76052168	        225.13940536	        167.56948003	         65.40316804	         59.52154361	         56.80218492	         14.45046327	        104.50220286	         50.99799278	         86.24662050	        137.07699183	        179.38703685	        216.66497675	         15.76715400	         52.73945809	         25.51466894	        439.66359831	        175.42031661	        331.84191513	        379.58622459	         51.99385207	        203.36080452	         82.64204248	         12.72932042	         13.63526152	         14.74568640	         23.63756103	          8.56683944	          8.01936297	        157.09481814	         28.57925173	        139.93600121	         30.30898096	         21.57781014	         37.47823364	         81.23690876	        217.33347874	         20.85846177	         34.72222162	         32.48762016	         18.34453057	         23.15611235	         37.39932257	          5.48465600	          8.74559455	         12.01006960	         20.36035887	        396.93096009	         19.45791064	        270.60678690	        699.92354436	        920.72923317	        142.10483689	         66.82281877	        219.96209527	         71.09991870	        317.01672097	         44.47056297	        536.44373649	         69.93546132	         57.93779766	        382.44321654	        100.52514837	          0.04360589	          0.06368358	          0.01271965	          0.01232833	         -0.07067427	         -0.00467858	          0.05377438	         -0.06693552	          0.04715404	         -0.03458934	          0.12022775	         -0.05653289	         -0.93407411	         -6.38161736	          3.22705166	         35.02423374	         -9.86350920	          6.54992238	         -1.39215567	         -1.06119441	          6.61461248	         -2.35212638	         -0.48273472	         -0.93131237	          2.11064465	         -0.11226591	         -0.06492618	
          2.02000000	         13.80165959	         19.83115793	          6.92193813	          8.21585843	          4.59667347	          5.78422403	         21.37000076	         34.48075131	         30.23049631	         13.18392247	         34.23334456	         92.07941974	        134.93984256	        397.63593806	         64.16150006	        125.67024386	         10.19679198	        541.03869358	        217.65504771	        194.44134539	         72.85010102	         71.01658305	         70.87610143	         14.42429452	        108.00196188	         49.35388257	         84.34443527	        123.97116115	        183.21158289	        386.98914452	         19.66455719	         41.80250101	         24.17632802	        452.03837666	        132.87726096	        240.35357384	        362.21025953	         43.22593160	        149.28613012	         65.21839677	         12.65925311	         13.48951603	         14.55857746	         23.10434741	          8.50279485	          7.06722534	        155.05051240	         30.98204732	        150.15875487	         42.45075986	         20.67719716	         34.94581980	         80.64994387	        214.51990834	         29.20212566	         35.32735633	         32.03177972	         17.90301321	         22.75436153	         47.73804044	          5.40135673	         10.04296646	         24.51932178	         20.48744038	        332.33707443	         53.80355099	        217.96306034	        577.30325602	        768.35835294	        149.06781383	         96.51487511	        217.11724447	         70.60543150	        305.87260083	         46.50978768	        497.07931130	         71.38777766	         61.91597317	        333.16190487	        103.45588774	          0.04911927	          0.06306110	          0.01960117	          0.01164592	         -0.05920907	          0.00202269	          0.06206240	         -0.07369559	          0.05813139	         -0.03441113	          0.12018874	         -0.03750496	         -0.73810311	          0.08269260	         -1.79098083	         34.43675623	         -6.57925722	          6.55208805	         -2.65243358	         -0.85843041	          6.27390415	         -2.10651084	         -0.51509387	         -1.22619959	          1.95818474	         -0.07318890	         -0.06715421	
          2.04000000	         14.12715128	         20.51649483	          6.82025648	          7.69274441	          4.63331965	          5.88392645	         19.57470327	         33.99935286	         27.16852851	         21.66335205	         37.45887582	         87.93008764	        133.79800569	        395.07491275	         48.15997312	         85.49469585	          9.85695322	        474.44842907	        187.26934026	        172.43999358	         70.00947752	         68.02821407	         63.23040053	         14.39906514	        117.54275874	         47.32451359	         82.17347005	        105.41965102	        187.87042389	        503.34629623	         21.49148966	         33.92605333	         22.46059481	        463.14809495	        111.17853346	        255.28403099	        361.06214439	         44.86306937	        134.07398772	         65.65316929	         12.93527062	         13.91639860	         14.41110944	         22.61335721	          8.51518547	          6.89824178	        152.73147597	         31.40402730	        153.92102719	         45.90644793	         19.56555719	         33.07555536	         79.80291005	        210.82529027	         60.44836662	         42.38464436	         31.51164200	         17.65972462	         22.22378626	         63.79991989	          5.33565452	         10.20368335	         28.39702388	         20.74816526	        288.56165146	         66.74747405	        193.90411702	        478.61576796	        695.55350471	        144.77617870	         99.75253073	        214.36645100	         70.16453648	        292.30013058	         43.87699085	        469.99780870	         72.89945186	         59.28503336	        301.66111558	         98.37542975	          0.05524527	          0.06349887	          0.02460979	          0.01178073	         -0.03917075	          0.00547690	          0.06876075	         -0.07639379	          0.06895717	         -0.03057527	          0.10903583	         -0.01761985	         -0.58083020	          0.11875498	         -7.32541458	         31.79795734	         -2.63421499	          4.67747992	         -3.63650005	         -0.38826551	          5.68523136	         -1.49348944	         -0.46787667	         -1.22854596	          1.76125430	         -0.01389451	         -0.05995785	
          2.06000000	         14.48721404	         21.24286690	          6.79046327	          7.50866300	          4.70230183	          6.03239968	         18.56293300	         33.71864435	         32.17161773	         17.80827660	         35.45207871	         60.89992988	        132.73535543	        391.61062829	         37.04664218	         58.77736931	          9.65879055	        404.23138092	        167.65569932	        158.78145642	         62.56252562	         63.48761704	         61.25399073	         14.43057187	        131.86529849	         45.42059952	         79.84884378	        120.22963144	        193.46184786	        608.49838116	         23.19567710	         31.60826493	         21.45193886	        473.47819574	        106.44748244	        253.82113281	        346.74179378	         44.49581090	        125.48863782	         64.41085305	         13.31682136	         14.47927905	         14.27606717	         22.14065140	          8.55583226	          7.04197089	        149.85072315	         31.75931955	        153.78417732	         43.63204046	         18.90465205	         31.76629395	         78.59784998	        206.08077243	         65.32165469	         49.49938245	         30.90240353	         17.68648353	         22.01672697	         69.98240153	          5.48130267	         10.99545280	         29.61605364	         21.06296406	        268.49272132	         65.10943315	        190.20031327	        421.80071913	        633.14187804	        139.90196543	         89.35977624	        211.38156052	         69.70854652	        276.39428290	         43.75021557	        452.66329854	         74.08150291	         56.47381281	        269.89818306	         92.45892813	          0.06136806	          0.06365908	          0.02736553	          0.01098560	         -0.01299271	          0.00501801	          0.07362719	         -0.07751009	          0.07842981	         -0.02514988	          0.08947966	          0.01756723	         -0.45698256	          0.10036269	        -11.67461820	         30.43037036	         -1.25673306	          2.30785798	         -3.74093824	          0.19923349	          5.21735731	         -0.59763781	         -0.32247755	         -0.98835212	          1.67619847	          0.05291023	         -0.04314104	
          2.08000000	         14.81480208	         21.93105899	          6.73725280	          7.34186564	          4.74879531	          6.17179021	         17.64108650	         33.37812064	         30.48204782	         20.13279284	         10.11694918	         53.43835493	        131.22529757	        386.76733135	         30.06509060	         41.24900780	          9.47623085	        369.21269195	        155.71626451	        177.52769844	         59.66367999	         64.15221780	         66.04133390	         14.42883208	        148.00208574	         43.42347336	         77.12703109	        103.46225915	        202.18717789	        687.90883236	         25.72356747	         29.77367399	         20.56913323	        482.82903233	        107.70786361	        239.57963238	        360.81384318	         44.91426027	        123.06514922	         64.67687283	         13.68397013	         15.01112227	         14.12210388	         21.66253909	          8.57114309	          7.13541010	        146.26121861	         32.05879076	        150.17403819	         41.43699167	         18.47499149	         30.67404081	         77.02563722	        200.40665530	         63.37865741	         46.66798496	         30.19717728	         17.87815423	         22.06176744	         76.64448233	          5.69547990	         12.29423156	         32.81199424	         21.36616337	        261.59129550	         64.77846027	        187.18344947	        381.66997160	        578.65116295	        135.70506765	         83.72856830	        207.88972671	         69.15022552	        259.38361732	         44.61738779	        437.61766410	         74.77142206	         54.39436613	        246.14499336	         88.10366097	          0.06568140	          0.06074379	          0.02685321	          0.01045009	          0.01166808	          0.00008666	          0.07418543	         -0.08148974	          0.08422742	         -0.02152604	          0.07262331	          0.05936519	         -0.35949288	          0.08627643	        -14.81959473	         28.61721115	         -0.60643150	          0.38319142	         -2.61365029	          0.66943222	          4.87619303	         -0.02486431	         -0.15814229	         -0.45594795	          1.61777983	          0.10866930	         -0.02296382	
          2.10000000	         15.07680931	         22.52553442	          6.67751899	          7.12431234	          4.78102568	          6.26918725	         16.70461564	         32.75102864	         21.07214527	         14.48379927	         55.03597326	          7.45859026	        130.92799162	        381.68910688	         32.18204758	         29.85931415	          9.37571014	        347.26993614	        202.69122534	        135.22227755	         55.78297499	         69.60034891	         69.99627333	         14.37633698	        138.09591109	         40.08716274	         72.89783831	         72.10058685	        203.37725994	        621.34384057	         23.57585713	         27.19964905	         19.67300249	        494.64516924	        106.75554122	        191.85029725	        464.41158499	         49.75328746	        153.44139919	         73.33335150	         13.95910133	         15.40785569	         13.92692838	         21.15814449	          8.52850208	          7.21926550	        141.96368425	         32.29598200	        145.80043151	         39.69826582	         18.10068409	         29.81247405	         75.12209929	        193.88039377	         50.86260727	         40.60461759	         29.42120710	         18.11203148	         21.87314106	         67.33263602	          5.80945661	         12.15083599	         33.44335673	         21.60524108	        268.16096081	         63.66225670	        184.70009044	        355.32148646	        577.57309062	        137.32116924	         82.60555009	        203.63449504	         68.40796420	        242.36917918	         46.60484977	        422.68878100	         75.29435110	         54.10605655	        243.61065123	         87.59581462	          0.06668353	          0.05526307	          0.02195415	          0.01257925	          0.02853907	         -0.00450799	          0.06840715	         -0.08827858	          0.08839888	         -0.02080573	          0.06885260	          0.08679989	         -0.28269985	          0.08487996	        -13.89053930	         29.70588097	         -1.85501198	          0.43008996	         -0.98618561	          0.58909211	          4.38487738	         -0.32199169	         -0.12172761	          0.27926394	          1.51194517	          0.12002927	         -0.02190863	
          2.12000000	         15.40241621	         23.14537816	          7.03932340	          9.00759822	          4.96279571	          6.22859848	         18.60787104	         32.21291047	         15.22526639	         11.55856198	         46.30589904	        293.01992722	        120.07113020	        375.04495702	         23.24340994	         64.95386393	          9.75679045	        424.75270003	        160.56457676	         94.06369861	         62.04306955	         57.36377260	         50.42554094	         14.31287992	        130.73800928	         38.33545389	         71.16512792	         50.35439223	        201.90109379	        440.60218101	         19.90388458	         38.12843474	         21.92094249	        486.03652755	         90.79208957	         64.87038818	        557.56407497	         53.95095112	        188.48113731	         81.73320657	         14.18030406	         15.72070560	         13.73587545	         20.66984996	          8.47718600	          7.91416373	        137.27192285	         32.43296320	        141.62353107	         38.11973774	         17.93324557	         29.22349128	         72.77527313	        186.15494523	         38.69402757	         34.74524808	         28.74049193	         18.26060741	         21.31335770	         54.23985885	          5.76222542	         10.66479912	         27.01924350	         21.78343801	        282.44843498	         60.47546946	        183.75896564	        339.20265909	        666.76738272	        141.47097839	         82.64094006	        198.67534755	         67.48564011	        225.50891924	         46.96025054	        407.23826740	         76.14750534	         55.54354626	        265.10901990	         90.83689823	          0.06218616	          0.04809936	          0.01289546	          0.01833488	          0.03398065	         -0.00083747	          0.05592090	         -0.09708247	          0.09492762	         -0.02020127	          0.08340662	          0.08141518	         -0.22224442	          0.10140595	         -8.73836965	         35.72069105	         -4.54224975	          2.27620632	         -0.32276542	         -0.01401810	          3.73281475	         -1.38944459	         -0.26374904	          0.82281499	          1.34001511	          0.08848147	         -0.04411389	
          2.14000000	         15.77214273	         23.91258321	          7.05345213	         10.68057696	          5.06016691	          6.25050771	         17.08725025	         31.62208364	         11.46016781	          8.51774638	         67.53217312	        299.09354930	        286.97663691	        373.29044676	         16.88067248	         45.42605525	          9.49143867	        561.05755091	        121.92215093	         66.02042596	         84.35998733	         54.24422656	         36.96984282	         14.19763377	        127.63741136	         35.79989783	         67.64317440	         34.95203962	        203.06185687	        307.20269105	         17.49290843	        134.72557289	         22.89161905	        788.57446647	         93.24373227	        203.76861086	        700.52598054	         63.36063781	        317.69808246	        101.89198430	         14.22442411	         15.77724900	         13.53447787	         20.21756505	          8.37046017	          8.10495314	        132.56414766	         32.49473048	        138.07189179	         36.78902603	         17.88031454	         28.87223235	         69.74645363	        176.58402097	         30.70193489	         31.69165388	         28.12737621	         18.46029680	         21.28309733	         46.67338706	          5.81057630	         10.23877522	         26.43548873	         21.80920095	        317.54468331	         58.06384031	        183.41529785	        340.14627158	        726.55315133	        151.94956758	         86.39760180	        193.31823530	         66.40729362	        208.16553537	         51.19230869	        390.31860023	         77.59876350	         56.96572961	        279.87654664	         93.63075430	          0.05179026	          0.03971930	          0.00193117	          0.02659033	          0.02977425	          0.01609144	          0.03773983	         -0.10746226	          0.10643001	         -0.01571209	          0.11139625	          0.04801427	         -0.17472938	          0.13237251	         -4.76577166	         41.11510649	         -4.54814592	          3.32417389	         -0.53920777	         -0.33846728	          3.37992357	         -2.45997444	         -0.46506272	          0.98018947	          1.17057232	          0.07555400	         -0.06468850	
          2.16000000	         16.21268798	         24.81510741	          7.08173391	         15.11576587	          5.20148420	          6.30145714	         16.31723983	         31.00574732	          9.04669750	          8.16207043	         80.20048478	        307.43866656	        151.94357003	        357.29746322	         12.62441676	         32.26269666	          9.42876066	        713.26491294	        107.08247155	         47.09889448	        109.26243573	         56.93557129	         27.75002819	         14.12373748	        127.52823880	         35.18795491	         66.91106070	         24.24378035	        205.38399113	        233.37024029	         15.93374176	        200.52185404	         26.22858013	       1465.96930295	         99.05096097	        262.80225366	        799.22136984	         59.52634250	        257.31145718	         93.37230200	         14.09831680	         15.56597481	         13.34931568	         19.83198012	          8.23755192	          7.80666487	        128.15184376	         32.43864182	        135.61959616	         35.63096993	         17.95801678	         28.64916301	         65.84656102	        164.70584221	         25.96576761	         30.97152110	         27.64914864	         18.70567108	         21.47369398	         49.15713396	          5.90104953	         11.25821638	         33.95406198	         21.68484182	        357.42566593	         56.37306432	        182.50009036	        347.38973922	        757.28351504	        166.01120752	         91.38820364	        187.81484604	         65.23706693	        189.76979626	         56.87285831	        370.34548719	         79.61266691	         57.90895954	        285.09019519	         94.99456149	          0.03851783	          0.03174281	         -0.00865053	          0.03637700	          0.02123067	          0.04074103	          0.01571552	         -0.11806523	          0.12223988	         -0.00476231	          0.14387368	          0.00358311	         -0.13751731	          0.17922123	         -2.13631900	         44.47177087	         -3.31513052	          3.47498851	         -0.73788973	         -0.38657205	          3.47837258	         -2.99831105	         -0.61002702	          1.06383460	          1.15387643	          0.08221951	         -0.07735842	
          2.18000000	         16.73897158	         25.85807217	          7.24318140	         14.99175787	          5.40680417	          6.40151237	         16.67255986	         29.38782149	          9.09691309	          7.42829073	         82.70588799	        297.58899416	        287.42217301	        342.27118943	         11.41586087	         36.32739362	          9.52511325	        765.93338099	        117.30270748	         34.54319764	        114.56329308	         57.51140421	         21.06709032	         14.09382400	        126.94498382	         35.50161279	         67.34570619	         16.96895304	        207.54825916	        127.80928928	         15.04771167	        132.72609209	         25.22541191	       1753.54123762	        103.43321624	        239.68147276	        818.46829969	         78.85669711	        263.85121007	        118.08837993	         13.96193101	         15.36354830	         13.20765255	         19.53195459	          8.13456284	          7.80477895	        124.08033173	         31.88698603	        133.35185162	         34.26418796	         18.13728054	         28.49084674	         61.08758962	        150.63388403	         22.66247543	         30.64362257	         27.32226923	         19.01345141	         21.79442645	         47.91195142	          6.07749545	         12.79644925	         35.48869159	         21.47762479	        372.39603205	         54.16379517	        178.43749414	        340.03787463	        742.81167285	        177.75343029	         86.23379784	        182.19711679	         63.99986796	        170.50205842	         59.31238384	        344.32219097	         82.03433885	         60.42153881	        257.50238040	         98.09587666	          0.02499766	          0.02447712	         -0.01743535	          0.04609055	          0.01389838	          0.06351746	         -0.00853693	         -0.12925215	          0.13899322	          0.01267208	          0.17504008	         -0.03545630	         -0.10864061	          0.22465798	         -1.09273947	         46.47300356	         -2.65545961	          3.31148055	         -1.00008531	         -0.40774876	          3.69139546	         -2.80585156	         -0.59952947	          1.07893099	          1.24383631	          0.07597076	         -0.07503577	
          2.20000000	         17.35827539	         27.04362171	          7.29969070	         11.41733719	          5.63796118	          6.56457409	         15.33544620	         29.29343234	          9.36713257	          6.70972929	         76.49667849	        269.42394011	        218.39257345	        329.29066527	         12.18457578	         28.09230451	          9.59909467	        671.65958668	        150.48318652	         26.58006367	        103.23201624	         59.83882439	         26.61135872	         14.10961108	        130.61886200	         36.29813571	         68.34636544	         13.80914494	        209.85028317	        234.46949249	         15.89774237	         88.41838795	         21.10590819	       2049.65074841	        110.24127090	        163.94484961	        766.30417681	         58.05030019	        189.81516186	         86.42735257	         13.86439399	         15.22351964	         13.12131625	         19.32648381	          8.07694617	          7.96182050	        120.24643953	         29.94560842	        130.67105067	         32.53898805	         18.42905249	         28.35334470	         55.79925396	        135.27182756	         21.06216218	         30.68994192	         27.13505919	         19.50991258	         22.54962348	         44.17186887	          6.56439658	         14.66353606	         33.23166478	         21.22027859	        348.30757928	         52.09773299	        171.00639816	        307.81463260	        638.84027354	        179.54253820	         69.47380684	        176.38544901	         62.69748834	        151.46097945	         57.79368280	        312.79652379	         84.63702481	         62.50688033	        192.98906433	         91.91590422	          0.01329942	          0.01687092	         -0.02450671	          0.05448189	          0.01112059	          0.07778120	         -0.03302204	         -0.14157250	          0.15187430	          0.03342691	          0.20518940	         -0.05982399	         -0.08677853	          0.25142602	         -3.25218002	         46.19994480	         -1.10440692	          2.38838221	         -1.16756167	         -0.12480109	          3.68350916	         -2.21869406	         -0.45018440	          0.87905976	          1.21946021	          0.05242213	         -0.04615361	
          2.22000000	         17.86713650	         28.17334029	          7.28989161	          9.09722207	          5.77209482	          6.57349083	         14.79370569	         33.49143705	          9.66860982	          7.16317590	         67.40527493	        237.04577051	        204.70274872	        436.00584116	         11.28604237	         20.93447648	          9.58472153	        447.64418161	        141.08199271	         21.46071281	         85.39723049	         71.15422292	         24.51256531	         14.00238326	        134.40073633	         37.22682773	         69.42624451	         11.38701952	        210.90474693	        557.60928257	         16.90237676	         59.85702076	         18.76329630	       2040.27222678	        117.19359571	        151.69933873	        682.20644008	         43.24560842	        139.81390250	         64.40376139	         13.94353371	         16.74003818	         12.93427253	         19.04489751	          7.90546516	          9.45448528	        115.98601689	         26.81773225	        128.23501289	         30.62440711	         18.75159787	         28.18771087	         50.25260653	        119.75726237	         19.39002827	         30.29087406	         26.81378938	         19.89824361	         22.68051850	         39.68755135	          6.92890442	         15.39943470	         28.57564811	         20.69424629	        265.33833519	         47.61031095	        162.33887853	        231.76852239	        478.87915964	        151.56478929	         53.23690792	        169.65990613	         61.09219311	        134.26121947	         46.10861233	        276.80562586	         87.27384136	         47.80067359	        139.95753245	         68.67723491	          0.00645218	          0.00836120	         -0.03105802	          0.06221579	          0.01248120	          0.08452568	         -0.05470849	         -0.15339342	          0.15676672	          0.05325261	          0.24332564	         -0.07157471	         -0.07140864	          0.26013857	         -8.75740828	         45.87711380	          1.65066070	          1.05812601	         -0.35976099	          0.45105671	          3.10789976	         -1.72511653	         -0.25683594	          0.85714666	          0.96666899	          0.03780601	         -0.00852032	
          2.24000000	         18.98360835	         28.61149255	          7.59813524	          8.09908997	          6.26551161	          7.18485713	         14.51969787	         33.05859939	         10.14962261	          7.20393390	         58.75654244	        208.26320229	        217.41805906	        387.65510264	         11.38706311	         15.85983935	          9.85385255	        298.51009329	         96.17975330	         36.58821151	         58.72154848	         49.78049639	         28.92123817	         14.54370132	        202.28277267	         38.28715467	         70.59398534	         18.68866570	        241.78382692	        872.80838164	         27.20955873	         41.44811266	         16.65410413	       2028.55948195	         91.48896170	        114.70585336	        592.30591601	         33.50818516	        106.54129565	         49.79155780	         16.16891700	         20.45276943	         13.40936542	         19.25012998	          8.96948629	         11.70301337	        113.49250025	         49.83809371	        124.71361377	         28.92241572	         19.22969208	         28.28518621	         46.30650616	        107.07692245	         23.17510566	         32.69082496	         27.17417698	         22.77600317	         26.51006191	         40.94042732	          8.64511064	         14.17790129	         22.63767865	         22.28758726	        185.27945418	         47.49125510	        154.41020260	        162.10085476	        341.84521176	        126.52288085	         37.90218098	        164.68660075	         61.15464230	        120.86536476	         33.06650720	        248.03816817	         90.28112055	         34.95749933	        102.45850783	         50.45185327	          0.00767129	         -0.00113460	         -0.03887319	          0.07091868	          0.01601279	          0.08645930	         -0.06994908	         -0.16278390	          0.15045485	          0.07139180	          0.30324780	         -0.08035535	         -0.06244564	          0.26067462	        -15.26522366	         45.95107109	          4.53333135	         -0.08099346	          0.54473189	          0.73658922	          2.41008356	         -1.21737201	         -0.07986022	          0.98820238	          0.75931369	          0.04342474	          0.00365849	
          2.26000000	         28.14509434	        104.32767093	          7.87944636	          8.31208211	          7.14079667	         18.75937021	         14.47993076	         30.34031886	         10.34396653	          7.07051240	         54.83639184	        192.30543173	        162.52286226	        344.15809682	         11.91552053	         14.97395568	         10.16067430	        200.08845332	         66.69096471	         70.62310107	         40.97978959	         35.50517166	         31.82980383	         16.33033060	        203.64788807	         39.16816536	         71.43060112	         52.61932871	        344.33006603	       1092.84195767	         31.22305774	         29.59456825	         16.23574285	       2055.96884501	         63.04647701	         83.69922265	        520.69745653	         36.46658428	         91.83337635	         49.42300243	         20.82833098	         30.19308305	         15.51290208	         20.23998857	         11.88276028	         16.28788937	        123.62182453	         44.59148766	        123.26658485	         27.55151334	         19.65113990	         28.33238011	         42.27747403	         96.25992581	         28.88872717	         41.29959335	         32.21944821	         22.81133914	         26.01375806	         39.45102881	          8.19698808	         12.32758853	         18.71456220	         24.35712789	        133.84591053	         42.85599599	        149.55706967	        114.39849480	        254.58805331	        104.24347138	         27.82948923	        184.28055691	         63.21916408	        112.01425836	         23.88527295	        220.81418083	         93.51100322	         26.68957718	         77.12809066	         38.53232513	          0.01836999	         -0.01168534	         -0.04818159	          0.08065776	          0.01936441	          0.08600781	         -0.07318683	         -0.16916592	          0.13296507	          0.09033090	          0.39956357	         -0.08518055	         -0.05972141	          0.26008210	        -20.44312958	         48.51416249	          5.31946343	         -0.55350600	          0.39065822	          0.51414819	          1.89326838	         -0.87555730	          0.02996055	          0.96804752	          0.68136476	          0.05943240	         -0.00969111	
          2.28000000	         46.68081365	        177.64841290	          8.21610923	          8.65763355	          8.29600190	         34.18370924	         14.61127663	         29.05191487	         10.70823869	          7.07167191	         47.10803545	        161.99567798	        200.04529107	        285.98255924	         12.01604576	         15.10160234	         10.47702998	        135.49545034	         47.36999200	         83.04573257	         29.18670187	         25.93861602	         28.81248489	         18.75231099	        175.58915862	         39.85854103	         72.14624988	        130.91012138	        331.83590273	       1209.25542950	         29.47356351	         21.67102805	         16.08799169	       2043.34624064	         45.47203122	         60.54056637	        423.16843373	         42.03270692	        101.29917786	         56.95220131	         23.92919553	         39.29167355	         14.78630731	         18.94814213	         12.52305267	         19.33084666	        131.58668398	         44.78013739	        122.27292679	         26.53328190	         20.19883069	         28.67837420	         40.50324811	         90.17191835	         29.94483148	         43.88431346	         35.08173437	         22.25932464	         24.96899534	         37.85048334	          7.52479215	         11.07474905	         16.43332974	         24.99217626	        100.79150666	         44.58860693	        149.17567029	         91.60914430	        195.97216127	         84.08523506	         23.81347048	        186.81076032	         61.93139428	        107.77839404	         17.64143203	        206.70189274	         97.38487203	         22.88876372	         65.66071351	         33.13172404	          0.03899143	         -0.02324859	         -0.05872224	          0.09038422	          0.02111701	          0.08351850	         -0.06121593	         -0.17488624	          0.10780194	          0.11188890	          0.55022288	         -0.08425286	         -0.06273215	          0.26462233	        -21.80191009	         52.29343208	          4.31587094	         -0.37783145	         -0.38366170	          0.07368683	          2.29626373	         -0.72429051	         -0.02117869	          0.88567415	          0.87283439	          0.07721019	         -0.03903093	
          2.30000000	         66.87789352	        153.75535983	         10.64847607	          9.32290271	         19.68366413	         60.39951153	         16.63604736	         27.45003305	         11.49146694	          7.40434919	         33.75412072	        110.99466017	        145.82629587	        451.93023076	         42.19784974	         18.22196104	         16.55328417	         93.19095062	         34.90084279	        133.72724051	         21.30164636	         19.51814076	         26.56127424	         26.43871498	        156.05450010	         40.37795629	         69.55111932	        113.56114118	        292.00949702	       1244.24755652	         24.26896593	         21.57960231	         16.38804007	       1931.02960405	         34.43292509	         44.81048986	        315.56599322	         48.12673204	        125.09340327	         66.41330775	         23.05264440	         37.69809388	         13.92113950	         17.67196897	         11.55183946	         19.96087413	        109.05974480	         42.33649115	        124.48166172	         26.59913001	         20.48080086	         28.83028356	         39.29848820	         86.70124301	         31.40458904	         43.44016961	         32.50903413	         22.58954299	         24.57616698	         36.58536136	          7.23487692	         10.55393810	         15.35540068	         25.74770281	         79.43825074	         41.38076506	        161.26061936	        110.47028669	        203.80009958	         66.00770274	         25.19359301	        187.11628069	         58.02658793	        107.09392893	         13.40980404	        201.41381938	        101.35674056	         22.57854660	         65.12663169	         32.85589771	          0.06668269	         -0.03655633	         -0.06795138	          0.09881304	          0.02207228	          0.07671723	         -0.03430609	         -0.18461081	          0.07714558	          0.13672073	          0.77105820	         -0.07541190	         -0.07030682	          0.27666438	        -18.07319991	         54.74963427	          2.59786742	          0.54769379	         -0.93177674	         -0.23075877	          3.64879133	         -0.89943877	         -0.30815224	          0.98703716	          1.25912953	          0.07457683	         -0.06972546	
          2.32000000	         58.07065610	        105.53439966	         12.77544287	         10.08647674	         25.97555713	         55.59009730	         25.02938960	         29.15598636	         17.70886441	          7.53935891	         25.31606669	         78.47415058	        119.15628323	        575.43796919	         75.08019387	         22.20581084	         49.72705362	         65.46722196	         27.40671838	        142.33106028	         15.97833871	         15.43245172	         25.69792724	         27.49502271	        142.23218840	         50.46445958	        104.40432095	         65.08281593	        270.46866126	       1340.35125878	         22.00323807	         22.64183866	         17.45738755	       1781.70867363	         27.33533463	         34.42602751	        182.46676357	         40.55796390	        104.57730983	         56.10693368	         17.90534477	         26.66342143	         11.55306796	         15.78067898	          8.56859332	         13.86453278	        183.50644146	         84.57026403	        122.36177343	         27.34112174	         20.96297937	         29.28085180	         43.18172382	         92.45695691	         27.77649970	         35.02338592	         25.33902226	         25.15886648	         27.48642905	         45.32289848	          8.50713062	         12.64311282	         19.15815078	         27.21451864	         71.59952732	         60.82398929	        161.93614385	        127.19735927	        181.63696623	         50.48260440	         35.18475732	        120.47844631	         77.51548066	        109.73675417	         11.37193270	        211.39071221	        105.39500142	         20.83693785	         62.37548032	         30.98059225	          0.09494121	         -0.05420593	         -0.07224544	          0.10521584	          0.02388197	          0.06422934	          0.00183162	         -0.20425114	          0.04053346	          0.16339899	          1.05456330	         -0.05709931	         -0.08079066	          0.28945455	        -10.86637170	         50.86945167	          3.18725857	          1.74520506	         -0.66826742	         -0.09589804	          5.34457291	         -1.07375988	         -0.69737039	          1.34383014	          1.72028421	          0.02534357	         -0.07758274	
          2.34000000	        103.39487361	        171.58951006	         10.88586970	         10.00901496	         45.15364998	         96.37305671	         19.39676058	         27.21598424	         19.00664299	          7.75191513	         20.18279594	         56.14494891	        184.30235529	        478.18264068	         57.92052814	         17.71513202	         36.63999094	         47.21155841	         21.62849094	        159.05886916	         12.33671658	         12.74803610	         21.65133747	         44.07299236	        132.82875960	         62.23006684	        188.97776349	        111.44324502	        244.74859312	       1549.41743466	         26.65506853	         21.22090682	         15.95984322	       1583.64009042	         22.51107775	         27.92425735	        154.53331697	         37.57750275	        102.59084369	         52.72436977	         23.08780511	         44.39834286	         11.53605372	         14.38190915	         11.12375572	         38.44802505	         48.14349982	         60.65773507	        110.83302567	         24.49574263	         21.33369866	         29.59465948	         39.94607107	         88.21014915	         73.63721938	        113.83206103	         50.19423012	         24.08486795	         25.19080563	         41.10964524	          7.54176676	         11.14931087	         17.07502238	         32.84665530	         61.70640811	         47.50885978	        149.55030086	        268.37890783	        312.14161597	         38.10188721	         45.60739216	        644.11732637	         62.67696471	        115.39011584	          9.31329294	        179.16477614	        108.68562796	         20.41324691	         60.45049913	         30.32567024	          0.11652572	         -0.07805351	         -0.07102453	          0.10989185	          0.02552420	          0.04830414	          0.03815495	         -0.23652946	         -0.00194445	          0.18928585	          1.34170369	         -0.02913671	         -0.09228453	          0.29012846	         -3.45374454	         39.93566625	          6.72782446	          2.53695409	          0.00607900	          0.15756488	          7.11801137	         -0.23403054	         -0.87216396	          1.79042513	          2.43381248	         -0.03819579	         -0.06748916	
          2.36000000	        188.86977579	        537.81870366	          9.74547009	         10.44799360	         46.58732677	        213.86194135	         16.69549369	         22.78550324	         16.32278716	          7.68907296	         17.74995106	         46.46688313	         25.54166512	        359.58451345	         42.06952524	         16.63609856	         25.01108284	         35.05942318	         17.61762845	        384.18079828	          9.80463369	         10.70772124	         70.68165709	         35.64310668	        151.27570714	         50.49785454	        140.61510214	        174.74531435	        638.50234219	       1809.69588287	         49.68080185	         20.74171838	         15.44986420	       1533.45495707	         19.09729249	         24.50689610	         66.62672555	         50.01808539	        140.28964982	         71.01148619	         25.52005009	         30.81708604	         10.40260001	         13.39356542	          8.54552198	         25.01908758	        924.63585170	        107.99213782	         97.66094181	         25.34891299	         21.79601884	         30.44792073	         69.28522058	        134.81471782	         48.59678573	         70.53411246	         29.71419862	         25.25219453	         26.08133924	         39.73632942	          8.22758021	         12.18028640	         18.23506225	         30.84941548	         59.38886260	         34.57106746	        101.84257073	        246.45551037	        367.46123939	         30.02216888	         52.21636996	        575.19903334	         83.86467020	        123.55197677	          9.56620516	        188.56753147	        111.38499415	         19.37155220	         57.76437110	         28.98710277	          0.12838409	         -0.10692407	         -0.06810942	          0.11345724	          0.02555496	          0.03074003	          0.07063897	         -0.27717671	         -0.04488150	          0.21244049	          1.52016709	          0.00558716	         -0.09937158	          0.26343721	          2.90091985	         24.63292859	         11.86306276	          2.53625323	         -0.57192958	         -0.07429370	          9.26341899	          1.95101428	         -0.75093095	          1.82023712	          3.54808895	         -0.08593158	         -0.06063726	
          2.38000000	        293.72677772	        610.73516097	          9.58135406	         11.09492730	        100.69138035	        328.77884445	          5.97958329	         36.19430319	         16.65541118	          9.18610246	         24.55667821	         57.70307365	        347.13593387	        307.39199253	         61.66841563	         17.27942461	        189.46521948	         26.76797099	         15.51944051	        395.43080377	          8.37179894	          9.19149538	         53.95155718	         99.48815025	        132.69361530	         41.88474640	         92.45141569	        167.12067514	        533.52199965	       1901.05661923	         56.25357700	         20.38546170	         15.08449399	        942.26071440	         16.18292790	         33.60254583	        141.53384973	         42.55340527	        121.33613847	         61.02780415	         88.99601787	        249.56905573	         17.20148236	         12.57163224	         44.26382945	         83.43041826	        551.66996017	         86.50880094	         19.91831139	         21.74308388	         24.30119343	         31.39528978	         65.59897165	        129.05535783	        123.40610671	        248.22476034	        305.90912385	         25.57161763	         25.74368154	         37.77647426	          8.11598005	         11.72988580	         17.07445203	         71.57299436	         55.20144979	         25.70822666	         76.70828842	        284.13211018	        339.09592878	          9.94527221	         42.64248170	        603.65216421	        106.19071626	        133.32229036	          8.83929594	        311.94197367	        112.17277156	         17.25259148	         52.21290278	         26.54681895	          0.13109205	         -0.13671318	         -0.06386886	          0.11631663	          0.01499782	          0.00586527	          0.10046767	         -0.32048480	         -0.08118202	          0.23054882	          1.51972596	          0.03859859	         -0.09997501	          0.20853519	          6.64656471	          8.62684515	          5.82443751	          3.83630788	         -1.07769891	         -0.58917916	          9.82596171	          2.24569088	         -0.83961460	          2.10884903	          3.84915233	         -0.09604219	         -0.07662934	
          2.40000000	        199.72177492	        432.43351794	         54.81448288	         12.73299035	        133.22373667	        222.15138520	        239.70363993	         27.40441285	         17.09401326	          9.20120440	         22.47688315	         53.16850630	         53.55014757	        333.65032946	         43.92276859	         18.49649837	        144.71254984	         20.99381786	         15.59476885	        274.20455891	          8.00070427	          8.90897784	         36.96452827	         68.43596026	        117.87595038	         35.62305928	         94.04881112	        123.15630307	        408.38079240	       1350.14329084	         39.44768815	         23.30958675	         22.01421146	       1049.92264964	         14.68267090	         32.34623721	        102.50541843	         42.50704288	        128.63692082	         62.76281333	        121.87895302	        225.45382453	         66.25665477	         14.27093039	         71.17638752	         76.00074613	        443.75025750	         64.42135101	        122.89002952	         23.84386052	         24.99013145	         35.31963917	         58.01979153	        119.76284944	         84.88052479	        167.55214338	        238.03647066	         26.22346678	         25.98435909	         37.09134707	          8.38738432	         12.17300826	         17.53166428	         52.21954825	         52.97249800	         15.72648718	         44.56321901	        207.94379250	        257.15865615	        222.79806556	         31.50512597	        341.06162271	         81.68218543	        143.38979269	          9.37269663	        390.40626349	        122.57210185	         48.94084175	        135.92051524	         64.84572728	          0.13208851	         -0.16167208	         -0.05961939	          0.11763683	          0.00849679	         -0.02560222	          0.11272932	         -0.35582051	         -0.10453291	          0.23874582	          1.31635979	          0.06445862	         -0.10147971	          0.11305011	         11.55926254	          1.94527860	         -3.33948276	          4.91448382	         -1.48489569	         -0.97599340	          8.58112740	          1.34368732	         -0.89185832	          2.33733863	          3.34576122	         -0.08140596	         -0.08554543	
          2.42000000	        139.10534332	        291.90605602	         49.34447446	         30.99934621	        113.34306908	        150.20431444	        149.66338835	         21.07088525	         17.37494798	          8.95841210	         16.51680384	         53.95424689	        204.31609540	        264.15076508	         31.91103464	         30.73902479	        221.78115156	         20.58943248	         16.35723783	        189.40048536	          9.32031837	          9.32080386	         25.40675338	         48.77371249	        105.21552507	         38.71261198	         87.44436268	        106.82113926	        325.50400796	        888.00764417	         28.38616024	         78.72086743	         37.64613818	        735.31990961	         13.80613866	         33.42302144	         77.99445599	         82.63385705	        229.57899050	        117.24310653	         86.17303471	        156.90173025	         45.08699808	         10.07709291	         47.35743688	         51.21720546	        240.79150243	         50.12023582	        126.38080180	         44.08774605	         22.56638667	         31.22496346	         56.60944665	        128.56435770	         58.50186789	        114.11601985	        158.42583581	         25.52895009	         25.72995532	         33.87289016	          8.58363978	         12.49719397	         17.94336662	         39.17311453	        144.47628328	         38.01102785	         65.71529104	        143.77020423	        253.56263444	        182.11675073	         24.39510576	        311.51346586	         64.15080507	        152.55811430	         10.12689587	        519.06256256	        112.47114001	         60.31602497	        386.61629887	        108.31355241	          0.13185394	         -0.17518731	         -0.05595632	          0.11396125	          0.00416083	         -0.05268842	          0.11476731	         -0.37208185	         -0.11530367	          0.23047938	          0.97926076	          0.06932840	         -0.10422263	         -0.03350910	         19.80006155	          2.70724485	        -10.22428290	          5.29065211	         -1.86495845	         -1.17046904	          6.98570177	         -0.05376188	         -1.00128776	          2.44889256	          2.65061072	         -0.06202352	         -0.09436277	
          2.44000000	        104.20811402	        190.03160083	         35.46489221	         23.89274527	         82.65483818	        102.09554596	        252.79630447	         14.88760503	          8.10111611	          6.54483800	         28.27148958	         55.30165684	        119.94942420	        288.12874349	         24.86627320	         32.86763722	        256.59805407	         20.55606385	         17.12230923	        131.27008544	          8.18168226	          8.86864770	         17.89575942	         32.00716225	         94.34968352	         33.00632751	         80.76505841	         35.89396770	        271.15368915	        651.66012119	         20.50554156	         54.32495265	         28.29091113	        466.11897037	         12.22154903	         36.34885861	         98.03342821	         68.25445589	        192.63117726	         97.60993277	         59.65276437	        107.44266514	         31.03079629	         57.74281756	         31.54746519	         34.64894290	        233.17289569	         41.04888753	        149.50030446	         49.53973421	         19.51385741	         29.72531189	         60.69249826	        139.85229748	         40.71282967	         75.24759805	        106.45298287	        134.20887946	         44.60111871	         37.98561614	         35.63962656	         25.49829041	         23.69767588	         30.38074816	        113.18396110	         32.82905966	         52.62963314	        103.35996657	        207.00778867	        127.05421274	         19.59619244	         78.46481735	         58.19810450	        161.38097304	         10.88696490	        586.20702702	        106.38458491	         64.29602793	        432.62866089	        117.12132709	          0.12960571	         -0.17410786	         -0.05167050	          0.10196389	         -0.00258182	         -0.07387670	          0.10750779	         -0.36830995	         -0.11469793	          0.19999856	          0.62142187	          0.05879383	         -0.10714197	         -0.21297045	         29.89766600	          2.81470003	        -14.30422984	          5.25073947	         -1.86496808	         -1.10352009	          5.06190462	         -1.71298867	         -1.15592595	          2.50971901	          1.83224127	         -0.03967603	         -0.10061230	
          2.46000000	         89.84744195	        193.79480083	         25.88818260	         19.13459110	         56.56263951	         56.81175431	        208.67486943	         83.38584548	        144.01062780	         38.77782877	         20.74426146	         39.08847831	         79.05260161	        175.73214944	         18.83978868	         25.16779428	        170.20447024	         18.20708777	         15.85774679	         86.46854336	          6.77604759	          8.16497361	         12.29830282	         69.52212700	         93.31528552	         27.09042557	         35.45538557	        158.80307984	        202.47743095	        834.31957817	         38.68464488	         37.62624000	         21.84926291	        333.11402469	         11.62430631	         28.04980947	         72.18786811	         59.45906939	        170.97043839	         85.63412948	         41.92762653	         74.29593912	         21.72474895	         40.93463425	         21.22126095	         23.68338477	         48.41054624	         34.87692479	        119.41361911	         44.37358820	         25.87597865	         31.82853440	         64.37130622	        150.36677544	         66.79137054	        167.06056228	         72.65579116	        454.68969393	        150.52010532	        125.14575088	         56.53656092	         51.63947850	         52.14566279	         24.50841090	         94.02345146	         24.54919256	         40.34435490	         78.48410350	        178.78968567	         89.74291094	         16.54826503	        627.09588695	         43.71037858	        168.61074773	         60.36088682	        570.42696731	         92.14320706	         68.11571598	        353.91733493	        116.19189773	          0.12449814	         -0.16208017	         -0.04573276	          0.08210351	         -0.01624023	         -0.08928341	          0.08899679	         -0.34569821	         -0.10335962	          0.14439308	          0.32082215	          0.05235691	         -0.10912093	         -0.40400638	         39.28586506	          4.73416787	         -6.39575728	          3.84315941	         -2.84854570	         -1.05917200	          4.61685171	         -1.59513978	         -1.12149332	          2.04584977	          1.73622440	         -0.03958124	         -0.09487414	
          2.48000000	         90.01708868	        127.54218677	         19.45538698	         16.07171367	         38.86778082	        346.44267686	         75.63037193	         54.12596768	        146.00581888	         18.17515097	         16.02138012	         29.09868653	         56.45765582	        135.89066753	         15.62053022	         20.96694114	        243.53130080	         17.71381324	         15.56454283	        165.94847095	          6.31434941	          7.34250831	         35.25799609	         63.18259665	         83.50647566	         39.76506877	        243.06237060	        260.20012024	        903.03841738	       1323.33056732	         99.66668872	         26.61065305	         17.51121079	        271.13165045	         10.42112606	        469.90105769	         56.74145839	         58.81991150	        176.57616866	         86.18839189	         29.99810577	         51.95455124	         15.55605394	         21.05993324	         14.43643362	         16.37528497	        437.17244499	         45.50785931	         83.17334278	         32.12392512	         17.52771540	         25.98794836	         67.45851998	        158.93871315	         58.10540248	        196.05304510	         50.57333879	        853.92146607	        298.65858247	        185.87297746	        108.48542134	         91.67802921	         77.84207996	         20.57464476	         82.59931725	         18.90683571	         32.31567575	         63.54957651	        162.14508102	         65.01455789	         14.72054922	        973.10955232	        121.22063185	        173.05692511	         54.06088098	        476.36842390	        246.50004370	         46.66505385	        239.91188072	         80.08538581	          0.11576179	         -0.14609114	         -0.03960496	          0.05726640	         -0.03771644	         -0.09759447	          0.06257294	         -0.30709778	         -0.08203094	          0.06546367	          0.11923643	          0.05011257	         -0.10860991	         -0.57984550	         44.83896625	          3.65923779	          5.54721496	          1.46481971	         -3.71728935	         -0.89511342	          5.14277089	         -0.06381971	         -0.88382914	          1.42751690	          2.24868449	         -0.04390180	         -0.07725109	
          2.50000000	         96.28988728	        136.94706994	         15.24185579	         16.00511340	         27.18103512	        325.87102134	        228.48689012	         70.74222715	        181.15680488	         57.07177955	         12.96005924	         23.40122901	         45.10949652	        108.64147903	         14.60547355	         21.47666163	        168.01951463	         17.73482266	         15.78571035	        115.56064369	          6.21680861	          7.28620129	         25.54829330	        112.24400117	         75.96249460	         74.83287799	        190.88706477	        304.65091987	        809.57085023	       1522.54865059	        138.99543050	         20.18882253	         14.78265786	        233.54707971	          9.87576555	        534.80246849	         47.44549030	         61.86321539	        185.25984244	         90.43065591	         21.95537614	         36.88771830	         12.77694943	        106.61577216	          9.96130147	         11.46642230	        296.29507263	         38.74067363	         57.91751450	         29.41427440	         55.49725488	         66.64477172	         68.89772659	        164.14432711	         42.78403338	        211.79838457	         35.98568715	        988.93267109	        352.55984048	        136.48992560	        112.51765159	         91.76272608	         63.92401013	         17.93404874	         75.92699824	         14.97588046	         26.68036701	         54.71181570	        152.70997773	         48.47318289	         13.52970750	       1076.43343108	        145.48895329	        175.10182914	         31.27724201	        442.45090401	        356.33751276	         44.59351310	        190.83196056	         66.48823682	          0.10335238	         -0.13251052	         -0.03463953	          0.03179836	         -0.05910948	         -0.08807244	          0.03776626	         -0.24867686	         -0.05632861	         -0.02744062	          0.02295709	          0.05599276	         -0.10316395	         -0.61881102	         42.56891294	         -0.85481942	          5.22744294	          0.86215636	         -3.54841112	         -0.77274795	          4.77726012	          0.22687467	         -0.77635086	          1.46301826	          2.36295988	         -0.04241967	         -0.06966536	
          2.52000000	         73.14728986	        128.63785319	         12.89032438	         16.56828171	         19.47121308	        211.39186262	        220.39305145	        123.38052309	        172.25834620	         39.72217193	         12.56401527	         20.97590434	         38.08287060	         98.74993797	         14.53987370	         21.93459575	        115.39630068	         17.95926966	         16.21092085	         81.69654174	          6.24190937	          7.45371905	         18.68371068	         82.69945776	         85.89044443	         53.60911490	        143.87370995	        280.50022827	        567.64630651	       1067.61125508	        109.01161369	         21.74522920	         15.60045450	        198.01934822	          9.94909653	        429.82699539	         43.86591336	         63.85371828	        191.20288536	         93.21895183	         16.57382302	         26.81670290	         10.78608557	         72.12425029	          7.01465220	          8.16434442	        195.66241245	         35.13689576	         41.57902866	         31.96262455	         41.60349595	        115.11397130	         69.33573089	        166.68166844	         30.97090511	        144.57788526	         26.05848003	        963.97308267	        213.65331767	         97.79783426	        137.71392321	         77.80304547	         46.99035274	         16.17536277	         76.68809670	         12.29644478	         25.96091435	         49.49636191	        147.75298978	         37.14880770	         13.48838982	        872.48368491	        104.17290855	        175.47718180	         63.24225584	        443.29497070	        404.84698289	         56.41525809	        310.67619131	         97.09274773	          0.09022803	         -0.12023574	         -0.03213832	          0.00989898	         -0.06960721	         -0.07594709	          0.02034863	         -0.17794973	         -0.03030429	         -0.10990438	          0.00290266	          0.06229222	         -0.09121421	         -0.49692117	         36.39460747	         -3.50204148	         -1.73650108	          1.31839704	         -3.06134956	         -0.64350608	          3.55987050	         -0.57029753	         -0.73400326	          1.73588477	          2.00923541	         -0.03209095	         -0.06360926	
          2.54000000	         60.34190739	         91.65471858	         13.13862951	         17.02297282	         21.73926554	        179.01349856	        211.54933400	         85.33733443	        152.78527405	         37.48916306	         12.52526765	         21.53160941	         31.77766918	         82.82155523	         15.24612684	         22.75278762	         82.23225750	         18.24989960	         16.57892234	         58.92710089	          6.26974947	          7.51124687	         13.83630107	         81.09962022	         75.98431671	         49.31112623	        117.06311923	        301.44932221	        540.07665295	        902.66216947	         90.96536683	         22.87756995	         15.63691104	        172.17191056	          9.45363222	        370.71368630	         46.69561252	         65.16871319	        194.54835707	         94.93693114	         12.98452785	         20.14206512	          8.96984632	         49.06913891	          5.10603138	          5.96802382	        140.67304100	         33.66177442	         28.91524831	         26.37552188	         41.43847405	        102.17086732	         69.79254536	        166.50537458	         24.49942812	        106.90978266	         19.29812154	        898.24877381	        300.13530428	        113.26735282	        112.75889821	         83.58558944	         60.48952055	         15.22067075	         74.02255169	         11.21034465	         26.23560534	         48.50413692	        145.54484676	         33.67764103	         13.72610148	        770.95526515	         78.72488779	        167.38996207	         66.44477492	        355.63104132	        398.12839051	         65.28368494	        303.90901518	        111.28315385	          0.07950713	         -0.10837492	         -0.03230905	         -0.00554154	         -0.06864501	         -0.05809444	          0.01138213	         -0.10243064	         -0.00175342	         -0.16597058	          0.02427360	          0.05738194	         -0.07256550	         -0.39787421	         31.49138309	         -0.23239751	         -1.25274794	          0.82575753	         -3.07498953	         -0.45101178	          3.20136068	         -0.68197879	         -0.63818247	          1.60437633	          1.89468742	         -0.02294572	         -0.04919245	
          2.56000000	         45.58111817	         67.03949588	         13.75514496	         17.48738409	         17.23335747	        119.29520377	        148.38686893	         75.13428922	        129.89755156	         31.79075227	         12.92811757	         22.41590425	         26.58156940	         68.66168198	         15.38203834	         23.34398693	         58.80610152	         18.59340791	         16.93676705	         43.65606710	          6.33227463	          7.57488920	         10.19136953	         64.70887444	         68.53284178	         43.54328261	         99.91901889	        309.15794860	        502.62482162	        656.31361683	         79.49178598	         25.02471652	         17.00321759	        156.83868595	          9.24268674	        314.68963778	         49.50744443	         65.30633951	        194.74060472	         95.08134025	         11.68213189	         15.70911460	          7.70795000	         33.61203908	          4.71728436	          5.38710543	         98.38368993	         32.25964029	         27.55230846	         20.11824783	         31.36101668	         73.18968227	         66.57671099	        164.22703271	         51.17815193	        169.99660352	         14.74516826	        899.62788199	        314.74417473	        198.36297984	        110.93614999	         90.15390854	         74.23360877	         15.06757432	         74.61659258	         19.42373667	         20.93608202	         47.67723728	        147.64966057	         35.32840632	         14.03245246	        573.81391280	         60.32115025	        214.11164094	         81.87324101	        250.62782961	        277.45224465	         54.46447695	        213.06485243	         85.07673500	          0.07154691	         -0.09649033	         -0.03402073	         -0.01339224	         -0.06197434	         -0.03619801	          0.01075488	         -0.02739682	          0.02841191	         -0.19128048	          0.06546648	          0.05204861	         -0.03797441	         -0.30493093	         30.24428266	          7.42723334	          2.61876003	          0.18193315	         -3.08935763	         -0.27881593	          3.17376103	         -0.45457689	         -0.53686323	          1.45977122	          1.88928333	         -0.01777262	         -0.03526479	
          2.58000000	         35.39683274	         50.62755627	         13.28258115	         17.83381559	         12.86462479	         79.74547285	        105.34244470	         99.74568936	        113.77018109	         30.03370688	         13.31590192	         23.23620803	         23.01374898	         56.89900696	         16.47142468	         23.73712367	         43.30406659	         19.06748589	         17.50958270	         35.50793324	          6.50627844	          7.88897315	         16.29487079	         46.69043799	         84.93778041	         44.37399031	         95.74412317	        295.53238658	        413.04410434	        465.43880790	         88.40629564	         27.19180878	         17.26476280	        177.91425649	          7.16956651	        292.91170887	         52.28047336	         63.94219659	        191.40877983	         93.28732280	         11.59494654	         15.35666310	          7.23439854	         23.31269221	          4.55677964	          5.35009545	         70.93745670	         38.82362163	         22.04747679	         16.29372210	         25.67674386	         54.20724912	        130.10712606	        208.35238298	        107.28337861	        229.94202876	         12.82471767	        933.04663949	        352.49113531	        260.62655987	        114.91923072	        103.27131169	         95.22038164	         14.94750103	         76.90124200	         14.01402980	        132.34081002	        112.22484825	        150.35325069	         35.67926797	         16.00149057	        429.32014439	         48.05300036	        184.29966749	         98.52032333	        178.84937728	        201.02745814	         38.17982024	        146.47087462	         59.50270853	          0.06564813	         -0.08547430	         -0.03549593	         -0.01585288	         -0.05659960	         -0.01174267	          0.01398999	          0.04434066	          0.05371474	         -0.19268436	          0.11145169	          0.05444157	          0.01427164	         -0.22591436	         33.13372321	         16.32064083	          7.64065714	         -0.49182877	         -3.52725730	         -0.43874200	          3.69419537	          0.34783894	         -0.42572212	          1.36523600	          2.19171271	         -0.02714764	         -0.03017117	
          2.60000000	         28.42855276	         39.40600496	         13.35979478	         18.21674295	         10.00890534	         53.58635680	         76.52854734	        102.08958456	        106.71826708	         29.42315836	         13.62906714	         24.05939383	         25.03222247	         53.32213326	         17.16725369	         24.10220096	         33.14598052	         19.67759091	         17.95093771	         63.10422024	          6.71325104	          8.95124810	         28.47289835	         34.53565775	        123.05974662	         46.02601985	        105.79427375	        263.29251409	        355.63555363	        335.14284447	         85.06890832	         29.78448832	         18.04744937	        200.36987478	         44.79499391	        298.76355379	         55.19532659	         61.68647332	        185.30618517	         90.24190163	         11.47265922	         15.33040547	          7.11614887	         16.51651308	          4.41610921	          5.28950167	         52.92707411	         37.46784845	         42.46642743	         13.86143586	         22.81126453	         44.66473002	         96.44132366	        380.48972334	         87.30835064	        218.63535475	         12.83174347	        997.04961346	        424.32676857	        474.56051946	        112.58967605	        111.47770152	        116.08393506	         14.81891620	         77.15001161	         58.08135289	        148.04351753	         92.19109030	        152.57644079	         36.51903114	         15.70007539	        441.29491693	         40.54064467	        181.03415326	        113.48053111	        128.28172325	        154.78120211	         29.88465538	        103.64110441	         44.50313421	          0.06066779	         -0.07621915	         -0.03446047	         -0.01691088	         -0.05955509	          0.01391407	          0.01568386	          0.11160048	          0.06318878	         -0.17921283	          0.15299658	          0.06441804	          0.06025502	         -0.17068663	         37.58701728	         23.91238905	         10.98534043	         -0.66595268	         -4.27864305	         -0.85589282	          4.18082871	          1.33696546	         -0.30401132	          1.38143353	          2.56664846	         -0.04580328	         -0.03066428	
          2.62000000	         23.64280144	         31.66539302	         13.39860988	         18.57163199	          9.27098557	         36.30065429	         57.45610557	        104.29361513	        106.17884389	         31.09260596	         13.94289999	         24.81901605	         27.33047655	         59.18555562	         17.78199171	         24.35380289	         26.51419440	         21.11684490	         31.07908482	        113.02607689	          8.83776653	         28.58412752	         47.39147164	         26.42454468	        186.12148521	         48.75565460	        121.11019178	        218.04385359	        294.96520234	        264.03337463	         80.78297979	         32.57426814	         18.89756616	        222.91142445	         63.85614154	        316.01184719	         58.10159999	         58.42076788	        176.45363783	         85.82806564	         11.39951602	         15.35093263	          6.97638855	         12.05620835	          4.30091457	          5.25149516	         40.87264013	         36.79533720	         35.14734183	         12.10305742	         17.44467582	         28.32330471	        101.59253801	        296.62882668	         60.63411051	        149.01532859	         12.64467165	       1061.52416649	        565.87208629	        453.10807902	        112.36291863	        131.14939303	        163.11119748	         14.71209516	         78.15204225	         39.25799754	        135.40561383	         78.28007001	        154.66120484	         36.92895649	         15.51644925	        532.93119302	         36.96205431	        318.09009970	        132.94170110	         94.21484501	        124.68853487	         26.90830377	         74.88541157	         37.16160560	          0.05590441	         -0.06796901	         -0.02976784	         -0.01732522	         -0.06977711	          0.03605140	          0.01379443	          0.17343145	          0.04674061	         -0.15446613	          0.18709680	          0.07444293	          0.07823604	         -0.13214205	         37.58156030	         27.14682500	          9.83505205	         -0.03304234	         -4.62208777	         -1.16407363	          3.86023135	          1.81045543	         -0.18552738	          1.55860070	          2.64907670	         -0.05674412	         -0.03112927	
          2.64000000	         20.57118164	         26.42535754	         13.46591144	         18.90795922	          9.24697317	         24.96615941	         45.09911607	        108.64881693	        108.13543505	         32.00083177	         14.22742920	         25.44747570	         29.64405102	         65.18773406	         17.94241952	         24.54596101	         22.27775484	         38.48712562	         74.76197581	        132.95617576	         15.34946244	         42.57526548	         53.96151219	         21.14615721	        203.89033377	         51.79352655	        136.87894272	        201.47060271	        285.05622827	        228.76950585	         82.22334869	         35.60431466	         20.03886993	        242.45216744	         68.87909473	        330.52458628	         60.78170853	         54.35388657	        165.32548953	         80.29583789	         11.40008287	         15.45518480	          6.88725846	          9.30591950	          4.23584588	          5.24312362	         32.57161258	         35.49520601	         25.03331209	         13.87952183	         35.11975777	         71.66612266	        100.24227087	        241.63997317	         42.77026783	        102.59626070	         12.18221318	       1052.39306761	        647.87139389	        308.40447297	        217.90963091	        175.39352811	        117.19256366	         14.63390791	         80.92235765	         27.62403997	         83.63292564	         70.75915041	        156.66153023	         37.32925257	         14.89081074	        583.04196917	         33.15059898	        279.76654409	        153.13870763	         63.10592087	        115.61983117	         39.14033433	        110.45160800	         57.57478348	          0.05064861	         -0.05927487	         -0.02253039	         -0.01440571	         -0.07989866	          0.05575943	          0.00957034	          0.22763867	          0.00772938	         -0.11552301	          0.20761729	          0.08125524	          0.06237879	         -0.10499544	         31.32580356	         26.01334766	          5.99016835	          0.51658316	         -4.27678883	         -1.16595406	          3.08161655	          2.02060976	         -0.03490732	          1.62258082	          2.52136016	         -0.05328070	         -0.02694391	
          2.66000000	         20.24809929	         25.07521894	         13.56984794	         19.27530292	          9.26844928	         17.55858659	         37.46543388	        113.59769292	        110.58070953	         33.41247321	         14.50322155	         25.90097459	         31.80358714	         70.90791818	         18.07759403	         24.63765722	         22.31810893	         41.34834436	         85.42004983	        144.91902316	         15.97944669	         46.37621408	         57.88949549	         17.85498783	        215.26406791	         52.95631880	        152.87691584	        199.20258953	        287.30765416	        235.34827170	         86.91765396	         39.12613888	         21.44265388	        254.44443084	         70.98526865	        341.12799341	         63.18008881	         49.74046778	        152.56571248	         73.96978483	         11.43325687	         15.57616396	          6.86583263	         13.05294697	          4.21544648	          5.26326002	         28.14737769	         34.92146742	         20.55435149	         13.05047129	         26.44019382	         62.00373174	         86.01762925	        207.47223088	         30.85443841	         71.73492875	         12.11809375	       1039.01613193	        574.09417700	        214.80566796	        346.65406296	        196.43894757	         84.03508502	         14.60426639	        111.90230986	         20.43219960	         72.13131740	         67.27749640	        158.48130348	         37.46761838	         14.37615616	        663.70020161	         33.22945877	        231.63449693	        162.99411983	         88.45289874	        236.89649440	         47.01575657	        199.84187368	         75.33739747	          0.04337204	         -0.05034302	         -0.01493695	         -0.00561080	         -0.08463159	          0.07689513	          0.00401040	          0.27213676	         -0.03410817	         -0.06156790	          0.20930769	          0.09044594	          0.03319384	         -0.09237169	         24.18766438	         21.78289139	          2.09655572	          0.18227088	         -3.22784288	         -0.79367371	          2.48970254	          2.43301215	          0.16319739	          1.38573981	          2.38022614	         -0.03701325	         -0.01590644	
          2.68000000	         20.29456406	         25.24769411	         13.73881256	         19.72454548	          9.37915304	         12.67226027	         34.33712389	        117.60211120	        112.82312052	         34.33374853	         14.79833393	         26.20183052	         33.80234828	         76.01202640	         18.04037283	         24.76441801	         22.46386960	         34.06066519	         73.32406512	        141.18984672	         13.73203637	         42.44636269	         54.46745053	         15.97141007	        204.52268749	         54.94420934	        165.45529485	        195.97478860	        297.42019678	        267.70553621	         90.18395525	         43.57840598	         23.27377017	        255.26605592	         69.75795100	        346.86715880	         65.41552968	         44.83021043	        138.77916783	         67.17366090	         11.42513339	         15.61484352	          6.90442647	         14.51952427	          4.20608805	          5.27242287	         28.37109979	         34.60491487	         15.73332140	         20.32535483	         34.53302588	         54.52173121	         76.22549836	        186.58752101	         22.54334461	         49.87777928	         12.17143071	       1040.80139838	        659.15607622	        128.75325173	        238.10306373	        164.79323154	         71.62832656	         14.59761154	         99.10047584	         16.20388145	         22.85539163	         67.54433313	        159.87227727	         38.76988143	         14.15448615	        608.16532032	         40.85356430	        194.84366772	        151.36476414	         68.55782490	        194.13238055	         50.96309701	        200.77956071	         82.55270755	          0.03287189	         -0.04192255	         -0.00937507	          0.00704929	         -0.07604753	          0.10268725	         -0.00191007	          0.30810852	         -0.05268156	         -0.00073708	          0.20879481	          0.10477109	          0.01172777	         -0.09986573	         19.39229488	         15.24007654	          1.80617119	         -1.17552302	         -2.00537557	         -0.24341334	          2.42094281	          3.29618383	          0.44802910	          0.93501236	          2.44055639	         -0.01638466	          0.00266607	
          2.70000000	         20.44555267	         25.62264216	         13.89401075	         20.18484359	          9.47782849	          9.42784580	         37.28313226	         94.44240500	        114.35527880	         33.32320495	         15.16973376	         26.43791075	         34.78505105	         79.31750387	         18.03511844	         24.70582604	         22.50758822	         29.89885766	         71.16974561	        151.16517086	         12.52036128	         42.45207197	         56.20580546	         15.10679442	        206.48145815	         56.18677226	        170.92784630	        190.92929134	        302.96399704	        248.47685674	         90.61783950	         48.43084515	         25.11571381	        245.52829078	         72.11427041	        340.63417130	         67.54217694	         40.06282023	        124.63456190	         60.42607801	         11.46487131	         15.63839174	          7.00669471	         10.83697689	          4.26253662	          5.33931474	         28.64630836	         33.38259674	         23.70374083	         15.74229949	         27.63316073	         43.33634410	         74.22162801	        171.30221763	         42.87503084	         82.99553699	         12.37167111	       1008.15153405	        444.87809260	        384.45152294	        160.80609050	        112.91721451	        104.70015123	         14.65367166	         90.82375203	          6.12460191	        122.53524658	         55.53649342	        161.13315355	         26.71650405	         15.47519262	        420.91658908	         33.86340756	        192.67256793	        133.07869668	         53.68045809	        150.06605038	         49.86402238	        149.68785163	         72.90459339	          0.02083665	         -0.03215481	         -0.00669290	          0.01815032	         -0.04910756	          0.12848306	         -0.00595940	          0.33971015	         -0.03540531	          0.05132996	          0.23089525	          0.11589993	          0.00547462	         -0.12685353	         18.10006320	          8.79439910	          6.36731095	         -2.54813581	         -1.66821828	         -0.03620995	          3.17266895	          4.33702663	          0.65377975	          0.58426580	          2.84010390	         -0.01107571	          0.01456638	
          2.72000000	         20.70976945	         26.17377001	         14.02790487	         20.60954233	          9.56699037	          7.51850305	         41.04581568	        122.24502173	        116.41870129	         31.91037715	         15.44820108	         26.53742900	         41.46064945	         90.04645199	         18.90139343	         24.83482373	         22.48417977	         36.93868148	         94.84002643	        171.96203997	         13.68552035	         48.01275713	         60.14044731	         15.71910735	        186.70495678	         50.16427554	        169.21150638	        164.97132481	        253.13838542	        150.54197454	         96.39045036	         53.18687717	         27.88779319	        230.87467651	         63.97366027	        330.56630149	         69.16111567	         34.85775614	        109.71963345	         53.12366771	         11.49750894	         15.63866884	          6.99679539	          8.36944547	          4.27305085	          5.36672044	         27.73033243	         34.82743868	         39.04329832	         13.73600311	         24.40158508	         36.26117764	         80.37902609	        206.27100787	         96.11400209	        115.90435891	         12.21444064	        970.06494844	        286.52456158	        334.27650023	        110.12773410	         88.06612301	         67.59054480	         14.66476230	         85.97984144	        108.98701081	        201.02936714	        439.02292318	        162.23679365	        165.66706581	         19.60545342	        274.40701304	         29.15195838	        179.01927501	        132.33546210	         44.88760856	        131.53214393	         35.68980650	        105.66094208	         51.99307237	          0.01127501	         -0.02022680	         -0.00626338	          0.02322684	         -0.01280456	          0.14218569	         -0.00695264	          0.36754268	         -0.00368675	          0.07844306	          0.27606273	          0.10553989	          0.01162275	         -0.15272221	         19.90512257	          3.17084118	         11.65318281	         -3.18225567	         -2.17521647	         -0.20090268	          4.46141473	          5.01947742	          0.59679454	          0.43569269	          3.34638729	         -0.02148808	          0.00938365	
          2.74000000	         20.92118474	         26.64833953	         14.09826067	         20.92147244	          9.59680139	          7.41129067	         46.01434372	        163.41798512	        121.01097553	         35.11913691	         15.52025229	         26.30742650	         53.64667501	        134.47258077	         20.98635016	         25.67371858	         22.41995706	         55.47804654	        116.27388579	        184.83510416	         15.34399598	         50.06016695	         58.33268496	         17.01421313	        150.39680607	         60.61092078	        159.41733941	        143.34543819	        207.03690591	         96.00765974	         97.76232195	        105.96159016	         35.17015776	        217.29739257	         55.66927741	        357.52949732	         69.53722107	         30.24099690	         95.71928875	         46.50995531	         11.45565991	         15.60544756	          6.97523803	          7.82870870	          4.24528560	          5.36125536	         30.12629064	         39.05357968	         66.68920118	          7.37537674	         19.22407449	         32.17928228	         80.73702286	        228.87771131	         68.41739726	         87.21728318	         15.41038872	        594.59344385	        583.74668285	        358.24940902	         76.16334202	        129.78095946	        142.64313426	         14.66541950	         82.56248087	         82.79555505	        223.69575532	        288.00998070	        162.44821100	        373.21337618	         31.10362604	        215.56555503	         26.05704296	        204.75128184	        138.12112410	         37.21669941	         94.52615139	         24.76601366	         71.73206462	         36.28761250	          0.00671702	         -0.00984623	         -0.00576185	          0.02194941	          0.01208673	          0.13469042	         -0.00615498	          0.38529557	          0.00139300	          0.07587438	          0.30877720	          0.06296128	          0.02173031	         -0.16009921	         20.98697800	          0.10994135	         10.55040192	         -2.26862872	         -2.53499895	         -0.38609209	          4.67542267	          4.38284957	          0.33357024	          0.74008682	          3.34362233	         -0.03167142	         -0.00598994	
          2.76000000	         21.10288475	         26.99466281	         14.13104299	         21.10962891	          9.61131849	          7.46799984	         49.68487295	        151.35778221	        120.98203200	         33.24638593	         15.39932313	         25.95745320	         59.87505004	        138.02445201	         22.16346584	         25.83525226	         22.36413415	         52.33106088	         89.94709789	        172.02259380	         16.66175941	         46.43243462	         60.00886648	         18.13190550	        138.52212271	         57.70758044	        152.68214408	        127.41598560	        176.26819943	         62.55831980	         91.55326495	        151.65409550	         39.65420783	        208.84283753	         51.07014813	        356.99002486	         68.41439289	         26.39564071	         83.41857645	         40.87225980	         11.23331284	         15.11682600	          6.77193189	          7.38815938	          4.11252330	          5.23865776	         27.71527844	         35.45282698	         74.76333667	         55.21157634	         34.40729993	         26.63454162	         73.34711182	        203.74917209	         47.53549391	         60.79776799	         15.62801515	        727.46698660	        392.16661519	        244.99071608	         50.19939603	        122.68101413	        101.64880179	         14.53604822	         76.99102814	         57.75606036	        155.00707858	        197.45825331	        162.28289866	        265.92133039	         25.10526965	         62.94987084	         24.83615983	        178.57757550	        148.97202312	         47.38473484	        220.73971346	         53.07802687	        165.61432676	         80.29080348	          0.00782115	         -0.00356674	         -0.00429744	          0.01645207	          0.01789804	          0.10361787	         -0.00330849	          0.38813330	         -0.04225939	          0.05066465	          0.30224737	         -0.00317519	          0.00647362	         -0.15751133	         18.18804719	         -1.11141456	          3.01364014	         -0.30845229	         -2.02067518	         -0.30004796	          3.17509751	          2.61288634	          0.13054097	          1.32934055	          2.63208874	         -0.02705564	         -0.01482286	
          2.78000000	         21.05303304	         27.00980626	         14.08164277	         21.16314568	          9.51924636	          7.16192221	         59.07837860	        142.73448478	        116.98474053	         31.57161576	         15.29573100	         25.59251788	         58.82693746	        129.70332911	         23.92519543	         30.88958016	         22.26342501	         39.91080473	         64.26087638	        122.67180690	         14.16418282	         33.48701873	         44.48883658	         19.18529929	        140.28380983	         55.38377983	        138.91764831	        107.03586997	        150.83283104	         41.33546151	         78.66726435	        132.33718416	         47.40062449	        206.22325560	         38.40738964	        343.92886952	         66.00548820	         23.19468173	         73.06704716	         36.14577290	         37.79418865	         37.69997811	          9.60971436	         17.10422871	          7.76306559	          6.09839077	         26.99657463	         33.57384597	         11.93587599	          7.38591885	         48.42826483	         83.60087835	         85.39407236	        199.25409099	         33.78481814	         43.34739427	         11.96051154	        889.79102503	        264.62595286	        171.72537339	        147.85640806	         85.93955810	         76.22811644	         14.77866827	        555.40939843	         41.86422608	        110.48529288	        145.43703503	        181.85898972	        181.61399924	         20.66139135	        392.73571488	         25.39223348	        236.54246404	         81.35536811	        481.01614765	         98.98956908	         81.90577628	        587.80270554	        155.20818057	          0.01369736	          0.00038273	         -0.00415221	          0.00828116	          0.00608261	          0.05559936	          0.00187661	          0.37789803	         -0.11934798	          0.01586836	          0.24661046	         -0.07135280	         -0.04029586	         -0.15441291	         15.69415784	         -1.22224470	         -5.15303906	          1.59774963	         -1.18636306	         -0.12633396	          1.16472821	          1.05867136	          0.13218055	          1.84919823	          1.74627252	         -0.01864243	         -0.01207987	
          2.80000000	         22.52871527	         27.78561845	         14.29368141	         21.10338671	         10.14263305	         19.41537190	         61.99731900	         99.69394376	        114.98017470	         28.95833679	         14.80831521	         25.15086153	         52.42633349	        121.02088008	         18.49034543	         24.82753444	         22.67494924	         30.73270506	         46.43485098	         86.36290100	         10.74318618	         23.55750106	         30.73364172	         22.36015013	        110.69143083	         50.84279579	        120.54873695	        106.79243490	        303.03748326	         29.00284459	         61.82067609	        113.84397304	         45.03298518	        207.97109929	         24.43401744	        326.90770116	         62.93053921	         21.17595063	         65.21815344	         32.88648048	         27.09619034	         27.72232785	         11.41155148	        188.57595622	          7.03227466	          6.44187655	         26.56292445	         32.60701207	        114.20761644	         92.54756353	         40.85961732	         61.85752725	         84.93953827	        205.36407290	         24.79214779	         31.90988575	         11.78964921	       1046.37118473	        186.80090241	        124.54082046	        193.56379521	         59.52560673	         60.60762391	         14.71897926	        951.88252367	         31.99179612	         83.20483384	        117.14243595	        173.70304012	        126.63169480	         17.73171270	        674.21228082	         72.38544391	        230.03496072	         82.55823529	        552.70522892	        412.71454782	        103.63205914	        776.97244045	        203.50713219	          0.02171351	          0.00552613	         -0.00663500	         -0.00128839	         -0.02416833	          0.00073711	          0.00665675	          0.36066786	         -0.18916456	         -0.01388226	          0.12835326	         -0.11884017	         -0.07318315	         -0.15104865	         21.17294883	         -2.56901393	         -9.11234906	          2.55702600	         -0.82944692	         -0.07762382	          1.25017450	          0.61257745	         -0.10028191	          2.19848807	          1.63111305	         -0.02078290	         -0.02553735	
          2.82000000	         22.73252542	         28.09839441	         14.05952582	         20.68313798	         10.05032642	         14.74267762	         63.40218447	         70.82888340	        120.17922000	         30.83111945	         14.19622429	         24.24682238	         53.84226931	        130.92527568	         15.50450114	         23.81631623	         22.37002818	         24.56557604	         34.70796611	         61.47262720	          8.50243317	         16.99566768	         19.78032886	         22.38988409	        129.06149250	         49.76510489	        110.13872162	        127.12446691	        399.87149770	         89.82124426	         63.86494316	        105.70568394	         44.78261652	        210.69998192	         18.07995270	        331.43655580	         59.49578202	         19.58304955	         58.89823094	         30.23452646	         19.91923512	         21.03798154	          8.32024027	        124.92492703	          5.00159635	          5.28866383	         26.13040840	         32.28689949	         73.95073438	         67.02707582	         31.07638798	         48.20315995	         93.61122294	        231.61675318	         18.73613104	         24.20175399	         11.66377399	       1048.50276816	         95.83600733	         92.82774355	        352.28706165	         88.79116325	         50.55329574	         14.50405101	        634.40083659	         24.36899338	         62.21932997	         99.55575344	        168.50046308	         90.57136387	         15.81878005	        909.11953082	         57.09003900	        262.07763347	        133.19848498	        721.41749617	        277.56462128	        108.41278552	        792.46358621	        213.58402089	          0.02833114	          0.01295103	         -0.00934124	         -0.01191409	         -0.03992095	         -0.04754243	          0.01081845	          0.34144262	         -0.21262311	         -0.02669456	          0.02267865	         -0.13579782	         -0.07259382	         -0.14749591	         29.15850517	         -2.53867066	         -6.03482861	          2.41617306	         -1.57214575	         -0.38546151	          3.30115346	          1.36677927	         -0.46260524	          2.25526271	          2.30976255	         -0.04181775	         -0.04700542	
          2.84000000	         20.81357652	         26.38836501	         13.57785308	         20.06693202	          9.22300263	         10.80578048	         67.47039166	         96.05922876	        126.56652279	         33.19953189	         13.61526444	         23.52536648	         58.69606776	        144.48388812	         15.76202117	         23.78435994	         21.81567635	         24.41860765	         28.85940854	         66.41022079	          9.03327951	         19.63226199	         38.99812980	         22.26492992	        220.31821942	         51.12760156	        107.76925041	        165.25582392	        346.86555017	        221.61257171	         89.51557931	        107.25747032	         46.48684160	        212.06517771	         12.53630658	        344.32625961	         56.66531028	         17.62671948	         53.37486856	         27.44129529	         15.24657728	         16.66183595	          6.67556701	         83.23932440	          4.01316751	          5.26489834	         25.67537434	         32.28974631	        181.68503930	         59.05137539	         25.04496026	         39.65519259	        102.97104178	        260.08475675	         14.58471297	         20.04610765	         11.49380134	       1051.59708308	        351.38185166	         71.17285461	        380.70291330	        135.42523551	         43.97610370	         14.49624858	        495.50035407	         21.94265914	         52.52948536	         88.10252962	        166.10597715	         66.64460695	         14.60874064	       1085.69992176	         47.77830404	        294.57776124	        171.00490530	        693.16494523	        198.20305535	        106.39383053	        777.50021859	        209.61150639	          0.03237796	          0.01980634	         -0.00844336	         -0.02083584	         -0.02987935	         -0.08101213	          0.01528941	          0.32043942	         -0.18562357	         -0.02236237	         -0.01958059	         -0.13236747	         -0.06221819	         -0.14402785	         33.47827276	          1.02363913	         -1.92263193	          2.45475738	         -2.87833747	         -0.91893412	          5.28597979	          1.94480257	         -0.84162455	          2.27010928	          2.97513746	         -0.07110104	         -0.06744332	
          2.86000000	         20.56880414	         25.96796426	         13.36631333	         19.54175108	          9.10455143	          8.34929230	         71.90726061	         77.47478652	        131.51616960	         34.35180537	         13.10764968	         22.84052945	         62.50890933	        156.82500397	         15.64215228	         23.62564823	         21.67288830	         22.70295184	         23.13966445	        124.79381164	          7.87232990	         20.37961149	         50.94581930	         22.87349770	        207.60798684	         51.96246774	        110.16631953	        216.89112018	        388.40319063	        278.16549845	        104.77258627	        116.58922197	         49.22661338	        210.73212768	         90.83848725	        355.89967489	         54.03729585	         16.73411234	         49.93816384	         25.90402817	         12.22366156	         16.36716730	          6.60418285	         56.03539332	          4.00744150	          5.29313762	         25.27493601	         32.39449354	        207.63485236	         73.02228585	         21.42558104	         34.06185943	        110.94730539	        284.90256765	         14.35860508	         19.74354861	         11.31385155	       1051.77607436	        625.74150652	         56.46478638	        382.34069861	        206.75154582	         39.62360322	         14.52699799	        440.73709897	        114.85298558	         63.64056101	         80.01661758	        167.60819414	         50.83107871	         14.32939090	       1132.38847342	         38.04935042	        321.28724034	        204.15969493	        706.47026264	        153.45772862	        104.15716201	        759.99601931	        205.41658049	          0.03385954	          0.02129577	         -0.00317166	         -0.02472965	         -0.00295027	         -0.09875406	          0.02037230	          0.29435733	         -0.12963967	         -0.00829646	         -0.00952839	         -0.12461986	         -0.05669695	         -0.14087459	         32.29928156	          5.79245992	          0.23440735	          2.68313443	         -4.06303375	         -1.34957401	          6.14043873	          1.99969518	         -1.04944761	          2.23093081	          3.28815096	         -0.09019490	         -0.07752461	
          2.88000000	         20.30741130	         25.55082763	         13.24063148	         19.17766419	          9.02384523	          7.48803160	         76.39839215	         59.11873892	        134.60667903	         34.96973123	         12.65924791	         22.17344751	         65.95001262	        167.88206747	         16.02398197	         23.72965321	         21.62514130	         22.59774510	         49.57651406	        196.99244606	          8.20758574	         37.91792536	         75.02724965	         23.52612328	        259.39625425	         52.01067330	        110.23010573	        251.69699910	        409.68841915	        307.67831506	        110.18698543	        125.97417029	         51.82569223	        206.80931300	         75.36526989	        363.79053213	         51.49557574	         16.45688245	         48.13708744	         25.11900053	         11.88407299	         16.76660550	          6.59025881	         38.13044954	          4.05246102	          5.35658810	         24.95092376	         32.53971736	        208.87034229	         70.68524921	         19.11958720	         31.91047303	        116.56750935	        302.48836869	         14.12129219	         19.38864544	         11.16786601	       1046.87249813	        707.92642384	         46.56292155	        381.69160323	        230.94128249	         36.44361962	         14.60078570	        356.87745875	         97.87798360	        188.65618627	         73.57816352	        169.34867395	         39.68411937	         14.43566840	        977.25045162	         31.47908857	        338.11984269	        227.77656840	        759.41398502	        126.81618655	        101.08794093	        735.15470430	        199.76881285	          0.03312494	          0.01489651	          0.00378470	         -0.02179602	          0.01966584	         -0.10537131	          0.02554258	          0.25929058	         -0.06999285	          0.00724176	          0.02220573	         -0.12192608	         -0.05671681	         -0.13825916	         26.96567827	          7.71365559	          0.34725676	          2.69762641	         -4.69707122	         -1.47394523	          5.72409361	          1.85366061	         -0.94002214	          2.11292234	          3.28579100	         -0.09078361	         -0.07087769	
          2.90000000	         20.19140381	         25.27209311	         13.28115327	         19.06943815	          9.08518040	          7.56225955	         81.27859266	         46.88399732	        136.03906469	         34.82542286	         12.19171448	         21.50883651	         68.61230741	        176.71677508	         16.27488418	         23.93272303	         21.82244606	         22.58954607	         54.22973788	        193.19974015	          8.80628748	         41.08607805	         70.60581453	         24.17217797	        248.56466548	         50.51203187	        105.23312732	        264.43738023	        388.74434353	        263.62215355	         95.65667968	        135.58687283	         54.39442116	        201.36351646	         73.46204916	        366.72078131	         48.91408830	         20.16975835	         51.05935422	         28.74688649	         12.04572830	         17.07808078	          6.57770513	         26.32059477	          4.08793957	          5.41109524	         24.95059597	         32.67009773	        206.99071958	         69.80483362	         18.35204765	         31.99331377	        119.82305801	        312.46344900	         14.22208543	         19.41420886	         11.13352853	       1039.03727166	        531.38559295	         43.01178207	        379.69116511	        223.28475544	         43.68139575	         14.70432268	        248.09566533	        105.84297128	        205.35791653	         70.09447095	        171.02634953	         39.57160558	         15.21023072	        681.35007359	         27.11865724	        345.05199343	        234.11561738	        781.28284548	        110.49418813	         98.41760829	        709.62166152	        194.44205433	          0.03092138	          0.00181032	          0.00796216	         -0.01344900	          0.01751183	         -0.10449850	          0.03016666	          0.21429476	         -0.02332691	          0.01855518	          0.05885608	         -0.12592807	         -0.06165985	         -0.13633076	         19.04084736	          6.38231121	         -0.96253211	          2.43235861	         -4.58975641	         -1.27805064	          4.33474795	          1.75210705	         -0.54870324	          2.00985181	          3.04548138	         -0.07599084	         -0.05039313	
          2.92000000	         20.11742040	         25.02185919	         13.42964350	         19.18255279	          9.20561376	          7.56748981	         86.50109635	         39.32441411	        136.51193375	         34.55879919	         11.75403378	         20.84203746	         70.45605011	        183.08260233	         17.65549784	         24.43678876	         22.19213964	         25.52027666	         42.13893125	        137.78592324	          9.94119151	         33.58678814	         61.42675568	         24.77683464	        225.45764055	         48.67360883	         97.13683615	        262.52106208	        325.98368269	        208.72067594	         80.54662805	        145.28787849	         56.91175914	        195.90299902	         69.30902875	        366.80634243	         46.36192568	         25.64426441	         59.00270741	         35.39661519	         12.15330476	         17.26700514	          6.62254614	         16.78421516	          4.13252942	          5.46975637	         24.93151083	         32.69127517	        199.00825714	         67.05453022	         18.66550991	         32.32656439	        121.83744541	        317.73149015	         14.12125112	         19.32657242	         11.16035259	       1032.61348695	        359.53300129	         38.04842803	        366.13219737	        152.57000253	         39.32556086	         14.83931275	        292.43271021	         88.50938630	        192.70899905	         69.64021211	        172.78069632	         39.41882809	         15.03035793	        462.07317231	         24.47317979	        346.84303653	        203.11581000	        785.73340440	        101.32265095	        100.09519195	        715.36906571	        198.86413190	          0.02803026	         -0.01387776	          0.00654933	         -0.00317879	         -0.01582029	         -0.09941296	          0.03353542	          0.16275945	          0.00205325	          0.02301659	          0.10665362	         -0.13247768	         -0.07007021	         -0.13510043	         11.42600645	          4.35849194	         -3.08939788	          2.27354855	         -4.18450312	         -1.03173234	          2.75983719	          1.79981006	         -0.11099620	          1.96293155	          2.74123236	         -0.06158695	         -0.02872677	
          2.94000000	         20.23630218	         24.97948149	         13.70166675	         19.49640701	          9.44011075	          8.01394643	         91.98694462	         36.00695611	        136.22791060	         34.06589926	         11.31850617	         20.25274542	         71.49814773	        187.17485930	         16.84971317	         24.64237543	         22.72528074	         21.86521916	         31.97837091	         96.67732285	          8.47314402	         23.75126501	         41.50089233	         25.39948057	        199.69665935	         46.10535898	         87.03612835	        225.98914615	        327.67153673	        151.91603647	         61.74927366	        154.85337180	         59.34809291	        191.58752002	         52.91169450	        365.81124528	         44.05176659	         32.92361879	         80.68820527	         46.77093066	         11.90167146	         17.30273392	          6.70034431	         40.69159889	          4.16913504	          5.51180828	         25.04946214	         32.58427204	        187.94419765	         63.91896392	         19.32265312	         32.96883607	        123.99822924	        322.45309746	         14.38290082	         19.65405517	         11.27273519	       1029.07120083	        247.61295206	         36.39604636	        270.42631303	        106.57397337	         37.05913813	         14.97181611	        653.48105222	         60.62980197	        144.21195983	         72.12215270	        174.39010596	         39.22908875	         14.81124073	        497.05215999	         25.19444119	        349.57776949	        146.73413103	        792.18288667	         97.12450067	        111.24556326	        816.37835413	        225.96613738	          0.02495326	         -0.02775653	          0.00060092	          0.00614607	         -0.07187716	         -0.09098664	          0.03401690	          0.11187400	          0.00417390	          0.02104910	          0.15713860	         -0.13695184	         -0.08033672	         -0.13451158	          6.47569847	          0.96640449	         -5.34673377	          2.37000332	         -3.44860386	         -0.76719788	          1.97181394	          1.87276290	          0.08163657	          1.99877818	          2.54604922	         -0.04912591	         -0.01916253	
          2.96000000	         20.87302574	         25.51302244	         13.99226534	         19.87105610	          9.72843090	         12.79496466	         97.35935282	         35.07355655	        135.81053263	         33.75416063	         11.01607109	         19.78141396	         72.01093603	        189.71202354	         16.09551573	         24.72062593	         23.28021895	         20.09515205	         25.16230691	         69.25146498	          7.17317623	         17.19257187	         28.50771949	         26.07982754	        198.27793417	         43.92145596	         79.08109191	        200.86588960	        381.50714383	        121.11186511	         54.18917341	        163.75474834	         61.55568402	        189.07724552	         34.17740897	        366.83424180	         42.14690772	         39.81049764	        119.53572288	         59.53399178	         62.96357994	         17.13751023	          6.78570418	         86.86871828	          4.18893794	          5.50785013	         25.15444680	         32.51155699	        180.84748697	         63.51992234	         20.07331385	         33.76659432	        127.32932741	        330.09755286	         14.79121060	         20.17617123	         11.42649397	       1029.49948512	        173.35909175	         37.51079111	        295.32617927	         76.24928957	         36.50936069	         15.06066221	        868.57074223	         41.78560092	         93.75606134	         77.96624561	        175.83811927	         39.19968587	         14.68933628	        656.46298033	         27.16936758	        357.73057417	         96.68035605	        813.10466758	        100.67709782	        121.23850841	        888.27196104	        251.04720349	          0.02210483	         -0.03625632	         -0.00710746	          0.01152921	         -0.13239890	         -0.07786385	          0.03026388	          0.06822038	         -0.01285940	          0.01421378	          0.19721839	         -0.13773162	         -0.09097032	         -0.13444555	          5.94475547	         -2.24063499	         -6.38296763	          2.76024309	         -2.77203797	         -0.62305385	          2.73320862	          2.11376581	         -0.13618592	          2.10525512	          2.68648116	         -0.04530596	         -0.02960080	
          2.98000000	         21.25212646	         26.05117592	         14.14593194	         20.17723051	          9.81482753	         20.05492294	        102.10198495	         34.74291698	        136.05197467	         33.89810326	         10.73777617	         19.38237077	         72.29952170	        191.53485808	         15.98074509	         24.84530369	         23.65469003	         19.77410672	         20.70410443	         51.11058681	          6.69108690	         12.97793937	         20.27901676	         26.48000789	        224.88114421	         42.96401473	         74.82827535	        212.74832342	        456.20841299	        115.89517386	         60.36555737	        171.41919297	         63.38453846	        188.45449359	         33.06086541	        370.77568781	         40.64607961	         45.62543561	        170.20823190	         71.59560097	         48.94677030	         26.74351881	          6.65429533	        206.73832696	          4.22630364	          5.44456348	         25.16496668	         32.53633130	        182.06459555	         67.59661808	         20.52854065	         34.49025834	        132.12724568	        342.17128833	         15.22981021	         20.74554428	         11.57655859	       1033.22921514	        123.22236426	         39.03462486	        371.02941583	         56.00203302	         38.22800475	         15.09258190	        861.37096369	         36.23605782	         74.97082857	         86.97744857	        197.89064391	         39.55452550	         14.66706618	        763.42616594	         24.96578050	        372.73940083	         75.33034088	        842.69073538	        104.14656176	        118.30056322	        849.55616487	        242.69768193	          0.01951010	         -0.03812364	         -0.01280882	          0.01192776	         -0.17414832	         -0.05866355	          0.02186596	          0.03602077	         -0.03901364	          0.00501170	          0.21768384	         -0.13487129	         -0.10050925	         -0.13471525	          9.22000478	         -5.27788577	         -5.16569301	          2.98305339	         -2.41945395	         -0.60533857	          4.93145154	          2.72807829	         -0.67836979	          2.15368044	          3.20879362	         -0.04906450	         -0.05599432	
          3.00000000	         20.88764025	         25.42999833	         14.20635251	         20.40528335	          9.77182430	         17.74773272	        105.86902352	         34.55474850	        136.29485751	         34.26007835	         10.55817318	         19.09053860	         72.57801074	        193.22895534	         15.98371788	         24.93829756	         23.87038002	         19.76159192	         18.88142212	         39.22615564	          6.59819021	         10.41884314	         18.36194110	         26.66163609	        252.25279084	         42.69778013	         72.82006842	        236.76564602	        535.94237579	        113.70899496	         71.44624754	        177.46750517	         64.79670919	        189.20261911	         36.34056306	        376.35126041	         39.58658174	         50.10452387	        219.85131438	         81.48556701	         34.18214404	         20.49819535	          6.48796180	        143.79713172	          3.94639447	          5.36429130	         25.11354408	         32.49593012	        193.64229146	         77.44583716	         20.61656417	         34.98029013	        137.87290646	        357.76841501	         15.58245188	         21.20435761	         11.69520493	       1037.06543034	         89.60691679	         40.64745177	        372.42716494	         42.18519364	         40.89644318	         15.11008409	        862.74365804	         47.39708309	         64.29898379	         98.04176531	        187.86263730	         40.14679076	         14.67323511	        978.83329469	         24.77251689	        393.04585517	         47.02020524	        864.38056096	        106.42266605	        123.42800369	        885.36223139	        254.65462767	          0.01685178	         -0.03403458	         -0.01369604	          0.00797180	         -0.18003760	         -0.03356313	          0.00973610	          0.01606567	         -0.06243552	         -0.00321281	          0.20612539	         -0.12881030	         -0.10781477	         -0.13504947	         12.75339382	         -9.32022235	         -3.09200098	          2.94328685	         -2.22176614	         -0.60726681	          6.81027362	          3.10590989	         -1.16292857	          2.13543156	          3.54381684	         -0.05361119	         -0.07776955	
          3.02000000	         20.23933814	         24.49806115	         14.17152609	         20.52344505	          9.62472594	         13.49251074	        108.30816078	         34.45769683	        135.84122748	         34.55210038	         10.44506686	         18.90431361	         72.87552095	        194.89412282	         16.04255791	         25.00472297	         23.89749291	         20.06887563	         19.10956993	         31.89945444	          6.69675962	          9.64776183	         23.09788352	         26.66936738	        271.12157830	         42.77880298	         72.09156883	        262.29050904	        559.30269916	        111.73714202	         78.86609663	        181.56318435	         65.72821243	        190.47924542	         43.60266639	        382.12523946	         38.89075896	         52.33209573	        243.58540934	         86.34121759	         24.69735397	         16.49259987	          6.40061016	         96.66518837	          3.78629760	          5.33413049	         25.00992765	         32.37971849	        220.80965095	         98.25586050	         20.28646462	         35.02928465	        143.44482650	        374.04929921	         15.77745823	         21.44721728	         11.75508182	       1038.68996837	         62.36957365	         42.02407960	        373.57510154	         40.95860495	         43.48807046	         15.12972682	        853.87193451	         62.29636313	         51.99120141	        109.10018183	        181.06426719	         40.92894007	         14.77126986	       1134.37533667	         27.28166488	        414.88552586	         87.23881291	        858.45918737	        106.63909471	        129.55951818	        928.29617729	        267.92573470	          0.01436978	         -0.02549434	         -0.01016945	          0.00113912	         -0.15123410	         -0.00574884	         -0.00290424	          0.00533548	         -0.07347053	         -0.00786991	          0.15790073	         -0.12210447	         -0.11311478	         -0.13526979	         13.83846075	        -12.18101780	         -2.07832811	          3.01080079	         -2.11543481	         -0.62053902	          7.10694527	          2.66633247	         -1.36339277	          2.14067504	          3.24969664	         -0.05773113	         -0.08418396	
          3.04000000	         19.89986179	         24.10012625	         14.06152023	         20.50816341	          9.45174338	         10.21938345	        109.16213540	         34.39885904	        134.93191117	         34.79239343	         10.37409561	         18.75988407	         73.13400107	        196.37891541	         16.11429619	         24.99446371	         23.74505975	         20.59012251	         19.52779743	         43.02523051	          6.91071229	         11.00828932	         34.45332853	         26.57032728	        286.77396567	         43.22255453	         72.39063798	        285.27911756	        560.06521307	        114.63556603	         87.02712459	        183.38584134	         66.12916406	        191.74523524	         52.75877093	        387.55427385	         38.37781290	         53.29752517	        252.27520769	         88.30172697	         18.50311563	         16.60508920	          6.41241265	         65.29096421	          3.79401330	          5.35975860	         24.77163898	         32.26060227	        261.56800821	        126.65543391	         19.75796397	         34.77415868	        147.97709117	        388.31907996	         15.78467065	         21.43582998	         11.73001064	       1038.33416327	        132.81919771	         42.90184700	        373.95053030	         56.16670087	         45.44345303	         15.14241982	        871.21676928	         85.61835022	         39.34633253	        117.87863358	        176.70783446	         41.66094064	         14.81617063	       1217.30740836	         33.75372614	        435.12634442	         83.45833766	        820.15978705	        105.26476959	        134.25661240	        961.96395998	        277.36414290	          0.01295021	         -0.01390596	         -0.00460753	         -0.00670630	         -0.10291407	          0.02057769	         -0.01314802	         -0.00044228	         -0.07109805	         -0.00912637	          0.10249640	         -0.11764898	         -0.11707803	         -0.13533408	         13.84101182	        -12.94368846	         -1.41013496	          2.96073083	         -2.19083658	         -0.65411483	          6.54076524	          1.77714710	         -1.42692565	          2.07964185	          2.61073595	         -0.06077843	         -0.08490397	
          3.06000000	         19.66226985	         23.84884233	         13.88763747	         20.35817851	          9.26788840	          8.21776058	        108.37745417	         34.35947544	        133.89214764	         34.92248550	         10.32585895	         18.65433456	         73.29650057	        197.51062168	         16.12038914	         24.88606596	         23.44673418	         21.20455590	         20.12070588	         74.59913207	          7.15524153	         13.64199525	         46.32453235	         26.36651155	        304.37920094	         43.82041149	         73.07189100	        303.72169266	        565.53165567	        120.83602863	         95.27633234	        182.80924445	         65.97705344	        192.79872586	         61.38848087	        392.17736515	         37.98149779	         53.71076333	        254.79385494	         89.01231850	         14.40607768	         16.82078988	          6.41993089	         44.33819858	          3.82419413	          5.40110405	         24.42768514	         32.16402155	        279.54403009	        138.03646019	         19.40918157	         34.58340401	        151.16508082	        399.13782050	         15.64911788	         21.22856051	         11.64213912	       1036.63373164	        251.05907183	         43.22299377	        374.44976995	         58.87356253	         46.53634227	         15.14795747	        863.48222798	        129.24014822	         44.36875595	        122.98005076	        176.47681616	         42.37963062	         14.83170270	       1276.94747781	         32.81913590	        451.98948037	         84.31888990	        804.25224640	        103.50694349	        135.23095953	        970.98411972	        277.90681081	          0.01293558	         -0.00151149	          0.00125601	         -0.01410782	         -0.05165589	          0.04170702	         -0.02067004	         -0.00464688	         -0.05916673	         -0.00836438	          0.06776359	         -0.11617662	         -0.12034657	         -0.13523924	         13.97432353	        -11.63930099	         -0.55222119	          2.74204580	         -2.50489823	         -0.71972006	          6.05060287	          1.06837358	         -1.50061320	          1.93070615	          2.07506067	         -0.06317036	         -0.08855967	
          3.08000000	         19.41520480	         23.61614199	         13.65953775	         20.08840027	          9.06628571	          7.48643348	        106.10986790	         34.30581810	        133.13271597	         35.03074600	         10.27446414	         18.55355137	         73.28777509	        198.09356097	         16.08891664	         24.71615506	         23.03968707	         21.84563929	         20.89102186	        111.73970637	          7.38769288	         17.17090724	         59.22888690	         26.04378606	        323.37962238	         44.52566331	         74.00597391	        319.37027280	        585.03604928	        132.85486684	        105.27780738	        179.93580518	         65.29416796	        193.59932799	         70.21982320	        396.01673828	         37.63531963	         54.13160308	        257.97375260	         89.70295902	         11.70810160	         17.10260906	          6.42931184	         30.35299246	          3.87231902	          5.45296529	         24.01672838	         32.08362323	        278.48553704	        137.58566280	         19.22889693	         34.49016785	        152.98537158	        406.06516834	         15.45048573	         20.93718660	         11.53620243	       1033.67548975	        390.28714374	         43.08180405	        374.64084390	         71.23124956	         46.81253223	         15.15178425	        852.70090640	        138.01267337	        108.90813206	        124.37193167	        177.11831220	         43.17765711	         14.81433076	       1338.71145483	         42.04468422	        465.03586046	         90.09343569	        805.18609733	        102.16515538	        134.90213036	        971.89071938	        275.73656777	          0.01381545	          0.00938909	          0.00656505	         -0.02061902	         -0.01129167	          0.05497446	         -0.02746548	         -0.00998602	         -0.04392041	         -0.00676797	          0.06060680	         -0.11695404	         -0.12321914	         -0.13506035	         14.49296885	         -9.42292265	          0.53230501	          2.56803173	         -3.05059404	         -0.84127197	          6.09224560	          0.88083162	         -1.62394155	          1.75750482	          1.90157786	         -0.06764082	         -0.09636384	
          3.10000000	         19.16138841	         23.37327365	         13.41119969	         19.74532304	          8.86915790	          7.30892375	        102.74570234	         34.18905279	        132.49961946	         35.15201741	         10.23236123	         18.47791003	         73.03650825	        197.93024535	         16.03422784	         24.54557864	         22.59975276	         22.45153871	         21.46979223	        137.47119261	          7.58117515	         19.01775509	         67.94936795	         25.62463127	        334.25388166	         45.18982731	         74.87027656	        329.80980908	        605.56843167	        148.35906534	        112.60145808	        175.18142008	         64.17070005	        194.11162033	         78.26334281	        398.98761604	         37.36753107	         54.34843932	        258.74448896	         89.80379761	         11.87258897	         17.41106409	          6.44660956	         21.03799254	          3.93484235	          5.51178773	         23.57713846	         32.01666015	        261.81257373	        126.82867861	         19.18845749	         34.52809632	        153.59578192	        409.32848746	         15.26272561	         20.66850273	         11.45583912	       1029.32154561	        468.74243547	         42.65157554	        373.95036603	         82.06659791	         46.49351583	         15.15614772	        794.72332682	        130.57418974	        189.22004027	        123.08927939	        177.98891798	         44.18469199	         14.79820410	       1344.15247936	         36.55487736	        474.87975259	         98.51965164	        815.54617288	        101.55522253	        131.83252923	        952.53591370	        266.91779336	          0.01435477	          0.01683915	          0.01092533	         -0.02608590	          0.01223464	          0.05970573	         -0.03594345	         -0.01731213	         -0.03006967	         -0.00463267	          0.07211531	         -0.11876007	         -0.12567620	         -0.13485919	         13.58079931	         -8.33274763	          1.43841158	          2.42313597	         -3.49013246	         -0.91509812	          6.31321838	          0.99257183	         -1.67845737	          1.61146468	          2.01247170	         -0.06913014	         -0.10045981	
          3.12000000	         18.89222293	         23.08856158	         13.16913803	         19.37888663	          8.68741671	          7.18792007	         98.77585493	         33.61765782	        131.53858176	         35.25794892	         10.17862105	         18.39017307	         72.44157924	        196.72390853	         15.99296589	         24.42524164	         22.18189325	         23.05483335	         21.92154701	        153.33298069	          7.77565635	         18.16494571	         72.40701735	         25.13322717	        324.77598481	         45.73736836	         75.66326760	        333.35237411	        599.65773926	        165.64665005	        114.10574406	        169.21173754	         62.74563089	        193.91930713	         84.14230885	        400.31500896	         37.11235820	         53.69359327	        243.41201117	         87.64546177	         12.04359138	         17.69831447	          6.47396854	         14.85114109	          4.00400339	          5.56888194	         23.14589334	         31.95744587	        232.73427179	        106.20786392	         19.27800203	         34.71669508	        153.13487623	        409.27650046	         15.12632000	         20.48133366	         11.42279798	       1024.38695022	        482.31771958	         42.10702552	        372.44741938	         87.63488062	         45.83523676	         15.15526428	        720.86095527	        132.79146778	        250.21863502	        120.44952578	        178.98379495	         45.45941762	         14.80598495	       1235.78792077	         30.41983616	        482.35168832	        106.15819812	        827.33639566	        101.74646926	        127.35369205	        922.58897831	        254.69936402	          0.01330052	          0.02011458	          0.01389672	         -0.03040076	          0.02123455	          0.05839643	         -0.04696290	         -0.02539936	         -0.01870701	         -0.00033533	          0.09395879	         -0.12082406	         -0.12758114	         -0.13456563	          9.70580665	         -7.66943990	          1.44481006	          2.10089502	         -3.69779921	         -0.87263048	          5.91649571	          1.09929545	         -1.47345195	          1.43657043	          2.16703408	         -0.06259458	         -0.09112007	
          3.14000000	         18.63265868	         22.79740496	         12.95398874	         19.02928901	          8.53827863	          7.18169499	         94.62813525	         31.87982676	        129.20119416	         35.22119654	         10.13022434	         18.25880685	         71.29481400	        193.91829827	         16.01455143	         24.36685992	         21.81318306	         23.62548523	         21.90987904	        157.02695926	          7.93699663	         16.57010067	         70.67482987	         24.60556657	        288.68441426	         45.98053446	         76.17309572	        329.08801185	        563.40601296	        183.32040917	        108.15570338	        162.70788235	         61.16903523	        192.06784763	         84.25107566	        399.18366605	         36.76712339	         52.13336890	        205.61294699	         83.00633306	         12.18636925	         17.93559911	          6.50842020	         10.75650534	          4.07196415	          5.61851328	         22.74687996	         31.89336140	        206.71800044	         86.90440404	         19.44447096	         35.02127723	        151.74853389	        406.33381521	         15.05446215	         20.39156025	         11.43610934	       1019.89049536	        437.01524862	         41.58585468	        372.77278842	         85.10527358	         45.06156010	         15.14260976	        625.19451070	        134.79975599	        286.86422769	        117.55165938	        179.94522149	         46.98484912	         14.86744874	       1013.31360942	         25.93029706	        488.19896903	        109.13949870	        810.80020950	        102.70384009	        121.23120531	        878.54435043	        238.52336020	          0.01077505	          0.02040161	          0.01525481	         -0.03266436	          0.01980158	          0.05567427	         -0.05873111	         -0.03265792	         -0.00968673	          0.00886034	          0.12345584	         -0.12365030	         -0.12817739	         -0.13412039	          3.67738494	         -6.36653526	          0.76198846	          1.49676492	         -3.77660195	         -0.74264274	          4.78592508	          1.33750860	         -0.98787352	          1.17152942	          2.31568493	         -0.04918383	         -0.06756568	
          3.16000000	         18.40661294	         22.56347285	         12.77215328	         18.72718325	          8.42166360	          7.06190195	         90.58261796	         30.08268978	        123.49860500	         34.67309704	         10.15459123	         18.17418817	         69.48896119	        188.95562792	         16.09900084	         24.31759932	         21.47291378	         24.40505049	         25.40566354	        130.38032406	          8.33817981	         16.53444592	         56.58385768	         24.08120694	        240.20810181	         45.66537590	         75.65337137	        315.51629677	        493.72222753	        196.05767645	         98.54288148	        156.20359104	         59.57015087	        187.44499749	         67.62023724	        394.62006389	         36.35631090	         48.42679413	        157.92922286	         73.45660868	         12.29823524	         18.12007449	          6.54319263	          8.09264071	          4.13248426	          5.65913477	         22.38667984	         31.80523025	        187.95064722	         75.00191997	         19.70112985	         35.43853509	        149.75462017	        401.36855594	         15.03916243	         20.38214345	         11.47847081	       1017.04552406	        368.09316495	         41.17128471	        337.08110155	         77.00299176	         44.33672809	         15.11591056	        546.68261165	        129.19442763	        298.60082179	        115.13008577	        180.77794975	         48.68571067	         15.00223639	        750.09111766	         23.04839460	        493.37584531	        107.42210859	        755.34709893	        104.43064614	        115.00111036	        830.68665127	        222.13619278	          0.00797886	          0.01941544	          0.01514527	         -0.03199604	          0.01194578	          0.05617342	         -0.06819894	         -0.03860147	         -0.00379524	          0.02433247	          0.15991998	         -0.12904712	         -0.12431060	         -0.13359462	         -2.07831541	         -3.98979892	          0.40309216	          0.67758124	         -3.76908812	         -0.58152676	          3.58639495	          1.89556809	         -0.45792646	          0.83909485	          2.49146197	         -0.03381191	         -0.04210007	
          3.18000000	         18.12282653	         22.32144033	         12.59069325	         18.45684557	          8.27737923	          6.40959574	         86.32454274	         26.86668335	        112.44805340	         32.78152796	         10.71944569	         18.54268778	         66.07103790	        180.65690842	         16.33929433	         24.30983132	         21.07781654	         25.16196993	         23.95650192	         92.28794231	          8.63152915	         13.17036524	         39.42268819	         23.46987960	        174.61816410	         45.10929775	         74.49722685	        300.83539066	        478.52418682	        167.54451896	         75.56058166	        149.67084276	         57.88706723	        179.53595092	         47.53126136	        386.37693008	         36.40842476	         44.82123486	        118.83708642	         63.51271108	         12.40075211	         18.29242683	          6.57341491	          7.45460007	          4.18792599	          5.69809233	         22.05265956	         31.68296198	        169.26603974	         65.02371295	         20.22020902	         36.02661762	        147.66785049	        395.77688846	         15.04771308	         20.40324220	         11.52401072	       1014.70172986	        315.36627881	         40.85902832	        294.91869830	         67.54525675	         43.72397261	         15.08183717	        525.63660756	        117.92834845	        289.39919100	        113.47880529	        181.48095161	         50.44368748	         15.09444038	        570.21732214	         22.05476571	        499.07865026	        102.51982787	        676.25621003	        106.87973783	        110.74944814	        801.52118187	        210.93237891	          0.00656790	          0.01852643	          0.01462946	         -0.02938317	          0.00203926	          0.06271373	         -0.07264972	         -0.04421786	         -0.00207630	          0.04439662	          0.20078574	         -0.13868041	         -0.11063440	         -0.13326351	         -4.32967031	          0.79434209	          0.80727328	          0.09643498	         -3.65804512	         -0.46568108	          3.17234764	          2.55314757	         -0.22299309	          0.62475215	          2.67715798	         -0.02425233	         -0.03233867	
          3.20000000	         20.77746488	         23.18620064	         12.78650186	         18.34223000	          9.57636603	         68.50393140	         86.79229139	         70.62365638	         97.77283919	         31.29112561	         12.30131545	         19.74554743	         65.48424243	        172.55922795	         16.54321207	         24.34645468	         22.89790972	         25.48936732	         21.32154838	         66.50379846	          8.50157898	         10.83643570	         27.82378582	         25.75100052	        132.06258844	         44.68087131	         73.70561056	        259.66071467	        374.40829919	        139.12047736	         63.29948587	        144.70272031	         57.50583926	        168.90253792	         33.08809914	        377.20724886	         39.16063000	         32.18966055	         86.09378901	         45.87430750	         12.53482536	         18.54618175	          6.59517621	          7.45208519	          4.25051018	          5.75101585	         21.74464166	         31.59115514	        146.81054019	         54.70198089	         20.03911133	         36.84739690	        145.82297580	        390.66763055	         15.03183424	         20.38574856	         11.55527545	       1014.43172124	        229.07032375	         40.56579967	        304.58078744	         55.43815761	         43.19437593	         15.05896471	        488.30350867	         93.69506555	        250.00575773	        112.36147946	        182.08722750	         52.10839453	         15.10910593	        506.63099147	         21.89441675	        505.94763763	         96.79906709	        570.38898026	        109.71723974	        106.14151633	        774.13082437	        199.96114042	          0.00787226	          0.01872444	          0.01634875	         -0.02727535	         -0.00495214	          0.07259163	         -0.07125304	         -0.05085332	         -0.00334892	          0.06379557	          0.23730722	         -0.14856433	         -0.08224995	         -0.13365100	         -0.29305249	          6.74920280	          1.77984142	          0.12339994	         -3.35006898	         -0.41977309	          3.87673105	          2.88371829	         -0.41846654	          0.70245658	          2.80171843	         -0.02438047	         -0.04430835	
          3.22000000	         31.65382583	         31.07917718	         12.72448618	         18.11969982	         11.29063072	         72.25955268	        205.69406152	         87.53487784	         84.17872039	         29.10658042	         13.82641647	         21.78533640	         75.03475708	        163.79796690	         16.11356652	         24.20628180	         22.09684016	         26.40265357	         21.74140104	         49.56248468	          8.87824947	         10.12102214	         20.30187374	         32.12108718	        104.70705417	         44.33939248	         73.18324546	        216.96140671	        385.15211606	        112.99979875	         60.13274714	        136.74495884	         59.40039059	        157.99369060	         23.35544207	        368.46200858	         48.46122998	         23.75911459	         64.12998856	         34.12170163	         12.79132194	         19.02271198	          6.62306206	          6.49100001	          4.35767524	          5.85118350	         21.42010410	         31.58161179	        101.32667115	         37.13825281	         22.79327172	         32.90675673	        143.45157581	        385.40637689	         14.91824616	         20.22996572	         11.55552939	        993.86375371	        156.95802163	         40.07939198	        275.39861747	         41.71181136	         42.52807973	         15.08018850	        417.12617960	         63.17625476	        169.59424708	        110.83347858	        182.94392307	         53.71721476	         15.23092609	        402.80647660	         20.82140522	        507.59468917	         68.50443367	        415.27343540	        106.07211243	         97.79103488	        697.58043887	        180.73295219	          0.01229061	          0.02051702	          0.02304058	         -0.02864170	         -0.00128523	          0.08034135	         -0.06603545	         -0.05838180	         -0.00396938	          0.07462836	          0.25910594	         -0.14643581	         -0.02169638	         -0.13499611	          7.73102795	         10.12364370	          2.77888406	          0.78260116	         -3.20990667	         -0.51362466	          5.20845000	          2.86857143	         -0.83801081	          1.00588203	          2.89005699	         -0.03786239	         -0.06707828	
          3.24000000	         40.19681078	         35.21514363	         12.62110330	         17.75207587	         14.10099493	         79.60604294	        258.63700483	         88.42037190	         79.32086886	         29.35468786	         14.61010726	         23.01574212	         92.25346445	        178.91014474	         16.01767471	         23.97179843	         23.86704164	         27.27806286	         21.97837090	         38.49504613	          9.16820433	         10.37818722	         15.47633187	         34.36867967	         87.12610422	         43.50255051	         71.85535635	        199.16283526	        406.09510853	         88.84648768	         61.82281468	        192.95181313	         67.11313130	        148.92430070	         16.94209765	        375.36135797	         57.62350341	         19.78031167	         58.81224975	         29.11572526	         13.36703697	         19.88415723	          6.87522075	         37.52152131	          4.65449485	          6.09085743	         21.15498027	         31.58865594	         69.13840850	         25.10472406	         23.50274938	         87.58552204	        154.42478920	        392.87082051	         14.66615023	         19.89414091	         11.54546511	       1022.83451812	        108.72665156	         39.10797883	        183.78073531	         32.29740432	         41.11248982	         15.20635735	        468.30132670	         45.19038528	        117.89119950	        107.68105713	        184.60408872	         55.25479401	         14.88113130	        358.47358555	         29.26766636	        588.40628527	         49.22189818	        276.25662576	        193.80492323	         90.28386322	        629.15932537	        163.62100930	          0.01881240	          0.02402342	          0.03513807	         -0.03446535	          0.01336968	          0.08104521	         -0.06145471	         -0.06556923	         -0.00173844	          0.07255277	          0.24636549	         -0.11794793	          0.05666644	         -0.13717569	         15.98928711	          9.77258733	          1.96032703	          2.23004347	         -3.45296419	         -0.76608389	          6.33580393	          2.44245083	         -1.25651891	          1.48753209	          2.89229046	         -0.06401122	         -0.08934943	
          3.26000000	         49.44587979	         34.63078203	         12.85209437	         17.38562315	         19.53002903	         66.88646237	        374.02156448	         98.92560018	         81.21161784	         31.01552764	         15.01874875	         22.72524954	        164.18743942	        191.78367056	         15.80415388	         23.83281249	         22.15875245	         28.29492757	         22.45337670	         31.06352148	          9.58552166	         10.83328413	         12.54108612	         39.15526912	         75.96091883	         41.77488032	         69.29937206	        182.02504269	        373.59081119	         74.45857386	         53.82003780	        209.00514010	         75.46435322	        143.19820916	         12.75151043	        389.38284982	         57.07231426	         20.17251369	         59.99218671	         29.68096011	         20.46070433	         21.18882473	          7.14806022	         28.95941258	          5.10530773	          6.44160166	         20.77273376	         31.52650495	         46.98212583	         17.64825511	         42.58513612	         94.40389601	        156.74648949	        389.18723345	         14.31408240	         19.42362760	         11.52304539	        805.79296618	         76.84362879	         37.71228942	        122.54853354	         25.86349493	         39.15195476	         15.41941002	        589.96791810	         33.22254984	         85.67071477	        102.17480721	        196.71705213	         57.28698826	         15.21508024	        279.12432379	         24.76521644	        818.08378058	         37.07311376	        194.49057715	        323.34234661	         87.32561919	        580.41978442	        156.66290552	          0.02503604	          0.02866958	          0.04955251	         -0.04324286	          0.03546488	          0.07466099	         -0.06205152	         -0.06954668	          0.00294696	          0.05808702	          0.19654491	         -0.05771651	          0.12053361	         -0.12251213	         21.30459668	          3.58632041	         -0.31679070	          3.57381602	         -3.69839666	         -0.95888122	          7.06333934	          1.75591213	         -1.58366457	          1.91891558	          2.87468218	         -0.08471265	         -0.10696287	
          3.28000000	         37.11221932	         26.89798380	         12.96837529	         16.75313352	         21.30749048	         73.26019336	        302.44977154	         94.44526652	         63.88510948	         25.33109833	         14.62383150	         23.04215038	        129.27750145	        248.42410663	         19.07136592	         23.93390394	         64.84282024	         29.22579935	         22.77106378	         48.98201002	          9.87750142	         11.10792759	         11.61576742	         34.65242718	         68.96315359	         39.77034010	         67.12533741	        253.64117388	        279.31951847	         21.17152817	         63.22490237	        164.82804794	         63.86043002	        141.66266131	         10.05699140	        313.74916451	         49.00419911	         20.31867736	         60.74969888	         29.96432942	         24.13579234	         22.73326051	          7.35502752	         22.03381243	          5.60542957	          6.73979919	         20.33205155	         31.45752204	         33.01656414	         12.54566703	         37.12622573	        100.69939600	        160.27703689	        374.36447525	         13.89971571	         18.88333840	         11.49163627	        591.20658219	         55.99329933	         35.91045328	         91.54051823	         21.40706907	         36.48353682	         15.64726222	        464.95213947	         26.26275518	         62.12807165	         94.31127771	        201.29804346	         59.53084875	         15.25939457	         87.98780595	         21.56624174	       1069.21123549	         30.56322605	        130.88650779	        320.70342881	         73.45193353	        408.76559257	        122.70775773	          0.02807004	          0.03368970	          0.06120258	         -0.05441558	          0.06109274	          0.06491344	         -0.07074705	         -0.06770403	          0.00882017	          0.03590294	          0.12692448	          0.01668473	          0.15949241	         -0.05585378	         21.19557794	         -2.72744126	         -3.64284035	          4.63788863	         -3.82063648	         -1.03923723	          6.87375031	          0.89275510	         -1.67475770	          2.21937381	          2.72198855	         -0.09369517	         -0.11219092	
          3.30000000	         30.65728311	         21.35708695	         11.95141775	         15.98702560	         17.65137985	        126.43723231	        205.01350657	         69.31169133	         47.87421979	         19.70199080	         16.97456237	         28.74554850	         97.98324725	        197.79929007	         19.02172257	         23.59494843	         45.97646181	         30.20357843	         23.08060917	         80.57694480	         10.21020293	         11.44242567	         11.61871439	         28.51632858	         64.80993664	         36.80753112	         63.96257860	        306.60116236	        357.74550442	        236.84727907	         63.69589283	        133.91787249	         55.23283280	        144.10819851	          8.52066604	        217.31685780	         75.28736532	         20.51149519	         61.03195542	         30.28504857	         19.59362403	         23.86460608	          7.62889383	         35.97345506	          5.97801587	          6.88478299	         19.79921177	         33.01385139	         21.48547378	         11.54952896	         38.05248706	         93.23497430	        135.30969476	        416.29351534	         13.51896440	         18.42635223	         11.49171790	        662.47313216	         41.52087316	         33.94231386	         97.26923930	         18.15516225	         33.33636642	         15.82378889	        332.03742247	         11.52303936	         52.62557560	         85.19273535	        197.23916064	         61.59035399	         14.90803915	        313.23525425	         37.65377999	       1282.14247420	         21.64327310	         89.12650575	        248.31630546	         54.92875457	        287.48764385	         89.54605279	          0.02521958	          0.03876324	          0.06735564	         -0.06540734	          0.07665728	          0.05323965	         -0.08791070	         -0.06018582	          0.01617417	          0.01244451	          0.05606654	          0.08566843	          0.18596036	          0.02548957	         14.78573899	         -4.57979827	         -3.13027475	          4.17045397	         -4.01405531	         -0.97261867	          5.90845855	          0.78392581	         -1.33901679	          1.93962755	          2.53594839	         -0.08401250	         -0.09149479	
          3.32000000	         29.26674932	         30.07568580	         11.35536721	         15.36296372	         12.45385208	         83.39152370	        144.64704835	         52.85625755	         30.20651957	         19.79766512	         19.25917225	         31.73949600	         77.87521674	        165.44440282	         15.57654419	         23.03417058	         33.23498048	         31.26654620	         23.54675503	         59.05623673	         10.65196157	         11.95159559	         11.41484938	         24.18286287	         65.66786458	         33.04159205	         57.99670121	        273.70006806	        559.20767351	        399.12637046	         53.47832968	        111.74505719	         48.80236227	        147.93259090	          7.04808130	        252.15869607	         74.76011658	         39.67066333	         90.48157918	         52.81110623	         16.44896279	         24.30948488	          7.40490205	         25.23991269	          5.68602680	          6.86604907	         19.84635534	         32.25796764	         22.76291310	          8.68385012	         30.23158425	         69.57640641	        240.84814078	        311.10536166	         13.55219650	         18.45621798	         11.72326647	        799.20041415	         51.34144220	         32.51605723	         90.28343363	         25.72095186	         31.31324667	         15.96715480	        245.96557467	         91.58667815	         17.23557731	         77.04756101	        194.88624674	         64.95741080	         15.24095890	        589.63423552	         59.37616854	       1452.62111803	         45.84845155	         62.16227820	        182.24818309	         47.06406864	        205.63187824	         71.03157262	          0.01464834	          0.04344460	          0.06632729	         -0.07313474	          0.07259928	          0.04178980	         -0.11276060	         -0.04623765	          0.02671566	         -0.00833104	          0.02047311	          0.13704710	          0.20461522	          0.02855411	          6.29313525	         -2.37474326	          0.46583948	          2.52715917	         -3.97991144	         -0.74960264	          4.96555282	          1.40932832	         -0.84025773	          1.28168832	          2.42132259	         -0.05749987	         -0.05995645	
          3.34000000	         22.30649306	         23.29127830	         10.19175434	         14.58041126	          8.86715770	         55.25737602	        106.70972947	         42.34618237	         44.27764015	         23.24619677	         15.94568462	         26.09901489	         65.10377030	        145.53464510	         15.12492386	         22.82763635	         24.72676205	         32.37599043	         24.29752945	         57.83323468	         11.16386436	         12.95253563	         24.10800567	         21.06974915	        177.71052893	         30.63883859	         55.26462442	        240.56961280	        442.30130765	        497.13300169	         59.02735461	         95.34183088	         43.95652079	        152.59344849	         32.19839965	        287.35182342	         60.98397260	         41.08361910	        100.56388254	         56.73463427	         16.12788270	         24.79258288	          7.49572241	         18.16172046	          5.77460101	          6.85300116	         27.23467767	         30.04364753	         13.81361538	          7.62891752	         26.81801564	         56.29119150	         95.53837123	        915.55233239	         14.06336686	         18.98902329	         11.98050489	        853.80881770	        359.45423941	         57.46478676	         78.74905530	         42.26607259	         31.30747503	         15.94787231	        190.64946020	         11.70530528	        316.29456330	         70.57941723	        195.09062263	         68.91861857	         14.88465770	        624.48091515	         71.27705682	       1008.43508089	         21.20488799	         45.48135486	        147.86027895	         64.03318456	        228.00774305	         94.95709890	         -0.00360780	          0.04747413	          0.05520400	         -0.07729811	          0.06253251	          0.02960623	         -0.14721220	         -0.02495881	          0.04349679	         -0.02534386	          0.05981216	          0.16155112	          0.21954738	          0.00108050	          1.68651546	          4.74372653	          3.53887501	          1.24300337	         -3.76503754	         -0.54010328	          4.17368214	          2.20695203	         -0.40378217	          0.80216357	          2.38216285	         -0.03382018	         -0.03381562	
          3.36000000	         17.63687865	         18.93794462	          9.82249780	         13.92685927	          6.59682316	         36.93202182	         81.68125943	         35.74299408	         88.44478132	         24.51612968	         14.19015682	         23.22675798	         57.07485105	        133.42980964	         15.31613794	         22.69341548	         18.99322208	         33.69580208	         27.72256218	         81.91619356	         12.12774670	         17.48224087	         46.52821286	         18.83978453	        193.46418365	         32.81522939	         59.57526506	        197.30323875	        343.32214775	        523.31673542	         52.03239255	         86.15097799	         40.47152096	        159.18132504	         64.52819095	        292.72688628	         52.42356338	         35.79042987	         83.20524380	         48.70014451	         16.09311983	         24.56523993	          7.52573636	         13.49006029	          5.74771969	          6.73965535	         37.52418404	         28.78771935	         24.74959284	          6.43464987	         24.76499551	         48.41113681	        623.53072969	        199.36571651	         17.71839635	         21.74655936	         12.24047927	        918.38247432	        349.50611874	        153.03802705	         99.41927789	         59.67972433	         38.43199953	         15.71598363	        154.63087030	        203.22866058	        349.16111154	         66.11437010	        194.89939038	         74.10641115	         14.62907321	        607.93509941	         79.83066661	       1381.73010039	         78.43385173	         35.22420330	        129.67262187	         45.84592868	        146.75362419	         67.67926469	         -0.02880323	          0.05201515	          0.03569777	         -0.07867650	          0.05221004	          0.01528044	         -0.19261329	         -0.00071128	          0.07108771	         -0.03757072	          0.16732562	          0.16234762	          0.25347933	         -0.02282398	          0.53491506	          6.50065718	          3.96537326	          0.59732026	         -3.03525090	         -0.30443231	          3.62914363	          2.72282347	         -0.14536048	          0.67187977	          2.37397383	         -0.01446697	         -0.01969402	
          3.38000000	         14.76585961	         18.13464946	          9.48047697	         13.28150669	          6.16293117	         24.98560978	         64.29526957	         34.47815860	         91.39904990	         29.39129156	         13.15636882	         22.25690061	         55.17121800	        137.01745649	         15.60680801	         22.52945680	         15.83377589	         36.49483413	         31.87349258	         68.13185418	         14.06552853	         20.07070071	         39.25101621	         17.43517533	        167.76419471	         35.70147481	         93.27714761	        155.70398678	        279.76734998	        506.35859971	         41.55668446	         81.70532921	         38.99498693	        165.98371659	         47.98010128	        332.68045102	         50.12472327	         30.96341547	         70.07380751	         41.76397045	         15.66001077	         23.53196270	          7.60522273	         11.13400994	          5.63765768	          6.52673876	         36.18166054	         25.44147250	         31.38349047	          6.35809090	         24.83535380	         46.01812320	        195.08833815	       1726.65096113	         29.34686159	         38.75447161	         12.75362412	        858.53267677	        305.70801491	        113.31122344	         75.14949053	         59.36446004	         41.18906919	         15.19151865	        130.55590100	        117.87777652	        320.50485574	         66.34099712	        192.72333195	         81.78942770	         14.22204361	        454.03643967	         54.59916971	        454.58551143	         55.79108097	         29.07396242	        120.67880453	         92.76209548	        507.99466524	        153.15503839	         -0.05914392	          0.05890921	          0.01274443	         -0.07828861	          0.04740393	          0.00085935	         -0.24523824	          0.02162669	          0.11177490	         -0.04500314	          0.32020189	          0.15057760	          0.31060933	         -0.03480152	         -1.12401005	         -1.22567257	          3.55286242	         -0.04707584	         -2.31040187	         -0.12211662	          3.36041977	          3.26262843	          0.03235905	          0.59983811	          2.47736100	         -0.00445338	         -0.01001451	
          3.40000000	         16.90598802	         21.24215607	          9.33345493	         12.68909939	          6.72525960	         17.74480401	         51.97282664	         33.54452021	        104.71193237	         30.89564241	         13.12329554	         22.70623688	         57.71972824	        143.40887651	         15.36284256	         22.03599100	         15.38560824	         35.01108226	         27.91697905	         51.74743518	         13.02336074	         17.21179822	         29.37815867	         17.43102620	        133.28079918	         40.20263697	         86.25060693	        133.01072918	        296.07314761	        413.78458815	         35.12369916	         77.48560492	         37.68363411	        173.50818419	         34.47559634	        342.59178052	         52.55606615	         36.85239426	         87.60951652	         50.73587733	         14.98161563	         21.92912221	          7.66274798	          8.59740030	          5.51705280	          6.30965927	         27.00618094	         32.36364990	         22.60755091	          6.99262216	         23.34270264	         31.29988676	        281.39543355	        927.83571552	         22.10429627	         29.39403806	         14.07962397	        675.39512455	        212.93034495	         84.63605461	         71.77481571	         45.24815029	         34.55807052	         14.48458026	        110.45833674	         61.55819905	        221.55795437	         65.78342571	        188.72188423	         90.03698553	         15.04974111	        311.26087537	         54.27574218	       1490.40544276	         46.32356509	         24.99604579	        119.85689883	         68.37933361	        366.06822557	        113.08934084	         -0.09146018	          0.06929507	         -0.00703886	         -0.07526215	          0.05749345	         -0.01022565	         -0.29741524	          0.03939401	          0.15962429	         -0.04892451	          0.53075039	          0.12825984	          0.36646023	         -0.03779098	         -2.85578725	        -13.02853025	          3.18063807	         -0.40635359	         -2.09614241	         -0.10018159	          3.61201606	          3.86130922	          0.06795545	          0.55236154	          2.69325795	         -0.00915418	         -0.00920358	
          3.42000000	         29.45121909	         43.81870326	          9.71272371	         12.07089302	          9.65212568	         27.85401280	         41.87780473	         33.20376119	        100.61067811	         31.40375375	         11.13962174	         22.87028173	         60.35656727	        150.63470031	         16.02446581	         21.45263834	         15.01578891	         34.92953165	         25.86209149	         48.73828420	         12.54979230	         15.43822835	         22.86123142	         18.35384677	        111.35445086	         33.30452803	         68.34307939	        140.32954938	        255.70714876	        301.49107851	         27.56070332	         73.24025685	         36.46400336	        180.94019646	         25.55404032	        342.64083178	         53.39581909	         39.49864500	         99.02043645	         55.13333138	         14.11289305	         19.36792097	          7.95818109	         32.85000551	          5.46829581	          6.01105050	         20.08319402	         27.32135661	         16.35640484	          9.13223053	         61.20530988	        231.65284398	         74.35052598	        592.18582385	         17.02185071	         22.91659109	         13.19166133	        462.42190426	        147.84976960	         64.25682434	         58.90639220	         33.40845152	         29.07179075	         13.44688469	        199.10929842	         37.48159250	        112.92651821	         59.80314810	        182.30835938	         98.55683412	         13.53992921	        199.81101176	         39.54579621	       2126.18962809	         34.91196804	         46.10736867	        109.07154194	         74.15417921	        318.40476706	        111.79206109	         -0.12271156	          0.08128817	         -0.01568723	         -0.06784217	          0.08853652	         -0.01588441	         -0.34138338	          0.05219845	          0.19801506	         -0.05058090	          0.87692862	          0.09355619	          0.38474774	         -0.03579077	         -4.28626002	        -20.11240590	          2.63660387	         -0.20235538	         -2.25511007	         -0.19129437	          3.90666052	          4.12014331	          0.00289769	          0.58404209	          2.79238623	         -0.02134268	         -0.01489487	
          3.44000000	         41.39372113	         58.61337232	         17.16610552	         13.20930425	         20.56026269	         31.87352148	         52.96252801	         34.07465458	         70.09676928	         27.12339673	         22.26770177	         21.61185596	         63.49557727	        158.94322105	         28.82266228	         23.95804254	         40.49235435	         35.19023260	         26.46754735	         56.66304320	         12.85156766	         15.29434844	         19.20659983	         22.12595445	         97.88125428	         28.14062960	         56.78754107	        120.26140754	        214.82632398	        211.65403386	         21.78679382	         70.72934632	         38.14961701	        188.62168916	         19.78913790	        355.22658605	         58.54637966	         33.66349631	         79.90596034	         46.14900335	         45.45023452	         52.61656270	          8.31619689	         23.66965823	          6.35413206	          6.52144778	         17.26276365	         24.73710472	         13.49676662	          8.58486029	         49.97063856	         65.10346684	        298.71717902	        317.86671276	         14.60253504	         20.90191432	         13.79243699	        313.06627641	        102.86604817	         50.04543765	         40.44295951	         25.16634454	         24.68628953	         12.69320599	        212.35227545	         27.94545693	         81.81968438	         56.20260376	        225.59026522	        126.61237453	         14.70166728	        130.96761269	         29.54764314	       1946.29512427	         30.71506652	         38.72425900	        467.96878636	         95.13616828	        499.40082541	        156.17163710	         -0.15073322	          0.09124585	         -0.00845659	         -0.05595691	          0.13366420	         -0.01613991	         -0.37342526	          0.06007265	          0.20691239	         -0.05207106	          1.39195768	          0.04651167	          0.34238324	         -0.03076787	         -4.39441084	        -18.98875627	          1.97499220	          0.52207548	         -2.45007847	         -0.32041062	          4.02851939	          3.74195696	         -0.15395320	          0.71592457	          2.63357004	         -0.03437292	         -0.02600481	
          3.46000000	         50.35252572	         75.53874900	         25.47190545	         16.06193591	         26.64178827	         32.46554692	        125.51986693	         35.93069629	         47.00169167	         24.38253744	         28.97564800	         68.16761849	         67.33941287	        168.24810765	         34.79160499	         28.02687502	         63.52973576	         35.18303324	         26.52288009	         46.09707307	         13.12692405	         15.58246666	         17.41946297	         25.04483277	         90.29840304	         24.86610920	         49.66274991	         92.08876008	        189.67507178	        146.47523551	         18.01562025	         92.62338541	         45.81909583	        196.97460009	         16.20026108	        360.38980148	         93.80166887	         28.24824695	         65.29615509	         38.31759626	         69.97064491	        110.97142050	         28.37586924	         28.44334014	         25.87081294	         20.00664901	         19.46279053	         22.69106684	         11.56709745	          8.33444684	         34.67589933	        181.89650972	         93.75738407	        337.39917041	         15.66411746	         22.25203526	         15.58348456	        210.25589346	         72.47155236	         40.32743712	         27.93444933	         19.35989033	         21.96305911	         15.23382838	        162.54503799	         24.49220742	         66.51375442	         52.20049089	        203.32177995	        336.24539917	         13.35934478	         88.78440311	         23.84954378	       1630.39117069	         24.94542553	         35.15877458	        497.10813448	        100.34665711	        440.23732158	        162.52328139	         -0.17382082	          0.09550688	          0.01378903	         -0.04215763	          0.17545283	         -0.01215462	         -0.39460967	          0.06071787	          0.17168556	         -0.05565630	          1.66657694	         -0.00634315	          0.23102443	         -0.02063676	         -3.78042667	         -9.85629633	          1.63163588	          1.34894083	         -2.46551167	         -0.41159253	          3.84101246	          2.92019369	         -0.29538418	          0.85423856	          2.27160372	         -0.04155566	         -0.03508540	
          3.48000000	         70.37108045	        125.98555121	         39.46900441	         25.90599922	         37.80007065	         38.47834640	        186.38848799	         36.46330010	         37.70138373	         26.30555835	         23.05249938	          6.30726106	         70.07338462	        177.30020160	         38.25502409	         31.82399307	         94.60003793	         34.95118065	         25.59610134	         36.61191015	         13.15839259	         15.41873263	         16.15055244	         29.19688921	         86.75419609	         24.16830106	         46.57941658	         74.63674873	        180.34574374	        102.36122640	         15.67319072	        177.54821333	         59.90714491	        205.26841697	         14.03720906	        329.47049077	        367.84544302	         25.47558752	         59.14244935	         34.19593993	        156.36205724	        172.78095909	         73.27977974	         23.13842200	         94.12931855	         50.35898735	         62.27803423	         19.73543832	         10.07823480	          7.44254921	         74.25840816	        177.80277434	        156.35433114	        223.09010114	         14.50479241	         21.44635222	         61.74021258	        141.42785271	         52.47635672	         33.64238386	         19.61793877	         15.29608749	         18.61526537	         23.71451389	        128.14994432	         21.20493983	         56.26544957	         44.78794161	        180.67080762	        690.73996620	         11.76568263	         61.72206640	         21.23522450	       1070.22848952	         20.54684976	         24.08629952	        564.42015566	        101.53743771	        338.96693529	        150.70635439	         -0.19030359	          0.09183003	          0.04275566	         -0.03006389	          0.19879828	         -0.00627438	         -0.40691720	          0.05293434	          0.09431457	         -0.06292671	          1.16387437	         -0.05529396	          0.03807019	         -0.00012668	         -5.03017188	         -0.44339887	          1.26492772	          2.08119817	         -2.12993847	         -0.42656604	          3.51796832	          1.97308080	         -0.36946106	          0.98981272	          1.89306947	         -0.04215796	         -0.03773071	
          3.50000000	         93.61461419	        182.01265213	         49.82407368	         24.78739350	         48.75879487	         48.22364544	        231.30772072	         35.52162651	         27.33595091	         23.13119405	         13.14981230	        260.20012699	         67.49343111	        187.54167495	         47.26626518	         37.44902896	        131.23122278	         34.65771806	         24.77041849	         29.43819635	         13.14162454	         15.12688678	         14.71615995	         31.84584603	         85.78472299	         24.47895830	         47.43485389	         58.10858743	        182.59525715	         71.62887815	         14.16077665	        398.96940034	         58.37515596	        212.57260773	         14.13177115	        310.66510549	        450.63576419	         30.17400983	         68.30089207	         40.65515144	        177.99541660	        463.11059479	         52.22883007	         18.01762647	         87.07470720	         92.78777542	         47.77524574	         22.68979798	         10.97408896	          5.97898654	         52.15152044	        136.88722620	        107.68715192	        161.83812651	         81.41816035	        105.10890286	        226.14664950	         96.27404143	         39.46569616	         35.58788902	         14.12950649	         12.61626126	         18.62914543	         44.32441721	        115.42504840	         17.99243969	         46.50378852	         33.49037399	        247.27734297	       1081.88669239	         25.04359284	         43.68053078	         17.41142863	        786.02632221	         18.95210932	        188.56226234	        522.41145988	         79.63528148	        261.93269827	        118.34806222	         -0.19769606	          0.08175502	          0.06945197	         -0.02065838	          0.19735719	         -0.00153191	         -0.40922908	          0.03921976	         -0.00028098	         -0.07278231	          0.33328717	         -0.08223999	         -0.18548139	          0.03282688	         -6.80941799	          8.33253361	          2.42623268	          2.42860780	         -2.09585600	         -0.46841857	          3.91558887	          1.73603390	         -0.40515798	          1.03242875	          1.95323553	         -0.04483682	         -0.03679334	
          3.52000000	         91.55250321	        151.16715172	         74.95345513	         66.40945454	         58.67662918	         50.39981399	        296.54072298	         34.33702372	         20.36314830	         15.97182616	         81.52869744	        251.76857179	        143.15265531	        201.48274250	         48.70820333	         29.73277638	        179.83273794	         33.42290431	         22.27874191	         23.73021015	         12.67347512	         14.13781467	         12.57990882	         37.54997377	         85.59181666	         25.00667884	         49.10408955	         31.66954384	        184.27977252	         58.22152648	         12.95800235	        505.85485450	         94.71029543	        262.90189306	          8.12869097	        328.73361384	        625.91999654	         31.47565250	         63.92691181	         42.21004229	        311.65988719	        621.96608067	         37.69346103	         15.05515528	        124.66242519	        186.72196753	         17.67420127	         16.60615142	          7.14373036	         48.42286710	         33.83690086	         86.21194640	         80.33888084	        126.40683154	        129.00138358	        177.46142235	        335.61545524	         67.17272337	         31.02868219	         30.56988050	         10.51999667	         10.90981424	         14.95568992	         70.81742380	         95.35583840	         16.02709023	         41.18470202	        400.56857822	        581.03826927	       1313.37385135	         19.92889973	         31.79768987	         15.33681251	        637.10986818	         16.42282441	        460.84733463	        282.40201171	         72.94304424	        220.13649812	        106.52613897	         -0.19633710	          0.06885879	          0.08694202	         -0.01465871	          0.17855592	          0.00030340	         -0.39453821	          0.02516347	         -0.08043826	         -0.07952098	         -0.16501538	         -0.08441752	         -0.38595769	          0.06436435	         -5.98178231	         18.19935936	          2.25036374	          2.59882422	         -1.74483541	         -0.40076812	          4.34689165	          1.56335228	         -0.42714659	          1.15289948	          2.12134892	         -0.03867064	         -0.03476050	
          3.54000000	         63.60435096	        103.61062882	         51.17648555	         45.86830477	         39.65424349	         34.22956931	        201.33831418	         32.36784834	         15.64724703	         14.34137903	         69.12158655	        247.71157858	        126.51111711	        211.46846300	         41.98649797	         89.03108613	        122.17168452	         72.20567244	         58.45661795	         66.35147173	         27.24988259	         30.49187851	         29.29902139	         29.28781706	         95.03380348	         25.98860943	         50.77942176	         54.27278963	        173.02632860	          0.25112571	         16.72524886	        337.34174648	         71.05843448	        323.35460002	        102.40343816	        326.66742852	        701.11440284	         57.87158132	        234.80269244	         90.94743621	        213.20096557	        498.64063601	         27.36785459	         13.08707796	         87.28807284	        170.74482754	        204.70897633	         54.63516143	        142.25285126	         34.54675366	         28.89842565	         60.88269761	         61.35232413	        101.64553188	        178.07165446	        159.31438825	        231.98422295	         47.23430073	         23.81379552	         26.65652086	          8.18126812	          9.83847465	         11.61218819	        107.38317068	         77.84926150	         12.41830780	         21.81438888	        366.61627550	        650.53428928	       1191.22322660	         64.29477861	         23.84912144	         15.40341842	        503.45160068	          7.95156745	        485.62764041	        200.45064016	         62.02715183	        187.57885514	         90.83342958	         -0.18901767	          0.05592244	          0.09080240	         -0.01155491	          0.16697571	         -0.00431113	         -0.35476166	          0.01790701	         -0.13071045	         -0.07733771	         -0.34383619	         -0.06513574	         -0.46436585	          0.07350361	         -3.91444595	         26.08540810	          1.56696211	          3.16355268	         -2.01304235	         -0.46826603	          5.21702054	          1.81498791	         -0.49737442	          1.33639074	          2.51808572	         -0.04518825	         -0.03839571	
          3.56000000	         45.02032638	         72.12055745	         35.14035251	         31.98720440	         26.89336205	         23.41630296	        138.78637492	         37.22503498	         13.87918091	         14.34771777	         63.64799588	        222.86573777	        107.54426265	        222.98165740	         48.84068880	         80.41346935	         83.29101402	        405.64634153	        169.20121390	        188.30868892	         52.37036318	         61.64332300	         71.37711834	         23.84795792	         95.23394319	         26.87073453	         52.20656338	        114.83185192	        166.32720981	        558.00851260	         25.25436712	        242.02647228	         55.31300386	        277.72775691	         95.80170623	        246.54738984	        721.84760728	         40.21182815	        155.94427979	         62.93023181	        146.16633241	        339.53970213	         20.37572323	         14.10465582	         60.71794360	        115.80109049	        143.47090628	         50.23782698	        185.17232677	         53.28521208	         22.80141717	         47.06006189	         48.56443764	         84.04578741	        121.80431225	        111.03754060	        160.52542162	         83.67219613	        103.47772626	        204.16511134	         15.06209972	         37.52306410	         51.48349545	         75.42914650	        165.14304343	         80.03864966	        157.52239368	        228.14394097	        472.78336803	        636.27655674	         43.63525063	         25.75464274	         17.67490861	        413.86009571	        141.60154198	        461.63860351	        134.67079057	         56.83555032	        171.25992629	         83.46227189	         -0.17670731	          0.04666275	          0.09069142	         -0.01076132	          0.15293895	         -0.01574560	         -0.28747878	          0.01828126	         -0.15180998	         -0.06334342	         -0.31242628	         -0.03802274	         -0.42446815	          0.06948866	         -1.79905274	         34.71429484	          0.73202518	          3.91464799	         -2.18116071	         -0.51211908	          6.18967076	          1.89944689	         -0.63749950	          1.64018065	          2.87934184	         -0.05060499	         -0.04862506	
          3.58000000	         32.68835881	         51.49844905	         24.32099395	         22.69059915	         18.31983443	         16.17498806	         97.11916000	         34.72501397	         12.87650587	         13.08377200	         67.35222907	        231.52661004	        116.76034513	        231.34248940	         56.05565461	        118.51470108	         56.96668638	        428.94366802	        226.66363745	        158.26119048	         59.87472686	         82.08550093	         81.53192480	         20.25537559	         94.03770939	         27.03658171	         52.50734442	         80.44254126	        162.91630487	        509.78685696	         25.19209637	        149.78895520	         44.74105660	        331.08177041	         97.54928233	        257.17398633	        770.79378338	         48.11724183	        190.82416495	         73.76678231	        100.98298888	        231.95049957	         15.73450148	         15.09129689	         42.16565402	         78.38728950	        102.34814842	         98.17048595	        191.34712073	         49.23820627	         19.79167236	         39.80443898	         39.92936663	         71.36100833	         84.04430941	         78.54246085	        111.54098455	         67.08406496	         83.15000497	        172.54233020	         20.45272827	         39.69489178	         49.40444224	         53.96017472	        178.49291198	         88.76262638	        174.26710253	        171.59219178	        340.49745123	        573.16674677	         67.78091990	         40.12984437	         21.97999879	        363.59651454	         91.10773453	        403.98250087	        125.14617083	         58.69473626	        176.92360995	         86.14697998	         -0.16005711	          0.04236879	          0.08686193	         -0.01264596	          0.15155982	         -0.02828863	         -0.19494441	          0.02531436	         -0.15523637	         -0.04028633	         -0.16764516	         -0.01651497	         -0.34864674	          0.06124133	          0.79891110	         42.37555694	          0.25171388	          4.76711619	         -2.39549615	         -0.63966254	          6.98727473	          1.81936864	         -0.83506800	          1.94806363	          3.09530921	         -0.06357724	         -0.06500863	
          3.60000000	         24.53811318	         36.74909880	         17.12419972	         15.23682970	         12.63032817	         11.34937111	         69.78853978	         34.02100006	         12.87907502	         13.78853995	         72.96392478	        248.39877657	        122.92829405	        236.47563491	         39.47721906	        117.91764076	         39.36406401	        460.51283496	        156.14901328	        110.27321096	         49.92100761	         68.92692608	         57.46704516	         17.88900868	         91.33835918	         27.14073012	         52.67652834	         56.11648509	        161.51473652	        351.81623019	         20.61348552	        166.91545813	         37.72576756	        411.39179196	         83.42183662	        304.55976384	        824.15404945	         50.21346581	        221.84676755	         81.11277386	         70.72434799	        158.40467727	         12.76666460	         16.09885785	         29.48008056	         53.00808051	         75.34013761	         71.06733752	        174.39456918	         43.35999315	         17.85509084	         34.85057822	         33.69316119	         65.57611647	         58.65977964	         56.80978376	         78.59785997	         49.57330471	         60.44799736	        121.36349812	         15.17555981	         28.76871387	         35.46229857	         39.21877414	        169.21017161	         81.63069095	        187.35157580	        141.91021542	        348.14323217	        512.29804235	         49.47494212	         32.29746617	         18.94509706	        344.18236943	         59.87588960	        387.44067161	        108.74251326	         60.00180243	        179.33841045	         87.74104617	         -0.14007535	          0.04032333	          0.08131203	         -0.01478596	          0.14942014	         -0.03632061	         -0.08686014	          0.03371346	         -0.14816598	         -0.01518352	         -0.01619877	         -0.01274553	         -0.28516533	          0.04864875	          2.14926344	         46.52477626	          0.73006518	          4.61958141	         -2.23831942	         -0.72101238	          6.57945520	          1.71651846	         -0.84261923	          1.91459825	          2.96793508	         -0.07037006	         -0.06775738	
          3.62000000	         20.46075967	         53.14536085	         13.15862841	         37.95674020	          9.20392641	          8.22440642	         51.73934103	         33.88319641	         13.09220408	         14.16096592	         78.10119771	        264.36303047	        126.21178526	        239.01705687	         27.92124155	         80.87025893	         27.69717866	        406.50630258	        108.64107378	         77.96109005	         78.18303263	         49.63715597	         41.17338392	         17.25357687	        160.31031937	         27.44567682	         53.10962208	         39.27459607	        168.07512065	        238.15228941	         17.45405773	        121.34808444	         34.49983509	        459.66459821	         66.19553964	        359.34051153	        868.92937015	         52.54123030	        247.52173105	         86.47586241	         52.13023914	        115.74480025	         12.96202551	         17.19964196	         21.11713284	         45.03481347	         54.79305878	         51.31299614	        149.59396871	         38.20573777	         17.34703061	         31.15527477	         32.22764308	         72.90992960	         41.85749195	         42.51995378	         56.80405266	         37.72072355	         45.31093326	         87.45160611	         11.54308369	         21.28241976	         26.03439502	         32.72567812	        128.54135042	         65.76205260	        177.64220617	        117.98585600	        321.08681457	        329.37423507	         40.92330599	         32.98267444	         20.13073643	        345.51281052	         39.30489170	        378.67372499	         94.81074778	         58.61133278	        175.91733598	         85.91120493	         -0.11806047	          0.03641411	          0.07171152	         -0.01615186	          0.13677703	         -0.03566745	          0.02333348	          0.03747861	         -0.13299158	          0.00443176	          0.06225602	         -0.02740363	         -0.21849019	          0.03716317	          1.62304561	         45.37835608	          3.27947635	          2.99966739	         -1.54603558	         -0.57468696	          5.27503173	          1.87422975	         -0.58760265	          1.49561541	          2.63778399	         -0.05662519	         -0.04959292	
          3.64000000	         35.78338155	         86.72172863	         13.50733656	         28.04047085	         10.64355898	          7.10025535	         39.92680681	         33.82887000	         13.23591258	         16.07013568	         81.97517474	        277.06069092	        134.75568573	        238.93141787	         20.25959594	         56.39264034	         20.00735046	        390.04359735	         77.51064588	         56.49210088	         81.14952922	         37.04030291	         30.49561686	         18.19733301	        205.85449290	         28.03575978	         53.95840073	         28.10613497	        189.59426313	        166.79418228	         15.59708733	         91.45450339	         32.50601723	        511.73442814	         64.16640626	        422.59487344	        896.38087516	         55.75193891	        289.86315080	         94.11707802	         45.61288540	         82.80409695	         13.69378197	         18.01264669	         16.55149265	         57.27103639	         99.87432882	         58.53869308	        133.72645242	         37.49446044	         17.29648158	         31.00375869	         35.56287036	         81.04893580	         30.78956558	         33.22154780	         42.50312489	         29.77428014	         35.29646230	         65.11507573	          9.09169132	         16.20587958	         19.76465841	         42.78019379	        102.85241358	         62.05432992	        163.95361337	        115.49315392	        311.76815342	        220.19442941	         41.74437560	         38.36062201	         25.89610156	        376.36203497	         27.34847985	        394.24175635	         84.63368176	         55.83954660	        168.41470625	         82.15393473	         -0.09534989	          0.02964491	          0.05571090	         -0.01635694	          0.11212438	         -0.03159086	          0.12534836	          0.03566703	         -0.11119046	          0.01509480	          0.05181526	         -0.05150753	         -0.16242967	          0.03207886	          0.11838540	         42.08080097	          6.21260224	          1.06113934	         -0.59888153	         -0.24483832	          3.84570238	          2.06577328	         -0.22952409	          1.06291139	          2.25137406	         -0.02832565	         -0.02219299	
          3.66000000	         26.82212720	         61.02428671	         11.58798266	         20.26234690	          9.01270962	          7.31493945	         32.00980368	         33.97570625	         13.53228367	         15.38202293	         80.65519486	        273.44939430	        128.94738842	        238.69592853	         15.14541860	         40.10425763	         14.91951119	        382.65552306	         53.73754799	         42.20059649	         84.07991608	         28.61332616	         22.54575373	         17.92019618	        200.48639109	         28.99351839	         55.30944690	         20.32570669	        190.27712286	        214.24399336	         14.84078696	         71.77220671	         30.96652135	        524.73389570	         69.57057617	        433.17370848	        880.64254234	         54.22580333	        262.18595434	         90.36366145	         34.16047269	         57.54965099	         13.68235128	         18.49426478	         13.51173189	         44.92261650	        139.03320548	         72.41160594	        130.90549602	         39.35019461	         17.07125286	         30.82697585	         39.00378810	         90.16840843	         23.61530378	         27.72828746	         33.12931708	         24.56958093	         28.75464252	         50.43760201	          7.64686104	         12.83567911	         15.71578752	         45.59955137	        100.42473559	         67.03536902	        155.31252234	        123.74123087	        334.73927558	        156.40012310	         48.34582079	         44.93272452	         33.67710821	        402.58051247	         19.58289571	        413.77130374	         77.81621861	         51.68595383	        157.31484763	         76.52671197	         -0.07311227	          0.02244473	          0.03390671	         -0.01595426	          0.08294566	         -0.02831723	          0.20973896	          0.03288970	         -0.08584931	          0.01798980	         -0.01042787	         -0.07100574	         -0.12439808	          0.02975030	         -1.36503118	         36.49645526	          7.97719209	         -0.37677776	          0.38024397	          0.10684489	          2.96963195	          1.91209345	         -0.01552983	          0.81662259	          1.87980424	          0.00010467	         -0.00393395	
          3.68000000	         20.66084708	         44.18340544	          8.92425487	         14.87300044	          6.61605743	          6.11002742	         29.32928965	         34.44331504	         13.76500913	         14.68430152	         75.44926811	        257.08633659	        132.00078832	        238.64142070	         16.90045948	         31.38005109	         12.07972360	        380.67605990	         93.07488647	         34.72487246	         63.65489094	         50.64765742	         34.37905138	         16.52424227	        161.89680068	         30.08687855	         56.82602956	         19.69200509	        180.23926217	        361.07080183	         17.94264335	         58.75138915	         29.82154783	        484.79128502	         79.03531569	        405.38094436	        830.60877473	         48.14575287	        199.07086537	         77.19120604	         25.59240021	         40.48719219	         13.27545316	         18.67100225	         10.53613526	         30.48004612	        131.59175741	         99.01503304	        137.04281631	         41.58812684	         16.63215037	         30.21008718	         42.64146862	        100.20111881	         19.74627366	         27.59428864	         27.02195649	         24.21226208	         24.56881390	         40.77237659	          7.69807709	         10.76361782	         13.24469641	         41.19861570	        110.56362753	         70.87597915	        152.28360795	        165.30321594	        344.02320782	        114.80051723	         61.65407054	         93.37456743	         45.68183374	        420.33973985	         14.59735085	        428.13044683	         76.23039159	         46.96030696	        144.48484666	         70.07221665	         -0.05294574	          0.01873750	          0.01091982	         -0.01486459	          0.05777153	         -0.02653847	          0.26684460	          0.03488469	         -0.06157301	          0.01610305	         -0.06694999	         -0.07913629	         -0.09615559	          0.02617497	         -2.26704194	         31.94578298	          8.98475041	         -1.32108439	          0.81236033	          0.31423237	          2.98809360	          1.51849942	         -0.03398427	          0.61343591	          1.64464838	          0.01701398	         -0.00224863	
          3.70000000	         16.66314862	         33.32369942	          7.75388759	         11.22056329	          5.49184077	          5.89783945	         28.74121243	         35.06882953	         14.00243568	         13.87861968	         67.94904431	        232.78777888	        125.82909248	        240.19572456	         16.52384122	         23.94729820	         11.66864419	        375.37597103	        136.37718396	         95.82624213	         61.40831010	         61.74965863	         59.13692886	         15.92907542	        140.72401044	         31.20973124	         58.35285990	         28.38601409	        177.35920234	        500.33888879	         25.24061235	         52.61460635	         28.73188597	        427.53155609	         95.67856375	        350.36318307	        760.92388629	         40.99962085	        145.09790893	         62.99488906	         19.81237027	         29.25875197	         12.81816860	         18.62482256	          8.44302746	         20.70710327	         97.49349689	        123.97005766	        145.61647147	         43.56060299	         16.21799308	         29.64960196	         46.41485271	        110.92416832	         20.06544833	         27.84405539	         23.51231251	         25.01754925	         24.36899673	         48.43000090	          8.17765985	         12.00218032	         22.44051783	         30.99709503	        131.23380008	         72.44851486	        154.42801412	        197.90824436	        329.75834705	         85.93070687	         75.09146551	        165.62780096	         48.42296149	        431.25795412	         13.67735154	        437.97391824	         74.38124284	         42.46746604	        131.90835438	         63.84708375	         -0.03676766	          0.02106911	         -0.00868307	         -0.01278378	          0.04420903	         -0.02488964	          0.29074776	          0.04444929	         -0.04065534	          0.01176456	         -0.07580524	         -0.07824353	         -0.07537359	          0.01990070	         -1.24824344	         29.58401777	          8.68262753	         -1.68820275	          0.77928507	          0.37990409	          3.48047475	          0.94023402	         -0.18830233	          0.49069562	          1.52549374	          0.02302978	         -0.01052629	
          3.72000000	         14.73754808	         26.31336903	          7.65237272	          9.08527663	          5.44463598	          5.86804085	         28.58363835	         34.61337059	         14.12781445	         12.49210809	         59.69572218	        205.13002140	        114.19032891	        244.99079348	         15.17662311	         19.45610188	         11.45566331	        419.12125681	        152.07606102	        120.46742078	         67.03171244	         70.74068729	         67.58856833	         15.90553896	        168.11457132	         32.23267445	         59.72615407	        142.97275963	        192.86562306	        578.90558793	         30.67455542	         52.61076920	         28.63603398	        356.62448192	        109.60929215	        283.30286187	        686.02686312	         39.44251306	        127.56435578	         59.67105827	         16.05637274	         21.93832942	         12.64543208	         18.56541178	          8.05800853	         14.26923110	         75.22624293	        126.64873075	        151.72577004	         45.08724621	         16.03185494	         29.46031293	         50.00071276	        121.50943481	         20.66448648	         27.96747098	         23.30300568	         25.78379778	         26.91419093	         77.75654619	          8.78233343	         15.14822279	         34.61007322	         24.68269249	        149.58719857	         70.58509914	        167.03843475	        209.82530503	        308.75637525	         65.54066897	         77.67737036	        217.55421823	         48.80639567	        436.94465528	         37.17961177	        447.41664544	         73.72440552	         38.74393269	        120.96248835	         58.57462019	         -0.02515638	          0.02806142	         -0.02308011	         -0.00965074	          0.04282253	         -0.02453296	          0.28746009	          0.05944907	         -0.01831139	          0.00685317	         -0.03211328	         -0.07125834	         -0.06265176	          0.01058953	          0.81537860	         29.00756644	          7.62135017	         -1.63402842	          0.38123995	          0.34286251	          3.82866385	          0.49149615	         -0.28804380	          0.41681343	          1.50617456	          0.02181831	         -0.01531700	
          3.74000000	         14.86327609	         21.75698504	          7.51945713	          8.82802803	          5.39889523	          5.89391614	         28.43464059	         33.22054950	         14.50048364	         13.98315230	         50.25878536	        170.89454329	        104.68878658	        249.52462794	         14.34231423	         17.98593177	         11.20983457	        407.94227664	        182.37522972	        185.89274718	         66.30076114	         81.49444151	         91.67058747	         15.97993913	        174.50761807	         33.05925673	         60.81837142	        161.84850685	        197.22975301	        609.12655626	         39.59849893	         52.52929223	         28.57860759	        300.30845069	        119.16514293	        235.92773926	        611.69629413	         34.86977277	        105.51411824	         51.68483187	         14.76360888	         17.21580416	         12.49426484	         18.49026891	          7.87022659	         10.04268834	         63.90408102	        152.61151880	        152.90753685	         45.75662605	         16.17310395	         29.69845561	         53.31958680	        131.01724488	         21.53525384	         28.26168094	         23.04521058	         32.11724490	         39.87413668	         84.01740625	         12.32909474	         22.03331117	         43.66415911	         21.36134874	        151.41191068	         67.04134208	        186.52894453	        197.11455238	        248.04567502	         50.69471877	         77.75756127	        166.50807274	         53.05453340	        435.95313600	         28.64412543	        457.45541148	         74.88140004	         35.50918948	        111.47755199	         53.98071303	         -0.01577126	          0.03647514	         -0.03290247	         -0.00597396	          0.04893642	         -0.02896542	          0.27195874	          0.07560913	          0.01409060	          0.00282353	          0.04782485	         -0.05793280	         -0.05808044	         -0.00211761	          3.75639612	         29.26721482	          5.73341178	         -1.00436357	         -0.21145114	          0.21301338	          3.92552360	          0.27065469	         -0.32583752	          0.46547374	          1.55030542	          0.01348972	         -0.01767192	
          3.76000000	         15.03569481	         21.29151232	          7.50142872	          8.71154012	          5.43346858	          5.98170174	         27.96145508	         30.81477276	         14.91249601	         11.10596121	         41.76018402	        136.59675111	         92.84306104	        253.18552402	         19.85715006	         17.19248150	         11.12278644	        397.67188461	        201.77895820	        240.86130796	         61.94638391	         80.77584179	         94.53111363	         16.12649355	        147.57897522	         33.55939296	         61.42432954	        146.52604255	        187.80418024	        482.66616693	         32.00879084	         52.52003348	         28.46753914	        264.11204299	        115.45403384	        211.70455689	        564.87514455	         28.99557849	         85.46925338	         42.45955244	         14.07049076	         15.84529572	         12.16918237	         18.17943915	          7.49631529	          7.24785416	         53.24905418	        105.42185628	        149.93007640	         45.05088108	         16.57025670	         30.28859845	         55.51931418	        137.58917989	         21.94662084	         28.65335393	         22.59618232	         33.39115022	         34.28622143	         65.35021845	         11.82488060	         18.46921978	         33.06158074	         17.95870437	        178.89774113	         62.82099956	        206.01659512	        206.25949162	        235.51835042	         42.13932208	         67.10507679	        124.04885568	         43.44801886	        424.61248142	         32.74103957	        463.85332063	         77.89472046	         32.98099488	        103.24806519	         50.22507950	         -0.00537978	          0.04328432	         -0.03980498	         -0.00230521	          0.05700502	         -0.04011355	          0.26094718	          0.08799700	          0.05986491	          0.00005027	          0.13982149	         -0.03975621	         -0.06033243	         -0.01672742	          9.80508599	         30.84530729	          2.11548352	          0.84002981	         -0.87560908	         -0.06957934	          4.14085476	          0.05166773	         -0.46058386	          0.85276106	          1.62507969	         -0.00814060	         -0.03141683	
          3.78000000	         15.27444865	         21.76895282	          7.62993417	          8.92114109	          5.53969892	          6.09646767	         34.40720963	         67.20183131	         19.13849742	         21.29415505	         35.73771589	        116.62539418	        152.89475984	        269.86988132	         62.40048891	        147.86939861	         11.32008039	        411.20805860	        203.27599566	        176.77160767	         56.35214671	         67.24414425	         75.87989544	         16.59625726	        130.12357864	         33.92999581	         61.78949642	        100.99633700	        182.22324047	        237.75138456	         28.36758264	         52.34420594	         33.37119083	        242.19872034	         82.90312874	        249.65746371	        562.99017214	         20.12020292	         59.83240837	         29.90651893	         16.72718801	         18.89957267	         12.20823783	         17.95966091	          8.22322178	         17.81421127	         47.51726715	         73.82333310	        146.51140986	         43.75110882	         17.14663418	         30.99961423	         57.03323905	        141.40754264	         18.79952851	         27.49739158	         22.54112749	         28.84015242	         29.21521044	         51.06769920	          9.88777474	         14.91786724	         25.05509034	         19.00158327	        169.87242179	         59.35380211	        216.76240779	        185.54120465	        360.99789182	        127.54735881	         57.01024448	         97.30942826	         37.96153504	        401.07944797	         23.44775703	        463.73180769	         82.31727699	         30.65717409	         95.08158078	         46.65242515	          0.00631461	          0.04575703	         -0.04542006	          0.00096101	          0.05972682	         -0.05526417	          0.26494084	          0.09051623	          0.10900987	         -0.00216593	          0.21493954	         -0.02526409	         -0.06808273	         -0.02764612	         19.74787359	         34.72477123	         -3.45278368	          4.01745962	         -1.40152894	         -0.48226212	          4.61502793	         -0.46866332	         -0.77282004	          1.66197694	          1.66453743	         -0.04112509	         -0.06290728	
          3.80000000	         15.35422730	         22.00685825	          7.47907220	          8.40640514	          5.49317488	          6.12200305	         36.03147622	         63.02698950	         16.32451782	         18.44733603	         47.87660988	        153.25926562	        201.12271053	        279.25155649	         43.75378969	        114.15710891	         11.18553749	        368.24061626	        188.26949149	        123.02321577	         51.76397157	         69.23368259	         59.94903612	         16.74497634	        119.28685969	         33.67177900	         61.57545213	         70.83886293	        179.95310854	        257.23646779	         24.73121861	        512.35408787	         34.73585166	        241.79315115	         72.72680417	        310.90559058	        616.21891630	         14.67845793	         44.14365867	         22.27100340	         40.22278620	         65.63850754	         12.08417392	         17.47764397	         10.15102852	         53.45559211	         49.87020700	         65.99980060	        145.64824862	         43.03000372	         17.74569554	         31.55146338	         58.45102579	        144.37109203	         17.95612103	         27.19297154	         22.64703259	         29.18619984	         26.17782916	         41.82488831	          9.13248399	         12.62309920	         19.85469232	         29.21059770	        129.89895102	         55.84780478	        214.91688651	        200.85040040	        470.99665370	        242.57114971	         60.20925548	         81.88070417	         35.20264963	        370.29269996	         17.11385822	        455.36670173	         87.15184557	         27.70809542	         85.83521465	         42.35556980	          0.01467510	          0.04112294	         -0.05126034	          0.00288032	          0.04797557	         -0.06836868	          0.28399282	          0.07798325	          0.13594842	         -0.00646986	          0.23710692	         -0.02219220	         -0.07962206	         -0.03117908	         25.99768328	         40.37637832	         -7.35717168	          6.66457229	         -1.66771471	         -0.78288717	          4.90142979	         -1.07234321	         -1.04843663	          2.35933929	          1.60849948	         -0.06426813	         -0.09071036	
          3.82000000	         15.72134789	         22.42341015	          8.45113138	         13.78867262	          5.85717167	          6.27015028	         42.63765131	         50.84440734	         14.13061580	         14.48136224	         62.03865006	        205.88233675	        167.10570615	        282.34714565	         30.99810733	         79.37017409	         11.64788087	        431.34901566	        130.52881125	         87.13561269	         66.44039454	         51.13884750	         43.28783202	         17.33714782	        113.77375266	         33.71783917	         61.71167919	         50.60401339	        180.04547805	        171.43528633	         20.43468321	        555.12355202	         61.01415011	        256.23342428	         57.94698220	        330.30012164	        697.97980131	         15.18244989	         45.18112823	         23.03003548	         54.64661804	        101.21065831	         11.85131214	         16.98512896	         11.53883373	         59.75231039	         51.27924897	         55.96624741	        144.64387857	         41.86268635	         18.33383285	         31.78104452	         60.56236697	        149.22291623	         17.83811335	         27.15047698	         22.41287552	         29.90700921	         26.57054371	         36.18057859	          9.32116917	         11.85128533	         16.76071087	         26.89703488	        130.42454316	         66.73601371	        199.54010713	        208.81334922	        497.28432189	        275.84036765	         57.83965129	         73.96855360	         34.55455890	        341.06416381	         12.82875316	        448.77911829	         90.83943211	         25.17971067	         76.72041135	         38.42576017	          0.01600131	          0.02944546	         -0.05987653	          0.00313009	          0.01910607	         -0.07458267	          0.30909609	          0.05328693	          0.12512895	         -0.01544384	          0.19143014	         -0.02722959	         -0.09261212	         -0.03078201	         24.28314533	         42.93683750	         -6.38357477	          7.05119415	         -1.61822515	         -0.76150650	          4.91888158	         -1.22689840	         -1.12625949	          2.46434485	          1.55327068	         -0.06113833	         -0.09614591	
          3.84000000	         16.02369826	         22.66444538	          9.45690058	         35.20436181	          6.13312240	          6.25966882	         34.62018973	         42.68946900	         13.80427052	         14.15686058	         70.39181702	        237.22989729	        141.07688051	        283.96988796	         22.48897702	         56.09442716	         11.60840443	        493.29729483	         91.02829949	         63.14535263	         81.52482756	         45.00340020	         32.28491250	         17.33360385	        132.03318719	         34.04336007	         62.26354755	         37.00810870	        181.06858736	        125.80882942	         17.61405833	        474.43227533	         49.31741329	        270.07974705	         61.79017635	        361.96422833	        763.46729013	         23.38689313	         56.84190187	         32.35646441	         52.61289761	        102.20638736	         11.57371022	         16.49468361	         11.00459937	         50.26273136	         53.70151224	         45.80320552	        145.32536070	         39.63851695	         18.43197362	         31.42592456	         63.70628283	        157.35550852	         17.92291519	         27.28681554	         21.82125895	         30.40018112	         27.21735725	         33.89657607	          9.42575679	         12.25419372	         15.85446623	         22.83469552	        150.56497261	         72.86477254	        196.11458669	        201.77541528	        459.69011428	        257.09868242	         51.05257007	         79.01035949	         36.31257913	        319.09496741	         10.13572023	        452.07179384	         91.60697155	         23.32681522	         68.49358271	         35.20969422	          0.01108529	          0.01467314	         -0.07011632	          0.00312772	         -0.02439634	         -0.07515618	          0.32784778	          0.02526387	          0.08711166	         -0.02843766	          0.09791067	         -0.03641390	         -0.10468448	         -0.02881804	         19.88784878	         44.13883691	         -1.67706507	          5.92936178	         -1.44233911	         -0.55957875	          4.99031149	         -0.82414254	         -1.07939255	          2.16712867	          1.64698541	         -0.04833053	         -0.08317506	
          3.86000000	         15.69355985	         22.27904925	          8.79335401	         27.94828084	          5.85863707	          6.18310479	         30.15733038	         38.18668493	         13.55863349	         13.98948255	         74.68601830	        253.93507884	        126.27827315	        290.59352102	         16.87418462	         40.44806646	         11.64023284	        569.06503266	         82.12085944	         47.03984592	         89.92434847	         51.74820455	         25.23649384	         17.12246536	        123.06890272	         34.64554582	         63.23305614	         27.87738147	        181.24109630	         86.47257679	         15.91322434	        374.33770584	         42.15630670	        269.80588865	         69.57623492	        384.35414384	        800.96458150	         33.91223432	         93.97802173	         50.39823265	         43.05949975	         82.84716201	         11.21473832	         16.03818121	          9.65947554	         40.87286132	         57.14566448	         37.90456175	        150.15974259	         38.83848519	         18.19181747	         30.70447783	         67.56807709	        168.12545295	         18.07221017	         27.61022474	         21.35456974	         30.64920517	         27.91974126	         34.82328981	          9.44837409	         12.67174672	         16.89512653	         19.91801368	        160.54874206	         79.77716418	        202.16125813	        202.84043787	        416.80567455	        296.04054161	         44.96825879	         86.70643439	         38.49121345	        304.05707325	         11.33055105	        480.40448841	         89.42574764	         24.05169538	         62.62253715	         34.88540991	          0.00267202	          0.00205769	         -0.07790605	          0.00355486	         -0.07070900	         -0.07154108	          0.32963651	          0.00312440	          0.04968623	         -0.04031961	          0.00048600	         -0.04756874	         -0.11394162	         -0.02598519	         15.68555217	         45.00544151	          4.10144127	          4.28033392	         -1.11776710	         -0.28959304	          5.26804037	         -0.24649470	         -1.02917654	          1.75158810	          1.84324803	         -0.03876514	         -0.06200056	
          3.88000000	         15.53964900	         22.03969589	          8.69521251	         23.53384206	          5.77548447	          6.14628440	         33.33589047	         36.69791438	         13.31164444	         15.75225485	         74.89737640	        255.04845316	        117.71978745	        297.72889804	         14.17230418	         57.75295461	         11.85889011	        640.72208955	        127.41906921	         36.29473075	         94.50897791	         58.80254658	         23.61919213	         17.02303845	        114.73653636	         35.49557735	         64.54007641	         21.64184663	        180.79879433	         67.70300215	         15.04229381	        293.52391603	         40.86979430	        274.67862152	         69.94645991	        395.46236379	        803.38949791	         37.96035901	        116.76977357	         58.30698474	         32.56786868	         70.72175396	         10.76915636	         15.57074247	          7.93810947	         37.29394895	         61.06624547	         33.13229703	        163.69800248	         46.01868167	         17.61326618	         29.77931869	         71.38825462	        179.53998706	         18.11852382	         27.93015992	         21.11207528	         30.56327699	         28.48565452	         36.02881058	          9.28438216	         12.80223810	         17.86500156	         17.97633783	        186.69882985	         88.65062786	        212.17845338	        255.02310715	        467.85837354	        410.51184826	         49.19547384	         94.84602224	         40.73570094	        292.08138943	         17.60258549	        539.23387068	         85.83112510	         39.83909624	        118.38170394	         62.00235375	         -0.00634733	         -0.00474202	         -0.07881517	          0.00433625	         -0.10703258	         -0.06386781	          0.30972531	         -0.00659297	          0.03274141	         -0.04573941	         -0.05368962	         -0.05932787	         -0.12022372	         -0.02304067	          7.97443150	         44.16345823	          8.71248563	          2.10708473	         -0.66117687	          0.04127475	          5.34513577	          0.04966690	         -0.93790855	          1.18268966	          1.88181137	         -0.03298302	         -0.03267703	
          3.90000000	         15.49845229	         21.97322235	          8.35882976	         17.23927129	          5.73885713	          6.14793518	         33.98141387	         36.36236509	         13.71992271	          9.85948143	         69.16722818	        229.74686654	        112.86399914	        304.94765327	         19.15839940	         95.17879053	         12.00310051	        645.20598823	        159.29885360	         31.70132320	         90.14756928	         60.53502170	         31.21535610	         16.98647806	        108.96059585	         36.56291420	         66.11484990	         19.10614452	        180.56127315	         18.89223554	         15.07612769	        204.27582833	         35.99935207	        278.20113952	         71.84322134	        410.14991221	        752.70205993	         41.09338858	        148.49302655	         65.70476013	         24.12893824	         50.26958864	         10.55850317	         15.21207563	          6.80151241	         28.82790586	         65.29904436	         31.75634386	        178.14727776	         53.15927020	         16.94804274	         28.93876490	         74.83753728	        190.05063476	         18.36506449	         28.25611005	         21.07908961	         30.21988343	         28.91197926	         37.82879281	          9.03627465	         12.86386684	         18.85945964	         16.83920064	        241.75842488	         94.68985196	        219.33632184	        313.42747528	        637.05777516	        407.57244752	         62.33568018	        103.19116597	         42.98192906	        281.21033362	         31.35584657	        592.61987003	         82.49900330	         50.68634069	        301.72146384	         89.90312139	         -0.01188753	         -0.00494344	         -0.07196757	          0.00589577	         -0.12775503	         -0.05328029	          0.27237596	         -0.00192429	          0.03118932	         -0.04507789	         -0.05715791	         -0.07027409	         -0.12454017	         -0.02391331	          0.08815395	         42.36615384	          9.99252125	          0.15572660	         -0.38890174	          0.21690777	          4.89709584	          0.08797638	         -0.69536283	          0.58011599	          1.68623302	         -0.04240306	          0.00173313	
          3.92000000	         15.57516661	         22.10558973	          7.99614586	         12.77049044	          5.75031114	          6.21496153	         30.52758749	         36.04533121	          9.04073568	         38.45021352	         54.90493480	        159.10882670	        112.56434692	        313.28109010	         20.77959111	         66.24372385	         11.88732252	        549.98351884	        172.05320759	         76.21328411	         77.55885185	         61.30888025	         43.08397394	         17.05238576	        105.77575042	         37.74996307	         67.82131847	         15.09899529	        180.78936972	        238.92622021	         16.31280287	        144.52573699	         31.95929061	        285.90071445	         77.21444623	        443.68791810	        621.15989109	         38.46602215	        127.17130662	         60.24963790	         18.23858066	         35.54388457	         10.49698315	         15.01417937	          6.48910922	         19.98694260	         69.52563972	         31.99355255	        178.97847967	         50.88207584	         16.74653747	         28.53784591	         77.95674959	        199.18024388	         18.69487795	         28.67793448	         21.16083365	         29.93926743	         29.52674946	         40.27857458	          9.13798466	         13.79308018	         25.29477207	         16.46377050	        252.43964319	         89.22582426	        219.37946511	        280.45523873	        484.11860949	        338.14215774	         50.53951353	        111.12459597	         45.11528932	        272.13440285	         44.22918196	        581.70657506	         80.31874873	         51.41982350	        271.87038835	         88.75936113	         -0.01204073	         -0.00130625	         -0.06048604	          0.00814960	         -0.13550901	         -0.04279505	          0.22733972	          0.01235027	          0.02979837	         -0.04230258	         -0.04050908	         -0.07559450	         -0.12778172	         -0.03271592	         -5.65957376	         39.00095604	         10.28751802	         -1.39615081	         -0.53131685	          0.21925116	          4.05883469	          0.59553156	         -0.23680112	          0.06478020	          1.51578203	         -0.05224441	          0.02867894	
          3.94000000	         15.74109115	         22.43160532	          7.71423674	          9.72724320	          5.73394149	          6.32437303	         29.47134233	         34.49441547	         75.09314290	         29.01379537	         41.83910722	        109.19067402	        115.64105444	        323.10085664	         16.34558675	         44.68458578	         11.56687423	        457.26291251	        161.00481214	        110.59395473	         72.63412665	         71.13630601	         67.92115933	         17.14180448	        130.01291922	         38.68204390	         69.14468240	         85.30503056	        186.18371171	        348.22332068	         24.23817271	        110.95814566	         29.26095064	        294.12360031	         87.19649740	        469.95274349	        460.64627961	         41.51101687	        155.99434262	         67.64988209	         14.22936684	         25.65855888	         10.43375616	         14.83794786	          6.33901350	         14.02701428	         73.29928216	         32.77215625	        174.26221566	         46.99696125	         16.56372057	         28.23174090	         80.84272363	        207.37280508	         19.29918868	         29.10544257	         21.23646416	         30.77356598	         32.79115805	         49.77079974	         10.83568731	         20.70333256	         35.00709088	         16.43087214	        219.76152861	         83.16422882	        213.84699447	        226.81425967	        372.12325815	        279.17190196	         42.38045735	        117.97760922	         46.91864501	        266.12543215	         48.04270313	        554.37611536	         78.63082094	         46.64107657	        209.49498205	         76.77016884	         -0.00747775	          0.00348047	         -0.04863359	          0.01071456	         -0.13476495	         -0.03661107	          0.18375208	          0.02820130	          0.01998100	         -0.03885893	         -0.03392311	         -0.06962118	         -0.13035105	         -0.04468087	         -6.53742533	         35.42910690	          7.78008089	         -1.32890473	         -0.51845019	          0.10218200	          3.43013280	          1.23710504	          0.13761655	          0.15744210	          1.52128640	         -0.04671443	          0.01909259	
          3.96000000	         15.88203646	         22.65145287	          7.91716325	          9.24503895	          5.85007270	          6.39255039	         29.48271810	         32.22155978	         96.65561494	         37.41329713	         30.50961975	         76.56666013	        118.85370630	        333.54357247	         53.82594835	        101.53152960	         11.88520392	        420.77876151	        178.37530086	        162.78484979	         60.16991450	         59.82369036	         56.90875664	         17.26127768	        118.32024580	         39.48322075	         70.23638003	         79.86469579	        183.24747983	        234.16913422	         20.50216821	         58.24993985	         28.77807118	        301.85857833	         80.97956508	        471.88827425	        300.60693675	         40.65321640	        123.73227459	         61.11015343	         12.25438808	         19.61933923	         10.35137658	         14.61165312	          6.30949867	         10.21847121	         76.30491025	         33.32817942	        170.81832843	         44.90958438	         16.31374512	         27.91087720	         83.76845832	        215.65144375	         19.37678218	         29.26191718	         21.24656371	         31.73587716	         34.16483326	         52.68278931	         12.15346438	         23.94734353	         37.14177828	         16.52542181	        240.79169945	         81.23972759	        206.96490808	        225.73097583	        394.74253374	        259.00752841	         42.30771886	        123.25016179	         48.26781187	        264.17289224	         52.32982751	        537.02451725	         76.84932144	         46.25849861	        193.77604268	         74.71891187	         -0.00116451	          0.00782168	         -0.03808629	          0.01337193	         -0.12939900	         -0.03671848	          0.14517442	          0.03922559	          0.00175671	         -0.03512372	         -0.04601262	         -0.05543693	         -0.13216530	         -0.05202587	          1.92267926	         35.49220765	          1.87777127	          0.79962283	         -0.09169885	         -0.13209334	          3.70834746	          1.31869451	          0.08108868	          0.83182909	          1.76255595	         -0.03446495	         -0.02864622	
          3.98000000	         16.02715589	         22.93548609	          7.93287311	          9.43236084	          5.89059568	          6.43667969	         36.27023968	         48.97742365	        100.84791853	         37.54594887	         21.00227690	         53.82090890	        122.49223982	        344.24218272	         75.40581969	        173.13020036	         11.96161902	        440.83093745	        187.47380590	        173.83819055	         60.46900602	         60.54213652	         58.83085772	         17.56484292	        110.92327167	         40.00407571	         70.83813636	         91.59178296	        182.86383630	        157.29458338	         20.93773471	        246.19814485	         36.03031821	        309.65765038	         66.50678787	        463.82307390	        233.58267512	         28.20140731	         85.98778713	         42.62077647	         11.52494854	         17.48260641	         10.26260907	         14.39992809	          6.24088718	          8.08481516	         78.65815589	         33.71387361	        170.65621131	         44.60945566	         15.98269339	         27.56788881	         86.82246301	        224.58420062	         19.21384692	         29.33354585	         21.26207039	         31.39255074	         34.48845002	         55.93275229	         12.71779618	         26.66113220	         40.36932405	         16.49957164	        302.52280203	         81.56320125	        202.65023378	        261.85502250	        491.00793097	        267.27249859	         49.09974829	        127.09884539	         49.21317802	        266.34639906	         64.44951639	        530.50998726	         74.84158537	         48.17455590	        211.22025857	         78.41836968	          0.00116435	          0.01010851	         -0.02797845	          0.01490147	         -0.12333500	         -0.03980777	          0.10862554	          0.04018494	         -0.01915780	         -0.03344394	         -0.06410115	         -0.04269820	         -0.13303470	         -0.05210246	         15.77772236	         39.46472166	         -4.47245067	          3.63212065	          0.38706642	         -0.37389419	          4.56559363	          0.57290998	         -0.36342405	          1.48795471	          2.08941630	         -0.02673207	         -0.08008472	
          4.00000000	         16.12718440	         23.14274540	          7.90734704	          9.39547167	          5.89841552	          6.44755225	         33.81465407	         50.54166920	         88.94599749	         35.42588958	         25.39482661	         43.34362482	        125.85140483	        354.36482701	         85.20732923	        198.29166427	         11.95729627	        480.83365650	        205.62898421	        192.35128092	         64.94834861	         64.83155461	         63.19198428	         17.67654935	        106.88587818	         39.79334249	         70.83066557	         90.07739451	        183.37958174	        108.01991997	         21.13215162	        528.23914527	         40.49949364	        318.25713477	         63.45442917	        463.16265239	        216.44077456	         20.25466501	         61.60587740	         30.70307924	         10.86696688	         15.21808363	         10.25307035	         14.32508802	          6.22788630	          7.05160527	         80.75967629	         33.83250815	        172.91334766	         45.35125409	         15.66016082	         27.31562109	         89.83432636	        233.86723268	         19.29370387	         29.56192926	         21.44366575	         30.77631285	         35.45982012	         67.69830526	         13.06453524	         30.94323287	         47.76793948	         16.45254254	        374.99579473	         82.75549340	        200.70267342	        305.81782811	        598.32929473	        276.36926129	         58.70147744	        130.01122493	         49.91039695	        272.23286119	         75.91281890	        530.18002470	         73.03662158	         51.29407173	        240.80751712	         84.49241355	         -0.00512632	          0.01037914	         -0.01664510	          0.01384128	         -0.11967698	         -0.04285017	          0.06777065	          0.03103905	         -0.03726568	         -0.03544966	         -0.07017595	         -0.03553898	         -0.13313233	         -0.04777502	         28.34386991	         44.47533202	         -8.88799022	          5.68943099	          0.42291012	         -0.62292838	          5.19898763	         -0.41938185	         -0.80034062	          1.72559270	          2.33689787	         -0.02378556	         -0.11329890	
          4.02000000	         16.17092181	         23.24432866	          7.91121830	          9.55335580	          5.88748133	          6.43222617	        128.59834741	         59.60314077	         80.20552551	         34.12070279	         28.16511966	         41.88386852	        128.81257318	        363.57731052	         85.96050636	        203.23067435	         12.01373324	        535.54675028	        221.83734421	        195.10468313	         71.31674357	         68.92696210	         65.34700121	         17.74987288	        105.25400462	         39.74822214	         70.91797390	         69.45953195	        183.88542397	         76.37098034	         20.92011553	        637.44362763	         68.59324024	        327.92392065	         61.95004591	        462.88339825	        247.73023686	         15.48090163	         45.94483610	         23.31570381	         10.67835792	         14.64274964	         10.37672232	         14.45575452	          6.32593319	          6.81417042	         83.02008746	         33.78291750	        175.58292082	         46.34552171	         15.42461218	         27.24585782	         92.54877630	        242.75401470	         19.47233601	         29.94482199	         21.87738563	         29.10493471	         34.91694872	         74.73549676	         12.49686429	         32.01165893	         50.22632343	         16.48536830	        421.63145938	         82.97293082	        201.04430115	        333.94150139	        685.52408460	        279.74664877	         65.34378199	        132.50918671	         50.50824551	        281.58412404	         81.07313699	        533.09478845	         71.86266810	         54.39351638	        265.09409807	         89.88048799	         -0.01994831	          0.00980167	         -0.00353944	          0.00971913	         -0.11765156	         -0.04446051	          0.02119665	          0.01535597	         -0.05148242	         -0.03855591	         -0.05954302	         -0.03027851	         -0.13276520	         -0.04252117	         38.33286090	         49.23568314	        -11.84113480	          6.92127670	          0.25184415	         -0.92302569	          5.39555282	         -1.07358292	         -1.00689512	          1.70792206	          2.47453917	         -0.01340049	         -0.13197324	
          4.04000000	         16.16801859	         23.23865460	          7.86416362	          9.51207907	          5.85152206	          6.42477479	         93.75260143	         54.38916221	         78.86323618	         34.97517864	         30.71989848	         52.81674137	        131.31045566	        371.28943802	         86.75907274	        240.02309180	         11.91654568	        544.52247230	        212.92795721	        171.33386770	         72.24463018	         65.27190568	         58.04379599	         17.90586851	        104.34974788	         39.57659038	         70.83676427	         53.73577741	        184.54912817	         56.18569409	         19.50622204	        661.85303514	         64.10654284	        338.10621628	         53.92670588	        474.36549023	        279.91298286	         14.49760268	         45.11398123	         22.48151392	         10.93863257	         18.25440624	         10.66039602	         14.82611356	          6.54011928	          7.19500298	         85.83554605	         33.52401177	        177.06107043	         47.23359106	         15.34448231	         27.41527167	         94.73146338	        250.39151078	         19.85070229	         30.64749747	         22.61305991	         27.18769135	         33.29794946	         70.73943553	         11.49291513	         29.17369304	         45.31967211	         16.59881574	        406.73787639	         82.50831449	        203.34482417	        331.33054846	        686.00936082	        275.26176065	         63.43173789	        135.12845037	         51.16493117	        293.92445788	         78.05091995	        538.58851929	         71.62973080	         55.80142712	        255.58695446	         90.48423559	         -0.04023778	          0.00854617	          0.00976511	          0.00312603	         -0.11602369	         -0.04278646	         -0.02609898	         -0.00325788	         -0.06056803	         -0.03916390	         -0.03349183	         -0.02377977	         -0.13237880	         -0.03799194	         41.37217257	         51.04506414	        -11.58633584	          7.11992281	          0.34645841	         -1.08195298	          5.37332552	         -0.99018021	         -0.95311260	          1.61983561	          2.49445049	         -0.00505800	         -0.13006924	
          4.06000000	         16.10428537	         23.12380764	          8.02156225	         11.00675341	          5.83504725	          6.38893414	         66.49782194	         44.78193677	         84.53074650	         38.30635522	         33.05721068	         54.74496337	        132.53776672	        376.49596318	         82.42648780	        239.39579203	         12.32532658	        539.31349911	        201.48871549	        149.76260015	         70.94794305	         60.92388872	         51.04700084	         17.65819081	        103.71991820	         39.31511371	         70.63180683	         38.29030221	        184.78378983	         40.92275400	         17.36910526	        442.50329018	         49.90085970	        347.96537602	         62.69916802	        498.89568647	        308.48248529	         30.72268267	         73.06297762	         41.73488100	         11.36145707	         22.40106524	         11.00793506	         15.33082434	          6.79077807	          7.66200997	         89.28983921	         33.22595286	        177.00937554	         48.09220848	         15.41906508	         27.80478233	         96.30025301	        256.24365241	         20.45670921	         31.45189226	         23.51970759	         26.11491243	         32.48632420	         65.35958184	         10.84028745	         25.91679243	         39.29026984	         16.77724326	        341.02689736	         81.83643978	        208.19767132	        297.77647462	        585.10393885	        262.27584118	         54.91026537	        138.08328548	         51.90650922	        308.51609776	         68.07303447	        547.26131185	         72.37747691	         53.76520406	        214.69010956	         83.87380251	         -0.05975081	          0.00710778	          0.02010308	         -0.00317118	         -0.11309163	         -0.03711269	         -0.06524659	         -0.01936136	         -0.06407735	         -0.03643192	          0.00094239	         -0.01824238	         -0.13246841	         -0.03420043	         35.69429057	         48.05693595	         -7.38625424	          6.49072564	          0.44389094	         -1.01622435	          5.52505499	         -0.38136871	         -0.82836656	          1.43687385	          2.33005938	         -0.02182113	         -0.10653674	
          4.08000000	         16.06750182	         23.07363787	          7.83698285	          9.77737229	          5.78130204	          6.38238117	         48.96795421	         38.79903211	         90.82791061	         41.17434402	         34.45124512	         51.51948034	        133.47753965	        380.03053194	         64.09731944	        165.42632508	         11.87289080	        531.23866708	        202.69007773	        156.69347337	         72.63409255	         65.70164426	         59.39789564	         17.56637738	        105.13997342	         39.04982036	         70.39991805	         49.11587436	        185.45041482	        122.24530177	         17.59876434	        297.23618285	         40.59014817	        357.02357279	         71.97806295	        520.60518835	        329.76010141	         40.36370418	        135.02612134	         63.30464480	         11.78463212	         24.38166375	         11.37442447	         15.90289773	          7.03104897	          8.28780639	         93.28248573	         32.90390692	        175.97045437	         49.02866535	         15.60499290	         28.33629235	         97.45812117	        260.59880656	         21.44514140	         32.38479914	         24.51611155	         25.03393908	         31.56804037	         60.14160583	          9.84061354	         22.22561721	         34.06752289	         17.00465572	        276.78113133	         82.32778710	        213.62588551	        255.74808378	        481.97840671	        247.56417317	         46.98548239	        141.34248509	         52.73711212	        324.82564591	         55.53593556	        559.22463037	         73.85665850	         51.35089007	        180.23822226	         77.42940792	         -0.07183298	          0.00702785	          0.02492846	         -0.00592774	         -0.10695711	         -0.02870523	         -0.08879200	         -0.02763331	         -0.06445860	         -0.03228021	          0.03118561	         -0.01721217	         -0.13319502	         -0.03036833	         27.03399236	         42.23109497	         -3.01623956	          5.75369416	          0.15367011	         -0.87196561	          5.88963956	          0.09388919	         -0.83673471	          1.16269427	          1.94712325	         -0.05291985	         -0.08198222	
          4.10000000	         16.08657349	         23.13354551	          7.79997668	          9.45982994	          5.77488183	          6.39515419	         37.63828627	         36.37117663	         92.52121138	         41.97361554	         35.90731468	         54.95374325	        134.10758533	        382.56225167	         55.48263997	        128.67030164	         11.77175524	        534.47369815	        202.87449685	        155.57092429	         73.32902115	         66.56578496	         59.61519005	         17.47922423	        105.64293858	         38.90859392	         70.32839615	         47.66676736	        185.97802279	        188.08039371	         18.21778118	        202.78405848	         34.45977886	        365.20976712	         77.33730661	        529.87420914	        348.05649948	         44.09023905	        169.31036174	         71.53267597	         12.28350649	         27.72030095	         11.67612846	         16.42379498	          7.21468555	          9.77420223	         97.43933486	         32.54409149	        175.04206622	         50.09143893	         15.82183730	         28.88951495	         98.57287504	        264.47739424	         22.74583450	         33.26338909	         25.45907840	         23.07938301	         29.58198797	         54.47865709	          8.48448011	         18.19699203	         29.24329665	         17.25235943	        237.58981216	         84.21569105	        218.27974239	        230.18473470	        441.61151244	        239.13034529	         43.11817972	        144.59843029	         53.55362305	        342.66560525	         45.18052708	        572.54914761	         75.59062495	         51.30655002	        168.42358057	         76.23715882	         -0.07431087	          0.00918489	          0.02472464	         -0.00478870	         -0.09704066	         -0.02040225	         -0.09517557	         -0.02789039	         -0.06513983	         -0.02849094	          0.04493340	         -0.02231269	         -0.13418444	         -0.02562511	         20.25269283	         36.89315169	         -0.88787195	          5.16598530	         -0.28238226	         -0.73390649	          5.87007530	         -0.01375927	         -0.92870292	          0.93638815	          1.38842638	         -0.07563078	         -0.06362231	
          4.12000000	         16.17370601	         23.32439498	          7.78146276	          9.37307021	          5.79305664	          6.43356870	         30.14369191	         35.86364159	         92.58265408	         42.58178040	         37.89236070	         66.67431179	        134.66859830	        384.86192349	         48.23057799	        106.09392180	         11.66585125	        528.99082808	        195.79831638	        144.78964985	         73.50143377	         65.65808842	         57.31597227	         17.42689061	        106.45205727	         38.94276993	         70.48268286	         43.96462600	        186.70545693	        215.63261621	         18.48200976	        141.75189772	         30.51820671	        372.49545358	         79.45729391	        535.18924500	        362.83836314	         47.03482899	        200.12804039	         78.29685647	         13.40014420	         26.98740250	         11.93031168	         16.88086552	          7.42635315	         12.23735638	        101.50460036	         32.24540615	        175.26398957	         51.49297710	         15.99749899	         29.35228297	         99.92113875	        268.88833698	         23.61233270	         34.09926769	         26.32494250	         21.66809375	         27.70050815	         49.69217632	          7.38298515	         15.03930179	         24.94964965	         17.56507548	        211.73480312	         87.55889888	        221.33943972	        213.93317226	        433.98481350	        235.45474608	         41.62816932	        147.73256528	         54.33154010	        361.65255765	         38.01187322	        585.51796437	         77.07909602	         51.63625421	        167.05201793	         76.54384876	         -0.06936839	          0.01301959	          0.02248214	         -0.00195212	         -0.08317646	         -0.01495310	         -0.08746780	         -0.02335049	         -0.06630185	         -0.02516139	          0.03865824	         -0.03058437	         -0.13488979	         -0.02032825	         14.75823369	         33.27320630	          0.14519470	          4.25740081	         -0.60013215	         -0.54594215	          5.12926046	         -0.54349406	         -0.91344513	          0.79671539	          0.83780344	         -0.07886106	         -0.04483525	
          4.14000000	         16.29649946	         23.59195588	          7.76991694	          9.32791297	          5.81705932	          6.48151675	         27.89205248	         35.67555707	         94.07119418	         43.46850122	         39.19705778	         69.07959171	        135.30058294	        387.34481590	         43.91171704	         93.06524021	         11.58448482	        517.64649071	        187.23111912	        134.11601559	         73.04694764	         64.33126278	         54.60134092	         17.40903730	        107.02964826	         39.09839275	         70.78268522	         40.73570352	        187.63399058	        222.00946355	         18.46786653	        102.17006359	         28.70483665	        378.94460552	         79.27647797	        538.67969077	        365.66832073	         48.97159703	        222.49063436	         82.84443571	         12.54883780	         20.18669443	         12.10301984	         17.25526649	          7.46971187	         10.03381356	        105.24196341	         32.05421178	        177.30568465	         53.45672834	         16.07297947	         29.63881411	        101.54145002	        274.19402522	         24.67021654	         34.66424680	         26.96900188	         21.27531401	         27.47897037	         48.59114163	          7.26924365	         14.02819138	         23.36710116	         17.58593989	        205.34107185	         91.85503380	        223.57206215	        212.42700578	        429.78069613	        231.81595553	         40.70218521	        150.74200245	         55.06255916	        380.60534913	         34.64041158	        597.12452577	         77.93693363	         51.88427458	        169.15171970	         77.11116569	         -0.05902745	          0.01792724	          0.02122495	          0.00042011	         -0.06602108	         -0.01456364	         -0.06956254	         -0.01639146	         -0.06462139	         -0.02212500	          0.01842026	         -0.03607351	         -0.13485601	         -0.01654555	         11.10297188	         31.51216978	          0.91734384	          3.07827431	         -0.81666307	         -0.31159551	          4.02673973	         -1.29271075	         -0.80447789	          0.72964474	          0.61160091	         -0.05483849	         -0.03399677	
          4.16000000	         16.42683623	         23.89573451	          7.74876054	          9.33886600	          5.82775817	          6.52407826	         27.68594587	         35.60684772	         99.86214977	         43.77335423	         36.44349380	         52.62639328	        136.11434257	        390.18425846	         47.49855349	        106.41528128	         11.51084506	        520.39370133	        189.52106211	        136.42605394	         72.44542136	         63.72737455	         54.11547642	         17.41609779	        107.39875164	         39.23811440	         71.04039935	         38.82414357	        188.76014033	        192.64182654	         18.18170834	         76.59205862	         28.37893635	        384.67771788	         77.08138514	        531.91195956	        336.18887836	         49.05795333	        223.23694037	         82.98078124	         11.13618814	         15.22284771	         12.19071976	         17.52456039	          7.38395591	          8.09623261	        108.52635617	         31.99991331	        180.82751020	         55.75723098	         16.04410767	         29.73506804	        103.22422172	        279.89037992	         30.40053470	         35.61258297	         27.38750325	         21.69641904	         29.93707589	         65.49486425	          8.21093161	         18.23152600	         29.75927529	         17.41736316	        215.81727173	         96.51893770	        225.74289553	        232.11891194	        405.24551594	        233.01806677	         43.11186971	        153.62973422	         55.75273071	        397.26403557	         45.25974802	        606.24621397	         78.08997560	         51.22461017	        166.14677580	         76.22314049	         -0.04457251	          0.02395674	          0.02325025	          0.00099846	         -0.04782819	         -0.01897255	         -0.04526610	         -0.00842548	         -0.05545539	         -0.01908786	         -0.00344476	         -0.03248804	         -0.13395306	         -0.01613139	         11.81409037	         31.23859570	          1.29437620	          2.45008102	         -1.09326778	         -0.11976747	          3.35779231	         -2.04710461	         -0.79462348	          0.72327326	          0.80549155	         -0.00128898	         -0.04674803	
          4.18000000	         16.56215062	         24.23133230	          7.71788711	          9.36622058	          5.82391996	          6.57532052	         27.50858897	         35.60425842	        106.22594613	         43.69812878	         31.49510470	         40.58652415	        137.10999820	        393.21365559	         57.63751267	        131.38126012	         11.44755251	        494.44770061	        188.84793942	        146.05902998	         68.51069025	         61.93670221	         54.57231977	         17.45434789	        107.75812425	         38.99904697	         70.77209272	         45.40560056	        190.31531127	        150.78563940	         17.98540988	         60.42752717	         28.34266992	        389.60293209	         73.63966672	        522.96516897	        255.19160567	         48.38580713	        216.38536513	         81.44519889	         10.78663743	         12.22091880	         12.27626406	         17.73333579	          7.41922760	          6.97604473	        111.34172620	         32.04376773	        184.52012169	         57.65176129	         15.96024169	         29.67577473	        104.61453807	        284.85719177	         45.05338503	         36.99808587	         27.66194934	         23.79926609	         36.79014304	         91.02468370	          9.75448386	         23.62736265	         36.62727353	         17.43806410	        224.18971047	         98.99584819	        226.98031787	        249.27711463	        391.79359163	        231.34959743	         45.92134178	        156.43851516	         56.44505279	        408.84101782	         48.96934365	        611.44882390	         77.71429900	         49.99228622	        159.39710312	         74.32600191	         -0.02758175	          0.03135984	          0.02990890	         -0.00081374	         -0.03109865	         -0.02467578	         -0.01910775	         -0.00056195	         -0.03736434	         -0.01516127	         -0.01746260	         -0.01562204	         -0.13262159	         -0.01867481	         15.76298986	         33.41822919	          0.54720579	          2.61672402	         -1.53112766	         -0.02551857	          3.64270135	         -1.93506753	         -0.81051378	          0.63375030	          1.31981732	          0.04860491	         -0.06900642	
          4.20000000	         16.69611334	         24.58132457	          7.67228933	          9.22265083	          5.80699543	          6.62398260	         27.13539637	         35.67460960	        118.69261509	         44.98241856	         25.88356883	         32.80891814	        138.16668503	        396.08571286	         65.53056327	        143.99465553	         11.33524960	        452.36608025	        181.01739431	        153.39670012	         63.75428249	         59.61775817	         54.86666444	         17.50123139	        108.84089559	         38.46940469	         70.01656795	         64.63396882	        192.33835434	        150.79593695	         18.21681875	         53.85830544	         28.01885958	        393.64140194	         73.14732132	        513.72945810	        179.36480971	         47.33682401	        207.76151209	         79.21159106	         11.03250412	         12.01069667	         12.38585315	         17.91505827	          7.53270489	          6.68582661	        113.66341354	         32.16654188	        187.20171048	         58.61145552	         15.87237999	         29.52183876	        105.40821270	        288.00335736	         57.76647654	         39.05370949	         27.84233604	         26.54863482	         43.99099715	        102.24533513	         10.79001587	         26.14703654	         38.14318051	         17.65485656	        220.45368474	         98.19104781	        227.16446263	        255.11272620	        376.64724517	        223.12870316	         46.42351063	        159.08566867	         57.14560446	        413.57149681	         50.60104984	        612.39877729	         77.07211959	         48.28767526	        148.59639383	         71.45795575	         -0.01046171	          0.03853141	          0.03965980	         -0.00399961	         -0.01693118	         -0.02920878	          0.00305829	          0.00522558	         -0.01475470	         -0.01103961	         -0.02127235	          0.00804551	         -0.13145796	         -0.02155782	         18.87069292	         35.84571184	         -0.58578660	          3.13934683	         -1.85088537	         -0.02725421	          4.77557282	         -0.89153797	         -0.77841443	          0.50209012	          1.95183282	          0.06260304	         -0.08214110	
          4.22000000	         16.80200021	         24.91565536	          7.55458130	          8.76911799	          5.76151021	          6.64343199	         26.21442358	         35.73720679	        121.05893359	         45.75130288	         14.36325957	         24.62417238	        139.27226960	        398.74181666	         66.60069322	        120.10954890	         11.12508621	        455.66361193	        188.55173344	        170.01936483	         64.24433982	         62.23413170	         59.69389709	         17.51163283	        110.40937105	         37.47726429	         68.66659172	         74.67955789	        194.63075721	        227.60235880	         19.11462662	         48.09451531	         27.13419562	        397.33131350	         78.99048505	        517.66526581	        130.84134757	         46.11080919	        193.23162356	         76.39214201	         11.38703054	         12.54028781	         12.49692210	         18.06170913	          7.67131530	          6.66235943	        115.37184766	         32.37079504	        188.37386556	         58.56956811	         15.80688542	         29.33883682	        105.45256504	        288.70087041	         71.72147186	         45.10341176	         27.91814473	         30.72144948	         54.41943314	        115.78228199	         11.77218435	         28.76556486	         40.19192665	         17.96573250	        213.25327981	         95.67903262	        227.90920022	        253.49836302	        350.33046504	        213.90317817	         47.04164101	        161.27484826	         57.78697403	        411.57693636	         51.60774875	        609.95995701	         76.42382335	         45.46836000	        130.52575080	         66.35663989	          0.00449472	          0.04318346	          0.04937354	         -0.00624024	         -0.00564444	         -0.03197411	          0.01663695	          0.00708781	          0.00671832	         -0.00922142	         -0.01544935	          0.02472962	         -0.13078024	         -0.02242959	         18.22739530	         34.91988377	          0.63046303	          3.69255462	         -1.78193561	         -0.10075156	          6.20215114	          0.25978132	         -0.77949890	          0.45926363	          2.43139434	          0.06259492	         -0.09479022	
          4.24000000	         16.93112813	         25.32096732	          7.33175688	          7.93415247	          5.69966230	          6.66172196	         24.42970453	         35.66839564	        112.48658780	         45.47981087	         38.55951422	         42.94160668	        140.44429800	        401.49900039	         49.93252320	         80.10293552	         10.68854901	        488.91252330	        208.87649497	        186.94225890	         71.88360086	         72.66256277	         72.73165391	         17.49633424	        115.33949192	         36.26710135	         67.17147353	         54.98118221	        197.93453172	        257.23922753	         20.72422675	         40.65371379	         25.56986452	        401.42041294	         88.53109784	        527.62702010	        103.75053709	         47.84812242	        213.72066118	         80.48869392	         11.81480975	         13.12999701	         12.59025101	         18.16122000	          7.81042155	          6.72263549	        116.29581969	         32.54037690	        187.70739539	         57.63593667	         15.79768291	         29.20225685	        104.74016520	        286.81670940	         78.50114311	         47.82102061	         27.87445749	         31.21570602	         54.00895774	        128.56240794	         11.93057536	         31.60569628	         42.96056505	         18.33167896	        216.98593014	         92.36695325	        229.08698375	        247.68202361	        331.59701063	        208.67749182	         48.36610306	        162.59422415	         58.26339870	        404.45834126	         53.11161787	        605.05560525	         76.03909516	         43.66118344	        119.01817446	         63.07906210	          0.01647974	          0.04494563	          0.05666000	         -0.00533370	          0.00251107	         -0.03325844	          0.02008841	          0.00557204	          0.02377457	         -0.01081527	         -0.00071808	          0.02364173	         -0.13064806	         -0.01929132	         15.69349524	         32.76075416	          3.09469165	          4.27419634	         -1.49644563	         -0.18630971	          7.15265633	          0.78533752	         -0.85795600	          0.48428823	          2.58858494	          0.07701823	         -0.11471798	
          4.26000000	         17.09768112	         25.74780380	          7.46644234	          9.34150324	          5.74606714	          6.66517243	         25.54142024	         35.68120104	        105.82865386	         42.98541341	         20.78683830	         18.25781454	        141.62445090	        404.62820803	         44.18982000	        112.81504954	         10.78156591	        578.36993536	        203.14880485	        134.11381593	         79.72778631	         66.73138856	         53.74234305	         17.51903914	        113.83531457	         35.86148458	         66.66783739	         40.60606678	        198.91970523	        177.72045837	         18.47774207	         60.92890426	         27.62145678	        406.31960549	         84.73384142	        506.42956100	        297.40940663	         47.31906602	        206.63849706	         79.18568832	         12.26507593	         13.72289912	         12.68076768	         18.23516920	          7.94813697	          6.92510582	        116.37661345	         32.49552065	        185.11269789	         56.03939191	         15.87298508	         29.17185710	        103.35617380	        282.56076360	         72.20915361	         44.35815112	         27.79228667	         24.87881920	         42.32533130	        115.44104078	         10.15290676	         28.53861441	         40.59876909	         18.73070441	        239.96269125	         88.04247433	        230.22492055	        242.28707615	        377.90707437	        213.58981441	         51.41099107	        162.73357410	         58.51004373	        394.31762380	         54.27598643	        598.10205960	         76.13560443	         45.82970585	        133.76581365	         67.18195266	          0.02498736	          0.04445950	          0.06030535	         -0.00134333	          0.00786472	         -0.03170199	          0.01472141	          0.00103468	          0.03566550	         -0.01463344	          0.02088907	          0.00464071	         -0.13085145	         -0.01025022	         18.18201974	         33.47024838	          2.24262610	          5.19847898	         -1.26242598	         -0.20163182	          7.51480486	          0.39689492	         -1.00132401	          0.56289067	          2.47204149	          0.10045583	         -0.12758178	
          4.28000000	         17.30703812	         26.26951992	          7.42813455	          9.61500878	          5.76971833	          6.69796500	         24.61460664	         35.53750462	         85.46893244	         39.03482114	         39.78343939	        116.88040978	        142.62893008	        407.80312631	         35.80742811	         97.18907264	         10.64320135	        628.79978911	        202.90269350	        107.53096575	         87.43475365	         66.83393874	         47.68936194	         17.55049480	        114.70528341	         35.82954135	         66.75982375	         30.98114315	        201.25097607	        124.40186022	         17.29289521	        245.31383228	         27.65361547	        411.94949340	         83.72030808	        481.05311698	        356.22519837	         48.74012879	        218.38170503	         81.91959320	         12.76332388	         14.38593554	         12.77240925	         18.29503035	          8.09294606	          7.39214471	        115.65341298	         32.37751966	        180.86690901	         54.07401905	         16.02241815	         29.25614749	        101.37936521	        276.22169575	         61.24888783	         40.75117030	         27.70241140	         19.97439648	         33.32015445	         90.28494586	          8.24811537	         22.29830609	         33.24191839	         19.15853874	        250.96298585	         84.18368531	        231.19701936	        237.83589045	        465.59741630	        222.97098667	         55.10689666	        161.64557811	         58.49097208	        382.72154575	         53.61262125	        588.95899016	         76.77945538	         48.78482154	        158.42378726	         72.96433993	          0.02920901	          0.04231295	          0.06063859	          0.00300681	          0.01198096	         -0.02440091	          0.00366413	         -0.00728308	          0.04391807	         -0.01827837	          0.04470826	         -0.01975038	         -0.13108455	          0.00439580	         22.95546645	         35.38883039	         -0.64807370	          6.03537890	         -1.21284645	         -0.18238912	          7.60220951	         -0.44797397	         -1.08987584	          0.59140018	          2.30474203	          0.10386027	         -0.12295179	
          4.30000000	         17.54676914	         26.83601735	          7.45303947	         10.55865286	          5.80800576	          6.73609562	         25.33604945	         35.43292913	         55.00596672	         33.24343562	         44.17711188	        126.54095837	        143.34170012	        410.46593581	         32.71636132	        104.75804038	         10.57509876	        645.39186042	        199.63646339	         91.36044080	         89.00094033	         64.42398915	         42.24381541	         17.59324032	        115.68187583	         36.10618198	         67.25036775	         24.52614291	        203.58018613	         91.72796014	         16.65067140	        305.53848414	         30.21972452	        418.03080645	         79.92687569	        451.48681204	        412.37074725	         48.75228707	        212.71551584	         81.12505249	         13.27286055	         15.08114773	         12.86641670	         18.35658748	          8.23463850	          7.90452431	        114.25636043	         32.27122180	        175.56519133	         52.00184334	         16.21574996	         29.39380491	         98.79867459	        267.91043526	         52.02614413	         38.36848804	         27.60406735	         18.00449553	         27.15041534	         72.04138226	          6.96228697	         17.75003039	         28.63011849	         19.57556643	        256.53298058	         81.84389100	        232.07947582	        233.40970969	        506.52908338	        233.63927179	         56.98603823	        159.50041112	         58.23918922	        369.91428233	         52.05922955	        577.01839941	         77.82312364	         50.15950223	        167.73101292	         75.40466152	          0.03099937	          0.04060843	          0.05904860	          0.00564604	          0.01794902	         -0.01318709	         -0.00839213	         -0.01672085	          0.05188095	         -0.02006564	          0.06472995	         -0.03371975	         -0.13118836	          0.02017380	         24.47096048	         36.11023693	         -3.16994885	          6.69877157	         -1.33922801	         -0.43726518	          7.55820481	         -1.08714378	         -1.05961446	          0.44260410	          2.24409117	          0.04974927	         -0.11859474	
          4.32000000	         17.80906731	         27.44361137	          7.51834362	         11.26702788	          5.85292902	          6.78879561	         27.72834600	         35.37567193	         45.30654189	         29.22402064	         43.22850988	        102.69074512	        143.66322716	        412.22552299	         39.21348938	        135.24892850	         10.60049954	        611.65419966	        190.57953703	         89.77216245	         83.24697770	         60.05888363	         38.55771145	         17.64311161	        116.84418380	         36.48532158	         67.84436361	         21.98659082	        205.97503517	         61.05459065	         16.35492619	        230.53477364	         30.75488330	        424.24396646	         74.57006737	        411.81630475	        415.15446313	         47.79439975	        198.51275481	         78.21885515	         13.79449084	         15.82906310	         12.95073068	         18.41049201	          8.36453478	          8.34440675	        112.23859176	         32.15355598	        169.81484905	         49.87706643	         16.44453268	         29.53460357	         95.53731396	        257.52790767	         44.67088582	         36.52163518	         27.44067205	         17.76899550	         23.40949768	         60.73235940	          6.49377362	         15.31120043	         26.06587357	         19.95433101	        251.59002791	         80.13001812	        232.19654243	        224.00532315	        512.70060268	        242.70163300	         56.12888307	        156.46803433	         57.77849438	        355.19274072	         50.32730142	        561.26142008	         79.11957319	         50.39671930	        163.66055288	         75.29672224	          0.03249995	          0.04078959	          0.05667552	          0.00623630	          0.02702414	         -0.00270258	         -0.01849954	         -0.02453245	          0.06215910	         -0.02001892	          0.08019401	         -0.03118576	         -0.13126107	          0.03116823	         22.64725745	         35.71004926	         -5.72834071	          7.45568247	         -1.09321618	         -1.05147741	          7.35871556	         -1.25409918	         -0.92731949	          0.32811554	          2.25794231	         -0.05962406	         -0.12318955	
          4.34000000	         18.09642540	         28.10752106	          7.39884788	          9.36246034	          5.87392558	          6.86699360	         23.30929185	         35.18016353	         53.75406550	         27.89052251	         35.58663045	         73.19582527	        143.68956125	        412.98596909	         48.08621929	        114.67309448	         10.34955866	        529.15740587	        188.47934239	        124.65505668	         74.65576051	         60.85072187	         47.77718042	         17.69218963	        119.72118825	         36.56938095	         68.00143308	         26.10343346	        208.80190142	         91.81647436	         17.78724651	        154.38985616	         27.04012954	        430.43893838	         77.54880042	        376.20175502	        373.10120752	         48.78982229	        203.22330065	         79.48500229	         14.32475959	         16.53832864	         13.03655938	         18.46344101	          8.49223468	          8.61535562	        109.69153023	         32.07200291	        164.18531266	         47.68936940	         16.71316249	         29.66012941	         91.60007127	        245.11899466	         38.80551225	         34.87789779	         27.23684540	         17.78644518	         22.66209539	         56.92038975	          6.67932669	         15.26531768	         25.49860995	         20.29165642	        237.80974637	         78.02547062	        231.31557307	        206.06960663	        469.84479531	        248.12172648	         51.91132687	        152.74237710	         57.15309603	        338.00908105	         48.26424498	        541.16086350	         80.59464063	         48.60611423	        143.70271769	         71.09013243	          0.03456399	          0.04274112	          0.05375994	          0.00530981	          0.03801426	          0.00394088	         -0.02542022	         -0.03000597	          0.07430683	         -0.01862644	          0.09312376	         -0.01475412	         -0.13158430	          0.03540906	         17.54017176	         33.55889245	         -7.02490718	          7.57289736	          0.09932083	         -1.47096044	          7.01621864	         -1.00403175	         -0.75716599	          0.60129472	          2.24459705	         -0.13186692	         -0.12531241	
          4.36000000	         18.39627629	         28.81214928	          7.36744900	          8.57035275	          5.90617742	          6.94728757	         21.88143732	         35.19677798	         62.20924162	         27.51276207	         30.03164115	         54.10867160	        143.56153031	        412.88937392	         51.03571733	         99.41910665	         10.18656444	        481.69881308	        174.26518483	        142.05328740	         69.21796386	         59.79087057	         49.08502775	         17.73962531	        121.78140467	         36.27157267	         67.56914362	         42.74500771	        211.77911768	        206.79462377	         18.93810848	        105.35348870	         24.92652300	        436.57111007	         79.07292286	        350.90933978	        323.75368235	         46.13084102	        173.22692813	         73.02605649	         14.83159045	         17.13344468	         13.09046465	         18.47243501	          8.59559220	          8.62908481	        106.59332598	         32.14947755	        159.16544758	         45.49901025	         17.00541220	         29.77424565	         87.22643439	        231.34425524	         34.22118141	         33.63772003	         26.93514319	         18.15196400	         23.91824867	         59.96333757	          7.29329903	         17.29138748	         26.58143887	         20.57437555	        220.41438973	         75.87734956	        229.13552517	        183.29059957	        405.55421226	        251.09651739	         46.84132316	        148.37426222	         56.36172703	        318.98357244	         46.23043921	        517.65555031	         82.22062928	         44.44107603	        118.52196923	         63.17414316	          0.03810213	          0.04579609	          0.04979640	          0.00432722	          0.04879547	          0.00471027	         -0.02863356	         -0.03317108	          0.08473757	         -0.01671073	          0.10500541	          0.00786912	         -0.13226779	          0.03616325	         12.35853456	         30.93883604	         -6.81915031	          6.89153832	          1.20230210	         -1.36628334	          6.91688368	         -0.72279521	         -0.68608432	          0.96222118	          2.25089790	         -0.11903955	         -0.12393235	
          4.38000000	         18.67726132	         29.53627885	          7.31958907	          8.13919837	          5.92731334	          7.02843582	         21.74399454	         34.99732456	         43.64108646	         27.84971514	         15.90301583	         41.96447909	        143.25287369	        412.04740203	         42.55416269	         72.35263723	         10.27623931	        442.53051278	        197.78752679	        118.78763985	         62.92907687	         62.74828569	         60.75883508	         17.77940143	        123.05216165	         35.74051481	         66.69992007	         44.81276191	        214.74069465	        242.51126575	         19.76206582	         73.79024913	         23.92098249	        442.49250766	         80.54509150	        336.64322460	        344.62011358	         47.40863370	        180.22373291	         75.05673915	         15.39892430	         17.87367922	         13.10967045	         18.41832139	          8.68737581	          8.73834887	        102.98288465	         32.37104230	        154.99955474	         43.50921326	         17.33862409	         29.91830332	         82.81988705	        217.34728076	         29.64930832	         32.41770819	         26.55733788	         18.89082875	         25.43897701	         59.59877620	          8.05037946	         18.64373345	         26.43969775	         20.83053973	        205.24459851	         73.14853388	        226.55120299	        159.02748430	        361.29569476	        254.06769565	         42.32090105	        143.42464506	         55.41181623	        299.68513731	         43.91359269	        492.78207024	         84.08823956	         40.21202605	         98.98439520	         55.82356060	          0.04291378	          0.04840411	          0.04415921	          0.00462610	          0.05632769	          0.00084294	         -0.02845591	         -0.03571446	          0.09088350	         -0.01490599	          0.11955977	          0.02563558	         -0.13316592	          0.03900357	          9.17232526	         30.45977676	         -5.99026800	          6.39714141	          1.39234300	         -1.11739959	          7.18453289	         -0.54940535	         -0.72390971	          1.02893733	          2.37775156	         -0.08195792	         -0.12916350	
          4.40000000	         18.98311486	         30.32108386	          7.26301189	          7.92983625	          5.95130913	          7.07989068	         20.75815158	         34.78150123	         29.98148569	         20.43273707	         50.28747345	         34.43950831	        143.18554898	        410.74792768	         29.66013873	         49.69672191	         10.08616639	        446.42145176	        206.98523249	         82.81431082	         63.06698595	         65.51088129	         43.66852602	         17.79369219	        125.45150726	         34.39296283	         65.12710925	         33.16723937	        217.68987219	        242.45315000	         19.65891214	         53.61329108	         23.19946013	        448.91250389	         84.54919121	        306.42569277	        447.34004033	         49.25563121	        195.08436626	         78.60343727	         16.02703946	         18.78995345	         13.07904922	         18.27999565	          8.75425215	          9.02662525	         98.96931251	         32.77645242	        151.66517272	         41.79626379	         17.72561609	         30.14549358	         78.68013556	        204.02861109	         25.66083182	         30.89834351	         26.10727331	         19.77907862	         26.36961348	         56.38984524	          8.83400506	         19.42848430	         25.88866929	         21.04445781	        198.13130520	         70.29087828	        224.51313116	        138.42721809	        335.24595144	        259.80379043	         39.03422874	        138.01673087	         54.31084783	        281.32648613	         42.28772396	        468.64070911	         86.41520940	         35.98085505	         85.10807754	         49.31973413	          0.04754969	          0.04903689	          0.03642645	          0.00680611	          0.05746101	         -0.00321743	         -0.02583328	         -0.03918648	          0.09427422	         -0.01356947	          0.14231127	          0.02953328	         -0.13411263	          0.04750833	          6.26633981	         32.22998248	         -4.09655908	          6.16064301	          1.08008070	         -0.96124580	          7.46752814	         -0.34583102	         -0.75408874	          0.92397023	          2.50337014	         -0.05892974	         -0.13394347	
          4.42000000	         19.41342891	         31.27175966	          7.30540882	          8.77687069	          6.03872182	          7.11734303	         19.34279242	         34.54081662	         21.30209930	         15.86761402	         43.90186433	        201.18426020	        140.83263411	        408.42060320	         20.94975155	         34.55407661	          9.66300195	        550.19019275	        140.24506518	         58.66278728	         82.65521184	         55.45545812	         31.98290732	         17.80851410	        133.84695776	         34.20125815	         64.80387319	         25.22350161	        220.63809543	        173.66365826	         18.48449855	         42.95039575	         23.02143361	        449.05368998	         88.44457514	        249.59494463	        536.40957051	         52.04851949	        225.28874443	         84.58046356	         16.59262907	         19.76784344	         12.97318278	         18.03021784	          8.76048029	          9.37525606	         94.69188796	         33.33900323	        149.14243254	         40.54009242	         18.17177111	         30.46093406	         74.90151352	        191.74011286	         22.81506454	         29.41328727	         25.56956192	         20.52865103	         26.67271488	         53.38738101	          9.53255229	         20.32124032	         26.17041782	         21.16799610	        206.11500073	         67.78170723	        223.32617409	        129.85187170	        335.85301763	        274.23523888	         38.52234586	        132.29420785	         53.06633214	        264.22571539	         43.17615419	        446.21022737	         89.34708538	         32.18629100	         76.81234850	         44.09330807	          0.05115347	          0.04782584	          0.02727657	          0.01098488	          0.05261002	         -0.00466506	         -0.02149768	         -0.04305303	          0.09711104	         -0.01276332	          0.17404811	          0.01826264	         -0.13507831	          0.06158574	          4.04299066	         34.32528112	         -1.89536294	          5.97580750	          0.75595187	         -0.91886137	          7.57693616	         -0.31152083	         -0.73653710	          0.80273126	          2.44335096	         -0.05319568	         -0.12724029	
          4.44000000	         19.80505617	         32.23635389	          7.28210428	          9.31503826	          6.09368022	          7.15634280	         18.77990460	         34.34116951	         15.58347143	         11.31213249	         61.70818611	        217.66703297	        165.16605023	        407.60279536	         15.13946225	         24.48083449	          9.54059222	        667.18702765	         98.71609622	         42.48724934	        105.14240788	         48.80325849	         24.14422352	         17.84546352	        157.72664060	         33.38498336	         63.86836949	         19.58326271	        223.36754528	        126.67840877	         17.69266029	         71.08443723	         22.83262828	        526.66191970	         92.63347036	        230.63461156	        641.69403846	         54.19571451	        253.29122172	         89.21058102	         16.92005204	         20.29480524	         12.81423902	         17.71491136	          8.68477503	          9.43598409	         90.38409417	         34.35951782	        147.13383418	         39.50476651	         18.65761621	         30.81356193	         71.49355291	        180.61158225	         21.04088469	         28.29649880	         24.99422010	         21.98329912	         27.55287423	         51.53943165	         10.52326399	         22.12981349	         28.07910562	         21.18514290	        225.31738554	         67.10129778	        221.61074278	        131.29558106	        348.91406329	        293.87524370	         39.87480036	        126.55833425	         51.74392342	        248.57201239	         45.98170572	        425.47533998	         92.74557667	         28.48222532	         70.90642499	         39.36785070	          0.05269871	          0.04573044	          0.01820061	          0.01600088	          0.04615590	         -0.00197193	         -0.01732189	         -0.04653510	          0.09810241	         -0.01196521	          0.20900730	          0.00358905	         -0.13584394	          0.07477223	          1.82271970	         34.60636630	         -0.65560785	          5.66948957	          0.62987688	         -0.94465065	          7.22068241	         -0.56865147	         -0.66289850	          0.77585970	          2.13753638	         -0.05598316	         -0.10910554	
          4.46000000	         20.28089786	         33.33779173	          7.30101224	          9.30299318	          6.18811893	          7.23858993	         18.26839130	         34.14849913	         11.83340356	          9.59324509	         65.52673218	        223.75961182	        165.26455672	        404.18397491	         11.31561248	         17.80670166	          9.46904795	        692.43351905	         69.45985281	         31.70977722	        112.29296275	         44.21757391	         18.92562997	         17.93568906	        162.24507645	         33.30424888	         63.80739020	         18.26232288	        226.38827754	        100.89579660	         17.48988506	         57.37121637	         22.11114748	        650.79587825	         93.83539327	        224.33203845	        690.02737420	         54.57412884	        251.23204238	         89.23235793	         17.85666778	         24.23772394	         12.69017213	         17.41531911	          8.71259340	         10.35247439	         86.28837210	         36.83083794	        145.01064168	         38.40092151	         19.17472156	         31.13651911	         68.30584865	        170.36134523	         19.61520109	         27.54958708	         24.48695280	         21.50203366	         25.84803095	         43.81299548	         10.35447698	         21.27955541	         27.09106194	         21.32518628	        233.76176125	         66.88121846	        218.87393951	        121.45872248	        355.21267396	        299.74939317	         39.78859251	        121.10006214	         50.45309009	        234.01398235	         46.10141957	        405.34122836	         96.30699036	         25.28901959	         67.16107758	         35.62290701	          0.05096147	          0.04297035	          0.01002719	          0.02065245	          0.04160371	          0.00175374	         -0.01591271	         -0.05002333	          0.09840440	         -0.01093907	          0.24861077	         -0.00516109	         -0.13616215	          0.08265868	         -1.61099419	         34.96738461	         -1.11928690	          5.45473612	          0.50111015	         -1.02680032	          6.17728541	         -0.90579756	         -0.53823443	          0.83750306	          1.73345256	         -0.05894672	         -0.09324527	
          4.48000000	         20.75014183	         34.44200316	          7.36453838	          9.32303483	          6.29487628	          7.34099674	         18.06675039	         33.96077888	          9.76019064	          8.86540792	         63.18153893	        216.82128246	        169.76201146	        401.09927821	         10.75431667	         14.44351479	          9.50242127	        627.52010449	         73.56513482	         24.59718953	        100.05450202	         43.99076750	         15.83207719	         18.05115505	        151.68081892	         33.27533943	         63.80322902	         17.77869739	        229.18887882	         81.24093866	         17.59361971	         45.02605482	         22.20117302	        742.24792085	         88.24472767	        198.95067943	        700.35367856	         54.25277322	        234.63797628	         87.46319746	         19.30949559	         40.50836211	         12.60341136	         17.16453859	          8.82260808	         12.63771620	         82.54415902	         41.01477557	        143.20878355	         37.16831326	         19.71065468	         31.41386761	         64.96624547	        160.03556400	         18.89959937	         27.19460871	         24.08683974	         20.08316408	         23.41737258	         37.64637419	          9.28070368	         17.42106223	         24.58302303	         21.63033303	        231.78194196	         65.33681501	        216.72834573	        116.07271285	        353.50372239	        291.89699129	         39.76252137	        116.07624302	         49.24035011	        219.30574688	         44.28456476	        384.91147583	         99.94452368	         23.49810215	         65.88570118	         33.83575201	          0.04450485	          0.03794681	          0.00149585	          0.02427485	          0.03951833	          0.00440251	         -0.02066930	         -0.05572442	          0.10278240	         -0.01136174	          0.30918508	         -0.00632554	         -0.13633201	          0.08596798	         -3.06611708	         36.28798868	         -3.51405681	          5.70904180	          0.16178948	         -1.15270548	          5.43051914	         -1.10325553	         -0.46619745	          0.88347698	          1.59652477	         -0.05162217	         -0.09300267	
          4.50000000	         21.20100363	         35.48265088	          7.50245823	          9.66399348	          6.42068237	          7.45875350	         18.00291658	         33.51650038	          9.82445202	          8.56314496	         57.71203355	        203.01168020	        164.83652358	        398.59616459	         12.02576479	         16.78301409	          9.69920341	        535.86091841	        121.42047364	         21.51187119	         79.59795626	         45.85781647	         18.67032590	         18.17590356	        144.56360765	         33.26211363	         63.82951974	         17.70774786	        231.65988304	         67.74587140	         17.36321401	        139.84929241	         22.38434773	        832.34756258	         77.39848420	        148.50251174	        695.25987539	         54.12302478	        193.64607944	         83.65417968	         21.74215442	         60.63972211	         12.54755337	         16.95997596	          9.01900624	         16.94143982	         79.22325211	         44.99488066	        142.95017632	         35.96165357	         20.28868348	         31.70127461	         61.29920460	        149.08679355	         18.78781930	         27.32706110	         23.89904105	         19.25810221	         21.67801190	         33.74550224	          8.15147911	         14.39547430	         20.15204895	         22.23179162	        228.20651276	         63.04525979	        215.04304771	        129.28015891	        370.07745527	        289.91935323	         41.62642403	        111.34671829	         48.05650098	        204.78151220	         34.85860888	        364.70570538	        103.86792363	         23.46049520	         66.68622472	         33.92671729	          0.03173875	          0.02871782	         -0.00849443	          0.02692614	          0.03812735	          0.00814411	         -0.03558347	         -0.06745673	          0.10791288	         -0.01398531	          0.41271998	         -0.00432502	         -0.13675810	          0.08850639	          1.20569481	         38.13379752	         -7.78844971	          6.78349256	         -0.43801928	         -1.27667250	          5.94992800	         -1.29416961	         -0.55656807	          0.83946372	          1.95126034	         -0.02151031	         -0.10499307	
          4.52000000	         21.54523456	         36.32599435	          7.62799678	         11.39778535	          6.49628304	          7.46465227	         23.34037104	         33.65109617	         10.13643502	          8.35246786	         57.19958175	        204.63366925	        162.98959821	        394.04498635	         18.62559170	         47.44947070	          9.88199245	        426.00475906	        116.61870033	         28.77659912	         70.86808669	         44.27248539	         19.87467253	         18.17231802	        139.90860890	         33.37866795	         64.02946113	         16.41131236	        233.04358096	         60.18986202	         16.76328707	        185.89415497	         33.81083044	        944.88986663	         63.01589112	         94.87008970	        709.98240627	         45.15469560	        144.84992733	         66.61710040	         28.13645937	         86.80573624	         12.40602197	         16.81224994	          8.93492473	         23.79704615	         75.94354148	         49.26363559	        145.21989671	         35.15182636	         20.94768364	         32.12313427	         57.58807804	        138.07773745	         18.09534788	         26.87098537	         23.51378827	         19.52461442	         21.10307174	         31.42437573	          7.30385894	         11.89319522	         16.75587659	         23.67407080	        172.83524926	         60.62096518	        214.73516987	        142.77102330	        396.00992988	        285.27864421	         43.76183360	        106.88911887	         46.84671035	        192.44944132	         24.69580807	        346.68948908	        108.53407318	         23.35474591	         68.07607311	         34.11874614	          0.01264800	          0.01431761	         -0.01967825	          0.02903726	          0.03492369	          0.01925585	         -0.06048162	         -0.08837219	          0.10722476	         -0.01650415	          0.59387102	         -0.00658594	         -0.13760846	          0.09702676	          7.09888669	         41.36795594	        -11.44968592	          7.81510392	         -1.01979241	         -1.24421699	          7.21464384	         -1.49821095	         -0.74133856	          0.82707171	          2.58333582	          0.03784463	         -0.11544430	
          4.54000000	         21.71961074	         36.29214500	          7.80400669	         10.60248375	          6.53613192	          7.49082850	         27.53503057	         33.87358801	          9.45295353	          7.97064531	         65.70587908	        232.01821862	        128.24617566	        383.45015938	         21.15392876	         34.56603684	         11.03177358	        287.04531252	         80.61752165	         30.39917130	         49.09701341	         32.66314373	         20.05818038	         18.17031268	        136.63913130	         33.44642423	         64.18184623	         20.47116036	        233.89791970	         45.54802626	         17.41362786	        124.51885581	         28.97492782	       1230.70374270	         49.71006174	        112.92717372	        762.32839853	         39.47701889	        111.83535635	         55.75400372	         46.56593380	        121.97003612	         12.98298165	         16.85469816	         12.81393726	         46.92012954	         76.52380819	         47.41414684	        150.41426869	         34.75192822	         21.70435685	         32.70101651	         54.13621177	        127.88078679	         22.47161615	         31.69469523	         27.87918231	         19.42078658	         20.61335151	         29.98565194	          6.35551556	          9.81029418	         13.76961404	         29.99786580	        125.49077717	         58.40627145	        216.89999441	        194.97094145	        356.14996976	        257.92544097	         39.86293497	        103.28890396	         46.25685904	        183.98375380	         17.42083587	        331.99532593	        114.36019346	         24.13283890	         70.57506524	         35.19563819	         -0.00856567	         -0.00465794	         -0.03192764	          0.03238620	          0.02918820	          0.04001900	         -0.08826824	         -0.11709318	          0.09903849	         -0.01534125	          0.92506042	         -0.02445334	         -0.13886444	          0.12056176	          7.88410041	         45.79823995	        -11.21259004	          7.30330629	         -0.98305607	         -0.96756511	          7.97198943	         -1.42685494	         -0.86351087	          1.02164128	          3.00811542	          0.10209473	         -0.12119782	
          4.56000000	         43.43526425	         72.22310420	         14.16440778	         14.62409469	         16.14195277	         12.59120426	         21.53557609	         31.55230528	          9.41501974	          8.12189826	         75.67099693	        265.48943687	        309.82648250	        366.21738415	         15.42872906	         24.84759776	         11.27528004	        193.97674484	         56.20911155	         23.17603793	         34.47110510	         24.15873790	         15.04964546	         20.03732111	        156.09745489	         34.26874883	         65.39158418	         14.79524835	        241.41157317	        226.28517794	         16.63177078	         84.83422309	         24.82178408	       1464.94893777	         27.68519175	        224.35780003	        820.41507635	         43.40797890	        116.15467385	         59.27048245	         60.63764755	        145.11656174	         13.46142750	         16.80786374	         22.85547126	         62.65880147	         88.89503847	         47.05812689	        157.47634260	         34.57703546	         22.63587850	         33.54447840	         51.38319965	        119.55390231	         28.34803947	         45.83339794	         80.06592382	         19.97763658	         21.13905581	         29.93811873	          6.37933108	          8.93428269	         12.07353293	         34.88429500	         95.16275614	         59.01975485	        224.63026763	        235.14199630	        359.66130071	        209.97789336	         39.57027915	         99.30102599	         44.99323140	        179.82537040	         12.67739617	        319.27394431	        121.67607076	         25.45427280	         73.83328752	         36.95994056	         -0.02384535	         -0.02481565	         -0.04502887	          0.03889720	          0.02319554	          0.06506421	         -0.10832630	         -0.14604653	          0.08486130	         -0.00639121	          1.55661221	         -0.05826584	         -0.14039814	          0.16012404	          3.14533586	         50.50189770	         -7.36875427	          5.02995978	         -0.48043469	         -0.48989063	          7.47459535	         -1.19503437	         -0.83985377	          1.16861870	          2.84225731	          0.13546483	         -0.11498048	
          4.58000000	         55.29526962	        156.98927281	         11.33006049	         11.38208948	         13.68156347	         15.49795627	         18.56741724	         34.44238147	          9.38068511	          7.32733367	         84.81861682	        298.11840937	        304.85359507	        345.16595000	         11.86796712	         18.41880042	         10.84505676	        131.61877624	         40.07192251	         18.55826177	         24.67533312	         18.68773973	         12.40979602	         21.18462751	        171.04382483	         35.64923754	         67.33409401	         13.04171749	        259.90048695	        442.27358265	         18.96726254	         59.21965800	         21.60132138	       1862.17031328	         47.40635203	        279.67217216	        866.74769096	         33.33160132	         89.08147473	         45.70267424	         66.27304429	        153.65955678	         13.77080131	         16.58365825	         29.61792523	         70.78689564	        137.71922372	         42.94059381	        166.25119815	         38.69393566	         23.54573752	         34.35871661	         49.59533640	        113.81534854	         35.65338329	         70.55151257	        134.13992968	         20.63323319	         21.73740855	         30.65761473	          6.49966226	          9.10597216	         11.73863305	         35.33118715	         75.91768589	         60.90239651	        241.72660829	        269.48442564	        389.34701683	        153.04443990	         40.25361995	         89.96029876	         44.85891020	        179.18611915	          9.67549894	        295.75740865	        129.95728506	         25.14958913	         74.94979184	         36.96315906	         -0.02459565	         -0.04141637	         -0.05743887	          0.04821993	          0.01886878	          0.08309906	         -0.11080665	         -0.16761757	          0.06628627	          0.01323659	          2.76089429	         -0.09511333	         -0.14185263	          0.20650667	         -3.06009595	         52.33270207	         -1.18379517	          2.32461400	         -0.06473207	          0.04284904	          6.31737307	         -1.13200411	         -0.69991725	          1.06648053	          2.19880927	          0.13084851	         -0.08545325	
          4.60000000	         62.77402503	        164.99377151	          9.24159120	          9.13992441	         11.40274751	         20.77669420	         17.44811418	         37.75489139	          9.84851657	          7.15344075	         84.08385331	        298.39910249	        277.28342056	        382.89978661	         11.27759524	         15.01470539	         10.84657761	         90.05112810	         29.56502584	         19.84663617	         18.09066245	         22.22229943	         16.88984813	         22.90190634	        211.56842339	         37.61592432	         69.90179299	         20.78148098	        311.58980471	        644.58187896	         26.62147588	         42.37666020	         19.18428495	       2028.56246558	         47.34897259	        227.61338490	        840.74086422	         26.81185538	         72.33144112	         37.12526062	         68.31143440	        132.52690692	         14.13761328	         16.26560431	         34.98459447	         74.16503032	         51.40571780	         70.98764393	        168.33171649	         41.69561505	         24.54607472	         35.22683332	         48.96357682	        111.33673048	         43.30124613	         96.19977821	        196.73187849	         21.37330324	         22.44170242	         31.54415255	          6.72121223	          9.45821647	         12.20892259	         48.48228913	         63.89188289	         93.36598839	        238.39215219	        295.85481023	        367.76547831	        104.30085403	         47.59556878	        191.46831895	         54.25789463	        181.29622509	          7.83119211	        257.06153238	        138.58197184	         25.02650843	         75.53397055	         37.06168802	         -0.00720540	         -0.05264756	         -0.06599965	          0.05782353	          0.01524286	          0.08482453	         -0.09177873	         -0.18195655	          0.04367863	          0.04104677	          4.88155745	         -0.11839330	         -0.14213080	          0.24427847	         -4.14090714	         49.10878577	          4.55760455	          1.35110197	          0.32420705	          0.35271830	          5.43375868	         -1.59991021	         -0.66750803	          1.15037364	          1.45352180	          0.08592371	         -0.04717715	
          4.62000000	         93.51214055	        317.88801848	          8.98828218	          8.91700084	         13.79503392	         53.36535733	         17.70137477	         34.99742853	         10.19714893	          6.93109226	         82.33113860	        293.92510355	        247.19367494	        337.03476662	         12.63979357	         15.53561793	         11.45623613	         62.70102260	         22.78054515	         43.65880285	         13.65961327	         18.54655313	         27.04361439	         30.04125071	        194.88464541	         39.42889835	         72.07003686	         40.88821886	        342.90318200	        803.75826794	         29.22047457	         30.93157706	         18.60111393	       2136.36159990	         35.31831629	        221.49090184	        797.70116274	         26.30419015	         75.46905888	         37.77153480	         84.71468577	        179.63452104	         13.58513102	         15.56396025	         40.13230734	         73.72993148	        615.93212125	         50.73350376	        140.67021406	         29.18040456	         25.79816450	         36.36253804	         48.60520628	        109.44477054	         37.41438567	         71.01274259	        132.11979097	         21.98670708	         22.93346304	         32.06960294	          6.91123217	          9.77161920	         12.70555013	         36.99255685	         56.69190375	         53.02956378	        223.16371550	        325.56714827	        396.94732101	         97.09281370	         41.23625434	         96.02570201	         45.86981057	        185.18792931	          7.88569334	        172.86297818	        146.77964706	         25.89592129	         75.93383601	         37.92785004	          0.02390703	         -0.06227790	         -0.06761047	          0.06431648	          0.01067069	          0.07159794	         -0.05330042	         -0.19777438	          0.01766519	          0.07152072	          8.04161930	         -0.11895128	         -0.13587984	          0.26297740	          2.07662615	         40.04333807	          6.23336709	          2.83910097	          1.27403299	          0.41417334	          5.49890365	         -2.58901348	         -0.95743729	          1.95541174	          1.04940220	          0.02087601	         -0.02944951	
          4.64000000	        172.30573651	        500.80047331	         11.15856916	          9.44000863	         54.57525667	         89.88691326	         17.65708285	         30.76321775	         10.47548252	          6.82137563	         80.48225979	        287.01234453	        205.10443113	        270.46381901	         11.74041440	         15.70502903	         11.84629974	         44.82662038	         18.23304619	         32.55948812	         10.68186952	         14.82013623	         19.53343926	         38.31893720	        187.18244716	         40.51659504	         73.07680167	        148.63198978	        369.63162544	        899.76130867	         25.99474329	         25.20051595	         18.34018208	       2106.25958474	         27.05504735	        259.24746960	        749.85355224	         40.99226416	         99.80761720	         55.31807627	        104.06607530	        236.87585495	         13.32676755	         14.64075413	         50.55432731	        106.71861717	        520.78064155	         74.37450626	        114.87098168	         21.65259452	         26.34659295	         37.12009173	         60.05778428	        134.81281164	         80.72976973	        194.78585796	        277.50920159	         22.41097722	         23.19676397	         32.22543826	          7.06418331	         10.01900136	         13.06906524	         67.50888874	         52.58021095	         54.47927766	        252.51129792	        351.22047974	        517.70626231	         74.76058735	         52.04143826	        356.53215112	         72.93763734	        197.94985182	          7.98778209	        123.64259323	        152.97353489	         23.99182615	         72.66960283	         35.85489297	          0.05909267	         -0.07662240	         -0.06066575	          0.06719173	          0.00432507	          0.05219680	         -0.00227577	         -0.22582112	         -0.00919410	          0.10242848	         11.72805174	         -0.09687157	         -0.11809464	          0.26209254	          6.68575578	         31.27693295	          7.53829413	          4.23168612	          1.61481839	          0.22545690	          6.20017456	         -2.30766962	         -1.11868594	          2.63178312	          1.29950969	         -0.02893935	         -0.03725263	
          4.66000000	        183.31231620	        492.04989309	         23.57525951	          9.96816277	         85.28606323	        121.33073041	         19.55465818	         29.53002719	         11.19817945	          7.64168151	         70.17157018	        248.82018098	        116.51190154	        292.34848536	         17.52721596	         17.01633786	         37.17467404	         33.03508941	         16.15249514	         45.25166098	          8.70237793	         12.33727605	         19.30466581	         48.58074234	        161.57358228	         40.79062473	         72.87283151	        150.47094162	        350.13426172	        869.08105656	         23.85378189	         24.84831515	         18.27673236	       1865.38285684	         21.57557307	        188.24495312	        656.44251394	         39.88027315	         95.20093591	         53.47229868	        122.54167039	        251.89408439	         37.49833146	         14.17519626	         69.71149128	         98.97843827	        406.03614670	         56.21669182	        134.68445889	         15.10946829	         26.66051252	         37.33112794	         54.03615431	        123.43501428	         86.09672431	        216.12259373	        297.74984325	         22.71454426	         23.32907893	         32.25418677	          7.25445257	         10.32343953	         13.54657377	         55.14366230	         51.57404090	        119.04436437	        268.86976364	        316.81939310	        382.42142791	         20.99683854	         37.97568307	        245.43774612	         59.76743289	        199.37513825	          8.43440325	         73.53598243	        156.57420477	         22.97344240	         69.41007472	         34.48487977	          0.09049909	         -0.09882551	         -0.05022521	          0.06892823	         -0.00215516	          0.03220638	          0.05199499	         -0.26895150	         -0.03372654	          0.13505381	         14.47627439	         -0.06546355	         -0.10045660	          0.25704423	          4.34841591	         26.56940050	          6.31313243	          4.60756638	          0.46162146	         -0.30912948	          6.63570953	         -1.25645813	         -1.04030343	          2.55710080	          1.74716293	         -0.04173239	         -0.06439048	
          4.68000000	        175.18568890	        441.54700951	         52.87957239	         11.49117185	        103.07499337	        111.59080343	         21.49752178	         27.68087075	         11.78752924	          8.11065418	         64.20805789	        222.99603921	        144.34589940	        229.88745433	         16.89789327	         18.03713369	        115.44988466	         25.16466924	         15.83189315	         34.43071528	          8.14383288	         10.76377921	         14.85523008	         45.55758463	        142.96522816	         40.05467108	         71.21874844	        120.64471374	        312.40726959	        622.16593068	         20.23827151	         24.33497704	         18.71553707	       1626.11288976	         17.81338597	        150.83068121	        586.05759579	         46.17224360	        113.80287965	         62.70580875	        145.94218453	        300.83684824	         68.45163820	         18.36383136	         85.24887561	         97.09370177	        324.69465351	         44.05549973	        142.07315365	         42.82570314	         26.59790007	         37.40099486	         56.48648864	        128.80798307	         76.48966108	        203.83326336	        311.18236510	         23.01641248	         23.37233314	         31.95763559	          7.48973085	         10.65340756	         13.98327224	         51.47740561	         53.43814248	        103.12237042	        266.86379231	        239.49637032	        284.78712050	        256.19090940	         28.47784917	        175.85783229	         50.87634827	        206.82895849	          8.88275417	        118.99276631	        156.92826513	         30.70898572	         69.27355349	         41.76929956	          0.11498505	         -0.12719726	         -0.04117141	          0.07143506	         -0.00313371	          0.01406763	          0.09851872	         -0.31902176	         -0.05484892	          0.16905000	         14.64608510	         -0.04355474	         -0.08759088	          0.25373916	          2.05956403	         21.16516558	         -0.10741464	          4.69128752	         -0.56823094	         -0.65887548	          6.10322119	         -1.28038080	         -0.97835158	          2.29876445	          1.75059639	         -0.02305780	         -0.08057446	
          4.70000000	        163.95242351	        387.85098507	         69.56950014	         17.63957327	        106.34230229	        100.54270113	         99.26024207	         26.77358514	         12.31712848	          8.36682759	         54.76744278	        186.11530621	        111.76747481	        133.82361317	         16.12811647	         19.42510057	        144.05607398	         19.89518354	         15.97952128	         26.98780921	          7.88929256	          9.95128110	         11.65854812	         42.86527942	        128.31050971	         38.73146444	         68.97624855	         86.60500912	        283.31733713	        439.56813044	         17.49331244	         26.78844586	         22.64103739	       1439.33360310	         15.27752134	        109.74990331	        495.25550851	         43.70805465	        109.55342284	         59.46937514	        153.13241827	        336.05692213	         58.66234528	         17.01340539	         79.56354451	         97.65281346	        258.87283505	         36.37485708	        123.44295860	         23.13519860	         26.76305027	         37.59202951	         60.32187649	        138.54620231	         75.15112623	        180.26231721	        275.92845122	         23.24661474	         23.26359515	         31.64486954	          7.70135165	         10.95898181	         14.44098817	         50.01766952	         56.66991505	         75.50353084	        216.06276109	        204.37035199	        310.32406328	        274.69262933	         22.39622363	        130.35512375	         44.27776720	        214.80846937	          9.37695263	        256.74525608	        154.33303764	         57.22529795	        231.57952280	         92.41137246	          0.13225712	         -0.15547578	         -0.03353863	          0.07400200	         -0.00109409	         -0.00162016	          0.13263958	         -0.36409061	         -0.07154004	          0.19789804	         12.15574767	         -0.03091286	         -0.07870725	          0.22594059	          1.90182329	         12.62253723	         -4.17850004	          3.40872076	         -1.10711593	         -0.48883973	          4.59650793	         -1.24182658	         -0.63167514	          1.75052558	          1.50540504	          0.00433478	         -0.05283040	
          4.72000000	        132.66866851	        275.43550007	         75.76390934	         17.84268426	        101.27221454	         82.60569393	         80.98732278	         24.38091179	         14.76051571	          9.26392406	         38.67687813	        128.48139252	         66.92997251	        374.62529440	         15.24209672	         19.00444937	        186.31169747	         18.74947501	         15.77098892	         22.21811467	          7.38969484	          9.21500979	          9.81896548	         37.80764269	        115.77356947	         37.68936777	         63.85410392	         62.54305218	        250.35778538	        315.16826127	         15.45646251	         19.53625841	         20.11297030	        937.61124395	         13.77716922	         80.53167020	        335.20717977	         62.86019508	        164.70490613	         88.75078052	        133.49108673	        264.21447600	         56.14600923	         19.11098994	         70.57449741	         83.31162661	        182.95525899	         31.96406000	        123.26405147	         29.90873740	         26.48154141	         37.31566347	         64.43426374	        149.68831853	         60.88164683	        133.38096522	        198.20599612	         23.50465062	         23.13304636	         31.19656174	          7.95645586	         11.29510501	         14.91401963	         46.25403720	         60.39226979	         53.15492070	        167.58472315	        160.33189708	        275.67048625	        237.89524366	         18.60330190	        100.01627831	         40.35336276	        222.95516720	          9.85686856	        368.29784934	        149.13947701	         65.95664317	        408.45335647	        117.06854269	          0.14433747	         -0.17385793	         -0.02779654	          0.07404331	          0.00362420	         -0.01366008	          0.15505234	         -0.39085567	         -0.08399481	          0.21301581	          8.54432805	         -0.01403612	         -0.07433480	          0.15103465	          5.67424091	          2.74305967	         -5.08909849	          1.99324464	         -1.34030734	         -0.10997098	          3.40681609	         -0.98822238	         -0.31957110	          1.29412502	          1.36314022	          0.01092602	         -0.01278790	
          4.74000000	         93.69166829	        187.56124488	         53.68464085	         32.96102607	         69.60582380	         56.19070209	        110.87370726	         22.92308081	         19.86099022	          8.96798275	         26.75990919	         82.45512771	         59.74205400	        132.22805981	         31.35620788	         48.99081136	        133.93734059	         18.98797697	         18.56637649	         25.00601293	          8.17027313	         10.46406461	         10.37337415	         28.91329941	        103.86429610	         45.19817180	        101.87837817	         43.39433194	        222.61998918	        236.33893587	         13.19514609	         93.70559306	         33.48741531	        985.70183207	         14.14600480	         60.29234887	        227.14994815	         64.76733124	        158.28189068	         90.02562395	         93.49889774	        183.73190765	         39.09751838	         15.79097011	         48.18000745	         57.83475111	        125.10558492	         30.67958200	        142.14579365	         39.69061697	         25.42911035	         36.55207542	         69.17272606	        162.82634521	         51.13667314	         94.96567226	        130.90658453	         23.84993859	         23.03119265	         31.10266570	          8.28089181	         11.74218976	         15.57971226	         36.25326493	         64.96963305	         61.93551420	        172.52987878	        130.52936878	        239.96248203	        263.28589992	         17.22291083	         79.06582163	         36.70029665	        232.31232840	         10.73552563	        497.42024870	        142.14418211	         73.57524681	        521.67099600	        135.67027986	          0.15245641	         -0.17436967	         -0.02408252	          0.06991639	          0.01323432	         -0.02202852	          0.16610643	         -0.39176241	         -0.09413473	          0.21069231	          5.34730871	          0.01244682	         -0.07553240	          0.04152259	         14.26051561	         -3.45567504	         -6.07899626	          2.53533175	         -1.65953338	         -0.04037921	          4.12406774	         -0.94709706	         -0.54038477	          1.48307572	          1.63309632	         -0.02331800	         -0.00845877	
          4.76000000	         68.40750777	        134.86586438	         50.44699265	         41.74245554	         48.48852818	         38.61833258	        154.94868524	         19.94325271	         17.34781206	          9.07467081	         22.37581858	         64.15558375	         82.62442969	        235.55635813	         28.54301992	         88.86011904	         99.28725832	         34.34580116	         26.12209712	         21.15677222	         12.35633427	         11.63212027	          8.75498558	         22.78659796	         94.72100449	         38.58814639	         81.21033108	         33.55478143	        201.94378693	        195.97051789	         11.33628288	        123.60253720	         47.83510562	        617.05951783	         13.74512379	         47.21478097	        159.14607146	         83.73069953	        245.22631444	        121.40297296	         65.89452100	        128.21110734	         27.13530436	         12.31644194	         32.64463345	         39.63035553	         90.93802636	         30.73698801	        165.43622109	         54.66638589	         24.13863810	         35.74186338	         74.47963976	        177.72122828	         49.08809655	         66.62796568	         87.13853927	         24.10176617	         22.62795375	         29.70575651	          8.49235660	         11.90396813	         15.30933078	         28.93055907	         71.35616392	         89.35787791	        195.43566180	        132.12436485	        207.85775778	        334.73971488	         20.24717576	         64.02430892	         33.29367502	        242.72011872	          7.70247498	        619.05121000	        134.47351440	         79.24972961	        563.72282227	        149.18941013	          0.15542167	         -0.15702419	         -0.02181280	          0.06295593	          0.02464255	         -0.02959151	          0.16393936	         -0.36667703	         -0.10030384	          0.19183955	          3.08336582	          0.02817346	         -0.08072504	         -0.08573680	         20.51868245	         -8.15668029	         -7.16530948	          3.73429872	         -2.30855462	         -0.34846791	          5.66057169	         -0.57149432	         -0.90225508	          1.77390185	          2.13988926	         -0.06752732	         -0.03227108	
          4.78000000	         52.09354138	         86.38107453	         35.73952762	         30.38696139	         40.44775540	         31.80191286	        133.91955739	         25.04340156	         16.51740338	          7.47719830	         28.07932663	         62.84774802	         64.41885190	        158.19672745	         38.16907832	         66.71097495	        145.56665965	         25.56414164	         20.76789941	         30.88468745	          9.37910663	         10.29669985	         11.24853665	         23.34719995	         88.93550931	         33.51076107	         68.99390278	          3.92988141	        190.16116671	        153.82900943	         13.40464967	         82.12263159	         35.07423419	        431.45934670	         12.49400742	         29.47237393	        130.93250328	         66.79917840	        196.88581681	         97.41006725	         47.05074342	         90.00175365	         19.08911380	          9.06694693	         22.23568507	         27.22122816	         58.22078100	         31.11797687	        180.59329482	         60.56443289	         23.02571393	         34.90938092	         79.81545275	        193.11801065	         39.05233106	         45.19277672	         58.98713234	         22.46726653	         24.24220428	         69.23709260	          9.33839968	         17.10904453	         33.60553207	         23.96503617	         91.38710745	         96.83668264	        196.65915219	         90.53993098	        185.85359288	        260.14996480	         20.20252733	         56.45135789	         30.17071080	        252.59027938	         53.66942276	        693.68858352	        126.55391229	         82.56702879	        640.48954808	        157.99220588	          0.15104276	         -0.12995114	         -0.02111846	          0.05524917	          0.03052511	         -0.03576908	          0.14898856	         -0.32631525	         -0.09773547	          0.15696292	          1.64229572	          0.02777697	         -0.08699642	         -0.21079944	         21.30478633	        -11.65936142	         -7.53034278	          4.39280053	         -3.31054503	         -0.83690155	          6.84872946	         -0.16980723	         -1.14706054	          1.80534003	          2.60308799	         -0.09331936	         -0.06283501	
          4.80000000	         78.65401158	        172.11134090	         25.84466387	         22.85891180	         43.03093645	         45.63980927	         90.22191052	         19.59183440	         10.63661196	         21.51684216	         20.21908118	         43.96646871	         46.34756857	        113.47380215	         28.65043710	         48.13950249	        105.38854794	         19.69152230	         17.27095986	         24.61027216	          7.39622724	          9.20848428	          9.74204629	         25.96949175	         86.46405737	         35.70753600	         57.58266812	        216.16149867	        189.12970128	        269.63287148	         12.17845288	         55.35901903	         26.50681332	        323.85348572	         13.00591291	        132.14114370	         92.85331054	         63.28442406	        183.46819727	         91.41299483	         34.29632346	         63.89215420	         14.46450981	         32.50301567	         15.31239733	         18.83505383	         85.49259609	         31.62094774	        181.21151250	         59.16699993	         22.01993524	         33.93670148	         84.42759788	        207.01780215	         39.23267784	         98.80332946	         40.89838106	        200.06653201	         80.33269329	         50.78996081	         37.51529181	         28.87079511	         24.59195300	         20.70820294	         85.05813657	         85.02510307	        162.48964975	         65.11097702	        173.64757965	        178.94696878	         17.10282297	         36.89681170	         48.68811200	        259.72048066	         12.57051372	        680.91761206	        118.34345580	         79.18152133	        561.08347383	        149.18038032	          0.13895722	         -0.10326531	         -0.02184513	          0.04823045	          0.02642074	         -0.03856759	          0.12446054	         -0.28019715	         -0.08399161	          0.10904086	          0.78383708	          0.01329550	         -0.09269930	         -0.32383832	         17.18316113	        -11.27614022	         -3.62361330	          3.57874564	         -4.48600767	         -1.20302771	          7.00433440	          0.66659663	         -0.95809361	          1.39941115	          2.87080796	         -0.09764112	         -0.06575955	
          4.82000000	         85.63874916	        197.26006237	         19.29133630	         18.02395030	         30.89799609	        131.45453118	         62.83670914	         36.47370657	        167.33951048	         12.95624778	         15.59054236	         32.28318930	         35.66418881	         87.61303432	         36.09228426	         36.97533825	         75.47531020	         17.07294904	         15.75324493	         93.16856148	          6.27537051	          8.04947471	         19.87371726	         58.52857271	         81.46617242	         27.83709121	        105.29642498	        264.11512451	        349.07588762	        813.33214740	         41.73678291	         38.71714425	         20.92073364	        259.32628749	         10.86286814	        243.55242616	         69.26271039	         54.59811547	        160.48624835	         79.32371767	         25.77053109	         46.34717823	         10.81928257	         21.04045476	         10.71043820	         13.21351709	         61.63427470	         32.14249439	        165.57103048	         50.50396549	         21.22988665	         32.95449696	         87.61558497	        217.32727772	         45.22796596	         88.90838550	         29.10291669	        484.65812873	        155.83721284	        120.83936799	         65.82254277	         58.41501634	         51.99347360	         18.57496535	         82.92336551	         63.91156558	        119.75419837	         49.82601869	        167.57615255	        125.00440873	         15.45329609	        593.84372759	         37.63261158	        262.33750947	         92.68765326	        594.81565307	        110.29868712	         75.34036292	        528.68999841	        139.74799095	          0.12118328	         -0.08325061	         -0.02239495	          0.04335188	          0.01182104	         -0.03583459	          0.09543939	         -0.22985083	         -0.06023402	          0.05031531	          0.31320640	          0.00499948	         -0.09678590	         -0.42879794	         10.97359021	         -6.69513630	          6.07293061	          1.26709770	         -5.77155419	         -1.40547183	          6.64005399	          2.28372340	         -0.35195606	          0.62955315	          3.09590605	         -0.09122182	         -0.03865708	
          4.84000000	         66.85118545	        188.62545316	         15.01775429	         14.96536182	         22.16054089	        120.05726618	         44.95280631	         25.64862087	        169.79069825	         53.99016072	         12.51854709	         25.31056515	         29.37387718	         73.39845578	         26.65059784	         28.04538381	         53.60362519	         16.86549607	         15.57955166	         74.60168888	          6.15470055	          7.79371818	         24.47356733	         43.30347785	        100.98274135	        102.09976924	        190.32417261	        280.88149175	        477.13972467	       1087.10296029	         54.51605431	         28.43821720	         17.25934062	        217.48547966	         18.03881207	        404.82436229	         55.32254175	         60.24595216	        172.39764432	         87.26058483	         20.12985803	         34.74902808	          8.83544949	         44.32051908	          7.67165371	          9.46094769	         51.10991634	         32.62003226	        145.70118551	         42.29630702	         20.47020190	         32.09636035	         89.12255533	        222.98795844	         39.25630637	        161.14781686	         21.27474426	        876.94564343	        272.99693025	        119.84063112	        107.89093457	         74.26947094	         46.71103697	         17.19169110	         82.34840950	         49.02295904	         90.91018183	         40.05389735	        165.01042044	         88.96275386	         14.32872160	        697.16117096	         83.10867485	        260.26931692	         78.04979917	        509.12539466	        103.27612579	         66.66070190	        394.84277098	        118.46345669	          0.10089834	         -0.07041286	         -0.02215637	          0.03911461	         -0.00633329	         -0.02560650	          0.06897863	         -0.17129506	         -0.03096612	         -0.01524542	          0.09842994	          0.01328919	         -0.09813392	         -0.47818192	          7.67752934	          1.66610264	         12.51832419	         -0.17434234	         -6.00059564	         -1.34916236	          5.65396223	          2.75131397	          0.03395968	          0.32798554	          2.85819124	         -0.07287027	         -0.01928474	
          4.86000000	         50.88758881	        131.89395063	         12.43688331	         14.88840183	         16.24679227	         81.00464607	         33.99971655	         65.14520459	        164.90800980	         37.84058137	         11.49393643	         21.35740990	         25.14007936	         63.45404771	         20.57210575	         22.65444548	         39.12642172	         16.99788471	         16.07723651	         60.33120407	          6.31076608	          9.33930927	         23.66446834	         34.40422860	        136.22600513	         75.67191615	        185.75996456	        225.15505957	        356.35486269	        871.07277717	         50.16388605	         23.10992770	         16.40590539	        189.26609373	         32.93378261	        366.28069736	         46.63989579	         55.43392866	        167.24138114	         81.52403102	         16.42474128	         27.17753574	          7.80016866	         31.38996370	          5.76780602	          6.97483710	         39.96585922	         32.92573454	        130.93624331	         39.15809596	         19.94244426	         31.43690440	         89.14994649	        224.20885486	         29.12853722	        111.50341782	         15.99084930	       1012.58838950	        313.86014177	        131.71018685	        144.80159167	        101.51423643	         63.09824296	         16.74810896	         85.77103230	         44.11076973	         78.16669029	         33.69717707	        164.66473298	         64.85064288	         14.24125977	        675.92279306	         61.94003532	        254.29813422	         97.42747242	        457.42453219	         98.16594456	         65.98330885	        408.88375632	        117.28650862	          0.08127182	         -0.06104386	         -0.02112631	          0.03285030	         -0.02237317	         -0.01679586	          0.05032006	         -0.10502019	         -0.00059444	         -0.07740637	          0.03811450	          0.03229144	         -0.09521632	         -0.39719519	         13.33505258	         10.08548780	         10.10838607	          0.52959338	         -4.80300350	         -1.00781697	          4.30148409	          1.59827819	         -0.04503195	          0.83566194	          2.22551200	         -0.04314210	         -0.02247425	
          4.88000000	         41.03542733	        101.54848857	         12.35136438	         15.16805813	         12.42217712	         61.12068134	         27.16617567	         65.00883105	        153.17745431	         33.43329077	         11.84492332	         21.13681423	         22.95953789	         54.61042030	         17.25191031	         21.73140535	         29.57468576	         16.99112537	         15.91202569	         49.78519290	          6.24574995	          9.12473569	         23.79025610	         41.99814353	        137.66143987	         58.49589003	        164.50614930	        215.27918584	        374.30953210	        759.72136160	         60.57883050	         24.30109999	         16.61497754	        172.04011657	         23.60396761	        327.44431960	         44.80555469	         55.27530352	        166.91507716	         81.35750920	         15.29882819	         22.24448624	          7.68490331	         24.20747735	          5.64054686	          6.26292994	         31.87687291	         33.10381674	        106.27247740	         32.90437086	         19.00501082	         30.77679539	         88.16144473	        221.95591412	         27.51243065	         85.25475246	         12.45188445	       1008.91652068	        407.59287504	        144.89854166	        185.72745876	        125.01118520	         72.52184454	         16.74127964	         86.63480275	         37.38542408	         72.63749643	         30.04933763	        167.68069195	         49.05170783	         14.19464824	        790.81133828	         60.49889806	        245.69188169	        113.68454500	        382.57420968	         94.95426596	         65.93426882	        402.46154822	        117.20328402	          0.06570922	         -0.05322652	         -0.01911903	          0.02351681	         -0.03785003	         -0.00733910	          0.03814761	         -0.03063532	          0.02561391	         -0.12701101	          0.05386281	          0.04717116	         -0.08609667	         -0.31793826	         23.07590838	         13.07499640	         10.25502380	          1.05459758	         -4.14946145	         -0.80722277	          4.56544805	          1.72946559	         -0.05731041	          1.20142068	          2.31641183	         -0.02839334	         -0.02182823	
          4.90000000	         35.66419779	         80.35839317	         12.41199024	         15.35991170	         10.61918747	         52.03505054	         24.55377494	         77.80843580	        143.75718834	         34.52144179	         11.99773369	         21.90954534	         25.73254198	         56.26494907	         15.62299619	         21.50438170	         23.31166609	         17.15374289	         15.94570559	         39.29832915	          6.27932149	          8.86004219	         23.70918113	         42.38554028	        153.95676863	         55.33569291	        153.64721171	        208.46328271	        396.05028791	        675.48894060	         67.51842707	         26.27097679	         17.14866135	        188.18636716	         28.92792737	        329.53743060	         47.53044528	         53.80091309	        163.06215239	         79.38434858	         15.30279864	         21.69583309	          7.58550988	         18.48043234	          5.58298585	          6.27818553	         43.89672644	         33.25609607	         73.90144731	         25.09559783	         20.21875429	         31.20584963	         87.08086002	        218.41341625	         30.76100378	         60.06348071	         12.27422634	       1003.07364231	        528.40798352	        103.35722477	        166.20982164	        137.73604428	         87.77984174	         16.74301202	         87.38916705	         25.67705706	         51.00380722	         33.34990771	        170.29344027	         38.36070019	         14.34653410	        899.28457437	         72.89882775	        237.58645657	        123.01443346	        294.79355175	         91.43815378	         65.06817865	        391.94693680	        115.35466799	          0.05590637	         -0.04529618	         -0.01710645	          0.01358948	         -0.05441882	          0.00278536	          0.03076043	          0.04795914	          0.03825653	         -0.15521789	          0.09707389	          0.05808136	         -0.06489958	         -0.24690016	         32.23853643	          9.59379330	         11.09003092	          1.72861707	         -4.08820473	         -0.85107685	          6.12346495	          2.66744312	         -0.10079833	          1.51282843	          2.98751871	         -0.03272769	         -0.02430314	
          4.92000000	         30.71814441	         61.19929024	         12.38207389	         15.50181689	          9.87806171	         35.95920258	         24.21688815	         86.20773007	        135.39041604	         34.99596625	         12.22372291	         22.67571889	         28.61961926	         63.64848419	         14.87513223	         21.28741884	         19.49885369	         17.43583049	         16.14175222	         34.13919822	          6.39825673	          9.89304286	         25.07148041	         32.35437654	        198.57901454	         57.06122095	        153.04924926	        194.83889073	        417.83467709	        598.56194999	         73.03539766	         28.51391047	         17.77388866	        210.38658883	         38.21354345	        345.95233990	         50.18988782	         51.19066943	        156.01858934	         75.84075633	         15.30338116	         21.85516143	          7.51240013	         19.52486946	          5.53469604	          6.28311784	         34.63849051	         33.32394558	         48.03542753	         20.78449789	         25.57507244	         42.70458971	         87.27815347	        216.66823983	         22.47833417	         42.68448544	         12.14920602	        997.86780284	        596.60542111	         75.29059509	        168.13252638	        147.79756730	         62.70192622	         16.75582990	         88.66095390	         18.27630324	         37.50080555	         33.15850714	        172.66106769	         37.84435393	         14.25433263	        978.81080040	         87.23817791	        234.27553092	        131.51180683	        230.38918780	        141.53498667	         65.24663905	        389.25210842	        115.69497492	          0.05154388	         -0.03831305	         -0.01576323	          0.00649151	         -0.07201079	          0.01380383	          0.02585657	          0.12428477	          0.02996670	         -0.15741961	          0.14260675	          0.06740772	         -0.02807529	         -0.18929965	         35.83179805	          3.61998621	         11.28635487	          2.63565054	         -4.47847932	         -1.10691113	          8.03349562	          3.64336895	         -0.22124523	          1.82178444	          3.80826190	         -0.05037357	         -0.03242152	
          4.94000000	         26.84792787	         48.39173506	         12.38525448	         15.67064235	          9.51858228	         25.07447456	         25.43569603	         89.34923856	        129.89670307	         35.87539100	         12.49829227	         23.34987734	         31.51634226	         71.22552201	         14.65257104	         21.24119049	         19.37651735	         17.86296749	         17.03869427	         41.82028454	          6.96229275	         17.42197196	         30.14155198	         25.68774715	        231.23610418	         58.62271963	        157.27505103	        173.38930216	        404.81321144	        518.42812478	         74.89664431	         31.20419503	         18.67324290	        231.36736656	         55.27845681	        359.82549400	         52.71679724	         47.73435143	        146.45841416	         71.09587222	         15.33197113	         22.03098677	          7.40982567	         33.16037658	          5.49142201	          6.29734447	         27.74401164	         33.21595227	         38.13112016	         13.89308675	         30.30145252	         48.04878275	         89.65828416	        219.37406416	         16.86072208	         30.99281032	         11.85913971	        992.92545133	        469.53442816	         56.59134259	        260.13835066	        145.70814695	         46.38044423	         16.77505708	         89.41586198	         13.69021358	         28.60287156	         34.43600254	        175.00463568	         38.48160429	         14.20074308	        949.93814794	         64.59097842	        239.73826468	        143.92772296	        273.26195535	        174.09214605	         70.44655769	        430.70937217	        127.37501255	          0.05027386	         -0.03429006	         -0.01486563	          0.00439147	         -0.08873789	          0.02628872	          0.02231203	          0.19088204	          0.00213253	         -0.13467751	          0.17840552	          0.07563059	         -0.00792258	         -0.14550830	         29.56343103	         -0.65625695	          9.20353213	          3.26936424	         -4.50058306	         -1.21489250	          8.80721146	          3.79875748	         -0.37288890	          2.02323336	          4.11340190	         -0.05832033	         -0.04240625	
          4.96000000	         24.45604278	         39.93605818	         12.46496589	         15.91690783	          9.45139905	         17.85325748	         27.34727540	         92.03469871	        125.87245165	         36.33559140	         12.81571451	         23.88643649	         34.35553897	         78.82996021	         14.87087851	         21.32243556	         19.45812491	         19.43863321	         26.15669162	         64.77496193	         10.20595952	         30.19451169	         36.67171992	         21.41272992	        246.02150939	         59.24272329	        158.42125091	        153.11790781	        359.88111887	        417.76252558	         74.08716908	         34.50036019	         19.96737039	        247.79873050	         60.84824270	        364.71019522	         54.97975391	         43.72940778	        135.21301457	         65.54697043	         15.35334338	         22.20696804	          7.32691583	         36.31386480	          5.44858771	          6.31083913	         26.30836489	         33.07119853	          7.78845111	         34.55868371	         24.26306770	         39.20929437	         89.99591997	        223.74776957	         13.17570112	         23.18270411	         11.75741550	        991.97485088	        394.32191369	         44.20629095	        336.71670546	        143.67194951	         35.85976002	         16.80719134	        323.15554885	         12.39132359	         27.46608818	         36.58736977	        177.26332507	         39.89467483	         14.10423961	        903.05778973	         49.55733876	        245.53310795	        153.99358433	        393.14986603	        141.79035409	         80.93539944	        588.87941728	        153.96216521	          0.04909549	         -0.03324415	         -0.01363897	          0.00691386	         -0.10152509	          0.04160295	          0.02099168	          0.24298286	         -0.03192351	         -0.09394817	          0.19588060	          0.08233270	         -0.01535406	         -0.11414873	         18.30658834	          0.38726928	          5.39613580	          2.98098746	         -3.79524082	         -0.94917448	          8.07115806	          3.11969589	         -0.46593474	          1.97691555	          3.72407691	         -0.04531354	         -0.04776902	
          4.98000000	         23.76031285	         34.37485894	         12.57363145	         16.19424198	          9.46574161	         13.07810444	         29.33888824	         69.86970598	        120.79576658	         34.86692779	         13.26416297	         24.35817523	         36.92429848	         86.04976709	         15.52880286	         21.47537129	         19.57840311	         24.27573121	         37.56560692	         84.87687683	         12.55765307	         33.52328308	         38.87212074	         18.83665817	        228.95347869	         54.65438983	        153.85154728	        149.65249899	        342.64741710	        263.65552689	         69.05605374	         37.58968027	         21.14231394	        257.31415322	         64.86814681	        358.51482916	         57.00932181	         39.96707009	        123.67228728	         60.14991526	         15.36748870	         22.37196863	          7.28382616	         25.21232989	          5.41422647	          6.31048355	         25.97249011	         33.11930870	        125.44922081	         21.14523102	         26.82406410	         40.39720665	         94.35139106	        233.84427179	         13.15814634	         18.26793336	         11.69043708	        979.97903691	        270.06468961	         35.97941151	        369.19974609	        127.48919295	         29.13319665	         16.84974215	        239.92752842	          7.79292861	         21.02346841	         38.71969223	        179.29714719	         29.97800812	         13.95858923	        612.07432045	         39.47566213	        258.04027547	        158.27380665	        444.25175865	        124.72837889	         82.81473908	        608.24460227	        159.55506402	          0.04492675	         -0.03288936	         -0.01083707	          0.01079656	         -0.09862625	          0.06080155	          0.02273784	          0.28132873	         -0.04730676	         -0.04829767	          0.20804908	          0.08703210	         -0.03044549	         -0.09741087	         11.06636638	          1.75067859	          3.33062934	          1.97841517	         -2.95283465	         -0.55109479	          7.10938853	          2.53531293	         -0.44189527	          1.76033509	          3.20647734	         -0.02714822	         -0.04370508	
          5.00000000	         23.80629193	         32.08044051	         12.71355953	         16.50765578	          9.53571237	         10.00356365	         32.90328265	        114.35323453	        116.09313789	         33.37161328	         13.79087478	         24.79275300	         40.28511598	         94.15123042	         17.25470384	         21.89426805	         19.67922289	         53.24366211	         67.33353475	        103.88793967	         18.49682890	         38.73829445	         39.49523400	         18.41107856	        200.85926896	         51.45461689	        145.38208306	        124.10894799	        281.04032191	        168.12612739	         72.08147726	         44.13445289	         25.38323300	        259.34582770	         51.06578055	        350.11514181	         58.81402822	         35.22718757	        110.63680990	         53.59583462	         15.51906697	         22.67741972	          7.27129908	         17.82880534	          5.48276829	          6.41627755	         25.86369816	         33.44248471	        136.64795505	         46.81711809	         23.12672539	         34.91931396	         96.46347583	        241.31290982	         13.10516868	         18.23434003	         11.70520261	       1024.48385065	        321.08665612	         28.21470705	        247.69853216	        114.55332607	         22.84049173	         16.99840021	        186.33655339	         51.27739922	         46.47738378	         40.04578203	        181.71532341	        125.34663324	         17.19526916	        413.83719996	         32.70345504	        263.80979170	        156.70116534	        456.19559647	        112.64886401	         75.51931746	        512.10864581	        142.71270851	          0.03761884	         -0.02944161	         -0.00543186	          0.01176988	         -0.07622830	          0.08132043	          0.02684275	          0.31215568	         -0.02729981	         -0.00737796	          0.21881106	          0.08964649	         -0.03699303	         -0.09651561	          9.94891373	          2.48639679	          3.08826787	          1.37512213	         -2.73935511	         -0.43569549	          6.20294326	          2.17579440	         -0.32141830	          1.64823545	          2.80188912	         -0.02385332	         -0.03335316	
          5.02000000	         23.78442944	         32.18421107	         12.74477082	         16.67905213	          9.51679499	          8.70227967	         35.82434939	        122.21480039	        113.59723838	         32.30525201	         14.19518832	         25.14500849	         43.89413515	        102.53763737	         18.68000801	         22.13626356	         19.62182290	         64.32283171	         73.12701227	        112.43053792	         19.27540981	         38.51032310	         38.77147251	         18.83253464	        173.10096403	         48.03123972	        139.05001665	        115.46492369	        251.67938819	        112.48881175	         70.17486064	         92.49812490	         33.10227720	        255.24755543	         45.23350393	        346.37517898	         60.38621065	         31.07303235	         97.94635070	         47.62621307	         15.67511660	         22.98357237	          7.40583653	         12.94422148	          5.58038261	          6.50762572	         26.61427881	         33.25729892	        145.81763514	         42.84573101	         20.92952403	         32.41640679	         96.58516853	        242.28849152	         29.76029291	         27.06531322	         11.82192104	        821.45778567	        268.94597795	        208.44973890	        167.19506879	         82.50286653	         84.42027747	         17.15613420	        152.20517146	         31.59557062	        212.70308176	         46.53037946	        183.23422387	        259.04400971	         17.50483001	        286.13074596	         28.23239663	        259.25762652	        151.55542739	        425.28527373	        105.43418144	         66.57739112	        369.04187583	        116.57779504	          0.02958093	         -0.02051459	          0.00012596	          0.00871265	         -0.03534402	          0.09326153	          0.03175504	          0.34184419	          0.02298430	          0.02367192	          0.25516270	          0.08754565	         -0.03519420	         -0.10490836	         12.93504869	         -2.42808277	          6.30428633	          0.60729750	         -3.45295484	         -0.65481538	          6.07658366	          2.55324303	         -0.13024942	          1.35483678	          2.84259851	         -0.03633620	         -0.02084005	
          5.04000000	         23.72997973	         32.18653054	         12.69671791	         16.71620668	          9.44030265	          8.41551134	         40.99145045	        130.99548273	        113.53126876	         32.56717410	         14.43124589	         25.23311293	         48.27186265	        112.21959490	         20.95562077	         23.02837211	         19.47659336	         82.81174609	         87.52547348	        129.60494310	         20.48283104	         41.40471270	         42.29463170	         19.53847690	        158.37379197	         49.37968295	        135.24165561	        111.21572248	        230.93787239	         77.57704274	         70.97884286	        110.53646164	         38.83627892	        247.23185121	         41.58948804	        349.20757805	         61.26691189	         27.08140942	         85.44724894	         41.83333942	         15.82419395	         23.32260834	          7.28733314	          9.63126614	          5.58648753	          6.67770836	         24.04369625	         35.29479594	        102.33695884	         33.18860829	         20.90387002	         33.53237326	         96.99215639	        243.34450141	         63.72884110	         89.12506295	         11.66893086	        521.03543492	        505.69317292	        142.34733721	        113.73271304	        126.74962104	        108.87561270	         17.38119009	        130.34016777	        115.46860799	        243.86263217	        110.47296600	        188.33714457	        319.12826317	         36.34151560	        191.72192384	         25.21087771	        245.87555514	        164.62345814	        304.39431113	        104.99857585	         46.64752810	        247.52132306	         80.55548628	          0.02299264	         -0.00908769	          0.00215591	          0.00215384	          0.00033471	          0.09006080	          0.03379000	          0.36724171	          0.07226505	          0.04217743	          0.29576140	          0.06779505	         -0.01205975	         -0.11325424	         18.76734864	         -7.59443380	          9.17352236	          0.42108745	         -5.00468387	         -1.21852167	          6.61041403	          2.86444620	         -0.16345921	          1.14124239	          3.23207444	         -0.06468059	         -0.02420879	
          5.06000000	         23.59483049	         32.05201529	         12.59011443	         16.64129993	          9.32165499	          8.23423458	         42.91749000	        132.09124818	        115.48411761	         33.05966687	         14.31557075	         24.91284149	         52.85500485	        122.81005034	         20.87715657	         22.96718258	         19.30815792	        100.32343847	        101.13346414	        148.07188734	         21.83064825	         45.31903886	         46.94245471	         19.93400080	        155.06477069	         52.28213695	        132.94295129	        119.85597217	        226.53537092	         48.39440113	         73.71592653	         89.55193635	         35.62495877	        237.52375775	         43.87033387	        355.33604704	         60.81167742	         23.54877167	         74.08988828	         36.64509122	         15.74101100	         23.30843147	          7.24366950	          7.72992972	          5.48956810	          6.44210346	         55.11365295	         34.97024332	         72.27259688	         17.77203973	         18.34325925	         29.99047280	        111.88603911	        272.79605830	         44.04465812	         61.52554427	         27.58355599	        539.00909922	        681.72177163	        100.44875772	         77.42694464	        220.72723779	         76.18431802	         17.32495687	        116.49167519	         78.43356522	        208.38420964	         80.73471748	        185.52269047	        215.38388964	         28.17929047	        149.89602574	         24.85075610	        329.48514484	        171.60094094	        216.79315352	         96.48303769	         45.12379389	        195.24794182	         72.39144194	          0.01911195	         -0.00252040	          0.00057714	         -0.00421803	          0.00926039	          0.06651433	          0.03076938	          0.38034936	          0.07951401	          0.04790015	          0.31754445	          0.02118774	          0.03972393	         -0.12092746	         25.55442026	         -8.45535530	          5.05452554	          1.59235554	         -5.73342500	         -1.56677938	          6.72566462	          1.56734360	         -0.66747877	          1.49797574	          3.41101719	         -0.08038403	         -0.05382772	
          5.08000000	         23.40830899	         31.74090073	         12.51314919	         16.55943386	          9.23486852	          8.15333080	         44.12175002	        106.97946841	        116.88082965	         32.19561739	         14.08708648	         24.38117720	         53.11083986	        128.23976319	         19.45068723	         22.04353474	         19.27451556	         91.31992781	        108.48510996	        167.27119783	         23.04478549	         51.24055430	         55.87207011	         20.20725739	        183.38282131	         52.60407979	        127.25822654	        130.88170356	        251.79288764	         61.77461953	         76.07550646	         77.11526323	         34.18403588	        227.84358370	         58.71927682	        352.41554900	         58.89991001	         20.91547362	         64.95744286	         32.62866085	         15.76465549	         23.40945472	          7.19221501	          7.86691190	          5.45036532	          6.38666048	         40.87548135	         34.60429998	         50.67951416	         32.45500962	         36.98410735	         53.33470494	        101.01297396	        248.36166180	         31.10016431	         43.33466974	         19.78796003	       1000.25468326	        459.52068909	         73.32010943	         66.18453990	        150.31379516	         55.79692501	         17.31468720	         98.85762094	         53.59001731	        142.43965284	         63.48052697	        186.34333428	        147.92505493	         22.75729927	        340.59262441	         25.73062390	        282.30555400	        177.17241251	        134.69505047	        191.50905130	         48.56623770	        174.08852966	         78.46603225	          0.01865112	         -0.00476214	         -0.00210396	         -0.00937402	         -0.00042327	          0.02570450	          0.02497633	          0.37547786	          0.03085280	          0.04444675	          0.33877025	         -0.04415036	          0.05015645	         -0.12690065	         30.06653895	         -3.51038694	         -1.65235010	          3.03274534	         -5.18141607	         -1.53375444	          5.56428020	         -0.25878926	         -1.07575971	          1.97912774	          3.04795186	         -0.07756873	         -0.07458337	
          5.10000000	         22.91834377	         30.85369375	         12.44776581	         16.51407412	          9.09263336	          7.73253262	         47.97357788	        102.73802035	        119.78877756	         32.65358375	         13.41436989	         23.50478776	         56.63281153	        138.18135394	         19.11568678	         22.45355176	         19.38251755	         65.49979828	         80.08546938	        130.11914190	         21.02155279	         46.78093844	         55.07110634	         20.85216076	        211.42700880	         51.53944644	        116.69220458	        137.97761512	        226.87242126	        104.06805638	         75.61215175	         72.22938238	         35.22582497	        219.37823115	         57.35825645	        352.20175222	         55.63227186	         18.91165189	         58.05549511	         29.54261442	         15.83050599	         23.57370120	          7.19116852	          2.41555087	          5.44790431	          6.38824172	         31.43182908	         33.95736669	         27.68363897	          8.84207043	         25.76561960	         47.73025176	         97.05548917	        240.81549084	         22.53732832	         31.29511973	         14.62556000	        997.94824109	        310.59256288	         55.43292176	        370.49276114	        103.38261919	         42.64064961	         17.33554597	        528.14216112	         37.15889410	         98.91775348	         53.09840339	        187.39257990	        104.53273533	         19.16646165	        906.24796447	         27.77269870	        263.49582030	        178.89166023	        369.84832778	        172.10406508	         72.92145061	        520.24734524	        139.86087576	          0.02047447	         -0.01434555	         -0.00286325	         -0.01426769	         -0.02265358	         -0.02297701	          0.01634285	          0.35450576	         -0.04833101	          0.03563454	          0.35852996	         -0.10655015	          0.00560007	         -0.13085883	         29.51041762	         -0.42805363	         -7.31991539	          3.77394477	         -3.51447623	         -1.06197262	          3.56850843	         -1.64265847	         -1.10565282	          2.27567502	          2.28330134	         -0.05604753	         -0.07013149	
          5.12000000	         24.50840434	         32.55019883	         12.72287490	         16.66445563	          9.59929038	         14.25745923	         53.19743865	         76.00429748	        123.33884907	         32.10208183	         12.85970646	         22.59245146	         58.55598154	        146.97475282	         15.99163441	         22.10721164	         20.02870034	         46.03002943	         56.81394699	         92.39717679	         14.79814499	         32.38096396	         38.62481789	         23.56175717	        166.73368850	         48.22260846	        101.25680565	        129.65979987	        319.11937949	        100.74107076	         55.72542718	         80.55723314	         38.52348781	        212.98810958	         36.08005127	        348.45857949	         51.95480213	         18.00408548	         53.81109973	         27.83844192	         15.45166739	         23.26064363	          7.11019279	        308.90065392	          5.42374540	          6.39444970	         24.95398176	         33.33238610	         32.40695576	         58.72642694	         37.35237336	         40.46020644	        100.18219018	        247.22278660	         16.87740109	         23.33842819	         11.35610039	        992.00940263	        211.42763193	         43.67324852	        368.47376888	         72.24992868	         34.19585309	         17.35814320	        860.78169920	         26.44289726	         70.59976835	         47.17002859	        188.58132215	         76.59282156	         16.79458441	        838.20750346	         24.87090695	        264.63374329	        182.64278704	        581.56256564	        164.79870632	         89.06756613	        615.53509756	        174.44616642	          0.02234621	         -0.02706273	         -0.00287159	         -0.02026321	         -0.05197007	         -0.06651904	          0.00529557	          0.32076155	         -0.12211266	          0.02538623	          0.36547066	         -0.14605170	         -0.03923625	         -0.13312701	         24.06198843	         -7.31937467	         -9.40367722	          3.45981180	         -1.83057679	         -0.46320155	          2.51787174	         -1.91235899	         -0.91810400	          2.27185325	          1.76201319	         -0.03225587	         -0.05280201	
          5.14000000	         24.20979972	         32.04971729	         12.76622513	         16.74672910	          9.57171303	         12.16277417	         57.92833797	         64.56499864	        128.63459074	         32.69643292	         12.20454265	         21.70124439	         61.67802908	        156.91572926	         15.96590794	         22.81400533	         20.39152392	         33.56233993	         41.41307914	         66.83565906	         11.08699718	         23.10594584	         26.70196517	         24.03817615	        163.81971255	         46.25955039	         91.16295764	        123.11303740	        298.37625915	         95.33347708	         46.65972735	         89.30175552	         41.48871393	        208.51153086	         25.39054701	        348.37671398	         48.67617145	         17.54495619	         51.47137527	         26.83835883	        116.18667830	         45.48401866	          7.09536365	        311.35068197	          5.41784361	          6.40567931	         24.66493151	         32.82600260	        119.00619384	          0.02015018	         34.16935813	         45.79859058	        109.40186818	        272.69620929	         13.10330135	         18.02910454	         11.39223873	        989.10807461	        145.69138848	         35.97662473	        367.35031070	         51.70316972	         28.87292885	         17.38602840	        849.61475127	         19.92244637	         52.08240415	         44.03407071	        190.11910456	         58.35361147	         15.23871520	        719.92320894	         24.28681757	        298.26944973	        167.08522481	        789.70803185	        148.51176258	        107.11039148	        777.27167268	        215.88947510	          0.02250438	         -0.03846736	         -0.00440697	         -0.02611740	         -0.07659623	         -0.09438993	         -0.00416376	          0.27684639	         -0.16225142	          0.01780496	          0.35045631	         -0.15399775	         -0.05430206	         -0.13396452	         15.56556924	        -16.22095486	         -8.85153852	          3.15934975	         -1.31478206	         -0.28431582	          2.23770755	         -1.05406227	         -0.52909418	          2.17977584	          1.63257813	         -0.02973586	         -0.02843669	
          5.16000000	         22.30115475	         28.56226662	         12.71829637	         16.80602426	          9.23644689	          9.88260015	         62.73232988	         64.12805782	        133.25054340	         33.55528773	         11.84833364	         21.05210365	         64.42503067	        165.86732062	         16.96531043	         23.35114624	         20.66472936	         31.09286343	         39.65305059	         65.67250687	         13.39850704	         27.86107136	         35.53105084	         23.94727549	        174.07349693	         46.36125242	         88.85957408	        140.67473840	        263.69203132	        116.10050249	         47.87507556	         97.87220694	         44.17906676	        204.80009504	         39.25346410	        351.54623829	         46.39108344	         17.36120509	         50.56709933	         26.31873800	         79.89386449	         35.18199674	          7.20939842	        208.72246647	          5.71787597	          6.41771710	         24.42460649	         32.48534364	        187.48491412	        121.78903694	         27.99548024	         39.68216224	        119.31780012	        301.68722200	         13.21515640	         18.17450240	         11.41241103	        992.42985235	        102.78438889	         30.94983703	        368.23982895	         38.15472675	         25.61682980	         17.40141095	        870.93569504	         12.21475526	         39.67502188	         46.64405363	        197.24718700	         45.77973193	         14.36882209	        551.96806644	         24.19471902	        335.36437137	         29.35508499	        759.51097802	        130.99342928	        120.66707980	        873.31638408	        245.86619148	          0.02047374	         -0.04673685	         -0.00740500	         -0.02659405	         -0.08567462	         -0.10280402	         -0.00849725	          0.22668486	         -0.16305640	          0.01607472	          0.32479770	         -0.13539630	         -0.05506282	         -0.13373566	          8.91351089	        -20.59896759	         -7.59827709	          3.40154949	         -1.89983722	         -0.54270651	          2.33865806	          0.22866695	         -0.13227220	          2.16921221	          1.84026422	         -0.04432901	         -0.00969142	
          5.18000000	         21.07635476	         26.66996534	         12.71321645	         16.92684471	          9.06067122	          8.55461182	         67.77733926	         64.23977197	        135.74789007	         34.06317550	         11.50401284	         20.58368266	         66.54760146	        172.77569732	         17.35223178	         23.75742730	         21.01742774	         44.06068297	         54.93292835	         89.44363587	         16.11404224	         33.95754397	         42.39409526	         23.97541122	        191.56735868	         46.78129603	         90.72692398	        185.51760548	        284.43825220	        159.64537589	         52.86016496	        106.59836936	         46.68160515	        200.49659850	         42.18396349	        355.64740187	         44.92474940	         17.11409115	         50.38791012	         25.91773205	         55.95555493	         28.17611597	          7.04791009	        139.59576439	          5.31551784	          6.38354634	         24.30221520	         32.23399458	        281.01897214	        142.83531169	         24.17054474	         35.52810236	        128.69616582	        329.75525681	         13.32939814	         18.30013797	         11.42106908	        998.77194120	         66.03800076	         28.89225445	        369.76011385	         27.70199642	         23.73702058	         17.39381714	        779.16712525	         42.56968995	         32.87120059	         49.35844910	        193.04116534	         41.14302001	         14.53609626	        617.51548390	         24.43655541	        371.55080533	        141.18207968	        755.67037231	        120.07933013	        126.51303245	        921.69410707	        257.58084691	          0.01718155	         -0.05255409	         -0.01006418	         -0.01924911	         -0.07952244	         -0.09246794	         -0.00776611	          0.17587725	         -0.14022332	          0.02073856	          0.29115271	         -0.10527023	         -0.05798755	         -0.13302930	          7.79444636	        -19.31983947	         -5.74901120	          3.92688641	         -2.97031825	         -0.97470393	          3.14081609	          1.37060827	         -0.01140118	          2.24155306	          2.26115035	         -0.06282238	         -0.00910995	
          5.20000000	         20.72393226	         26.04640930	         12.86723449	         17.23103042	          9.13409104	          8.29955054	         72.82261720	         55.87885412	        135.51420681	         34.14884997	         11.39824903	         20.31695066	         67.53097428	        176.56039318	         17.16401697	         23.90178865	         21.44216392	         40.61632040	         62.33165615	        109.55876156	         16.36121995	         38.08180900	         48.43235869	         24.21178583	        218.64143654	         47.14465415	         93.70068846	        218.96183812	        313.20728328	        210.74176066	         58.54920690	        115.21445997	         49.10681531	        195.04871770	         51.60756477	        359.01396646	         44.06433993	         17.55956110	         51.17762669	         26.23973131	         40.30089425	         23.52973609	          6.97570604	         93.58496267	          5.25044280	          6.34704754	         24.18321132	         32.19272903	        313.65462382	        160.80451783	         21.75252514	         35.72870742	        136.74084437	        353.93350511	         13.36233728	         18.32224570	         11.38921938	       1004.42435771	        152.25724128	         29.30978956	        371.41467745	         81.37682605	         23.63747177	         17.36231485	        677.76774540	        141.45648464	         18.15099715	         51.57803227	        191.75855628	         41.49207373	         14.74905411	        737.97983370	         24.01675072	        403.06934492	        153.73174923	        766.23170751	        112.95115750	        125.93383464	        916.25419543	        256.37088507	          0.01393176	         -0.05683292	         -0.01041759	         -0.00780251	         -0.05917960	         -0.06729992	         -0.00416239	          0.12793005	         -0.10677923	          0.02865140	          0.27029601	         -0.07522970	         -0.06374223	         -0.13251750	         12.27962643	        -15.71597872	         -2.31180522	          4.27609060	         -4.15564606	         -1.43117909	          5.01414070	          2.24216787	         -0.28951055	          2.28120530	          2.83635683	         -0.08129233	         -0.02847739	
          5.22000000	         20.49805641	         25.59793567	         13.06014974	         17.63821094	          9.21939815	          8.13844719	         77.79574647	         45.32563804	        133.81722351	         33.84173955	         11.28339942	         20.14958422	         67.54008424	        177.31879552	         16.60105119	         23.98760158	         21.86194929	         32.87889780	         62.51593873	        116.85799901	         15.33916468	         40.68994748	         50.35321517	         24.47538964	        245.85346282	         47.02073525	         96.18024137	        245.07229052	        347.01400707	        259.13434112	         60.46141130	        123.71581108	         51.40664010	        188.95896629	         58.99717519	        360.41518874	         43.55975376	         18.83935479	         52.46297018	         27.43175221	         30.07682172	         23.50603989	          6.96326431	         63.12129817	          5.24679204	          6.34429720	         24.06299601	         32.23046499	        311.18972292	        160.79613441	         20.63532682	         35.87823806	        142.59456596	        371.78457838	         13.29393145	         18.21815703	         11.32722037	       1005.75158851	        288.22121909	         29.43292754	        372.10750767	         87.86104768	         24.10470517	         17.33984590	        607.26767153	        164.21610964	         92.03821744	         52.78801489	        192.23609237	         41.51148039	         14.72990779	        889.89574964	         24.23620430	        425.99339462	        168.61426163	        795.91862105	        111.65150209	        123.09971834	        898.26494232	        250.08259669	          0.01165744	         -0.06025204	         -0.00734475	          0.00235016	         -0.03030388	         -0.03348870	         -0.00043267	          0.08589356	         -0.06879151	          0.03513713	          0.25596410	         -0.05098402	         -0.07175979	         -0.13257934	         18.08255236	        -12.21457991	          0.77648864	          4.52123564	         -4.95882458	         -1.74163737	          6.99740453	          2.65087228	         -0.75721984	          2.33790074	          3.30948411	         -0.09379573	         -0.05442870	
          5.24000000	         20.31887547	         25.21870001	         13.26622732	         18.10917934	          9.29579491	          7.98343909	         82.58260870	         38.26038179	        131.51912295	         33.38092019	         11.26866201	         20.03396199	         66.93630043	        175.90885982	         16.28933893	         24.15584184	         22.26677659	         26.16453551	         55.41605694	        127.53844818	         12.69815579	         42.63367665	         54.79610864	         24.75603292	        285.46900597	         46.83434504	         97.10013429	        270.59541414	        408.78033299	        258.45584614	         68.25132371	        131.97157195	         53.59070678	        183.18112269	         66.35301174	        359.99809055	         43.24408179	         32.96882326	         76.00264106	         44.95055303	         23.36219641	         23.69767943	          6.98155892	         42.94654531	          5.28616481	          6.37500479	         23.95392440	         32.32243971	        278.64690812	        140.66494671	         20.64416490	         35.83522020	        145.70239857	        381.68895641	         13.16135587	         18.03200450	         11.25890816	       1002.28055381	        372.08919082	         29.28811842	        371.40459956	        103.44188810	         24.17918340	         17.34253545	        541.67481092	        141.57675941	        197.03020810	         52.76039700	        192.75182850	         41.49384303	         14.77500451	        990.25635936	         24.13602684	        437.67929772	        178.70491234	        835.37855584	        111.31887881	        119.47772056	        871.60887342	        242.22301495	          0.01074921	         -0.06249370	         -0.00160698	          0.00820187	         -0.00122437	          0.00154472	          0.00163633	          0.05207098	         -0.03137168	          0.03705297	          0.23746860	         -0.03426389	         -0.08096696	         -0.13323113	         22.09498355	        -10.04510660	          2.94182157	          4.61541324	         -5.37554976	         -1.91100862	          8.62712036	          2.68920280	         -1.23966805	          2.37949063	          3.65637647	         -0.10134977	         -0.07778848	
          5.26000000	         20.11964455	         24.79031038	         13.45696602	         18.60568064	          9.33262691	          7.80757557	         87.05578139	         34.89507356	        129.20551591	         33.00650443	         11.22118163	         19.93975955	         66.09687971	        173.46218373	         16.20713663	         24.38346249	         22.63666303	         21.70961243	         47.61862882	        146.20870195	         10.41770636	         45.09198212	         62.82262971	         24.99882140	        330.03113768	         46.42233031	         97.31571374	        292.86497907	        481.41885567	        245.17774277	         81.58787722	        139.87450598	         55.62143426	        178.46476126	         71.90082858	        358.62528154	         42.99718368	         41.96816959	        121.42693875	         61.61470281	         18.93040037	         24.01552319	          7.01080496	         29.54377859	          5.34873244	          6.42551195	         23.83421449	         32.48106247	        222.70521005	         98.05232101	         20.60456117	         35.73954579	        146.01849789	        383.40833572	         13.00620979	         17.81981010	         11.19826089	        995.12827866	        462.93573594	         28.93589570	        369.81476048	        118.82171351	         23.93036204	         17.37332374	        515.86827035	        139.98707423	        260.42526707	         51.67890314	        193.40115141	         41.35539558	         14.73763766	       1067.44858913	         24.80813697	        437.98474087	        182.35417631	        862.89976562	        110.58085324	        114.65340027	        841.16750263	        232.51803538	          0.01094130	         -0.06335570	          0.00487848	          0.00945747	          0.02026537	          0.03062450	          0.00117117	          0.02780553	          0.00160333	          0.03413451	          0.21814114	         -0.02540377	         -0.09021979	         -0.13418001	         24.34605151	         -8.51740277	          4.59570693	          4.48027999	         -5.66206240	         -2.03684560	          9.90286112	          2.46876589	         -1.67823107	          2.35080214	          3.96985800	         -0.10767241	         -0.09537353	
          5.28000000	         19.90113465	         24.33505617	         13.63267644	         19.10834880	          9.34580838	          7.66562829	         91.23420820	         34.08108744	        126.89442468	         32.60758183	         11.19846487	         19.83900059	         65.20867792	        170.78388938	         16.26184810	         24.63727797	         22.98738281	         20.32667454	         41.69900557	        163.30465184	          8.88291746	         45.77948893	         69.77521932	         25.17680168	        355.76101566	         46.20667513	         95.88223164	        305.19010448	        538.31861407	        229.48490388	         93.25916398	        147.46935258	         57.50524792	        174.84961941	         74.60339706	        356.31447179	         42.71507794	         46.83711972	        163.91020885	         71.65891112	         16.02424965	         24.40743652	          7.04222948	         20.63177816	          5.42018035	          6.48415500	         23.67575909	         32.75504183	        192.82482765	         76.14760633	         20.53316124	         35.46915826	        143.78580605	        377.73008600	         12.87206644	         17.64428775	         11.16599440	        988.91305449	        470.20302388	         28.48347991	        369.01255236	        112.17330515	         23.44049991	         17.42889230	        375.31548946	        128.02033575	        272.35151655	         50.08405079	        194.18761871	         42.93330197	         14.67151325	        962.71562465	         30.82515892	        428.64932757	        178.48179388	        793.35369110	        109.79027103	        102.88732371	        745.68559252	        205.25125331	          0.01119210	         -0.06363774	          0.01060678	          0.00719542	          0.02862785	          0.04858452	         -0.00234544	          0.01268215	          0.03005569	          0.02892763	          0.21333991	         -0.02481710	         -0.09815404	         -0.13511689	         23.64980985	         -8.44883850	          5.36122458	          4.03462471	         -5.71295959	         -2.02893679	         10.43582988	          2.14272974	         -1.90065310	          2.23079157	          4.16667082	         -0.10671753	         -0.10073471	
          5.30000000	         19.64388200	         23.81030656	         13.79602137	         19.60364538	          9.34359473	          7.54006492	         95.25136314	         33.89743321	        124.66572861	         32.20923959	         11.11337858	         19.69391025	         64.37904580	        168.29072716	         16.45246266	         24.97664409	         23.34593039	         20.77744432	         42.88134306	        173.43861670	          8.37836678	         46.86189585	         73.14344090	         25.29360648	        351.33803932	         45.65669363	         93.51229445	        306.48114518	        524.79766893	        207.71554382	         95.68162318	        154.90616616	         59.28872250	        171.89737601	         74.57095403	        352.54785870	         42.26373872	         48.43530667	        178.37765257	         74.93130279	         16.21678514	         24.79869374	          7.10713964	         14.69296099	          5.49631544	          6.55004019	         23.75728193	         33.09588688	        166.43436223	         59.33103168	         20.73972002	         35.38537708	        139.51359635	        365.87802909	         12.85264551	         17.61836826	         11.20844179	        972.07031254	        394.21781164	         28.18766233	        348.68099069	        104.18907826	         22.97552808	         17.51131609	        269.02652181	         99.72616035	        248.56226931	         48.75743884	        195.02477784	         28.74592351	         14.54253943	        661.91633803	         29.43026623	        411.83274603	        160.75301422	        667.77902329	        109.61138473	         91.34266742	        650.02859301	        178.57079789	          0.01073635	         -0.06348084	          0.01440027	          0.00279701	          0.02030697	          0.05327488	         -0.00793524	          0.00514318	          0.05617641	          0.02426751	          0.23287673	         -0.03172456	         -0.10061983	         -0.13585806	         16.27118600	         -9.27977163	          2.90837955	          3.71725547	         -5.34939867	         -1.79753326	          9.10166070	          1.75637960	         -1.60538452	          2.15334849	          3.93361245	         -0.09337020	         -0.08410874	
          5.32000000	         19.38596030	         23.28202978	         13.95004818	         20.06622557	          9.34976851	          7.46198628	         99.22567046	         33.85469615	        122.77295816	         31.85631568	         11.01055301	         19.49976268	         63.62197565	        166.07280766	         16.85440526	         25.39867772	         23.71990324	         21.39228653	         50.82456954	        179.88120912	          8.64685194	         46.74007990	         73.94417649	         25.37496110	        322.81399928	         45.39328530	         90.64204470	        300.68463216	        479.81597001	        182.58726217	         91.65641078	        162.24262683	         61.00128514	        169.11317802	         71.71589663	        347.95544483	         41.62607613	         48.43118370	        175.87318244	         74.66842070	         16.45791776	         25.17717718	          7.19144718	         10.68785234	          5.60202222	          6.67055354	         23.63644657	         33.41894959	        138.59570533	         44.13107586	         21.22048100	         35.24913570	        133.75106064	        349.49686777	         13.00669678	         17.77034216	         11.31559456	        998.77148342	        266.62040321	         28.20502361	        232.87427258	         92.65135343	         26.27321479	         17.65144998	        268.44197887	         64.05151381	        196.12569841	         48.47853451	        196.09647641	        173.77638577	         21.65517035	        432.35965709	         25.41081836	        390.20175985	        155.25605700	        496.50744870	        110.50156902	         78.91598543	        507.40322704	        146.82714521	          0.00971071	         -0.06139526	          0.01481258	         -0.00114333	         -0.00228980	          0.04367172	         -0.01270643	          0.00369806	          0.07791212	          0.02167006	          0.29149268	         -0.04261146	         -0.08759205	         -0.13643180	          4.84885077	        -10.69028273	         -1.18197639	          3.59554013	         -4.85748557	         -1.47469432	          6.59837652	          1.42346037	         -0.99311677	          2.13082971	          3.39129636	         -0.07573631	         -0.05751296	
          5.34000000	         19.18789569	         22.85789773	         14.10731181	         20.48854941	          9.39013502	          7.46765232	        103.28941261	         33.92107591	        121.24507866	         31.37879514	         10.89035470	         19.31883808	         62.99772201	        164.24108267	         17.38313759	         25.80389624	         24.11266211	         22.30698261	         58.05867328	        158.51466178	          9.38314998	         43.82027975	         64.52020776	         25.46659204	        276.43648180	         44.70317810	         86.96506597	        294.78983824	        399.10075140	        153.89374449	         78.27470747	        169.55238186	         62.67188694	        166.32322304	         66.86714503	        342.42211179	         40.91879063	         46.24991845	        156.50076476	         70.28293305	         16.66552943	         25.47295215	          7.22844812	          8.00776885	          5.67011634	          6.80473092	         23.62151660	         34.32031875	         87.73025355	         31.12916912	         22.41455084	         36.87118041	        128.76442703	        333.23777260	         13.22306082	         17.96046324	         11.42757103	        850.34887336	        182.96804712	         45.61459343	        155.57437121	         65.74687870	         38.66088335	         17.79219042	        278.30458362	         51.30394021	        167.30675174	         49.18310309	        219.39792924	        466.13323511	         34.43533793	        314.71502775	         23.01967292	        370.60999483	        153.65368587	        348.98491858	        113.72654092	         59.02127260	        336.50381349	        105.22705510	          0.00790060	         -0.05673556	          0.01078998	         -0.00202596	         -0.02899011	          0.02310995	         -0.01546103	          0.00749491	          0.08523906	          0.02051447	          0.40318915	         -0.05321466	         -0.03586841	         -0.13690217	         -6.00174424	        -13.66969493	         -3.76242136	          3.25429349	         -4.44720860	         -1.15596855	          4.21127868	          1.10573630	         -0.42024304	          2.02539245	          2.77332861	         -0.06004498	         -0.03564269	
          5.36000000	         19.03565817	         22.53907459	         14.25925898	         20.86213872	          9.44930958	          7.48754323	        107.49470296	         33.94642047	        120.78327436	         31.10344957	         10.76373328	         19.12300735	         62.59610927	        163.03329300	         17.88880632	         26.16123931	         24.50654308	         22.04660545	         58.65751895	        167.00899451	          8.99017784	         41.80301779	         64.10408311	         25.58833622	        262.64744549	         44.61063891	         85.03219922	        305.53147804	        390.41319137	        135.59599337	         79.07336175	        176.82034569	         64.30263811	        164.08412262	         63.75089405	        338.61742453	         40.20079455	         46.60521387	        160.31636703	         71.15155232	         16.47324163	         25.44211698	          7.10765590	          7.42464165	          5.56274758	          6.84463212	         23.52623529	         33.99050710	         72.97814605	         21.69093404	         23.38753053	         37.99112805	        124.70437266	        320.19849986	         17.19834551	         20.50736963	         11.53368893	        831.87834291	        127.57390263	         39.06108971	        130.45120087	         47.79492687	         32.71023335	         17.88823029	        305.65657608	         24.15923254	        132.32614614	         60.71532009	        279.86765841	        320.23603196	         30.96258584	        154.59718850	         22.76486591	        357.63908685	        151.06579416	        238.70999044	        118.18408214	         63.92700314	        365.44003981	        112.03315552	          0.00488014	         -0.05067761	          0.00438981	          0.00066147	         -0.05488187	         -0.00085819	         -0.01749841	          0.01236545	          0.06569172	          0.01739461	          0.55489999	         -0.06145439	          0.02547467	         -0.13731224	         -9.76351296	        -13.46023952	         -6.23561958	          3.31994539	         -4.37018014	         -1.09551657	          2.56134374	          0.37108212	         -0.23600053	          1.92228868	          2.16908308	         -0.05794899	         -0.02908513	
          5.38000000	         18.97082297	         22.36786299	         14.43021485	         21.23349512	          9.54128821	          7.52334292	        111.91953487	         33.94703110	        121.20337227	         30.92128152	         10.65287491	         18.97118941	         62.58518703	        162.91517615	         18.08932386	         26.35194597	         24.91529690	         21.15809675	         50.03121320	        187.49390916	          8.19313112	         40.57003607	         68.45125448	         25.77187343	        272.34605446	         44.72129045	         84.39625141	        327.46534606	        420.97033667	        126.45695361	         88.59462969	        184.13834573	         65.92494132	        163.52063121	         62.06646585	        337.16505515	         39.62848162	         48.19162642	        178.99444991	         74.89376582	         17.42948436	         25.86123335	          7.22086471	          5.23529573	          5.65346474	          6.78568890	         23.58526336	         33.47194563	         76.39149633	         23.40485775	         23.95269231	         38.14415598	        123.28001301	        314.99171119	         13.50117516	         18.42713081	         11.59793106	        904.71587260	         90.47398991	         33.38952362	        134.63073599	         35.69078136	         28.79865489	         17.81517701	        440.63630356	         50.80458375	        121.42629803	         56.82606298	        248.85112742	        220.49315466	         24.68669198	        238.20299346	         22.65554907	        357.25026653	         97.67180255	        311.52039423	        122.41547700	         73.51082645	        458.34689586	        134.66024470	          0.00068633	         -0.04611936	         -0.00147673	          0.00616433	         -0.07446651	         -0.02011700	         -0.02049018	          0.01444669	          0.02209648	          0.00870198	          0.76169899	         -0.06701387	          0.02995145	         -0.13743851	         -7.53232098	        -11.88029742	         -8.26612322	          3.40831788	         -4.14230346	         -1.06842526	          1.53926387	         -0.32031727	         -0.19659143	          1.78160284	          1.71303440	         -0.05605174	         -0.02343358	
          5.40000000	         18.99523062	         22.32555059	         14.63543063	         21.63954342	          9.66708906	          7.60176766	        116.55827490	         33.92357900	        122.24443946	         30.77454069	         10.58936996	         18.90886074	         63.04048041	        164.17304275	         17.77936629	         26.53408677	         25.35545757	         20.39607883	         39.12476623	        163.86699079	          7.49868223	         36.09538693	         60.59799905	         26.03141154	        287.05865356	         44.59396247	         82.03577013	        348.63535491	        455.98833084	        112.19512403	         90.62116833	        191.50194205	         67.56242295	        165.18295364	         58.99558944	        338.41279170	         39.29718051	         50.25691012	        202.99663870	         79.62039555	         33.14878285	         24.68877755	          7.28158798	        109.74657480	          5.55277927	          6.59454953	         23.62891189	         32.87397759	        101.93546249	         25.05029899	         24.16490672	         38.60606588	        125.23648023	        319.45279972	         13.65688756	         18.74031545	         11.71464164	        987.01178406	         65.64406992	         29.84898547	        167.13248641	         27.59709059	         26.54090894	         17.70402808	        734.75241773	         30.52678978	        143.71609287	         56.96408551	        228.20128668	        154.22318156	         20.49662731	        460.64759865	         28.49798563	        370.75385471	         75.25016285	        461.40485986	        126.84389061	         88.85401051	        625.13798842	        169.44063283	         -0.00371656	         -0.04295168	         -0.00527393	          0.01216826	         -0.09073446	         -0.03047726	         -0.02648538	          0.01214997	         -0.03057314	         -0.00482072	          1.01551931	         -0.06940394	          0.00432426	         -0.13725769	         -3.33139413	        -13.68812088	         -9.59833131	          3.09663809	         -3.57391521	         -0.85053045	          1.53218162	         -0.79939572	         -0.36404818	          1.66857306	          1.65761228	         -0.04374514	         -0.02726808	
          5.42000000	         19.04171264	         22.33057220	         14.81582361	         22.02079079	          9.76603060	          7.64017977	        121.05564752	         33.83408438	        124.39362154	         31.18381994	         10.55601786	         18.86837593	         63.89784307	        166.72043185	         17.60067971	         26.62344029	         25.73986422	         19.75760481	         31.14176318	        163.14727859	          6.86936527	         33.47922876	         60.83956755	         26.31249471	        308.80175945	         45.00764952	         82.04573280	        375.87650496	        504.86940023	        104.61464504	         99.85579473	        198.43505475	         69.10263345	        168.76806966	         57.51226295	        343.18128509	         39.19115600	         52.97035399	        233.37483691	         85.68181670	         26.18726313	         29.83330228	          8.37370193	        116.37303081	          7.28766564	          6.61942689	         23.50670435	         32.29534645	        128.64530188	         52.19612477	         24.40283362	         39.42078865	        130.17999153	        332.81632635	         13.84533207	         19.01782382	         11.81192943	        990.33190636	         49.26592073	         30.56039873	        265.35384155	         22.21923412	         25.50723855	         17.61557354	        827.98528929	         60.33005887	        172.60149487	         60.98258331	        214.26909462	        111.04384878	         17.70527309	        636.46344482	         29.48782287	        397.10381648	         35.40672516	        606.69995111	        131.06629821	        105.46395407	        762.89521370	        205.08213630	         -0.00667974	         -0.03846910	         -0.00738324	          0.01540130	         -0.09531273	         -0.03159182	         -0.03468737	          0.00727118	         -0.07851586	         -0.01918282	          1.29006593	         -0.06651935	         -0.02418599	         -0.13684021	          0.66026343	        -15.75468884	         -8.95325054	          2.68126858	         -3.33527804	         -0.70961139	          2.66914099	         -0.86192838	         -0.74648124	          1.63884183	          2.03050638	         -0.03660231	         -0.04567904	
          5.44000000	         19.09758591	         22.37837585	         14.94718740	         22.33146022	          9.82613473	          7.65995259	        124.95659695	         33.71447838	        126.93541606	         31.89029493	         10.54021803	         18.91748931	         65.06273551	        170.25020196	         17.38422427	         26.64583037	         26.02163244	         19.31940488	         25.50889216	        171.19048831	          6.42938148	         30.96416685	         64.44171969	         26.57829731	        340.75293126	         45.50280314	         82.68586496	        406.26172397	        580.91170552	        102.05574483	        115.03291144	        204.32473994	         70.41511181	        173.47916935	         57.64230423	        350.47098191	         39.40628141	         56.34587350	        273.74494893	         93.36400042	         20.55765765	         24.76594038	          7.07714847	         78.24150415	          5.38994750	          6.45409573	         23.39842756	         31.77161374	        152.82121163	         62.07651409	         24.27483935	         40.01642806	        137.08977235	        352.59413890	         13.98588384	         19.21927854	         11.89729636	        991.54830985	         33.34485873	         31.21490760	        364.47621859	         18.65196588	         26.40967633	         17.50419939	        834.67907183	         79.64172438	        225.56831640	         64.97579050	        204.71019851	         83.02847549	         15.85887686	        879.34879520	         25.50502231	        433.42818861	         59.27539056	        726.47315693	        134.11112440	        120.45881812	        887.24965242	        236.58243745	         -0.00759984	         -0.03085913	         -0.00656718	          0.01574582	         -0.08619530	         -0.02618896	         -0.04306676	          0.00344404	         -0.11030217	         -0.03001127	          1.52086991	         -0.05598996	         -0.04066456	         -0.13629656	          5.37389437	        -16.80369431	         -6.12117946	          2.70684281	         -3.66883028	         -0.81539999	          5.28578108	         -0.44652423	         -1.44322433	          1.77568742	          2.80394303	         -0.04482518	         -0.08245147	
          5.46000000	         19.14170231	         22.43832850	         15.01297697	         22.53550761	          9.83830961	          7.63976872	        127.84326051	         33.58238828	        128.96674351	         32.74882857	         10.59115438	         19.05577233	         66.38149185	        174.28987866	         17.22114657	         26.59611582	         26.17010683	         19.10902163	         21.96338267	        180.32629672	          6.24689248	         27.51799903	         68.19100037	         26.78935181	        373.79497257	         46.07401004	         83.71708862	        433.90395355	        678.88831308	        101.88898318	        134.12445424	        208.63442241	         71.38331596	        178.54414213	         59.07192771	        359.40356776	         39.87760355	         59.96413596	        320.02675994	        101.80053761	         16.86133813	         23.86286813	          7.02054527	         52.97728146	          5.31404203	          6.43335422	         23.21205857	         31.34023831	        169.29450924	         75.60426541	         24.30415053	         40.66318956	        144.67957839	        375.02601276	         14.01044167	         19.26549554	         11.93893574	        988.10127848	        166.33630535	         31.59751657	        364.28396176	         17.06302790	         27.01544354	         17.39995692	        823.47421886	        123.75601757	        270.74277538	         68.02738076	        198.15732065	         64.92999555	         14.72585843	       1071.84589565	         22.56655184	        475.34339343	         90.17920257	        794.17115758	        136.34775580	        130.21960161	        966.84544589	        255.02450807	         -0.00795459	         -0.02133671	         -0.00245535	          0.01321355	         -0.06066999	         -0.01657669	         -0.05078167	          0.00110303	         -0.11812572	         -0.03542318	          1.67899110	         -0.04160286	         -0.04622127	         -0.13576992	         10.05372847	        -17.28966339	         -0.42871307	          2.92947424	         -4.48880635	         -1.15554347	          8.82978938	          0.81997322	         -2.14406525	          1.92030533	          3.85323107	         -0.06699590	         -0.11882378	
          5.48000000	         19.16382753	         22.47412336	         15.02468484	         22.64221085	          9.81331070	          7.60589881	        129.51660447	         33.47508107	        130.31810421	         33.67167363	         10.61085750	         19.21376509	         67.68886417	        178.35976028	         17.15217869	         26.53981028	         26.20451339	         19.11171315	         20.22784536	        217.51361549	          6.19881523	         24.03732191	         80.73920725	         26.92299325	        394.86268589	         46.65852709	         86.75934694	        450.01512490	        774.19903916	        105.90970273	        159.28120235	        211.14594369	         71.95913962	        183.54614582	         60.48065756	        368.94908181	         40.41981083	         62.73138052	        359.81165994	        108.30829826	         15.59066262	         23.91994398	          7.07839220	         36.34019126	          5.38279754	          6.47229657	         23.04579171	         31.00003302	        189.13464181	         93.14577816	         24.17550971	         41.03281658	        151.24287135	        395.33483864	         13.93764689	         19.19385628	         11.97928553	        982.68402726	        392.99174422	         31.61684875	        361.18416370	         19.13606595	         27.10710965	         17.31445205	        881.52515584	        156.32445913	        303.56104033	         69.38102519	        193.77533113	         52.68894475	         14.44145144	       1209.41360239	         24.27120820	        516.51259781	         82.29011512	        795.64531713	        137.47462374	        139.16973417	       1041.40098107	        273.78875721	         -0.00971816	         -0.01291309	          0.00462490	          0.00860584	         -0.02668601	         -0.00365894	         -0.05918673	         -0.00191587	         -0.10627657	         -0.03641418	          1.74384983	         -0.02925184	         -0.04894540	         -0.13528881	         12.31467201	        -16.37877580	          4.19232632	          3.60446323	         -5.26409489	         -1.53511441	         11.06190061	          2.60189929	         -2.28372435	          2.15728435	          4.65650361	         -0.09146634	         -0.12601538	
          5.50000000	         19.18639372	         22.51492778	         15.01057294	         22.68871036	          9.78007385	          7.59281776	        129.99627172	         33.42966282	        130.15776609	         34.09108496	         10.71637482	         19.41404872	         68.83995528	        182.01800678	         17.09204284	         26.48609723	         26.16063332	         19.32952309	         19.96016644	        178.59691349	          6.27978619	         20.81235814	         75.81793093	         26.97496532	        385.45699081	         46.58465425	         85.96293889	        440.87154105	        752.37456645	        102.69057907	        151.91824581	        211.93650118	         72.15910015	        188.17582228	         60.34033853	        375.74239532	         40.98589973	         62.35978340	        348.96271549	        106.92529551	         15.76010098	         24.11983458	          7.17214375	         25.37328086	          5.49588635	          6.54141595	         22.94240397	         30.80954137	        178.38051963	         88.35928961	         24.05613933	         41.23791472	        155.61512567	        409.94498524	         13.81689821	         19.07353013	         12.05020216	        959.96379066	        260.97718387	         31.30276806	        364.88913797	         17.36280879	         26.64544209	         17.24815884	        572.46042506	        158.83043689	        312.51205746	         68.78868793	        193.27266013	         50.58088270	         14.38428178	        872.76963613	         29.46017721	        551.59821659	         68.16738136	        791.66686368	        137.28664994	        130.42940948	        972.40922409	        250.36018551	         -0.01284076	         -0.00653214	          0.01375067	          0.00405045	          0.00522586	          0.01150632	         -0.06806132	         -0.00681435	         -0.08803800	         -0.03405591	          1.65687789	         -0.02195611	         -0.05021112	         -0.13477800	          9.44835806	        -19.50415180	          6.50774988	          3.78103594	         -5.06143046	         -1.48173341	         11.07872410	          4.45886608	         -1.69716742	          2.27129468	          4.86732746	         -0.09146822	         -0.09812693	
          5.52000000	         19.20169315	         22.56612254	         14.94902344	         22.64928198	          9.72252090	          7.54011067	        129.16356954	         33.42448313	        129.02438775	         34.30391137	         10.76722794	         19.54943020	         69.63112932	        184.73109928	         17.16996228	         26.44520407	         26.00164864	         19.74281899	         20.39262362	        127.84091609	          6.46726144	         17.40260855	         60.40145796	         26.92944077	        355.08466428	         45.84839044	         84.13588835	        403.89641218	        655.22423613	        102.59107578	        133.57311731	        210.82707232	         71.94980660	        191.87015757	         58.06260702	        379.76753489	         41.36509664	         59.73447808	        309.39636316	        100.19065838	         16.14965151	         24.47149923	          7.43553716	         18.12042333	          5.73146294	          6.69786215	         22.93306103	         30.62839230	        153.80809890	         74.09018612	         23.96621829	         41.22384598	        157.48988604	        417.83931919	         13.69753707	         18.95397818	         12.15351418	        985.25990217	        174.89777353	         30.76652021	        242.02561214	         15.23438993	         25.77099798	         17.24551974	        585.29562126	        128.49848534	        282.68080693	         66.69178834	        193.19405661	         47.39593878	         14.53570463	        571.91946736	         25.09247545	        578.13555223	         19.58380388	        742.18353764	        135.43671327	        129.65832101	        971.52472730	        247.67939389	         -0.01424263	          0.00078603	          0.02226242	         -0.00066830	          0.02672456	          0.02823947	         -0.07359431	         -0.01311485	         -0.07211587	         -0.02811030	          1.39361656	         -0.02157559	         -0.04610236	         -0.13424333	          2.47294407	        -22.03275355	          4.74895182	          3.93295741	         -4.24845098	         -1.16817478	          8.61612120	          5.50349690	         -0.65402223	          2.37644988	          4.20177405	         -0.07648976	         -0.05242302	
          5.54000000	         19.35398951	         22.82423094	         14.84242584	         22.48273183	          9.68814249	          8.16900280	        126.79165651	         33.42347823	        127.15074702	         34.08508321	         10.90428620	         19.66622749	         69.93368059	        186.06237288	         16.65990716	         26.18681281	         25.71537643	         20.16734248	         19.66626755	         90.34798915	          6.62953047	         13.61554413	         41.09681168	         26.82114008	        294.13960275	         44.69711422	         79.78378202	        345.58221284	        614.26952303	         88.41715354	         93.15483869	        207.41799130	         71.26667555	        193.82041762	         46.91436199	        379.85924050	         41.57095449	         56.50809922	        265.98317083	         92.40625692	         22.84425785	         27.65941034	          7.62468686	         13.13716222	          6.13060000	          7.04570688	         22.78714285	         30.50991384	        137.46407522	         63.53407056	         23.83546067	         41.03102643	        157.67214297	        420.91327114	         13.58294660	         18.81589843	         12.21671153	        756.98457328	        119.41953198	         30.15610627	        161.96538981	         15.31807764	         24.79243697	         17.33206323	        585.85632943	        103.88972193	        239.65745046	         63.87033344	        212.61002434	         92.43691469	         18.85260370	        416.83807823	         22.03396244	        597.65206818	         95.01389436	        655.49227516	        132.56041734	        126.64547372	        968.73596986	        241.21069154	         -0.01046445	          0.01235309	          0.02771898	         -0.00590252	          0.03581004	          0.04394962	         -0.07143118	         -0.01674792	         -0.05967733	         -0.01760599	          1.07881754	         -0.02667108	         -0.02775562	         -0.13369608	         -3.55675182	        -26.11581291	          4.08382931	          2.91182134	         -3.27689496	         -0.72846247	          6.22416579	          5.10022205	         -0.09764575	          2.11347590	          3.14250160	         -0.05361459	         -0.03114061	
          5.56000000	         19.25485656	         22.83658723	         14.55400691	         22.05079696	          9.47851894	          7.72309851	        122.52583097	         33.44380296	        126.53972329	         34.06056197	         10.85066590	         19.60951968	         69.61778068	        185.61331717	         16.76300204	         25.96247337	         25.13410575	         20.78897803	         20.33686512	         69.49381100	          6.91826826	         13.85294657	         39.94996024	         26.51299580	        283.72239682	         44.55760483	         79.80773522	        333.89095655	        535.36371868	        102.16853858	         92.68463588	        201.21939577	         69.94659259	        193.15870094	         52.45126869	        377.32083331	         41.39405004	         54.83446722	        243.93688351	         88.45204796	         19.07093238	         25.85346566	          7.62072055	          9.78969993	          6.08348922	          7.05495667	         22.58264303	         30.56721671	        122.57888288	         53.41692364	         23.70898867	         41.03334184	        157.23427391	        421.76463775	         13.47844419	         18.65033814	         12.21250231	        751.76993403	         83.23612124	         29.59584482	        108.71967118	         25.37039078	         23.98090880	         17.36753796	        416.25355862	         97.79339940	        218.68129575	         60.97802200	        203.75718384	         73.18448753	         18.73055435	        212.95899444	         21.48617305	        612.62192961	         72.69221574	        546.33421871	        129.65676528	        112.44568395	        842.06130779	        209.38044711	         -0.00143600	          0.02806513	          0.02969389	         -0.01431576	          0.03633988	          0.05573610	         -0.06292983	         -0.01591640	         -0.04874350	         -0.00236831	          0.82455524	         -0.03306332	          0.00297786	         -0.13316153	         -4.88295862	        -24.49656372	          2.82737409	          2.23900286	         -3.26397584	         -0.70011320	          4.15983937	          2.97611318	         -0.21869505	          1.84517409	          1.88833160	         -0.05256411	         -0.04043294	
          5.58000000	         19.04687173	         22.75791645	         14.13125848	         21.37506271	          9.17545552	          7.35986657	        116.58435893	         33.49054989	        126.74508899	         34.06570944	         10.82028516	         19.46587125	         68.63178317	        183.11300507	         16.95080113	         25.55313958	         24.34115494	         21.33819577	         21.45886932	        137.33820603	          7.10824930	         19.14088651	         63.71914115	         26.04782695	        297.64555902	         45.89896409	         83.70837660	        356.34431724	        569.59682154	        126.06810542	        115.13153860	        192.47679295	         68.02297293	        189.40453277	         66.05702107	        372.38794641	         41.05388711	         55.26867338	        251.76898776	         89.56184870	         17.16736010	         26.32713090	          7.58353451	          8.39072243	          6.06554372	          7.01785616	         22.27630305	         30.62449277	        107.13217731	         43.17539132	         23.33025921	         40.21498477	        155.86868501	        420.51233273	         13.30867661	         18.40708880	         12.14058342	        932.40976900	         65.66916646	         28.91185252	        122.95508004	         29.60116191	         22.97047586	         17.39174880	        282.90926255	         92.02544152	        189.55976445	         58.09672968	        198.41707889	         60.29920518	         16.81830738	        262.92001180	         21.71724296	        622.57571542	         64.13260095	        406.62984560	        126.57165852	        100.94938386	        721.58265361	        184.24103690	          0.00925472	          0.04328472	          0.03117016	         -0.02438008	          0.03417424	          0.06071828	         -0.05363475	         -0.01176203	         -0.03713393	          0.01633798	          0.64219116	         -0.03449384	          0.03394347	         -0.13267584	         -3.06798255	        -20.54530844	          0.44384612	          2.02002618	         -3.94982686	         -0.93591472	          2.34784514	         -0.09672791	         -0.65042587	          1.62185216	          0.64646659	         -0.06384084	         -0.06009086	
          5.60000000	         18.82601484	         22.66146096	         13.68557958	         20.59313592	          8.88339936	          7.19088506	        109.72076214	         33.69861527	        126.35505238	         33.68815558	         10.71369148	         19.29852098	         66.93419601	        178.34962538	         16.90850017	         25.15465067	         23.50939512	         21.86498159	         22.46395049	        219.88809973	          7.27912520	         27.05954732	         88.82022101	         25.49500905	        325.59546590	         46.22523357	         89.11097073	        381.80633767	        624.51074631	        157.11733423	        137.81051611	        182.22292715	         65.71757134	        182.47851483	         79.39788764	        363.93425587	         40.67861875	         55.35417984	        255.18271068	         89.99176254	         17.53785105	         27.15893474	          7.52632185	          8.34278342	          6.11094893	          7.06447111	         21.80816067	         30.45395047	         74.24883860	         29.15225438	         24.01554532	         44.61679642	        162.46950206	        430.58299164	         13.05852343	         18.07357576	         12.03355958	        926.66164923	        244.29712036	         28.02582101	        254.87012346	         32.02369017	         21.83316667	         17.46966972	        370.68767210	         63.53258519	        200.63203127	         55.03466607	        195.68920916	         56.21903051	         15.38312725	        543.92107191	         22.61536621	        642.83263097	         69.28889975	        276.75422851	        125.75965897	         98.28118511	        715.02381771	        179.48996884	          0.01759868	          0.05342089	          0.03385681	         -0.03262227	          0.03777132	          0.05962781	         -0.04873255	         -0.00809736	         -0.02392360	          0.03677935	          0.50792908	         -0.02878029	          0.06492988	         -0.13231162	         -0.57407051	        -18.47045052	         -0.99431537	          1.40719314	         -4.71497700	         -1.09802214	          1.01275331	         -2.54649328	         -0.92098089	          1.28671905	         -0.16437569	         -0.06678415	         -0.06976826	
          5.62000000	         18.62620375	         22.56717535	         13.28341992	         19.83174370	          8.64597537	          7.08803501	        102.70097126	         33.96137926	        123.68554466	         32.75264275	         10.78780728	         19.18699318	         64.47251533	        171.18136663	         16.55922930	         24.72511939	         22.73933682	         22.39723989	         23.68175515	        244.95296371	          7.48943779	         29.66154278	         99.63687441	         24.90522961	        352.83363222	         46.22182685	         91.16943876	        392.69203749	        661.57569248	        185.14504197	        144.90940121	        171.55362888	         63.25966800	        172.84524340	         90.92329076	        352.04301352	         40.39507484	         54.87398901	        244.16032477	         88.55871536	         18.03955429	         28.15140166	          7.55553535	          8.22615311	          6.22656341	          7.16614326	         21.38453820	         29.72625964	         51.73586342	         20.12102154	         24.55260388	         43.64764924	        161.45199273	        399.96630849	         12.80816634	         17.73715611	         11.96286467	        917.68288032	        380.81210280	         27.08094627	        349.03116424	         35.02217299	         20.68593529	         17.59638493	        440.96484974	         55.56616839	        196.14622830	         51.55615122	        197.06419484	         57.59204487	         14.51684151	        813.81842776	         23.39359113	        893.16069392	         84.56092429	        187.97211156	        123.13982754	         92.23511657	        670.83200371	        167.01285995	          0.02106813	          0.05649051	          0.03775102	         -0.03702436	          0.04872843	          0.05629219	         -0.05169832	         -0.00976413	         -0.00835694	          0.05650780	          0.39137657	         -0.01827599	          0.10515096	         -0.13225228	          2.82187575	        -17.99672261	         -0.16475951	          0.40439764	         -5.18240283	         -1.05552014	          0.94477072	         -2.96390395	         -0.93631809	          0.95917247	          0.02589595	         -0.05519176	         -0.06888187	
          5.64000000	         18.41558025	         22.42553545	         12.94509011	         19.16785011	          8.45361647	          6.99519960	         96.00813149	         34.02541666	        119.07851155	         31.51770711	         10.74014847	         19.14896270	         61.31402432	        161.83754698	         16.26673331	         24.42841469	         22.08161354	         23.00928829	         24.02723393	        171.21448292	          7.74709800	         24.11561601	         91.65998550	         24.29454480	        360.58716649	         44.55647273	         89.12159936	        383.12516162	        640.42122368	        213.09611087	        136.16025179	        161.15503838	         60.80113450	        161.66675883	         98.77624914	        336.96426989	         40.20242082	         53.12920556	        213.35437969	         83.90879469	         18.60940702	         29.22979838	          7.63387252	          8.25432990	          6.37167300	          7.27904731	         20.95782953	         28.07869969	         35.17446443	         14.10682942	         24.42367267	         45.13329258	        160.79778336	        824.09883482	         12.55168531	         17.40760198	         11.92881252	        907.96770760	        442.20333003	         26.02295927	        347.31890456	         36.33976306	         19.38843586	         17.72379597	        327.33013191	         48.53658308	        189.52139336	         47.50585220	        198.90601820	         59.32759985	         14.15777549	        904.18588494	         21.65775738	        793.66777996	         94.98024706	        128.26283486	        121.65220667	        103.34859822	        661.44415660	        182.22893426	          0.01949915	          0.05303580	          0.04185608	         -0.03880747	          0.06491569	          0.05454216	         -0.06365791	         -0.01949027	          0.00856753	          0.07208197	          0.28782776	         -0.00781418	          0.15724564	         -0.13279670	          8.14920025	        -18.25601902	          4.23918785	         -0.36255404	         -5.45415972	         -0.96192384	          3.62249294	         -0.53700134	         -0.98513772	          0.84724313	          1.73555073	         -0.04265324	         -0.07319596	
          5.66000000	         18.19759247	         22.19940802	         12.66151796	         18.61229016	          8.29185523	          7.06520521	         89.76314514	         33.46095205	        113.64736039	         30.20558837	         10.85474509	         19.17652866	         57.75366725	        151.19822845	         15.86406406	         24.20456281	         21.54249927	         23.63098616	         21.90349077	        119.78562221	          7.96165411	         18.31162525	         63.68756512	         23.66270951	        347.29212684	         43.31715420	         85.41037430	        348.75355025	        653.61392923	        235.85403152	        116.22114094	        151.17948415	         58.38495177	        150.78582244	         95.84910048	        322.22925492	         40.11857475	         51.64641250	        178.96034398	         78.78319554	         19.22592581	         30.36639724	          7.75610447	          8.33496652	          6.54063083	          7.40299835	         20.56816666	         38.23488816	         25.65817381	         10.22358566	         24.76634537	         44.21711730	        252.01509298	        394.97058118	         12.33600693	         17.14561265	         11.95828063	        896.08183806	        460.44482028	         24.94538966	        345.16572616	         56.52285101	         18.02330347	         17.83147118	        245.10535491	         63.61405872	        195.02274208	         43.15063296	        200.65956788	         61.56818296	         14.45082482	        947.90786866	         45.06658245	       1658.93129027	         96.68291886	         88.44656361	        117.06254736	         71.53386055	        425.99308294	        126.29772433	          0.01438812	          0.04533059	          0.04621364	         -0.04143474	          0.07806857	          0.05562869	         -0.08363461	         -0.03643724	          0.02385427	          0.07914340	          0.20107028	         -0.00105691	          0.21663390	         -0.13424024	         13.46449097	        -17.84268738	          8.54600840	          0.16304505	         -5.72099020	         -1.02296552	          8.23916157	          3.44918439	         -1.19697201	          1.14846169	          4.27908916	         -0.04645868	         -0.08930691	
          5.68000000	         17.94991170	         21.86620504	         12.40464910	         18.13156754	          8.14214403	          9.12149371	         83.91693520	         32.76731643	        108.68277466	         29.19159912	         10.80838060	         19.21246349	         54.32420067	        140.77210309	         15.71747067	         24.10096416	         21.09153560	         24.38192547	         21.32252342	         85.74596274	          8.18922364	         14.39934278	         44.94127507	         22.98778266	        322.71317066	         41.87714084	         83.30977309	        299.10225117	        646.83746768	        259.39794454	         94.63445771	        141.57193742	         55.98982550	        142.29098187	         78.39103921	        309.87149997	         40.12285673	         48.57870655	        142.52662240	         70.85206507	         19.85414668	         31.50910449	          7.91087317	          8.84257265	          6.71861326	          7.52693413	         20.26582739	         33.16085684	         18.95696572	          7.90288425	         24.89120375	         44.50515896	        145.99718690	       1020.29154849	         12.19546661	         16.99867706	         12.06599312	        885.98214245	        458.04300793	         23.95605920	        302.50719585	         55.72105648	         16.66783253	         17.89634086	        192.31846625	         46.56104744	        193.55078046	         38.93465338	        202.10508301	         64.50311573	         14.24836952	        919.12905158	         53.10321559	       1517.64048959	         90.38006085	         61.76605150	        115.06353588	         73.08373797	        513.07701700	        115.45194088	          0.00670515	          0.03594234	          0.05026035	         -0.04642548	          0.08280967	          0.05738702	         -0.10971857	         -0.05593361	          0.03418098	          0.07403660	          0.14248369	          0.00346446	          0.26569991	         -0.13649990	         16.91910691	        -17.05610886	         10.97177548	          1.54165874	         -5.79164333	         -1.16737549	         12.78001856	          7.27682670	         -1.37752751	          1.63030072	          6.56397461	         -0.06222722	         -0.10438639	
          5.70000000	         18.20003304	         21.90452196	         12.18373226	         17.70021391	          8.05048721	         25.20480716	         78.45274325	         32.14825658	        105.62848581	         28.18573565	         10.94617403	         19.30335068	         51.52852871	        132.13776101	         15.73798756	         24.10103434	         20.71171021	         25.29972750	         21.75439177	         63.15395130	          8.52459916	         11.98893922	         32.45522151	         22.32831980	        288.90282588	         41.22804075	         81.40222927	        238.39407298	        587.17350470	        284.58634930	         73.94493840	        132.33829885	         53.62900854	        137.75948052	         56.47969337	        300.61642726	         40.30611947	         39.33370185	        107.36959544	         55.52315521	         20.44216010	         32.56053970	          8.06144409	          9.25979941	          6.88076387	          7.63079580	         19.28632271	         29.92199054	         14.53239675	          6.66317309	         25.55422543	         46.16985883	        328.64087336	        774.74903700	         12.10072774	         16.95136667	         12.24181392	        866.20519889	        401.64981804	         22.92248731	        249.65008894	         46.82678650	         15.26634464	         17.89079445	        158.23927358	         51.43319241	        214.74340386	         35.29952574	        203.05377947	         68.05629465	         14.06509713	        835.47936368	         66.57187470	       1879.25635978	         78.89803459	         44.05020798	        112.27987729	         75.75905843	        378.62432370	        120.19188014	         -0.00353991	          0.02738588	          0.05271553	         -0.05337281	          0.07653124	          0.05660893	         -0.14026653	         -0.07205952	          0.04132661	          0.05634507	          0.11731347	          0.00953605	          0.29461205	         -0.13905014	         18.94296061	        -16.81725925	         11.30036023	          2.83886624	         -5.30650776	         -1.17809479	         15.44374398	          9.73242299	         -1.34124816	          2.02640662	          7.81356562	         -0.07246668	         -0.10525160	
          5.72000000	         20.07419063	         26.15306941	         11.90486208	         17.24069963	          7.90767329	         28.84505030	         73.37048341	         37.63937636	        104.06579155	         27.81117750	         11.04116481	         19.54194621	         50.09678179	        126.59155323	         15.74815839	         24.19623885	         20.32494273	         26.33321661	         22.27495240	         48.18865451	          8.84363113	         11.18595952	         24.21954697	         21.81714235	        245.14673075	         40.80644845	         83.05589017	        192.58390140	        491.04753938	        293.28440439	         60.70362484	        123.59909289	         51.28187977	        137.51202205	         40.28740575	        296.89724942	         41.07008255	         29.99230360	         80.35382428	         42.15535545	         20.93610484	         33.40116916	          8.30317888	         14.84522474	          7.03622188	          7.72657439	         27.65206497	         30.41576450	         12.63234876	          6.13979872	         25.69596438	         45.99738555	        236.79135795	        702.28167592	         12.56736711	         17.51506051	         12.58670756	        888.95451177	        337.17590200	         29.57555967	        165.56281015	         50.26721756	         15.31517764	         17.81225233	        135.90747925	         69.05365110	        249.40800535	         32.75056234	        203.32471103	         74.05713682	         13.79382846	        645.89468113	         66.29199900	       2214.96907204	         35.51887921	         32.65638208	        109.30456582	         58.68732801	        271.25537499	         91.11412849	         -0.01581847	          0.02250546	          0.05204741	         -0.06193885	          0.05992638	          0.05095670	         -0.17327912	         -0.07956566	          0.05282188	          0.03042606	          0.12905300	          0.01964897	          0.31036725	         -0.14121151	         18.50113245	        -16.15881408	          9.52786170	          3.48513151	         -4.32353389	         -0.97044458	         15.16031072	         10.38535173	         -0.99336431	          2.21166959	          7.77050244	         -0.06703018	         -0.08499587	
          5.74000000	         22.43197926	         36.38600900	         11.52598591	         16.65187254	          7.74101916	         27.92016055	         68.12214339	         40.77590832	        103.14040527	         27.36368100	         11.33317791	         19.79459510	         49.23136481	        123.67040012	         15.75253018	         24.12600911	         19.75480067	         27.42678827	         23.04999155	         38.32600617	          9.35811101	         11.97246615	         18.93429077	         21.04664211	        180.23241794	         41.05199887	         84.90253889	        157.89747975	        399.41597013	        259.58002465	         50.96651692	        114.89635289	         48.86999870	        140.23919156	         29.00807262	        296.59610633	         41.94252800	         24.83864696	         65.89569671	         34.89099339	         21.30703902	         33.91127641	          8.52208376	         11.49399312	          7.17414624	          7.82510958	         21.50268376	         28.80343068	         14.40848981	          5.97889876	         26.11705612	         45.62216837	        172.56349649	        651.71269475	         15.56822583	         20.75915536	         12.99471719	        763.65865694	        229.26743853	         32.62508969	        111.02638932	         47.21795649	         19.55708402	         17.63842091	        119.44987585	         91.20017550	        276.52017313	         31.72689866	        202.98695742	         62.21488871	         15.82480403	        426.17021773	         47.51521678	       2407.38320961	         71.26905202	         25.79614097	        108.82247764	         64.73140474	        254.12342553	         97.59104382	         -0.02810455	          0.02445359	          0.04551396	         -0.07158618	          0.04118645	          0.03993535	         -0.20559144	         -0.07525350	          0.07754800	          0.00404280	          0.19497285	          0.03383437	          0.32387451	         -0.14252069	         13.37885651	        -19.68165447	          6.47200355	          3.11651284	         -3.30290054	         -0.63698944	         12.44640401	          9.26924738	         -0.50680397	          2.06908798	          6.69317541	         -0.05067800	         -0.05309185	
          5.76000000	         26.78902421	         37.01637173	         11.85819455	         16.21657169	          9.59539069	         29.33741785	         67.50413998	         50.27395040	        103.72626509	         27.69329447	         11.53679336	         20.16077752	         49.90739951	        123.74116948	         17.15700905	         24.57930935	         20.16098373	         28.39052218	         23.79416337	         32.43746978	          9.67841545	         12.14550588	         15.85775392	         23.33900805	        136.86889523	         40.62403319	         87.32055760	        137.43416094	        301.43205919	        211.96790088	         38.84157591	        108.67662832	         48.37598210	        144.29954343	         21.22065153	        299.64324539	         43.27706912	         21.41818185	         62.62878299	         31.26169823	         21.46931808	         33.81689463	          8.60361269	          9.47902191	          7.23577285	          7.85932458	         18.49089717	         27.71828360	         16.27639592	          6.05498926	         27.27421896	         46.81603224	        176.68219437	        598.48409499	         12.66289257	         17.74601458	         13.08548139	        538.44392108	        158.06845775	         26.66362228	         76.68443669	         34.52840584	         16.34227059	         17.26561961	        164.45593000	         80.02122057	        276.60868188	         30.45710448	        202.65572068	        262.58282959	         19.42438395	        273.92137297	         34.96926425	       2499.35777981	         66.61978390	         22.21773207	        111.85250035	         67.63841945	        252.34845177	        102.52505978	         -0.03875818	          0.03569995	          0.03214438	         -0.08131927	          0.02985000	          0.02636352	         -0.23404852	         -0.05865822	          0.12123241	         -0.01537431	          0.33260404	          0.04831584	          0.34095212	         -0.14297372	          3.74656168	        -27.67310783	          2.31878578	          2.33927956	         -2.89674500	         -0.45232238	          8.60150947	          7.20249753	         -0.06554783	          1.72502071	          5.16738203	         -0.04213640	         -0.02374261	
          5.78000000	         22.84457491	         28.96448921	         11.93993081	         15.58718614	          9.74967641	         22.99990057	         66.36192504	         44.46849020	        105.77972762	         28.39794515	         11.92266343	         20.31933123	         50.19588823	        124.67465740	         19.38000691	         25.59237157	         20.99072643	         29.53567583	         25.11465509	         37.49030949	         10.25891601	         12.91122828	         17.28067525	         22.13803015	        109.44258222	         41.14877385	         84.77687927	        127.02260359	        239.08898715	        160.68104297	         30.59964291	        101.11276930	         46.52044745	        148.61646200	         16.33281277	        301.97298228	         44.65122531	         22.29953421	         63.09440611	         32.16737463	         28.86503981	         40.82351077	          9.03881728	          9.87512139	          7.87920577	          8.59261818	         17.85727529	         26.61620032	         14.35080295	          6.06415967	         28.83463240	         47.12889824	        104.65938753	        615.79965263	         12.80512119	         18.03482473	         13.32109421	        366.43979927	        110.38245207	         22.77176033	         57.45265924	         25.84960898	         14.29490723	         16.97655605	        259.90915716	         42.25783707	        221.92314833	         30.05700378	        248.14637172	        458.83761036	         19.29936921	        172.68760408	         26.55407016	       2544.73650192	         55.42016725	         24.68386316	        119.27547003	         75.44517094	        312.37617061	        117.09449338	         -0.05016480	          0.05543810	          0.01504331	         -0.08799030	          0.03475140	          0.01367826	         -0.25963775	         -0.03224648	          0.17766456	         -0.02642216	          0.58277592	          0.05736183	          0.35267684	         -0.14246040	         -7.49945821	        -35.27412923	         -2.52316757	          2.09729748	         -3.77127121	         -0.70003590	          5.12317046	          5.06521408	          0.17630259	          1.39429148	          3.79464368	         -0.05924410	         -0.00911180	
          5.80000000	         19.59107771	         22.99928222	         11.43771351	         14.79558327	          8.80954921	         17.20794671	         59.11714673	         39.86384105	        101.45785210	         29.05357528	          9.64112429	         19.68707975	         51.27678858	        127.48450258	         23.18631078	         27.04554206	         19.71343421	         30.64479702	         26.84423113	         53.27305535	         10.97589366	         14.11536142	         18.68280905	         20.54190348	         92.31829189	         36.03141389	         69.29579604	        127.79078295	        197.61651841	        135.22719331	         26.52589767	         92.67800668	         43.84312362	        153.04945813	         13.37173273	        303.51614353	         42.92069481	         23.33153270	         63.11389251	         33.15659108	         41.96015330	         66.05705735	          8.99863046	         10.21078866	          7.81825707	          8.18711387	         17.08152324	         25.37910609	         11.35996870	          7.55009652	         35.07852662	         66.88241529	        286.63236746	        422.69719098	         12.75233882	         18.15765119	         13.40965630	        278.62295189	         77.92960948	         22.18976758	         65.16742141	         19.91053870	         12.93050189	         16.04057372	        333.80735787	         23.49325627	         98.97090356	         28.92821244	        256.13109898	        532.25079039	         17.90880818	        109.48461668	         20.89791152	       2410.63620891	         49.41336733	         29.30427887	        110.41377235	         88.60879145	        442.72761394	        143.66005097	         -0.06793342	          0.07921883	          0.00125855	         -0.08686388	          0.05684245	          0.00295140	         -0.28681046	         -0.00036195	          0.23095462	         -0.03318934	          1.10210373	          0.05749571	          0.33825143	         -0.13756002	        -15.60126699	        -37.97897448	         -6.47268985	          2.52680818	         -5.47213516	         -1.24381691	          2.87629094	          3.36025976	          0.20008989	          1.14191558	          2.86253498	         -0.09191586	         -0.00843386	
          5.82000000	         39.32355797	         48.26224178	         15.92729837	         14.02389128	         20.52883409	         34.04081525	         59.97934435	         35.92604993	         69.60747446	         25.40731284	         20.42356117	         22.03344301	         53.56322450	        132.68681092	         27.44620926	         25.74491515	         44.00768299	         30.23678942	         24.71491607	         44.08585065	         10.46055721	         13.00030305	         16.30586748	         23.89136619	         81.99068675	         30.80383677	         58.67112727	        179.54597622	        218.65282739	        118.18028491	         23.61769029	         85.52425108	         41.60971534	        159.04800509	         11.25392791	        337.72251873	         61.43546967	         27.09176287	         65.84760780	         36.86686848	         71.27690680	        113.15029839	          8.23139485	         10.30355545	          6.70159694	          7.08903697	         13.83442321	         23.99816260	         10.66822004	          7.67410699	         35.56468716	         42.02809296	         70.12407330	        511.06894414	         12.80322175	         18.44588074	         13.47852070	        191.24002039	         55.68507672	         22.07246471	         44.80777044	         15.68178071	         11.89959196	         14.71974185	        341.19140574	         15.57525379	         71.55300651	         26.42780931	        256.23461892	        480.38613864	         15.84613039	         71.60099947	         16.89003829	       2238.64793497	         36.99141619	         32.49737046	        434.13142929	        100.02463908	        544.41700388	        166.06443007	         -0.09627126	          0.10053199	         -0.00146168	         -0.07477527	          0.08587735	         -0.00717617	         -0.31986128	          0.03135703	          0.26044336	         -0.04160108	          2.27507563	          0.04880836	          0.28422709	         -0.11589516	        -19.47835959	        -34.66056445	         -6.90504764	          2.77918184	         -6.95195751	         -1.69070693	          1.89769625	          2.46636134	          0.15931216	          0.85594619	          2.38152505	         -0.11440854	         -0.01073329	
          5.84000000	         85.18355818	        142.81226114	         15.65393518	         12.39837595	         40.90995717	         87.79013909	        154.61253883	         34.12743073	         47.06362379	         26.83326815	         29.68328460	         52.34480086	         56.34989999	        139.89300034	         38.68419331	         22.06902798	        110.69725429	         29.70977212	         23.46941469	         59.95086858	         10.28466430	         12.40217420	         14.50699334	         30.23559226	         76.33934687	         27.26714920	         51.54696358	        227.95342257	        281.54053991	         83.85142259	         24.46675585	         62.96202758	         38.38276723	        166.79735886	         10.20471908	        359.93936000	         87.10219632	         34.65788709	         77.67752306	         47.06317718	        114.74206852	        202.51315513	         76.28991311	         32.51420042	         75.96205512	         47.47785268	         60.47140909	         21.98844539	          9.85272348	          8.20813780	         47.29112466	        241.88708742	        244.18089412	        363.20311228	         14.80438371	         20.83792659	         42.47871259	        130.10729560	         40.53914752	         23.22379952	         30.46664266	         12.61913444	         12.90660519	         25.73718625	        246.53244999	         12.90640530	         46.12203060	         35.46611947	        223.54887336	        669.97311552	         14.01753695	         48.97021698	         22.67769488	       1769.33765918	         27.53407490	         36.27842085	        510.49574577	        104.13976636	        536.01787604	        171.39695730	         -0.13351963	          0.11393422	          0.00952606	         -0.05250175	          0.10834688	         -0.01831723	         -0.35888749	          0.05618756	          0.24639110	         -0.05525633	          4.17967461	          0.03332224	          0.18103628	         -0.07838639	        -18.97150611	        -26.91719700	         -3.44247965	          2.42615568	         -7.55985334	         -1.81897616	          1.40833250	          2.52989839	          0.31547391	          0.56969516	          2.18166435	         -0.11539058	         -0.00031683	
          5.86000000	         66.32052235	         89.29557242	         39.87316384	         15.52935895	         43.72385178	         60.42654617	         38.59373992	         34.83249362	         37.59666327	         23.15268787	          6.03637275	          5.76097883	         59.94076222	        149.71449138	         68.57693454	         70.45459247	        157.49883793	         29.62971784	         24.23229700	         45.55983997	         10.56537790	         13.13074843	         15.49600564	         31.00238817	         74.19588517	         27.54964830	         50.74151354	        146.95354248	        230.74669417	         59.37757695	         19.60369773	        357.72150673	         56.09361673	        177.06455378	         10.90513282	        312.66809843	        271.74003701	         31.01765664	         68.47394311	         42.12236565	        139.82821909	        338.20722982	         61.35894334	         24.83895275	         81.74057890	         83.71888073	         47.27115546	         19.30914332	          9.76654905	          6.59910957	         30.10155104	        179.94883338	        137.97371696	        492.96673144	         15.50029390	         21.87400264	        116.06704834	         88.60021659	         30.45240631	         23.25517000	         20.80915936	         10.85376878	         11.91640860	         42.60669230	        183.98050607	         11.94060823	         49.66716908	         11.16070610	        304.35944647	        970.90127104	         14.49544098	         34.52457924	         18.45937439	       1122.94681089	         21.23468778	         37.81634745	        576.16697899	        129.86760712	        505.33000892	        208.26585187	         -0.17106090	          0.11542449	          0.02717902	         -0.03255660	          0.11525320	         -0.01935759	         -0.39606389	          0.07023462	          0.18226196	         -0.07282420	          5.12315362	         -0.01174528	          0.00131052	         -0.02861204	        -13.43927257	        -17.73942064	         -8.47279764	          4.01731812	         -5.50391517	         -1.37117482	          0.47464082	          0.26808976	         -0.02390835	          1.37011861	          1.31341478	         -0.08924650	         -0.01954593	
          5.88000000	         87.93406618	        172.94188594	         54.68085849	         37.08105419	         53.23615833	         49.07476481	        436.40108389	         33.73766479	         27.34819516	         22.62012863	         69.48377620	        232.89806406	         63.04142173	        161.35674601	         49.23034235	         60.39535620	        148.43781311	         29.51029128	         23.77484276	         35.59035899	         10.78977589	         13.19411561	         13.96156556	         32.12632823	         76.21814777	         27.50535642	         51.35657408	        109.68973615	        199.71628175	         42.77819971	         16.41105170	        292.79779893	         64.14512887	        186.18303918	         11.58270967	        305.72646429	        395.48230284	         41.16128356	        115.92041046	         60.73531156	        260.01275147	        574.34502463	         62.71030361	         19.61738564	        168.45829527	        123.77583021	         14.66636355	         15.94858422	         11.05169140	         21.94036771	        151.72405356	        135.93119919	         88.44643967	        244.49477678	         14.09569785	         21.04034338	        249.66233097	         61.23055576	         23.82545983	         22.82777453	         14.52730637	          9.59609394	         10.45193200	         25.84832975	        142.44383289	         10.32839054	         17.89230176	        282.69525630	        244.91960588	       1246.48927646	         12.73720555	         25.08844377	         15.52563437	        752.45948478	         16.79986839	         27.98926085	        595.86514610	        111.10555964	        382.54931354	        164.94104953	         -0.19834073	          0.10559446	          0.04296317	         -0.02085323	          0.10954465	         -0.01621137	         -0.41982144	          0.07238374	          0.08592965	         -0.08855025	          3.62248708	         -0.05142938	         -0.24362663	          0.03375386	        -10.12756308	          4.15871732	         -6.23744148	          4.19188668	         -4.31827751	         -1.10880788	          0.68850807	         -0.88188765	         -0.30614791	          1.80398914	          0.91293974	         -0.07485862	         -0.03813861	
          5.90000000	         77.37742398	        125.70270417	         58.03048812	         41.22826262	         53.39520930	         53.21154234	        299.07137018	         33.15686514	         21.76305682	         16.37807381	         67.51893811	        243.72421944	         77.91087592	        176.60740225	         61.45158808	         80.03765938	        174.06579777	         28.30219541	         21.44330854	         27.82613860	         10.30742150	         12.22830651	         11.63597861	         33.86367222	         76.79261976	         27.66611796	         52.58111398	         46.75977222	        182.71506670	         34.44591201	         14.27546401	        266.68935550	         63.85629756	        231.58959561	          6.01112336	        350.13018590	        549.22975847	         51.90205660	        213.17650725	         83.40667413	        220.14213726	        525.75145183	         44.90685708	         16.04537009	        117.69672754	        164.98679104	        219.75309343	         12.08795434	          0.04040504	          5.65832569	         55.76225275	         89.16093782	         62.84262610	        194.18807839	         75.75631855	         76.58320084	        234.45783582	         43.24633091	         19.45644845	         23.40355719	         10.42607318	          8.69412561	          9.67325364	         95.63493822	        112.79708817	         14.30672854	        114.44117353	        284.55365080	        505.79807362	       1287.44985721	         11.61928384	         18.08390083	         13.37449875	        600.50500818	         14.37962067	        514.62213820	        292.07310397	         87.66652926	        295.80726516	        130.24206538	         -0.20827031	          0.08964267	          0.05404408	         -0.01456744	          0.08976153	         -0.01317277	         -0.41579765	          0.06585358	         -0.00832867	         -0.09733647	          1.51224063	         -0.06828156	         -0.47938925	          0.05515214	         -6.92761205	         27.04085558	         -3.08607937	          3.30281305	         -2.75360185	         -0.70878912	          0.30707207	         -2.00121990	         -0.42406551	          1.86059766	          0.31170241	         -0.05129643	         -0.04422225	
          5.92000000	         54.34334122	         86.81028525	         40.03422644	         29.39667627	         36.18842409	         36.07391500	        203.96155217	         32.90840900	         12.15325899	         13.22069167	         53.68008107	        188.18168121	         74.39520685	        189.81965502	         43.72205084	         57.03208615	        118.71453717	         62.66704749	         61.15072359	         88.16614228	         19.91770378	         26.72306107	         30.64947458	         27.33396785	         88.57705703	         29.07596177	         54.83734933	         98.96545759	        171.43248190	          2.88151937	         17.73000090	        195.18732208	         51.79451093	        217.58725044	         81.24107510	        342.53902564	        549.26237810	         63.25612130	        397.36966815	        110.69441425	        151.44610823	        364.69648680	         32.35254672	         13.77931329	         80.93642868	        111.54724991	        193.43987922	        100.50579191	        205.57481728	         73.36099384	         57.42369351	         61.56975961	         46.81717095	        145.00061899	         53.64478153	         55.57485114	        163.27882633	         27.46271057	         16.06155900	         22.04185454	          7.62529563	          7.91677976	          8.31907815	         67.40821712	        113.30711598	         25.13738728	        127.51899009	        254.83498257	        380.69750716	        968.96345554	         60.69234383	         38.75064643	         65.15784689	        492.64290034	          5.47219634	        511.43923674	        240.06777305	         72.73368822	        239.98405709	        107.90938212	         -0.20142885	          0.07284662	          0.05623601	         -0.01342474	          0.06908096	         -0.01256842	         -0.37498933	          0.05549185	         -0.07399418	         -0.09653773	          0.31532479	         -0.07082481	         -0.57071651	          0.04198195	         -0.70293870	         40.41427818	         -3.96632449	          3.42560858	         -2.09156689	         -0.63442805	         -0.03864873	         -2.94643464	         -0.57200883	          1.97911336	         -0.13724339	         -0.04957315	         -0.04925827	
          5.94000000	         39.03627898	         61.05593321	         27.91036282	         21.36831633	         24.64129315	         24.58743927	        143.41193909	         33.22393528	         55.56208778	         35.13067230	         35.60873631	        105.60021287	         77.14122791	        203.28211901	         31.09965776	         37.71847927	         81.46062045	        226.35331030	        148.35482203	        183.80928897	         35.36345537	         57.47139543	         69.69047981	         23.01872380	        106.09241748	         30.52060351	         57.05160378	        145.91948531	        168.41972552	        508.76268966	         28.37046595	        128.47705042	         43.55234149	        229.50097917	         73.29914512	        346.38814287	        468.25910300	         56.07480105	        289.89371512	         93.88731884	        105.79102420	        219.25144202	         23.85325453	         14.66540532	         55.83431434	         76.07007723	         84.75906228	         64.03966226	        215.40423131	         54.26119786	         33.72997935	         49.92397401	         38.00957627	        118.95471031	         38.57201818	         41.31846377	        114.42728249	        187.09197033	        135.41950170	        176.44730813	         35.57310785	         51.13938274	         55.49742732	         49.22526449	        144.94468222	        135.25219577	        219.97647361	        111.15164862	        298.03015467	        312.60495306	         41.76384952	        190.51067938	         73.35040231	        399.46718002	        148.91726888	        460.28818794	        155.31540561	         63.64512940	        205.48143516	         94.05318647	         -0.18490698	          0.05778501	          0.05675237	         -0.01436607	          0.03834765	         -0.01201149	         -0.29906406	          0.04453422	         -0.10778824	         -0.08719411	         -0.01527070	         -0.06321852	         -0.46084633	          0.01912648	          6.59652131	         47.73860228	         -2.91842319	          3.00259106	         -2.51968374	         -0.77087480	          0.58637435	         -2.82997122	         -0.68357253	          1.76077159	          0.08511780	         -0.05805201	         -0.05000607	
          5.96000000	         28.93417571	         44.15488895	         19.88838507	         16.43312145	         16.96957760	         16.94073181	         98.01953754	         33.68273139	         39.34584049	         26.34211581	         28.40415146	        105.86882344	         80.73167772	        215.66838657	         84.88786212	        175.43039226	         56.29888322	        211.22097826	        114.25710780	        128.24729835	         31.92998271	         42.00767966	         49.40567043	         20.20177456	         96.40333466	         31.88103899	         59.02815442	         99.62304093	        162.29761562	        364.28684079	         22.28442082	        150.20234567	         38.37346462	        241.09088223	         51.15627484	        348.53164011	        470.37431675	         51.47718176	        232.45736836	         83.28631381	         72.12489362	        252.11825700	         18.21558325	         15.62670881	         38.37963127	         49.02524614	        209.81455805	         99.69043393	        180.18050057	         43.59834900	         36.47336071	         42.59508264	         32.17074600	         98.99308831	         28.26249550	         31.68386850	         77.79987629	        126.06349519	         93.35893844	        122.74435581	         24.37772071	         35.38754727	         38.40080790	         33.66657501	        164.20482398	         88.43845657	        232.33704851	        151.05342755	        221.00243105	        546.51052985	         57.63654822	        142.68335448	         53.85191510	        336.17970661	         78.46801171	        408.38977607	        159.29788871	         61.80008523	        185.74216960	         90.45258856	         -0.16753969	          0.04509546	          0.05090164	         -0.01689682	          0.01866769	         -0.00786101	         -0.19738422	          0.03070762	         -0.12375684	         -0.07371055	         -0.01982031	         -0.06710581	         -0.36469403	          0.00859593	         12.13294894	         45.64958301	         -6.26880341	          3.80933164	         -2.86698691	         -0.89430209	          2.04647850	         -2.91122448	         -1.12979130	          1.99373752	          0.64702881	         -0.06692931	         -0.06949673	
          5.98000000	         22.33882190	         33.11817371	         14.74660942	         18.84496546	         11.96561898	         11.94364031	        119.87383337	         33.59272552	         28.84605089	         20.38712566	         45.12881457	        133.89538428	         84.07730044	        226.39368783	         76.97757048	        207.23037385	         47.17960878	        181.63649852	         85.66195404	         90.72240273	         28.42926657	         32.06444778	         35.92097971	         18.55221685	         90.49927832	         33.05498242	         60.95563789	         67.96258076	        158.90237984	        249.05821354	         18.33200433	        389.22527821	         48.64430877	        251.53903027	         35.51427162	        322.34724901	        536.66460945	         48.93224202	        192.55222820	         76.58848860	        117.72711025	        246.82521256	         14.75821841	         16.30912698	         41.12639560	        118.53489503	        122.04041451	         69.38877430	        161.67241440	         42.41002242	         29.40733968	         37.02088430	         27.35028291	         82.29992006	         31.41660939	         41.13946582	        157.06060488	         86.11791785	         65.68751599	         87.26305411	         16.97788678	         24.91035922	         27.09902441	         60.44086750	        124.73945008	         83.90004126	        209.25666397	        300.97918086	        432.73601456	        742.72287924	         39.21962163	        108.61126418	         40.63801376	        301.59844767	         62.74911784	        404.64689120	        134.51230781	         64.42685944	        189.82138376	         93.43819366	         -0.15189387	          0.03384458	          0.04157920	         -0.01812561	          0.00229252	          0.00022749	         -0.08759542	          0.01581382	         -0.13667438	         -0.06056465	          0.02276857	         -0.08507833	         -0.31551432	          0.00696654	         16.13190912	         43.11847296	         -9.89438484	          4.58972968	         -2.49005958	         -0.81697733	          3.53726087	         -2.95671624	         -1.58629439	          2.32719376	          1.24219475	         -0.06301743	         -0.09048127	
          6.00000000	         21.16931986	         28.15964167	         26.91804568	         50.08087625	         13.78737286	          9.87202129	        118.73393432	         33.51311734	         21.99646965	         18.44637961	         54.68754547	        180.01119880	         86.41400716	        234.79470638	         53.83772463	        139.83418087	         48.86538364	        127.10434354	         62.56497245	         65.36995591	         24.97766606	         24.99846656	         26.82744286	         19.61967238	         89.22572210	         34.80575543	         63.52334651	         47.55176275	        160.69240620	        178.32555420	         15.78900660	        389.34212381	         60.66727416	        259.99723468	         28.72819329	        325.47207030	        605.60490245	         50.54455614	        194.70934947	         79.14829643	         94.96734844	        269.39797240	         13.06622115	         16.93345426	         30.46075548	        134.36233174	        195.65139034	         72.07230668	        145.17543510	         36.99847323	         25.82282613	         33.02287752	         27.24923736	         69.72736722	         39.05994413	         89.32047668	        198.27781916	         60.34753084	         47.61705859	         63.90529145	         12.16665329	         18.01073375	         19.67526021	         84.16786919	         97.39791635	         66.06438038	        166.88123042	        360.63321867	        545.12946000	        745.89189173	         75.49143203	         83.18881141	         31.83729412	        289.06850111	         35.49574720	        372.14162799	        114.46562324	         61.88193446	        185.50223839	         90.46561421	         -0.13789492	          0.02455589	          0.02869314	         -0.01943051	         -0.00311747	          0.01459307	          0.01546007	          0.00411020	         -0.15037855	         -0.04915162	          0.00641388	         -0.10990081	         -0.25336554	          0.01036346	         18.23847099	         41.39664043	         -6.22864893	          3.12362654	         -1.63186423	         -0.48230259	          4.87157691	         -1.74354872	         -1.55214608	          2.02201463	          1.95929236	         -0.04026404	         -0.08552573	
          6.02000000	         22.58511470	         29.45770610	         21.72374798	         37.06366506	         13.35801690	          9.72760674	         85.66780581	         33.42828529	         17.53080152	         15.07610015	         61.70215349	        210.73659285	         89.68817559	        241.67294619	         38.88713054	        128.24431514	         35.46158327	        140.95324128	         45.27099491	         47.81831755	         30.34764596	         20.08338341	         20.17253131	         19.90070368	         88.45523981	         36.98167420	         66.58783345	         29.29045900	        160.36027962	        104.42917391	         14.15665388	        276.40684149	         52.14156619	        267.17435095	         10.42787886	        326.55979434	        656.71370647	         54.81575397	        254.37886429	         89.36139026	         79.34222161	        197.24921241	         13.33584245	         17.63489720	         28.99718749	        159.34549512	        286.64205097	         80.91946729	        136.60479498	         35.36206256	         21.57451301	         32.36912630	         30.43009578	         66.46191010	         32.64518558	         92.87180165	        158.87123097	         43.59377239	         35.76996437	         48.50487268	          9.02818364	         13.43798865	         14.71663617	        102.64015557	         78.34436520	         61.03871132	        135.58363564	        389.13669527	        569.27718725	        642.85712566	         81.04735542	         64.21413970	         26.19573452	        308.11762263	         29.65853664	        365.89774421	         99.41952173	         59.58448146	        179.41979841	         87.37294788	         -0.12413250	          0.01984269	          0.01494805	         -0.02174273	          0.00438894	          0.02872503	          0.10097767	          0.00025062	         -0.16168495	         -0.03721203	         -0.05932709	         -0.13485865	         -0.19530118	          0.01953641	         17.41724992	         39.12947404	         -0.58152715	          1.12161189	         -0.49516800	         -0.06435478	          5.85097269	         -0.15649437	         -1.26824924	          1.57429935	          2.57006369	         -0.01212658	         -0.06868742	
          6.04000000	         18.15912909	         23.64336750	         15.51320454	         26.05240813	          9.44803818	          7.47445473	         62.78885530	         33.36591844	         14.55273003	         13.13018776	         63.80661060	        223.55121558	         96.71349120	        246.94622726	         38.66557020	         96.48038012	         25.26110125	        225.79901027	         77.55357498	         56.46285852	         38.81498972	         34.38033555	         29.66730793	         18.06404476	         92.17310404	         39.43638830	         69.89377719	         41.71669778	        162.20195804	        123.09321467	         15.41185732	        192.19912746	         43.11306036	        279.97513235	         77.16491456	        313.79916717	        671.85300261	         58.84715270	        308.15130913	         98.58656891	         56.18086219	        132.83514861	         14.96031038	         18.31704219	         20.88420258	        106.74151919	        244.75829329	         66.93290584	        138.88137607	         38.09678047	         19.08759723	         31.62193715	         33.67236278	         75.15298917	         29.47667956	         73.71626170	        110.04207666	         32.55802790	         27.96369692	         38.35435494	          6.97328656	         10.38785131	         11.34844407	         87.80371851	         64.34828522	         65.78197180	        120.96476545	        392.62728942	        583.40972139	        445.91089658	         68.15672341	         50.85229153	         22.95907129	        340.89689854	         14.63533325	        385.13843765	         87.86096090	         56.66143999	        171.12470310	         83.36131990	         -0.10835079	          0.02213692	          0.00412846	         -0.02497039	          0.02439897	          0.03327110	          0.16606968	          0.00844053	         -0.16335784	         -0.02207486	         -0.12399175	         -0.15289379	         -0.15159954	          0.03354484	         12.68726543	         33.49244626	          4.20228583	         -0.54766083	          0.67903378	          0.31974131	          5.98997687	          1.15974199	         -0.81333990	          1.18194668	          2.80750591	          0.01341810	         -0.04317496	
          6.06000000	         15.43053636	         20.70687282	         11.31415677	         18.58449911	          6.86274591	          6.23112279	         47.68995901	         33.77403213	         14.31071131	         12.15036035	         61.57435645	        219.13886556	        101.70864121	        250.89983943	         46.55006063	         92.05317394	         18.35256314	        364.68024897	        136.70575325	        113.90924780	         53.83514381	         52.21722348	         47.45903987	         16.91622993	         93.22746869	         41.72958524	         72.81585907	         32.22769572	        162.49396691	        350.31886612	         18.04409261	        137.56479305	         37.01261039	        297.40753748	         76.66648711	        293.92872560	        650.72931193	         51.28726946	        229.27000476	         83.08616513	         40.91942500	         91.70688717	         13.55448172	         18.78235787	         15.08208355	         71.23251458	        174.43126644	         88.91771867	        145.62585427	         40.48083439	         17.65870453	         30.93176631	         37.38655153	         85.01948121	         26.78151112	         53.90781996	         77.62988200	         25.26973673	         22.83312987	         30.94556746	          5.84585511	          8.36642638	          9.38201965	         61.56197728	         77.12159264	         70.99837381	        120.46481385	        357.72180219	        445.25165745	        278.79424679	         81.10545147	         40.73489682	         21.49841802	        374.10719466	         27.20211494	        403.05072564	         82.36876381	         52.63327516	        160.46734808	         77.91399482	         -0.09003743	          0.03130180	         -0.00157236	         -0.02870073	          0.05362473	          0.02402842	          0.21418123	          0.02833872	         -0.15003603	         -0.00543682	         -0.14591824	         -0.15286022	         -0.11463409	          0.04461744	          6.84967885	         27.24016556	          7.35408984	         -1.56771926	          1.48791465	          0.56166142	          5.52386702	          1.98093719	         -0.36546943	          0.90996815	          2.75412306	          0.03027060	         -0.01808021	
          6.08000000	         15.06605508	         20.65877645	          8.52358362	         13.55610330	          5.70808631	          5.92639827	         37.62328058	         33.86961639	         14.52332837	         12.03294033	         54.85309350	        195.94104723	         98.47306941	        254.80748613	         34.37598504	         63.40105879	         13.70727508	        491.69612343	        181.56103911	        149.51048374	         73.30551467	         75.80559572	         73.75964390	         16.43891750	        116.10717724	         43.32226985	         74.71658079	        121.34169529	        165.53651946	        432.08195622	         25.17255101	        101.83502105	         32.84575162	        283.61640113	         91.88823904	        253.20116169	        597.96759783	         52.78599130	        210.50194474	         85.65975909	         30.81638059	         64.92557823	         13.62793449	         19.28696951	         11.26631528	         47.83388955	        125.85478763	        138.25294645	        151.56151395	         42.34555175	         16.99758184	         30.55335241	         41.35151918	         95.81437926	         28.66396802	         40.86607145	         56.38684700	         20.73311478	         22.58780595	         94.86927776	          6.97721904	         16.04529334	         40.09849789	         44.21900756	        169.56851568	         76.80433347	        139.63936448	        300.26988013	        321.27034688	        183.97643423	         86.06006932	         67.98325894	         31.22871134	        405.06857078	         43.59096712	        419.79311116	         79.83611244	         48.47031999	        149.10757420	         72.22599587	         -0.07196398	          0.04427077	         -0.00366094	         -0.03202148	          0.09069211	          0.00271059	          0.24659325	          0.05345441	         -0.12325389	          0.00694772	         -0.12289852	         -0.13133451	         -0.08319146	          0.04345134	          4.54431034	         23.59030098	          7.72126162	         -1.31774025	          1.41033796	          0.51223265	          5.02617729	          2.22141650	         -0.16091086	          0.92054756	          2.63422431	          0.02691788	         -0.00711394	
          6.10000000	         15.00317488	         20.72004255	          7.79073495	         10.23338985	          5.59008100	          5.91041715	         30.82009110	         33.65554093	         14.94437477	         13.46263930	         46.90176607	        164.94811670	         95.14097585	        258.53975347	         49.81403151	         81.56832674	         11.92781702	        531.22462441	        216.96994685	        201.48983269	         76.52832874	         82.56610984	         84.81598202	         16.35889794	        108.19415203	         43.86919726	         75.24826309	        116.17198274	        166.00706146	        421.08517256	         24.26440478	         78.71856666	         30.15346053	        267.93873224	        100.67383038	        230.05665482	        543.36999095	         45.75827968	        147.52415584	         68.43690025	         24.00643991	         46.89347602	         13.69432408	         19.71735215	          8.94601118	         32.32017497	         93.46763176	        166.59157124	        155.42114732	         44.53319134	         16.64362378	         30.47431216	         45.43912566	        107.16468144	         24.67831259	         32.32710268	         42.59613431	         22.99387507	         41.41984043	        127.28231289	          9.88029366	         31.49418654	         50.27930678	         32.91048290	        200.13004074	         81.20955053	        164.14197660	        253.19556078	        312.97217060	        130.92395988	         94.74715320	         79.49585896	         34.62046645	        431.11011207	         43.66883930	        441.22898709	         78.64893595	         44.48719366	        137.89721938	         66.70647229	         -0.05872620	          0.05664137	         -0.00471150	         -0.03345478	          0.12841172	         -0.02297056	          0.26247240	          0.07419847	         -0.08977298	          0.01032863	         -0.07237116	         -0.09462617	         -0.06536339	          0.02973558	          8.25460869	         24.39843977	          4.76524344	          0.26995190	          0.46900389	          0.21626333	          4.73887312	          1.80884393	         -0.28449709	          1.27249428	          2.57226843	          0.00534325	         -0.01504259	
          6.12000000	         15.02518289	         20.91024263	          7.72602406	          9.26051435	          5.53183008	          5.94378721	         30.15169014	         37.18691261	         15.53696046	         14.82607978	         44.00462018	        150.95525857	         96.77029724	        264.19386121	         67.06366188	        160.94479402	         11.77870632	        532.75433255	        210.67757291	        187.70457143	         76.14731622	         77.87743471	         76.78153783	         16.40063082	        103.25109392	         43.49878057	         74.64596315	         99.39789838	        167.47228215	        288.34727430	         21.84775637	         60.38286500	         30.20254330	        265.58673423	         99.51916036	        240.29085680	        524.29383627	         32.36083141	        101.33944802	         48.13780200	         19.34723862	         34.44543927	         13.75566400	         20.14664995	          8.83430587	         21.98655504	         72.96364573	        133.67395854	        157.43461370	         46.86739637	         16.55096704	         30.60798184	         49.38487731	        118.57659909	         22.14593966	         28.23810066	         33.68545840	         24.00990874	         40.28507576	        110.51877881	         10.24227082	         31.30865596	         49.90707559	         25.62731080	        215.29515878	         81.23298868	        183.17851359	        224.13215384	        351.79261451	         88.67527203	         89.83992728	         66.04869171	         31.28122370	        450.65681702	         50.45752700	        464.37210777	         78.71676535	         40.93581934	        127.51129249	         61.69119325	         -0.05282423	          0.06427794	         -0.00770496	         -0.03181850	          0.15701858	         -0.04288796	          0.26469141	          0.08300877	         -0.05700160	          0.00494381	         -0.01784372	         -0.05985466	         -0.06109450	          0.01213728	         15.80805207	         28.25018098	          0.24565304	          2.37885754	         -0.78823304	         -0.12726180	          4.49419724	          0.89505736	         -0.60017466	          1.76743323	          2.50690142	         -0.02162938	         -0.03251276	
          6.14000000	         15.09779959	         21.16706061	          7.68820759	          9.47575311	          5.51373304	          5.98234963	         30.56274222	         39.39618036	         15.13567145	         15.27187345	         47.28074473	        158.40964789	        100.36005445	        271.23985922	         69.32696202	        194.84068161	         11.65438777	        554.60276958	        208.27048401	        171.40427339	         79.43530177	         76.49570531	         71.50504042	         16.46225789	        101.06373629	         42.73402078	         73.67886987	         72.60203128	        169.91868670	        196.32444495	         19.81757619	         82.64775435	         31.47838948	        266.75943761	         96.79331000	        264.68735911	        541.55920774	         23.79029360	         71.76398567	         35.05091095	         16.37177178	         25.79337950	         13.81356582	         20.57982332	          8.75306219	         15.11628370	         60.86707387	        107.50696271	        157.90702195	         48.72849157	         16.57932984	         30.80378274	         53.25866668	        129.97097045	         19.85324526	         28.13679063	         27.89527108	         27.37198572	         40.65049875	         88.11305666	         11.97845150	         32.07654798	         46.26679877	         21.04353008	        235.23584168	         80.87376987	        195.66671276	        183.04456995	        345.80696118	         99.15833913	         76.98259161	         58.69208861	         30.03725674	        462.91828394	         52.40300531	        485.03854540	         79.45081520	         37.73726919	        117.83010202	         57.10043984	         -0.05157827	          0.06501966	         -0.01510731	         -0.02697305	          0.16755031	         -0.05057685	          0.26406083	          0.07817148	         -0.02792245	         -0.00474818	          0.02019555	         -0.04531320	         -0.06526701	         -0.00072890	         21.18177397	         30.72469891	         -2.49740261	          3.83020563	         -1.67535287	         -0.32398078	          4.31491981	          0.01401544	         -0.90385228	          2.06388068	          2.37169335	         -0.04165338	         -0.04519682	
          6.16000000	         15.18777805	         21.44795734	          7.66172473	          9.64163924	          5.50837045	          6.00424039	         29.94286661	         38.05617670	         14.41371234	         14.66139540	         52.76655578	        175.16138631	        102.94359319	        278.88996857	         67.00835747	        172.79185923	         11.54282883	        619.71032226	        220.67865459	        165.83694456	         87.86704233	         80.43355960	         70.90502414	         16.47396008	        100.61019895	         42.24009721	         73.14916982	         54.17581359	        172.51288145	        135.00040006	         18.62626870	         73.63029256	         31.10148385	        270.44646206	        100.61783721	        286.10810694	        572.87986175	         25.35539805	         60.51303656	         34.84761733	         15.92681805	         19.81074307	         13.78785897	         20.88573857	          8.59336537	         10.61356517	         54.49695291	         94.07875946	        157.79883595	         49.97255166	         16.60184260	         30.86743323	         57.13264214	        141.43322650	         19.14316006	         28.42856506	         25.24529247	         37.98048704	         46.40452715	         76.18622311	         15.52604882	         35.39713580	         46.85259830	         18.28049186	        242.60643268	         81.91033280	        203.04160451	        150.47810649	        325.22338967	        137.36954951	         68.90702508	         64.31945522	         31.65486265	        466.70167449	         52.40328774	        501.39666889	         80.10428293	         34.48626665	        107.91838327	         52.41853243	         -0.04858902	          0.05977748	         -0.02762747	         -0.01965972	          0.15315317	         -0.04688249	          0.27393500	          0.06331758	         -0.00098730	         -0.01426189	          0.03095914	         -0.05408097	         -0.07397006	         -0.00603677	         21.82312337	         29.99274513	         -2.65740255	          4.25149907	         -1.95653211	         -0.35257603	          4.28251796	         -0.37790610	         -1.04048612	          2.06821757	          2.24509544	         -0.05018527	         -0.04724054	
          6.18000000	         15.30300199	         21.75957246	          7.57916614	          9.11774046	          5.50681758	          6.02778478	         28.43855139	         36.60091496	         14.01103195	         13.90871340	         55.60932017	        184.67146489	        105.52790089	        286.88149695	         49.90732399	        118.08595180	         11.30652216	        669.69944748	        236.76634503	        173.40463236	         94.86203946	         86.11392762	         75.32801431	         16.48263299	        102.85629825	         42.33548377	         73.40311017	         54.42852294	        175.16870588	        124.69080613	         19.32726536	         59.37329943	         29.49330658	        276.22486732	        108.81384531	        302.54333683	        588.80616531	         30.86236974	         74.21408661	         42.54803628	         15.38346542	         16.93862839	         13.63854254	         20.94984820	          8.35025930	          7.87639745	         54.14122975	         85.53666097	        157.99243072	         50.45065152	         16.56764335	         30.68490982	         60.99566732	        153.01682059	         19.29782963	         28.80827492	         25.22824960	         47.04765380	         50.73060490	         73.58905194	         17.41291691	         36.76628399	         48.38586357	         16.77092788	        236.64630535	         83.31882389	        205.58406205	        145.73058343	        315.72106454	        160.43836429	         65.18438618	         71.51014183	         34.11046478	        460.88348580	         52.72237762	        511.77032556	         80.09715550	         31.08076915	         97.36089298	         47.48880025	         -0.04120421	          0.05097471	         -0.04368971	         -0.01120929	          0.11432877	         -0.03647288	          0.29632321	          0.04310833	          0.02440127	         -0.02269468	          0.01769103	         -0.07488275	         -0.08446083	         -0.00644437	         18.63075145	         27.88197745	         -1.13129257	          3.44394945	         -1.83634411	         -0.27066362	          4.11985712	         -0.05316536	         -0.82730366	          1.71278829	          2.21117163	         -0.04195533	         -0.03822621	
          6.20000000	         15.46267246	         22.10189408	          7.59464556	          8.94185196	          5.55149030	          6.07629121	         28.16386543	         38.85575683	         14.25716252	         14.30229201	         52.54875860	        172.87254287	        106.23962080	        294.47336508	         36.00041502	         81.02341027	         11.26756784	        657.18614567	        237.96216759	        180.87881335	         93.14218419	         85.33587809	         74.61386368	         16.54084296	        103.24054607	         42.96348030	         74.34655652	         53.04211966	        177.41024428	        299.62478193	         21.23631133	         53.57231347	         28.97896841	        280.60864071	        116.08967233	        323.34634435	        563.72213295	         24.26366686	         56.85035916	         33.21042662	         14.61805142	         15.91220332	         13.37265500	         20.73413928	          8.03857991	          6.86864886	         58.79491895	         80.49045381	        158.81397089	         50.06205124	         16.45631207	         30.23712887	         64.80648741	        164.65104319	         20.13213670	         29.30029543	         25.07549875	         51.29687324	         55.89296939	         81.48496970	         17.47100063	         37.11463256	         51.23035924	         16.28502092	        215.33831746	         83.19571816	        205.51195375	        168.16210167	        294.30945278	        149.44785922	         63.20854498	         79.75435858	         36.80502235	        445.47486466	         52.55342909	        515.05230132	         79.18362083	         27.63060058	         86.42735648	         42.45465874	         -0.03025396	          0.04188503	         -0.05948077	         -0.00346509	          0.06098671	         -0.02566522	          0.32352110	          0.02343672	          0.04783524	         -0.03027057	         -0.00609313	         -0.09359286	         -0.09500183	         -0.00702896	         12.04860087	         26.56293891	          2.30582852	          1.37511298	         -1.73183418	         -0.13481195	          3.70134769	          0.96804271	         -0.24760095	          0.95484478	          2.24780738	         -0.01954217	         -0.01862959	
          6.22000000	         15.67136193	         22.53102430	          7.52539385	          8.60092521	          5.57991817	          6.15091034	         27.18609955	         38.07156572	         13.08525742	         24.54958136	         43.70177310	        132.15324764	        107.26647175	        302.02184106	         25.74594317	         56.07225278	         11.06368844	        603.34447091	        215.32059757	        162.25735690	         91.47949099	         87.98934111	         77.73760781	         16.58479244	        157.14098890	         43.82854528	         75.56780496	         99.61746045	        182.15206792	        549.83205848	         29.30449626	         49.14286944	         27.83764056	        287.66173955	        126.41851796	        360.17128334	        496.58576649	         25.10730339	         57.83513419	         33.88420194	         13.86568725	         14.92879559	         13.02607761	         20.26378259	          7.72317335	          6.54216688	         63.66530398	         78.67372678	        160.05495628	         48.89405475	         16.28262104	         29.61050142	         68.43478342	        175.93567435	         21.67521004	         29.82513922	         24.82233171	         55.49957237	         69.92673916	        112.00316646	         16.93077589	         38.50585820	         58.39864539	         16.48192940	        180.29177866	         82.49071551	        204.23907082	        203.66169457	        252.10523250	        111.09664515	         62.35830938	         88.88100363	         39.68932787	        421.81075315	         50.90942273	        512.52001793	         77.57891088	         24.37732882	         75.86771383	         37.66255497	         -0.01618892	          0.03651081	         -0.07011396	          0.00234719	          0.00886182	         -0.02107438	          0.34587112	          0.01200393	          0.06954551	         -0.03660878	         -0.02380634	         -0.10209894	         -0.10453531	         -0.01171400	          3.99485601	         26.66530700	          7.85594432	         -0.69765646	         -1.82542556	         -0.00071141	          3.49171821	          2.01288865	          0.26242073	          0.20949437	          2.23828283	         -0.00455764	          0.00469729	
          6.24000000	         15.92504147	         23.06640852	          7.45776657	          8.42756052	          5.60593553	          6.26054012	         26.65542059	         36.79840281	         51.33958321	         24.79059287	         37.44265566	        100.53818147	        109.97110045	        310.85089498	         18.82589786	         39.33712582	         10.90864116	        522.14629912	        188.91279157	        169.05503393	         86.14745011	         92.06379481	         91.31056276	         16.66100907	        204.64695874	         44.55669941	         76.60590328	        115.83299308	        210.35551474	        653.62667975	         38.47984715	         48.07505844	         27.40410774	        296.68398636	        132.96008341	        391.67562002	        449.18382063	         35.44383004	         98.91066735	         52.32586631	         13.27794646	         14.25462826	         12.66230168	         19.63197713	          7.46509984	          6.29324210	         68.63688095	         69.73882634	        161.67619684	         47.55833740	         16.08313034	         28.93796974	         71.79574830	        186.45638853	         24.88480382	         31.12967980	         24.47289692	         56.70505141	         66.05871543	        125.21894751	         17.02586208	         39.38327601	         65.32904115	         16.76986458	        154.58012823	         80.30398668	        201.83672549	        235.68623678	        214.89953874	         96.81028246	         58.99676509	         98.58470242	         42.54102059	        392.73582880	         51.38578586	        509.83653720	         75.74414785	         21.71512266	         66.61711025	         33.59719539	          0.00114083	          0.03739683	         -0.07227912	          0.00601026	         -0.03055677	         -0.02514855	          0.35730091	          0.01291275	          0.08667729	         -0.04109159	         -0.02822351	         -0.09975061	         -0.11294182	         -0.02009241	          0.31944605	         29.47554306	         11.44897287	         -0.91362655	         -2.03131190	         -0.03450870	          3.79949309	          2.27381347	          0.28881520	          0.08828396	          2.22177609	         -0.01183443	          0.00337139	
          6.26000000	         16.17179588	         23.57801072	          7.42759355	          8.25213742	          5.64995616	          6.38050517	         26.12127403	         36.24891690	         60.58557917	         31.01652864	         34.35760019	         72.50964546	        113.19163701	        321.08565122	         18.18297610	         27.00372688	         10.81835184	        414.39591787	        214.70400224	        154.62129451	         67.77384084	         82.00501042	         76.24036355	         16.78868299	        168.55513888	         45.07866733	         77.39360847	         79.53189423	        200.30131224	        564.06406225	         29.74565949	         47.04968657	         27.06068129	        306.64756244	        122.78387825	        424.63589341	        441.36018065	         39.52363888	        131.98875056	         61.23817562	         12.83230227	         13.85645521	         12.29218998	         18.92152733	          7.23752541	          5.91864375	         73.33845389	         56.23826075	        163.60455628	         46.69111392	         15.85810772	         28.28879964	         75.10938571	        196.55740514	         24.17153412	         31.24134566	         23.98286873	         43.62933764	         50.31810068	         91.63920962	         14.61688264	         29.14656877	         48.19936446	         17.06609042	        162.52374350	         77.48254924	        195.95237180	        230.07786732	        193.12340504	        144.01362345	         50.65085006	        108.60353681	         45.28370678	        363.25008503	         49.61504572	        512.29575849	         73.89377452	         19.72302872	         59.09318362	         30.34519245	          0.01815467	          0.04195143	         -0.06677906	          0.00773640	         -0.05808933	         -0.03463185	          0.35412286	          0.02054018	          0.09048425	         -0.04396799	         -0.02927924	         -0.09305657	         -0.12036156	         -0.02815746	          2.62343446	         35.56987205	          9.94291130	          0.75265676	         -2.09195168	         -0.27071419	          4.43011354	          1.86370893	         -0.03088948	          0.59117626	          2.33377446	         -0.02684381	         -0.03602987	
          6.28000000	         16.53248867	         24.18447103	          7.85992672	         10.01834294	          5.86667438	          6.51719299	         28.41389640	         36.21619237	         55.05191421	         31.98495315	         39.85442259	         73.30043447	        116.89138529	        332.70129074	         28.85142647	         99.06846993	         11.31817222	        412.19687092	        150.32768773	        107.11070825	         60.37846388	         58.26198824	         53.60984955	         17.12818841	        145.48390075	         45.41541742	         77.96285232	         55.57091571	        194.30600374	        391.71223593	         23.78615211	         48.59275600	         29.33055948	        317.49955977	         79.12467428	        459.30438727	        476.53008550	         39.26162150	        129.69624422	         61.08999848	         14.21738681	         15.12576111	         12.25873025	         18.35142657	          7.70598974	          9.68271739	         78.21568622	         44.84211801	        165.06131648	         45.62092290	         15.61627943	         27.69324423	         78.72457571	        207.23956890	         20.63387703	         29.42534025	         23.91413474	         34.05470489	         39.47118891	         68.94635733	         11.11501941	         21.44236955	         34.55537925	         18.27039247	        152.31647955	         74.19855865	        187.34350879	        181.19369891	        290.37354066	        212.06195199	         41.71070543	        118.53689913	         48.00030308	        339.15921371	         33.02888329	        514.51259519	         71.98492916	         19.52431725	         54.59589045	         29.35694568	          0.02848389	          0.04479963	         -0.05746719	          0.00806595	         -0.08072627	         -0.04479675	          0.33296585	          0.02566084	          0.07534702	         -0.04618102	         -0.03748043	         -0.09186041	         -0.12660826	         -0.03258987	          8.95307369	         42.47293195	          5.43523501	          3.29364485	         -1.69460064	         -0.45790518	          5.36191006	          1.16584310	         -0.50218420	          1.42122113	          2.55395588	         -0.03896516	         -0.08026133	
          6.30000000	         16.83917375	         24.72382283	          8.35902966	         13.28471456	          6.02694046	          6.62086939	         28.47408427	         35.95806560	         41.23028213	         35.22510228	         49.21462620	        140.19731548	        120.74614473	        345.09607929	         21.20013838	         69.01375621	         11.29060410	        404.55446599	        113.49621301	         75.79551199	         63.26158385	         47.92854459	         38.87820724	         17.36855753	        130.93059336	         45.98595851	         78.86300856	         39.97460383	        191.43046174	        270.31380934	         19.88048072	        225.50420769	         31.98824644	        329.16584056	         64.89156881	        498.31354539	        532.46573528	         44.26170044	        178.74720993	         72.59122403	         20.20148309	         34.66524088	         12.12776423	         17.77368202	          8.39986247	         23.28999055	         82.56831958	         37.35586530	        166.64894416	         44.60983835	         15.37650478	         27.22431220	         82.97421317	        219.54021141	         19.18408990	         29.02429934	         23.75238500	         27.56368200	         32.39712150	         54.46749612	          8.76140076	         16.34322557	         25.79558602	         18.96790683	        170.28971005	         71.20618265	        178.03978590	        168.07230117	        391.95824125	        230.33417687	         41.45861787	        127.89840216	         50.31027907	        324.48022757	         23.13347395	        516.15699893	         70.14149287	         28.81935921	         68.63766246	         41.02593779	          0.02685894	          0.04221136	         -0.04769621	          0.00766900	         -0.10559590	         -0.05226280	          0.29225377	          0.02251997	          0.04500493	         -0.04827882	         -0.04951266	         -0.10449929	         -0.13120310	         -0.03160262	         14.74014425	         48.37825253	          1.83482964	          5.45711711	         -1.07961214	         -0.44876891	          6.31810349	          0.55305055	         -0.91572123	          2.12448310	          2.74080097	         -0.05203329	         -0.09316397	
          6.32000000	         17.11199227	         25.16722385	          8.93885623	         23.41723356	          6.17350387	          6.64748793	         26.68531922	         35.81356495	         29.89160738	         35.73334220	         59.89376338	        176.68788840	        124.51472690	        357.45370366	         16.01602726	         48.06808100	         11.07208281	        449.45095212	         81.16494955	         55.02816820	         73.60780978	         43.06660200	         29.21770807	         17.51288259	        121.79721898	         46.82748801	         80.12424420	         29.61427352	        191.63886161	        181.29965788	         17.37204651	        271.19849624	         34.90222066	        341.53051560	         60.81605698	        533.84942592	        597.14404468	         47.67213839	        218.96565291	         80.96879122	         20.68831126	         47.67389896	         11.93794296	         17.38359996	          8.08297638	         24.64599849	         87.13381145	         34.13678680	        169.50634436	         44.62366342	         15.11542708	         26.91412211	         87.78268966	        233.57833392	         18.92720606	         29.17014896	         23.71727487	         25.33853058	         27.82751172	         45.37608095	          7.78204385	         13.08156080	         20.39496589	         19.15498094	        205.29736534	         70.52945967	        172.34617444	        187.88431717	        441.65084115	        215.92870537	         45.07294187	        136.88027501	         52.46538366	        319.61041767	         27.32657434	        520.04792805	         68.60272458	         35.46045124	         98.37081972	         52.82258980	          0.01324985	          0.03478186	         -0.03950695	          0.00643511	         -0.13224489	         -0.05378551	          0.23581637	          0.01314717	          0.01091400	         -0.04929195	         -0.05509867	         -0.12438100	         -0.13368056	         -0.02760053	         16.47574148	         51.06829151	          1.66913142	          5.77530294	         -0.90324239	         -0.39583994	          6.78854110	          0.58721127	         -0.98920986	          2.12067927	          2.84988132	         -0.06479152	         -0.08021182	
          6.34000000	         17.06907562	         25.21475167	          9.83623440	         24.42946228	          6.15852812	          6.58860958	         44.33057568	         35.76481881	         20.90730174	         37.55913783	         62.10103282	        181.92774273	        127.84781309	        368.90277087	         14.30545440	         66.01554344	         11.59487743	        503.42515996	         93.73045591	         41.18330745	         75.98705511	         43.94251634	         22.76064683	         17.52539624	        115.92913124	         48.00726403	         81.77862247	         22.81419361	        192.68508036	        133.41689355	         15.83515515	        256.90511550	         44.45673507	        353.85451791	         52.12592587	        542.28038770	        614.86956497	         47.72797241	        212.95491339	         80.45464320	         18.51251238	         35.56569525	         11.90998545	         17.22087788	          7.78524788	         20.29512723	         92.08009997	         33.57071312	        173.13345888	         45.95114540	         14.85364995	         26.76247184	         92.69589853	        248.28184857	         18.99548005	         29.57020235	         23.98570428	         24.37061165	         26.07032580	         39.85795286	          7.43523145	         11.50477023	         17.95214633	         19.21164641	        240.94267342	         71.54650342	        170.94250411	        213.30374973	        499.04150557	        203.81177120	         49.30479239	        145.43935109	         54.45883854	        321.70778870	         33.93739531	        527.22930164	         67.57710074	         40.98639023	        135.59044200	         63.06025143	         -0.00678230	          0.02625634	         -0.03207398	          0.00432102	         -0.15449391	         -0.05002830	          0.17326849	          0.00346400	         -0.01433556	         -0.04750826	         -0.04904148	         -0.14066444	         -0.13413828	         -0.02288950	         18.97676658	         51.90128785	          1.48255069	          4.89705469	         -1.47822869	         -0.60808147	          6.53299151	          1.01422299	         -0.76927834	          1.54942048	          2.89764950	         -0.07331416	         -0.08044270	
          6.36000000	         16.97261027	         25.16447050	          8.89681015	         17.57273815	          5.97490333	          6.54704520	         35.49745226	         35.73370520	         30.00380002	         37.56721214	         56.73910342	        137.66125152	        130.71836568	        378.89078193	         36.43567771	        122.71176802	         12.50860283	        505.84199009	        137.09807129	         36.66576764	         69.83081986	         47.40749375	         25.16591482	         17.47530879	        112.35251974	         49.11898102	         83.29135112	         17.73965484	        193.73622734	         69.31170574	         15.26066891	        176.25778401	         36.74826226	        365.69863654	         51.09582348	        522.71724529	        570.83278127	         46.32858009	        194.24987152	         76.76710354	         14.98633303	         25.20853583	         11.95968547	         17.25874923	          7.45866926	         14.59261213	         97.57898975	         33.54867133	        176.20977711	         47.83053078	         14.65065537	         26.72403663	         97.04763474	        261.69375122	         19.54798383	         30.30347642	         24.49043402	         23.43128275	         26.27232278	         39.15704477	          7.42391029	         12.20547908	         23.02395023	         19.04019626	        263.20023746	         73.28705856	        172.56794714	        251.22778695	        523.32617450	        187.19546715	         53.13212907	        153.77808566	         56.34959357	        326.79444309	         42.85961497	        536.61152121	         67.04720531	         45.27559679	        168.64069306	         70.88930275	         -0.02743233	          0.01923136	         -0.02413269	          0.00063265	         -0.16616642	         -0.04181956	          0.11486038	         -0.00437668	         -0.02425949	         -0.04365504	         -0.03534454	         -0.14411051	         -0.13336352	         -0.01996149	         21.25189094	         49.68183425	          0.30176697	          3.72012000	         -1.98424354	         -0.80601738	          5.68622896	          1.32816022	         -0.45465590	          0.94191630	          2.79733046	         -0.07105465	         -0.08479806	
          6.38000000	         16.95194990	         25.19701131	          7.61532507	         12.79203008	          5.78590816	          6.58314255	         27.79010183	         35.36571873	         39.77152034	         42.35559832	         43.39835288	         95.30908525	        133.08092429	        387.30464075	         34.65146095	         84.10824474	         10.90687526	        431.43813329	        167.87185131	        123.99545255	         63.22202639	         59.42206913	         55.79118125	         17.40842820	        118.26080375	         49.80270859	         84.24088681	         30.19222885	        196.64998121	        132.87127030	         19.37922860	        123.15173553	         31.17625280	        377.01358041	         75.32374736	        515.95870197	        407.19327620	         50.65770808	        218.94013198	         84.71242151	         12.65836728	         18.34653485	         12.10449183	         17.46462319	          7.44040332	         10.65937270	        103.59369241	         33.55864983	        178.17825956	         49.35984334	         14.53105852	         26.71471546	        100.22319207	        271.87634767	         20.71035625	         31.15324409	         25.17091813	         23.06000059	         28.32255794	         51.21504920	          8.10146938	         17.34759607	         31.79834012	         19.01016561	        252.95255847	         74.82355366	        175.36185110	        274.18131277	        466.04262031	        164.56603688	         51.12315020	        161.96278242	         58.17753890	        331.78192381	         45.79589804	        546.00824182	         66.77624734	         47.04936273	        170.77777207	         72.95311736	         -0.04418448	          0.01491421	         -0.01637498	         -0.00383527	         -0.16549434	         -0.03156394	          0.06542896	         -0.00954058	         -0.02211761	         -0.04053622	         -0.02307370	         -0.13081898	         -0.13242560	         -0.02056174	         18.64458353	         44.05574608	          0.41405884	          2.46052975	         -2.30696808	         -0.72167378	          4.60946543	          1.42332067	         -0.18615315	          0.45782613	          2.53211480	         -0.05749398	         -0.07303579	
          6.40000000	         16.93125911	         25.17694151	          7.65574638	          9.71181310	          5.79580770	          6.59837660	         25.50186604	         36.16385157	        124.71773045	         40.96627973	         36.67773839	         67.68199038	        135.55236322	        395.21126952	         31.53901813	         58.24455860	         11.07871891	        386.03880479	        163.03197681	        149.48971390	         55.95762378	         55.93076216	         52.47353164	         17.41347378	        114.24485223	         49.68260714	         84.19817730	        105.96269123	        197.58883058	        468.52510448	         19.97531359	         88.53735657	         27.55148275	        388.91339390	         82.93050300	        506.35504430	        280.33129335	         40.66071549	        153.00406509	         64.62490367	         11.90933537	         13.98679066	         12.31153505	         17.77213536	          7.52738449	          8.22280934	        109.79459012	         33.56946044	        179.38277027	         50.14803876	         14.45762225	         26.67442429	        102.00438915	        278.04904765	         22.97057785	         32.20242635	         25.95914072	         25.84401960	         34.70053722	         71.83506616	          9.88110333	         22.13806317	         35.93467351	         19.14089679	        207.35227518	         75.52915297	        177.21618750	        272.98375876	        362.17657431	        137.17779117	         43.73693350	        169.61797757	         59.89346952	        335.54171664	         42.64968229	        552.83001679	         66.48453814	         45.33520314	        148.06079043	         68.22516489	         -0.05343863	          0.01368527	         -0.01131301	         -0.00637689	         -0.15481055	         -0.02217138	          0.02555121	         -0.01034690	         -0.01682025	         -0.04071445	         -0.01950178	         -0.10495164	         -0.13202569	         -0.02458969	         11.88479256	         37.62394872	          2.60464076	          1.49848243	         -2.89139526	         -0.53341437	          3.83267215	          1.61025200	         -0.03324222	          0.05909166	          2.31542281	         -0.02521068	         -0.06474019	
          6.42000000	         17.01761666	         25.45190432	          7.34062383	          8.01164799	          5.68767023	          6.69043121	         24.18695494	         35.85897315	        158.91826858	         54.37901077	         19.70855189	         49.21111050	        138.24595727	        403.77568132	         22.62893209	         40.76885787	         10.57335723	        350.02529743	        153.04122901	        154.40080916	         63.13527575	         73.06598738	         80.81421035	         17.30476756	        163.49657150	         49.59458089	         84.13927954	        150.46703382	        210.98482564	        594.21921628	         31.67150807	         65.98525260	         25.29441059	        401.99151730	        100.27861917	        526.29968572	        203.78986570	         45.72586787	        192.29661343	         74.87037887	         11.71675150	         12.44735346	         12.45981826	         18.02794030	          7.57820346	          7.26100520	        115.43278257	         33.44067777	        180.69030006	         50.45037884	         14.39411012	         26.60690220	        102.63298671	        280.85469374	         25.49410292	         33.29849926	         26.67228913	         30.65246588	         41.70444722	         81.20899868	         11.11418727	         23.86100341	         35.86815492	         19.24901318	        174.82806161	         75.05252843	        177.76686631	        281.89750576	        296.03860847	        116.12687252	         38.23585907	        175.82771559	         61.26154942	        338.81934448	         36.76654945	        556.53815721	         66.07917224	         44.47504077	        133.70148352	         65.42249926	         -0.05441985	          0.01441101	         -0.01113405	         -0.00439912	         -0.13978316	         -0.01637610	         -0.00663352	         -0.00739943	         -0.01539726	         -0.04401264	         -0.02261988	         -0.08411130	         -0.13216413	         -0.02829002	          8.21734624	         32.77933535	          4.78323604	          1.56844620	         -3.42292325	         -0.46189880	          3.80148476	          2.00722522	         -0.04192823	         -0.06315892	          2.35692304	          0.01370075	         -0.07570196	
          6.44000000	         17.05575495	         25.55580648	          7.43096577	          8.15793733	          5.74398136	          6.59901747	         24.32270375	         35.67461233	        164.53435519	         57.48188077	         27.27318047	         37.33048455	        141.55211834	        413.88672484	         37.62950587	         29.57441064	         10.66983833	        434.94612245	        196.71686666	        199.96348013	         65.55582723	         71.93959759	         75.22739158	         17.27958839	        144.18477207	         48.89226870	         83.51697578	        128.46680402	        204.45816973	        541.64631888	         25.84709107	         51.44655845	         25.32666314	        416.69041237	        101.14193506	        537.37527407	        130.76318947	         46.10645487	        188.02659004	         75.24393683	         11.17197935	         11.64317326	         12.45653146	         18.12309600	          7.45178563	          6.76094312	        119.72601360	         33.20295816	        182.58437689	         50.81099238	         14.31059619	         26.55232934	        102.53542107	        281.54249696	         32.62257293	         34.48889925	         27.18590863	         29.19408690	         45.86710609	        100.15763452	         10.99401684	         26.46418900	         41.27700300	         19.08961790	        186.80283256	         75.74481501	        178.40426985	        321.45460487	        312.45311710	        124.35054515	         42.01386900	        179.58552080	         62.03114578	        342.90833121	         43.49688195	        558.75567315	         65.66465646	         46.16744042	        138.38651149	         67.75568905	         -0.04931934	          0.01604149	         -0.01543110	          0.00142610	         -0.12363208	         -0.01073079	         -0.03302619	         -0.00334039	         -0.01872705	         -0.04734470	         -0.02552553	         -0.07343861	         -0.13230353	         -0.03036080	         13.05066035	         28.52271460	          4.53205047	          2.46605392	         -3.32273700	         -0.44476043	          4.46708810	          2.28585275	         -0.17204741	          0.11446586	          2.57700561	          0.01287925	         -0.07731260	
          6.46000000	         17.21440294	         25.93826065	          7.46762902	          8.26651812	          5.79283838	          6.58647409	         24.27389068	         35.80028700	        154.75216369	         56.17294914	         22.73373118	         29.46657705	        145.13588762	        425.00278302	         64.27137369	        117.94777720	         10.67170920	        562.10160914	        224.39027106	        195.14644348	         77.59497428	         74.51490386	         68.90357655	         17.28871951	        131.80185957	         48.33160454	         83.09638163	         87.10262562	        200.63925742	        374.30317077	         22.02330444	         40.47677185	         25.44988322	        431.99198666	         99.01429123	        531.42961693	        123.34888533	         43.05654893	        158.89481106	         68.36316552	         10.75437123	         11.15746474	         12.38383509	         18.11307275	          7.30405092	          6.38002358	        122.26188186	         32.86073678	        184.53222971	         51.40817041	         14.22005226	         26.52925884	        101.98741913	        280.95542721	         46.72162091	         35.61934517	         27.52064459	         24.94199650	         42.65499824	        121.54324307	          9.94511996	         28.42569883	         49.03411643	         18.81396800	        226.55514813	         76.69026699	        179.42601020	        369.48717021	        394.73576871	        146.39233477	         52.50748056	        180.51080844	         62.16226691	        348.24887399	         53.58853542	        560.37744398	         65.33840399	         50.00554136	        164.70020008	         74.74878554	         -0.04111184	          0.01886893	         -0.01989874	          0.00859235	         -0.10422815	         -0.00324047	         -0.05429834	         -0.00078358	         -0.02298917	         -0.04708112	         -0.02505083	         -0.07379880	         -0.13216460	         -0.02983632	         21.95626353	         25.95017108	          2.46804504	          3.62428665	         -2.77993965	         -0.42105150	          5.30737674	          2.26828239	         -0.36762587	          0.45332895	          2.77157197	         -0.02524532	         -0.06395637	
          6.48000000	         17.49144641	         26.54164368	          7.54172316	          8.79724076	          5.87670111	          6.62963369	         24.77711556	         35.93554777	        146.16570630	         54.81442253	         31.45319129	         26.99680053	        148.48313777	        435.73545813	         71.40682546	        190.17270225	         10.70488028	        649.94583511	        236.00677223	        175.00413141	         88.75232848	         76.26160240	         60.94270794	         17.37457697	        124.15105912	         48.27881100	         83.23602308	         58.36556677	        199.66673274	        255.04972118	         19.34211150	         71.02856903	         26.71415801	        446.21133944	         94.48105725	        515.42581634	        174.42023167	         40.32247834	        134.01233161	         62.30094262	         10.54535462	         10.96943686	         12.31364241	         18.07416283	          7.20326032	          6.23059108	        123.01312968	         32.50386283	        185.72232075	         52.02771584	         14.14421974	         26.53424853	        101.07638556	        279.30393565	         55.43794320	         36.35636888	         27.72642011	         22.09366571	         37.13481824	        122.24007693	          8.94798019	         27.84954484	         51.87358196	         18.53932217	        262.57897162	         77.14619007	        179.34499457	        401.95201548	        467.34496730	        167.87640054	         60.33728789	        178.86958121	         61.75268016	        354.12764048	         59.25626090	        561.12753484	         65.12947427	         53.36147907	        191.99756993	         81.11589333	         -0.03118422	          0.02332121	         -0.02149341	          0.01495618	         -0.07917609	          0.00589173	         -0.06858643	         -0.00039228	         -0.02388794	         -0.04169822	         -0.02136056	         -0.08402574	         -0.13189054	         -0.02611866	         27.70025639	         25.36858225	          0.61303564	          4.21557675	         -2.16219735	         -0.34028089	          5.80645029	          2.00064777	         -0.58767068	          0.76992677	          2.80733443	         -0.05998249	         -0.05354455	
          6.50000000	         17.87021844	         27.34423384	          7.56333835	          9.00560715	          5.96598966	          6.71330569	         24.52669530	         35.80327167	        136.24673068	         53.04022302	         34.14061499	         18.29104614	        151.16247462	        444.71865710	         69.69779438	        195.30488272	         10.60643617	        658.84954877	        231.19681679	        160.42385979	         91.31561871	         75.20598334	         56.15950001	         17.50820749	        120.05706758	         48.60917783	         83.81661505	         40.04817042	        201.40775113	        176.73111646	         18.05227594	        119.94601602	         27.12061287	        457.83948194	         91.48015358	        496.72251703	        295.09750493	         41.87581189	        144.80161745	         65.31256898	         10.49877323	         11.03093824	         12.24532268	         18.00070416	          7.14854533	          6.33017804	        122.08714843	         32.17117023	        185.85910411	         52.40845178	         14.11084779	         26.55635935	         99.83102485	        276.54156519	         50.22046707	         36.20600004	         27.78368347	         21.07665728	         32.16112716	        100.55333053	          8.19508756	         24.32515666	         46.41866776	         18.28261104	        277.61698894	         76.08595311	        178.28825798	        403.95864816	        504.57604798	        186.59441151	         60.86901568	        175.15031916	         60.91062356	        359.31144357	         61.55773766	        560.50748397	         65.03471356	         55.27391089	        206.60876004	         84.61505816	         -0.01927793	          0.02951841	         -0.02002200	          0.01969351	         -0.05036385	          0.01499454	         -0.07410008	         -0.00111826	         -0.01992915	         -0.03270113	         -0.01506227	         -0.10026443	         -0.13178029	         -0.01801916	         28.45168235	         27.31198942	         -0.65048933	          4.18140590	         -1.67644138	         -0.26103925	          5.83699295	          1.29012562	         -0.86678832	          0.96916933	          2.64904504	         -0.06053702	         -0.06556101	
          6.52000000	         18.32592416	         28.30925863	          7.59649056	          9.32960936	          6.06698516	          6.81914621	         24.51964234	         35.69137401	        117.17924344	         49.33367581	         39.26988583	         85.06631181	        152.98409280	        451.23518634	         67.12563787	        193.10056051	         10.51372783	        623.45093282	        212.65275080	        141.19156943	         87.97424362	         70.35416192	         49.55668151	         17.68166213	        119.07267194	         49.27324134	         84.76307629	         28.59393178	        203.71261668	        124.50401171	         17.54180335	        186.30434816	         27.45145046	        466.24361454	         87.61004524	        472.92024785	        354.08914336	         42.32022116	        145.23906257	         65.90133994	         10.59383086	         11.37028554	         12.16092386	         17.86713732	          7.12156807	          6.60798702	        119.68812796	         31.89422502	        185.11545284	         52.46823360	         14.11974712	         26.58965761	         98.34723389	        272.80990208	         43.57891533	         35.84213874	         27.67639788	         20.82823042	         28.56929124	         81.53571306	          7.54756413	         20.40339230	         39.08753390	         18.06094584	        282.54532271	         74.75635104	        177.06111599	        379.95554563	        542.71397452	        206.75024785	         60.06087870	        169.87074545	         59.74541221	        362.91159419	         61.56438272	        558.88136497	         65.04664307	         56.41432353	        215.54229304	         86.71818510	         -0.00552531	          0.03700195	         -0.01665558	          0.02243241	         -0.02321134	          0.02231324	         -0.07137488	         -0.00269263	         -0.01301126	         -0.02306098	         -0.00727816	         -0.11751731	         -0.13198428	         -0.00326765	         27.76810913	         31.51053937	         -1.97790393	          4.21153687	         -1.12736961	         -0.31754168	          5.76628539	         -0.00648829	         -1.22381484	          1.08311645	          2.39880948	         -0.00852077	         -0.11090896	
          6.54000000	         18.81253368	         29.37364872	          7.62374647	          9.64071828	          6.15503262	          6.92110245	         24.96418987	         35.66202464	         82.97658984	         42.47345627	         44.66871739	        113.31232449	        153.93484888	        455.09906085	         66.58929602	        192.69690692	         10.41746462	        578.46064264	        194.92368084	        127.21604675	         82.95004868	         65.40271219	         44.44259942	         17.86443353	        120.34140522	         50.09453283	         85.84927580	         22.37689210	        206.48051865	         91.43781139	         17.34322423	        230.98127148	         27.82077147	        471.76240934	         83.50976764	        438.01763179	        408.89527072	         40.67790351	        129.01661322	         61.92850327	         10.74145731	         11.79703864	         12.05611103	         17.67431676	          7.10184939	          6.77565534	        116.16934209	         31.67809865	        183.74354510	         52.23525978	         14.15773481	         26.63267963	         96.81572081	        268.60619238	         39.61831459	         35.54131666	         27.41661625	         20.98247827	         27.23844785	         70.60387054	          7.41913601	         18.35840177	         35.55266862	         17.85130278	        285.78512313	         73.57001583	        176.59398305	        345.37399506	        555.83428653	        228.65537311	         58.78940644	        163.59570401	         58.36781428	        364.94208101	         61.78609674	        556.51397026	         65.14898720	         56.49986923	        212.65960591	         86.62468286	          0.00812788	          0.04443815	         -0.01188795	          0.02242169	         -0.00311903	          0.02797330	         -0.06339528	         -0.00695658	         -0.00666794	         -0.01511848	         -0.00022946	         -0.12990805	         -0.13239568	          0.01790393	         26.55880065	         35.26347819	         -3.06821939	          4.41004694	         -0.34272992	         -0.41661628	          5.85119640	         -1.12416951	         -1.46007373	          1.16377594	          2.23898054	          0.06223091	         -0.15480948	
          6.56000000	         19.29231371	         30.48301110	          7.60240415	          9.49050029	          6.20949669	          7.00379829	         24.39291467	         35.56779817	         56.83177722	         33.62407371	         46.48962011	        123.38381358	        154.07596961	        456.40322605	         67.46796723	        186.51819400	         10.25436461	        546.56865513	        185.59159511	        124.97216980	         79.75025941	         63.51737429	         43.10895097	         18.02350246	        122.68467767	         50.83173406	         86.78520822	         21.24919216	        209.66597069	         72.62653741	         17.50035838	        193.23782522	         27.30296972	        475.32835891	         82.42960968	        392.98033940	        434.54217242	         38.45387628	        112.13737660	         56.85189948	         10.92046984	         12.15592436	         11.94914372	         17.44356087	          7.09805082	          6.79218263	        111.97507115	         31.54074992	        181.80867340	         51.79250668	         14.20405798	         26.67349035	         95.40831715	        264.49927939	         36.94472871	         35.01013263	         27.05402951	         21.41632127	         28.49343335	         70.96625900	          8.06359883	         20.07038922	         36.54636242	         17.67171014	        281.80834399	         72.61109319	        176.65849544	        307.71384842	        517.55647119	        246.79985756	         54.42356527	        156.86210259	         56.89391402	        365.77135923	         62.53499182	        553.20569175	         65.29300670	         54.69809119	        191.51038713	         82.60863691	          0.02094673	          0.05107786	         -0.00601556	          0.01984030	          0.00769763	          0.03118356	         -0.05221073	         -0.01445764	         -0.00185417	         -0.01000584	          0.00454753	         -0.13232878	         -0.13270691	          0.03975641	         23.80184588	         35.69049984	         -3.23071748	          4.42464020	          0.36321301	         -0.39070431	          6.03671640	         -1.36671448	         -1.43086718	          1.20385157	          2.23277392	          0.09527839	         -0.15638987	
          6.58000000	         19.75237411	         31.61677068	          7.52475147	          9.01933672	          6.23069205	          7.07098161	         22.64822189	         35.26757448	         39.85615962	         26.24357443	         43.07093293	        115.77171748	        153.65165590	        455.44950492	         69.79340436	        180.32666648	         10.00535032	        547.88826595	        190.26622607	        133.94374904	         80.50697023	         65.87193966	         45.91270772	         18.13731858	        125.48770089	         51.18665270	         87.23379274	         24.61234531	        213.18362581	         72.08088130	         17.93572739	        135.04249227	         26.12496699	        477.99714568	         85.04586917	        335.23499254	        428.30974148	         33.84817441	         91.29942107	         48.30843318	         11.09991870	         12.40827212	         11.82481312	         17.15325302	          7.09737151	          6.73733295	        107.38049955	         31.51640256	        179.34655164	         51.26199933	         14.24706138	         26.68408828	         94.13156210	        260.63101027	         36.82333802	         34.62217358	         26.59615051	         22.67476165	         33.18962362	         81.90684810	          9.60767034	         24.83802022	         40.64517828	         17.52875987	        272.64270632	         72.14103366	        177.64933102	        276.98671872	        463.01922813	        263.99774995	         50.53964237	        149.93825237	         55.37977114	        364.99917327	         63.88304248	        548.87622806	         65.41218521	         51.34080065	        163.56196460	         75.93393740	          0.03464001	          0.05714714	          0.00056179	          0.01600038	          0.01059815	          0.02838151	         -0.03766988	         -0.02386925	          0.00459118	         -0.00703364	          0.00802247	         -0.11939737	         -0.13259901	          0.05652671	         21.57408135	         32.66197312	         -3.13934174	          4.39266408	          0.67599717	         -0.29141749	          6.26030356	         -0.94826250	         -1.28123239	          1.24608456	          2.32397969	          0.08885026	         -0.13168379	
          6.60000000	         20.18549042	         32.75586794	          7.43315044	          8.56986831	          6.23119399	          7.12461710	         22.03531090	         36.58864013	         28.34676731	         20.24951945	         37.00052010	         92.19356765	        151.61076790	        451.77020205	         75.10046867	        188.85529729	          9.77838584	        566.68054987	        200.19038297	        146.20044858	         82.89309219	         69.32287008	         49.21195102	         18.21372054	        128.46536065	         50.67996834	         86.57468567	         29.75747288	        216.92928665	         58.88106075	         18.77987747	        108.01387167	         25.86195368	        479.32063276	         88.37617031	        259.53623056	        415.35585987	         26.35152755	         68.92020236	         37.15379644	         11.34075954	         12.79087993	         11.66508041	         16.77360469	          7.10026146	          6.74174589	        102.49063818	         31.60862513	        176.21531410	         50.55767590	         14.29420973	         26.65970303	         92.79211639	        256.47379456	         37.36413040	         34.25093921	         26.01860526	         25.14654958	         39.36938805	         91.26796961	         11.29766401	         28.42675240	         43.48133357	         17.44563691	        267.05750449	         71.55271909	        180.02312750	        256.31266580	        431.02912651	        284.48263481	         48.77294238	        142.90965233	         53.83451439	        361.16139932	         65.66203762	        542.97884083	         65.53065922	         48.01331565	        140.73709790	         69.76685276	          0.04963797	          0.06248239	          0.00777588	          0.01160219	          0.00888443	          0.01760247	         -0.02025410	         -0.03471424	          0.01681101	         -0.00377173	          0.01436834	         -0.08479364	         -0.13196907	          0.06805707	         21.87474302	         29.09594096	         -4.25710551	          4.73782643	          0.55044322	         -0.23585599	          6.49079394	         -0.59756913	         -1.25105961	          1.33473773	          2.41683548	          0.06858156	         -0.11417498	
          6.62000000	         20.59200985	         33.86402432	          7.36993669	          8.32145257	          6.22945129	          7.17849261	         23.47265938	         42.85034250	         20.11300851	         14.17175705	         30.32354289	         89.47188097	        163.02707866	        447.46411227	         79.50866513	        189.92939131	          9.60724850	        569.72802442	        208.04843249	        164.36298705	         83.85988022	         72.66077828	         54.81327043	         18.25824983	        131.59624611	         49.82987163	         85.31997947	         28.15937967	        220.87929502	         49.88645485	         20.49363106	        200.47141172	         29.14932933	        484.34832761	         90.42573346	        183.37608884	        432.86023587	         20.97278756	         54.71456399	         29.48379343	         11.68489767	         13.38728019	         11.50117077	         16.34902325	          7.12363913	          6.87424445	         97.50990058	         31.72632282	        172.12247902	         49.42266483	         14.38780429	         26.64203515	         91.05746208	        250.94961863	         33.14746205	         33.19645657	         25.38042709	         26.37780276	         40.40821436	         89.48798163	         12.02097323	         29.20148875	         42.79412871	         17.44711883	        273.81328366	         69.87542110	        183.95428394	        240.51094083	        436.25701226	        308.74902319	         48.50627859	        135.99439741	         52.30816544	        352.31367084	         67.81137874	        534.61647333	         65.81110431	         45.96514895	        128.32484979	         66.17073646	          0.06322489	          0.06601289	          0.01508852	          0.00682216	          0.00505616	          0.00194653	         -0.00287277	         -0.04798663	          0.03684498	          0.00175504	          0.02872903	         -0.03239001	         -0.13101574	          0.08028039	         25.06728015	         28.51980871	         -7.30898192	          5.95542837	         -0.04493812	         -0.29636500	          6.67468289	         -1.03345842	         -1.45292205	          1.37158260	          2.42389948	          0.04418788	         -0.11259066	
          6.64000000	         20.95009046	         34.89958044	          7.25156410	          7.78213696	          6.20721383	          7.22258386	         23.74214043	         48.27662287	         14.83952360	         10.57493972	         39.35458456	        134.32113132	        149.01595312	        507.26808534	         78.70806613	        181.14007981	          9.30987763	        578.01318485	        220.17296537	        161.21146045	         86.05541848	         76.24611907	         56.74082191	         18.26155774	        134.80942492	         47.41532298	         82.45035928	         23.93253220	        225.02510433	         49.35105405	         21.01076680	        370.57841957	         36.82460563	        507.30455812	         90.67966008	        125.50555037	        503.00605186	         18.30775428	         53.49174689	         26.84772143	         12.10874017	         14.18996447	         11.36914441	         15.95193271	          7.17498201	          7.10757604	         92.76538538	         31.82531589	        167.27780870	         47.71733558	         14.56501630	         26.66944484	         88.54479910	        242.79953164	         28.40277291	         31.75212303	         24.77540817	         25.93229344	         38.17121279	         81.72638711	         12.21649292	         28.82400428	         40.93689045	         17.52564564	        297.87866442	         67.30643319	        189.68806503	        224.53526176	        473.96779091	        335.77953046	         49.58572089	        129.54888251	         50.86300954	        337.20356449	         69.92868158	        523.36545131	         66.43630066	         45.25504103	        124.88438644	         65.07627621	          0.07026111	          0.06555348	          0.02116625	          0.00259911	          0.00001223	         -0.01032825	          0.00846986	         -0.06655927	          0.06279667	          0.00853526	          0.05321533	          0.01697788	         -0.13008764	          0.10113241	         28.13100862	         30.98884006	        -10.88387502	          7.34091318	         -0.99629892	         -0.43349365	          6.47116617	         -2.02496334	         -1.71337798	          1.20159055	          2.29656446	          0.01436146	         -0.11967879	
          6.66000000	         21.24054061	         35.78843841	          7.37040382	         10.28060797	          6.22018107	          7.22197574	         42.16978883	         40.05679360	         11.30607369	          8.47655111	         59.42868600	        200.00479070	        388.46160730	        463.58276606	         64.66605247	        226.85722513	          9.66880795	        638.84731587	        199.10846901	        112.24535272	         90.63803125	         66.82428731	         40.84200409	         18.12946910	        136.32908853	         43.88953598	         77.92061602	         18.00228185	        228.49170405	         53.63151755	         18.68085920	        412.09055370	         45.89113919	        491.38757013	         87.19673738	         97.01282572	        610.95472711	         24.29316678	         64.60451012	         34.34867300	         12.66285987	         15.30592059	         11.30386330	         15.65940577	          7.26004308	          7.50623146	         88.61035416	         31.90131077	        162.64787604	         45.57420615	         14.84060954	         26.77455679	         84.92455343	        231.03456334	         24.38821158	         30.57126086	         24.30785493	         26.43753448	         36.53305570	         73.15929715	         13.11572794	         29.25388279	         39.51879332	         17.67434273	        327.45682613	         64.32710127	        196.62752741	        205.11522709	        513.97074105	        361.76328113	         50.15731359	        123.87701549	         49.57344352	        316.04049247	         72.53484661	        508.36895720	         67.58096911	         44.93535512	        122.86817168	         64.53966698	          0.06723972	          0.05949948	          0.02541157	          0.00032145	         -0.00458810	         -0.01311657	          0.00833017	         -0.09210792	          0.09065907	          0.01522762	          0.08618961	          0.04350281	         -0.12943931	          0.13480936	         27.64767156	         35.55722098	        -12.85356443	          7.75836843	         -1.92027761	         -0.55236993	          5.67569011	         -2.96125075	         -1.82741209	          0.83706928	          2.02846014	         -0.01718111	         -0.12697679	
          6.68000000	         21.49937680	         36.58195444	          7.21321598	          8.98705597	          6.20097274	          7.22611860	         42.95827068	         58.27427846	          9.86352173	          7.92885352	         72.03625538	        242.46497910	        347.64122375	        416.99896976	         46.29375782	        152.67996781	          9.09340589	        695.77282048	        195.15843841	         86.20246591	        104.70611209	         73.57060397	         34.76475032	         17.96608226	        139.44975889	         41.51070869	         74.82900226	         14.38924908	        231.91063491	         56.51135063	         18.47454168	        478.49729762	         71.21406782	       1118.08456184	         88.80135898	        250.46503206	        700.94300305	         20.35658438	         58.71698707	         29.40753400	         13.37224261	         17.39830295	         11.31352006	         15.52120860	          7.35776167	          7.92760213	         85.27231285	         32.01297318	        160.21259542	         43.88705114	         15.14473204	         26.92716641	         80.00620802	        215.20962023	         21.67712889	         29.87429707	         24.02371294	         34.97196533	         38.77753228	         67.64618193	         16.36643651	         32.09831474	         38.96331533	         17.83325167	        356.72673245	         59.92862313	        206.35407738	        190.42519121	        524.95186069	        384.26687500	         49.15692705	        119.17646674	         48.47765129	        289.96683212	         75.56529553	        490.10352809	         69.30826919	         44.82963566	        120.24287102	         64.14944764	          0.05501959	          0.04863559	          0.02848456	          0.00103737	         -0.00612600	         -0.00682876	         -0.00400195	         -0.12174816	          0.11818374	          0.02264467	          0.12422273	          0.03984400	         -0.12933650	          0.17987406	         23.01347770	         41.05991695	        -11.66141246	          7.33957090	         -2.28245597	         -0.60227131	          4.66006149	         -3.82048948	         -1.79594010	          0.53801275	          1.57396464	         -0.03786420	         -0.12226973	
          6.70000000	         21.68152854	         37.20814713	          7.30433077	          8.94735462	          6.21428756	          7.18793500	         40.66597705	         57.90811416	          9.63082103	          7.41113208	         79.65090986	        267.70400409	        312.39562601	        595.98255240	         38.02341116	        103.31992778	          9.44389231	        852.63712563	        230.21488542	         83.16845075	         93.65675343	         47.44292249	         21.14580972	         17.76306871	        139.76056472	         39.87026056	         72.60380950	         12.18797811	        234.18213456	         63.75269452	         16.96483180	        325.20950935	         55.04782356	       1383.85506449	         41.99472533	        223.95686539	        749.26804264	         20.77909122	         61.39766352	         30.27216302	         13.38078106	         17.17574356	         11.38743268	         15.54880852	          7.42383771	          7.82319197	         82.80274978	         31.87639085	        160.57913243	         43.60097758	         15.47715764	         27.11242461	         73.87458230	        195.76263680	         21.28224383	         29.58642452	         23.95980481	         71.68800403	         57.72448876	         85.72719314	         21.69464040	         39.54157203	         47.53152099	         17.86954997	        377.32875652	         64.85845085	        213.98148755	        192.14640198	        517.99380866	        409.38483026	         50.68886534	        115.42724557	         47.58157100	        260.89355318	         77.03920667	        476.04321565	         71.70190997	         46.31818313	        123.20614064	         65.99406411	          0.03720897	          0.03543820	          0.03122572	          0.00405271	         -0.00239236	          0.00639241	         -0.02569390	         -0.14992953	          0.14268363	          0.03189535	          0.16234591	          0.01564030	         -0.13020569	          0.23720784	         14.49762901	         43.96614492	         -7.58611536	          6.58738144	         -1.69277633	         -0.57040550	          4.00272882	         -4.57160413	         -1.71844527	          0.54982330	          1.01556559	         -0.03958817	         -0.10383591	
          6.72000000	         22.05419178	         38.03379888	          7.09211444	          7.12751188	          6.24045869	          7.31814180	         27.38665569	         54.49750527	         10.22919910	          6.18374452	         62.57473838	        220.78334497	        352.77605300	        317.90353381	         26.23279163	         70.27183734	          8.82427808	        655.96603831	        215.30336148	         70.14954120	        132.13775326	        125.10947951	         72.52776015	         17.50901139	        179.16586057	         39.64500377	         72.27344902	         21.60686257	        239.09895022	         25.61601999	         33.63663278	        208.71887978	         40.23907348	       1912.07185994	        144.27460935	        120.31752930	        650.71839754	         21.55173401	         64.29631054	         31.48032085	         13.38587892	         15.93739693	         11.56617831	         15.73888096	          7.59932753	          7.63402444	         81.00108375	         31.60576822	        160.47020760	         42.71309553	         15.94864480	         27.38991636	         67.12035080	        174.50373608	         21.36410219	         29.67129020	         24.05421058	         99.10598573	         64.00511413	         82.37247737	         23.85730280	         39.28405644	         44.09986339	         17.94570117	        343.07702948	         66.14316748	        213.41739779	        169.58184069	        459.28194689	        410.54359602	         45.92932567	        112.45004510	         46.87530813	        232.14546729	         71.46781045	        448.90013033	         74.80345697	         43.92000514	        108.90016254	         60.99711554	          0.01840912	          0.02231773	          0.03413632	          0.00810791	          0.00825355	          0.02328248	         -0.05228684	         -0.17164299	          0.15758608	          0.04411347	          0.19433703	         -0.01302460	         -0.13216059	          0.27606832	          3.46309313	         43.14785319	         -3.87395824	          5.79257444	         -0.65672153	         -0.50906130	          3.63702463	         -4.78412270	         -1.59857410	          0.72949604	          0.61179889	         -0.03355552	         -0.08560363	
          6.74000000	         22.02029062	         38.23077106	          7.41956070	         11.30560918	          6.23871282	          7.07197828	         25.30455244	         41.43093544	         10.17103255	          8.97749261	         58.27898967	        199.91567845	        136.97819574	       1342.52062530	         30.58529280	         48.36989714	         10.55613168	        441.87186783	        232.86302526	        102.33313334	         90.34685867	         85.31768925	         46.37025268	         16.93877184	        163.37161877	         38.96774690	         71.13221606	          4.91228612	        236.41743104	        679.19044931	         25.91414609	        135.51834885	         30.43389476	       1225.24213294	        118.71545305	        171.94679136	        580.71487441	         29.57400369	         78.53260758	         41.32273802	         13.95091392	         23.61011327	         11.58488078	         15.70769862	          7.59892069	          7.70353684	         79.00599032	         31.49946089	        156.74052397	         40.16140664	         16.56784892	         27.77545721	         60.65116558	        154.13448569	         18.92319369	         28.92364959	         24.02819153	         77.89645853	         56.10639148	         68.91589859	         22.97036708	         33.55262844	         37.50491828	         17.87551625	        243.38235908	         58.25966008	        203.50692188	        118.44256148	        338.54461277	        324.39376851	         36.27066803	        106.95781508	         46.01183977	        207.32714608	         53.15962363	        403.89032040	         78.55936591	         38.05014479	         90.04465733	         51.70556573	          0.00371807	          0.00963251	          0.03492970	          0.01228030	          0.02589881	          0.04496183	         -0.07594410	         -0.18616748	          0.15804860	          0.06041299	          0.21756700	         -0.03160191	         -0.13472798	          0.28585375	         -9.34466460	         39.38925230	         -0.20360647	          4.16333073	         -0.34843182	         -0.41694208	          3.19798175	         -3.55710970	         -1.14601378	          0.59247896	          0.68813278	         -0.03352201	         -0.07086879	
          6.76000000	         25.65060328	         42.62473614	          7.50498153	          8.58395751	          6.93127454	         10.88193931	         18.15008326	         54.66462380	         12.21700918	          8.27957138	         40.10999876	        134.52674215	        439.75642958	       1110.55261283	         21.41668684	         33.68594481	          9.13091121	        297.42491586	        156.62276106	         63.74749533	         62.12063845	         56.62894842	         43.09991837	         18.74525479	        230.42295459	         39.88392774	         71.69146490	        133.67424990	        318.23500410	       1181.59462099	         39.25779237	         89.64327310	         23.75446138	       1142.05678097	        121.72528571	        121.08388043	        401.82498846	         24.78783931	         71.98313219	         35.65858982	         17.24511978	         19.70377249	         16.00963017	         22.50339349	         11.17391628	          9.18135343	         84.36102980	         35.06305055	        148.76576045	         36.88021487	         17.33331926	         28.28243410	         55.20125370	        136.82362453	         27.15716158	         36.77498314	         26.51704639	         56.91859559	         46.51846726	         58.45646230	         17.06602304	         24.44269456	         27.66715940	         19.79892959	        171.53804676	         53.31020594	        188.59122198	         88.58325066	        253.00902057	        245.05161912	         26.70542817	        147.49550415	         51.43514420	        188.35423681	         35.93016823	        359.78089974	         82.95211585	         32.67071584	         77.48916298	         44.18746148	         -0.00178752	         -0.00406066	          0.02975593	          0.01973478	          0.04732501	          0.06577757	         -0.08962598	         -0.19642263	          0.14662381	          0.08155093	          0.24001508	         -0.04355494	         -0.13752267	          0.28712859	        -21.87560948	         34.08955824	          4.35382345	          2.16546870	         -0.89457794	         -0.38155957	          2.94952980	         -0.91208357	         -0.40768307	          0.18390311	          1.27363062	         -0.04990685	         -0.06571833	
          6.78000000	         32.54816958	        209.02711502	          7.50785047	          7.71107694	          6.78907672	         27.59766856	         13.55770159	         58.07341295	         12.73850718	          8.13053496	         32.97680135	        103.31101251	        340.90890038	        989.35127555	         15.36519205	         23.97674773	          9.28757653	        199.85762455	        101.80242782	        158.33012863	         43.06466093	         72.79953592	         78.46855022	         23.65705743	        330.71135386	         40.38097653	         71.90521548	        162.82457879	        496.50460233	       1594.90770538	         59.17457664	         60.95948713	         19.25485580	       1326.18635294	        136.62138524	         86.34136689	        297.94445883	         25.25155623	         75.20390114	         36.82116372	         17.81751891	         17.48552619	         22.12135734	         27.90036692	         13.71408309	          9.67096354	        132.71610029	         33.82534459	        140.60164040	         34.13547293	         18.17317063	         28.92963062	         51.21724293	        123.78739611	         35.13610214	         52.32860473	         33.28966756	         42.51551017	         36.95720403	         51.46456363	         12.96736542	         18.57999639	         21.63592581	         20.31778625	        125.79962712	         51.26234663	        175.18543355	         59.49004887	        198.79660968	        178.84182041	         20.53249625	        226.03770907	         60.57096986	        175.50761793	         25.19090295	        325.62964858	         88.06273446	         31.64240949	         81.14384289	         43.89201772	          0.00491750	         -0.01996475	          0.01670974	          0.03363282	          0.06768790	          0.08440873	         -0.08720748	         -0.20386990	          0.12804453	          0.10780198	          0.27612741	         -0.05466104	         -0.14022132	          0.29306745	        -35.93738835	         32.79790822	          9.52223209	          0.17576129	         -1.72719474	         -0.42360583	          2.82466387	          2.50640057	          0.51759769	         -0.28279689	          2.05157522	         -0.08061421	         -0.06518334	
          6.80000000	         66.96316796	        424.28125742	          7.74510594	          8.03772878	          7.04052682	         74.00311830	         13.68077559	         48.34084620	         12.73739914	          8.01249665	         30.37946740	         94.37160940	        264.70508723	        866.48514764	         11.45237605	         17.58004450	          9.63759457	        134.39433765	        106.00710834	        267.94532613	         30.22643863	         74.99107938	         93.67878818	         26.98882187	        386.27724252	         40.27801823	         71.63140956	        195.57136546	        612.75822772	       1965.28509606	         70.46995073	         42.84328765	         16.21384816	       1479.48693951	        139.44191718	         62.85844554	        244.09496384	         26.69636806	         79.27206457	         38.91959355	         27.29324061	         41.09859650	         21.24604773	         22.24085458	         19.81313974	         20.73205766	         85.63276324	         36.81330108	        133.02112896	         31.24777483	         19.13318380	         29.75531787	         48.90288372	        115.45630725	         46.51203816	        104.32269284	         83.49656731	         33.03859800	         30.23805520	         43.68133275	         10.14299406	         14.73433920	         17.88657360	         25.15935343	         96.73522337	         47.31719302	        163.95937926	         78.87035220	        164.47373935	        128.83686961	         16.95165789	        399.93191876	         60.54328438	        168.19985836	         18.53078861	        295.86377619	         93.89702783	         26.47214420	         73.33574320	         37.63604944	          0.02579987	         -0.03830313	         -0.00392759	          0.05423085	          0.08657689	          0.09957170	         -0.06917213	         -0.20894496	          0.10494914	          0.13792715	          0.33904625	         -0.07046684	         -0.14264196	          0.30640603	        -46.16126632	         35.24541122	         12.55988346	         -0.92525029	         -1.79218375	         -0.55771611	          3.42948709	          5.39122320	          1.17989181	         -0.39752764	          2.80399589	         -0.11575315	         -0.07488526	
          6.82000000	        110.10874327	        484.14960048	          8.10575287	          8.48841611	          7.38928144	        139.00705545	         14.19136227	         48.83791709	         12.32579315	          7.97367994	         26.18658525	         72.08376574	        242.85290677	        808.40077517	         10.09481725	         14.00938905	         10.17571702	         91.15008869	         71.86171336	        407.27918779	         21.63525982	         50.33546432	        106.24241551	         39.50089376	        299.28152141	         39.44447433	         66.01388130	        178.00067196	        696.37779143	       2170.95417850	         80.48979260	         31.16336378	         15.84679645	       1505.12334672	         93.08899203	         47.08097828	        164.24481554	         27.89515253	         83.46018078	         40.87179261	         26.80833976	         41.68899808	         16.57648787	         17.78391293	         16.54371513	         23.12004154	        296.86609399	         49.89289811	        125.77164547	         30.50532897	         19.91508300	         30.45445506	         48.14707489	        111.60225916	         50.29089549	         98.36677554	         66.50695131	         26.88715359	         25.91641722	         38.55975055	          8.34867407	         12.28595328	         15.78089222	         27.79283715	         78.41186898	         39.97465599	        167.36337893	         62.32425870	        165.68615084	         93.20683350	         23.85225039	        296.81203435	         64.75581325	        165.45407879	         14.32923527	        277.82863387	         99.98190568	         23.83398427	         70.94420904	         35.21930664	          0.05750113	         -0.05997486	         -0.02684641	          0.07863510	          0.10374728	          0.10869942	         -0.03809499	         -0.21665397	          0.07783965	          0.16890477	          0.44729422	         -0.08585802	         -0.14467914	          0.31837376	        -46.98971738	         38.31479062	         10.95720868	         -0.22027654	         -0.85234951	         -0.75745747	          4.61367576	          6.37597929	          1.25511756	         -0.01486834	          3.19948719	         -0.14135330	         -0.08942839	
          6.84000000	        141.00205712	        427.30439546	          8.65111793	          9.09402936	          9.69084019	        194.21687180	         15.05299683	         54.32442760	         16.69990867	          8.24261770	         21.85936806	         59.41225644	        251.93466323	        788.41213685	         46.56148920	         14.68040533	         10.84929147	         63.10820936	         49.81881646	        492.17740881	         15.91910894	         34.29349046	         86.23759742	         63.72636390	        238.15528569	         46.76293445	        122.41253875	        145.23731271	        560.47850508	       2115.80739330	         69.50108486	         23.14135497	         15.93123809	       1355.57739420	         61.51300858	         36.73221540	        108.95466819	         29.37390496	         88.60783005	         43.19113815	         35.48426508	         71.52294871	         14.65945323	         16.19592824	         18.90635970	         34.98187874	         52.82378483	         42.57352566	        114.03689674	         29.13668200	         21.04185221	         31.58753819	         49.28372719	        112.59258646	         62.24481350	        123.54905966	         87.04292290	         23.14047680	         23.58547134	         34.00553822	          7.45233843	         10.79008344	         14.21779639	         33.88383712	         67.09789345	         58.57016971	        162.17468539	        179.28128091	        159.97548797	         68.20289286	         21.79043903	        461.27357358	         68.28695294	        166.74052729	         11.38734601	        280.30101691	        106.18808594	         23.74159201	         69.62168848	         34.96641971	          0.09189382	         -0.08682500	         -0.04526350	          0.10183066	          0.11787716	          0.10839925	          0.00195840	         -0.23575860	          0.04629486	          0.19689304	          0.61391863	         -0.09035845	         -0.14599391	          0.31638079	        -38.93215066	         38.09964334	          7.54906642	          1.49869741	         -0.58917217	         -0.86596894	          5.47376295	          5.56909420	          0.91184907	          0.27598043	          3.09426741	         -0.13974944	         -0.09130458	
          6.86000000	        167.23710928	        387.41202370	          9.37499370	          9.83696731	         52.19079032	        225.36251031	         16.96056647	         55.52113091	         20.01108557	          8.38263384	         12.45045646	         23.10171862	        220.38664910	        746.10815177	         74.34555343	         15.65870170	         39.13994965	         44.97985700	         35.64437570	        483.28354109	         12.08963923	         23.97970821	         61.97024994	         73.57701326	        196.30546988	         48.34146851	        106.71642861	        112.32937604	        448.85615562	       1869.07518399	         55.37460741	         21.82851414	         16.11319453	       1191.91271749	         41.85755496	         29.95507686	         76.46907112	         31.60820696	         95.54714750	         46.52233942	         25.25617888	         38.10110182	         10.86308229	         13.10462067	         12.50143555	         22.68794012	        611.98663235	         90.43851223	         96.80920463	         30.84693711	         19.81921665	         30.21831488	         44.83833975	        108.44933761	         47.77703580	         80.20691640	         52.29424342	         25.06850387	         26.83986771	         48.15193728	          8.68346008	         13.00488568	         19.13505417	         28.91602335	         64.30290456	         46.74120360	        138.81739852	         43.40757424	        283.41039001	         50.52407508	         45.64296111	         76.11776758	         68.03124020	        170.10130445	         11.44210956	        238.62479492	        109.96314357	         21.72035546	         65.74972739	         32.63629141	          0.12144575	         -0.11867433	         -0.05626642	          0.12030093	          0.12735599	          0.09646007	          0.04710109	         -0.26973841	          0.01140407	          0.21900957	          0.80755338	         -0.08163154	         -0.14353182	          0.29588257	        -22.93067635	         34.66741094	          5.53603957	          2.85305481	         -2.33706138	         -0.63264201	          5.85067586	          3.69181878	          0.33113108	          0.01527414	          2.69814749	         -0.07563637	         -0.07293239	
          6.88000000	        226.27071701	        528.93889881	          9.91871048	         10.63385802	         90.79864687	        282.59250335	         20.72968100	         51.60906300	         17.00642324	          9.04038760	         31.49024250	        108.47704073	        204.13824609	        643.56207182	         52.72545478	         16.17738557	        103.63358598	         33.12786508	         26.45519719	        480.73233563	          9.47853767	         17.29341213	         60.64856695	         87.05172706	        166.23101838	         42.58694337	         86.54864092	         87.97200199	        490.53422044	       1775.52254120	         61.21117968	         22.23410155	         16.10507695	        922.80611268	         29.77876361	         32.33056192	         55.37947318	         34.24576380	        104.05900126	         50.51441690	         75.04819015	        193.57051270	         18.93389970	         13.46189567	         36.66575225	         66.84580691	        151.27538755	         64.22607010	         86.28444367	         21.35259639	         29.12874418	         42.63632557	        110.38484376	        182.76148647	         94.86630835	        195.39509093	        176.45825409	         25.67928488	         24.54672277	         39.54793939	          8.47078750	         11.78016832	         16.67669492	         43.07743565	         60.23943567	         34.71012450	         97.92881018	        383.86239051	        316.78070176	         39.63139527	         39.82530039	        885.47402774	         64.99707560	        178.63110590	          9.94054543	        272.21721196	        116.80484827	         21.45053016	         62.87389457	         31.91666532	          0.14102443	         -0.15212612	         -0.06062549	          0.13111303	          0.12865965	          0.07052830	          0.09370750	         -0.31311164	         -0.02237342	          0.23306587	          0.91930039	         -0.06290219	         -0.12206351	          0.24840911	         -3.94490756	         25.67942629	          8.55670801	          1.88808547	         -4.16916416	          0.09656724	          6.56550101	          2.48331249	         -0.13757205	         -0.44059103	          2.65678992	          0.06168479	         -0.04512641	
          6.90000000	        325.34658700	        662.40457961	         10.55994828	         11.52880169	        142.07959150	        433.98578210	          8.65383272	         55.62273304	         17.82826934	          9.21143697	         17.55136084	         39.57687418	         85.80129823	        461.40817112	         37.86579831	         16.97509946	        161.14641291	         25.22722638	         20.40264705	        552.61881015	          8.01576490	         12.88889494	         76.91322736	        119.66478125	        143.29443380	         37.96260194	         74.29352610	         89.99872592	        715.36696453	       1741.30746307	         83.57948251	         22.60769978	         16.13499566	        822.39417152	         22.15783719	         33.53398401	        241.06414485	         37.34002078	        114.00235786	         55.20174136	        118.21656046	        265.34624520	         17.81205523	         12.05445849	         50.32231262	        100.23063802	        625.12200801	        128.17666236	         14.96272845	         21.46996281	         35.46192253	         64.66310673	        125.21573578	        239.08847922	        164.21013516	        275.83402828	        238.14183343	         26.66803062	         24.59428837	         38.59759215	          8.88151991	         12.12962580	         15.97107862	        101.71872439	         59.57681925	         26.56896104	         73.60424640	        336.77441555	        437.23142915	         22.22528447	         61.90848811	        748.20078966	        158.10783276	        186.28498019	         10.25344387	        310.48759884	        247.88679411	         19.06355506	         57.79599302	         28.99563812	          0.14882013	         -0.18095263	         -0.05766508	          0.13163143	          0.11586376	          0.03031292	          0.13717066	         -0.35326567	         -0.04998367	          0.23514437	          0.83995316	         -0.02984623	         -0.08559662	          0.15780757	         10.49197353	          7.58082394	         11.51432121	          0.32906028	         -2.95680085	          0.84462469	          7.93375850	          2.34920175	         -0.44298030	         -0.08391609	          3.19348999	          0.18828848	         -0.04537121	
          6.92000000	        300.02582211	        595.47230651	         10.73225066	         12.16733107	        184.72792419	        399.45638879	        280.03819316	         70.47591000	         17.14077319	          9.28570546	         49.59984012	        142.02334504	        243.68106257	        466.00094695	         26.97421723	         17.41420223	        298.84478734	         19.75468717	         16.26632874	        407.90686662	          7.52382756	          9.91259395	         56.28785649	        121.36502305	        124.94725675	         33.40910004	         57.01401238	         92.63959676	        570.80260883	       1632.37475653	         75.29609438	         20.33458032	         15.77963118	        425.81127381	         17.02921850	         40.34929110	        234.06695133	         40.14728895	        123.09029647	         59.58751217	        168.04503361	        311.93401309	         75.52304441	         10.84739901	         95.26094112	        121.50306529	        507.76718038	         91.87074535	        116.13213130	         16.06278830	         31.45389890	         54.06365908	        100.47491832	        201.39076518	        169.36840193	        252.42058763	        338.15338216	         26.93138587	         24.20379866	         36.52577649	          9.03374858	         12.28797136	         15.77845563	         73.11124531	         59.86073409	         19.48531354	         52.93516418	        328.07024512	        398.66965319	        135.12144359	         44.46251767	        410.99656420	        116.90795088	        190.96303264	          9.78326190	        308.39850354	        177.65359421	         17.47290406	         48.10215035	         26.33640843	          0.14673664	         -0.19743832	         -0.04112416	          0.12089567	          0.07957992	         -0.02254849	          0.16804201	         -0.38005353	         -0.06802829	          0.22045875	          0.64169842	          0.02848835	         -0.07359265	          0.03977541	         15.77225984	          5.39895026	          4.42064199	          2.40685549	         -1.11347481	          0.82776386	          8.91396072	          0.98179644	         -1.03625104	          1.24674185	          3.60614199	          0.21994140	         -0.10630075	
          6.94000000	        200.94430919	        390.37792447	         32.99570469	         25.73346768	        124.70815127	        266.99669139	        130.38399127	         47.04915384	         15.45392789	          8.24422541	         35.48096777	         97.20970210	        142.29574437	        395.63147873	         60.42158638	         53.78433092	        301.93582779	         19.77159463	         18.48187624	        284.21334966	          8.08887929	          9.11414074	         40.65398682	         83.28888019	        109.93092141	         29.08937614	         99.19193920	         84.99732846	        435.35282960	        939.05830528	         52.65441930	         57.28683477	         25.27011098	        400.29885271	         13.91908351	         36.22306630	        165.95395468	         70.24525678	        211.99767145	        103.19270882	        116.15217429	        215.16086489	         51.39714981	          8.19073355	         64.15517041	         82.57468434	        301.48692182	         67.49831382	        107.05549256	         43.67580932	         16.90827784	         26.35666930	         84.34948983	        179.82178936	        113.11989406	        163.41076587	        224.76771664	         24.05403218	         23.55449746	         30.58068246	          9.34062176	         12.69954617	         15.81874418	         52.87606493	        247.70718812	         21.40679853	         45.91536099	        201.22938028	        302.99797897	        261.88413766	         32.74797664	        391.71198730	         79.63383371	        195.67772985	         21.19131044	        371.29792452	        157.66961885	         56.47606061	        264.05833185	         91.59161212	          0.14366454	         -0.19742804	         -0.03212991	          0.09840772	          0.06779120	         -0.07356782	          0.16128890	         -0.38309388	         -0.07183754	          0.18188234	          0.36855935	          0.08019050	         -0.06388709	         -0.11786199	         19.94017919	          2.29072586	         -4.89079004	          4.37855565	         -0.99214362	          0.42946392	          8.07155917	          0.10014181	         -1.14851020	          2.04240631	          3.59232976	          0.19769116	         -0.14825186	
          6.96000000	        136.97248064	        247.57076532	         24.08965808	         20.10934110	         83.66038892	        177.90091502	        294.17970175	         52.98962761	         40.23021972	         13.06769649	         25.52304302	         67.17263165	         96.60968670	        225.67770282	         42.73826886	         39.16461054	        208.05144025	         18.74338691	         17.28422139	        197.35365936	          7.15924478	          8.55943791	         29.74680723	         53.60079278	         97.62156226	         91.09660419	         54.51199040	         56.11664065	        343.15024414	        901.11867084	         35.64353437	         41.28807997	         23.33071288	        302.57182890	         11.53740607	         23.82268711	        120.70504128	         58.72470675	        177.83241618	         86.55013601	         80.58651768	        148.30032327	         35.38728216	         92.90073113	         43.24001212	         56.11157164	        248.46146056	         51.76223078	         71.00634131	         30.84095569	         65.81862381	        118.82246378	         75.94290662	        169.79689806	         76.82622152	        165.30084467	        150.38480957	        291.69236334	         52.27858133	         28.81118288	         52.81650704	         25.55961622	         16.25462936	         39.39305543	        182.38218161	         16.80606617	         35.52467102	        146.92160057	        243.97331009	        178.88661185	         25.08145723	         48.18985982	        104.15385384	        199.58717273	          4.12820219	        426.08842100	         76.71115197	         53.38137973	        302.01389375	         92.02582426	          0.13680048	         -0.18214707	         -0.02628514	          0.06914813	          0.05607797	         -0.11039225	          0.14142064	         -0.36241674	         -0.06593162	          0.11501553	          0.12749941	          0.11032215	         -0.04868324	         -0.30810009	         23.35429844	         -3.61109454	         -6.96006618	          3.69283577	         -1.87052854	          0.03018037	          7.94869172	          0.16249366	         -1.10043569	          1.80128209	          3.77501868	          0.15390373	         -0.17995851	
          6.98000000	         95.82399623	        207.94363675	         18.03621343	         16.32818498	         56.14007659	        114.69272460	        215.20895090	         55.59968299	        181.64143619	         10.95454739	         20.17480414	         48.50582038	         72.90251446	        185.66471744	         30.45767952	         29.09128398	        142.19786548	         17.86328903	         15.33377034	        131.31795829	          6.63015711	          7.80228985	         21.02483091	         74.59101456	        102.96264800	         22.49394774	        279.65006676	        137.13912247	        299.76314993	       1307.32460082	         73.89946040	         28.77495726	         18.60925057	        258.01333719	         11.11549996	        308.36526959	         91.18481490	         51.32834633	        155.79731980	         75.79318032	         56.44094898	        102.55153460	         24.57306853	         52.62031079	         29.20458635	         38.22205407	        100.59873221	         41.33017826	         55.10595200	         26.39578592	         11.96876750	         11.71921358	         63.31307201	        169.45815050	         53.57008844	        118.59400439	        101.56195959	        685.00733825	        178.92807671	        101.72291589	         83.95075487	         69.00215926	         59.03628066	         30.52186952	        142.28601822	         17.71618854	         37.31502600	        100.52931493	        208.37219283	        124.33958483	         20.16180535	        795.20310020	         61.23806400	        202.56847884	        148.01060377	        302.44040998	        511.91120906	         69.87942802	        365.38330559	        119.65228464	          0.12757519	         -0.15688199	         -0.02357416	          0.04019902	          0.03621705	         -0.13277143	          0.11690745	         -0.31981663	         -0.05210024	          0.02663821	         -0.05369970	          0.12793690	         -0.01694536	         -0.50021335	         25.21186565	         -7.64720838	         -0.70755082	          0.90138737	         -3.15848717	         -0.24403273	          8.19802949	          1.00941051	         -0.87364927	          0.85572017	          4.03173534	          0.09867589	         -0.17757495	
          7.00000000	        100.27036402	        150.87743128	         14.06314173	         14.83420861	         38.17176558	        309.77370372	         91.76701159	         33.16688806	        242.60146953	         91.33639840	         14.17148714	         35.89976085	         61.65027914	        144.65180597	         22.23979511	         22.36466907	         97.62415745	         17.49863163	         15.27346452	        182.49227351	          6.31816374	          7.40591174	         48.21145617	         49.70748250	         91.00451729	        241.29712403	        290.25514064	        241.06235639	        800.06046999	       1734.04179336	         97.52662811	         20.63196323	         15.45139055	        222.26158200	         10.79159753	        602.63490461	         72.94252790	         77.58000738	        231.14742368	        113.50030659	         40.21906110	         71.71359006	         17.31070213	         88.97851228	         19.78741983	         26.11194032	        195.09756960	         44.92186520	         39.57080156	         17.67668519	        103.91395623	        287.74259033	        155.34282139	        190.49634515	         38.15998557	        214.90619187	         69.01920113	       1058.98440523	        371.05089155	         74.63178764	        208.20342488	        122.99329246	         47.79970511	         24.70254521	        118.25184166	         15.27132621	         32.00699013	         71.83374134	        187.44115940	         88.22006082	         17.03633324	       1097.72738368	        164.96867234	        164.99474034	         97.43374417	        217.78662201	        504.26969850	         46.43861828	        244.35505855	         80.61701536	          0.11775950	         -0.12812203	         -0.02393153	          0.01795306	          0.02032659	         -0.13717832	          0.09471288	         -0.25504917	         -0.03263118	         -0.06941508	         -0.15244062	          0.14888689	          0.02830367	         -0.65713462	         26.56533930	        -12.88867072	          7.36030483	         -1.37924820	         -4.00049088	         -0.34259568	          7.98198492	          1.52364959	         -0.67053035	          0.16411787	          3.98356551	          0.03917621	         -0.12093041	
          7.02000000	         73.49081578	        114.04491050	         12.32298951	         15.18237062	         26.40172052	        205.14713210	        200.41496590	        112.42272918	        174.84275661	         51.63581568	         19.83043703	         31.47107718	         51.89477019	        149.34192587	         16.93406278	         20.93276316	         67.56196136	         17.54942904	         15.70747690	        125.02236066	          6.35551826	          7.72673298	         33.78563366	         65.57378313	        103.91870955	        113.33065403	        195.56455010	        202.75420139	        579.35680719	       1176.00637918	         71.89992146	         22.55129965	         16.66514334	        191.62238701	         11.00163508	        517.49468743	         61.04364255	         64.62834837	        193.84084069	         94.73147845	         29.33422759	         51.03796112	         12.40744321	         59.94032939	         13.43591691	         17.85648520	        131.42174453	         37.74081423	         29.13978216	         22.72669599	         79.90513076	        237.21783378	         70.24671976	        180.23161628	         30.08312716	        141.42021844	         47.03272931	        991.53065667	        250.33507757	         67.58661106	        153.74957871	         98.60304458	         52.66847604	         20.86020267	        104.30580134	         14.26798205	         30.72864115	         51.74064820	        175.57582575	         64.02839862	         15.10588467	        833.77798996	        116.57872383	        546.87245341	        111.12050797	        365.93961513	        527.63660704	         56.74805919	        202.93648912	         83.29953750	          0.10760283	         -0.09853660	         -0.02868495	         -0.00018267	          0.02345720	         -0.12053653	          0.08208136	         -0.17122857	         -0.00908338	         -0.14852953	         -0.17121241	          0.15665894	          0.05140563	         -0.54979744	         32.73190646	         -9.18315229	         -1.63308306	          2.15817211	         -3.24512185	         -0.33516366	          4.40859568	         -0.80618146	         -0.77738879	          1.47962503	          2.55788107	          0.03944049	         -0.04404900	
          7.04000000	         56.23057102	        105.04423299	         12.32140544	         15.22441512	         18.81418974	        137.08185171	        137.74358941	         77.63464045	        122.31781690	         45.24213017	         17.10440901	         27.43411309	         42.49105848	        121.52705997	         14.26986775	         20.91430750	         47.84747194	         17.52471204	         15.78532543	         86.48422132	          6.31774822	          7.67288106	         23.64183138	         61.12872867	        121.97967830	        124.90681129	        137.88114083	        231.18621183	        457.21273285	        962.95365184	         78.43141302	         22.60571317	         16.04386305	        172.45805278	         11.16540931	        457.63808669	         61.21093326	         56.75345556	        171.42858159	         83.44324681	         22.14565560	         37.44137712	          9.14277524	         40.74481649	          9.23986889	         12.37350601	         90.63281622	         37.40409814	         22.47584497	         17.72618783	         54.17055332	        167.28695375	        298.54339182	        175.45591803	         40.61709520	        252.52792954	         32.47019616	       1045.90897889	        254.51471792	        152.61172488	        145.38782013	        101.10372052	         52.48599735	         18.31930350	         96.55805542	         15.41268022	         32.62416924	         38.61950456	        169.33127803	         48.18970837	         14.53091531	        785.55455454	         80.51696777	        397.74455823	        133.74225018	        290.56939583	        480.08887221	         39.38416273	        139.48999381	         58.04429755	          0.09865272	         -0.07255182	         -0.03322744	         -0.00940820	          0.02137783	         -0.09899074	          0.07173292	         -0.07852144	          0.01592436	         -0.20078180	         -0.15629406	          0.14383691	          0.06351752	         -0.44072481	         41.64814780	          0.23946907	          1.25290738	          2.54289927	         -3.72790024	         -0.44870712	          3.56058754	         -0.37642425	         -0.62370177	          1.67867514	          2.39515162	          0.04531182	         -0.01894060	
          7.06000000	         43.61834221	         78.56307023	         12.22092311	         15.29717342	         13.88201487	         92.20984486	         96.74818119	         83.47637250	        129.69608961	         37.27170431	         14.73984107	         24.66183170	         34.88547395	         97.89344301	         14.50124091	         21.10172518	         35.02770869	         17.60146275	         15.99805962	         61.75255258	          6.36035572	          8.00036490	         22.77196444	         47.12841578	        144.09503981	         72.82174722	        137.52691798	        247.62497983	        498.42244699	        861.04864569	         84.33837106	         24.21128954	         16.23363819	        177.62659476	          8.10478938	        396.08920450	         55.87141833	         55.90371424	        169.09249391	         82.30841094	         17.40500007	         28.53982722	          7.31292263	         28.32259312	          6.49263901	          8.76897269	         64.19589646	         39.36475826	         18.07637688	         16.44561950	         40.58019524	        124.39284755	        196.73722743	        394.52722031	         32.01744711	        227.96308546	         22.89233031	       1064.45931166	        472.10827262	        166.27604973	        167.25297546	        138.88532458	        139.53123695	         16.62879140	         92.58448361	         16.13151204	         33.74292096	         32.77339927	        166.55559727	         37.47250293	         14.55246861	        940.38489919	         86.64178050	        369.28202173	        160.88269793	        232.77836678	        433.21338825	         27.97945856	         97.64121712	         41.35991717	          0.09095277	         -0.05282495	         -0.03609433	         -0.01131773	          0.00221508	         -0.07157181	          0.06123103	          0.01246964	          0.03463366	         -0.22157736	         -0.11782078	          0.12386704	          0.08159425	         -0.35107965	         51.04633671	         13.35248724	          4.77269265	          2.50082505	         -4.79929347	         -0.74321591	          4.12051280	          0.60174521	         -0.56558663	          1.60453504	          2.71402107	          0.05007672	         -0.04085766	
          7.08000000	         35.00216123	         60.47366338	         12.22090779	         15.41269356	         10.70767054	         62.38366024	         69.85503873	         96.64053016	        120.97537730	         36.35646518	         14.66654439	         25.83141691	         29.21461794	         80.77378025	         14.71501536	         21.17023409	         26.72624325	         17.80102625	         16.15303561	         45.81773642	          6.44514253	          8.43459845	         28.26184573	         35.71311719	        175.53446818	         76.33943375	        118.04052424	        243.45277147	        438.04625119	        659.90514852	         84.57072513	         26.60282665	         17.04883611	        205.06097224	         58.87511676	        361.49844398	         60.10070584	         53.68867245	        163.22950466	         79.32242087	         14.30992485	         22.75176739	          7.04647183	         19.80302452	          4.96792470	          6.42122506	         46.92286297	         41.15485255	         16.45846259	         15.17988419	         35.51227983	        107.40081962	        198.43589923	        311.54210500	         23.11763886	        154.44153030	         16.57056400	       1055.13219702	        682.64778593	        117.89870613	        255.15658080	        205.13798467	        122.86844043	         15.75492691	         90.66138772	         16.49799040	         34.21576585	         27.93370929	        166.53851191	         36.11120984	         14.54211214	       1029.59626843	         64.48566660	        492.90712563	        198.00157043	        197.89486236	        402.57623775	         19.89254954	         68.86606706	         29.73486308	          0.08512581	         -0.04141530	         -0.03555403	         -0.00885006	         -0.03420475	         -0.03829475	          0.05278867	          0.09374954	          0.04014452	         -0.21349381	         -0.06410234	          0.10451192	          0.09153334	         -0.26652632	         54.86141507	         25.49364190	          3.74642024	          2.91355890	         -5.44483197	         -1.03987775	          4.90166994	          1.02855547	         -0.64462496	          1.65868729	          2.95452811	          0.00289257	         -0.05521032	
          7.10000000	         29.09888254	         48.00528656	         12.24358115	         15.60229137	          9.24963078	         42.45360576	         52.09844895	        104.13892445	        114.23792962	         33.13988433	         14.87986076	         26.57298647	         30.85340116	         69.41871600	         15.35607736	         21.31103935	         21.33469247	         18.42119463	         18.43391056	         87.66479332	          7.19686374	         21.36346036	         41.45356820	         27.72777799	        205.97169043	         49.80235470	        141.42968084	        208.15334099	        366.15891942	        459.42327433	         83.20775258	         29.33054631	         17.92361283	        232.58937025	         56.91126542	        344.01072603	         63.47891233	         50.64131211	        154.82900457	         75.15027096	         14.24366442	         20.32115893	          6.89834689	         19.46177364	          4.89538113	          5.76040244	         35.53238769	         37.00356674	         16.00396814	         15.18711167	         37.28576469	        107.25773234	        146.78942777	        253.18033187	         17.15777665	        105.58252115	         12.35532413	       1038.53248786	        614.62097757	         85.48833419	        383.11341730	        257.41711196	         86.50290429	         15.72327763	        119.62016625	         16.17469740	         33.61546332	         25.95464708	        170.13859068	         38.11860930	         14.20178067	        922.43263830	         49.43899673	        580.81999658	        234.03356334	        203.36834741	        390.31924868	         30.72851377	         75.16211531	         43.18273707	          0.08063099	         -0.03707062	         -0.03236999	         -0.00517444	         -0.07847423	         -0.00055626	          0.04878860	          0.16210818	          0.03181214	         -0.18301690	         -0.00089392	          0.08781807	          0.07570215	         -0.19586625	         47.51923635	         32.96523261	         -0.46898025	          3.05456625	         -4.90234412	         -1.06613059	          4.82772806	          1.31404559	         -0.55931375	          1.73104987	          2.90741566	         -0.08404787	         -0.03423969	
          7.12000000	         25.15668628	         39.55110776	         12.35114446	         15.87278466	          9.27605516	         29.15681102	         40.42946598	         92.57143786	        111.61995164	         33.84832300	         15.33476118	         27.23454182	         33.93000994	         76.15422189	         16.72803312	         21.68860954	         19.16820459	         21.33554976	         42.12543891	        107.21457393	         10.86213919	         31.79240319	         41.67784103	         22.47269788	        182.58205047	         56.14521470	        146.00759784	        170.54673171	        298.94431503	        298.30009089	         70.47280681	         32.50591972	         19.14352405	        257.11855469	         59.29849174	        351.89371783	         66.49239395	         46.97618476	        144.41593864	         70.06532664	         14.23803525	         20.47039163	          6.82578789	         15.67659461	          4.83226801	          5.81154908	         27.86785203	         34.55878949	         15.91743287	         14.91332127	         38.22155432	        107.04266469	        118.99369506	        216.07707417	         13.18961357	         73.13664377	         10.56522963	       1023.88699307	        495.24212627	         63.93118056	        380.12672612	        256.44436584	         63.80930715	         15.73988975	        282.58642387	         15.51127427	         32.60891810	         28.18520058	        173.52503781	         29.70782113	         14.03080961	        695.79325391	         39.39586449	        528.27895084	        252.51857707	        185.75516010	        379.73011609	         48.92743916	        158.87660012	         75.46623159	          0.07527573	         -0.03508964	         -0.02917969	         -0.00153636	         -0.11947573	          0.04253082	          0.04972552	          0.22008371	          0.01927619	         -0.13741410	          0.06768751	          0.07806456	          0.04292575	         -0.14667751	         31.66333017	         33.05815565	         -3.70512837	          2.08144252	         -3.39181843	         -0.73845771	          3.78420204	          2.54318545	         -0.05058709	          1.48542307	          2.85412687	         -0.10768480	         -0.00567269	
          7.14000000	         23.42509493	         34.03572440	         12.44932716	         16.15140660	          9.30530148	         20.36219708	         32.94174484	         85.20606365	        115.51961279	         35.30433686	         15.57824247	         27.68012735	         37.01543594	         84.52133668	         17.55504892	         22.06542931	         19.21280634	         45.60656840	         70.50575602	        116.78449638	         17.29350217	         38.04932577	         41.18758850	         19.20331274	        169.29286642	         56.42764350	        163.52791493	        140.82212229	        257.82815988	        213.52999457	         62.61467622	         36.01343181	         20.62674739	        275.21955946	         60.13643353	        366.00015817	         69.08753953	         42.71435682	        132.22411322	         64.12236294	         14.19713161	         20.52412990	          6.72750542	         11.31688778	          4.77533972	          5.85250265	         24.40869007	         36.73315425	         14.21423033	         15.29179738	         35.54653829	         89.36006636	         94.77865139	        209.92138614	         12.64371955	         51.53743775	         10.57209408	       1017.11814805	        455.02389043	         46.38139145	        321.43967469	        212.20232568	         38.89456884	         15.81081811	        214.25612011	         13.56185778	         28.12056734	         31.45799166	        176.86294685	        109.62301922	         15.91876148	        476.00597394	         32.62739006	        477.00126372	        247.19812899	        133.55805944	        336.56211874	         33.90330865	        109.16517154	         52.34019082	          0.06643876	         -0.02979505	         -0.02691379	          0.00326158	         -0.14485596	          0.08779934	          0.05327085	          0.27076373	          0.02164584	         -0.08550006	          0.12813429	          0.08091837	          0.02156648	         -0.11487688	         21.69095951	         27.12597444	         -3.11106470	          0.30932935	         -2.54083340	         -0.46414596	          3.47652246	          5.29643478	          0.72600607	          0.86351068	          3.47101346	         -0.07670074	          0.01071196	
          7.16000000	         23.45083900	         31.91943635	         12.48056015	         16.35702932	          9.30107140	         14.57040855	         29.32295385	         68.11774782	        119.97030754	         36.75454900	         15.82746722	         28.06627790	         40.09067793	         92.93016660	         17.87938530	         21.80897888	         19.03521465	         92.75410963	         93.35160960	        133.55520273	         22.99687115	         45.82652299	         45.92816962	         17.35683905	        183.10408014	         61.06269141	        180.12042619	        127.02821583	        254.54581827	        156.22628161	         62.29168174	         38.99336574	         21.65400634	        284.89896575	         67.82425440	        378.98550188	         71.64641966	         38.47940680	        119.38981405	         58.08292193	         14.12140599	         20.46529072	          6.76312991	          8.50639762	          4.75664633	          5.89460972	         24.82003389	         42.42960523	         20.51151621	         13.42614955	         31.18998395	         63.59621462	        229.41200968	        165.86040310	         13.05595257	         36.77271276	         10.68044277	       1022.18833463	        457.77120470	        156.24947907	        216.34547541	        146.55500874	        129.67329237	         15.92928011	        170.87867388	         18.12481817	         42.62132576	         25.86993926	        179.62241527	         70.49386905	         21.02297377	        314.68075479	         28.17627023	        481.48278614	        200.45391017	         99.17361955	        232.88292271	         23.72165994	         76.16779211	         36.86116787	          0.05259823	         -0.02041695	         -0.02476922	          0.00969191	         -0.14286414	          0.12763328	          0.05439350	          0.31288483	          0.04733436	         -0.03602146	          0.16858152	          0.09320895	          0.03083184	         -0.09462936	         22.91706162	         16.14205672	          0.34318696	         -1.55288073	         -2.93631034	         -0.47700144	          4.41223605	          8.65486995	          1.42622829	          0.11098144	          4.72837711	         -0.04840377	          0.01569559	
          7.18000000	         23.67844033	         32.51591504	         12.55198367	         16.59188792	          9.36107386	         10.77304339	         32.09080866	        106.97663315	        122.55815644	         36.84608374	         16.14136327	         28.40766404	         43.51353372	        101.82361082	         20.26797483	         22.24504474	         18.88385083	        141.98177416	        109.75618979	        153.05947979	         26.52790362	         50.78025615	         48.17734104	         16.76976294	        173.68190079	         64.47622263	        189.87497334	        107.85727970	        238.27046006	        108.41334976	         74.23850685	         41.46430572	         24.29902911	        286.46798934	         63.92689223	        382.52775843	         74.11038933	         33.53269065	        105.49222223	         51.17617711	         14.01806970	         20.29679132	          6.82297617	          7.50360407	          4.74463185	          5.89884742	         24.83415857	         37.41804129	         21.44621879	         12.52512166	         13.73400585	         53.52528727	         63.03027650	        763.06806162	         42.42860976	         47.25614040	         10.79526599	       1022.92686818	        331.29723948	        331.26445889	        147.38479854	        112.07446463	        112.14870524	         15.99556773	        143.20192287	         18.58164735	         43.36007477	        151.04907727	        181.54047583	         82.58367734	         22.48997265	        239.17306545	         25.30946940	        279.57273980	        162.73381134	         72.58230338	        185.67489806	         22.69318583	         61.42910553	         32.46830905	          0.03401962	         -0.00992257	         -0.02258065	          0.01675863	         -0.11041561	          0.14941878	          0.04771374	          0.34185159	          0.07932345	          0.00385343	          0.17236761	          0.10258789	          0.06806848	         -0.08071453	         30.91255074	          1.30701360	          2.84401138	         -2.77605497	         -3.85777061	         -0.65515133	          5.53347695	         10.21580123	          1.54909699	         -0.39949876	          5.82527695	         -0.04103945	          0.00172312	
          7.20000000	         24.00219560	         33.26348548	         12.62342445	         16.79731821	          9.43627594	          8.35547790	         34.38689884	        145.39956837	        122.86989149	         35.69954763	         16.47239460	         28.68058187	         47.10590510	        110.62917431	         21.76350848	         22.03855518	         18.75627383	        134.50991644	        149.67702891	        170.03052884	         35.88748914	         61.36074305	         52.58239143	         17.46985351	        178.97747427	         63.76672460	        188.91946364	         91.36416282	        216.38635064	         77.00942613	         83.45089024	        110.65294905	         31.14846286	        281.64072346	         62.79553345	        378.37555088	         76.18755120	         29.48190102	         93.12179180	         45.35112136	         13.83043787	         19.97261164	          6.86015831	          7.57010168	          4.70197588	          5.84890397	         26.09340467	         51.06777280	         17.57177772	         13.87237246	         66.16737456	         19.03203640	        413.09245595	        599.96678474	         65.23619373	         92.48807494	         11.11434338	        756.88604881	        580.38929536	        223.99824560	        101.63539907	        131.50509721	        139.16941961	         16.00355348	        125.35697760	         14.64211177	         31.86402574	        123.21151469	        182.30875170	         60.29741599	         29.12653050	        108.21215855	         25.08927442	        333.62204916	        139.81834996	         82.35462646	         92.60472803	         17.66715896	         48.47182055	         25.44811303	          0.01366693	         -0.00283748	         -0.02074318	          0.02305398	         -0.05777688	          0.14312712	          0.03082915	          0.35449368	          0.07772030	          0.03149290	          0.12422451	          0.09528438	          0.09960347	         -0.07341125	         38.15397227	        -11.29562688	          0.06730828	         -2.42508026	         -4.32886048	         -0.79655819	          5.11026565	          7.90502633	          0.87539642	         -0.33201473	          5.79795074	         -0.05561513	         -0.02810703	
          7.22000000	         24.44101615	         34.10070646	         12.78889960	         17.06915258	          9.60082805	          8.04833051	         41.50034758	        166.61950867	        122.52740252	         36.23836132	         16.65906964	         28.58920263	         54.00166578	        124.66921077	         22.91827550	         22.49362097	         18.85607361	         91.67086752	        102.88817606	        168.78407653	         25.93887852	         58.26418281	         46.60288250	         18.72985332	        161.81064982	         63.06913471	        178.58762866	         61.72099376	        191.27510883	         50.61173630	         80.52569471	         97.33261339	         36.22438654	        271.84662301	         58.92000028	        380.88431213	         77.06624402	         26.12531877	         82.49199908	         40.44148816	         13.50135159	         19.42233837	          6.70619367	          7.00745755	          4.54381204	          5.66682290	         45.62286389	         71.32799679	         14.07730200	          9.05783194	         17.55347071	        183.00623678	        281.96977437	        496.14450207	         44.95068342	         63.86822209	         15.66186008	        768.73100366	        397.95685664	        152.77063669	         67.30738485	        125.64455502	         94.69459221	         15.86578875	        110.70121156	         17.48811445	         38.96991964	         86.49853033	        181.72963949	         45.95701281	         24.66526145	        253.46998213	         30.24778749	        339.72679704	        133.42651556	         37.81383155	        391.33510419	         14.56260423	         43.75833169	         22.51593069	         -0.00274654	         -0.00200418	         -0.01885602	          0.02844297	         -0.00706551	          0.10598252	          0.00761471	          0.35059804	          0.01207635	          0.04853350	          0.02290699	          0.06283744	          0.07034498	         -0.07700675	         41.84994278	        -17.63437587	         -7.18125010	         -0.53104184	         -3.70673452	         -0.70697841	          3.90454016	          2.61797061	         -0.51955861	          0.25416846	          4.72445094	         -0.07771523	         -0.06953716	
          7.24000000	         24.65587439	         34.60478496	         12.87061717	         17.26025163	          9.64322699	          7.89025796	         39.91741000	        128.97162560	        119.96805375	         34.26897368	         16.71207358	         28.18122282	         53.39510079	        126.57701692	         22.17677908	         24.79313413	         18.95525858	         62.78893290	         70.76757723	        150.21662835	         18.11944140	         39.68397250	         54.42484891	         19.13462499	        208.36783679	         60.90789014	        165.22983752	         75.09871255	        170.47212376	         63.40994435	         86.80286739	         80.26082859	         33.61065717	        258.59048431	         61.26600868	        369.32697761	         76.16207809	         23.68389689	         74.14495641	         36.73090438	         19.20980613	         23.77763288	          8.77443537	         23.73142505	          5.47929109	          5.85166451	         34.22774326	         55.31974192	         18.26577455	         31.09059557	         68.26092401	        108.06931424	        212.12386156	        388.35252446	         31.42080000	         44.62287819	         11.66324675	        861.71985129	        267.87008281	        106.69013809	        152.18314726	         87.04322515	         67.36842048	         15.87026590	        222.56814877	         15.78441844	         34.60580545	         63.66145273	        183.02634750	         38.50611194	         20.46604821	        558.87382303	         33.93938007	        292.04410061	        115.25891354	        200.41614546	        421.47401352	         52.54870885	        183.60957503	         76.52306160	         -0.00795647	         -0.00695160	         -0.01848958	          0.03113874	          0.02510398	          0.05420939	         -0.01004575	          0.33248335	         -0.09609428	          0.05694247	         -0.08488269	          0.00680667	         -0.02695785	         -0.08565935	         42.15491493	        -12.48798405	         -9.64576700	          1.61291753	         -3.50750409	         -0.86613694	          3.98965532	         -1.26318462	         -1.82572508	          0.84348212	          3.76347700	         -0.10451492	         -0.10297233	
          7.26000000	         25.37221695	         35.40511000	         13.19821737	         17.58107593	         10.02358950	         11.15361269	         44.67943418	         97.72769408	        117.94613373	         33.22994394	         16.26503986	         27.42573666	         54.14719674	        131.30594213	         17.05043076	         21.08825509	         19.53839205	         43.78893739	         49.57768133	        103.99645129	         12.85120954	         27.02706518	         36.39504991	         21.47890482	        156.98332677	         57.84487548	        149.53591391	         98.49671347	        324.94193799	         89.16236291	         76.92464283	         70.71999544	         33.45849244	        243.87110443	         39.24268870	        360.59432829	         73.33919202	         21.97491418	         67.92923766	         34.02455171	         20.55396515	         29.55707157	         10.92609678	        167.81497828	          6.62511493	          5.82815895	         26.38778006	         45.14783177	         32.78257871	          9.12623339	         45.73799188	         98.03339413	        167.77366686	        322.63045923	         22.56422345	         31.84945343	         10.53703913	       1057.51350554	        183.01370905	         77.65347820	        165.19190256	         62.55251559	         51.28376446	         15.72975377	        525.66048465	         15.20093283	         32.29000519	         51.40748138	        183.03608346	         38.20878561	         17.72252020	        780.39219149	         67.66471791	        260.40043532	        133.75312582	        434.71291269	        438.72468108	         63.75969944	        381.90434107	        119.40583576	          0.00277028	         -0.01500787	         -0.01976465	          0.03190422	          0.01249718	          0.00174703	         -0.01050296	          0.30474321	         -0.19352700	          0.05768064	         -0.14888589	         -0.05474446	         -0.10836903	         -0.09556032	         41.58426043	         -5.27615401	        -10.21094623	          3.59082630	         -3.12976837	         -0.91912000	          6.41124542	         -3.13601359	         -3.27577594	          1.64934472	          3.44761040	         -0.10169042	         -0.14570531	
          7.28000000	         26.97729431	         35.92804877	         13.38442396	         17.81489438	         10.30637152	         65.43606747	         48.33928521	         92.62028782	        117.85426517	         32.83993331	         15.81190255	         26.51787200	         56.17611222	        136.68708128	         14.07098370	         20.97501361	         19.88275945	         31.71673047	         35.86945460	         73.36595244	          9.48656747	         18.98296515	         25.04265555	         26.74300404	        133.78249004	         55.12555619	        135.52180827	        101.34255078	        401.87158458	        135.19062956	         79.17032736	         72.05354260	         35.78970047	        230.14807216	         24.30426068	        356.20545374	         69.43084742	         20.70413628	         63.40819960	         31.98427212	         16.24039504	         23.49254149	          8.09456050	        109.94477754	          4.85613599	          5.62485669	         23.46364671	         38.89792900	         27.44395444	         59.87861793	         47.41105716	         77.63904690	        139.63217003	        288.76925777	         16.74551156	         23.34066325	         10.28287412	       1066.36887409	        125.56200261	         59.18858577	        359.36863221	         38.62237483	         41.78767606	         15.49681819	        583.93459912	         16.30660287	         34.70668623	         45.33238962	        181.65084114	         38.28270894	         15.96742436	       1042.28003929	         52.64514889	        243.92298778	        182.05964800	        503.10371091	        431.17867018	         81.52733092	        563.03501171	        160.28050742	          0.02758491	         -0.02258776	         -0.02376671	          0.02637738	         -0.03700406	         -0.03881660	          0.01441937	          0.27167032	         -0.23482069	          0.05254454	         -0.13623944	         -0.10093763	         -0.13404486	         -0.10509141	         40.01132328	          4.43771649	         -6.87270303	          4.69175603	         -3.22703576	         -1.01389843	         10.14525034	         -2.63856166	         -4.42495721	          2.38315837	          3.82396853	         -0.08913892	         -0.17678068	
          7.30000000	         38.02429989	         51.13509827	         13.68286012	         18.00308470	         13.38495644	         92.35100064	         55.60042338	         80.49403525	        119.19433924	         32.35886463	         15.04437135	         25.62804252	         57.10606293	        140.88870786	         13.94021684	         21.15216843	         21.42214265	         24.16669811	         27.04362498	         53.08045396	          7.38338800	         13.92996072	         17.95685015	         31.06969174	        111.30631501	         51.82509905	        122.68941591	        116.90572317	        490.48184525	        175.20987270	         76.44985878	         78.91258033	         38.39165388	        219.20102654	         18.24612238	        352.31197786	         65.43434618	         20.02289608	         60.41836625	         30.72206611	         13.35740964	         19.56890157	          6.32442505	         70.86666179	          4.20731254	          5.59642459	         22.84759521	         35.39703589	          0.19093303	         49.16879207	         34.90996449	         58.24481578	        125.45037459	        282.83034522	         12.89418556	         17.65589065	          9.97411925	       1057.24705167	        107.72070117	         47.21581338	        385.41085684	        215.31461135	         36.18106864	         15.46436453	        612.97056063	         16.80954685	         37.03705247	         42.69967415	        183.30971062	         38.17130446	         14.93102299	       1190.49540994	         40.84714034	        249.54074700	        239.56075368	        603.25135243	        305.53740292	         92.29964619	        671.55049635	        190.58073962	          0.05719161	         -0.02774853	         -0.02664641	          0.01263049	         -0.10063986	         -0.06161335	          0.05601624	          0.23878232	         -0.20730817	          0.04343752	         -0.04596989	         -0.11961862	         -0.12026502	         -0.11368983	         36.31118921	         11.22807052	         -0.90694047	          4.41169603	         -3.02923173	         -0.87445562	         13.21767375	         -0.69659093	         -4.78646013	          2.77975893	          4.44879118	         -0.06740511	         -0.17649856	
          7.32000000	         31.26517717	         41.70831520	         13.39204753	         17.96445660	         10.59802789	         61.42731819	         55.38917893	         82.23679023	        121.89212352	         32.67981316	         14.59979458	         24.78848326	         59.03186609	        146.10122352	         14.16611598	         21.42926129	         20.31863752	         19.48171158	         21.41574313	         39.80888997	          6.81816336	         10.80173275	         13.45017283	         28.11635750	        158.20975423	         50.60481915	        117.92471709	        120.31819511	        470.50594038	        230.26882844	         77.50053407	         85.42346534	         40.60097962	        211.42931611	          8.43821174	        353.32740512	         61.95045392	         19.25370425	         57.92436343	         29.46412512	         13.42191963	         20.03764277	          6.15362148	         46.08321839	          4.13019427	          5.69351683	         22.41418812	         34.16162950	        206.65743710	         26.46639160	         29.73129508	         47.41380438	        121.44892752	        293.78372820	         12.90564346	         17.26100740	          9.75113700	       1046.79860634	        369.27788503	         39.46106428	        383.85378191	        251.27208956	         33.24221201	         15.62629239	        659.57545326	         15.51523066	         21.62990582	         46.37983471	        186.61397775	         37.67136621	         14.92896985	       1185.84041980	         33.09164304	        276.74563548	        275.56808337	        560.33427309	        225.23728363	         91.57783886	        677.11051974	        195.84351380	          0.07941562	         -0.03033122	         -0.02431342	         -0.00808453	         -0.15530481	         -0.06653747	          0.09268059	          0.21021972	         -0.13321983	          0.03301832	          0.08735450	         -0.11791132	         -0.10057339	         -0.12065321	         30.73438925	         16.18655971	          5.17325175	          3.46325554	         -3.11702823	         -0.84671445	         13.95029012	          1.63282165	         -4.00543550	          2.76011842	          4.88472190	         -0.05851881	         -0.13819761	
          7.34000000	         26.49585589	         34.95980166	         13.19269832	         17.84474837	          9.65283462	         40.93199881	         58.57772062	         78.44310080	        123.84350993	         32.77028668	         14.03630318	         24.06861993	         60.49121567	        150.91997604	         14.55124396	         21.81022662	         20.31229388	         19.58754491	         17.81575881	         33.26534290	          7.09644069	         10.06742616	         25.43817667	         26.24139348	        189.31198202	         49.94927827	        115.35285372	        131.30114738	        385.11760884	        244.37421586	         74.22664929	         91.73913280	         42.70750394	        205.48758970	         32.29882284	        354.23491515	         58.98226331	         18.74781556	         56.03092628	         28.55846785	         13.57048334	         20.58011386	          6.08690650	         30.76078487	          4.11300761	          5.80364933	         22.24814053	         33.92435132	        194.65592376	         66.21197553	         24.71868215	         39.51577878	        122.43176434	        308.14573529	         13.08555165	         17.35548408	          9.69222601	       1037.14759346	        442.86900051	         34.61079627	        380.96685859	        217.07200855	         32.32575043	         15.87907593	        457.20389893	         10.60848372	        189.32756337	         52.09244975	        190.64415755	         38.74394014	         15.08599182	        926.34038614	         28.21918317	        292.54572935	        284.67398434	        649.05384934	        172.76009594	         75.79980517	        553.82782876	        165.34219334	          0.08664255	         -0.03134365	         -0.01631744	         -0.02865871	         -0.19046736	         -0.06146197	          0.10944819	          0.18745736	         -0.04832574	          0.02610595	          0.21461004	         -0.11276139	         -0.08256275	         -0.12563338	         23.34417396	         14.56918664	          7.85847185	          2.45785583	         -3.11336059	         -0.79138693	         12.59501588	          3.13334374	         -2.60732829	          2.47417867	          4.88431592	         -0.05294851	         -0.08480714	
          7.36000000	         23.49790130	         31.17392551	         12.98526841	         17.67873025	          9.31347558	         27.63104062	         61.61218541	         75.33707624	        125.65930596	         33.07842207	         13.58510592	         23.28185972	         61.71556413	        155.21814661	         15.64906309	         22.36258797	         20.28606070	         21.52472493	         28.71493448	         95.73166357	          9.23056687	         30.90477700	         48.50760503	         25.03363488	        205.95203138	         50.63078178	        115.50367037	        139.36116098	        309.37396493	        237.76742584	         70.67638747	         97.84445954	         44.63310655	        199.40282181	         55.05037791	        355.52950911	         56.00489368	         18.35441593	         54.49830685	         27.82525892	         13.72251264	         21.07634067	          6.09650190	         21.09683458	          4.14591948	          5.91110862	         22.14099465	         32.78450846	        189.38714461	         64.04104319	         21.90578861	         34.73658094	        126.54663290	        323.38594387	         13.34022060	         17.60870606	          9.78471042	       1027.17427837	        476.08164210	         32.73863059	        386.01817263	        174.97265216	         33.10261250	         16.17976599	        340.88119296	         99.92020101	        224.03299350	         58.96583572	        194.81846771	         23.68813607	         15.67925193	        630.63155242	         24.52473001	        297.70933431	        273.05967213	        710.22629561	        141.31433224	         79.86198462	        418.30691378	        151.88813822	          0.07920118	         -0.03097291	         -0.00715333	         -0.04377464	         -0.20322899	         -0.05380841	          0.10755578	          0.16863488	          0.02430349	          0.02590104	          0.31591585	         -0.11579665	         -0.06837320	         -0.12875936	         14.86364287	         11.20339812	          6.32301041	          1.96146358	         -3.48843500	         -0.88099901	          9.90196640	          3.18376983	         -1.26528774	          2.15915837	          4.44939260	         -0.05668757	         -0.03999326	
          7.38000000	         22.55762895	         29.61980430	         12.81879469	         17.50117821	          9.08401799	         19.13616724	         64.53668360	         70.92261016	        127.18734613	         33.23665249	         12.97503587	         22.44892994	         62.72219078	        158.64693859	         17.10307005	         22.89112063	         20.30485140	         29.87121351	         68.96271570	        133.78752044	         12.75964224	         40.04638165	         54.10330302	         24.53098618	        172.18602483	         50.59523360	        113.49077097	        155.01872466	        255.16108094	        191.48723549	         62.69521811	        103.69509622	         46.37569799	        192.22318400	         54.45886331	        354.47836431	         52.85458774	         17.94163556	         53.17423669	         27.12792486	         13.81645633	         21.40933876	          6.15188701	         14.80956929	          4.19276451	          5.99159673	         22.18107760	         40.06356639	        197.78469649	         64.37076218	         20.54911653	         33.24916559	        129.73168968	        327.92370287	         13.65881966	         17.98063835	          9.96541690	       1038.34445761	        423.26193639	         33.95067153	        258.83154096	        140.64632568	         46.23039851	         16.47542180	        295.24744445	         81.75950736	        310.08847098	         66.79236510	        198.37408231	        210.06283725	         24.84285498	        417.00950709	         22.80345684	        294.11478646	        239.03666477	        700.87465090	        125.62960134	         54.36871349	        284.29290038	        103.52494999	          0.06206114	         -0.02880142	         -0.00077802	         -0.04897993	         -0.19689792	         -0.04879993	          0.09482854	          0.15144690	          0.07431666	          0.03086579	          0.41022685	         -0.12618451	         -0.05860292	         -0.13061698	          7.30112589	          4.78933740	          3.17583685	          1.31211101	         -3.87540420	         -0.89927769	          7.43616781	          2.22641279	         -0.50440336	          1.79106430	          3.95824208	         -0.05678482	         -0.01845837	
          7.40000000	         21.91408487	         28.42930484	         12.75646203	         17.39518140	          9.00700533	         13.69919920	         67.40858534	         65.73639080	        128.29923501	         32.96528184	         12.44069669	         21.63347918	         63.13455829	        160.74427169	         22.92927811	         25.49870334	         20.43300555	         42.22496292	         84.66865114	        156.16070415	         14.14829341	         39.13066531	         52.87384604	         24.60185704	        136.20071741	         49.74228761	        109.10500495	        164.92095165	        214.08247617	        129.77421953	         52.07757516	        109.26279071	         48.08250949	        184.57504393	         47.92780936	        350.26160324	         49.67711949	         17.84206059	         52.48145866	         26.80358360	         13.90198250	         21.61106264	          6.24088310	         10.61838317	          4.26047447	          6.09976706	         22.26162817	         50.36925744	        198.34129252	         62.31294163	         21.11878305	         34.72102758	        129.74183107	        324.04434280	         14.09741358	         18.41856533	         10.16896500	        989.08134088	        314.95966402	         75.71014723	        174.38836256	        111.97351426	         89.64305702	         16.76392765	        289.71379325	        101.70176749	        289.03358653	         75.68984932	        217.12743525	        356.47938110	         36.47726911	        292.11210161	         22.72241341	        285.82815196	        200.35243595	        611.24634978	        120.75323581	         37.95777998	        196.00722866	         71.90012934	          0.04201361	         -0.02374616	          0.00112654	         -0.04534922	         -0.17639411	         -0.04728688	          0.07678490	          0.13178985	          0.10010058	          0.03546751	          0.56732311	         -0.13521671	         -0.05094045	         -0.13188629	          4.22160666	         -2.11811416	          0.45890042	          0.50068012	         -4.27436643	         -0.89067475	          6.13272618	          1.12481031	         -0.43586496	          1.42553770	          3.69427595	         -0.05687174	         -0.02129634	
          7.42000000	         21.50030732	         27.70974303	         12.72973508	         17.30275056	          9.00495750	         10.20185327	         69.74090661	         58.39208114	        128.99043712	         32.52187539	         11.93207072	         20.96257673	         63.33831353	        162.07164593	         30.57498377	         29.08507861	         20.52527414	         44.71460144	         62.06951667	        131.16238522	         14.21593971	         32.95684300	         47.14067994	         24.62642448	        114.88038583	         47.88926605	        102.40563659	        160.02346616	        186.43812574	         93.63850004	         42.81466522	        113.76987861	         49.51377338	        178.23185336	         44.87510504	        345.61640560	         46.97074626	         17.99537926	         52.42899382	         26.81170310	         13.94953875	         21.74828347	          6.27359483	          7.79395422	          4.28029758	          6.16234144	         22.11582774	         42.93271031	        196.24020247	         60.39356530	         22.38879773	         35.66110555	        126.40286965	        313.82229160	         14.30398693	         18.68120209	         10.29476720	        900.51411720	        262.22754883	         91.02373808	        125.81295617	        100.92078758	         79.32872256	         16.92315140	        224.25563347	         61.16793067	        236.84589550	         85.18471997	        217.45734019	        291.94376600	         32.31435419	        172.15199123	         22.41550468	        275.18482369	        172.97291217	        433.31669157	        121.94529218	         27.22420672	        136.89000015	         50.87929666	          0.02506975	         -0.01565991	         -0.00005020	         -0.03694728	         -0.14782111	         -0.04826838	          0.05563284	          0.10727439	          0.10534123	          0.03402392	          0.93364232	         -0.13298727	         -0.04105271	         -0.13295539	          6.82945919	         -8.28814350	         -0.31606034	         -0.06377217	         -4.37196595	         -0.84516386	          6.05467018	          0.79294417	         -0.73694350	          1.19511351	          3.54427200	         -0.06005584	         -0.03698291	
          7.44000000	         21.09921664	         27.07715958	         12.60956725	         17.11962840	          8.90198384	          8.00786366	         70.80782145	         51.80320890	        129.15461728	         32.12592525	         11.60749592	         20.49004726	         63.56619473	        163.17106680	         24.26623181	         26.64038105	         20.36857521	         33.48560429	         44.84303954	         91.56942432	         11.83453678	         23.86032551	         33.58603855	         24.56433254	        111.79242181	         46.07861223	         95.41080298	        140.53339761	        175.83397968	         95.92860345	         36.66457268	        116.46128135	         50.25711453	        174.39515794	         32.46206305	        343.77239989	         45.05047273	         18.06092476	         52.66091760	         26.82015560	         13.74517959	         21.43938632	          6.32402716	          6.53333682	          4.25039231	          6.07586689	         22.22990903	         54.67026182	        119.83672653	         41.76055220	         24.26697236	         37.51182898	        137.57918709	        318.46421506	         14.60138493	         18.97585510	         10.39120579	        834.21477005	        268.26089511	        114.61882553	        105.26874925	         80.48554948	         68.34632024	         16.95323743	        181.15921208	         53.07530388	        198.41677331	         92.12453023	        210.38112138	        201.71655356	         26.78948089	        178.78756020	         22.61320110	        269.25926468	        125.02742061	        299.27542968	        129.83613361	         19.87825347	         96.88502206	         36.63677359	          0.01388836	         -0.00587266	         -0.00243850	         -0.02933736	         -0.11527032	         -0.04822893	          0.03282122	          0.07884211	          0.09721007	          0.02578844	          1.69559665	         -0.11791361	         -0.00751380	         -0.13384006	         12.25476994	        -11.72334374	          1.28660399	         -0.11819189	         -3.99011164	         -0.72708304	          6.53512524	          1.41553273	         -1.00726782	          1.18612739	          3.20827346	         -0.06531999	         -0.05304567	
          7.46000000	         24.14603488	         30.93812786	         13.06821722	         17.10960127	         10.29837980	         18.89224914	         72.51910842	         44.76087542	        128.37401571	         32.03422409	         11.40335880	         20.19380431	         63.55211712	        163.91575460	         19.22584294	         24.03557209	         21.22708579	         25.82204229	         33.37251756	         65.01980623	          9.20171162	         17.47199800	         23.51959304	         25.84783825	        107.33538498	         44.47450306	         89.91959211	        123.47785185	        230.56317347	        125.00820385	         32.31737840	        117.36477848	         50.94839866	        172.88195233	         22.52483984	        344.89033072	         43.88454718	         19.36789931	         54.34989234	         28.15393891	         13.57532068	         21.24611310	          6.35954200	          7.03779334	          4.19900903	          5.98431867	         22.57663028	         45.77879448	        101.70374846	         29.09966627	         25.38619439	         38.30099229	        143.46545654	        421.86137914	         15.26100241	         19.41242766	         10.47110034	        849.25199859	        284.57962551	        139.09420427	         90.76913308	         63.83326123	         61.16951033	         16.87409810	        153.22032934	         39.52836837	        198.94220915	         97.57721305	        205.50089955	        141.59241354	         22.58456978	        307.54979886	         26.06796865	        295.05107231	         83.49300560	        205.46619328	        137.79779476	         18.78970848	         70.57458651	         28.90751435	          0.00785558	          0.00409497	         -0.00434599	         -0.02634890	         -0.08498049	         -0.04310153	          0.00965858	          0.04896524	          0.08330651	          0.01477444	          2.94923369	         -0.09550356	          0.04689479	         -0.13450045	         17.79842708	        -10.95336113	          4.14006521	          0.19092735	         -3.01971704	         -0.47089067	          6.64180985	          2.57529811	         -0.90367944	          1.35346212	          2.58972357	         -0.06795147	         -0.05877488	
          7.48000000	         33.55372090	         53.95083746	         13.32641551	         16.85002923	         12.24436709	         34.94640644	         72.26395358	         40.40552548	        126.73625261	         31.95021024	         11.32137729	         20.05431334	         63.56403558	        164.42735640	         17.21025501	         23.79254718	         22.11711815	         21.04651992	         25.99561280	         47.81666008	          7.72750905	         13.41464506	         17.23191839	         27.03061142	         99.84261866	         43.48410775	         85.04639265	        122.75603521	        254.29893825	        150.04536871	         30.19779725	        115.93274250	         50.74951888	        172.74939269	         16.33829644	        346.97765032	         43.34444551	         20.39080584	         56.01174588	         29.30868531	         13.51235452	         21.16987193	          6.36042721	          7.11807613	          4.17502812	          5.96866435	         24.80486820	         43.36309595	         35.09815721	         20.86936582	         26.45190955	         39.25775069	        136.22901456	        483.63419038	         24.04451741	         24.40740259	         10.51854071	        822.78981234	        304.85015520	        117.65922909	         84.10784371	         63.54901916	         64.29439250	         16.81762932	        134.92709829	         61.72978023	        226.50859143	        105.26241470	        203.22470891	        102.13899687	         20.17775213	        414.79099370	         34.42052933	        315.13823949	         69.48317711	        142.16474435	        144.30036868	         18.09957454	         53.15799303	         26.11764875	          0.00549954	          0.01331428	         -0.00521183	         -0.02950777	         -0.06123387	         -0.03115677	         -0.01247963	          0.02123892	          0.06801985	          0.00561975	          4.67737354	         -0.07150066	          0.08452772	         -0.13494027	         20.55744426	         -8.20274853	          7.00434463	          0.31200269	         -1.74409903	         -0.12014077	          5.97730101	          3.68570858	         -0.36600369	          1.45747682	          1.79762164	         -0.06478749	         -0.05078261	
          7.50000000	         38.25269048	         64.95906422	         13.45646040	         16.46513067	         13.42435754	         41.30876702	         71.05083640	         39.22497683	        124.97990013	         31.80320431	         11.32447961	         20.02523832	         63.39256219	        164.35720357	         16.97824853	         23.73699125	         22.98789440	         20.93188867	         21.31876928	         36.77978343	          7.52971867	         10.99549280	         13.48790637	         27.46038656	         94.01172100	         43.12343373	         82.71304816	        130.19163143	        258.51303726	        161.05178945	         29.43261982	        112.52241950	         49.96112106	        173.19459248	         12.05545976	        348.11466791	         43.21400701	         21.34681547	         57.71733720	         30.40986265	         13.48762364	         21.15067167	          6.35747501	          7.16287408	          4.16146173	          5.96773857	         25.39379462	         42.79148114	         74.45851783	         15.60306886	         27.09633570	         39.73441705	        125.58252639	        492.76583080	         26.11250973	         27.14451945	         10.48439658	        765.42879096	        326.15806393	         88.28049561	         79.81458247	         63.47524228	         60.47343890	         16.73246874	        122.91989944	         64.73064223	        277.97040981	        109.83463345	        203.35129758	         76.52801476	         19.50257820	        423.68602504	         32.43496492	        407.74189027	         66.86480728	        100.43474662	        149.72086005	         18.12262008	         48.94055970	         26.01569318	          0.00584082	          0.02192051	         -0.00514486	         -0.03808190	         -0.04571906	         -0.01510439	         -0.03163348	         -0.00184381	          0.04985379	         -0.00003880	          6.87519284	         -0.04762839	          0.09641363	         -0.13533913	         18.95454040	         -5.89783934	          8.06462013	          0.58936372	         -1.29733175	         -0.05825103	          5.41459454	          4.12539377	         -0.08209921	          1.49453993	          1.13391280	         -0.06751594	         -0.04623022	
          7.52000000	         31.49249842	         49.88396066	         12.59684174	         15.86510567	         11.15407697	         34.78016605	         66.77850629	         40.36602730	        123.96716804	         31.80091101	         11.39111328	         20.06647738	         63.10454732	        163.78296723	         16.98249544	         23.45541568	         20.86269780	         21.59839806	         19.58449893	         29.80060117	          7.90002466	         10.58081148	         14.18530380	         26.27774279	        100.01888085	         42.93446325	         86.41232910	        139.80689180	        261.11892068	        178.23961913	         31.53060135	        107.49015775	         48.39986777	        174.12142993	         11.69687395	        350.46389632	         43.42904362	         21.25788488	         58.21425291	         30.36179514	         13.45256771	         21.16703019	          6.31112784	          6.85454032	          4.12787023	          5.95283440	         25.46200880	         40.70328933	         73.30607388	         12.18374572	         27.90809560	         40.50266059	        116.71685492	        455.42823761	         21.83777318	         25.61901717	         10.58884772	        848.95987633	        257.15399342	         69.12230594	         84.20732518	         60.14192155	         56.56149256	         16.62876998	        115.09406246	        107.19077308	        323.78723547	        113.24782702	        203.40767142	         60.11583321	         19.38957837	        383.69966342	         28.45496086	        450.44810253	         75.15223372	         72.94160478	        154.68526604	         20.14222250	         51.79568269	         28.19634937	          0.00739954	          0.02895544	         -0.00401306	         -0.04761241	         -0.03666905	         -0.00098632	         -0.04630686	         -0.01943125	          0.02516728	         -0.00394208	          9.50240283	         -0.02284535	          0.08915240	         -0.13582594	         13.02545827	         -3.62317780	          6.47362184	          1.45217364	         -2.39444299	         -0.51310623	          5.52506101	          3.82157899	         -0.40449111	          1.56385561	          0.73982114	         -0.06960969	         -0.04966156	
          7.54000000	         26.08213856	         38.39495988	         11.65514256	         15.18482235	          9.20426801	         24.52316774	         62.06623164	         45.40693833	        123.10196532	         32.27508278	         11.48782697	         20.19765069	         62.78265158	        162.91553186	         16.83901543	         22.99681332	         19.01453981	         22.44870339	         20.82203027	         42.94845823	          8.39592873	         11.70314981	         20.73825292	         24.74379642	        109.40240288	         44.24980204	         91.30585588	        163.29289467	        267.64357553	        202.87005608	         37.21178283	        101.63538357	         46.45070339	        175.59687319	         13.53094146	        355.41221526	         43.99578126	         20.55263429	         58.00563871	         29.66156022	         13.48328410	         21.22911844	          6.27497620	          6.81346511	          4.12252200	          5.94558962	         20.63371867	         38.45878110	        104.36887419	          9.92119662	         28.54668819	         41.10574887	        110.75641582	        436.09720634	         16.66785267	         19.65959336	         10.30836125	       1024.65642402	        176.19490875	         56.55689697	        105.37489419	         45.82209015	         53.72437286	         16.49622762	        109.44407215	        154.10726850	        370.47842839	        112.07545083	        203.72650592	         49.15592214	         18.49131298	        325.58438240	         24.58898517	        477.55799448	         73.83257888	         54.87877900	        158.75224653	         25.79504297	         59.41352459	         35.50902750	          0.00724476	          0.03153985	         -0.00185205	         -0.05306579	         -0.02840130	          0.00800852	         -0.05749021	         -0.03220307	         -0.00307847	         -0.00727482	         12.21568092	          0.00146046	          0.07494546	         -0.13631906	          5.24260777	         -0.18395655	          3.64053892	          2.04099356	         -4.22411906	         -1.13680372	          5.56928411	          3.20428009	         -0.59366610	          1.45380106	          0.58878732	         -0.05098435	         -0.03960505	
          7.56000000	         30.80035529	         43.55605226	         11.90948025	         14.86378248	         10.60190512	         40.71159137	         60.70930719	         45.11425085	        120.90025324	         32.43184734	         11.63263795	         20.44676553	         62.35631963	        161.70420860	         17.86222437	         23.47179360	         20.24651803	         22.62067054	         19.88183644	         39.25912883	          8.04715456	         10.53593029	         16.61765648	         26.04925768	         93.36992033	         43.31083343	         90.61869029	        200.66973835	        282.86533516	        195.80103765	         37.11765092	         96.52555086	         45.12254564	        177.22138026	         10.67916954	        359.84272026	         44.87026447	         21.14043804	         59.32825783	         30.40974490	         13.48621012	         21.25549833	          6.20599976	          6.64762018	          4.09530806	          5.90482614	         19.91778071	         36.61704874	        111.57855999	          8.48672745	         29.06040405	         41.72946150	        108.95637029	        438.55706989	         14.26086803	         18.76841626	         10.25542873	       1039.65283231	        122.94021794	         48.22514703	        185.32187835	         36.27013056	         51.79499221	         16.34405406	        214.80156854	        171.18767941	        392.33508985	        112.48257406	        203.87363680	         48.26244548	         17.54524579	        359.54954046	         21.83390012	        501.95304477	         62.84433178	         43.11140102	        161.52556795	         39.87740444	        123.25074775	         60.33548481	          0.00377650	          0.02881109	          0.00115113	         -0.05254392	         -0.01596856	          0.01249324	         -0.06637787	         -0.04047778	         -0.02701203	         -0.00844076	         14.29085044	          0.02163709	          0.06673398	         -0.13663118	          0.53801349	          1.77311926	          1.53216854	          1.66978534	         -5.38180943	         -1.40242019	          4.93582301	          2.47204099	         -0.10453991	          1.07325757	          0.57942484	         -0.02391986	         -0.01260050	
          7.58000000	         47.27169075	         75.08493100	         12.48338765	         14.55200473	         18.66609860	         66.20492640	         73.42656031	         47.53157487	        116.71689890	         32.26625329	         11.79954792	         20.73097967	         61.78901660	        160.00061235	         21.29244479	         24.54715326	         50.82823210	         22.92751542	         19.82668256	         39.89818368	          8.06513248	          9.97769159	         13.85806176	         30.03335602	         82.81569806	         41.08234105	         81.76671437	        240.38421204	        314.30880301	        169.44361472	         39.46877853	         91.97322552	         44.06979066	        178.04382903	          8.77368549	        360.67453069	         45.78814860	         21.06163969	         59.69643746	         30.41116364	         13.56253606	         21.31373617	          6.26134431	          7.00023511	          4.14590289	          5.93055828	         19.71222805	         35.61321725	         92.95322387	          8.30124411	         29.44997460	         42.36218995	        109.23449947	        443.43014445	         14.20554221	         18.72305308	         10.28762122	       1051.47309782	         88.03538605	         42.61029829	        154.15282823	         29.89788977	         50.24748998	         16.24019449	        388.05154484	        149.98944839	        373.75117246	        112.64226984	        204.02585788	         49.73719116	         16.77495426	        457.29161549	         21.87623997	        580.36692938	         46.84132620	         35.25036956	        162.58451192	         47.89943460	        197.85678703	         77.47198685	         -0.00155973	          0.02398657	          0.00438222	         -0.04785172	         -0.00001481	          0.01444256	         -0.07278657	         -0.04357929	         -0.03987017	         -0.00478536	         14.99472628	          0.03338824	          0.07023199	         -0.13670978	          1.71787610	          2.89033866	          0.14043328	          0.93782109	         -5.71715876	         -1.32101607	          3.78044069	          1.29319777	          0.47099546	          0.70150703	          0.63797084	         -0.01728854	          0.00451556	
          7.60000000	         64.47076401	        116.45350822	         12.85241435	         14.29632879	         28.31345471	         85.84463263	        107.42297656	         48.77440669	        109.61512367	         31.48116367	         12.00940981	         21.07322149	         61.04096338	        157.57299294	         22.92720163	         24.33974456	         91.47667375	         23.26910325	         20.02751978	         40.73832684	          8.18323087	          9.98633092	         12.38430488	         33.48619368	         76.36564012	         36.71465324	         70.57443607	        267.19512585	        351.42790304	        129.68232748	         42.40843066	         88.71572625	         43.13355018	        177.28015562	          8.19227672	        356.78991965	         46.58063505	         20.61567588	         59.69365316	         30.06717815	         13.78278481	         21.40686950	          6.35425882	          9.95515416	          4.24091072	          5.98269546	         19.52104233	         35.08738722	         64.12441097	          8.47231562	         29.76165269	         42.97828983	        111.48080585	        423.17899318	         14.12009654	         18.64326411	         10.31436737	        964.01619820	         65.20240696	         39.33542697	        120.67006892	         25.63136846	         49.45868453	         16.14149018	        454.03241232	        113.51889159	        330.74318234	        111.41037015	        204.49309171	         51.18339173	         16.27536176	        488.26176512	         23.80484060	        726.69962650	         36.87982476	         32.88735209	        162.14139805	         50.02413298	        203.83375816	         80.61775413	         -0.00581185	          0.02101614	          0.00709743	         -0.04151536	          0.01588156	          0.01569812	         -0.07623799	         -0.04197824	         -0.04016908	          0.00371228	         14.31080522	          0.03431478	          0.08089230	         -0.13675758	          6.46026890	          3.10709925	         -0.22099616	          0.31305414	         -5.41976978	         -1.08005973	          2.94672779	         -0.23236640	          0.38364163	          0.52894041	          0.63113753	         -0.02522123	         -0.00342232	
          7.62000000	         77.24001105	        147.03147749	         13.13835420	         13.97415768	         35.28341759	         92.82776469	        163.49908891	         51.91380788	         97.71502399	         30.00097212	         11.97203053	         21.67196671	         60.35057601	        154.67737339	         24.16861850	         23.98057796	        105.30983189	         23.54081827	         19.99948309	         40.69815159	          8.23673115	         10.03393598	         11.98345823	         36.53941609	         73.49343723	         32.87105847	         61.42274339	        276.90917971	        360.71511852	         93.62581756	         42.82009907	         85.09466588	         42.01460056	        175.14418483	          8.24646099	        350.11289713	         47.55691557	         20.35914624	         59.73944161	         29.84930368	         13.87484062	         21.54085122	          6.42305341	         10.94839227	          4.30559394	          6.01767439	         19.31536010	         34.71417580	         45.15474743	          8.68140981	         30.13127218	         43.59460775	        111.61511865	        411.17920231	         14.01907720	         18.53382036	         10.32370772	        895.19953300	         50.19266608	         38.90437319	        112.45862691	         22.76107196	         48.48927711	         16.04092978	        445.63690184	         85.14503233	        295.11510925	        109.00909015	        204.39222006	         52.70871998	         16.13720063	        465.93698263	         23.79518698	        894.23021800	         31.95611197	         32.69905637	        160.83069934	         49.19586578	        162.06796143	         74.77244359	         -0.00704853	          0.02091184	          0.00972858	         -0.03671292	          0.02813529	          0.01776587	         -0.07673952	         -0.03923835	         -0.03112599	          0.01246661	         12.92659312	          0.02639926	          0.09412953	         -0.13684006	         11.01994678	          5.69579569	         -0.61117173	          0.53208575	         -4.73572471	         -0.86427045	          3.01288604	         -1.81159574	         -0.59525835	          0.69965623	          0.39993617	         -0.03667803	         -0.03456764	
          7.64000000	         81.66522480	        157.56720540	         13.03460373	         13.75607696	         37.60894862	         92.04132009	        206.93835307	         56.86177142	         80.65127818	         27.74509315	         15.03132811	         23.21539709	         59.78091026	        151.53198891	         24.04863764	         23.88098821	        103.46103920	         23.92186053	         20.20860063	         40.49674830	          8.38055059	         10.32587007	         12.09752947	         38.60865549	         74.13786554	         29.94859816	         54.94588126	        267.71513561	        355.99409956	         67.67612733	         42.63610839	         82.71620336	         41.67212852	        172.60298235	          8.63065666	        343.83865198	         49.76875158	         20.51557647	         60.22025528	         30.11138574	         14.00858470	         21.73980892	          6.44402249	          9.18556810	          4.37312618	          6.07276223	         19.14047329	         34.82688696	         35.68623323	          8.72966252	         30.41012671	         44.01563919	        111.93615426	        469.97273033	         13.91280260	         18.41195747	         10.33822845	        922.77157081	         40.28767752	         38.33586616	        114.40494443	         21.09747097	         47.23238236	         15.96284651	        383.06087562	         74.84957420	        287.20327354	        105.70504240	        204.22524781	         54.27995259	         16.27560098	        373.28584605	         23.39929492	        993.98533614	         22.34560093	         32.59847513	        159.11203107	         39.43013683	        119.29933001	         57.54021755	         -0.00636248	          0.02165881	          0.01324624	         -0.03598070	          0.03675315	          0.02086996	         -0.07631276	         -0.03807190	         -0.01817164	          0.01658807	         11.50994528	          0.01600852	          0.10780825	         -0.13520564	         12.23332517	         11.82954746	         -1.06220863	          1.41992649	         -3.82599059	         -0.69105557	          3.82824496	         -3.01784291	         -2.03569105	          1.13241861	          0.09925691	         -0.04433228	         -0.07660452	
          7.66000000	         80.24447468	        155.81814120	         13.17505509	         13.50642396	         37.34701048	         82.88627516	        198.72022586	         54.95914468	         66.23447601	         26.46220819	         17.49375618	         26.13585995	         58.95707146	        148.48785926	         24.19562411	         23.35591823	         92.53284354	         24.64509039	         20.59843361	         40.36202536	          8.65394949	         10.46095186	         12.42700808	         37.58347832	         75.36473436	         28.12915462	         51.31820975	        249.63607568	        334.02864402	         52.59246721	         39.19149306	         78.42625101	         41.91261136	        171.12832614	          8.76206853	        336.75320029	         67.18257291	         20.82156352	         60.57607071	         30.04485023	         14.10717349	         21.98431895	          6.46666078	          7.56673964	          4.43872571	          6.11011188	         18.94107124	         35.99355604	         42.52314191	          8.53280540	         30.44180272	         44.14282409	        119.32090641	        613.19957735	         13.79493384	         18.29040878	         10.37513540	       1009.39849477	         31.78929699	         37.62565966	        128.64205980	         22.29430606	         45.65691304	         15.88557634	        277.75830324	         90.65756182	        304.07385390	        101.63693169	        204.07332245	         55.93721313	         16.90537970	        292.11181691	         21.58065546	       1007.75540312	         73.97084938	         32.52743011	        157.35784442	         31.70791220	         89.12820851	         45.03032461	         -0.00722906	          0.02090578	          0.01806972	         -0.03935944	          0.04355252	          0.02393154	         -0.07908857	         -0.03845073	         -0.00587402	          0.01462469	         10.40047651	          0.01001824	          0.12195572	         -0.12345429	          9.01174538	         20.14252230	         -1.03113544	          2.04684365	         -2.87990336	         -0.50518126	          4.83884207	         -3.41522245	         -3.18828362	          1.51559857	         -0.07308410	         -0.03952730	         -0.11016065	
          7.68000000	         77.93392061	        151.00659765	         13.93161239	         13.42429121	         37.63680069	         75.23920206	        145.34309372	         48.93520842	         60.19900142	         25.09720335	         18.84774792	         28.83997243	         57.84614275	        145.64276751	         25.14049926	         23.38386481	         89.43672174	         25.28256357	         21.07692022	         40.33012009	          8.95682201	         10.92828924	         12.91588381	         35.48037252	         76.10583654	         27.45480381	         50.64741081	        226.61942234	        308.81156705	         40.21811231	         34.62527099	         76.38492900	         40.46868042	        170.67057380	          9.31599649	        325.32529805	        101.63468100	         21.31774683	         61.56066521	         31.09807762	         14.21104009	         22.19656949	          6.50328458	          7.00088282	          4.51196858	          6.13478607	         18.83821257	         36.00810627	         54.10166398	          8.21156634	         30.57391384	         44.46264416	        113.55929038	        685.69831880	         13.70983441	         18.24185850	         10.48397157	       1000.35208526	        109.22290749	         36.83594860	        177.73650530	         37.35636615	         43.79569968	         15.79870778	        291.08793884	        112.60032583	        326.51094152	         96.95467538	        203.60013783	         57.73585940	         17.47365764	        231.46202553	         20.11954109	       1111.18400546	         82.82788448	         32.61839864	        156.12659151	         27.90582515	         71.90953026	         38.85394350	         -0.01337365	          0.01753262	          0.02377140	         -0.04572652	          0.04951678	          0.02602361	         -0.08941168	         -0.03893714	          0.00295786	          0.00834427	          9.68595090	          0.00883599	          0.13539263	         -0.09332331	          1.57841307	         26.02561648	         -0.70430235	          1.70884572	         -2.00595894	         -0.26527481	          5.52519164	         -2.70918505	         -3.39063575	          1.60661298	          0.00056823	         -0.01458629	         -0.11833366	
          7.70000000	         73.85896256	        143.29440627	         14.91141869	         13.37169729	         35.75370359	         64.37908775	        106.67276211	         42.40200934	         53.62761950	         24.15304126	         20.39642257	         31.54605135	         57.09606465	        143.91908044	         23.47289837	         23.74566302	         67.24533026	         26.12887274	         21.56506867	         37.44714095	          9.23855660	         11.32883854	         13.43339969	         32.20332944	         77.44390811	         26.95508650	         49.92160070	        200.86487487	        282.73434095	         80.44409431	         29.75485391	         73.76579419	         38.59119258	        171.58665101	          9.70169117	        319.71344524	        105.83674321	         22.29750563	         62.84860272	         31.92096948	         14.33950564	         22.29664695	          6.59647318	          7.08460525	          4.62562340	          6.16107260	         18.78071813	         37.13726221	         58.49422022	          8.03197947	         30.94559494	         44.95440652	        114.12968134	        762.70739394	         13.65457299	         18.28383531	         10.67948369	        980.40800128	        142.67285153	         35.92302444	        196.17883915	         41.35386088	         41.43187147	         15.68602668	        260.56235149	        123.16223375	        337.13313559	         91.78532112	        202.99932664	         59.80875209	         17.83734720	        210.58477872	         19.60599926	       1196.30962033	         86.56897497	         32.75355693	        155.46404214	         24.34584622	         62.77684592	         33.83964228	         -0.02627645	          0.01250524	          0.02882605	         -0.05377051	          0.05572715	          0.02640419	         -0.10933158	         -0.03684990	          0.00749375	          0.00021790	          9.34872860	          0.01281918	          0.14678454	         -0.06191647	         -4.39074957	         24.56762983	         -0.11157042	          0.98747717	         -1.45418748	         -0.07898838	          5.82646058	         -1.18081166	         -2.69021205	          1.49179122	          0.24969398	          0.01608807	         -0.10164943	
          7.72000000	         67.50909073	        132.71946959	         14.05232524	         13.15085505	         30.02560675	         52.58752556	         80.41903755	         40.03323451	         52.71886355	         24.09766613	         19.50714743	         29.41413330	         56.89566018	        143.39218431	         20.60083432	         22.93179479	         48.37786630	         27.18358742	         22.24861602	         34.15521209	          9.61368012	         11.97595484	         14.15317500	         29.55735487	         91.01263999	         26.63880398	         49.39967747	        168.98117661	        277.67169180	        167.27389820	         27.97901945	         71.15321206	         37.20826997	        173.59793514	         10.56655049	        323.01044732	         83.21267317	         22.79346925	         63.25637021	         32.35759972	         14.45105919	         22.21783735	          6.81735623	          7.49998514	          4.79774507	          6.21710293	         18.99797327	         38.55725109	         56.09013096	          7.93897203	         31.44629635	         45.60544258	        156.97614595	        795.57597214	         13.72567252	         18.50239727	         10.99870546	        995.37275803	        152.85543525	         35.19505077	        130.75001433	         40.00951954	         39.21860228	         15.54940257	        202.65328164	        120.20126021	        329.27863960	         86.46932941	        201.71180365	         62.67640594	         17.85853665	        304.24966553	         21.68882965	       1278.31053464	         66.87743115	         32.91385278	        155.39227758	         22.93160859	         63.71287789	         32.49163814	         -0.04486398	          0.00850266	          0.03153875	         -0.06137447	          0.06310606	          0.02478214	         -0.13872646	         -0.02867087	          0.00861643	         -0.00839581	          9.33237529	          0.01847530	          0.15619280	         -0.04556376	         -3.50980858	         15.81890092	          1.28303505	          0.77686461	         -1.45067658	         -0.04136327	          6.02254086	          0.24221353	         -1.93202590	          1.31602324	          0.37170337	          0.02552569	         -0.08084504	
          7.74000000	         65.28963422	        132.47428980	         14.29632869	         13.05521593	         27.91338032	         46.03874138	         63.11280061	         37.03066794	         69.77571768	         25.86481005	         16.46477064	         25.81878959	         57.18412954	        144.35244903	         19.33377325	         22.82892130	         36.36817410	         28.19809185	         22.96485473	         32.37905214	         10.01881644	         12.56569549	         14.79767778	         27.58556449	         96.76158103	         26.87953117	         49.77963170	        142.26766781	        266.85323601	        220.24908976	         25.33541149	         69.16129471	         36.20674535	        176.64064984	         11.17200914	        325.94703533	         66.79409416	         24.92148793	         64.78316246	         34.71049447	         14.40831047	         21.81628366	          7.04767637	          8.33272214	          4.93510759	          6.21531460	         19.41740954	         36.35592790	         40.66480368	          8.16894668	         32.34332722	         46.62013833	        152.82462495	        760.75698456	         13.91144006	         18.87445572	         11.39227417	        851.24427600	        129.47217856	         34.70540128	         92.43369610	         34.96569330	         37.07993285	         15.29766060	        164.33798469	         89.91432716	        291.56081433	         81.12140697	        199.17388860	         66.13039074	         16.89096630	        386.91856800	         33.97343885	       1441.14138784	         50.62243392	         33.22876412	        156.02051315	         24.35391396	         67.82787082	         34.49881130	         -0.06661965	          0.00837103	          0.03052831	         -0.06669709	          0.07344087	          0.02249226	         -0.17492867	         -0.01366521	          0.00856992	         -0.01646516	          9.58766818	          0.02144013	          0.16115601	         -0.04523044	          0.15660475	          1.37363507	          2.71760301	          0.62001096	         -1.92582466	         -0.09380797	          6.32466597	          1.39844369	         -1.44703910	          0.99548421	          0.36818053	          0.01754503	         -0.06640545	
          7.76000000	         61.61428307	        126.11668294	         14.87918539	         13.11803951	         25.83126869	         40.58993915	         52.53484279	         35.33191142	         82.66046321	         27.40539994	         14.41329775	         23.44451612	         58.08413403	        146.81957904	         19.63660059	         23.05881516	         29.40059891	         29.16931194	         23.60462529	         32.58286441	         10.39058697	         13.13560303	         15.56013089	         26.23059453	         95.36764253	         28.08345530	         51.88586251	        123.77662779	        247.98980696	        216.92863874	         23.04439239	         67.95712612	         35.79535606	        180.41733019	         11.66973178	        332.72650676	         56.09574470	         26.59557939	         66.79654954	         36.79498617	         14.30630069	         21.12226105	          7.31260826	         12.39639885	          5.06787492	          6.17649376	         19.33337782	         33.24897360	         28.75982702	          8.31503005	         33.41728457	         48.13391517	        146.96096563	        679.42872548	         13.97512359	         19.17764236	         11.76920954	        702.12891379	         90.09423485	         33.83092810	         79.78094821	         28.26944951	         33.92564505	         14.90069564	        138.33213715	         59.68630735	        253.18959737	         75.67064877	        195.51115176	         70.32664681	         15.77624543	        378.51604897	         41.79026332	       1606.48376870	         37.06748226	         33.62781957	        157.01993696	         29.73703371	         76.47727957	         40.91187035	         -0.08888828	          0.01345578	          0.02601806	         -0.06872857	          0.08573719	          0.02034151	         -0.21351927	          0.00482274	          0.01069244	         -0.02327444	         10.05157343	          0.01889709	          0.16443513	         -0.05081758	          3.11545545	        -10.77935036	          2.53306804	          0.23262465	         -3.05637895	         -0.30053656	          6.87458654	          2.40316565	         -1.21897013	          0.51032825	          0.46918537	         -0.00397949	         -0.06052104	
          7.78000000	         50.09013996	         97.60538938	         13.39232293	         12.86165412	         20.00401050	         31.69403080	         45.45291121	         35.13860949	         93.01099150	         28.76872776	         13.31858431	         22.65027819	         59.50881397	        150.68464828	         19.47914255	         23.08263997	         23.24373604	         30.14613352	         24.50294042	         34.11157450	         10.92503864	         13.84480596	         17.17447374	         23.92964495	         99.87441219	         30.91241680	         56.59208322	        102.28053516	        230.70849921	        205.22790923	         22.10384177	         66.76483757	         35.13973993	        184.82495667	         11.79764326	        339.76108290	         50.76889674	         26.27597773	         65.32312782	         36.17677056	         13.97844348	         20.13712722	          7.56766745	         16.09145897	          5.14636101	          6.08832769	         19.60857828	         30.89595946	         27.77961577	          8.23889487	         34.08134642	         48.92376534	        126.82275110	        602.68140765	         14.31528873	         19.77363141	         12.27466419	        654.09249201	         93.54896282	         33.81250849	         71.10047445	         28.90814313	         32.16325708	         14.38720579	        119.87940305	         59.70176715	        242.08146161	         70.68831618	        190.49862207	         75.82088969	         15.03147290	        332.80897757	         42.65209174	       1745.87995703	         36.44473775	         34.05829716	        157.84095941	         39.06617604	         92.54730489	         52.73649873	         -0.11108199	          0.02137988	          0.02030149	         -0.06656015	          0.09939005	          0.01774374	         -0.25223399	          0.02208815	          0.01818032	         -0.02865134	         10.62589358	          0.00995032	          0.17188865	         -0.05670392	          4.29360237	        -16.44441374	          1.28675179	         -0.27143382	         -4.25916819	         -0.56171241	          7.47917719	          3.16521577	         -1.12163532	          0.04319041	          0.56062384	         -0.02820377	         -0.05922636	
          7.80000000	         39.74449173	         72.54799950	         11.60562011	         12.11636341	         15.26742310	         24.49233033	         39.77497622	         34.19003134	        101.61436612	         29.96107692	         12.85919468	         22.31781632	         61.17238666	        155.47697581	         18.97906699	         22.53956198	         18.66606204	         31.03961383	         25.54177266	         36.56114318	         11.46952589	         14.80240823	         19.71332407	         21.62926378	        103.51682053	         34.73559082	         64.81074241	         80.94566606	        214.33791890	        179.67579463	         20.94605484	         64.62559297	         33.90748162	        189.53767417	         16.23591248	        347.85502784	         50.35876177	         28.77765099	         67.95020613	         38.89796834	         13.47328495	         18.86129424	          7.94101499	         17.81490188	          5.16561924	          5.88703020	         24.30460959	         28.96418722	         35.33754115	          8.06451515	         34.58851582	         49.37657055	        107.99755461	        538.99773244	         14.59216871	         20.45658747	         12.85484662	        610.57739439	        133.54616369	         33.76122251	         77.65067430	         32.36325755	         29.93209663	         13.69227064	        103.86506812	         76.83558419	        243.18842373	         65.62949698	        183.85035976	         78.38712304	         14.04291904	        229.50204486	         37.17882451	       1857.60386910	         20.24256585	         34.68428676	        158.25670061	         51.33694492	        125.88887309	         71.16429337	         -0.13402883	          0.02841838	          0.01575705	         -0.06011514	          0.11412028	          0.01245868	         -0.28977147	          0.03468028	          0.03385172	         -0.03226300	         11.22859351	         -0.00355963	          0.18580741	         -0.06254342	          3.55142379	        -18.27584939	          0.74352052	         -0.15003270	         -4.39378121	         -0.62773785	          7.73911930	          3.33811989	         -1.18797965	          0.00035588	          0.40015265	         -0.03528842	         -0.06085062	
          7.82000000	         39.14421484	         71.30332285	         14.72048116	         13.50726307	         16.60418899	         21.73207854	         42.45941075	         33.34261023	        107.29917803	         31.32163767	         12.65515305	         22.18835148	         62.97817961	        160.82661457	         21.50364515	         24.55356696	         22.06772142	         31.93836947	         26.42562116	         34.75572803	         11.98863417	         15.40250560	         19.14314659	         21.50076726	         93.31908629	         36.30765491	         69.31838368	         57.54182082	        189.33128422	        122.75369006	         17.94806555	         63.60080380	         34.83562597	        194.06713788	         14.76566322	        353.61310510	         50.35312736	         34.20793942	         78.88486757	         46.60086049	         12.88214992	         16.80479636	          7.75765257	         13.32561581	          5.18712364	          5.78977745	         19.43931916	         27.29098479	         30.29267474	          8.22468279	         35.40052808	         50.10365604	         96.37111770	        468.95611808	         15.04699772	         21.06870611	         13.33650173	        415.06033690	         95.26812314	         35.79262681	         53.58903851	         37.08186084	         31.11914818	         13.00628901	        180.58084193	         66.51427812	        231.33970890	         61.55439606	        178.41810348	        116.20873092	         17.57153485	        152.49583723	         28.50489580	       1930.62990015	         79.85004855	         36.04720948	        158.57099182	         68.99107741	        249.94217096	        103.66932260	         -0.15714974	          0.03378544	          0.01303655	         -0.05138896	          0.13139323	          0.00145662	         -0.32230763	          0.04309581	          0.05981155	         -0.03255069	         11.85202115	         -0.01587518	          0.20173113	         -0.06794341	         -1.67938141	        -22.26399616	          1.51283823	          0.21278379	         -3.60673972	         -0.47747982	          7.65290383	          3.28548376	         -1.16565792	          0.18731691	          0.08184616	         -0.02463221	         -0.05847047	
          7.84000000	         42.45119124	         79.14959329	         22.37933527	         20.59606925	         20.71324216	         20.49003437	         59.87319168	         33.09429491	        109.48717444	         31.94892274	         12.25227140	         22.54495557	         64.82019532	        166.38756952	         24.09396289	         29.59795835	         36.41764643	         33.08822492	         27.12562693	         32.48492330	         12.64061875	         15.81312258	         18.48152970	         22.27227392	         87.13889811	         34.61681889	         63.77502659	         43.02158711	        173.47610751	         85.41278948	         15.91445115	         99.05721746	         40.76293287	        197.91246107	         14.22270972	        352.97373021	         49.48126904	         35.53072699	         87.95123787	         49.38022096	         41.19859155	         53.65561143	         12.06368133	         18.14903006	         10.21629611	          8.69832384	         19.83591130	         25.94194671	         22.82061936	          8.73587806	         36.48978451	         51.49491765	        112.43614408	        378.24954267	         14.92647334	         21.45302983	         14.02140211	        284.70949040	         69.69921818	         32.79564381	         37.69339327	         28.29953440	         26.90262235	         13.18431738	        154.15531146	         48.38655747	        216.40902377	         55.78889909	        195.47446811	        421.78849685	         15.63401432	        103.34940552	         23.24036395	       1925.74082036	         55.14943850	         38.29249968	        158.84801343	         75.87039049	        292.37188804	        116.24482302	         -0.17687374	          0.04097799	          0.01144468	         -0.04261169	          0.15420815	         -0.01594539	         -0.34369440	          0.05082175	          0.09323317	         -0.02915406	         12.56143784	         -0.02304562	          0.21145137	         -0.07099803	         -9.05074184	        -26.42282041	          2.51951674	          0.21762816	         -2.87156311	         -0.28996515	          7.40240969	          3.15975682	         -1.09925846	          0.24614532	         -0.12963737	         -0.01128178	         -0.05519331	
          7.86000000	         44.13888636	         79.26140930	         28.93434090	         25.54536143	         23.27052011	         19.04000531	        128.00141821	         32.81296728	         90.05737189	         30.39684200	         12.22387370	         15.89537736	         66.57820170	        171.97195358	         24.89078808	         37.41973436	         46.26439273	         34.06619012	         27.33675365	         30.67138382	         12.61081855	         15.78478491	         18.07687190	         22.46449677	         84.00868159	         30.61870785	         56.64952073	         29.60865032	        164.56897125	         61.12334108	         14.79142022	         94.51189711	         46.59660374	        200.86367867	         14.11642144	        356.86066002	         52.68021156	         30.48824761	         77.98910494	         42.52548292	         41.18298577	         83.58058387	         14.94367481	         15.58217125	         15.27066402	         17.77804476	         22.99279609	         24.68597910	         31.60657891	          8.80860509	         36.81199470	         50.89473318	         79.82721875	        340.08131991	         18.53416949	         24.73536044	         17.55523683	        198.01667733	         52.77451182	         36.64221264	         27.25063742	         22.50738045	         25.58095769	         16.25821706	        123.81394792	         39.62461827	        229.67348161	         57.17004210	        200.75815029	        613.01499470	         15.62236068	         71.59941476	         20.43354668	       1835.42724067	         40.06089205	         40.73048691	        158.04568295	         83.75060916	        359.21960161	        131.55938731	         -0.19031754	          0.05172787	          0.01169932	         -0.03398132	          0.18371488	         -0.03653347	         -0.35246308	          0.05940746	          0.12367012	         -0.02444832	         13.42487271	         -0.02802452	          0.20330473	         -0.06890080	        -10.73698966	        -24.81038693	          2.73341171	          0.27499226	         -2.64416089	         -0.22011520	          7.04758359	          2.74476516	         -1.26591637	          0.25247885	         -0.05100009	         -0.00725227	         -0.05933755	
          7.88000000	         52.26734194	         83.68883620	         28.48589718	         18.44951117	         29.57575605	         36.11975911	         25.94436865	         39.19211011	         48.18259563	         25.19521199	         14.45064927	         77.68343407	         69.61695796	        178.72290872	         41.52024874	         51.99839401	         96.19757418	         30.54385169	         25.58964117	         40.27696660	         11.07169130	         14.58679818	         18.99945156	         28.39554064	         81.71422609	         27.56369198	         50.26529182	         49.70051036	        173.88545518	         45.26978581	         17.53919291	        327.09957134	         53.66584998	        204.50561096	         12.75553853	        373.44098437	         22.87919506	         22.62585434	         57.53610232	         31.80187010	         48.56007219	         72.83111811	         22.99725465	         21.11120001	         20.08142904	         19.12245883	         23.93596931	         23.30785234	         40.64023005	          8.66307615	         36.98502823	         50.47785181	         72.53522348	        179.60963482	         16.91181184	         24.00990047	         18.15788805	        139.68431219	         41.54147486	         34.24053125	         20.28306450	         18.54440057	         23.28639704	         16.52663243	        114.13809224	         90.87294407	        255.66579194	         48.49395808	        188.54164185	        784.79716618	         14.10034165	         50.96919426	         21.71502869	       1728.66846783	         30.46112601	         43.30848662	        156.96766101	         84.11503900	        326.53245842	        130.65127691	         -0.19753192	          0.06168588	          0.01631355	         -0.02473762	          0.21296732	         -0.05435760	         -0.35361392	          0.06702127	          0.13442657	         -0.02282628	         14.32204900	         -0.03894228	          0.15573075	         -0.05868712	         -5.46724115	        -13.19581672	          0.45277257	          1.19382614	         -2.71319653	         -0.30789132	          6.48132982	          1.67023824	         -1.90157374	          0.48451986	          0.31120645	         -0.01331655	         -0.07778354	
          7.90000000	         58.37939830	        116.27625112	         25.68589436	         23.86432248	         26.43773313	         25.29598575	        450.79172092	         50.29677667	         58.50238216	         30.94326475	         13.81474487	          0.74395490	         72.59687238	        185.73454154	         29.65510442	         37.35297766	         62.33260277	         33.07208465	         25.94625306	         32.59330366	         13.39824659	         15.94018886	         17.45884857	         32.10934516	         89.96099117	         34.95181010	         65.62397575	         36.73294682	        166.93326491	         34.16760100	         15.58512850	        337.93154803	         85.71773908	        207.64512036	         14.22242950	        326.67617127	        363.69184828	         17.88164877	         52.54560729	         26.57587515	         97.36878759	        127.42564790	         37.14861676	         17.23015230	         49.59832703	         26.51331673	         26.08352289	         20.71504673	         47.90865924	          8.82724847	         36.54231087	         48.82469173	         49.79815499	        490.57851388	         16.35740531	         24.18929927	         23.52407068	        100.00039084	         34.12172281	         33.16884756	         15.53049079	         15.71749437	         21.19078161	         14.29352663	        112.39228154	        107.05656494	        284.87858640	         44.01269521	        176.49715584	       1012.06605090	         12.35154737	         37.24592839	         20.07388713	       1009.62351053	         24.21219549	         45.65195681	        154.94418893	        103.90640112	        442.12549678	        163.87428993	         -0.19944742	          0.06482078	          0.02592448	         -0.01571086	          0.22962460	         -0.06435867	         -0.35250416	          0.06975474	          0.10844464	         -0.02774746	         14.71395816	         -0.06528105	          0.04157590	         -0.03904357	          4.02034098	          5.51188796	         -4.65692651	          3.20945399	         -2.48017422	         -0.48180940	          5.73583748	          0.22762819	         -2.57204520	          1.09917296	          0.84424093	         -0.02283439	         -0.09802243	
          7.92000000	         75.17544689	        152.56419954	         52.47683915	         14.61521327	         44.29351212	         18.44538140	        356.80732181	         42.57696217	         41.63198517	         30.13764147	          0.00946313	        305.22488278	         57.25300359	        193.07663159	         22.12901551	         41.00616218	        117.84050684	         33.95801239	         25.52264581	         27.65779041	         13.74480483	         15.66540545	         16.34471534	         32.61249520	         88.01161101	         32.48522988	         60.37142617	         28.39127052	        161.82077123	         32.48532385	         14.11143394	        903.12268122	         44.18015797	        215.02105059	         13.48971140	        321.06207679	        445.57208724	         22.36192329	         57.29364917	         31.41962914	        136.38822530	        255.50426504	         27.13358796	         14.07641236	         58.97664976	         79.06827005	         25.58308395	         26.88595506	          1.87237600	          6.17647770	         36.61552949	         50.47668167	         36.80493529	        190.25538728	         26.90649945	         27.25376762	        116.50180338	         72.96083906	         29.28148561	         34.92798761	         12.24417106	         13.70483390	         20.06768824	         54.67405879	        115.78154562	         85.37628635	        257.06366443	         19.05548789	        264.11621484	       1287.12930200	         31.69140478	         27.74072400	         17.53575626	        814.50110801	         19.81808500	         38.04244994	        152.43272116	         78.66144953	        314.00419045	        122.90206463	         -0.19767305	          0.05783273	          0.03825371	         -0.00880299	          0.22488212	         -0.06657842	         -0.35197121	          0.06293216	          0.03968805	         -0.03822291	         13.77732198	         -0.10118555	         -0.14050458	         -0.00811863	         10.98070996	         23.50915104	         -9.03947012	          5.24014842	         -2.08419553	         -0.67974074	          5.26514778	         -0.87828805	         -2.82618664	          1.73312498	          1.30454028	         -0.03464012	         -0.10793873	
          7.94000000	         54.00134645	        105.45736817	        107.63073681	        219.28188043	         43.46094865	         13.11388132	        407.49257630	         45.53008250	         29.32834232	         17.98755931	        150.66257029	        332.56509888	        325.16313405	        205.38379376	         17.18279773	         30.08879957	        114.93977517	         99.10436932	         25.23377861	         25.56522531	         41.08642445	         16.85229636	         15.77617510	         29.35221466	         88.90360778	         31.71836971	         57.75254504	         22.77151547	        159.08470713	         31.92076230	         13.32296482	       1172.62260195	        270.42215710	        199.16746114	         14.10902968	        440.88444658	        696.99263351	         18.37366964	         53.21002291	         26.97369704	        289.83185829	        556.83328968	         20.22090297	         12.94465831	        121.67103942	        138.36833922	         22.68123965	         22.31866662	        172.61687196	         50.09983930	         35.71110391	         47.63753300	         29.20054919	        223.91794259	         21.57457350	         25.62013302	         84.10138223	         54.85961925	         26.70309249	         33.34376259	         10.00408799	         13.01704305	         18.37761177	         59.55622136	        116.70588989	         24.67750480	        111.68445204	        508.94973241	        627.88024144	       1544.24531681	         25.18663012	         25.65892642	         16.84590880	        587.35625528	         17.08396453	        177.45809215	        152.20462583	        115.14871368	        482.35606403	        181.82015075	         -0.19351232	          0.04445453	          0.04845968	         -0.00670151	          0.20146731	         -0.06088867	         -0.34541049	          0.04268443	         -0.05410202	         -0.04950131	         11.32480487	         -0.13809575	         -0.35289575	          0.04869828	         17.50319124	         38.76811415	        -14.24499637	          7.19257256	         -1.77948912	         -0.88030426	          5.84508166	         -1.52231950	         -3.24880186	          2.36651281	          1.88398144	         -0.04271008	         -0.12618249	
          7.96000000	         38.93344310	         77.23173145	         78.50084947	        152.17268645	         30.53676724	          9.47098645	        450.83425321	         41.85743065	         25.32510433	         21.33116181	        125.80545283	        366.27765164	        294.47231620	        224.13144145	         14.96703679	        177.33585107	        110.34461122	        656.83438237	         40.88411688	         25.37217645	         83.50914299	         24.90378530	         15.46870366	         24.71757166	         86.30065629	         34.65814244	         65.39552987	         23.10087392	        158.46812635	         35.14578095	         12.88858912	       1274.65227274	        192.03782225	        502.43431813	          7.46812272	        579.12670749	        868.18599717	         18.10995922	         47.79680340	         27.09213833	        226.42957705	        449.81876582	         15.55848085	         13.67442046	         87.03931777	        132.39240087	         24.02383143	         21.09324676	        171.86423000	         51.86014931	         32.67869950	         44.99576896	         27.26862442	         99.29415600	         22.67235680	         26.33812389	         62.18127120	         41.57275068	         26.99071907	         34.07860785	          8.96354970	         12.55648501	         17.37395815	         57.37227204	        215.64735723	        113.85583816	        194.04476394	        389.99261575	        744.77780627	       1744.37956837	         50.70100202	         28.07503369	         16.85965914	        565.70858091	         11.45087357	        499.42217173	        148.40239814	         96.16494451	        363.20317140	        147.74513024	         -0.19050339	          0.02782325	          0.05412440	         -0.00738842	          0.16498375	         -0.05141667	         -0.30881220	          0.02102635	         -0.13887816	         -0.05777369	          8.18255512	         -0.15831087	         -0.48801425	          0.08658370	         18.38182177	         46.76257443	        -14.09679298	          7.34844232	         -1.89178378	         -0.96799314	          7.13823128	         -1.26830640	         -3.65666691	          2.47600951	          2.17788279	         -0.04619101	         -0.14409309	
          7.98000000	         14.94183547	          2.92854706	         20.35155601	        116.19618348	          8.52017331	          2.09948431	         64.93911124	         28.11869189	          0.09484996	         16.12785955	        103.29865658	        347.95482921	        204.32183474	          0.58110659	          5.29913619	         35.83641656	         18.29863982	        647.13928828	        168.15622355	         16.58581511	         77.36186588	         45.87171767	         15.68165578	         13.67364606	         84.72523178	          0.06123095	          0.04609640	          0.37584550	        146.25018741	          0.81457601	         11.96824040	        968.67293236	        137.25270604	        763.28582678	        104.98950313	        534.21414955	        830.49267703	         53.66625971	        273.34635820	         43.56102437	        115.49098093	        242.59874350	          7.34475045	          7.72539274	         35.14880243	         56.03788117	          0.42053782	         12.61628307	         96.14025446	         26.66473520	         26.56768589	         23.18466237	          3.50701006	        222.63304827	          8.04038615	          9.57272516	         14.87402266	         90.85748277	         24.25682635	         26.87084312	         21.16118408	         15.36227150	         15.10009167	         21.56467292	        171.35934169	         74.62280049	        155.74780060	        249.88577550	        318.84835973	        883.29730480	         27.88928394	          1.42232546	         10.63512080	          0.81709409	         66.91832218	        192.48633006	         83.30397988	         51.91475375	        261.59521281	         74.29349418	         -0.18376984	          0.01231048	          0.06059735	         -0.01005165	          0.11723687	         -0.03861025	         -0.24962942	          0.00637537	         -0.18237096	         -0.05782065	          5.09559980	         -0.17321880	         -0.39765234	          0.08081028	         15.69570114	         54.58697041	         -1.87297909	          3.84284670	         -2.23028193	         -0.74255768	          7.50337826	          0.20913033	         -2.42092706	          1.57634334	          2.15627519	         -0.03709160	         -0.11250264	
