GRF_treadmill_walk01_pre_main_mesh50.mot
version=1
nRows=300
nColumns=109
inDegrees=yes
endheader 
time	ground_force_SmoothSphereHalfSpaceForce_s1_r_vx	ground_force_SmoothSphereHalfSpaceForce_s1_r_vy	ground_force_SmoothSphereHalfSpaceForce_s1_r_vz	ground_force_SmoothSphereHalfSpaceForce_s1_r_px	ground_force_SmoothSphereHalfSpaceForce_s1_r_py	ground_force_SmoothSphereHalfSpaceForce_s1_r_pz	ground_torque_SmoothSphereHalfSpaceForce_s1_r_x	ground_torque_SmoothSphereHalfSpaceForce_s1_r_y	ground_torque_SmoothSphereHalfSpaceForce_s1_r_z	ground_force_SmoothSphereHalfSpaceForce_s2_r_vx	ground_force_SmoothSphereHalfSpaceForce_s2_r_vy	ground_force_SmoothSphereHalfSpaceForce_s2_r_vz	ground_force_SmoothSphereHalfSpaceForce_s2_r_px	ground_force_SmoothSphereHalfSpaceForce_s2_r_py	ground_force_SmoothSphereHalfSpaceForce_s2_r_pz	ground_torque_SmoothSphereHalfSpaceForce_s2_r_x	ground_torque_SmoothSphereHalfSpaceForce_s2_r_y	ground_torque_SmoothSphereHalfSpaceForce_s2_r_z	ground_force_SmoothSphereHalfSpaceForce_s3_r_vx	ground_force_SmoothSphereHalfSpaceForce_s3_r_vy	ground_force_SmoothSphereHalfSpaceForce_s3_r_vz	ground_force_SmoothSphereHalfSpaceForce_s3_r_px	ground_force_SmoothSphereHalfSpaceForce_s3_r_py	ground_force_SmoothSphereHalfSpaceForce_s3_r_pz	ground_torque_SmoothSphereHalfSpaceForce_s3_r_x	ground_torque_SmoothSphereHalfSpaceForce_s3_r_y	ground_torque_SmoothSphereHalfSpaceForce_s3_r_z	ground_force_SmoothSphereHalfSpaceForce_s4_r_vx	ground_force_SmoothSphereHalfSpaceForce_s4_r_vy	ground_force_SmoothSphereHalfSpaceForce_s4_r_vz	ground_force_SmoothSphereHalfSpaceForce_s4_r_px	ground_force_SmoothSphereHalfSpaceForce_s4_r_py	ground_force_SmoothSphereHalfSpaceForce_s4_r_pz	ground_torque_SmoothSphereHalfSpaceForce_s4_r_x	ground_torque_SmoothSphereHalfSpaceForce_s4_r_y	ground_torque_SmoothSphereHalfSpaceForce_s4_r_z	ground_force_SmoothSphereHalfSpaceForce_s5_r_vx	ground_force_SmoothSphereHalfSpaceForce_s5_r_vy	ground_force_SmoothSphereHalfSpaceForce_s5_r_vz	ground_force_SmoothSphereHalfSpaceForce_s5_r_px	ground_force_SmoothSphereHalfSpaceForce_s5_r_py	ground_force_SmoothSphereHalfSpaceForce_s5_r_pz	ground_torque_SmoothSphereHalfSpaceForce_s5_r_x	ground_torque_SmoothSphereHalfSpaceForce_s5_r_y	ground_torque_SmoothSphereHalfSpaceForce_s5_r_z	ground_force_SmoothSphereHalfSpaceForce_s6_r_vx	ground_force_SmoothSphereHalfSpaceForce_s6_r_vy	ground_force_SmoothSphereHalfSpaceForce_s6_r_vz	ground_force_SmoothSphereHalfSpaceForce_s6_r_px	ground_force_SmoothSphereHalfSpaceForce_s6_r_py	ground_force_SmoothSphereHalfSpaceForce_s6_r_pz	ground_torque_SmoothSphereHalfSpaceForce_s6_r_x	ground_torque_SmoothSphereHalfSpaceForce_s6_r_y	ground_torque_SmoothSphereHalfSpaceForce_s6_r_z	ground_force_SmoothSphereHalfSpaceForce_s1_l_vx	ground_force_SmoothSphereHalfSpaceForce_s1_l_vy	ground_force_SmoothSphereHalfSpaceForce_s1_l_vz	ground_force_SmoothSphereHalfSpaceForce_s1_l_px	ground_force_SmoothSphereHalfSpaceForce_s1_l_py	ground_force_SmoothSphereHalfSpaceForce_s1_l_pz	ground_torque_SmoothSphereHalfSpaceForce_s1_l_x	ground_torque_SmoothSphereHalfSpaceForce_s1_l_y	ground_torque_SmoothSphereHalfSpaceForce_s1_l_z	ground_force_SmoothSphereHalfSpaceForce_s2_l_vx	ground_force_SmoothSphereHalfSpaceForce_s2_l_vy	ground_force_SmoothSphereHalfSpaceForce_s2_l_vz	ground_force_SmoothSphereHalfSpaceForce_s2_l_px	ground_force_SmoothSphereHalfSpaceForce_s2_l_py	ground_force_SmoothSphereHalfSpaceForce_s2_l_pz	ground_torque_SmoothSphereHalfSpaceForce_s2_l_x	ground_torque_SmoothSphereHalfSpaceForce_s2_l_y	ground_torque_SmoothSphereHalfSpaceForce_s2_l_z	ground_force_SmoothSphereHalfSpaceForce_s3_l_vx	ground_force_SmoothSphereHalfSpaceForce_s3_l_vy	ground_force_SmoothSphereHalfSpaceForce_s3_l_vz	ground_force_SmoothSphereHalfSpaceForce_s3_l_px	ground_force_SmoothSphereHalfSpaceForce_s3_l_py	ground_force_SmoothSphereHalfSpaceForce_s3_l_pz	ground_torque_SmoothSphereHalfSpaceForce_s3_l_x	ground_torque_SmoothSphereHalfSpaceForce_s3_l_y	ground_torque_SmoothSphereHalfSpaceForce_s3_l_z	ground_force_SmoothSphereHalfSpaceForce_s4_l_vx	ground_force_SmoothSphereHalfSpaceForce_s4_l_vy	ground_force_SmoothSphereHalfSpaceForce_s4_l_vz	ground_force_SmoothSphereHalfSpaceForce_s4_l_px	ground_force_SmoothSphereHalfSpaceForce_s4_l_py	ground_force_SmoothSphereHalfSpaceForce_s4_l_pz	ground_torque_SmoothSphereHalfSpaceForce_s4_l_x	ground_torque_SmoothSphereHalfSpaceForce_s4_l_y	ground_torque_SmoothSphereHalfSpaceForce_s4_l_z	ground_force_SmoothSphereHalfSpaceForce_s5_l_vx	ground_force_SmoothSphereHalfSpaceForce_s5_l_vy	ground_force_SmoothSphereHalfSpaceForce_s5_l_vz	ground_force_SmoothSphereHalfSpaceForce_s5_l_px	ground_force_SmoothSphereHalfSpaceForce_s5_l_py	ground_force_SmoothSphereHalfSpaceForce_s5_l_pz	ground_torque_SmoothSphereHalfSpaceForce_s5_l_x	ground_torque_SmoothSphereHalfSpaceForce_s5_l_y	ground_torque_SmoothSphereHalfSpaceForce_s5_l_z	ground_force_SmoothSphereHalfSpaceForce_s6_l_vx	ground_force_SmoothSphereHalfSpaceForce_s6_l_vy	ground_force_SmoothSphereHalfSpaceForce_s6_l_vz	ground_force_SmoothSphereHalfSpaceForce_s6_l_px	ground_force_SmoothSphereHalfSpaceForce_s6_l_py	ground_force_SmoothSphereHalfSpaceForce_s6_l_pz	ground_torque_SmoothSphereHalfSpaceForce_s6_l_x	ground_torque_SmoothSphereHalfSpaceForce_s6_l_y	ground_torque_SmoothSphereHalfSpaceForce_s6_l_z	
          2.00000000	         -0.02666507	          0.02524622	         -0.01414527	          0.17799796	          0.00745266	         -0.91323544	          0.00000000	          0.00000000	          0.00000000	         -0.00000000	         -0.00000000	         -0.00000000	          0.32633814	          0.04216293	         -0.97949681	          0.00000000	          0.00000000	          0.00000000	         -0.00000000	         -0.00000000	         -0.00000000	          0.32969522	          0.04165697	         -0.88228328	          0.00000000	          0.00000000	          0.00000000	         -0.00000000	          0.00000000	         -0.00000000	          0.25316342	          0.02435754	         -0.89459384	          0.00000000	          0.00000000	          0.00000000	         -0.00000000	         -0.00000000	         -0.00000000	          0.38938779	          0.07459278	         -0.98756192	          0.00000000	          0.00000000	          0.00000000	         -0.00000000	         -0.00000000	         -0.00000000	          0.37101677	          0.08517626	         -0.89417252	          0.00000000	          0.00000000	          0.00000000	          7.15447664	        373.05342290	         -5.53150110	         -0.22004998	         -0.01324494	         -1.04979447	          0.00000000	          0.00000000	          0.00000000	         -0.04890601	          0.91184979	          0.08045091	         -0.04799041	          0.00381780	         -1.02868647	          0.00000000	          0.00000000	          0.00000000	         12.13106496	        215.58124220	         20.22291965	         -0.06697806	         -0.00781115	         -1.12121379	          0.00000000	          0.00000000	          0.00000000	         13.03316679	        315.63003604	         12.34393297	         -0.14496946	         -0.01095478	         -1.08829630	          0.00000000	          0.00000000	          0.00000000	         -0.01255243	          0.02235832	          0.01666511	          0.04013516	          0.00738860	         -1.04410621	          0.00000000	          0.00000000	          0.00000000	         -8.34919398	         31.61327802	         27.78964737	          0.02190562	         -0.00526713	         -1.13648656	          0.00000000	          0.00000000	          0.00000000	
          2.02000000	         -0.04394204	          0.04107542	         -0.02266274	          0.18532923	          0.00688371	         -0.90664702	          0.00000000	          0.00000000	          0.00000000	         -0.00000000	         -0.00000000	         -0.00000000	          0.33428715	          0.04123703	         -0.97226354	          0.00000000	          0.00000000	          0.00000000	         -0.00000000	         -0.00000000	         -0.00000000	          0.33627843	          0.04175291	         -0.87501266	          0.00000000	          0.00000000	          0.00000000	         -0.00000000	          0.00000000	         -0.00000000	          0.26007783	          0.02415252	         -0.88766663	          0.00000000	          0.00000000	          0.00000000	         -0.00000000	         -0.00000000	         -0.00000000	          0.40303350	          0.07130048	         -0.97936829	          0.00000000	          0.00000000	          0.00000000	         -0.00000000	         -0.00000000	         -0.00000000	          0.38917520	          0.08127715	         -0.88493880	          0.00000000	          0.00000000	          0.00000000	         -3.39594714	        315.26860206	        -10.44650369	         -0.22644673	         -0.01306355	         -1.04955120	          0.00000000	          0.00000000	          0.00000000	         -0.18621628	          2.15132835	          0.26342136	         -0.05381080	          0.00262613	         -1.02889294	          0.00000000	          0.00000000	          0.00000000	         10.85133669	        220.17261735	         26.47682438	         -0.07351500	         -0.00850718	         -1.12151425	          0.00000000	          0.00000000	          0.00000000	          6.79304755	        287.93836938	         12.28856642	         -0.15146009	         -0.01119052	         -1.08832525	          0.00000000	          0.00000000	          0.00000000	         -0.01372955	          0.04320082	          0.02144179	          0.03446608	          0.00694650	         -1.04559350	          0.00000000	          0.00000000	          0.00000000	         -4.06865762	         60.04219122	         30.38976446	          0.01514243	         -0.00397933	         -1.13863230	          0.00000000	          0.00000000	          0.00000000	
          2.04000000	         -0.05819100	          0.05478610	         -0.02995931	          0.19275121	          0.00655075	         -0.90008426	          0.00000000	          0.00000000	          0.00000000	         -0.00000000	         -0.00000000	         -0.00000000	          0.34250752	          0.04049288	         -0.96473229	          0.00000000	          0.00000000	          0.00000000	         -0.00000000	         -0.00000000	         -0.00000000	          0.34300493	          0.04194830	         -0.86750038	          0.00000000	          0.00000000	          0.00000000	         -0.00000000	          0.00000000	         -0.00000000	          0.26710459	          0.02411312	         -0.88063475	          0.00000000	          0.00000000	          0.00000000	         -0.00000000	         -0.00000000	         -0.00000000	          0.41526121	          0.06837150	         -0.97100212	          0.00000000	          0.00000000	          0.00000000	         -0.00000000	         -0.00000000	         -0.00000000	          0.40420026	          0.07770061	         -0.87594087	          0.00000000	          0.00000000	          0.00000000	         -7.62930759	        262.72022740	        -10.09269671	         -0.23271640	         -0.01248945	         -1.04924807	          0.00000000	          0.00000000	          0.00000000	         -0.38037886	          3.61918280	          0.52907907	         -0.05950698	          0.00176223	         -1.02923193	          0.00000000	          0.00000000	          0.00000000	          9.90815139	        217.06888816	         30.37253703	         -0.08001929	         -0.00886169	         -1.12191709	          0.00000000	          0.00000000	          0.00000000	          3.37104806	        257.90229694	         12.79188052	         -0.15787351	         -0.01105840	         -1.08837358	          0.00000000	          0.00000000	          0.00000000	         -0.02644961	          0.09746484	          0.04461095	          0.02883391	          0.00610946	         -1.04673819	          0.00000000	          0.00000000	          0.00000000	         -2.15391608	         56.32194171	         25.70382355	          0.00851241	         -0.00371024	         -1.14005725	          0.00000000	          0.00000000	          0.00000000	
          2.06000000	         -0.07941507	          0.07631109	         -0.04107206	          0.19970336	          0.00624115	         -0.89367696	          0.00000000	          0.00000000	          0.00000000	         -0.00000000	         -0.00000000	         -0.00000000	          0.35050419	          0.03968629	         -0.95691771	          0.00000000	          0.00000000	          0.00000000	         -0.00000000	         -0.00000000	         -0.00000000	          0.34939366	          0.04191888	         -0.85974985	          0.00000000	          0.00000000	          0.00000000	         -0.00000000	          0.00000000	         -0.00000000	          0.27372294	          0.02396875	         -0.87356510	          0.00000000	          0.00000000	          0.00000000	         -0.00000000	         -0.00000000	         -0.00000000	          0.42615934	          0.06560783	         -0.96223893	          0.00000000	          0.00000000	          0.00000000	         -0.00000000	         -0.00000000	         -0.00000000	          0.41662924	          0.07429872	         -0.86677078	          0.00000000	          0.00000000	          0.00000000	        -12.42227613	        230.27506143	        -15.42255615	         -0.23886010	         -0.01170868	         -1.04883301	          0.00000000	          0.00000000	          0.00000000	         -0.73034219	          5.46808154	          0.98322646	         -0.06507884	          0.00100834	         -1.02965556	          0.00000000	          0.00000000	          0.00000000	         11.32771878	        216.06768058	         36.44814737	         -0.08651275	         -0.00902635	         -1.12239483	          0.00000000	          0.00000000	          0.00000000	          1.20168946	        238.00834267	         11.71865636	         -0.16422180	         -0.01072519	         -1.08840208	          0.00000000	          0.00000000	          0.00000000	         -0.05997225	          0.23773640	          0.11241552	          0.02329574	          0.00521189	         -1.04794228	          0.00000000	          0.00000000	          0.00000000	         -0.34970273	         55.41480616	         25.58580194	          0.00191971	         -0.00355198	         -1.14144607	          0.00000000	          0.00000000	          0.00000000	
          2.08000000	         -0.13210293	          0.13150118	         -0.07063430	          0.20573917	          0.00574840	         -0.88752464	          0.00000000	          0.00000000	          0.00000000	         -0.00000000	         -0.00000000	         -0.00000000	          0.35785041	          0.03859355	         -0.94885608	          0.00000000	          0.00000000	          0.00000000	         -0.00000000	         -0.00000000	         -0.00000000	          0.35502126	          0.04141104	         -0.85178390	          0.00000000	          0.00000000	          0.00000000	         -0.00000000	          0.00000000	         -0.00000000	          0.27949795	          0.02348855	         -0.86651878	          0.00000000	          0.00000000	          0.00000000	         -0.00000000	         -0.00000000	         -0.00000000	          0.43568625	          0.06276871	         -0.95300886	          0.00000000	          0.00000000	          0.00000000	         -0.00000000	         -0.00000000	         -0.00000000	          0.42674469	          0.07083744	         -0.85726573	          0.00000000	          0.00000000	          0.00000000	        -15.14735388	        210.26170582	        -18.75532686	         -0.24487468	         -0.01089958	         -1.04823567	          0.00000000	          0.00000000	          0.00000000	         -1.30347650	          8.64665873	          1.73108756	         -0.07053057	          0.00017071	         -1.03011058	          0.00000000	          0.00000000	          0.00000000	         12.85496785	        217.74343524	         40.65471731	         -0.09301610	         -0.00912330	         -1.12290956	          0.00000000	          0.00000000	          0.00000000	         -0.00195012	        225.47740549	         10.56160193	         -0.17051420	         -0.01033899	         -1.08835696	          0.00000000	          0.00000000	          0.00000000	         -0.16001361	          0.66854793	          0.32374688	          0.01784503	          0.00412596	         -1.04920898	          0.00000000	          0.00000000	          0.00000000	          0.87318355	         56.36029931	         26.28860237	         -0.00467080	         -0.00351210	         -1.14284014	          0.00000000	          0.00000000	          0.00000000	
          2.10000000	         -0.28234326	          0.29740443	         -0.16654865	          0.21049257	          0.00496349	         -0.88158771	          0.00000000	          0.00000000	          0.00000000	         -0.00000000	         -0.00000000	         -0.00000000	          0.36417848	          0.03707643	         -0.94049671	          0.00000000	          0.00000000	          0.00000000	         -0.00000000	         -0.00000000	         -0.00000000	          0.35948375	          0.04033567	         -0.84355223	          0.00000000	          0.00000000	          0.00000000	         -0.00000000	          0.00000000	         -0.00000000	          0.28404355	          0.02257507	         -0.85945092	          0.00000000	          0.00000000	          0.00000000	         -0.00000000	         -0.00000000	         -0.00000000	          0.44371287	          0.05968206	         -0.94324297	          0.00000000	          0.00000000	          0.00000000	         -0.00000000	         -0.00000000	         -0.00000000	          0.43460905	          0.06718788	         -0.84733214	          0.00000000	          0.00000000	          0.00000000	        -11.31348341	        197.09630850	        -17.04495653	         -0.25085125	         -0.01015905	         -1.04752851	          0.00000000	          0.00000000	          0.00000000	         -2.18335528	         17.41560864	          3.00838344	         -0.07599245	         -0.00082891	         -1.03047606	          0.00000000	          0.00000000	          0.00000000	         14.73424672	        226.20658519	         36.79300192	         -0.09953202	         -0.00924048	         -1.12335036	          0.00000000	          0.00000000	          0.00000000	          2.14723518	        220.33198023	          8.02664882	         -0.17679370	         -0.00999259	         -1.08822032	          0.00000000	          0.00000000	          0.00000000	         -0.42178024	          2.01056562	          0.86639303	          0.01237246	          0.00283584	         -1.05034772	          0.00000000	          0.00000000	          0.00000000	          1.09347286	         58.95237802	         24.34500369	         -0.01125568	         -0.00356636	         -1.14407538	          0.00000000	          0.00000000	          0.00000000	
          2.12000000	         -0.72631292	          0.82040464	         -0.49014687	          0.21381154	          0.00389104	         -0.87580010	          0.00000000	          0.00000000	          0.00000000	         -0.00000000	         -0.00000000	         -0.00000000	          0.36934088	          0.03507613	         -0.93179272	          0.00000000	          0.00000000	          0.00000000	         -0.00000000	         -0.00000000	         -0.00000000	          0.36257004	          0.03874248	         -0.83502934	          0.00000000	          0.00000000	          0.00000000	         -0.00000001	          0.00000001	         -0.00000001	          0.28717632	          0.02125893	         -0.85231626	          0.00000000	          0.00000000	          0.00000000	         -0.00000000	         -0.00000000	         -0.00000000	          0.45024668	          0.05624519	         -0.93291211	          0.00000000	          0.00000000	          0.00000000	         -0.00000000	         -0.00000000	         -0.00000000	          0.44033017	          0.06333394	         -0.83695495	          0.00000000	          0.00000000	          0.00000000	         -0.26416906	        183.25527963	         -7.69888328	         -0.25695454	         -0.00950237	         -1.04691685	          0.00000000	          0.00000000	          0.00000000	         -1.89866463	         38.27260875	          3.49320443	         -0.08167502	         -0.00198786	         -1.03061313	          0.00000000	          0.00000000	          0.00000000	         16.65619183	        248.92871151	         23.04834267	         -0.10605009	         -0.00949185	         -1.12358291	          0.00000000	          0.00000000	          0.00000000	          8.08173662	        222.24093101	          5.47293705	         -0.18313080	         -0.00975408	         -1.08802960	          0.00000000	          0.00000000	          0.00000000	         -0.86969287	          5.31527151	          1.58797063	          0.00671535	          0.00138890	         -1.05107012	          0.00000000	          0.00000000	          0.00000000	         -0.56893293	         64.50750258	         18.71197318	         -0.01779419	         -0.00372094	         -1.14488886	          0.00000000	          0.00000000	          0.00000000	
          2.14000000	         -1.86506223	          2.23880045	         -1.39346081	          0.21587067	          0.00265834	         -0.87024239	          0.00000000	          0.00000000	          0.00000000	         -0.00000000	         -0.00000000	         -0.00000000	          0.37350754	          0.03263435	         -0.92288232	          0.00000000	          0.00000000	          0.00000000	         -0.00000000	         -0.00000000	         -0.00000000	          0.36442089	          0.03678843	         -0.82638791	          0.00000000	          0.00000000	          0.00000000	         -0.00000004	          0.00000005	         -0.00000004	          0.28905312	          0.01968605	         -0.84524213	          0.00000000	          0.00000000	          0.00000000	         -0.00000000	         -0.00000000	         -0.00000000	          0.45556565	          0.05244613	         -0.92218979	          0.00000000	          0.00000000	          0.00000000	         -0.00000000	         -0.00000000	         -0.00000000	          0.44427613	          0.05935298	         -0.82633133	          0.00000000	          0.00000000	          0.00000000	          9.35227105	        159.54132963	          6.52703030	         -0.26326965	         -0.00883602	         -1.04666305	          0.00000000	          0.00000000	          0.00000000	          2.23830810	         70.44371333	          1.48257965	         -0.08768600	         -0.00324920	         -1.03053469	          0.00000000	          0.00000000	          0.00000000	         17.29885368	        286.78554151	         10.15213417	         -0.11252973	         -0.00997575	         -1.12361835	          0.00000000	          0.00000000	          0.00000000	         13.57092551	        224.54230963	          8.68437735	         -0.18954335	         -0.00963019	         -1.08792279	          0.00000000	          0.00000000	          0.00000000	         -1.59151639	         12.13275468	          2.18270754	          0.00080954	         -0.00015316	         -1.05128732	          0.00000000	          0.00000000	          0.00000000	         -4.46292382	         73.94074548	         13.57019692	         -0.02421469	         -0.00400471	         -1.14521051	          0.00000000	          0.00000000	          0.00000000	
          2.16000000	         -3.67581365	          4.65401326	         -2.98113657	          0.21697344	          0.00147235	         -0.86502825	          0.00000000	          0.00000000	          0.00000000	         -0.00000000	          0.00000000	         -0.00000000	          0.37694663	          0.02986371	         -0.91400671	          0.00000000	          0.00000000	          0.00000000	         -0.00000000	         -0.00000000	         -0.00000000	          0.36537209	          0.03466318	         -0.81789919	          0.00000000	          0.00000000	          0.00000000	         -0.00000023	          0.00000033	         -0.00000026	          0.28999572	          0.01805746	         -0.83842118	          0.00000000	          0.00000000	          0.00000000	         -0.00000000	         -0.00000000	         -0.00000000	          0.46002199	          0.04833135	         -0.91138219	          0.00000000	          0.00000000	          0.00000000	         -0.00000000	         -0.00000000	         -0.00000000	          0.44695347	          0.05534299	         -0.81578053	          0.00000000	          0.00000000	          0.00000000	         12.81176895	        121.21172947	         16.17327503	         -0.26974369	         -0.00797177	         -1.04693193	          0.00000000	          0.00000000	          0.00000000	         10.73127919	        107.85108154	         -1.43662044	         -0.09397784	         -0.00451686	         -1.03040283	          0.00000000	          0.00000000	          0.00000000	         19.35990149	        333.39368287	          3.49205103	         -0.11894200	         -0.01069112	         -1.12360727	          0.00000000	          0.00000000	          0.00000000	         17.57357378	        217.72277240	         15.98382830	         -0.19599096	         -0.00952853	         -1.08805731	          0.00000000	          0.00000000	          0.00000000	         -4.25202828	         34.56600748	          4.30410976	         -0.00528926	         -0.00170609	         -1.05118385	          0.00000000	          0.00000000	          0.00000000	         -9.67853308	         83.44955281	         11.46475794	         -0.03048501	         -0.00436753	         -1.14522616	          0.00000000	          0.00000000	          0.00000000	
          2.18000000	         -5.08259613	          6.75804660	         -4.42549979	          0.21734772	          0.00055587	         -0.86017710	          0.00000000	          0.00000000	          0.00000000	         -0.00000000	          0.00000000	         -0.00000000	          0.37981186	          0.02691285	         -0.90535710	          0.00000000	          0.00000000	          0.00000000	         -0.00000000	         -0.00000000	         -0.00000000	          0.36572854	          0.03253869	         -0.80976514	          0.00000000	          0.00000000	          0.00000000	         -0.00000106	          0.00000167	         -0.00000134	          0.29027529	          0.01657163	         -0.83196350	          0.00000000	          0.00000000	          0.00000000	         -0.00000000	         -0.00000000	         -0.00000000	          0.46383028	          0.04398285	         -0.90076478	          0.00000000	          0.00000000	          0.00000000	         -0.00000000	         -0.00000000	         -0.00000000	          0.44878942	          0.05138576	         -0.80557194	          0.00000000	          0.00000000	          0.00000000	          9.22710737	         71.64040191	         15.37171391	         -0.27624882	         -0.00667777	         -1.04773350	          0.00000000	          0.00000000	          0.00000000	         20.52011871	        141.45668052	         -2.64078311	         -0.10044076	         -0.00566675	         -1.03035448	          0.00000000	          0.00000000	          0.00000000	         22.66603720	        374.05485557	          3.70754358	         -0.12528776	         -0.01151833	         -1.12367343	          0.00000000	          0.00000000	          0.00000000	         17.72372471	        192.30769468	         21.97980285	         -0.20241323	         -0.00927293	         -1.08849896	          0.00000000	          0.00000000	          0.00000000	         -8.72993033	         69.99296042	          7.68653684	         -0.01149254	         -0.00317454	         -1.05096943	          0.00000000	          0.00000000	          0.00000000	        -14.34805370	         89.42727600	         11.40531376	         -0.03661597	         -0.00468934	         -1.14513286	          0.00000000	          0.00000000	          0.00000000	
          2.20000000	         -5.56664174	          7.76568170	         -5.13309979	          0.21707983	          0.00006431	         -0.85573802	          0.00000000	          0.00000000	          0.00000000	         -0.00000000	          0.00000000	         -0.00000000	          0.38207632	          0.02392126	         -0.89714012	          0.00000000	          0.00000000	          0.00000000	         -0.00000000	          0.00000000	         -0.00000000	          0.36563776	          0.03052555	         -0.80217659	          0.00000000	          0.00000000	          0.00000000	         -0.00000353	          0.00000595	         -0.00000480	          0.29001438	          0.01536078	         -0.82598777	          0.00000000	          0.00000000	          0.00000000	         -0.00000000	         -0.00000000	         -0.00000000	          0.46699099	          0.03949493	         -0.89061854	          0.00000000	          0.00000000	          0.00000000	         -0.00000000	         -0.00000000	         -0.00000000	          0.45000099	          0.04752601	         -0.79595881	          0.00000000	          0.00000000	          0.00000000	          3.15491496	         26.99974495	          7.41712170	         -0.28260438	         -0.00476052	         -1.04897648	          0.00000000	          0.00000000	          0.00000000	         26.15855091	        163.11398802	         -0.65983067	         -0.10693942	         -0.00657918	         -1.03045125	          0.00000000	          0.00000000	          0.00000000	         23.24536635	        394.44039126	          9.95735212	         -0.13155788	         -0.01227461	         -1.12386936	          0.00000000	          0.00000000	          0.00000000	         12.62556942	        149.02192384	         22.69496980	         -0.20871869	         -0.00867303	         -1.08922731	          0.00000000	          0.00000000	          0.00000000	        -13.81755049	        107.95573963	         11.90167370	         -0.01770215	         -0.00450775	         -1.05076558	          0.00000000	          0.00000000	          0.00000000	        -17.58219775	         91.54470118	         11.83133061	         -0.04259781	         -0.00489761	         -1.14503495	          0.00000000	          0.00000000	          0.00000000	
          2.22000000	         -4.70542765	          7.26955185	         -4.99473324	          0.21595852	         -0.00000740	         -0.85181178	          0.00000000	          0.00000000	          0.00000000	         -0.00000001	          0.00000002	         -0.00000001	          0.38339553	          0.02093479	         -0.88956280	          0.00000000	          0.00000000	          0.00000000	         -0.00000000	          0.00000000	         -0.00000000	          0.36488670	          0.02861721	         -0.79530725	          0.00000000	          0.00000000	          0.00000000	         -0.00000820	          0.00001594	         -0.00001314	          0.28900537	          0.01441734	         -0.82062970	          0.00000000	          0.00000000	          0.00000000	         -0.00000000	         -0.00000000	         -0.00000000	          0.46915191	          0.03490305	         -0.88119821	          0.00000000	          0.00000000	          0.00000000	         -0.00000000	         -0.00000000	         -0.00000000	          0.45039652	          0.04372954	         -0.78715714	          0.00000000	          0.00000000	          0.00000000	          0.22893056	          3.48746776	          1.00879361	         -0.28860630	         -0.00215540	         -1.05048289	          0.00000000	          0.00000000	          0.00000000	         24.09439634	        170.72130358	          1.54223604	         -0.11333162	         -0.00718787	         -1.03068201	          0.00000000	          0.00000000	          0.00000000	         18.72139359	        392.26003493	         13.55910971	         -0.13772625	         -0.01281414	         -1.12417557	          0.00000000	          0.00000000	          0.00000000	          5.37773155	        100.36517899	         16.47281226	         -0.21479530	         -0.00762133	         -1.09014252	          0.00000000	          0.00000000	          0.00000000	        -20.39727817	        144.95201304	         16.17980104	         -0.02381996	         -0.00570138	         -1.05062099	          0.00000000	          0.00000000	          0.00000000	        -19.72856228	         90.66568495	         11.59624324	         -0.04840075	         -0.00498413	         -1.14496527	          0.00000000	          0.00000000	          0.00000000	
          2.24000000	         -2.79057479	          6.37907233	         -4.87837658	          0.21335179	          0.00015860	         -0.84855780	          0.00000000	          0.00000000	          0.00000000	         -0.00000023	          0.00000053	         -0.00000048	          0.38301166	          0.01788163	         -0.88281708	          0.00000000	          0.00000000	          0.00000000	         -0.00000000	          0.00000000	         -0.00000000	          0.36276286	          0.02669567	         -0.78931841	          0.00000000	          0.00000000	          0.00000000	         -0.00001173	          0.00003936	         -0.00003465	          0.28657797	          0.01358929	         -0.81604859	          0.00000000	          0.00000000	          0.00000000	         -0.00000000	          0.00000000	         -0.00000000	          0.46951994	          0.03016427	         -0.87270762	          0.00000000	          0.00000000	          0.00000000	         -0.00000000	         -0.00000000	         -0.00000000	          0.44924948	          0.03989351	         -0.77933957	          0.00000000	          0.00000000	          0.00000000	         -0.00000280	         -0.03217198	         -0.00910893	         -0.29410858	          0.00107699	         -1.05209121	          0.00000000	          0.00000000	          0.00000000	         18.98256633	        167.26357281	          2.78672824	         -0.11953447	         -0.00749193	         -1.03100171	          0.00000000	          0.00000000	          0.00000000	         13.93044808	        377.20148256	         13.85333646	         -0.14378222	         -0.01309188	         -1.12453979	          0.00000000	          0.00000000	          0.00000000	          0.91872930	         58.54022683	          9.47841519	         -0.22056648	         -0.00612463	         -1.09113686	          0.00000000	          0.00000000	          0.00000000	        -27.31154282	        180.24617085	         19.65857302	         -0.02980034	         -0.00677188	         -1.05053820	          0.00000000	          0.00000000	          0.00000000	        -20.99731596	         88.54365031	         10.80072129	         -0.05401646	         -0.00497662	         -1.14491936	          0.00000000	          0.00000000	          0.00000000	
          2.26000000	          0.77164002	          6.17897654	         -3.33302617	          0.20854925	          0.00030315	         -0.84619112	          0.00000000	          0.00000000	          0.00000000	         -0.00000193	          0.00001898	         -0.00001788	          0.38010214	          0.01468017	         -0.87713302	          0.00000000	          0.00000000	          0.00000000	          0.00000000	          0.00000000	         -0.00000000	          0.35843141	          0.02463962	         -0.78441635	          0.00000000	          0.00000000	          0.00000000	          0.00002047	          0.00010943	         -0.00009292	          0.28195981	          0.01268434	         -0.81245434	          0.00000000	          0.00000000	          0.00000000	         -0.00000000	          0.00000000	         -0.00000000	          0.46722507	          0.02526894	         -0.86538172	          0.00000000	          0.00000000	          0.00000000	         -0.00000000	          0.00000000	         -0.00000000	          0.44569368	          0.03595838	         -0.77271858	          0.00000000	          0.00000000	          0.00000000	          0.00000635	         -0.00008103	         -0.00001834	         -0.29902152	          0.00482578	         -1.05364187	          0.00000000	          0.00000000	          0.00000000	         11.92243405	        158.54919286	          1.59941102	         -0.12551079	         -0.00754297	         -1.03135567	          0.00000000	          0.00000000	          0.00000000	         12.71512191	        356.87688388	          7.25174254	         -0.14975102	         -0.01313882	         -1.12489668	          0.00000000	          0.00000000	          0.00000000	         -0.65611329	         28.16745125	          3.51484488	         -0.22600154	         -0.00425360	         -1.09209702	          0.00000000	          0.00000000	          0.00000000	        -36.15575868	        216.31041033	         24.14798727	         -0.03563942	         -0.00775885	         -1.05051712	          0.00000000	          0.00000000	          0.00000000	        -21.00231333	         86.19757764	         10.07869618	         -0.05948340	         -0.00491622	         -1.14489009	          0.00000000	          0.00000000	          0.00000000	
          2.28000000	          5.34699315	          7.31874094	         -1.82625159	          0.20112608	          0.00018851	         -0.84494522	          0.00000000	          0.00000000	          0.00000000	          0.00033762	          0.00075624	         -0.00060884	          0.37416861	          0.01130946	         -0.87280511	          0.00000000	          0.00000000	          0.00000000	          0.00000000	          0.00000000	         -0.00000000	          0.35137189	          0.02238005	         -0.78086578	          0.00000000	          0.00000000	          0.00000000	          0.00030147	          0.00039936	         -0.00019969	          0.27467800	          0.01154656	         -0.81009484	          0.00000000	          0.00000000	          0.00000000	          0.00000002	          0.00000005	         -0.00000004	          0.46173907	          0.02029000	         -0.85954256	          0.00000000	          0.00000000	          0.00000000	         -0.00000000	          0.00000000	         -0.00000000	          0.43919230	          0.03194187	         -0.76758771	          0.00000000	          0.00000000	          0.00000000	          0.00000001	         -0.00000004	         -0.00000001	         -0.30327978	          0.00899897	         -1.05492374	          0.00000000	          0.00000000	          0.00000000	          6.60174075	        148.45013871	         -1.12554802	         -0.13124557	         -0.00741941	         -1.03167355	          0.00000000	          0.00000000	          0.00000000	         19.32381780	        333.50974925	         -3.43085643	         -0.15569794	         -0.01300047	         -1.12516288	          0.00000000	          0.00000000	          0.00000000	         -0.43250509	          8.93350492	          0.53987615	         -0.23110251	         -0.00207609	         -1.09287462	          0.00000000	          0.00000000	          0.00000000	        -44.86257644	        256.34439345	         31.31560496	         -0.04135720	         -0.00872017	         -1.05056096	          0.00000000	          0.00000000	          0.00000000	        -19.03786498	         83.18626377	          9.62474444	         -0.06488633	         -0.00482406	         -1.14486248	          0.00000000	          0.00000000	          0.00000000	
          2.30000000	         10.81927846	         11.54569548	          0.58119850	          0.19110362	         -0.00034882	         -0.84498611	          0.00000000	          0.00000000	          0.00000000	          0.02443542	          0.02906745	         -0.01196287	          0.36522218	          0.00782808	         -0.87008337	          0.00000000	          0.00000000	          0.00000000	          0.00000005	          0.00000005	         -0.00000001	          0.34156368	          0.01990038	         -0.77886891	          0.00000000	          0.00000000	          0.00000000	          0.00191414	          0.00204014	         -0.00024850	          0.26473204	          0.01008257	         -0.80915239	          0.00000000	          0.00000000	          0.00000000	          0.00000849	          0.00001088	         -0.00000600	          0.45307400	          0.01537624	         -0.85547463	          0.00000000	          0.00000000	          0.00000000	          0.00000000	          0.00000000	         -0.00000000	          0.42973771	          0.02791212	         -0.76418421	          0.00000000	          0.00000000	          0.00000000	          0.00000000	         -0.00000000	         -0.00000000	         -0.30684769	          0.01358095	         -1.05582503	          0.00000000	          0.00000000	          0.00000000	          5.61955195	        137.00365966	         -3.92415922	         -0.13679293	         -0.00717877	         -1.03190628	          0.00000000	          0.00000000	          0.00000000	         32.29093194	        302.63221462	        -13.06130900	         -0.16171239	         -0.01268842	         -1.12528914	          0.00000000	          0.00000000	          0.00000000	         -0.06792485	          1.26918436	         -0.00724760	         -0.23589681	          0.00039584	         -1.09338884	          0.00000000	          0.00000000	          0.00000000	        -48.04634159	        301.81817186	         39.68092951	         -0.04703575	         -0.00970149	         -1.05064757	          0.00000000	          0.00000000	          0.00000000	        -15.35536845	         77.96877862	          8.77270667	         -0.07031838	         -0.00468057	         -1.14479743	          0.00000000	          0.00000000	          0.00000000	
          2.32000000	         24.79556379	         26.02969267	          5.23950427	          0.17910920	         -0.00135773	         -0.84618128	          0.00000000	          0.00000000	          0.00000000	          0.72446599	          0.76047160	         -0.09272070	          0.35393950	          0.00441517	         -0.86888930	          0.00000000	          0.00000000	          0.00000000	          0.00000096	          0.00000098	         -0.00000005	          0.32961257	          0.01727098	         -0.77828093	          0.00000000	          0.00000000	          0.00000000	          0.01347357	          0.01383243	          0.00104319	          0.25273616	          0.00829877	         -0.80948612	          0.00000000	          0.00000000	          0.00000000	          0.00139015	          0.00148803	         -0.00039094	          0.44192635	          0.01079061	         -0.85311254	          0.00000000	          0.00000000	          0.00000000	          0.00000000	          0.00000000	         -0.00000000	          0.41796592	          0.02401870	         -0.76237620	          0.00000000	          0.00000000	          0.00000000	          0.00000000	         -0.00000000	          0.00000000	         -0.30962796	          0.01865593	         -1.05639763	          0.00000000	          0.00000000	          0.00000000	          6.54528539	        120.79513919	         -4.95839752	         -0.14221573	         -0.00681413	         -1.03204922	          0.00000000	          0.00000000	          0.00000000	         39.72736319	        255.46564683	        -15.94283494	         -0.16781941	         -0.01214243	         -1.12528898	          0.00000000	          0.00000000	          0.00000000	         -0.00499101	          0.07914813	         -0.00366526	         -0.24034638	          0.00323636	         -1.09367317	          0.00000000	          0.00000000	          0.00000000	        -44.25220203	        351.20146049	         46.01054969	         -0.05276138	         -0.01071569	         -1.05072723	          0.00000000	          0.00000000	          0.00000000	        -12.12375921	         69.55318912	          7.14553496	         -0.07578211	         -0.00443837	         -1.14463965	          0.00000000	          0.00000000	          0.00000000	
          2.34000000	         57.47367463	         61.63847357	         17.24848510	          0.16628579	         -0.00277896	         -0.84805524	          0.00000000	          0.00000000	          0.00000000	          6.64273182	          6.92617853	          0.16229278	          0.34155190	          0.00134353	         -0.86875318	          0.00000000	          0.00000000	          0.00000000	          0.00001705	          0.00001746	          0.00000106	          0.31663811	          0.01465211	         -0.77856674	          0.00000000	          0.00000000	          0.00000000	          0.10112893	          0.10529441	          0.01809838	          0.23981793	          0.00630052	         -0.81058881	          0.00000000	          0.00000000	          0.00000000	          0.07194733	          0.07498132	         -0.00780999	          0.42955383	          0.00688117	         -0.85197370	          0.00000000	          0.00000000	          0.00000000	          0.00000003	          0.00000003	         -0.00000000	          0.40503121	          0.02049300	         -0.76161536	          0.00000000	          0.00000000	          0.00000000	          0.00000000	         -0.00000000	          0.00000000	         -0.31133143	          0.02436785	         -1.05673833	          0.00000000	          0.00000000	          0.00000000	          3.43565719	         96.66021635	         -5.54216344	         -0.14744267	         -0.00624227	         -1.03209798	          0.00000000	          0.00000000	          0.00000000	         28.94441104	        188.04545066	        -15.11219795	         -0.17386541	         -0.01122698	         -1.12518511	          0.00000000	          0.00000000	          0.00000000	          0.00002304	         -0.00017911	          0.00001342	         -0.24422631	          0.00658704	         -1.09378870	          0.00000000	          0.00000000	          0.00000000	        -45.14944497	        400.79587711	         40.97373138	         -0.05849630	         -0.01174189	         -1.05072123	          0.00000000	          0.00000000	          0.00000000	        -11.76729841	         58.69646494	          4.05664663	         -0.08109145	         -0.00406204	         -1.14431959	          0.00000000	          0.00000000	          0.00000000	
          2.36000000	        101.41731755	        119.71832390	         47.79917208	          0.15408403	         -0.00447876	         -0.85017880	          0.00000000	          0.00000000	          0.00000000	         23.14758339	         25.62559043	          4.73748922	          0.32959406	         -0.00109478	         -0.86928417	          0.00000000	          0.00000000	          0.00000000	          0.00020849	          0.00022676	          0.00004239	          0.30409790	          0.01224843	         -0.77928115	          0.00000000	          0.00000000	          0.00000000	          0.62931189	          0.70770654	          0.20888748	          0.22742878	          0.00425367	         -0.81202148	          0.00000000	          0.00000000	          0.00000000	          0.85515349	          0.92734669	          0.05350933	          0.41752375	          0.00399890	         -0.85167651	          0.00000000	          0.00000000	          0.00000000	          0.00000062	          0.00000066	          0.00000005	          0.39242965	          0.01759937	         -0.76146835	          0.00000000	          0.00000000	          0.00000000	          0.00000000	         -0.00000000	          0.00000000	         -0.31145191	          0.03083191	         -1.05682942	          0.00000000	          0.00000000	          0.00000000	         -4.37652037	         65.03201755	         -6.22509736	         -0.15218327	         -0.00532942	         -1.03197935	          0.00000000	          0.00000000	          0.00000000	          5.78497953	        108.56222443	        -12.70643430	         -0.17947135	         -0.00976880	         -1.12492714	          0.00000000	          0.00000000	          0.00000000	          0.00000000	         -0.00000001	          0.00000000	         -0.24709029	          0.01059317	         -1.09370232	          0.00000000	          0.00000000	          0.00000000	        -70.43842542	        446.04556498	         14.42374707	         -0.06400791	         -0.01273865	         -1.05051543	          0.00000000	          0.00000000	          0.00000000	        -14.44517908	         47.88127273	         -0.02834660	         -0.08586484	         -0.00357006	         -1.14375243	          0.00000000	          0.00000000	          0.00000000	
          2.38000000	         72.43198903	        192.07316306	         81.25400610	          0.14406371	         -0.00628365	         -0.85207400	          0.00000000	          0.00000000	          0.00000000	         18.92655661	         51.15284187	         14.49742244	          0.31965967	         -0.00263709	         -0.87016990	          0.00000000	          0.00000000	          0.00000000	          0.00072823	          0.00158387	          0.00043024	          0.29361815	          0.01031901	         -0.78009682	          0.00000000	          0.00000000	          0.00000000	          1.27452302	          3.02677680	          1.05250860	          0.21716249	          0.00237392	         -0.81338020	          0.00000000	          0.00000000	          0.00000000	          0.92025547	          2.32883311	          0.48221325	          0.40746610	          0.00245631	         -0.85199585	          0.00000000	          0.00000000	          0.00000000	          0.00000227	          0.00000466	          0.00000090	          0.38182763	          0.01564932	         -0.76169877	          0.00000000	          0.00000000	          0.00000000	          0.00000000	         -0.00000000	          0.00000000	         -0.30963337	          0.03813391	         -1.05669864	          0.00000000	          0.00000000	          0.00000000	         -4.50547202	         29.52024062	         -4.29608479	         -0.15625758	         -0.00388016	         -1.03160416	          0.00000000	          0.00000000	          0.00000000	         -2.22451962	         33.28280992	         -5.20040375	         -0.18431674	         -0.00756849	         -1.12445367	          0.00000000	          0.00000000	          0.00000000	          0.00000000	         -0.00000000	          0.00000000	         -0.24859505	          0.01539688	         -1.09339864	          0.00000000	          0.00000000	          0.00000000	        -75.21261561	        466.52591989	        -36.99712767	         -0.06919539	         -0.01360216	         -1.04997635	          0.00000000	          0.00000000	          0.00000000	        -14.15718901	         36.77790405	         -3.70194046	         -0.08984403	         -0.00298922	         -1.14287528	          0.00000000	          0.00000000	          0.00000000	
          2.40000000	         12.84252131	        272.04921789	         71.81469772	          0.13619699	         -0.00807199	         -0.85325843	          0.00000000	          0.00000000	          0.00000000	          3.91586812	         60.40041014	         16.95559171	          0.31172704	         -0.00337556	         -0.87102266	          0.00000000	          0.00000000	          0.00000000	          0.00060693	          0.00725356	          0.00166177	          0.28530899	          0.00881881	         -0.78063439	          0.00000000	          0.00000000	          0.00000000	          0.50450158	          7.65638471	          1.87545406	          0.20906399	          0.00070205	         -0.81423381	          0.00000000	          0.00000000	          0.00000000	          0.19707353	          2.49025055	          0.69285460	          0.39939870	          0.00204673	         -0.85259281	          0.00000000	          0.00000000	          0.00000000	          0.00000153	          0.00001549	          0.00000349	          0.37337957	          0.01447211	         -0.76196963	          0.00000000	          0.00000000	          0.00000000	          0.00000000	         -0.00000000	         -0.00000000	         -0.30592750	          0.04632048	         -1.05685539	          0.00000000	          0.00000000	          0.00000000	         -0.81094871	          4.32397055	         -0.31884443	         -0.15979996	         -0.00164705	         -1.03120786	          0.00000000	          0.00000000	          0.00000000	          0.03749313	         -0.18522706	          0.01030110	         -0.18827813	         -0.00440459	         -1.12405904	          0.00000000	          0.00000000	          0.00000000	          0.00000000	         -0.00000000	         -0.00000000	         -0.24869682	          0.02113041	         -1.09328266	          0.00000000	          0.00000000	          0.00000000	        -34.75901689	        446.05925415	        -52.87156262	         -0.07428863	         -0.01415541	         -1.04923021	          0.00000000	          0.00000000	          0.00000000	        -10.67840547	         26.26949386	         -2.95408654	         -0.09307332	         -0.00232501	         -1.14193629	          0.00000000	          0.00000000	          0.00000000	
          2.42000000	        -24.93625504	        350.08085214	         49.60878551	          0.12925277	         -0.00977050	         -0.85370086	          0.00000000	          0.00000000	          0.00000000	         -2.15656478	         60.61082850	         15.34421424	          0.30458850	         -0.00364348	         -0.87163999	          0.00000000	          0.00000000	          0.00000000	         -0.00203347	          0.02852750	          0.00499863	          0.27803803	          0.00746639	         -0.78073278	          0.00000000	          0.00000000	          0.00000000	         -1.42002187	         19.59259379	          3.04898510	          0.20195359	         -0.00086237	         -0.81448827	          0.00000000	          0.00000000	          0.00000000	         -0.05556533	          1.97755585	          0.58521889	          0.39213866	          0.00221605	         -0.85317944	          0.00000000	          0.00000000	          0.00000000	         -0.00000261	          0.00004158	          0.00000902	          0.36598231	          0.01355134	         -0.76202570	          0.00000000	          0.00000000	          0.00000000	          0.00000000	         -0.00000000	         -0.00000000	         -0.30051150	          0.05525705	         -1.05795093	          0.00000000	          0.00000000	          0.00000000	          0.00203868	         -0.00682471	         -0.00031890	         -0.16278442	          0.00156745	         -1.03120118	          0.00000000	          0.00000000	          0.00000000	          0.00000097	         -0.00000222	         -0.00000022	         -0.19109941	         -0.00017263	         -1.12420072	          0.00000000	          0.00000000	          0.00000000	          0.00000000	         -0.00000000	         -0.00000000	         -0.24735054	          0.02777426	         -1.09391136	          0.00000000	          0.00000000	          0.00000000	         -0.53961547	        384.92644036	        -47.49444656	         -0.07940129	         -0.01423456	         -1.04862200	          0.00000000	          0.00000000	          0.00000000	         -7.29682798	         19.32041175	         -1.56484136	         -0.09566977	         -0.00168591	         -1.14142597	          0.00000000	          0.00000000	          0.00000000	
          2.44000000	        -43.76367761	        412.07002615	         24.89643928	          0.12266147	         -0.01128649	         -0.85361144	          0.00000000	          0.00000000	          0.00000000	         -3.19929679	         57.36574613	         14.96099843	          0.29770533	         -0.00364498	         -0.87206859	          0.00000000	          0.00000000	          0.00000000	         -0.01623092	          0.10580764	          0.01740631	          0.27129406	          0.00614307	         -0.78051541	          0.00000000	          0.00000000	          0.00000000	         -6.34776918	         47.76468352	          5.18815535	          0.19529152	         -0.00232829	         -0.81431343	          0.00000000	          0.00000000	          0.00000000	         -0.08475073	          1.43625889	          0.49937149	          0.38516603	          0.00262282	         -0.85373503	          0.00000000	          0.00000000	          0.00000000	         -0.00001807	          0.00011581	          0.00002899	          0.35914526	          0.01262855	         -0.76192231	          0.00000000	          0.00000000	          0.00000000	          0.00000000	         -0.00000000	         -0.00000000	         -0.29368368	          0.06463506	         -1.06011530	          0.00000000	          0.00000000	          0.00000000	          0.00000001	         -0.00000002	         -0.00000000	         -0.16492974	          0.00583720	         -1.03168542	          0.00000000	          0.00000000	          0.00000000	          0.00000000	         -0.00000000	         -0.00000000	         -0.19245884	          0.00505969	         -1.12497258	          0.00000000	          0.00000000	          0.00000000	          0.00000000	         -0.00000000	         -0.00000000	         -0.24454635	          0.03513419	         -1.09539665	          0.00000000	          0.00000000	          0.00000000	         20.08526210	        287.04423570	        -40.97896847	         -0.08443916	         -0.01370578	         -1.04828969	          0.00000000	          0.00000000	          0.00000000	         -3.69489460	         15.07350033	         -1.04144276	         -0.09791665	         -0.00120223	         -1.14156411	          0.00000000	          0.00000000	          0.00000000	
          2.46000000	        -18.90958791	        455.85351016	        -23.43068980	          0.11607982	         -0.01255484	         -0.85305420	          0.00000000	          0.00000000	          0.00000000	          1.38513253	         57.74892566	         17.21146676	          0.29076677	         -0.00359418	         -0.87249353	          0.00000000	          0.00000000	          0.00000000	         -0.07059549	          0.40756807	          0.07439106	          0.26489841	          0.00474613	         -0.78021488	          0.00000000	          0.00000000	          0.00000000	         -9.63242833	         84.93819396	          5.12828213	          0.18882048	         -0.00370982	         -0.81385835	          0.00000000	          0.00000000	          0.00000000	         -0.00204536	          1.24625669	          0.57414250	          0.37822293	          0.00293773	         -0.85452354	          0.00000000	          0.00000000	          0.00000000	         -0.00008518	          0.00042819	          0.00014751	          0.35274384	          0.01148759	         -0.76197339	          0.00000000	          0.00000000	          0.00000000	          0.00000000	         -0.00000000	         -0.00000000	         -0.28578151	          0.07396783	         -1.06311398	          0.00000000	          0.00000000	          0.00000000	          0.00000000	         -0.00000000	         -0.00000000	         -0.16569194	          0.01098194	         -1.03271339	          0.00000000	          0.00000000	          0.00000000	          0.00000000	         -0.00000000	         -0.00000000	         -0.19187037	          0.01106861	         -1.12640129	          0.00000000	          0.00000000	          0.00000000	          0.00000000	         -0.00000000	         -0.00000000	         -0.24021632	          0.04285211	         -1.09763233	          0.00000000	          0.00000000	          0.00000000	         -3.17676283	        191.11614346	        -18.56180635	         -0.08899496	         -0.01253673	         -1.04836190	          0.00000000	          0.00000000	          0.00000000	         -2.06100186	         12.61075616	         -0.15929864	         -0.10000143	         -0.00087958	         -1.14239602	          0.00000000	          0.00000000	          0.00000000	
          2.48000000	         35.36505544	        480.83050992	        -64.38361979	          0.10921907	         -0.01356225	         -0.85207670	          0.00000000	          0.00000000	          0.00000000	         10.28567835	         65.79833209	         27.75964909	          0.28351605	         -0.00372682	         -0.87324776	          0.00000000	          0.00000000	          0.00000000	         -0.27710474	          1.63487304	          0.47194542	          0.25875739	          0.00317811	         -0.78019368	          0.00000000	          0.00000000	          0.00000000	         -7.38183843	        127.60385872	          9.00913104	          0.18235380	         -0.00504373	         -0.81332742	          0.00000000	          0.00000000	          0.00000000	          0.15820230	          1.58279885	          1.09300391	          0.37111498	          0.00283576	         -0.85603911	          0.00000000	          0.00000000	          0.00000000	         -0.00054975	          0.00242497	          0.00135169	          0.34674717	          0.00994487	         -0.76270548	          0.00000000	          0.00000000	          0.00000000	          0.00000000	         -0.00000000	         -0.00000000	         -0.27685322	          0.08256107	         -1.06655571	          0.00000000	          0.00000000	          0.00000000	          0.00000000	         -0.00000000	         -0.00000000	         -0.16399188	          0.01652752	         -1.03438130	          0.00000000	          0.00000000	          0.00000000	          0.00000000	         -0.00000000	         -0.00000000	         -0.18835823	          0.01741432	         -1.12854021	          0.00000000	          0.00000000	          0.00000000	          0.00000000	         -0.00000000	         -0.00000000	         -0.23390556	          0.05036080	         -1.10044563	          0.00000000	          0.00000000	          0.00000000	        -55.60386875	        118.57083554	         -1.60942332	         -0.09192117	         -0.01084513	         -1.04902838	          0.00000000	          0.00000000	          0.00000000	         -3.90532276	         10.86938370	          0.62272834	         -0.10139849	         -0.00064915	         -1.14390443	          0.00000000	          0.00000000	          0.00000000	
          2.50000000	         38.29169992	        480.64415823	        -86.68546988	          0.10220895	         -0.01428205	         -0.85088277	          0.00000000	          0.00000000	          0.00000000	         13.83926376	         79.06234142	         39.89949389	          0.27610755	         -0.00410374	         -0.87453602	          0.00000000	          0.00000000	          0.00000000	         -1.15852069	          5.06115818	          1.89149583	          0.25296725	          0.00152681	         -0.78072515	          0.00000000	          0.00000000	          0.00000000	        -14.42971659	        166.19281574	         14.83930437	          0.17600266	         -0.00626802	         -0.81296121	          0.00000000	          0.00000000	          0.00000000	          0.26290601	          2.65528690	          2.23327189	          0.36399011	          0.00225988	         -0.85850171	          0.00000000	          0.00000000	          0.00000000	         -0.00520581	          0.01700788	          0.01209313	          0.34124351	          0.00809732	         -0.76440918	          0.00000000	          0.00000000	          0.00000000	          0.00000000	         -0.00000000	         -0.00000000	         -0.26635126	          0.08950511	         -1.06955728	          0.00000000	          0.00000000	          0.00000000	          0.00000000	         -0.00000000	         -0.00000000	         -0.15796024	          0.02175282	         -1.03632348	          0.00000000	          0.00000000	          0.00000000	          0.00000000	         -0.00000000	         -0.00000000	         -0.18030106	          0.02340468	         -1.13094238	          0.00000000	          0.00000000	          0.00000000	          0.00000000	         -0.00000000	         -0.00000000	         -0.22454379	          0.05685922	         -1.10316640	          0.00000000	          0.00000000	          0.00000000	        -64.78598968	         64.20160911	          0.52964574	         -0.09061426	         -0.00873667	         -1.05007700	          0.00000000	          0.00000000	          0.00000000	         -6.19272415	          6.34883539	          0.18631515	         -0.09983803	         -0.00014296	         -1.14561040	          0.00000000	          0.00000000	          0.00000000	
          2.52000000	          7.06047572	        460.19996897	        -85.37574379	          0.09541557	         -0.01468759	         -0.84968064	          0.00000000	          0.00000000	          0.00000000	          9.63306340	         95.10934728	         41.48674517	          0.26895650	         -0.00462626	         -0.87600965	          0.00000000	          0.00000000	          0.00000000	         -2.85356523	         10.65422514	          3.55805377	          0.24755780	          0.00000363	         -0.78156858	          0.00000000	          0.00000000	          0.00000000	        -26.36450057	        191.88990601	         13.04572926	          0.16995359	         -0.00726076	         -0.81274951	          0.00000000	          0.00000000	          0.00000000	          0.12450193	          4.72328803	          3.50261448	          0.35717398	          0.00138921	         -0.86128474	          0.00000000	          0.00000000	          0.00000000	         -0.03625808	          0.10554729	          0.06762334	          0.33616985	          0.00624334	         -0.76656573	          0.00000000	          0.00000000	          0.00000000	         -0.00000000	         -0.00000000	          0.00000000	         -0.25373336	          0.09400412	         -1.07147443	          0.00000000	          0.00000000	          0.00000000	          0.00000000	         -0.00000000	         -0.00000000	         -0.14621154	          0.02593370	         -1.03801815	          0.00000000	          0.00000000	          0.00000000	          0.00000000	         -0.00000000	         -0.00000000	         -0.16651844	          0.02832659	         -1.13303126	          0.00000000	          0.00000000	          0.00000000	          0.00000000	         -0.00000000	         -0.00000000	         -0.21128002	          0.06159282	         -1.10518201	          0.00000000	          0.00000000	          0.00000000	        -40.75464584	         33.01768466	          0.80574595	         -0.08221747	         -0.00634662	         -1.05112109	          0.00000000	          0.00000000	          0.00000000	         -2.66854665	          2.20756167	          0.06057965	         -0.09190768	          0.00108297	         -1.14699820	          0.00000000	          0.00000000	          0.00000000	
          2.54000000	         -8.04389268	        424.68349735	        -66.13521281	          0.08890578	         -0.01478132	         -0.84864806	          0.00000000	          0.00000000	          0.00000000	          3.34819752	        114.75491307	         27.98032538	          0.26222898	         -0.00523045	         -0.87708722	          0.00000000	          0.00000000	          0.00000000	         -5.13797324	         24.06454914	          4.41062528	          0.24222590	         -0.00127243	         -0.78221902	          0.00000000	          0.00000000	          0.00000000	        -25.12161626	        203.39781568	          2.01789951	          0.16407433	         -0.00796243	         -0.81253497	          0.00000000	          0.00000000	          0.00000000	         -0.27714204	          8.25508081	          3.58571157	          0.35074604	          0.00034634	         -0.86341125	          0.00000000	          0.00000000	          0.00000000	         -0.13536398	          0.48998002	          0.18391099	          0.33113389	          0.00456608	         -0.76827317	          0.00000000	          0.00000000	          0.00000000	         -0.00000000	         -0.00000000	          0.00000000	         -0.23888539	          0.09574012	         -1.07226803	          0.00000000	          0.00000000	          0.00000000	         -0.00000000	          0.00000000	          0.00000000	         -0.12878343	          0.02868508	         -1.03900186	          0.00000000	          0.00000000	          0.00000000	         -0.00000000	          0.00000000	          0.00000000	         -0.14716253	          0.03173833	         -1.13433120	          0.00000000	          0.00000000	          0.00000000	         -0.00000000	         -0.00000000	          0.00000000	         -0.19413579	          0.06418049	         -1.10623695	          0.00000000	          0.00000000	          0.00000000	        -37.73042710	         26.08471619	         -0.53078211	         -0.06598157	         -0.00408051	         -1.05166505	          0.00000000	          0.00000000	          0.00000000	         -1.23287882	          0.86251556	         -0.01773906	         -0.07618805	          0.00267562	         -1.14768776	          0.00000000	          0.00000000	          0.00000000	
          2.56000000	        -19.19506781	        377.44291110	        -37.97931257	          0.08260040	         -0.01457094	         -0.84792074	          0.00000000	          0.00000000	          0.00000000	         -7.30780019	        137.51224748	          3.53375712	          0.25592757	         -0.00589899	         -0.87744145	          0.00000000	          0.00000000	          0.00000000	         -5.69313757	         40.81055444	          0.22931798	          0.23669871	         -0.00226766	         -0.78236112	          0.00000000	          0.00000000	          0.00000000	        -19.61295012	        200.81056685	         -9.78915327	          0.15818046	         -0.00835970	         -0.81223052	          0.00000000	          0.00000000	          0.00000000	         -1.97147480	         17.62676466	          1.17034170	          0.34467430	         -0.00081116	         -0.86430297	          0.00000000	          0.00000000	          0.00000000	         -0.29907332	          1.51839250	          0.07393110	          0.32582382	          0.00315897	         -0.76896815	          0.00000000	          0.00000000	          0.00000000	         -0.00000000	         -0.00000000	          0.00000000	         -0.22180374	          0.09476954	         -1.07185070	          0.00000000	          0.00000000	          0.00000000	         -0.00000000	          0.00000000	          0.00000000	         -0.10644324	          0.02993725	         -1.03878040	          0.00000000	          0.00000000	          0.00000000	         -0.00000000	         -0.00000000	          0.00000000	         -0.12314837	          0.03350910	         -1.13434541	          0.00000000	          0.00000000	          0.00000000	         -0.00000000	         -0.00000000	          0.00000000	         -0.17356705	          0.06458391	         -1.10604119	          0.00000000	          0.00000000	          0.00000000	        -30.61936372	         18.88748765	         -1.34669027	         -0.04292047	         -0.00233125	         -1.05109928	          0.00000000	          0.00000000	          0.00000000	         -0.59516385	          0.36916382	         -0.02633871	         -0.05356796	          0.00399262	         -1.14719184	          0.00000000	          0.00000000	          0.00000000	
          2.58000000	        -23.89144712	        332.56659165	        -10.88713814	          0.07646309	         -0.01409880	         -0.84757890	          0.00000000	          0.00000000	          0.00000000	        -18.45967025	        163.98145136	        -19.70943537	          0.25000222	         -0.00662071	         -0.87716059	          0.00000000	          0.00000000	          0.00000000	         -4.13680981	         53.74984386	         -5.93287713	          0.23093562	         -0.00298873	         -0.78204769	          0.00000000	          0.00000000	          0.00000000	        -13.94685669	        190.64601070	        -13.50032704	          0.15223385	         -0.00847787	         -0.81190162	          0.00000000	          0.00000000	          0.00000000	         -7.06074665	         38.28347379	         -7.95215614	          0.33891448	         -0.00200385	         -0.86404234	          0.00000000	          0.00000000	          0.00000000	         -0.43180195	          2.94266679	         -0.56866595	          0.32019840	          0.00212321	         -0.76870771	          0.00000000	          0.00000000	          0.00000000	         -0.00000000	         -0.00000000	         -0.00000000	         -0.20250417	          0.09135409	         -1.07018742	          0.00000000	          0.00000000	          0.00000000	         -0.00000000	          0.00000000	         -0.00000000	         -0.08013701	          0.02979510	         -1.03728094	          0.00000000	          0.00000000	          0.00000000	         -0.00000000	         -0.00000000	         -0.00000000	         -0.09554352	          0.03376982	         -1.13300037	          0.00000000	          0.00000000	          0.00000000	         -0.00000000	         -0.00000000	         -0.00000000	         -0.15011407	          0.06300100	         -1.10454064	          0.00000000	          0.00000000	          0.00000000	        -22.57833675	         12.83804133	         -1.37054853	         -0.01444152	         -0.00120608	         -1.04935457	          0.00000000	          0.00000000	          0.00000000	         -0.37183287	          0.21196494	         -0.02261279	         -0.02545687	          0.00483678	         -1.14547799	          0.00000000	          0.00000000	          0.00000000	
          2.60000000	        -22.84470232	        299.66531487	         -2.58147136	          0.07041272	         -0.01346639	         -0.84754015	          0.00000000	          0.00000000	          0.00000000	        -23.36987824	        189.46852395	        -29.83427199	          0.24425195	         -0.00735661	         -0.87661243	          0.00000000	          0.00000000	          0.00000000	         -3.13757630	         60.66432796	         -8.24411423	          0.22500295	         -0.00345645	         -0.78157878	          0.00000000	          0.00000000	          0.00000000	        -10.92826927	        177.25188162	        -12.55791529	          0.14623546	         -0.00838055	         -0.81165277	          0.00000000	          0.00000000	          0.00000000	        -13.51130749	         62.79771521	        -18.30527290	          0.33329329	         -0.00311124	         -0.86323029	          0.00000000	          0.00000000	          0.00000000	         -0.52923033	          3.70743529	         -0.97127354	          0.31435197	          0.00154013	         -0.76803679	          0.00000000	          0.00000000	          0.00000000	         -0.00000000	         -0.00000000	         -0.00000000	         -0.18088531	          0.08582217	         -1.06720531	          0.00000000	          0.00000000	          0.00000000	         -0.00000000	          0.00000000	         -0.00000000	         -0.05052352	          0.02846191	         -1.03465381	          0.00000000	          0.00000000	          0.00000000	         -0.00000000	         -0.00000000	         -0.00000000	         -0.06513654	          0.03278049	         -1.13043806	          0.00000000	          0.00000000	          0.00000000	         -0.00000000	         -0.00000000	         -0.00000000	         -0.12412022	          0.05972825	         -1.10176844	          0.00000000	          0.00000000	          0.00000000	        -19.28515767	         10.33325466	         -1.33041205	          0.01826902	         -0.00064446	         -1.04668068	          0.00000000	          0.00000000	          0.00000000	         -0.31221794	          0.16795467	         -0.02184061	          0.00679468	          0.00523395	         -1.14279120	          0.00000000	          0.00000000	          0.00000000	
          2.62000000	        -22.78044688	        285.21544341	        -13.37818767	          0.06435821	         -0.01281652	         -0.84754351	          0.00000000	          0.00000000	          0.00000000	        -21.79320720	        201.44791275	        -26.88202697	          0.23843780	         -0.00797247	         -0.87612729	          0.00000000	          0.00000000	          0.00000000	         -4.01521903	         59.29781522	         -6.83120699	          0.21899508	         -0.00363903	         -0.78120821	          0.00000000	          0.00000000	          0.00000000	        -11.78723789	        162.64932407	        -13.02328433	          0.14019740	         -0.00812769	         -0.81147506	          0.00000000	          0.00000000	          0.00000000	        -15.82907029	         76.45528602	        -18.02754497	          0.32759329	         -0.00391900	         -0.86251165	          0.00000000	          0.00000000	          0.00000000	         -0.54322202	          3.23010571	         -0.66839425	          0.30840797	          0.00148630	         -0.76752655	          0.00000000	          0.00000000	          0.00000000	         -0.00000000	         -0.00000000	         -0.00000000	         -0.15683731	          0.07860486	         -1.06305861	          0.00000000	          0.00000000	          0.00000000	         -0.00000000	          0.00000000	         -0.00000000	         -0.01812143	          0.02625053	         -1.03130027	          0.00000000	          0.00000000	          0.00000000	         -0.00000000	          0.00000000	         -0.00000000	         -0.03255681	          0.03088440	         -1.12705252	          0.00000000	          0.00000000	          0.00000000	         -0.00000000	         -0.00000000	         -0.00000000	         -0.09584516	          0.05515435	         -1.09799722	          0.00000000	          0.00000000	          0.00000000	        -18.94423670	          9.74292804	         -1.20080606	          0.05419394	         -0.00044970	         -1.04357813	          0.00000000	          0.00000000	          0.00000000	         -0.30956108	          0.16043115	         -0.02034505	          0.04197071	          0.00534350	         -1.13961699	          0.00000000	          0.00000000	          0.00000000	
          2.64000000	        -25.48933480	        291.54394936	        -32.37542868	          0.05823447	         -0.01231327	         -0.84734821	          0.00000000	          0.00000000	          0.00000000	        -17.45397705	        193.22779270	        -18.35522428	          0.23241831	         -0.00829840	         -0.87581052	          0.00000000	          0.00000000	          0.00000000	         -5.19623348	         51.71051516	         -4.53425424	          0.21294702	         -0.00351531	         -0.78098372	          0.00000000	          0.00000000	          0.00000000	        -14.30610686	        151.80989384	        -15.06553766	          0.13411012	         -0.00779682	         -0.81126847	          0.00000000	          0.00000000	          0.00000000	        -12.08672594	         71.96941942	         -9.17132783	          0.32166719	         -0.00421978	         -0.86217114	          0.00000000	          0.00000000	          0.00000000	         -0.38474078	          2.13747742	         -0.23563717	          0.30240347	          0.00193263	         -0.76738392	          0.00000000	          0.00000000	          0.00000000	         -0.00000000	         -0.00000000	         -0.00000000	         -0.13044027	          0.07027224	         -1.05837092	          0.00000000	          0.00000000	          0.00000000	         -0.00000000	          0.00000000	         -0.00000000	          0.01634233	          0.02351196	         -1.02798403	          0.00000000	          0.00000000	          0.00000000	         -0.00000000	          0.00000000	         -0.00000000	          0.00144729	          0.02843998	         -1.12360704	          0.00000000	          0.00000000	          0.00000000	         -0.00000000	         -0.00000000	         -0.00000000	         -0.06570035	          0.04974492	         -1.09391967	          0.00000000	          0.00000000	          0.00000000	        -19.38692297	          9.76638214	         -0.80542002	          0.09216001	         -0.00041374	         -1.04085907	          0.00000000	          0.00000000	          0.00000000	         -0.31777047	          0.16201345	         -0.01435867	          0.07881046	          0.00534680	         -1.13675573	          0.00000000	          0.00000000	          0.00000000	
          2.66000000	        -26.41095383	        313.84174332	        -49.60235169	          0.05198998	         -0.01208266	         -0.84687686	          0.00000000	          0.00000000	          0.00000000	        -11.41989559	        176.59314762	         -7.91367911	          0.22614282	         -0.00829374	         -0.87565114	          0.00000000	          0.00000000	          0.00000000	         -5.42576104	         44.41088381	         -2.28744307	          0.20683034	         -0.00319957	         -0.78085668	          0.00000000	          0.00000000	          0.00000000	        -15.71576797	        149.77156031	        -15.81098688	          0.12793430	         -0.00751343	         -0.81096857	          0.00000000	          0.00000000	          0.00000000	         -6.44551758	         58.71226665	         -0.41132160	          0.31545047	         -0.00401635	         -0.86221234	          0.00000000	          0.00000000	          0.00000000	         -0.21116459	          1.26409374	         -0.00969218	          0.29630141	          0.00264503	         -0.76753958	          0.00000000	          0.00000000	          0.00000000	         -0.00000000	         -0.00000000	         -0.00000000	         -0.10203115	          0.06144803	         -1.05395440	          0.00000000	          0.00000000	          0.00000000	         -0.00000005	          0.00000003	         -0.00000000	          0.05194857	          0.02050900	         -1.02565564	          0.00000000	          0.00000000	          0.00000000	         -0.00000000	          0.00000000	         -0.00000000	          0.03599316	          0.02574634	         -1.12104153	          0.00000000	          0.00000000	          0.00000000	         -0.00000000	         -0.00000000	         -0.00000000	         -0.03429145	          0.04396434	         -1.09041080	          0.00000000	          0.00000000	          0.00000000	        -20.79832353	         10.45819551	          0.02818423	          0.13087066	         -0.00046708	         -1.03952669	          0.00000000	          0.00000000	          0.00000000	         -0.32156190	          0.16446555	         -0.00107839	          0.11599977	          0.00533312	         -1.13518966	          0.00000000	          0.00000000	          0.00000000	
          2.68000000	        -25.01457429	        335.99332894	        -44.65989185	          0.04562650	         -0.01211725	         -0.84630216	          0.00000000	          0.00000000	          0.00000000	         -9.42434586	        169.39140603	         -6.99403529	          0.21968291	         -0.00812254	         -0.87554469	          0.00000000	          0.00000000	          0.00000000	         -4.04186700	         40.56823650	         -1.97447485	          0.20058070	         -0.00289504	         -0.78073666	          0.00000000	          0.00000000	          0.00000000	        -13.59565667	        153.77220862	        -14.06872533	          0.12163434	         -0.00737568	         -0.81061836	          0.00000000	          0.00000000	          0.00000000	         -3.60705930	         50.00442931	         -0.06489145	          0.30900899	         -0.00358443	         -0.86237089	          0.00000000	          0.00000000	          0.00000000	         -0.09406146	          0.82080884	         -0.00510422	          0.29003606	          0.00330382	         -0.76772760	          0.00000000	          0.00000000	          0.00000000	         -0.00000000	         -0.00000000	         -0.00000000	         -0.07202072	          0.05266225	         -1.05037289	          0.00000000	          0.00000000	          0.00000000	         -0.00000176	          0.00000090	          0.00000006	          0.08799526	          0.01741231	         -1.02508962	          0.00000000	          0.00000000	          0.00000000	         -0.00000000	          0.00000000	          0.00000000	          0.07038129	          0.02303791	         -1.12009447	          0.00000000	          0.00000000	          0.00000000	         -0.00000000	         -0.00000000	          0.00000000	         -0.00217198	          0.03819855	         -1.08811961	          0.00000000	          0.00000000	          0.00000000	        -23.64169575	         11.98885977	          1.39450148	          0.16939526	         -0.00062066	         -1.04044724	          0.00000000	          0.00000000	          0.00000000	         -0.30944057	          0.16065211	          0.01655928	          0.15255684	          0.00534285	         -1.13574325	          0.00000000	          0.00000000	          0.00000000	
          2.70000000	        -25.46807618	        339.99165426	         -7.72606816	          0.03924756	         -0.01225153	         -0.84600814	          0.00000000	          0.00000000	          0.00000000	        -17.09928891	        181.24275314	        -25.81088494	          0.21329444	         -0.00806149	         -0.87519805	          0.00000000	          0.00000000	          0.00000000	         -1.06869480	         40.42918646	         -5.08252497	          0.19412505	         -0.00274627	         -0.78042309	          0.00000000	          0.00000000	          0.00000000	         -7.66292618	        157.67090324	        -11.52665372	          0.11521515	         -0.00736693	         -0.81031580	          0.00000000	          0.00000000	          0.00000000	         -4.74659625	         52.33369035	        -10.79467639	          0.30259428	         -0.00334707	         -0.86201301	          0.00000000	          0.00000000	          0.00000000	         -0.01561560	          0.69340596	         -0.13022925	          0.28353532	          0.00366589	         -0.76742366	          0.00000000	          0.00000000	          0.00000000	         -0.00000000	         -0.00000000	         -0.00000000	         -0.04076490	          0.04426646	         -1.04776804	          0.00000000	          0.00000000	          0.00000000	         -0.00004585	          0.00002356	          0.00000366	          0.12416508	          0.01442366	         -1.02654721	          0.00000000	          0.00000000	          0.00000000	         -0.00000005	          0.00000002	          0.00000000	          0.10426753	          0.02052278	         -1.12098266	          0.00000000	          0.00000000	          0.00000000	         -0.00000000	         -0.00000000	          0.00000000	          0.03030703	          0.03272836	         -1.08722341	          0.00000000	          0.00000000	          0.00000000	        -24.50574504	         12.56727829	          2.87304708	          0.20738106	         -0.00074925	         -1.04392817	          0.00000000	          0.00000000	          0.00000000	         -0.23949947	          0.12664917	          0.02670215	          0.18806183	          0.00550652	         -1.13867703	          0.00000000	          0.00000000	          0.00000000	
          2.72000000	        -30.80563691	        326.47375118	         44.68078918	          0.03299118	         -0.01229995	         -0.84633994	          0.00000000	          0.00000000	          0.00000000	        -33.30874203	        205.75891986	        -52.68231982	          0.20723923	         -0.00828460	         -0.87440625	          0.00000000	          0.00000000	          0.00000000	          2.10385381	         42.91830024	         -8.79042885	          0.18745687	         -0.00277570	         -0.77980165	          0.00000000	          0.00000000	          0.00000000	         -2.56532528	        158.32513712	         -4.81754300	          0.10873405	         -0.00739932	         -0.81018182	          0.00000000	          0.00000000	          0.00000000	         -9.66919249	         65.24283501	        -30.15578867	          0.29646631	         -0.00356426	         -0.86066921	          0.00000000	          0.00000000	          0.00000000	          0.04562969	          0.75392838	         -0.30734842	          0.27679040	          0.00367840	         -0.76627562	          0.00000000	          0.00000000	          0.00000000	         -0.00000000	         -0.00000000	          0.00000000	         -0.00870431	          0.03647371	         -1.04623322	          0.00000000	          0.00000000	          0.00000000	         -0.00064429	          0.00033414	          0.00007475	          0.16019754	          0.01188156	         -1.02987290	          0.00000000	          0.00000000	          0.00000000	         -0.00000044	          0.00000023	          0.00000005	          0.13747251	          0.01841681	         -1.12355053	          0.00000000	          0.00000000	          0.00000000	         -0.00000000	          0.00000000	          0.00000000	          0.06283698	          0.02776401	         -1.08769240	          0.00000000	          0.00000000	          0.00000000	        -15.65826696	          8.12893361	          2.56328185	          0.24468025	         -0.00045617	         -1.04967620	          0.00000000	          0.00000000	          0.00000000	         -0.10282355	          0.05530773	          0.01625538	          0.22242944	          0.00612232	         -1.14369169	          0.00000000	          0.00000000	          0.00000000	
          2.74000000	        -38.87888760	        318.37184159	         62.77044545	          0.02689887	         -0.01224066	         -0.84717402	          0.00000000	          0.00000000	          0.00000000	        -43.00302198	        220.28200681	        -57.43994225	          0.20147683	         -0.00866812	         -0.87336705	          0.00000000	          0.00000000	          0.00000000	          2.18581343	         45.77489396	         -9.17536908	          0.18071037	         -0.00289962	         -0.77903564	          0.00000000	          0.00000000	          0.00000000	         -4.71454203	        158.42806668	          0.39836225	          0.10228439	         -0.00742179	         -0.81023363	          0.00000000	          0.00000000	          0.00000000	        -14.29535449	         76.97659468	        -38.95149701	          0.29059623	         -0.00403126	         -0.85870562	          0.00000000	          0.00000000	          0.00000000	          0.04560665	          0.84521894	         -0.37292925	          0.26993562	          0.00353895	         -0.76462574	          0.00000000	          0.00000000	          0.00000000	         -0.00000000	          0.00000000	          0.00000000	          0.02345545	          0.02947148	         -1.04608305	          0.00000000	          0.00000000	          0.00000000	         -0.00296920	          0.00156686	          0.00041817	          0.19551125	          0.01022482	         -1.03469633	          0.00000000	          0.00000000	          0.00000000	         -0.00000194	          0.00000106	          0.00000026	          0.16970392	          0.01693341	         -1.12752265	          0.00000000	          0.00000000	          0.00000000	         -0.00000000	          0.00000000	          0.00000000	          0.09492666	          0.02349810	         -1.08955254	          0.00000000	          0.00000000	          0.00000000	         -4.23549855	          2.24127185	          0.80688819	          0.28084552	          0.00078043	         -1.05696779	          0.00000000	          0.00000000	          0.00000000	         -0.01642587	          0.00900817	          0.00304325	          0.25547497	          0.00749862	         -1.15014995	          0.00000000	          0.00000000	          0.00000000	
          2.76000000	        -47.76972067	        336.79182610	         39.40881358	          0.02085235	         -0.01224503	         -0.84791330	          0.00000000	          0.00000000	          0.00000000	        -36.09966691	        195.89419939	        -38.91398766	          0.19568969	         -0.00881173	         -0.87239483	          0.00000000	          0.00000000	          0.00000000	         -0.50440824	         43.74917156	         -6.99303715	          0.17400808	         -0.00293675	         -0.77829589	          0.00000000	          0.00000000	          0.00000000	        -11.36230211	        159.01453620	         -2.96253433	          0.09588210	         -0.00743872	         -0.81024913	          0.00000000	          0.00000000	          0.00000000	        -10.53114770	         65.29774792	        -23.75629483	          0.28467809	         -0.00415169	         -0.85687997	          0.00000000	          0.00000000	          0.00000000	          0.00852350	          0.73091379	         -0.23705996	          0.26309432	          0.00358265	         -0.76306112	          0.00000000	          0.00000000	          0.00000000	         -0.00000000	          0.00000000	          0.00000000	          0.05470116	          0.02345521	         -1.04775013	          0.00000000	          0.00000000	          0.00000000	         -0.00310158	          0.00168877	          0.00048430	          0.22910689	          0.00980764	         -1.04052468	          0.00000000	          0.00000000	          0.00000000	         -0.00000331	          0.00000186	          0.00000050	          0.20045232	          0.01623761	         -1.13259151	          0.00000000	          0.00000000	          0.00000000	         -0.00000008	          0.00000004	          0.00000001	          0.12582885	          0.02010453	         -1.09287661	          0.00000000	          0.00000000	          0.00000000	         -0.05028450	          0.02746397	          0.00985708	          0.31497843	          0.00330962	         -1.06484770	          0.00000000	          0.00000000	          0.00000000	         -0.00064544	          0.00036304	          0.00012386	          0.28674918	          0.00976113	         -1.15728004	          0.00000000	          0.00000000	          0.00000000	
          2.78000000	        -50.55579691	        390.80197410	         -2.88592545	          0.01462490	         -0.01254843	         -0.84809236	          0.00000000	          0.00000000	          0.00000000	        -16.81191301	        135.75139959	        -10.82338938	          0.18951255	         -0.00831447	         -0.87169737	          0.00000000	          0.00000000	          0.00000000	         -2.42715435	         35.08698865	         -2.79574394	          0.16727381	         -0.00269673	         -0.77766564	          0.00000000	          0.00000000	          0.00000000	        -15.89143657	        162.63090070	         -7.01759629	          0.08938483	         -0.00748207	         -0.81003010	          0.00000000	          0.00000000	          0.00000000	         -1.83454787	         31.97146168	         -2.99160094	          0.27833478	         -0.00337177	         -0.85570856	          0.00000000	          0.00000000	          0.00000000	          0.00162904	          0.41984847	         -0.04272866	          0.25618135	          0.00403987	         -0.76191831	          0.00000000	          0.00000000	          0.00000000	         -0.00000056	          0.00000032	          0.00000007	          0.08389914	          0.01850315	         -1.05136607	          0.00000000	          0.00000000	          0.00000000	         -0.00071198	          0.00040612	          0.00011018	          0.25981790	          0.01068332	         -1.04661384	          0.00000000	          0.00000000	          0.00000000	         -0.00000221	          0.00000128	          0.00000034	          0.22911646	          0.01635714	         -1.13821851	          0.00000000	          0.00000000	          0.00000000	         -0.00000101	          0.00000058	          0.00000014	          0.15469263	          0.01763569	         -1.09747167	          0.00000000	          0.00000000	          0.00000000	          0.00000043	         -0.00000024	         -0.00000007	          0.34602744	          0.00712512	         -1.07214996	          0.00000000	          0.00000000	          0.00000000	          0.00000099	         -0.00000058	         -0.00000017	          0.31574345	          0.01284121	         -1.16412442	          0.00000000	          0.00000000	          0.00000000	
          2.80000000	        -27.62958048	        473.40006751	        -52.64995237	          0.00798758	         -0.01327764	         -0.84761813	          0.00000000	          0.00000000	          0.00000000	          2.58830801	         80.38615386	         20.78820605	          0.18256281	         -0.00710785	         -0.87182182	          0.00000000	          0.00000000	          0.00000000	         -4.09550944	         27.22313417	          5.22998545	          0.16049238	         -0.00224095	         -0.77758322	          0.00000000	          0.00000000	          0.00000000	        -19.57518618	        177.67850779	          6.49896763	          0.08268198	         -0.00765073	         -0.80974263	          0.00000000	          0.00000000	          0.00000000	          0.81721705	          7.34207617	          3.62066308	          0.27121773	         -0.00159623	         -0.85605642	          0.00000000	          0.00000000	          0.00000000	         -0.01216893	          0.18768082	          0.07726847	          0.24922713	          0.00484143	         -0.76194077	          0.00000000	          0.00000000	          0.00000000	         -0.00004026	          0.00002440	          0.00000638	          0.11018287	          0.01449570	         -1.05647263	          0.00000000	          0.00000000	          0.00000000	         -0.00005460	          0.00003298	          0.00000720	          0.28675942	          0.01254515	         -1.05198991	          0.00000000	          0.00000000	          0.00000000	         -0.00000071	          0.00000043	          0.00000010	          0.25522968	          0.01714512	         -1.14355410	          0.00000000	          0.00000000	          0.00000000	         -0.00000539	          0.00000326	          0.00000080	          0.18086365	          0.01596397	         -1.10269016	          0.00000000	          0.00000000	          0.00000000	          0.00000000	         -0.00000000	         -0.00000000	          0.37321420	          0.01185707	         -1.07765926	          0.00000000	          0.00000000	          0.00000000	          0.00000000	         -0.00000000	         -0.00000000	          0.34209501	          0.01651902	         -1.16959281	          0.00000000	          0.00000000	          0.00000000	
          2.82000000	          3.88324388	        546.95490092	        -71.05367304	          0.00093573	         -0.01430037	         -0.84675538	          0.00000000	          0.00000000	          0.00000000	          8.07666650	         49.56583048	         23.59991810	          0.17476174	         -0.00548548	         -0.87299092	          0.00000000	          0.00000000	          0.00000000	         -3.48631819	         21.20132555	          8.07457804	          0.15370025	         -0.00176489	         -0.77831354	          0.00000000	          0.00000000	          0.00000000	        -17.27988777	        194.20852226	         23.21238462	          0.07579317	         -0.00797120	         -0.80965301	          0.00000000	          0.00000000	          0.00000000	          0.27069388	          1.15994411	          0.97141250	          0.26327991	          0.00079014	         -0.85816901	          0.00000000	          0.00000000	          0.00000000	         -0.00697411	          0.07396785	          0.05384950	          0.24230925	          0.00579691	         -0.76347436	          0.00000000	          0.00000000	          0.00000000	         -0.00112977	          0.00072282	          0.00019211	          0.13334375	          0.01127010	         -1.06205312	          0.00000000	          0.00000000	          0.00000000	         -0.00000267	          0.00000170	          0.00000021	          0.30975210	          0.01494442	         -1.05567470	          0.00000000	          0.00000000	          0.00000000	         -0.00000014	          0.00000009	          0.00000001	          0.27869808	          0.01839958	         -1.14760216	          0.00000000	          0.00000000	          0.00000000	         -0.00001445	          0.00000914	          0.00000188	          0.20419296	          0.01491562	         -1.10752494	          0.00000000	          0.00000000	          0.00000000	          0.00000000	         -0.00000000	         -0.00000000	          0.39639501	          0.01697681	         -1.08041690	          0.00000000	          0.00000000	          0.00000000	          0.00000000	         -0.00000000	         -0.00000000	          0.36574620	          0.02051297	         -1.17270855	          0.00000000	          0.00000000	          0.00000000	
          2.84000000	         22.62766530	        582.93458915	        -67.96202773	         -0.00629107	         -0.01531329	         -0.84587567	          0.00000000	          0.00000000	          0.00000000	          6.93166401	         36.01039660	         13.79384840	          0.16656835	         -0.00388885	         -0.87437379	          0.00000000	          0.00000000	          0.00000000	         -1.60802045	         17.04155622	          5.28347859	          0.14679067	         -0.00136188	         -0.77926299	          0.00000000	          0.00000000	          0.00000000	         -7.55679991	        204.83915361	         18.84110760	          0.06876727	         -0.00832447	         -0.80966341	          0.00000000	          0.00000000	          0.00000000	          0.10042743	          0.38730964	          0.26648608	          0.25494445	          0.00315303	         -0.86065070	          0.00000000	          0.00000000	          0.00000000	         -0.00110771	          0.03260238	          0.01972110	          0.23528630	          0.00671248	         -0.76541419	          0.00000000	          0.00000000	          0.00000000	         -0.01303680	          0.00872247	          0.00199473	          0.15380538	          0.00878280	         -1.06703628	          0.00000000	          0.00000000	          0.00000000	         -0.00000012	          0.00000008	          0.00000000	          0.32932715	          0.01756372	         -1.05712270	          0.00000000	          0.00000000	          0.00000000	         -0.00000002	          0.00000001	          0.00000000	          0.29980827	          0.01998600	         -1.14968581	          0.00000000	          0.00000000	          0.00000000	         -0.00002113	          0.00001390	          0.00000191	          0.22502801	          0.01440839	         -1.11109536	          0.00000000	          0.00000000	          0.00000000	          0.00000000	         -0.00000000	          0.00000000	          0.41607805	          0.02207257	         -1.08012543	          0.00000000	          0.00000000	          0.00000000	          0.00000000	         -0.00000000	          0.00000000	          0.38696022	          0.02459379	         -1.17304389	          0.00000000	          0.00000000	          0.00000000	
          2.86000000	         23.87741958	        587.88861261	        -52.51820448	         -0.01345648	         -0.01610569	         -0.84517025	          0.00000000	          0.00000000	          0.00000000	          3.71319537	         29.92116163	          2.50552074	          0.15861718	         -0.00271784	         -0.87497476	          0.00000000	          0.00000000	          0.00000000	          0.20522881	         15.42816838	          0.86699626	          0.13968754	         -0.00111582	         -0.77961142	          0.00000000	          0.00000000	          0.00000000	          4.96978371	        213.21175316	         -3.89699657	          0.06166170	         -0.00863477	         -0.80947073	          0.00000000	          0.00000000	          0.00000000	          0.02993172	          0.15474648	          0.03360176	          0.24683534	          0.00487882	         -0.86190385	          0.00000000	          0.00000000	          0.00000000	          0.00155895	          0.02132632	          0.00390369	          0.22806786	          0.00731021	         -0.76634628	          0.00000000	          0.00000000	          0.00000000	         -0.06092333	          0.04218594	          0.00811475	          0.17223195	          0.00707572	         -1.07106947	          0.00000000	          0.00000000	          0.00000000	         -0.00000000	          0.00000000	         -0.00000000	          0.34632723	          0.02028112	         -1.05665097	          0.00000000	          0.00000000	          0.00000000	         -0.00000000	          0.00000000	         -0.00000000	          0.31903930	          0.02184218	         -1.14996969	          0.00000000	          0.00000000	          0.00000000	         -0.00001688	          0.00001148	          0.00000092	          0.24392896	          0.01443471	         -1.11329949	          0.00000000	          0.00000000	          0.00000000	          0.00000000	         -0.00000000	          0.00000000	          0.43308783	          0.02694958	         -1.07741967	          0.00000000	          0.00000000	          0.00000000	          0.00000000	         -0.00000000	          0.00000000	          0.40619756	          0.02862568	         -1.17108285	          0.00000000	          0.00000000	          0.00000000	
          2.88000000	         12.89035384	        582.42330049	        -33.35964602	         -0.02042811	         -0.01664807	         -0.84470748	          0.00000000	          0.00000000	          0.00000000	          0.65284305	         29.35722801	         -5.65444856	          0.15130372	         -0.00218490	         -0.87447389	          0.00000000	          0.00000000	          0.00000000	          1.48086099	         16.60926357	         -3.00636431	          0.13246010	         -0.00110808	         -0.77906401	          0.00000000	          0.00000000	          0.00000000	         12.88225907	        223.71214544	        -26.41885538	          0.05456646	         -0.00892296	         -0.80896450	          0.00000000	          0.00000000	          0.00000000	          0.01001930	          0.11162135	         -0.02496041	          0.23937633	          0.00565221	         -0.86139011	          0.00000000	          0.00000000	          0.00000000	          0.00340472	          0.02318443	         -0.00501437	          0.22074413	          0.00739665	         -0.76574606	          0.00000000	          0.00000000	          0.00000000	         -0.11756498	          0.08411637	          0.01670391	          0.18908549	          0.00617984	         -1.07464275	          0.00000000	          0.00000000	          0.00000000	         -0.00000000	          0.00000000	         -0.00000000	          0.36141603	          0.02306476	         -1.05524237	          0.00000000	          0.00000000	          0.00000000	         -0.00000000	          0.00000000	         -0.00000000	          0.33677525	          0.02392282	         -1.14933089	          0.00000000	          0.00000000	          0.00000000	         -0.00000741	          0.00000520	          0.00000038	          0.26130970	          0.01498736	         -1.11481525	          0.00000000	          0.00000000	          0.00000000	          0.00000000	         -0.00000000	          0.00000000	          0.44811090	          0.03153572	         -1.07351772	          0.00000000	          0.00000000	          0.00000000	          0.00000000	         -0.00000000	          0.00000000	          0.42386530	          0.03252243	         -1.16793896	          0.00000000	          0.00000000	          0.00000000	
          2.90000000	         -1.77597858	        573.54601851	        -21.11914442	         -0.02717555	         -0.01699361	         -0.84446023	          0.00000000	          0.00000000	          0.00000000	         -1.60868067	         34.93701214	         -9.89696371	          0.14460786	         -0.00223903	         -0.87334383	          0.00000000	          0.00000000	          0.00000000	          1.81544544	         19.78735304	         -5.05050719	          0.12530687	         -0.00130472	         -0.77801941	          0.00000000	          0.00000000	          0.00000000	         11.26927839	        232.14393455	        -33.41048180	          0.04760260	         -0.00919972	         -0.80832569	          0.00000000	          0.00000000	          0.00000000	          0.00162572	          0.14947984	         -0.05646474	          0.23257764	          0.00556503	         -0.85982243	          0.00000000	          0.00000000	          0.00000000	          0.00509507	          0.03637817	         -0.01282637	          0.21353592	          0.00703745	         -0.76424075	          0.00000000	          0.00000000	          0.00000000	         -0.10395557	          0.07759210	          0.01877708	          0.20432068	          0.00604954	         -1.07847981	          0.00000000	          0.00000000	          0.00000000	         -0.00000000	          0.00000000	         -0.00000000	          0.37473534	          0.02584999	         -1.05387890	          0.00000000	          0.00000000	          0.00000000	         -0.00000000	          0.00000000	         -0.00000000	          0.35300266	          0.02613249	         -1.14869523	          0.00000000	          0.00000000	          0.00000000	         -0.00000198	          0.00000144	          0.00000015	          0.27713534	          0.01599503	         -1.11646439	          0.00000000	          0.00000000	          0.00000000	          0.00000000	         -0.00000000	          0.00000000	          0.46134317	          0.03574487	         -1.06952471	          0.00000000	          0.00000000	          0.00000000	          0.00000000	         -0.00000000	          0.00000000	          0.44000477	          0.03616666	         -1.16466186	          0.00000000	          0.00000000	          0.00000000	
          2.92000000	        -10.45479834	        559.96989449	        -22.66426757	         -0.03376475	         -0.01718409	         -0.84433690	          0.00000000	          0.00000000	          0.00000000	         -2.55327101	         43.49307818	         -9.23730130	          0.13822437	         -0.00260731	         -0.87234409	          0.00000000	          0.00000000	          0.00000000	          1.01503770	         21.19276532	         -3.99164429	          0.11838139	         -0.00148496	         -0.77713915	          0.00000000	          0.00000000	          0.00000000	          4.07421747	        227.45557945	        -25.65944333	          0.04082847	         -0.00937870	         -0.80783197	          0.00000000	          0.00000000	          0.00000000	         -0.00448974	          0.25541435	         -0.07022892	          0.22614278	          0.00503872	         -0.85838963	          0.00000000	          0.00000000	          0.00000000	          0.00442964	          0.05383002	         -0.01360143	          0.20660014	          0.00659581	         -0.76291449	          0.00000000	          0.00000000	          0.00000000	         -0.05190121	          0.04118419	          0.01213662	          0.21740176	          0.00652306	         -1.08287303	          0.00000000	          0.00000000	          0.00000000	         -0.00000000	          0.00000000	         -0.00000000	          0.38590491	          0.02847794	         -1.05298633	          0.00000000	          0.00000000	          0.00000000	         -0.00000000	          0.00000000	         -0.00000000	          0.36725038	          0.02828306	         -1.14845685	          0.00000000	          0.00000000	          0.00000000	         -0.00000041	          0.00000032	          0.00000004	          0.29089900	          0.01728191	         -1.11858858	          0.00000000	          0.00000000	          0.00000000	         -0.00000000	         -0.00000000	         -0.00000000	          0.47246146	          0.03940964	         -1.06592956	          0.00000000	          0.00000000	          0.00000000	         -0.00000000	         -0.00000000	         -0.00000000	          0.45420266	          0.03936145	         -1.16170912	          0.00000000	          0.00000000	          0.00000000	
          2.94000000	        -10.13962243	        547.69213966	        -36.91867198	         -0.04032020	         -0.01725530	         -0.84422152	          0.00000000	          0.00000000	          0.00000000	         -0.72976396	         47.91223814	          0.08670248	          0.13177377	         -0.00294364	         -0.87213142	          0.00000000	          0.00000000	          0.00000000	         -0.57869978	         17.35514510	          0.03614560	          0.11173624	         -0.00137334	         -0.77699258	          0.00000000	          0.00000000	          0.00000000	         -5.53879981	        209.23957044	         -6.90883025	          0.03422198	         -0.00934411	         -0.80770342	          0.00000000	          0.00000000	          0.00000000	          0.00139798	          0.34762554	          0.01970545	          0.21969005	          0.00460207	         -0.85814120	          0.00000000	          0.00000000	          0.00000000	         -0.00092618	          0.04865222	          0.00273863	          0.19998494	          0.00652676	         -0.76272629	          0.00000000	          0.00000000	          0.00000000	         -0.01990460	          0.01707803	          0.00577895	          0.22769122	          0.00733396	         -1.08761316	          0.00000000	          0.00000000	          0.00000000	         -0.00000000	          0.00000000	         -0.00000000	          0.39439879	          0.03073039	         -1.05249046	          0.00000000	          0.00000000	          0.00000000	         -0.00000000	          0.00000000	         -0.00000000	          0.37889216	          0.03013184	         -1.14851584	          0.00000000	          0.00000000	          0.00000000	         -0.00000009	          0.00000008	          0.00000001	          0.30196528	          0.01859246	         -1.12103177	          0.00000000	          0.00000000	          0.00000000	         -0.00000000	         -0.00000000	         -0.00000000	          0.48097106	          0.04233003	         -1.06272482	          0.00000000	          0.00000000	          0.00000000	         -0.00000000	         -0.00000000	         -0.00000000	          0.46586421	          0.04188245	         -1.15904771	          0.00000000	          0.00000000	          0.00000000	
          2.96000000	          0.36698033	        544.81269139	        -57.42404588	         -0.04696991	         -0.01726769	         -0.84400733	          0.00000000	          0.00000000	          0.00000000	          3.35520816	         43.66161719	         13.58909011	          0.12492703	         -0.00298991	         -0.87317262	          0.00000000	          0.00000000	          0.00000000	         -1.35232104	         10.47864326	          2.87939463	          0.10538478	         -0.00085436	         -0.77797481	          0.00000000	          0.00000000	          0.00000000	        -13.19789225	        187.05097095	         15.23428517	          0.02773678	         -0.00907426	         -0.80807913	          0.00000000	          0.00000000	          0.00000000	          0.02002601	          0.27934516	          0.15061032	          0.21289209	          0.00464021	         -0.85983756	          0.00000000	          0.00000000	          0.00000000	         -0.00310045	          0.02247967	          0.01130853	          0.19370622	          0.00707021	         -0.76436296	          0.00000000	          0.00000000	          0.00000000	         -0.00840230	          0.00781980	          0.00262382	          0.23484907	          0.00816206	         -1.09208743	          0.00000000	          0.00000000	          0.00000000	         -0.00000000	         -0.00000000	         -0.00000000	          0.39994211	          0.03240467	         -1.05198676	          0.00000000	          0.00000000	          0.00000000	         -0.00000000	          0.00000000	         -0.00000000	          0.38751104	          0.03144182	         -1.14844672	          0.00000000	          0.00000000	          0.00000000	         -0.00000003	          0.00000003	          0.00000000	          0.30995126	          0.01964650	         -1.12327313	          0.00000000	          0.00000000	          0.00000000	         -0.00000000	         -0.00000000	         -0.00000000	          0.48659171	          0.04435695	         -1.05961415	          0.00000000	          0.00000000	          0.00000000	         -0.00000000	         -0.00000000	         -0.00000000	          0.47456662	          0.04354663	         -1.15636066	          0.00000000	          0.00000000	          0.00000000	
          2.98000000	         19.42196453	        554.76844863	        -71.31733030	         -0.05380379	         -0.01729559	         -0.84365459	          0.00000000	          0.00000000	          0.00000000	          6.56120405	         33.90712974	         20.71650968	          0.11749006	         -0.00267431	         -0.87555881	          0.00000000	          0.00000000	          0.00000000	         -1.09437979	          5.61839721	          3.04454153	          0.09925373	         -0.00004286	         -0.78015178	          0.00000000	          0.00000000	          0.00000000	        -15.79711821	        171.75797136	         34.48461780	          0.02129533	         -0.00866990	         -0.80897077	          0.00000000	          0.00000000	          0.00000000	          0.02036546	          0.13211407	          0.11886651	          0.20553892	          0.00524421	         -0.86364059	          0.00000000	          0.00000000	          0.00000000	         -0.00135892	          0.00654595	          0.00577614	          0.18767699	          0.00812748	         -0.76795979	          0.00000000	          0.00000000	          0.00000000	         -0.00515257	          0.00508650	          0.00128263	          0.23900769	          0.00871758	         -1.09548954	          0.00000000	          0.00000000	          0.00000000	         -0.00000000	         -0.00000000	         -0.00000000	          0.40269896	          0.03338802	         -1.05093353	          0.00000000	          0.00000000	          0.00000000	         -0.00000000	         -0.00000000	         -0.00000000	          0.39310403	          0.03205379	         -1.14769913	          0.00000000	          0.00000000	          0.00000000	         -0.00000002	          0.00000002	          0.00000000	          0.31491662	          0.02021723	         -1.12463268	          0.00000000	          0.00000000	          0.00000000	         -0.00000000	         -0.00000000	         -0.00000000	          0.48945749	          0.04546059	         -1.05619807	          0.00000000	          0.00000000	          0.00000000	         -0.00000000	         -0.00000000	         -0.00000000	          0.48027588	          0.04427836	         -1.15324045	          0.00000000	          0.00000000	          0.00000000	
          3.00000000	         39.17633739	        572.03649732	        -74.94639966	         -0.06082635	         -0.01738835	         -0.84318903	          0.00000000	          0.00000000	          0.00000000	          7.20151177	         24.46565312	         19.59539322	          0.10948427	         -0.00211943	         -0.87891472	          0.00000000	          0.00000000	          0.00000000	         -0.83795645	          3.88913843	          2.78402126	          0.09321748	          0.00077446	         -0.78318250	          0.00000000	          0.00000000	          0.00000000	        -15.08441016	        168.63813075	         48.06952945	          0.01482817	         -0.00830342	         -0.81022382	          0.00000000	          0.00000000	          0.00000000	          0.00949234	          0.04940647	          0.04578027	          0.19761933	          0.00619812	         -0.86897522	          0.00000000	          0.00000000	          0.00000000	         -0.00037715	          0.00202366	          0.00185771	          0.18174097	          0.00931526	         -0.77297456	          0.00000000	          0.00000000	          0.00000000	         -0.00508003	          0.00516545	          0.00027728	          0.24077396	          0.00884275	         -1.09721412	          0.00000000	          0.00000000	          0.00000000	         -0.00000000	         -0.00000000	         -0.00000000	          0.40330010	          0.03371591	         -1.04899431	          0.00000000	          0.00000000	          0.00000000	         -0.00000000	         -0.00000000	         -0.00000000	          0.39613320	          0.03196627	         -1.14594355	          0.00000000	          0.00000000	          0.00000000	         -0.00000002	          0.00000002	         -0.00000000	          0.31739083	          0.02022295	         -1.12464178	          0.00000000	          0.00000000	          0.00000000	         -0.00000000	         -0.00000000	         -0.00000000	          0.49016492	          0.04577148	         -1.05228949	          0.00000000	          0.00000000	          0.00000000	         -0.00000000	         -0.00000000	         -0.00000000	          0.48341855	          0.04417205	         -1.14950764	          0.00000000	          0.00000000	          0.00000000	
          3.02000000	         50.89173754	        584.82164660	        -74.38598964	         -0.06795251	         -0.01753639	         -0.84263186	          0.00000000	          0.00000000	          0.00000000	          6.20526044	         18.13534215	         15.05616392	          0.10115654	         -0.00154830	         -0.88255986	          0.00000000	          0.00000000	          0.00000000	         -0.70942572	          3.48051900	          2.60422528	          0.08720975	          0.00129735	         -0.78645648	          0.00000000	          0.00000000	          0.00000000	        -13.30109651	        176.01821308	         53.35194579	          0.00833478	         -0.00812118	         -0.81154936	          0.00000000	          0.00000000	          0.00000000	          0.00480955	          0.02179010	          0.02018455	          0.18936602	          0.00712427	         -0.87480508	          0.00000000	          0.00000000	          0.00000000	         -0.00017411	          0.00102198	          0.00094634	          0.17581917	          0.01017453	         -0.77843920	          0.00000000	          0.00000000	          0.00000000	         -0.00737234	          0.00800630	         -0.00205191	          0.24087759	          0.00852807	         -1.09698370	          0.00000000	          0.00000000	          0.00000000	         -0.00000000	         -0.00000000	         -0.00000000	          0.40251053	          0.03351683	         -1.04607561	          0.00000000	          0.00000000	          0.00000000	         -0.00000000	          0.00000000	         -0.00000000	          0.39724294	          0.03128943	         -1.14310742	          0.00000000	          0.00000000	          0.00000000	         -0.00000004	          0.00000004	         -0.00000002	          0.31805725	          0.01971273	         -1.12312504	          0.00000000	          0.00000000	          0.00000000	         -0.00000000	         -0.00000000	         -0.00000000	          0.48946468	          0.04548867	         -1.04790215	          0.00000000	          0.00000000	          0.00000000	         -0.00000000	         -0.00000000	         -0.00000000	          0.48462369	          0.04340924	         -1.14519750	          0.00000000	          0.00000000	          0.00000000	
          3.04000000	         54.63569486	        585.89314332	        -66.07156544	         -0.07508306	         -0.01768282	         -0.84202884	          0.00000000	          0.00000000	          0.00000000	          4.69785618	         15.01472980	          9.92640287	          0.09288192	         -0.00114560	         -0.88571451	          0.00000000	          0.00000000	          0.00000000	         -0.53948025	          3.71071563	          2.22988868	          0.08115263	          0.00140976	         -0.78928283	          0.00000000	          0.00000000	          0.00000000	         -7.56926085	        186.89191370	         44.52989004	          0.00181121	         -0.00814949	         -0.81263174	          0.00000000	          0.00000000	          0.00000000	          0.00342445	          0.01394621	          0.01241268	          0.18115923	          0.00772255	         -0.87992534	          0.00000000	          0.00000000	          0.00000000	         -0.00013357	          0.00090833	          0.00081921	          0.16983979	          0.01046947	         -0.78323613	          0.00000000	          0.00000000	          0.00000000	         -0.01345052	          0.01756973	         -0.00989173	          0.23975572	          0.00784049	         -1.09482196	          0.00000000	          0.00000000	          0.00000000	         -0.00000000	         -0.00000000	         -0.00000000	          0.40079890	          0.03290042	         -1.04221315	          0.00000000	          0.00000000	          0.00000000	         -0.00000000	          0.00000000	         -0.00000000	          0.39688209	          0.03012862	         -1.13925279	          0.00000000	          0.00000000	          0.00000000	         -0.00000010	          0.00000014	         -0.00000008	          0.31735813	          0.01877239	         -1.12012603	          0.00000000	          0.00000000	          0.00000000	         -0.00000000	         -0.00000000	         -0.00000000	          0.48783782	          0.04474422	         -1.04308654	          0.00000000	          0.00000000	          0.00000000	         -0.00000000	         -0.00000000	         -0.00000000	          0.48435229	          0.04211801	         -1.14038700	          0.00000000	          0.00000000	          0.00000000	
          3.06000000	         53.36956577	        576.16037191	        -50.26145761	         -0.08216354	         -0.01777001	         -0.84147896	          0.00000000	          0.00000000	          0.00000000	          3.24663324	         14.85592346	          5.34973434	          0.08501498	         -0.00100240	         -0.88775337	          0.00000000	          0.00000000	          0.00000000	         -0.25459700	          4.47841469	          1.46791432	          0.07491507	          0.00119252	         -0.79110201	          0.00000000	          0.00000000	          0.00000000	          1.82355184	        197.19123621	         23.06736849	         -0.00479646	         -0.00831336	         -0.81324641	          0.00000000	          0.00000000	          0.00000000	          0.00287520	          0.01395125	          0.00835033	          0.17336577	          0.00786981	         -0.88332792	          0.00000000	          0.00000000	          0.00000000	         -0.00009241	          0.00130646	          0.00074068	          0.16368405	          0.01024593	         -0.78642180	          0.00000000	          0.00000000	          0.00000000	         -0.02846764	          0.04973695	         -0.03809468	          0.23755264	          0.00686218	         -1.09103071	          0.00000000	          0.00000000	          0.00000000	         -0.00000000	         -0.00000000	         -0.00000000	          0.39831118	          0.03192384	         -1.03756170	          0.00000000	          0.00000000	          0.00000000	         -0.00000000	          0.00000000	         -0.00000000	          0.39526719	          0.02855015	         -1.13455639	          0.00000000	          0.00000000	          0.00000000	         -0.00000036	          0.00000062	         -0.00000049	          0.31547592	          0.01747655	         -1.11588543	          0.00000000	          0.00000000	          0.00000000	         -0.00000000	         -0.00000000	         -0.00000000	          0.48545259	          0.04358450	         -1.03792398	          0.00000000	          0.00000000	          0.00000000	         -0.00000000	         -0.00000000	         -0.00000000	          0.48284346	          0.04035389	         -1.13517912	          0.00000000	          0.00000000	          0.00000000	
          3.08000000	         51.84555807	        561.13194561	        -32.41356174	         -0.08918447	         -0.01777201	         -0.84106789	          0.00000000	          0.00000000	          0.00000000	          1.93168594	         17.88850464	          0.89167086	          0.07773359	         -0.00114794	         -0.88847588	          0.00000000	          0.00000000	          0.00000000	          0.19163234	          5.70582447	          0.23370127	          0.06841849	          0.00077654	         -0.79172270	          0.00000000	          0.00000000	          0.00000000	         12.49491411	        205.67037099	         -1.89768112	         -0.01153110	         -0.00852943	         -0.81334230	          0.00000000	          0.00000000	          0.00000000	          0.00211775	          0.02174540	          0.00236304	          0.16617723	          0.00755374	         -0.88465161	          0.00000000	          0.00000000	          0.00000000	          0.00005811	          0.00263644	          0.00026313	          0.15728697	          0.00965030	         -0.78764389	          0.00000000	          0.00000000	          0.00000000	         -0.06592090	          0.16461565	         -0.14384834	          0.23433564	          0.00567247	         -1.08610274	          0.00000000	          0.00000000	          0.00000000	         -0.00000000	          0.00000000	         -0.00000000	          0.39508106	          0.03061451	         -1.03237117	          0.00000000	          0.00000000	          0.00000000	         -0.00000000	          0.00000000	         -0.00000000	          0.39255255	          0.02660476	         -1.12928380	          0.00000000	          0.00000000	          0.00000000	         -0.00000157	          0.00000381	         -0.00000333	          0.31252512	          0.01589120	         -1.11078415	          0.00000000	          0.00000000	          0.00000000	         -0.00000000	         -0.00000000	         -0.00000000	          0.48236046	          0.04201560	         -1.03253707	          0.00000000	          0.00000000	          0.00000000	         -0.00000000	         -0.00000000	         -0.00000000	          0.48026984	          0.03814618	         -1.12971143	          0.00000000	          0.00000000	          0.00000000	
          3.10000000	         50.47570394	        544.98387331	        -16.65219323	         -0.09615739	         -0.01769328	         -0.84083001	          0.00000000	          0.00000000	          0.00000000	          0.59292457	         25.53541867	         -4.38560928	          0.07099192	         -0.00157524	         -0.88812204	          0.00000000	          0.00000000	          0.00000000	          0.75688662	          7.54804355	         -1.23977864	          0.06168347	          0.00025752	         -0.79136109	          0.00000000	          0.00000000	          0.00000000	         21.07890357	        212.82098527	        -20.52520602	         -0.01838609	         -0.00874958	         -0.81304294	          0.00000000	          0.00000000	          0.00000000	          0.00064983	          0.05023599	         -0.01231453	          0.15955108	          0.00681409	         -0.88423768	          0.00000000	          0.00000000	          0.00000000	          0.00059239	          0.00662253	         -0.00157692	          0.15067249	          0.00881073	         -0.78722047	          0.00000000	          0.00000000	          0.00000000	         -0.15723634	          0.56764051	         -0.52144103	          0.23024199	          0.00435263	         -1.08060941	          0.00000000	          0.00000000	          0.00000000	         -0.00000000	          0.00000000	         -0.00000000	          0.39118781	          0.02900214	         -1.02693781	          0.00000000	          0.00000000	          0.00000000	         -0.00000000	          0.00000000	         -0.00000000	          0.38895199	          0.02435514	         -1.12374374	          0.00000000	          0.00000000	          0.00000000	         -0.00000848	          0.00002864	         -0.00002626	          0.30868543	          0.01408955	         -1.10526405	          0.00000000	          0.00000000	          0.00000000	         -0.00000000	         -0.00000000	         -0.00000000	          0.47864947	          0.04004894	         -1.02707648	          0.00000000	          0.00000000	          0.00000000	         -0.00000000	         -0.00000000	         -0.00000000	          0.47685455	          0.03553913	         -1.12414626	          0.00000000	          0.00000000	          0.00000000	
          3.12000000	         46.58854424	        526.38053892	         -5.67707049	         -0.10308192	         -0.01754303	         -0.84075397	          0.00000000	          0.00000000	          0.00000000	         -1.10558585	         39.99016253	        -11.41152129	          0.06463087	         -0.00225415	         -0.88714375	          0.00000000	          0.00000000	          0.00000000	          1.42125443	         10.72470957	         -2.86532755	          0.05481256	         -0.00031035	         -0.79044188	          0.00000000	          0.00000000	          0.00000000	         25.26066356	        218.20332384	        -29.89522550	         -0.02530155	         -0.00895080	         -0.81255178	          0.00000000	          0.00000000	          0.00000000	         -0.00601484	          0.15864557	         -0.06815472	          0.15332274	          0.00570995	         -0.88278201	          0.00000000	          0.00000000	          0.00000000	          0.00232056	          0.01902144	         -0.00783898	          0.14393804	          0.00781061	         -0.78582123	          0.00000000	          0.00000000	          0.00000000	         -0.36257023	          1.77073488	         -1.64392590	          0.22552658	          0.00299343	         -1.07506847	          0.00000000	          0.00000000	          0.00000000	         -0.00000000	          0.00000000	         -0.00000000	          0.38683085	          0.02714240	         -1.02156300	          0.00000000	          0.00000000	          0.00000000	         -0.00000000	          0.00000001	         -0.00000000	          0.38476732	          0.02188622	         -1.11824804	          0.00000000	          0.00000000	          0.00000000	         -0.00005395	          0.00023685	         -0.00021940	          0.30423850	          0.01216047	         -1.09974135	          0.00000000	          0.00000000	          0.00000000	         -0.00000000	         -0.00000000	         -0.00000000	          0.47451957	          0.03772996	         -1.02172949	          0.00000000	          0.00000000	          0.00000000	         -0.00000000	         -0.00000000	         -0.00000000	          0.47290024	          0.03260747	         -1.11868068	          0.00000000	          0.00000000	          0.00000000	
          3.14000000	         39.68334763	        502.35260862	          0.95627460	         -0.10994325	         -0.01731542	         -0.84080873	          0.00000000	          0.00000000	          0.00000000	         -3.28644678	         62.26657183	        -19.69396555	          0.05849462	         -0.00312987	         -0.88595688	          0.00000000	          0.00000000	          0.00000000	          2.15635463	         15.85345190	         -4.61953866	          0.04792448	         -0.00087801	         -0.78936106	          0.00000000	          0.00000000	          0.00000000	         24.97177620	        219.68562282	        -31.27177247	         -0.03220186	         -0.00910609	         -0.81204835	          0.00000000	          0.00000000	          0.00000000	         -0.03808530	          0.60076836	         -0.29064887	          0.14732850	          0.00432225	         -0.88093896	          0.00000000	          0.00000000	          0.00000000	          0.00713997	          0.05693673	         -0.02616648	          0.13719461	          0.00672610	         -0.78408182	          0.00000000	          0.00000000	          0.00000000	         -0.66316215	          4.27513874	         -3.93969654	          0.22041403	          0.00168362	         -1.06988530	          0.00000000	          0.00000000	          0.00000000	         -0.00000000	          0.00000000	         -0.00000000	          0.38221647	          0.02508856	         -1.01656177	          0.00000000	          0.00000000	          0.00000000	         -0.00000002	          0.00000011	         -0.00000010	          0.38024058	          0.01926364	         -1.11311819	          0.00000000	          0.00000000	          0.00000000	         -0.00036044	          0.00196741	         -0.00180833	          0.29941877	          0.01018170	         -1.09458016	          0.00000000	          0.00000000	          0.00000000	         -0.00000000	         -0.00000000	         -0.00000000	          0.47017727	          0.03509648	         -1.01676420	          0.00000000	          0.00000000	          0.00000000	         -0.00000000	          0.00000000	         -0.00000000	          0.46864931	          0.02940147	         -1.11358903	          0.00000000	          0.00000000	          0.00000000	
          3.16000000	         31.66096470	        472.47283638	          4.83795258	         -0.11673273	         -0.01699471	         -0.84096650	          0.00000000	          0.00000000	          0.00000000	         -5.44225619	         90.44853110	        -26.86488675	          0.05246025	         -0.00411615	         -0.88484016	          0.00000000	          0.00000000	          0.00000000	          2.68851854	         21.79266884	         -5.84284360	          0.04109462	         -0.00137776	         -0.78838504	          0.00000000	          0.00000000	          0.00000000	         21.75872013	        215.05597103	        -27.20054520	         -0.03903855	         -0.00917465	         -0.81165001	          0.00000000	          0.00000000	          0.00000000	         -0.16019416	          2.19652715	         -1.01062354	          0.14143605	          0.00277496	         -0.87915154	          0.00000000	          0.00000000	          0.00000000	          0.01733359	          0.15604818	         -0.06734287	          0.13050715	          0.00566689	         -0.78243431	          0.00000000	          0.00000000	          0.00000000	         -0.54868040	          7.67114102	         -6.97370078	          0.21492373	          0.00048938	         -1.06538116	          0.00000000	          0.00000000	          0.00000000	         -0.00000000	          0.00000000	         -0.00000000	          0.37739269	          0.02284882	         -1.01229018	          0.00000000	          0.00000000	          0.00000000	         -0.00000034	          0.00000242	         -0.00000218	          0.37538797	          0.01648666	         -1.10871028	          0.00000000	          0.00000000	          0.00000000	         -0.00168325	          0.01574566	         -0.01427550	          0.29424298	          0.00818603	         -1.09011896	          0.00000000	          0.00000000	          0.00000000	         -0.00000000	         -0.00000000	         -0.00000000	          0.46567512	          0.03212234	         -1.01255530	          0.00000000	          0.00000000	          0.00000000	         -0.00000000	          0.00000000	         -0.00000000	          0.46412257	          0.02588580	         -1.10924619	          0.00000000	          0.00000000	          0.00000000	
          3.18000000	         25.86426164	        440.30844073	          5.09964349	         -0.12346472	         -0.01657460	         -0.84119340	          0.00000000	          0.00000000	          0.00000000	         -6.19758706	        120.18704325	        -30.42549672	          0.04642381	         -0.00510947	         -0.88393312	          0.00000000	          0.00000000	          0.00000000	          2.79728423	         26.30644356	         -5.85432814	          0.03434060	         -0.00174332	         -0.78764482	          0.00000000	          0.00000000	          0.00000000	         17.96025183	        204.80672738	        -21.13626807	         -0.04580600	         -0.00912174	         -0.81140415	          0.00000000	          0.00000000	          0.00000000	         -0.40717660	          5.79783638	         -2.30361668	          0.13553281	          0.00122443	         -0.87765271	          0.00000000	          0.00000000	          0.00000000	          0.03065514	          0.34520861	         -0.12646420	          0.12388209	          0.00476191	         -0.78110572	          0.00000000	          0.00000000	          0.00000000	          1.71502044	         14.05670667	        -11.55242920	          0.20883885	         -0.00056274	         -1.06169778	          0.00000000	          0.00000000	          0.00000000	          0.00000000	          0.00000003	         -0.00000002	          0.37219193	          0.02038024	         -1.00901066	          0.00000000	          0.00000000	          0.00000000	          0.00000337	          0.00006908	         -0.00005375	          0.36996507	          0.01348124	         -1.10527810	          0.00000000	          0.00000000	          0.00000000	          0.01063744	          0.12199894	         -0.09770545	          0.28847800	          0.00614915	         -1.08655463	          0.00000000	          0.00000000	          0.00000000	         -0.00000000	          0.00000000	         -0.00000000	          0.46084711	          0.02871688	         -1.00942703	          0.00000000	          0.00000000	          0.00000000	          0.00000000	          0.00000001	         -0.00000000	          0.45907738	          0.02193803	         -1.10596807	          0.00000000	          0.00000000	          0.00000000	
          3.20000000	         24.94563836	        409.83889471	          1.03134491	         -0.13017798	         -0.01606938	         -0.84142956	          0.00000000	          0.00000000	          0.00000000	         -3.52668018	        148.73174790	        -27.95953923	          0.04029016	         -0.00603760	         -0.88329433	          0.00000000	          0.00000000	          0.00000000	          2.56290068	         29.15940927	         -4.65877547	          0.02765868	         -0.00197246	         -0.78718445	          0.00000000	          0.00000000	          0.00000000	         15.11844275	        193.68034413	        -14.87590156	         -0.05252253	         -0.00895591	         -0.81130182	          0.00000000	          0.00000000	          0.00000000	         -0.66383728	         12.09027333	         -3.61825954	          0.12952490	         -0.00021464	         -0.87656513	          0.00000000	          0.00000000	          0.00000000	          0.03537986	          0.60748857	         -0.16360960	          0.11731391	          0.00407046	         -0.78020872	          0.00000000	          0.00000000	          0.00000000	          9.94542849	         25.75992927	        -17.43068444	          0.20185895	         -0.00147831	         -1.05875869	          0.00000000	          0.00000000	          0.00000000	          0.00000016	          0.00000068	         -0.00000036	          0.36633299	          0.01763298	         -1.00677872	          0.00000000	          0.00000000	          0.00000000	          0.00085141	          0.00255047	         -0.00141838	          0.36360517	          0.01016929	         -1.10286460	          0.00000000	          0.00000000	          0.00000000	          0.32148728	          0.88404810	         -0.54618255	          0.28178769	          0.00402867	         -1.08386935	          0.00000000	          0.00000000	          0.00000000	          0.00000000	          0.00000000	         -0.00000000	          0.45539535	          0.02479690	         -1.00750124	          0.00000000	          0.00000000	          0.00000000	          0.00000031	          0.00000109	         -0.00000053	          0.45313043	          0.01744557	         -1.10386419	          0.00000000	          0.00000000	          0.00000000	
          3.22000000	         24.90148462	        378.61595803	         -0.33836411	         -0.13689432	         -0.01549353	         -0.84163213	          0.00000000	          0.00000000	          0.00000000	          0.65500468	        178.14496388	        -21.66525895	          0.03402884	         -0.00690311	         -0.88291994	          0.00000000	          0.00000000	          0.00000000	          2.23835617	         32.58551309	         -3.20990566	          0.02106666	         -0.00215981	         -0.78697855	          0.00000000	          0.00000000	          0.00000000	         12.89058901	        185.63274391	         -8.98381887	         -0.05918869	         -0.00873443	         -0.81130807	          0.00000000	          0.00000000	          0.00000000	         -1.79847478	         28.93529473	         -6.17472173	          0.12339835	         -0.00151893	         -0.87590671	          0.00000000	          0.00000000	          0.00000000	          0.00421046	          0.89559004	         -0.16586312	          0.11082763	          0.00356536	         -0.77975218	          0.00000000	          0.00000000	          0.00000000	         23.02637915	         39.16289701	        -22.37172826	          0.19395688	         -0.00225660	         -1.05637814	          0.00000000	          0.00000000	          0.00000000	          0.00000767	          0.00001910	         -0.00000609	          0.35974094	          0.01464587	         -1.00551101	          0.00000000	          0.00000000	          0.00000000	          0.05770955	          0.09977283	         -0.03453134	          0.35615861	          0.00661437	         -1.10138547	          0.00000000	          0.00000000	          0.00000000	          2.71720223	          4.61095350	         -2.12471633	          0.27408172	          0.00185723	         -1.08192753	          0.00000000	          0.00000000	          0.00000000	          0.00000001	          0.00000004	         -0.00000001	          0.44919747	          0.02042903	         -1.00675032	          0.00000000	          0.00000000	          0.00000000	          0.00014080	          0.00026159	         -0.00005747	          0.44608415	          0.01249914	         -1.10290587	          0.00000000	          0.00000000	          0.00000000	
          3.24000000	         24.35695607	        335.84521999	         -6.22510513	         -0.14359798	         -0.01481329	         -0.84174565	          0.00000000	          0.00000000	          0.00000000	          7.40200073	        211.17361134	        -10.62653713	          0.02766862	         -0.00775553	         -0.88277122	          0.00000000	          0.00000000	          0.00000000	          1.56551848	         39.83183589	         -1.51114487	          0.01463258	         -0.00245264	         -0.78695711	          0.00000000	          0.00000000	          0.00000000	         10.14365398	        180.38256176	         -4.99854947	         -0.06576150	         -0.00851644	         -0.81135918	          0.00000000	          0.00000000	          0.00000000	         -4.67607733	         55.81356844	         -6.65200779	          0.11721144	         -0.00274361	         -0.87565091	          0.00000000	          0.00000000	          0.00000000	         -0.09911008	          1.24206054	         -0.11959152	          0.10450991	          0.00315460	         -0.77969972	          0.00000000	          0.00000000	          0.00000000	         31.06336843	         49.39906490	        -23.94143497	          0.18555915	         -0.00285509	         -1.05436438	          0.00000000	          0.00000000	          0.00000000	          0.00021641	          0.00052136	         -0.00004872	          0.35275031	          0.01159556	         -1.00510567	          0.00000000	          0.00000000	          0.00000000	          1.60785058	          2.34958160	         -0.28746090	          0.34790259	          0.00309557	         -1.10076268	          0.00000000	          0.00000000	          0.00000000	          8.96198965	         13.46664552	         -4.12611686	          0.26571077	         -0.00020209	         -1.08059450	          0.00000000	          0.00000000	          0.00000000	          0.00000230	          0.00000591	          0.00000063	          0.44252505	          0.01589441	         -1.00713225	          0.00000000	          0.00000000	          0.00000000	          0.03274295	          0.04974367	          0.00395494	          0.43815149	          0.00748299	         -1.10307483	          0.00000000	          0.00000000	          0.00000000	
          3.26000000	         17.85366348	        273.50958191	         -7.57118462	         -0.15022736	         -0.01392457	         -0.84172745	          0.00000000	          0.00000000	          0.00000000	         11.55770073	        244.79153761	          1.47602895	          0.02128118	         -0.00860890	         -0.88279307	          0.00000000	          0.00000000	          0.00000000	          0.17159166	         52.12706390	          0.38873540	          0.00844056	         -0.00293072	         -0.78703862	          0.00000000	          0.00000000	          0.00000000	          5.66857631	        171.22352379	         -1.75470995	         -0.07216782	         -0.00829108	         -0.81139235	          0.00000000	          0.00000000	          0.00000000	        -11.13390187	         89.20411223	         -4.43467545	          0.11105677	         -0.00394870	         -0.87574109	          0.00000000	          0.00000000	          0.00000000	         -0.29881214	          1.71070171	         -0.05416044	          0.09846613	          0.00274614	         -0.77998459	          0.00000000	          0.00000000	          0.00000000	         23.12010880	         52.25304344	        -20.32163000	          0.17744007	         -0.00318980	         -1.05260860	          0.00000000	          0.00000000	          0.00000000	          0.00204835	          0.00979486	          0.00160953	          0.34604530	          0.00875926	         -1.00553687	          0.00000000	          0.00000000	          0.00000000	          7.66620589	         13.29112342	          1.81797646	          0.33950535	          0.00003784	         -1.10101326	          0.00000000	          0.00000000	          0.00000000	         19.73455067	         37.84122998	         -4.91073766	          0.25739614	         -0.00189156	         -1.07982515	          0.00000000	          0.00000000	          0.00000000	          0.00010610	          0.00057201	          0.00026787	          0.43601878	          0.01164073	         -1.00869673	          0.00000000	          0.00000000	          0.00000000	          1.52549396	          2.73723319	          1.21352574	          0.42995237	          0.00301237	         -1.10447000	          0.00000000	          0.00000000	          0.00000000	
          3.28000000	         10.88747220	        188.14958057	         -2.14198066	         -0.15672124	         -0.01265822	         -0.84164520	          0.00000000	          0.00000000	          0.00000000	         12.45119526	        266.79425798	          5.49570103	          0.01495419	         -0.00937792	         -0.88286533	          0.00000000	          0.00000000	          0.00000000	         -0.37248779	         65.61738643	          1.11176333	          0.00246636	         -0.00350361	         -0.78711155	          0.00000000	          0.00000000	          0.00000000	          3.65199886	        148.23358508	          0.37134378	         -0.07839251	         -0.00792795	         -0.81138689	          0.00000000	          0.00000000	          0.00000000	        -19.89404760	        124.17478062	         -5.86860066	          0.10501312	         -0.00510876	         -0.87596219	          0.00000000	          0.00000000	          0.00000000	         -0.50671576	          2.22717082	         -0.06529785	          0.09267903	          0.00235746	         -0.78040065	          0.00000000	          0.00000000	          0.00000000	          4.11524094	         46.27041378	        -19.38058105	          0.17039838	         -0.00317565	         -1.05079924	          0.00000000	          0.00000000	          0.00000000	         -0.01335017	          0.09041582	          0.02482903	          0.34034543	          0.00644071	         -1.00649691	          0.00000000	          0.00000000	          0.00000000	         13.69096486	         46.55015286	         11.47807595	          0.33176522	         -0.00216634	         -1.10185318	          0.00000000	          0.00000000	          0.00000000	         11.33967333	         55.16180732	         -4.99771302	          0.24993905	         -0.00297099	         -1.07932239	          0.00000000	          0.00000000	          0.00000000	         -0.00380654	          0.01846317	          0.01294272	          0.43040426	          0.00818636	         -1.01118856	          0.00000000	          0.00000000	          0.00000000	          3.86371703	         15.23199811	         10.34819363	          0.42228389	         -0.00024112	         -1.10688122	          0.00000000	          0.00000000	          0.00000000	
          3.30000000	          7.76955754	         98.71751047	         -3.15442027	         -0.16311308	         -0.01084180	         -0.84148238	          0.00000000	          0.00000000	          0.00000000	         23.34862805	        270.27648762	          6.77057863	          0.00863034	         -0.00993146	         -0.88290067	          0.00000000	          0.00000000	          0.00000000	          1.00294478	         75.06811879	          1.18214647	         -0.00340858	         -0.00399983	         -0.78710353	          0.00000000	          0.00000000	          0.00000000	          4.94602202	        112.72674425	         -0.97764050	         -0.08451325	         -0.00725373	         -0.81129918	          0.00000000	          0.00000000	          0.00000000	        -22.29172759	        154.78169676	         -5.25461134	          0.09900452	         -0.00614433	         -0.87619001	          0.00000000	          0.00000000	          0.00000000	         -0.63181835	          2.58889167	         -0.04601879	          0.08703612	          0.00207313	         -0.78082877	          0.00000000	          0.00000000	          0.00000000	         -8.56977899	         34.68050295	        -19.34797183	          0.16472574	         -0.00278776	         -1.04841780	          0.00000000	          0.00000000	          0.00000000	         -0.16839799	          0.35733310	          0.08078513	          0.33588297	          0.00483331	         -1.00733895	          0.00000000	          0.00000000	          0.00000000	          0.56274616	         62.78877391	         12.18481746	          0.32507095	         -0.00333841	         -1.10262145	          0.00000000	          0.00000000	          0.00000000	         -5.49276662	         52.82654221	         -9.87687848	          0.24368456	         -0.00333997	         -1.07849671	          0.00000000	          0.00000000	          0.00000000	         -0.08205221	          0.15070659	          0.10867645	          0.42595027	          0.00586182	         -1.01390975	          0.00000000	          0.00000000	          0.00000000	         -1.77648184	         33.73895076	         24.32096180	          0.41557198	         -0.00191478	         -1.10960460	          0.00000000	          0.00000000	          0.00000000	
          3.32000000	          3.49073913	         36.57599395	         -4.30226368	         -0.16943200	         -0.00843520	         -0.84105762	          0.00000000	          0.00000000	          0.00000000	         36.48116292	        266.71804763	         -1.08865966	          0.00218972	         -0.01024111	         -0.88286109	          0.00000000	          0.00000000	          0.00000000	          2.15463308	         77.08469950	         -1.24480452	         -0.00924961	         -0.00429377	         -0.78699440	          0.00000000	          0.00000000	          0.00000000	          4.37205960	         74.96180211	         -5.08495623	         -0.09057521	         -0.00618265	         -0.81102819	          0.00000000	          0.00000000	          0.00000000	        -19.65086930	        182.80084189	         -5.34253073	          0.09289381	         -0.00703997	         -0.87647174	          0.00000000	          0.00000000	          0.00000000	         -0.66625465	          2.58286977	         -0.02839006	          0.08147840	          0.00197504	         -0.78133119	          0.00000000	          0.00000000	          0.00000000	        -11.81898800	         23.92161058	        -15.88880814	          0.16017281	         -0.00214399	         -1.04532200	          0.00000000	          0.00000000	          0.00000000	         -0.49649527	          0.70872575	          0.13153614	          0.33239158	          0.00390463	         -1.00778608	          0.00000000	          0.00000000	          0.00000000	        -10.81321645	         54.46075824	          7.88830756	          0.31927677	         -0.00357341	         -1.10300731	          0.00000000	          0.00000000	          0.00000000	        -13.59179485	         41.10272211	        -10.90584300	          0.23843869	         -0.00310721	         -1.07712132	          0.00000000	          0.00000000	          0.00000000	         -0.28379893	          0.43031791	          0.27180249	          0.42238557	          0.00454747	         -1.01642233	          0.00000000	          0.00000000	          0.00000000	         -6.91675035	         32.07493646	         21.43070028	          0.40967940	         -0.00229674	         -1.11212132	          0.00000000	          0.00000000	          0.00000000	
          3.34000000	          0.61162579	          5.25113876	         -0.31466462	         -0.17566384	         -0.00552452	         -0.84067569	          0.00000000	          0.00000000	          0.00000000	         43.21504085	        271.92028381	        -16.57883473	         -0.00434530	         -0.01043132	         -0.88272617	          0.00000000	          0.00000000	          0.00000000	          7.03619494	         67.29251976	         -3.70326587	         -0.01520781	         -0.00425966	         -0.78684910	          0.00000000	          0.00000000	          0.00000000	          4.34649573	         39.97899535	         -2.29080426	         -0.09665192	         -0.00468744	         -0.81076297	          0.00000000	          0.00000000	          0.00000000	        -18.74131393	        216.85528823	        -27.82616424	          0.08666888	         -0.00789244	         -0.87666904	          0.00000000	          0.00000000	          0.00000000	         -0.39734669	          1.96718589	         -0.15717506	          0.07583979	          0.00219126	         -0.78188971	          0.00000000	          0.00000000	          0.00000000	        -11.69855270	         17.56028096	        -10.81887926	          0.15646662	         -0.00151170	         -1.04188291	          0.00000000	          0.00000000	          0.00000000	         -0.83434294	          0.94997829	          0.19235461	          0.32959087	          0.00344834	         -1.00805718	          0.00000000	          0.00000000	          0.00000000	        -15.87296024	         40.11702333	          6.15819696	          0.31420082	         -0.00317416	         -1.10319119	          0.00000000	          0.00000000	          0.00000000	        -16.52303661	         30.72746218	         -7.91888841	          0.23397693	         -0.00256092	         -1.07547167	          0.00000000	          0.00000000	          0.00000000	         -0.48553589	          0.67254079	          0.38510311	          0.41941071	          0.00389610	         -1.01877018	          0.00000000	          0.00000000	          0.00000000	         -8.18743062	         22.92263513	         14.39237580	          0.40441516	         -0.00196478	         -1.11439888	          0.00000000	          0.00000000	          0.00000000	
          3.36000000	         -0.02057733	         -0.14066958	         -0.02779614	         -0.18179896	         -0.00215114	         -0.84131264	          0.00000000	          0.00000000	          0.00000000	         51.49670401	        293.20458001	        -13.60343473	         -0.01089652	         -0.01068503	         -0.88273291	          0.00000000	          0.00000000	          0.00000000	         10.70881585	         47.03851707	         -0.22929945	         -0.02150754	         -0.00375853	         -0.78703409	          0.00000000	          0.00000000	          0.00000000	          2.46113622	         13.06862324	          1.29181868	         -0.10285987	         -0.00270923	         -0.81118243	          0.00000000	          0.00000000	          0.00000000	        -21.73679263	        264.01563807	        -54.99525585	          0.08037812	         -0.00883581	         -0.87675388	          0.00000000	          0.00000000	          0.00000000	         -0.11250590	          0.89692500	         -0.08618070	          0.06988032	          0.00292959	         -0.78271553	          0.00000000	          0.00000000	          0.00000000	        -12.51453033	         15.90860141	         -7.22905578	          0.15336782	         -0.00116450	         -1.03877359	          0.00000000	          0.00000000	          0.00000000	         -0.98916621	          1.13303884	          0.31079621	          0.32722094	          0.00320357	         -1.00855166	          0.00000000	          0.00000000	          0.00000000	        -15.75637536	         29.12677289	          7.35755952	          0.30971959	         -0.00251426	         -1.10355531	          0.00000000	          0.00000000	          0.00000000	        -16.81871034	         24.74328740	         -3.06627548	          0.23012190	         -0.00202804	         -1.07407632	          0.00000000	          0.00000000	          0.00000000	         -0.58652577	          0.80236867	          0.45985329	          0.41679115	          0.00361270	         -1.02120423	          0.00000000	          0.00000000	          0.00000000	         -6.89168595	         14.78039023	          9.69593696	          0.39967819	         -0.00133326	         -1.11668414	          0.00000000	          0.00000000	          0.00000000	
          3.38000000	         -0.00000625	         -0.00004238	         -0.00002201	         -0.18768881	          0.00180940	         -0.84374486	          0.00000000	          0.00000000	          0.00000000	         63.45980786	        321.32810760	         10.38925809	         -0.01742822	         -0.01108896	         -0.88324743	          0.00000000	          0.00000000	          0.00000000	          7.52843172	         23.22396387	          2.78841890	         -0.02811231	         -0.00269007	         -0.78802953	          0.00000000	          0.00000000	          0.00000000	          0.22491669	          0.93996580	          0.30536358	         -0.10910593	         -0.00012911	         -0.81292028	          0.00000000	          0.00000000	          0.00000000	        -28.34328284	        324.49226954	        -63.77983177	          0.07405158	         -0.00993721	         -0.87706940	          0.00000000	          0.00000000	          0.00000000	         -0.02055051	          0.17688945	          0.00161378	          0.06365413	          0.00437121	         -0.78444065	          0.00000000	          0.00000000	          0.00000000	        -15.78136586	         19.03727007	         -5.54795443	          0.15039887	         -0.00123741	         -1.03647401	          0.00000000	          0.00000000	          0.00000000	         -1.19754165	          1.42598664	          0.51073632	          0.32480084	          0.00294673	         -1.00948295	          0.00000000	          0.00000000	          0.00000000	        -12.40805557	         22.39576548	          7.62642351	          0.30546177	         -0.00190125	         -1.10432362	          0.00000000	          0.00000000	          0.00000000	        -15.67229819	         23.05181174	          0.44302160	          0.22645238	         -0.00173182	         -1.07328897	          0.00000000	          0.00000000	          0.00000000	         -0.63572626	          0.90901608	          0.54956119	          0.41409138	          0.00345470	         -1.02383029	          0.00000000	          0.00000000	          0.00000000	         -4.51278708	          9.62835482	          6.47297544	          0.39513796	         -0.00067862	         -1.11911694	          0.00000000	          0.00000000	          0.00000000	
          3.40000000	         -0.00000000	         -0.00000000	         -0.00000000	         -0.19294187	          0.00661908	         -0.84798872	          0.00000000	          0.00000000	          0.00000000	         70.79196057	        331.44051286	         33.25040219	         -0.02389262	         -0.01152123	         -0.88432961	          0.00000000	          0.00000000	          0.00000000	          1.95405951	          5.70817123	          1.34566596	         -0.03466332	         -0.00099306	         -0.78997185	          0.00000000	          0.00000000	          0.00000000	         -0.00033176	         -0.00154831	         -0.00078008	         -0.11500409	          0.00321352	         -0.81605493	          0.00000000	          0.00000000	          0.00000000	        -33.69212275	        391.11072659	        -47.45792292	          0.06772716	         -0.01115857	         -0.87789814	          0.00000000	          0.00000000	          0.00000000	         -0.00287556	          0.01430030	          0.00270758	          0.05757068	          0.00649787	         -0.78758223	          0.00000000	          0.00000000	          0.00000000	        -18.03458191	         28.02677823	         -5.27969161	          0.14690499	         -0.00169850	         -1.03489499	          0.00000000	          0.00000000	          0.00000000	         -1.41652883	          1.97202713	          0.71699270	          0.32169428	          0.00256565	         -1.01059347	          0.00000000	          0.00000000	          0.00000000	         -8.08451219	         19.47833312	          6.04499740	          0.30084838	         -0.00151466	         -1.10525929	          0.00000000	          0.00000000	          0.00000000	        -13.28828821	         25.55031932	          1.44450322	          0.22235304	         -0.00174725	         -1.07294808	          0.00000000	          0.00000000	          0.00000000	         -0.69230288	          1.08211896	          0.67701035	          0.41071710	          0.00326796	         -1.02633297	          0.00000000	          0.00000000	          0.00000000	         -2.48290182	          7.32730738	          4.18465839	          0.39025486	         -0.00017047	         -1.12141778	          0.00000000	          0.00000000	          0.00000000	
          3.42000000	          0.00000000	         -0.00000000	         -0.00000000	         -0.19701187	          0.01252179	         -0.85341177	          0.00000000	          0.00000000	          0.00000000	         59.70292229	        294.38934392	         38.78684432	         -0.03018443	         -0.01166707	         -0.88570410	          0.00000000	          0.00000000	          0.00000000	          0.24353264	          0.87301468	          0.25708413	         -0.04067713	          0.00130097	         -0.79253765	          0.00000000	          0.00000000	          0.00000000	         -0.00000000	         -0.00000002	         -0.00000001	         -0.12002625	          0.00741441	         -0.82010517	          0.00000000	          0.00000000	          0.00000000	        -31.90468822	        451.86498046	        -15.64545273	          0.06146820	         -0.01239078	         -0.87916975	          0.00000000	          0.00000000	          0.00000000	         -0.00037156	          0.00112364	          0.00038579	          0.05217245	          0.00895582	         -0.79200327	          0.00000000	          0.00000000	          0.00000000	        -16.67518043	         42.82111203	         -7.09291903	          0.14241023	         -0.00239875	         -1.03370855	          0.00000000	          0.00000000	          0.00000000	         -1.21497650	          2.78850601	          0.61885495	          0.31744792	          0.00208403	         -1.01143703	          0.00000000	          0.00000000	          0.00000000	         -4.43362364	         19.80544145	          3.57710486	          0.29547333	         -0.00140832	         -1.10594151	          0.00000000	          0.00000000	          0.00000000	         -9.58946886	         31.93778452	          0.13571671	          0.21738413	         -0.00202831	         -1.07268061	          0.00000000	          0.00000000	          0.00000000	         -0.50691465	          1.33479300	          0.54274679	          0.40624929	          0.00301925	         -1.02822113	          0.00000000	          0.00000000	          0.00000000	         -1.12904692	          6.68079603	          2.43606097	          0.38465587	          0.00011189	         -1.12312650	          0.00000000	          0.00000000	          0.00000000	
          3.44000000	          0.00000000	         -0.00000000	         -0.00000000	         -0.19942608	          0.01956286	         -0.85915649	          0.00000000	          0.00000000	          0.00000000	         30.52990159	        204.65477359	         35.92387024	         -0.03614646	         -0.01115281	         -0.88709485	          0.00000000	          0.00000000	          0.00000000	          0.01576259	          0.08534194	          0.02715981	         -0.04585041	          0.00399389	         -0.79516603	          0.00000000	          0.00000000	          0.00000000	          0.00000000	         -0.00000000	         -0.00000000	         -0.12377847	          0.01237888	         -0.82435050	          0.00000000	          0.00000000	          0.00000000	        -22.75580955	        489.77462238	         13.11675283	          0.05534490	         -0.01349321	         -0.88052004	          0.00000000	          0.00000000	          0.00000000	         -0.00008028	          0.00019832	          0.00007375	          0.04778137	          0.01112946	         -0.79670592	          0.00000000	          0.00000000	          0.00000000	        -10.56205673	         60.70167557	         -8.91036333	          0.13687370	         -0.00317272	         -1.03277956	          0.00000000	          0.00000000	          0.00000000	         -0.71470428	          3.68408113	          0.19624836	          0.31203728	          0.00160439	         -1.01177885	          0.00000000	          0.00000000	          0.00000000	         -2.02174204	         23.38786908	          0.70520263	          0.28936632	         -0.00155952	         -1.10616503	          0.00000000	          0.00000000	          0.00000000	         -5.32109355	         41.89838016	         -2.51561438	          0.21154151	         -0.00248293	         -1.07231777	          0.00000000	          0.00000000	          0.00000000	         -0.26782249	          1.60272514	          0.24197916	          0.40069081	          0.00276647	         -1.02921533	          0.00000000	          0.00000000	          0.00000000	         -0.41420960	          6.97679169	          0.89094883	          0.37839721	          0.00015881	         -1.12399356	          0.00000000	          0.00000000	          0.00000000	
          3.46000000	          0.00000000	         -0.00000000	         -0.00000000	         -0.20000535	          0.02749217	         -0.86438237	          0.00000000	          0.00000000	          0.00000000	          2.41896754	         93.67577148	         27.39151650	         -0.04156375	         -0.00969327	         -0.88846199	          0.00000000	          0.00000000	          0.00000000	          0.00079199	          0.00809474	          0.00288174	         -0.05023290	          0.00674881	         -0.79732341	          0.00000000	          0.00000000	          0.00000000	          0.00000000	         -0.00000000	         -0.00000000	         -0.12620392	          0.01779256	         -0.82808533	          0.00000000	          0.00000000	          0.00000000	        -20.18284641	        485.24762176	         29.61052809	          0.04944869	         -0.01429765	         -0.88152197	          0.00000000	          0.00000000	          0.00000000	         -0.00003132	          0.00008954	          0.00002102	          0.04427012	          0.01240883	         -0.80011342	          0.00000000	          0.00000000	          0.00000000	         -1.79004935	         80.88779262	         -9.32141965	          0.13052763	         -0.00394885	         -1.03215773	          0.00000000	          0.00000000	          0.00000000	         -0.08373677	          4.53950246	         -0.46602382	          0.30570626	          0.00118652	         -1.01162600	          0.00000000	          0.00000000	          0.00000000	         -0.51641147	         32.11644674	         -3.39113409	          0.28280273	         -0.00196627	         -1.10595751	          0.00000000	          0.00000000	          0.00000000	         -1.08226056	         56.79522425	         -6.27955573	          0.20507987	         -0.00307594	         -1.07189904	          0.00000000	          0.00000000	          0.00000000	         -0.04570272	          1.85398970	         -0.16507834	          0.39430186	          0.00255270	         -1.02930470	          0.00000000	          0.00000000	          0.00000000	         -0.17153918	          8.42113492	         -0.77203272	          0.37176921	         -0.00003813	         -1.12402822	          0.00000000	          0.00000000	          0.00000000	
          3.48000000	          0.00000000	         -0.00000000	         -0.00000000	         -0.19889732	          0.03582413	         -0.86852611	          0.00000000	          0.00000000	          0.00000000	         -1.91902038	          7.88742994	          4.43941108	         -0.04603511	         -0.00713698	         -0.89009255	          0.00000000	          0.00000000	          0.00000000	         -0.00002281	          0.00090805	          0.00047309	         -0.05405088	          0.00928046	         -0.79887641	          0.00000000	          0.00000000	          0.00000000	          0.00000000	         -0.00000000	         -0.00000000	         -0.12751061	          0.02325404	         -0.83094467	          0.00000000	          0.00000000	          0.00000000	        -48.06500255	        432.09034532	         63.47418124	          0.04403890	         -0.01463253	         -0.88201348	          0.00000000	          0.00000000	          0.00000000	         -0.00002127	          0.00014343	          0.00000595	          0.04117769	          0.01238167	         -0.80089714	          0.00000000	          0.00000000	          0.00000000	          6.46796215	        107.84091944	         -8.84669945	          0.12366299	         -0.00478379	         -1.03187270	          0.00000000	          0.00000000	          0.00000000	          0.46702564	          5.56198032	         -1.25510149	          0.29875769	          0.00078889	         -1.01108278	          0.00000000	          0.00000000	          0.00000000	         -0.15080909	         50.41158503	        -10.71819561	          0.27605462	         -0.00268103	         -1.10541821	          0.00000000	          0.00000000	          0.00000000	          2.09388679	         81.01184784	        -11.84317430	          0.19827974	         -0.00386227	         -1.07148835	          0.00000000	          0.00000000	          0.00000000	          0.08397264	          2.12541013	         -0.57849621	          0.38738480	          0.00235955	         -1.02863892	          0.00000000	          0.00000000	          0.00000000	         -0.50719707	         12.14180659	         -3.13579528	          0.36503946	         -0.00049176	         -1.12337689	          0.00000000	          0.00000000	          0.00000000	
          3.50000000	          0.00000000	         -0.00000000	         -0.00000000	         -0.19654995	          0.04405667	         -0.87131755	          0.00000000	          0.00000000	          0.00000000	          0.00081563	         -0.00143619	         -0.00103110	         -0.04905495	         -0.00344400	         -0.89216372	          0.00000000	          0.00000000	          0.00000000	         -0.00001928	          0.00008566	          0.00006062	         -0.05742273	          0.01160369	         -0.80003873	          0.00000000	          0.00000000	          0.00000000	          0.00000000	         -0.00000000	         -0.00000000	         -0.12800481	          0.02851612	         -0.83289901	          0.00000000	          0.00000000	          0.00000000	        -79.40597835	        329.46680341	         79.05963400	          0.03946281	         -0.01432695	         -0.88208491	          0.00000000	          0.00000000	          0.00000000	          0.00011845	          0.00078926	         -0.00008797	          0.03788652	          0.01103451	         -0.79882737	          0.00000000	          0.00000000	          0.00000000	         14.20662079	        149.28896464	         -7.24260766	          0.11652791	         -0.00580210	         -1.03187032	          0.00000000	          0.00000000	          0.00000000	          0.94662759	          7.33518864	         -1.82154478	          0.29146630	          0.00030963	         -1.01038224	          0.00000000	          0.00000000	          0.00000000	          0.59266931	         82.59216106	        -19.17535951	          0.26924413	         -0.00372489	         -1.10474234	          0.00000000	          0.00000000	          0.00000000	          5.68599911	        119.80867040	        -16.63208996	          0.19132172	         -0.00491255	         -1.07115361	          0.00000000	          0.00000000	          0.00000000	          0.11290784	          2.45627430	         -0.71727622	          0.38018611	          0.00215593	         -1.02761358	          0.00000000	          0.00000000	          0.00000000	         -1.21427826	         19.44390223	         -5.33133072	          0.35829310	         -0.00112163	         -1.12240199	          0.00000000	          0.00000000	          0.00000000	
          3.52000000	          0.00000000	         -0.00000000	         -0.00000000	         -0.19334666	          0.05181823	         -0.87273957	          0.00000000	          0.00000000	          0.00000000	          0.00000002	         -0.00000002	         -0.00000001	         -0.05007513	          0.00127416	         -0.89439709	          0.00000000	          0.00000000	          0.00000000	         -0.00000281	          0.00000509	          0.00000373	         -0.05998758	          0.01399320	         -0.80103001	          0.00000000	          0.00000000	          0.00000000	          0.00000000	         -0.00000000	         -0.00000000	         -0.12770813	          0.03354019	         -0.83406540	          0.00000000	          0.00000000	          0.00000000	       -103.42670461	        210.68824535	         76.50778120	          0.03612930	         -0.01327155	         -0.88194572	          0.00000000	          0.00000000	          0.00000000	          0.00336869	          0.00970277	         -0.00075254	          0.03407026	          0.00876165	         -0.79499154	          0.00000000	          0.00000000	          0.00000000	         21.03769544	        205.66586272	         -8.35624849	          0.10928510	         -0.00704798	         -1.03199670	          0.00000000	          0.00000000	          0.00000000	          1.47308702	         10.99506829	         -2.19348349	          0.28404171	         -0.00030751	         -1.00979347	          0.00000000	          0.00000000	          0.00000000	          3.99982752	        126.89795542	        -24.20609092	          0.26234204	         -0.00499924	         -1.10415363	          0.00000000	          0.00000000	          0.00000000	         10.97030018	        172.02974585	        -19.71496932	          0.18426536	         -0.00619502	         -1.07092621	          0.00000000	          0.00000000	          0.00000000	          0.07102733	          2.81186566	         -0.53699734	          0.37286481	          0.00194461	         -1.02672998	          0.00000000	          0.00000000	          0.00000000	         -1.53539112	         28.67965555	         -5.15614662	          0.35144004	         -0.00175320	         -1.12156352	          0.00000000	          0.00000000	          0.00000000	
          3.54000000	          0.00000000	         -0.00000000	         -0.00000000	         -0.18900102	          0.05869945	         -0.87395109	          0.00000000	          0.00000000	          0.00000000	          0.00000000	         -0.00000000	         -0.00000000	         -0.04820649	          0.00661724	         -0.89721621	          0.00000000	          0.00000000	          0.00000000	         -0.00000024	          0.00000033	          0.00000023	         -0.06069952	          0.01649570	         -0.80278977	          0.00000000	          0.00000000	          0.00000000	          0.00000000	         -0.00000000	         -0.00000000	         -0.12595302	          0.03815783	         -0.83551188	          0.00000000	          0.00000000	          0.00000000	        -77.78722785	        102.46512613	         60.70429954	          0.03504350	         -0.01145133	         -0.88277509	          0.00000000	          0.00000000	          0.00000000	         -0.00021578	          0.12603367	          0.06907860	          0.03048762	          0.00620033	         -0.79200045	          0.00000000	          0.00000000	          0.00000000	          4.31445875	        270.43018799	          0.39591231	          0.10221115	         -0.00843248	         -1.03218089	          0.00000000	          0.00000000	          0.00000000	          0.72212723	         18.49182831	         -1.43736820	          0.27680173	         -0.00102444	         -1.00952686	          0.00000000	          0.00000000	          0.00000000	         -3.44191526	        172.45914434	        -13.35018689	          0.25549218	         -0.00630523	         -1.10385141	          0.00000000	          0.00000000	          0.00000000	         -0.87454710	        228.14504932	         -8.56626539	          0.17731563	         -0.00756085	         -1.07086853	          0.00000000	          0.00000000	          0.00000000	         -0.20504450	          3.17616390	         -0.06702931	          0.36569264	          0.00174153	         -1.02633599	          0.00000000	          0.00000000	          0.00000000	         -3.40913130	         36.18619548	         -0.66845862	          0.34457754	         -0.00224919	         -1.12119148	          0.00000000	          0.00000000	          0.00000000	
          3.56000000	          0.00000000	         -0.00000000	         -0.00000000	         -0.18277940	          0.06410574	         -0.87571387	          0.00000000	          0.00000000	          0.00000000	          0.00000000	         -0.00000000	         -0.00000000	         -0.04239070	          0.01186817	         -0.90001513	          0.00000000	          0.00000000	          0.00000000	         -0.00000002	          0.00000002	          0.00000001	         -0.05814988	          0.01902146	         -0.80509552	          0.00000000	          0.00000000	          0.00000000	          0.00000000	         -0.00000000	         -0.00000000	         -0.12165990	          0.04204571	         -0.83752640	          0.00000000	          0.00000000	          0.00000000	        -36.22509924	         35.28929130	         10.53109924	          0.03792520	         -0.00894032	         -0.88421167	          0.00000000	          0.00000000	          0.00000000	         -0.46860903	          0.55698445	          0.22777204	          0.02931122	          0.00434422	         -0.79079326	          0.00000000	          0.00000000	          0.00000000	        -15.82358298	        326.28062661	         18.13668760	          0.09548543	         -0.00978584	         -1.03247986	          0.00000000	          0.00000000	          0.00000000	         -0.95242245	         30.10684643	          0.38834845	          0.26994055	         -0.00176943	         -1.00961170	          0.00000000	          0.00000000	          0.00000000	        -14.01548154	        209.10331255	          2.58476703	          0.24887437	         -0.00746325	         -1.10389479	          0.00000000	          0.00000000	          0.00000000	        -16.16494261	        274.55927462	          9.38517193	          0.17065163	         -0.00883171	         -1.07103963	          0.00000000	          0.00000000	          0.00000000	         -0.43643529	          3.60642389	          0.29351868	          0.35885547	          0.00153203	         -1.02642469	          0.00000000	          0.00000000	          0.00000000	         -5.14290923	         40.73012985	          3.34155014	          0.33788913	         -0.00257598	         -1.12129315	          0.00000000	          0.00000000	          0.00000000	
          3.58000000	         -0.00000000	         -0.00000000	          0.00000000	         -0.17393095	          0.06736390	         -0.87798968	          0.00000000	          0.00000000	          0.00000000	          0.00000002	         -0.00000001	         -0.00000000	         -0.03179281	          0.01615338	         -0.90082115	          0.00000000	          0.00000000	          0.00000000	         -0.00000000	          0.00000000	          0.00000000	         -0.05116197	          0.02151346	         -0.80609693	          0.00000000	          0.00000000	          0.00000000	         -0.00000000	         -0.00000000	          0.00000000	         -0.11385553	          0.04486342	         -0.83917841	          0.00000000	          0.00000000	          0.00000000	        -24.60034788	         20.00846376	         -1.70051198	          0.04638725	         -0.00613212	         -0.88345904	          0.00000000	          0.00000000	          0.00000000	         -0.55474896	          0.50713885	         -0.04374827	          0.03293680	          0.00395151	         -0.78901603	          0.00000000	          0.00000000	          0.00000000	        -17.62053646	        348.35840499	         25.21715708	          0.08894891	         -0.01087480	         -1.03285120	          0.00000000	          0.00000000	          0.00000000	         -1.44498793	         41.44988035	          0.21651545	          0.26329509	         -0.00242951	         -1.00977068	          0.00000000	          0.00000000	          0.00000000	        -17.80371526	        227.99056868	          2.39526213	          0.24242968	         -0.00835396	         -1.10404158	          0.00000000	          0.00000000	          0.00000000	        -19.38090588	        295.12127228	         12.38142656	          0.16416742	         -0.00983048	         -1.07129946	          0.00000000	          0.00000000	          0.00000000	         -0.45317386	          3.96609192	          0.19646046	          0.35222196	          0.00133398	         -1.02658259	          0.00000000	          0.00000000	          0.00000000	         -5.43625536	         41.82559582	          2.29522591	          0.33136275	         -0.00273769	         -1.12148093	          0.00000000	          0.00000000	          0.00000000	
          3.60000000	         -0.00000000	         -0.00000000	          0.00000000	         -0.16179017	          0.06794994	         -0.88069469	          0.00000000	          0.00000000	          0.00000000	         -0.00000006	          0.00000004	         -0.00000001	         -0.01603319	          0.01883989	         -0.89864759	          0.00000000	          0.00000000	          0.00000000	         -0.00000000	          0.00000000	         -0.00000000	         -0.03919723	          0.02367694	         -0.80466566	          0.00000000	          0.00000000	          0.00000000	         -0.00000000	         -0.00000000	         -0.00000000	         -0.10193177	          0.04621198	         -0.83986245	          0.00000000	          0.00000000	          0.00000000	        -24.86281045	         18.05037692	         -6.75285573	          0.06108808	         -0.00359369	         -0.87868854	          0.00000000	          0.00000000	          0.00000000	         -0.18120653	          0.14592541	         -0.05440001	          0.04253827	          0.00485997	         -0.78446985	          0.00000000	          0.00000000	          0.00000000	         -9.27620652	        325.26576300	         33.32333864	          0.08242523	         -0.01147673	         -1.03329120	          0.00000000	          0.00000000	          0.00000000	         -0.32199146	         46.04196019	         -2.13634596	          0.25667305	         -0.00284327	         -1.00975097	          0.00000000	          0.00000000	          0.00000000	        -20.57940082	        227.25830582	         -7.14852996	          0.23610055	         -0.00890006	         -1.10405260	          0.00000000	          0.00000000	          0.00000000	        -17.62977533	        284.02341332	         10.42740488	          0.15775002	         -0.01040932	         -1.07152828	          0.00000000	          0.00000000	          0.00000000	         -0.31975117	          4.00598089	         -0.24351801	          0.34564102	          0.00123255	         -1.02641817	          0.00000000	          0.00000000	          0.00000000	         -5.73510391	         40.37703241	         -1.84471353	          0.32499715	         -0.00274828	         -1.12137900	          0.00000000	          0.00000000	          0.00000000	
          3.62000000	         -0.00000000	         -0.00000000	         -0.00000000	         -0.14615893	          0.06571422	         -0.88293562	          0.00000000	          0.00000000	          0.00000000	         -0.00000005	          0.00000003	         -0.00000001	          0.00440832	          0.01981037	         -0.89367995	          0.00000000	          0.00000000	          0.00000000	         -0.00000000	          0.00000000	         -0.00000000	         -0.02255514	          0.02501678	         -0.80079664	          0.00000000	          0.00000000	          0.00000000	         -0.00000000	         -0.00000000	         -0.00000000	         -0.08593051	          0.04575787	         -0.83911817	          0.00000000	          0.00000000	          0.00000000	        -16.69061160	         11.03599345	         -5.53328759	          0.08142570	         -0.00162083	         -0.87026232	          0.00000000	          0.00000000	          0.00000000	         -0.04416132	          0.03171381	         -0.01530620	          0.05790549	          0.00635768	         -0.77699234	          0.00000000	          0.00000000	          0.00000000	         -4.82518938	        279.67304241	         38.23146452	          0.07588393	         -0.01152353	         -1.03389518	          0.00000000	          0.00000000	          0.00000000	          0.56321059	         43.10236388	         -4.30610014	          0.25002429	         -0.00292115	         -1.00952877	          0.00000000	          0.00000000	          0.00000000	        -25.79347229	        220.08695702	        -17.20942242	          0.22992193	         -0.00913661	         -1.10389047	          0.00000000	          0.00000000	          0.00000000	        -18.44659537	        259.23085287	          8.06916360	          0.15140425	         -0.01055543	         -1.07175530	          0.00000000	          0.00000000	          0.00000000	         -0.20995841	          3.71962398	         -0.64815417	          0.33908601	          0.00128343	         -1.02584251	          0.00000000	          0.00000000	          0.00000000	         -6.69321943	         38.96425562	         -5.87318452	          0.31886025	         -0.00268280	         -1.12089571	          0.00000000	          0.00000000	          0.00000000	
          3.64000000	         -0.00000000	         -0.00000000	         -0.00000000	         -0.12731950	          0.06089465	         -0.88378194	          0.00000000	          0.00000000	          0.00000000	         -0.00000012	          0.00000007	         -0.00000003	          0.02851750	          0.01931040	         -0.88730656	          0.00000000	          0.00000000	          0.00000000	         -0.00000000	          0.00000000	         -0.00000000	         -0.00192350	          0.02500225	         -0.79561948	          0.00000000	          0.00000000	          0.00000000	         -0.00000000	         -0.00000000	         -0.00000000	         -0.06632346	          0.04333216	         -0.83702539	          0.00000000	          0.00000000	          0.00000000	         -9.84979045	          6.03347781	         -2.82969424	          0.10616978	         -0.00026479	         -0.86051902	          0.00000000	          0.00000000	          0.00000000	         -0.02082213	          0.01351760	         -0.00596385	          0.07823956	          0.00757456	         -0.76842561	          0.00000000	          0.00000000	          0.00000000	         -3.33947406	        240.25143782	         40.45281437	          0.06935275	         -0.01115198	         -1.03470778	          0.00000000	          0.00000000	          0.00000000	          0.96460582	         36.73859118	         -5.03915970	          0.24336164	         -0.00271916	         -1.00919218	          0.00000000	          0.00000000	          0.00000000	        -31.20896487	        218.62542923	        -24.79476934	          0.22390626	         -0.00921532	         -1.10361384	          0.00000000	          0.00000000	          0.00000000	        -20.03558934	        240.13735161	          7.15084728	          0.14515026	         -0.01041625	         -1.07203107	          0.00000000	          0.00000000	          0.00000000	         -0.14734904	          3.27527459	         -0.83051992	          0.33256494	          0.00146188	         -1.02497233	          0.00000000	          0.00000000	          0.00000000	         -7.93667667	         39.21937580	         -8.84854994	          0.31295592	         -0.00264665	         -1.12013052	          0.00000000	          0.00000000	          0.00000000	
          3.66000000	         -0.00000000	         -0.00000000	         -0.00000000	         -0.10587920	          0.05407401	         -0.88296691	          0.00000000	          0.00000000	          0.00000000	         -0.00000089	          0.00000052	         -0.00000014	          0.05514961	          0.01773626	         -0.88135889	          0.00000000	          0.00000000	          0.00000000	         -0.00000000	          0.00000000	         -0.00000000	          0.02200337	          0.02339286	         -0.79060592	          0.00000000	          0.00000000	          0.00000000	         -0.00000000	         -0.00000000	         -0.00000000	         -0.04374558	          0.03908853	         -0.83416517	          0.00000000	          0.00000000	          0.00000000	         -8.29074420	          4.81604387	         -1.52789439	          0.13397406	          0.00050463	         -0.85223318	          0.00000000	          0.00000000	          0.00000000	         -0.02541482	          0.01528670	         -0.00450085	          0.10263700	          0.00783753	         -0.76107387	          0.00000000	          0.00000000	          0.00000000	         -4.56905485	        216.25612779	         41.26927956	          0.06285016	         -0.01058709	         -1.03570847	          0.00000000	          0.00000000	          0.00000000	          0.71922189	         29.87374102	         -3.85012187	          0.23670107	         -0.00235810	         -1.00888331	          0.00000000	          0.00000000	          0.00000000	        -34.29454026	        221.96801277	        -24.25041794	          0.21799288	         -0.00927209	         -1.10333729	          0.00000000	          0.00000000	          0.00000000	        -21.44612844	        230.04091168	          9.90153584	          0.13896476	         -0.01017323	         -1.07240096	          0.00000000	          0.00000000	          0.00000000	         -0.12589243	          2.77145217	         -0.70888106	          0.32606724	          0.00171999	         -1.02404048	          0.00000000	          0.00000000	          0.00000000	         -8.70234938	         40.75529009	         -9.37280745	          0.30718651	         -0.00268439	         -1.11929299	          0.00000000	          0.00000000	          0.00000000	
          3.68000000	         -0.00000000	         -0.00000000	         -0.00000000	         -0.08272271	          0.04611505	         -0.88103021	          0.00000000	          0.00000000	          0.00000000	         -0.00001035	          0.00000590	         -0.00000093	          0.08302599	          0.01559183	         -0.87711979	          0.00000000	          0.00000000	          0.00000000	         -0.00000005	          0.00000003	         -0.00000000	          0.04825610	          0.02053763	         -0.78680936	          0.00000000	          0.00000000	          0.00000000	         -0.00000000	         -0.00000000	         -0.00000000	         -0.01911286	          0.03363024	         -0.83132348	          0.00000000	          0.00000000	          0.00000000	         -7.47536025	          4.25477043	         -0.63152856	          0.16336512	          0.00090222	         -0.84701228	          0.00000000	          0.00000000	          0.00000000	         -0.06319985	          0.03653281	         -0.00512664	          0.12989539	          0.00715523	         -0.75629022	          0.00000000	          0.00000000	          0.00000000	         -9.01553760	        208.11013768	         37.97102090	          0.05640530	         -0.01003773	         -1.03678031	          0.00000000	          0.00000000	          0.00000000	         -0.04381312	         23.90698509	         -2.03016154	          0.23009038	         -0.00194564	         -1.00874181	          0.00000000	          0.00000000	          0.00000000	        -35.01195836	        227.39168193	        -16.87744021	          0.21209311	         -0.00935780	         -1.10318281	          0.00000000	          0.00000000	          0.00000000	        -23.57860818	        228.31281843	         12.74760138	          0.13281391	         -0.00995512	         -1.07286565	          0.00000000	          0.00000000	          0.00000000	         -0.13786651	          2.26589561	         -0.42954204	          0.31960375	          0.00202667	         -1.02331942	          0.00000000	          0.00000000	          0.00000000	         -8.64417145	         42.55694958	         -7.31360430	          0.30141791	         -0.00276698	         -1.11863193	          0.00000000	          0.00000000	          0.00000000	
          3.70000000	         -0.00000000	         -0.00000000	         -0.00000000	         -0.05899328	          0.03798644	         -0.87892700	          0.00000000	          0.00000000	          0.00000000	         -0.00010644	          0.00006179	         -0.00000457	          0.11066099	          0.01341688	         -0.87475939	          0.00000000	          0.00000000	          0.00000000	         -0.00000181	          0.00000105	         -0.00000008	          0.07523712	          0.01728493	         -0.78449275	          0.00000000	          0.00000000	          0.00000000	         -0.00000000	          0.00000000	         -0.00000000	          0.00620288	          0.02787703	         -0.82911619	          0.00000000	          0.00000000	          0.00000000	         -5.58547804	          3.22494000	         -0.14122969	          0.19257690	          0.00131276	         -0.84463473	          0.00000000	          0.00000000	          0.00000000	         -0.15636979	          0.09063295	         -0.00418984	          0.15810306	          0.00619903	         -0.75395305	          0.00000000	          0.00000000	          0.00000000	        -15.14821436	        214.14521086	         30.79877928	          0.05003552	         -0.00966769	         -1.03774927	          0.00000000	          0.00000000	          0.00000000	         -0.79631432	         19.37999177	         -0.40318706	          0.22357527	         -0.00156231	         -1.00883979	          0.00000000	          0.00000000	          0.00000000	        -32.79562385	        234.08502015	         -4.92730224	          0.20612328	         -0.00947948	         -1.10321916	          0.00000000	          0.00000000	          0.00000000	        -25.45478241	        234.72593316	         14.61061057	          0.12666067	         -0.00984564	         -1.07337110	          0.00000000	          0.00000000	          0.00000000	         -0.14646379	          1.79939780	         -0.14480038	          0.31318916	          0.00236135	         -1.02300497	          0.00000000	          0.00000000	          0.00000000	         -7.52577796	         43.87634437	         -3.24706649	          0.29552980	         -0.00284891	         -1.11832902	          0.00000000	          0.00000000	          0.00000000	
          3.72000000	         -0.00000000	          0.00000000	         -0.00000000	         -0.03590730	          0.03050135	         -0.87755657	          0.00000000	          0.00000000	          0.00000000	         -0.00067889	          0.00041042	         -0.00002116	          0.13662657	          0.01158595	         -0.87362124	          0.00000000	          0.00000000	          0.00000000	         -0.00003375	          0.00002041	         -0.00000110	          0.10098288	          0.01448671	         -0.78329608	          0.00000000	          0.00000000	          0.00000000	         -0.00000000	          0.00000000	         -0.00000000	          0.03059723	          0.02267760	         -0.82782972	          0.00000000	          0.00000000	          0.00000000	         -3.14031348	          1.89124355	         -0.05928641	          0.21984480	          0.00200874	         -0.84368967	          0.00000000	          0.00000000	          0.00000000	         -0.19887672	          0.12008444	         -0.00385678	          0.18492300	          0.00570604	         -0.75295432	          0.00000000	          0.00000000	          0.00000000	        -21.97743922	        230.51111519	         21.45842605	          0.04372678	         -0.00956571	         -1.03848919	          0.00000000	          0.00000000	          0.00000000	         -1.30161332	         16.17770247	          0.73392818	          0.21716035	         -0.00124888	         -1.00918537	          0.00000000	          0.00000000	          0.00000000	        -28.53480368	        239.43424737	          8.55302857	          0.20002124	         -0.00962069	         -1.10346510	          0.00000000	          0.00000000	          0.00000000	        -26.70952497	        246.26305639	         15.85388425	          0.12046491	         -0.00987954	         -1.07386321	          0.00000000	          0.00000000	          0.00000000	         -0.13434662	          1.38639397	          0.04727456	          0.30681233	          0.00271496	         -1.02317002	          0.00000000	          0.00000000	          0.00000000	         -5.67479053	         44.00243344	          1.31567136	          0.28944213	         -0.00289301	         -1.11845693	          0.00000000	          0.00000000	          0.00000000	
          3.74000000	         -0.00000000	          0.00000000	         -0.00000000	         -0.01449556	          0.02412360	         -0.87731077	          0.00000000	          0.00000000	          0.00000000	         -0.00272977	          0.00174728	         -0.00015752	          0.15989834	          0.01015715	         -0.87271571	          0.00000000	          0.00000000	          0.00000000	         -0.00021002	          0.00013571	         -0.00001074	          0.12381343	          0.01257858	         -0.78250934	          0.00000000	          0.00000000	          0.00000000	         -0.00000045	          0.00000029	         -0.00000002	          0.05269580	          0.01849473	         -0.82732036	          0.00000000	          0.00000000	          0.00000000	         -1.46947245	          0.94214193	         -0.10011472	          0.24389391	          0.00293085	         -0.84251741	          0.00000000	          0.00000000	          0.00000000	         -0.11015315	          0.07140400	         -0.00674890	          0.20838801	          0.00598141	         -0.75191265	          0.00000000	          0.00000000	          0.00000000	        -27.20463913	        252.12359262	         11.93911279	          0.03744133	         -0.00972284	         -1.03896013	          0.00000000	          0.00000000	          0.00000000	         -1.45292120	         13.82059975	          1.34854455	          0.21080581	         -0.00099928	         -1.00972064	          0.00000000	          0.00000000	          0.00000000	        -22.21020742	        238.50027531	         19.78135276	          0.19375633	         -0.00972902	         -1.10388669	          0.00000000	          0.00000000	          0.00000000	        -25.77053028	        257.24220286	         16.58160661	          0.11419269	         -0.01002478	         -1.07430585	          0.00000000	          0.00000000	          0.00000000	         -0.09749026	          1.02772877	          0.12352157	          0.30043376	          0.00309263	         -1.02374161	          0.00000000	          0.00000000	          0.00000000	         -3.40041305	         42.09507886	          4.58368995	          0.28312772	         -0.00286014	         -1.11895650	          0.00000000	          0.00000000	          0.00000000	
          3.76000000	         -0.00000030	          0.00000020	         -0.00000000	          0.00467366	          0.01893046	         -0.87804973	          0.00000000	          0.00000000	          0.00000000	         -0.00913632	          0.00623460	         -0.00107666	          0.18007961	          0.00892859	         -0.87117995	          0.00000000	          0.00000000	          0.00000000	         -0.00050288	          0.00035142	         -0.00005019	          0.14287482	          0.01153412	         -0.78145029	          0.00000000	          0.00000000	          0.00000000	         -0.00001177	          0.00000813	         -0.00000062	          0.07177333	          0.01536041	         -0.82718610	          0.00000000	          0.00000000	          0.00000000	         -0.77132757	          0.53266597	         -0.12783198	          0.26423784	          0.00376526	         -0.83991322	          0.00000000	          0.00000000	          0.00000000	         -0.03482157	          0.02465327	         -0.00522210	          0.22752427	          0.00687338	         -0.74979892	          0.00000000	          0.00000000	          0.00000000	        -25.93467733	        273.10189900	          5.12443619	          0.03110634	         -0.01005198	         -1.03919589	          0.00000000	          0.00000000	          0.00000000	         -1.14795640	         11.81688507	          1.41182031	          0.20441806	         -0.00077703	         -1.01032478	          0.00000000	          0.00000000	          0.00000000	        -13.29653608	        228.58836105	         24.20942594	          0.18730644	         -0.00973116	         -1.10439524	          0.00000000	          0.00000000	          0.00000000	        -19.79958353	        262.50762046	         16.12141736	          0.10779873	         -0.01019982	         -1.07467330	          0.00000000	          0.00000000	          0.00000000	         -0.04499715	          0.72868526	          0.10816782	          0.29397403	          0.00350316	         -1.02451380	          0.00000000	          0.00000000	          0.00000000	         -1.04617675	         37.90390210	          5.14416390	          0.27658667	         -0.00271465	         -1.11964608	          0.00000000	          0.00000000	          0.00000000	
          3.78000000	         -0.00002883	          0.00002051	         -0.00000029	          0.02183217	          0.01468626	         -0.87933230	          0.00000000	          0.00000000	          0.00000000	         -0.03231452	          0.02322786	         -0.00596569	          0.19762569	          0.00766875	         -0.86864356	          0.00000000	          0.00000000	          0.00000000	         -0.00069392	          0.00051693	         -0.00010873	          0.15855861	          0.01106987	         -0.77981645	          0.00000000	          0.00000000	          0.00000000	         -0.00013110	          0.00009534	         -0.00001021	          0.08813848	          0.01301354	         -0.82705671	          0.00000000	          0.00000000	          0.00000000	         -0.54497212	          0.40182589	         -0.14754673	          0.28140444	          0.00425413	         -0.83556674	          0.00000000	          0.00000000	          0.00000000	         -0.00909043	          0.00695793	         -0.00227651	          0.24277367	          0.00806012	         -0.74636564	          0.00000000	          0.00000000	          0.00000000	        -12.61093321	        288.06109479	          6.27655139	          0.02460427	         -0.01043478	         -1.03930809	          0.00000000	          0.00000000	          0.00000000	         -0.39022894	         10.01265196	          0.88556426	          0.19784375	         -0.00054994	         -1.01081536	          0.00000000	          0.00000000	          0.00000000	         -3.58839490	        214.93227888	         17.82610608	          0.18065854	         -0.00959563	         -1.10483735	          0.00000000	          0.00000000	          0.00000000	         -7.75725764	        261.92076823	         13.58147222	          0.10122199	         -0.01032933	         -1.07494706	          0.00000000	          0.00000000	          0.00000000	          0.00450071	          0.50472623	          0.04274691	          0.28731110	          0.00393546	         -1.02515376	          0.00000000	          0.00000000	          0.00000000	          0.64942747	         32.78870284	          2.56739849	          0.26984502	         -0.00246448	         -1.12022328	          0.00000000	          0.00000000	          0.00000000	
          3.80000000	         -0.00151450	          0.00107795	         -0.00002019	          0.03826096	          0.01098789	         -0.88065134	          0.00000000	          0.00000000	          0.00000000	         -0.10957726	          0.07910891	         -0.02071094	          0.21405214	          0.00641103	         -0.86554306	          0.00000000	          0.00000000	          0.00000000	         -0.00079257	          0.00059303	         -0.00012401	          0.17277817	          0.01089451	         -0.77791420	          0.00000000	          0.00000000	          0.00000000	         -0.00098383	          0.00071730	         -0.00007780	          0.10339871	          0.01109520	         -0.82682308	          0.00000000	          0.00000000	          0.00000000	         -0.40587306	          0.30112775	         -0.11225561	          0.29714641	          0.00455957	         -0.83039627	          0.00000000	          0.00000000	          0.00000000	         -0.00220987	          0.00170162	         -0.00055644	          0.25627140	          0.00937004	         -0.74239748	          0.00000000	          0.00000000	          0.00000000	          6.08009914	        295.14332235	         15.88140109	          0.01785020	         -0.01077222	         -1.03945734	          0.00000000	          0.00000000	          0.00000000	          0.38048140	          8.49537970	         -0.04021408	          0.19095614	         -0.00031273	         -1.01097359	          0.00000000	          0.00000000	          0.00000000	          0.32664483	        204.83790664	          0.69009358	          0.17387854	         -0.00937193	         -1.10500999	          0.00000000	          0.00000000	          0.00000000	          2.51943084	        259.23364251	          7.55195176	          0.09445878	         -0.01038961	         -1.07510837	          0.00000000	          0.00000000	          0.00000000	          0.03088445	          0.35605716	         -0.02788631	          0.28036261	          0.00435090	         -1.02525712	          0.00000000	          0.00000000	          0.00000000	          0.81224086	         28.53422769	         -2.03675185	          0.26301501	         -0.00218118	         -1.12031239	          0.00000000	          0.00000000	          0.00000000	
          3.82000000	         -0.05942196	          0.04062088	          0.00031293	          0.05584260	          0.00748881	         -0.88184233	          0.00000000	          0.00000000	          0.00000000	         -0.22766761	          0.15646750	         -0.01981240	          0.23150139	          0.00554102	         -0.86331119	          0.00000000	          0.00000000	          0.00000000	         -0.00087369	          0.00061389	         -0.00005463	          0.18837083	          0.01084049	         -0.77676536	          0.00000000	          0.00000000	          0.00000000	         -0.00661019	          0.00458216	         -0.00017417	          0.11993276	          0.00932846	         -0.82689354	          0.00000000	          0.00000000	          0.00000000	         -0.16088106	          0.11196777	         -0.02071484	          0.31396606	          0.00529219	         -0.82659414	          0.00000000	          0.00000000	          0.00000000	         -0.00043532	          0.00030984	         -0.00004615	          0.27120637	          0.01085692	         -0.73967545	          0.00000000	          0.00000000	          0.00000000	         17.00456889	        299.04124473	         30.63285916	          0.01089453	         -0.01102912	         -1.03977660	          0.00000000	          0.00000000	          0.00000000	          0.75625867	          7.32943450	         -0.71301231	          0.18378173	         -0.00007831	         -1.01070895	          0.00000000	          0.00000000	          0.00000000	         -3.05346969	        199.15373981	        -15.27315847	          0.16711592	         -0.00913960	         -1.10481839	          0.00000000	          0.00000000	          0.00000000	          4.40538123	        257.80683971	          3.74353494	          0.08761272	         -0.01040454	         -1.07517739	          0.00000000	          0.00000000	          0.00000000	          0.03480713	          0.26216102	         -0.06387675	          0.27318279	          0.00471452	         -1.02462761	          0.00000000	          0.00000000	          0.00000000	         -0.06018884	         25.66202534	         -5.74355943	          0.25627035	         -0.00194428	         -1.11972612	          0.00000000	          0.00000000	          0.00000000	
          3.84000000	         -1.51087068	          0.98180004	          0.04802763	          0.07583591	          0.00411729	         -0.88308637	          0.00000000	          0.00000000	          0.00000000	         -0.16919497	          0.10998425	          0.00910908	          0.25141675	          0.00555345	         -0.86365159	          0.00000000	          0.00000000	          0.00000000	         -0.00081706	          0.00053036	          0.00004136	          0.20745890	          0.01091983	         -0.77753957	          0.00000000	          0.00000000	          0.00000000	         -0.03778768	          0.02454022	          0.00154962	          0.13944989	          0.00766650	         -0.82792000	          0.00000000	          0.00000000	          0.00000000	         -0.01111674	          0.00722955	          0.00074583	          0.33362793	          0.00710728	         -0.82654760	          0.00000000	          0.00000000	          0.00000000	         -0.00004833	          0.00003139	          0.00000309	          0.29002044	          0.01269321	         -0.74005661	          0.00000000	          0.00000000	          0.00000000	         19.58492971	        306.61142646	         44.76160273	          0.00386076	         -0.01124240	         -1.04031365	          0.00000000	          0.00000000	          0.00000000	          0.84230431	          6.46350966	         -1.04980567	          0.17644165	          0.00014231	         -1.01011458	          0.00000000	          0.00000000	          0.00000000	         -9.49238143	        196.63605974	        -26.41628558	          0.16048169	         -0.00894924	         -1.10433464	          0.00000000	          0.00000000	          0.00000000	          0.59220729	        260.16487283	          2.14889957	          0.08080078	         -0.01041916	         -1.07521320	          0.00000000	          0.00000000	          0.00000000	          0.02972701	          0.19858521	         -0.07206376	          0.26588598	          0.00502938	         -1.02338498	          0.00000000	          0.00000000	          0.00000000	         -1.08217321	         23.80904947	         -7.97767487	          0.24970906	         -0.00177966	         -1.11856886	          0.00000000	          0.00000000	          0.00000000	
          3.86000000	        -12.16024672	          7.66590600	          0.73092609	          0.09807111	          0.00111432	         -0.88465967	          0.00000000	          0.00000000	          0.00000000	         -0.03035139	          0.01924474	          0.00544812	          0.27354652	          0.00674083	         -0.86744510	          0.00000000	          0.00000000	          0.00000000	         -0.00046514	          0.00028671	          0.00006631	          0.23019035	          0.01134034	         -0.78085189	          0.00000000	          0.00000000	          0.00000000	         -0.13412128	          0.08350321	          0.01352216	          0.16195121	          0.00633100	         -0.83033718	          0.00000000	          0.00000000	          0.00000000	          0.00000100	         -0.00000063	         -0.00000023	          0.35596133	          0.01030054	         -0.83139635	          0.00000000	          0.00000000	          0.00000000	         -0.00000176	          0.00000108	          0.00000034	          0.31294346	          0.01508985	         -0.74442033	          0.00000000	          0.00000000	          0.00000000	         19.29322119	        319.36486001	         56.38323881	         -0.00317529	         -0.01147086	         -1.04103931	          0.00000000	          0.00000000	          0.00000000	          0.82874312	          5.82346608	         -1.13181598	          0.16902030	          0.00034475	         -1.00934020	          0.00000000	          0.00000000	          0.00000000	        -14.36049960	        196.87305274	        -32.37940752	          0.15397972	         -0.00882298	         -1.10368190	          0.00000000	          0.00000000	          0.00000000	         -3.44837405	        266.61192382	          2.36142669	          0.07406043	         -0.01047473	         -1.07526107	          0.00000000	          0.00000000	          0.00000000	          0.02359334	          0.15185169	         -0.06439996	          0.25853295	          0.00532087	         -1.02177148	          0.00000000	          0.00000000	          0.00000000	         -1.70975839	         22.69847946	         -8.94431595	          0.24330526	         -0.00167496	         -1.11705771	          0.00000000	          0.00000000	          0.00000000	
          3.88000000	        -40.05342529	         25.43352769	          3.35081846	          0.12104334	         -0.00114889	         -0.88677035	          0.00000000	          0.00000000	          0.00000000	         -0.00110858	          0.00071645	          0.00029649	          0.29609624	          0.00902795	         -0.87424822	          0.00000000	          0.00000000	          0.00000000	         -0.00011214	          0.00006898	          0.00002299	          0.25468586	          0.01237397	         -0.78648057	          0.00000000	          0.00000000	          0.00000000	         -0.21013266	          0.13103401	          0.03030784	          0.18574369	          0.00565595	         -0.83414814	          0.00000000	          0.00000000	          0.00000000	          0.00000000	         -0.00000000	         -0.00000000	          0.37897430	          0.01465862	         -0.84040823	          0.00000000	          0.00000000	          0.00000000	          0.00000000	         -0.00000000	         -0.00000000	          0.33789769	          0.01817819	         -0.75225905	          0.00000000	          0.00000000	          0.00000000	         18.57934535	        332.68706276	         63.72487252	         -0.01019325	         -0.01173319	         -1.04189414	          0.00000000	          0.00000000	          0.00000000	          0.77102932	          5.28904988	         -1.02904789	          0.16156174	          0.00053551	         -1.00853652	          0.00000000	          0.00000000	          0.00000000	        -16.00309208	        198.28781004	        -33.27722049	          0.14754792	         -0.00876065	         -1.10298599	          0.00000000	          0.00000000	          0.00000000	         -5.33472923	        274.05474628	          4.01977441	          0.06736763	         -0.01058084	         -1.07535238	          0.00000000	          0.00000000	          0.00000000	          0.01802124	          0.11535938	         -0.04950142	          0.25114614	          0.00560959	         -1.02004590	          0.00000000	          0.00000000	          0.00000000	         -1.86207307	         22.09679266	         -8.87931729	          0.23697209	         -0.00161395	         -1.11542668	          0.00000000	          0.00000000	          0.00000000	
          3.90000000	        -66.36661172	         44.27975320	          6.10509582	          0.14248677	         -0.00244448	         -0.88919491	          0.00000000	          0.00000000	          0.00000000	         -0.00000624	          0.00000429	          0.00000197	          0.31664537	          0.01203672	         -0.88251999	          0.00000000	          0.00000000	          0.00000000	         -0.00001011	          0.00000654	          0.00000242	          0.27800049	          0.01413178	         -0.79334723	          0.00000000	          0.00000000	          0.00000000	         -0.12939451	          0.08473928	          0.02146363	          0.20820755	          0.00582817	         -0.83872228	          0.00000000	          0.00000000	          0.00000000	          0.00000000	         -0.00000000	         -0.00000000	          0.39998103	          0.01961817	         -0.85145577	          0.00000000	          0.00000000	          0.00000000	          0.00000000	         -0.00000000	         -0.00000000	          0.36167011	          0.02187932	         -0.76190724	          0.00000000	          0.00000000	          0.00000000	         15.95719682	        340.39459573	         60.80179858	         -0.01718368	         -0.01199239	         -1.04277928	          0.00000000	          0.00000000	          0.00000000	          0.61713992	          4.60044495	         -0.75791739	          0.15411343	          0.00076579	         -1.00783924	          0.00000000	          0.00000000	          0.00000000	        -14.05262920	        194.55624054	        -28.31200092	          0.14110922	         -0.00870955	         -1.10236187	          0.00000000	          0.00000000	          0.00000000	         -5.27025566	        275.71984144	          5.21496418	          0.06068473	         -0.01069265	         -1.07549334	          0.00000000	          0.00000000	          0.00000000	          0.01225337	          0.08104051	         -0.03073869	          0.24375439	          0.00594676	         -1.01846112	          0.00000000	          0.00000000	          0.00000000	         -1.46239283	         20.98799883	         -7.54536333	          0.23061489	         -0.00155127	         -1.11390528	          0.00000000	          0.00000000	          0.00000000	
          3.92000000	        -59.59539867	         43.14660022	          4.89209200	          0.16031746	         -0.00284037	         -0.89136908	          0.00000000	          0.00000000	          0.00000000	         -0.00000009	          0.00000007	          0.00000003	          0.33322522	          0.01530530	         -0.89071001	          0.00000000	          0.00000000	          0.00000000	         -0.00000048	          0.00000034	          0.00000012	          0.29761948	          0.01645029	         -0.80021276	          0.00000000	          0.00000000	          0.00000000	         -0.03793357	          0.02699250	          0.00649629	          0.22702703	          0.00674267	         -0.84317209	          0.00000000	          0.00000000	          0.00000000	          0.00000000	         -0.00000000	         -0.00000000	          0.41689533	          0.02458818	         -0.86253726	          0.00000000	          0.00000000	          0.00000000	          0.00000000	         -0.00000000	         -0.00000000	          0.38162633	          0.02589622	         -0.77167269	          0.00000000	          0.00000000	          0.00000000	          2.81905451	        342.06234188	         46.50019042	         -0.02408179	         -0.01219899	         -1.04355295	          0.00000000	          0.00000000	          0.00000000	          0.28612393	          3.63770978	         -0.34408586	          0.14678797	          0.00112432	         -1.00738563	          0.00000000	          0.00000000	          0.00000000	        -12.46202645	        180.36033149	        -15.42511879	          0.13462661	         -0.00856048	         -1.10193554	          0.00000000	          0.00000000	          0.00000000	         -9.39395711	        267.79699278	          7.14587309	          0.05402104	         -0.01073046	         -1.07567425	          0.00000000	          0.00000000	          0.00000000	          0.00564007	          0.04779122	         -0.01258730	          0.23644885	          0.00642292	         -1.01728841	          0.00000000	          0.00000000	          0.00000000	         -0.89522029	         18.20038477	         -4.63580163	          0.22418091	         -0.00139911	         -1.11274456	          0.00000000	          0.00000000	          0.00000000	
          3.94000000	        -43.55940531	         34.71257893	          2.68798171	          0.17347025	         -0.00264364	         -0.89289878	          0.00000000	          0.00000000	          0.00000000	         -0.00000002	          0.00000001	          0.00000001	          0.34495047	          0.01845739	         -0.89820107	          0.00000000	          0.00000000	          0.00000000	         -0.00000003	          0.00000002	          0.00000001	          0.31246141	          0.01897410	         -0.80651598	          0.00000000	          0.00000000	          0.00000000	         -0.00814746	          0.00638665	          0.00145365	          0.24112222	          0.00806919	         -0.84702277	          0.00000000	          0.00000000	          0.00000000	          0.00000000	         -0.00000000	         -0.00000000	          0.42886710	          0.02915709	         -0.87292916	          0.00000000	          0.00000000	          0.00000000	          0.00000000	         -0.00000000	         -0.00000000	          0.39671942	          0.02983571	         -0.78088678	          0.00000000	          0.00000000	          0.00000000	         -9.74557753	        345.39872350	         25.05876634	         -0.03083599	         -0.01235431	         -1.04407778	          0.00000000	          0.00000000	          0.00000000	          0.02865679	          2.65506808	          0.03283237	          0.13969324	          0.00162991	         -1.00730631	          0.00000000	          0.00000000	          0.00000000	         -7.07542741	        160.91302181	          1.87967362	          0.12805141	         -0.00824168	         -1.10184434	          0.00000000	          0.00000000	          0.00000000	         -9.72358158	        256.65998922	         10.88561324	          0.04737318	         -0.01065761	         -1.07589391	          0.00000000	          0.00000000	          0.00000000	          0.00193728	          0.02420746	         -0.00204450	          0.22931934	          0.00706019	         -1.01679059	          0.00000000	          0.00000000	          0.00000000	         -0.01576671	         14.18796895	         -1.24066789	          0.21760939	         -0.00110368	         -1.11220232	          0.00000000	          0.00000000	          0.00000000	
          3.96000000	        -31.07828949	         27.16537700	          0.91464038	          0.18200850	         -0.00220876	         -0.89369642	          0.00000000	          0.00000000	          0.00000000	         -0.00000000	          0.00000000	          0.00000000	          0.35194334	          0.02127589	         -0.90512567	          0.00000000	          0.00000000	          0.00000000	         -0.00000000	          0.00000000	          0.00000000	          0.32275052	          0.02135755	         -0.81233280	          0.00000000	          0.00000000	          0.00000000	         -0.00185645	          0.00159704	          0.00036240	          0.25063954	          0.00945321	         -0.85026566	          0.00000000	          0.00000000	          0.00000000	          0.00000000	         -0.00000000	         -0.00000000	          0.43608460	          0.03314184	         -0.88287023	          0.00000000	          0.00000000	          0.00000000	         -0.00000000	         -0.00000000	          0.00000000	          0.40723939	          0.03338529	         -0.78973145	          0.00000000	          0.00000000	          0.00000000	         -9.11829253	        353.86450707	          5.11772814	         -0.03753297	         -0.01250507	         -1.04429698	          0.00000000	          0.00000000	          0.00000000	         -0.03447031	          1.87121418	          0.20716766	          0.13277692	          0.00219340	         -1.00762340	          0.00000000	          0.00000000	          0.00000000	          2.25465429	        143.21073513	         14.88268035	          0.12126183	         -0.00778465	         -1.10213224	          0.00000000	          0.00000000	          0.00000000	         -1.00825124	        248.29257761	         14.52233074	          0.04063473	         -0.01051132	         -1.07614609	          0.00000000	          0.00000000	          0.00000000	          0.00085550	          0.01184069	          0.00101497	          0.22231291	          0.00776839	         -1.01703902	          0.00000000	          0.00000000	          0.00000000	          0.77973562	         10.30465384	          0.77214067	          0.21077807	         -0.00069320	         -1.11236829	          0.00000000	          0.00000000	          0.00000000	
          3.98000000	        -22.99304085	         21.57438781	         -0.71487015	          0.18685952	         -0.00176538	         -0.89374683	          0.00000000	          0.00000000	          0.00000000	         -0.00000000	          0.00000000	          0.00000000	          0.35508287	          0.02370901	         -0.91162751	          0.00000000	          0.00000000	          0.00000000	         -0.00000000	          0.00000000	          0.00000000	          0.32947323	          0.02343783	         -0.81778394	          0.00000000	          0.00000000	          0.00000000	         -0.00051087	          0.00047126	          0.00010312	          0.25653924	          0.01069435	         -0.85295205	          0.00000000	          0.00000000	          0.00000000	         -0.00000000	         -0.00000000	          0.00000000	          0.43943669	          0.03655361	         -0.89258684	          0.00000000	          0.00000000	          0.00000000	         -0.00000000	         -0.00000000	          0.00000000	          0.41418185	          0.03644526	         -0.79841008	          0.00000000	          0.00000000	          0.00000000	          3.83140570	        366.50978329	         -5.54290029	         -0.04431918	         -0.01269005	         -1.04428268	          0.00000000	          0.00000000	          0.00000000	          0.00184074	          1.35289019	          0.21092262	          0.12586943	          0.00270368	         -1.00819167	          0.00000000	          0.00000000	          0.00000000	         10.62079818	        131.14090537	         19.32813428	          0.11418493	         -0.00728785	         -1.10267402	          0.00000000	          0.00000000	          0.00000000	         11.79746355	        245.39257451	         15.94653911	          0.03369891	         -0.01035946	         -1.07640600	          0.00000000	          0.00000000	          0.00000000	          0.00060439	          0.00626762	          0.00107189	          0.21528033	          0.00842879	         -1.01779207	          0.00000000	          0.00000000	          0.00000000	          1.10718433	          7.61723508	          1.20336697	          0.20362934	         -0.00024843	         -1.11302963	          0.00000000	          0.00000000	          0.00000000	
          4.00000000	        -17.45719265	         17.18169663	         -2.59853399	          0.18940168	         -0.00137876	         -0.89292483	          0.00000000	          0.00000000	          0.00000000	         -0.00000000	          0.00000000	          0.00000000	          0.35570865	          0.02579592	         -0.91747537	          0.00000000	          0.00000000	          0.00000000	         -0.00000000	          0.00000000	          0.00000000	          0.33389654	          0.02525296	         -0.82268183	          0.00000000	          0.00000000	          0.00000000	         -0.00016363	          0.00015607	          0.00002424	          0.26014209	          0.01177840	         -0.85492738	          0.00000000	          0.00000000	          0.00000000	         -0.00000000	         -0.00000000	          0.00000000	          0.44022142	          0.03948807	         -0.90180176	          0.00000000	          0.00000000	          0.00000000	         -0.00000000	         -0.00000000	          0.00000000	          0.41877126	          0.03911037	         -0.80668901	          0.00000000	          0.00000000	          0.00000000	         20.57149633	        381.78435878	         -5.78603592	         -0.05127086	         -0.01292309	         -1.04417878	          0.00000000	          0.00000000	          0.00000000	          0.04757046	          1.05358294	          0.15207910	          0.11883580	          0.00309291	         -1.00879138	          0.00000000	          0.00000000	          0.00000000	         15.18722821	        124.38791467	         17.13056140	          0.10688047	         -0.00685174	         -1.10325963	          0.00000000	          0.00000000	          0.00000000	         22.34812324	        247.58453359	         14.91712935	          0.02656342	         -0.01025984	         -1.07664275	          0.00000000	          0.00000000	          0.00000000	          0.00049839	          0.00381202	          0.00061720	          0.20811612	          0.00896246	         -1.01865305	          0.00000000	          0.00000000	          0.00000000	          1.11202501	          6.17268864	          0.93312907	          0.19624649	          0.00014447	         -1.11381186	          0.00000000	          0.00000000	          0.00000000	
          4.02000000	        -12.91192431	         13.20996885	         -4.06181365	          0.19097891	         -0.00100781	         -0.89098058	          0.00000000	          0.00000000	          0.00000000	         -0.00000000	          0.00000000	          0.00000000	          0.35520190	          0.02759851	         -0.92215934	          0.00000000	          0.00000000	          0.00000000	         -0.00000000	          0.00000000	          0.00000000	          0.33718583	          0.02694404	         -0.82657444	          0.00000000	          0.00000000	          0.00000000	         -0.00005408	          0.00005187	          0.00000070	          0.26269632	          0.01279865	         -0.85584376	          0.00000000	          0.00000000	          0.00000000	         -0.00000000	         -0.00000000	          0.00000000	          0.43977519	          0.04204205	         -0.90987588	          0.00000000	          0.00000000	          0.00000000	         -0.00000000	         -0.00000000	          0.00000000	          0.42212740	          0.04155648	         -0.81398673	          0.00000000	          0.00000000	          0.00000000	         35.66782874	        396.68912715	         -2.89456449	         -0.05837605	         -0.01319460	         -1.04408388	          0.00000000	          0.00000000	          0.00000000	          0.07882687	          0.91336124	          0.09709430	          0.11165152	          0.00333435	         -1.00926443	          0.00000000	          0.00000000	          0.00000000	         17.26141359	        121.87706971	         12.54710569	          0.09946695	         -0.00653722	         -1.10373405	          0.00000000	          0.00000000	          0.00000000	         29.71060471	        253.08476662	         11.92816787	          0.01929783	         -0.01023892	         -1.07682956	          0.00000000	          0.00000000	          0.00000000	          0.00043304	          0.00277406	          0.00030917	          0.20081917	          0.00932781	         -1.01933525	          0.00000000	          0.00000000	          0.00000000	          1.04743844	          5.56038866	          0.58215946	          0.18876752	          0.00042342	         -1.11443899	          0.00000000	          0.00000000	          0.00000000	
          4.04000000	         -8.87011253	          9.27691007	         -4.04362666	          0.19268796	         -0.00056869	         -0.88774576	          0.00000000	          0.00000000	          0.00000000	         -0.00000000	          0.00000000	          0.00000000	          0.35476068	          0.02919337	         -0.92521445	          0.00000000	          0.00000000	          0.00000000	         -0.00000000	          0.00000000	          0.00000000	          0.34027686	          0.02866975	         -0.82902773	          0.00000000	          0.00000000	          0.00000000	         -0.00001575	          0.00001512	         -0.00000244	          0.26521002	          0.01387877	         -0.85540246	          0.00000000	          0.00000000	          0.00000000	         -0.00000000	         -0.00000000	          0.00000000	          0.43927225	          0.04431236	         -0.91618664	          0.00000000	          0.00000000	          0.00000000	         -0.00000000	         -0.00000000	          0.00000000	          0.42516178	          0.04396202	         -0.81971115	          0.00000000	          0.00000000	          0.00000000	         39.75386109	        407.66907962	         -0.57944800	         -0.06554350	         -0.01347348	         -1.04401819	          0.00000000	          0.00000000	          0.00000000	          0.08453296	          0.90134793	          0.06867340	          0.10442133	          0.00341394	         -1.00958261	          0.00000000	          0.00000000	          0.00000000	         16.54647746	        123.46981543	          9.28633203	          0.09207085	         -0.00637151	         -1.10406652	          0.00000000	          0.00000000	          0.00000000	         30.46138446	        260.46736718	          9.49620204	          0.01201158	         -0.01029489	         -1.07696134	          0.00000000	          0.00000000	          0.00000000	          0.00037024	          0.00252486	          0.00018867	          0.19350645	          0.00948647	         -1.01978651	          0.00000000	          0.00000000	          0.00000000	          0.93558070	          5.54934723	          0.39445717	          0.18132944	          0.00054070	         -1.11485874	          0.00000000	          0.00000000	          0.00000000	
          4.06000000	         -5.62375271	          5.89078700	         -3.03694043	          0.19517423	          0.00001962	         -0.88330436	          0.00000000	          0.00000000	          0.00000000	         -0.00000000	          0.00000000	         -0.00000000	          0.35516724	          0.03066692	         -0.92642980	          0.00000000	          0.00000000	          0.00000000	         -0.00000000	          0.00000000	         -0.00000000	          0.34370519	          0.03055235	         -0.82983097	          0.00000000	          0.00000000	          0.00000000	         -0.00000362	          0.00000351	         -0.00000108	          0.26826582	          0.01512142	         -0.85354168	          0.00000000	          0.00000000	          0.00000000	         -0.00000000	         -0.00000000	          0.00000000	          0.43949583	          0.04639825	         -0.92035898	          0.00000000	          0.00000000	          0.00000000	         -0.00000000	         -0.00000000	          0.00000000	          0.42841090	          0.04646128	         -0.82348678	          0.00000000	          0.00000000	          0.00000000	         30.02815309	        414.04853344	          2.72595074	         -0.07262917	         -0.01372492	         -1.04398630	          0.00000000	          0.00000000	          0.00000000	          0.06395226	          1.00719938	          0.06830861	          0.09732199	          0.00333273	         -1.00981990	          0.00000000	          0.00000000	          0.00000000	         12.80273402	        128.81919573	          8.69076239	          0.08482646	         -0.00635926	         -1.10432327	          0.00000000	          0.00000000	          0.00000000	         23.40680266	        268.91465026	          9.86694879	          0.00484242	         -0.01041267	         -1.07707292	          0.00000000	          0.00000000	          0.00000000	          0.00029055	          0.00289472	          0.00020163	          0.18635755	          0.00941892	         -1.02011626	          0.00000000	          0.00000000	          0.00000000	          0.74657069	          6.07943450	          0.40951529	          0.17406853	          0.00047049	         -1.11517308	          0.00000000	          0.00000000	          0.00000000	
          4.08000000	         -3.47244220	          3.64562994	         -2.05487638	          0.19840496	          0.00079496	         -0.87795758	          0.00000000	          0.00000000	          0.00000000	         -0.00000000	         -0.00000000	         -0.00000000	          0.35650298	          0.03210197	         -0.92590645	          0.00000000	          0.00000000	          0.00000000	         -0.00000000	         -0.00000000	         -0.00000000	          0.34741512	          0.03263414	         -0.82906099	          0.00000000	          0.00000000	          0.00000000	         -0.00000065	          0.00000064	         -0.00000026	          0.27181492	          0.01656526	         -0.85045078	          0.00000000	          0.00000000	          0.00000000	         -0.00000000	         -0.00000000	         -0.00000000	          0.44054957	          0.04839403	         -0.92237761	          0.00000000	          0.00000000	          0.00000000	         -0.00000000	         -0.00000000	         -0.00000000	          0.43184155	          0.04910733	         -0.82527328	          0.00000000	          0.00000000	          0.00000000	         16.94457796	        416.80463072	          6.27818614	         -0.07954874	         -0.01392840	         -1.04399935	          0.00000000	          0.00000000	          0.00000000	          0.03129518	          1.21460052	          0.08962208	          0.09044873	          0.00313049	         -1.01006664	          0.00000000	          0.00000000	          0.00000000	          8.57781806	        136.09806080	          9.87120077	          0.07779451	         -0.00647316	         -1.10458497	          0.00000000	          0.00000000	          0.00000000	         14.66788631	        276.76220518	         12.02558587	         -0.00213818	         -0.01056881	         -1.07720950	          0.00000000	          0.00000000	          0.00000000	          0.00018953	          0.00389979	          0.00033374	          0.17946196	          0.00917021	         -1.02045416	          0.00000000	          0.00000000	          0.00000000	          0.54707702	          7.08393418	          0.58877182	          0.16703865	          0.00024404	         -1.11550189	          0.00000000	          0.00000000	          0.00000000	
          4.10000000	         -1.96361638	          2.06932786	         -1.19944232	          0.20194868	          0.00174434	         -0.87214091	          0.00000000	          0.00000000	          0.00000000	         -0.00000000	         -0.00000000	         -0.00000000	          0.35834882	          0.03358390	         -0.92408853	          0.00000000	          0.00000000	          0.00000000	         -0.00000000	         -0.00000000	         -0.00000000	          0.35104690	          0.03488332	         -0.82712105	          0.00000000	          0.00000000	          0.00000000	         -0.00000010	          0.00000010	         -0.00000004	          0.27546335	          0.01818396	         -0.84654790	          0.00000000	          0.00000000	          0.00000000	         -0.00000000	         -0.00000000	         -0.00000000	          0.44204071	          0.05040334	         -0.92268309	          0.00000000	          0.00000000	          0.00000000	         -0.00000000	         -0.00000000	         -0.00000000	          0.43512035	          0.05188662	         -0.82546980	          0.00000000	          0.00000000	          0.00000000	          9.26500640	        414.47848824	          9.23096814	         -0.08633082	         -0.01406929	         -1.04406047	          0.00000000	          0.00000000	          0.00000000	          0.00807593	          1.46822872	          0.11160860	          0.08375379	          0.00288549	         -1.01035645	          0.00000000	          0.00000000	          0.00000000	          5.74762289	        142.69082682	         10.49114659	          0.07093012	         -0.00665286	         -1.10487839	          0.00000000	          0.00000000	          0.00000000	          9.11503504	        281.21285091	         13.36955579	         -0.00896678	         -0.01072666	         -1.07738567	          0.00000000	          0.00000000	          0.00000000	          0.00008602	          0.00547540	          0.00052448	          0.17276230	          0.00884665	         -1.02084723	          0.00000000	          0.00000000	          0.00000000	          0.39313016	          8.44013704	          0.78323122	          0.16018440	         -0.00005143	         -1.11588516	          0.00000000	          0.00000000	          0.00000000	
          4.12000000	         -0.90811494	          0.94735232	         -0.52583162	          0.20552031	          0.00282457	         -0.86634702	          0.00000000	          0.00000000	          0.00000000	         -0.00000000	         -0.00000000	         -0.00000000	          0.36032500	          0.03519059	         -0.92166306	          0.00000000	          0.00000000	          0.00000000	         -0.00000000	         -0.00000000	         -0.00000000	          0.35443956	          0.03722753	         -0.82465002	          0.00000000	          0.00000000	          0.00000000	         -0.00000001	          0.00000001	         -0.00000001	          0.27899494	          0.01991479	         -0.84239639	          0.00000000	          0.00000000	          0.00000000	         -0.00000000	         -0.00000000	         -0.00000000	          0.44360538	          0.05252534	         -0.92206033	          0.00000000	          0.00000000	          0.00000000	         -0.00000000	         -0.00000000	         -0.00000000	          0.43810206	          0.05474871	         -0.82481294	          0.00000000	          0.00000000	          0.00000000	          5.39822221	        405.67564887	         11.54729143	         -0.09303972	         -0.01412761	         -1.04416644	          0.00000000	          0.00000000	          0.00000000	         -0.00333479	          1.67936448	          0.11826526	          0.07714430	          0.00267897	         -1.01066801	          0.00000000	          0.00000000	          0.00000000	          3.70879790	        146.53473409	          9.85292374	          0.06416688	         -0.00682862	         -1.10518136	          0.00000000	          0.00000000	          0.00000000	          5.65807883	        280.38359927	         13.32913935	         -0.01570783	         -0.01084204	         -1.07758881	          0.00000000	          0.00000000	          0.00000000	         -0.00001640	          0.00723176	          0.00067130	          0.16615884	          0.00855637	         -1.02126188	          0.00000000	          0.00000000	          0.00000000	          0.24740728	          9.86173181	          0.88486746	          0.15343278	         -0.00032201	         -1.11628746	          0.00000000	          0.00000000	          0.00000000	
          4.14000000	         -0.36194083	          0.36951518	         -0.18426415	          0.20907983	          0.00396813	         -0.86099199	          0.00000000	          0.00000000	          0.00000000	         -0.00000000	         -0.00000000	         -0.00000000	          0.36228376	          0.03692890	         -0.91928008	          0.00000000	          0.00000000	          0.00000000	         -0.00000000	         -0.00000000	         -0.00000000	          0.35768453	          0.03955559	         -0.82225424	          0.00000000	          0.00000000	          0.00000000	         -0.00000000	          0.00000000	         -0.00000000	          0.28244287	          0.02166456	         -0.83850498	          0.00000000	          0.00000000	          0.00000000	         -0.00000000	         -0.00000000	         -0.00000000	          0.44510976	          0.05477237	         -0.92127954	          0.00000000	          0.00000000	          0.00000000	         -0.00000000	         -0.00000000	         -0.00000000	          0.44089177	          0.05758865	         -0.82402935	          0.00000000	          0.00000000	          0.00000000	          3.60811168	        392.42947261	         12.05318223	         -0.09971576	         -0.01409076	         -1.04430134	          0.00000000	          0.00000000	          0.00000000	         -0.00907894	          1.78112110	          0.12253990	          0.07056528	          0.00255900	         -1.01098314	          0.00000000	          0.00000000	          0.00000000	          2.85051585	        146.33662206	          9.56345076	          0.05745477	         -0.00694275	         -1.10548047	          0.00000000	          0.00000000	          0.00000000	          4.14861434	        274.30554090	         13.09344944	         -0.02240628	         -0.01087968	         -1.07780440	          0.00000000	          0.00000000	          0.00000000	         -0.00008964	          0.00856653	          0.00080476	          0.15959067	          0.00836102	         -1.02167531	          0.00000000	          0.00000000	          0.00000000	          0.17641666	         10.82662914	          0.98377310	          0.14673048	         -0.00050414	         -1.11668777	          0.00000000	          0.00000000	          0.00000000	
          4.16000000	         -0.14053251	          0.14099716	         -0.06236205	          0.21262860	          0.00508157	         -0.85623513	          0.00000000	          0.00000000	          0.00000000	         -0.00000000	         -0.00000000	         -0.00000000	          0.36420710	          0.03868508	         -0.91724140	          0.00000000	          0.00000000	          0.00000000	         -0.00000000	         -0.00000000	         -0.00000000	          0.36089618	          0.04171754	         -0.82021038	          0.00000000	          0.00000000	          0.00000000	         -0.00000000	          0.00000000	         -0.00000000	          0.28586896	          0.02331063	         -0.83509017	          0.00000000	          0.00000000	          0.00000000	         -0.00000000	         -0.00000000	         -0.00000000	          0.44656399	          0.05700888	         -0.92071480	          0.00000000	          0.00000000	          0.00000000	         -0.00000000	         -0.00000000	         -0.00000000	          0.44363199	          0.06023504	         -0.82346827	          0.00000000	          0.00000000	          0.00000000	          4.17368321	        378.98574647	          9.05209694	         -0.10638791	         -0.01397009	         -1.04442215	          0.00000000	          0.00000000	          0.00000000	         -0.01577345	          1.79043307	          0.16232927	          0.06399903	          0.00252327	         -1.01133502	          0.00000000	          0.00000000	          0.00000000	          4.69896443	        142.28908337	         12.29798979	          0.05072366	         -0.00696067	         -1.10581649	          0.00000000	          0.00000000	          0.00000000	          6.18381249	        265.00261386	         14.49120978	         -0.02911324	         -0.01082696	         -1.07803114	          0.00000000	          0.00000000	          0.00000000	         -0.00010406	          0.00929147	          0.00121310	          0.15303053	          0.00825988	         -1.02215697	          0.00000000	          0.00000000	          0.00000000	          0.35868002	         11.00434297	          1.39295182	          0.14000218	         -0.00057452	         -1.11715798	          0.00000000	          0.00000000	          0.00000000	
          4.18000000	         -0.05952736	          0.05978383	         -0.02584939	          0.21613262	          0.00606492	         -0.85182053	          0.00000000	          0.00000000	          0.00000000	         -0.00000000	         -0.00000000	         -0.00000000	          0.36616531	          0.04025720	         -0.91528971	          0.00000000	          0.00000000	          0.00000000	         -0.00000000	         -0.00000000	         -0.00000000	          0.36411756	          0.04356139	         -0.81825931	          0.00000000	          0.00000000	          0.00000000	         -0.00000000	          0.00000000	         -0.00000000	          0.28927640	          0.02472901	         -0.83189439	          0.00000000	          0.00000000	          0.00000000	         -0.00000000	         -0.00000000	         -0.00000000	          0.44808477	          0.05899182	         -0.92010524	          0.00000000	          0.00000000	          0.00000000	         -0.00000000	         -0.00000000	         -0.00000000	          0.44641273	          0.06249441	         -0.82286715	          0.00000000	          0.00000000	          0.00000000	          4.03114495	        369.03201594	         -1.81605499	         -0.11306483	         -0.01380050	         -1.04443816	          0.00000000	          0.00000000	          0.00000000	         -0.04741121	          1.80963147	          0.26114139	          0.05747826	          0.00251452	         -1.01180494	          0.00000000	          0.00000000	          0.00000000	          8.95931476	        136.34481495	         18.71154563	          0.04388872	         -0.00688244	         -1.10627651	          0.00000000	          0.00000000	          0.00000000	         10.52542973	        255.62247396	         16.65839070	         -0.03587909	         -0.01069960	         -1.07826648	          0.00000000	          0.00000000	          0.00000000	         -0.00018458	          0.01006686	          0.00225518	          0.14649768	          0.00818726	         -1.02287696	          0.00000000	          0.00000000	          0.00000000	          0.78401609	         10.61726869	          2.30176868	          0.13315364	         -0.00055373	         -1.11786872	          0.00000000	          0.00000000	          0.00000000	
          4.20000000	         -0.03029251	          0.03133327	         -0.01510830	          0.21943903	          0.00682817	         -0.84722701	          0.00000000	          0.00000000	          0.00000000	         -0.00000000	         -0.00000000	         -0.00000000	          0.36818140	          0.04142820	         -0.91281400	          0.00000000	          0.00000000	          0.00000000	         -0.00000000	         -0.00000000	         -0.00000000	          0.36724437	          0.04495840	         -0.81579835	          0.00000000	          0.00000000	          0.00000000	         -0.00000000	          0.00000000	         -0.00000000	          0.29253199	          0.02581354	         -0.82835644	          0.00000000	          0.00000000	          0.00000000	         -0.00000000	         -0.00000000	         -0.00000000	          0.44975058	          0.06046032	         -0.91878887	          0.00000000	          0.00000000	          0.00000000	         -0.00000000	         -0.00000000	         -0.00000000	          0.44918626	          0.06419326	         -0.82157232	          0.00000000	          0.00000000	          0.00000000	          1.65299288	        365.00322710	        -15.54463455	         -0.11972284	         -0.01362938	         -1.04426366	          0.00000000	          0.00000000	          0.00000000	         -0.10548555	          1.95513945	          0.40777546	          0.05106653	          0.00244763	         -1.01245639	          0.00000000	          0.00000000	          0.00000000	         13.17404593	        131.67296721	         25.93158285	          0.03691139	         -0.00674990	         -1.10692341	          0.00000000	          0.00000000	          0.00000000	         14.25307790	        249.79031411	         18.86355360	         -0.04271445	         -0.01054074	         -1.07849820	          0.00000000	          0.00000000	          0.00000000	         -0.00042043	          0.01202777	          0.00407574	          0.14004593	          0.00804600	         -1.02397819	          0.00000000	          0.00000000	          0.00000000	          1.20647004	         10.23005058	          3.34210164	          0.12613785	         -0.00049959	         -1.11896015	          0.00000000	          0.00000000	          0.00000000	
          4.22000000	         -0.01960671	          0.02177795	         -0.01259862	          0.22218133	          0.00730309	         -0.84201521	          0.00000000	          0.00000000	          0.00000000	         -0.00000000	         -0.00000000	         -0.00000000	          0.37005165	          0.04202904	         -0.90928623	          0.00000000	          0.00000000	          0.00000000	         -0.00000000	         -0.00000000	         -0.00000000	          0.36994426	          0.04581690	         -0.81230499	          0.00000000	          0.00000000	          0.00000000	         -0.00000000	          0.00000000	         -0.00000000	          0.29528171	          0.02648705	         -0.82399600	          0.00000000	          0.00000000	          0.00000000	         -0.00000000	         -0.00000000	         -0.00000000	          0.45140633	          0.06121273	         -0.91618678	          0.00000000	          0.00000000	          0.00000000	         -0.00000000	         -0.00000000	         -0.00000000	          0.45166986	          0.06520646	         -0.81901041	          0.00000000	          0.00000000	          0.00000000	         -2.20125327	        367.32030070	        -20.83220807	         -0.12633396	         -0.01350250	         -1.04393494	          0.00000000	          0.00000000	          0.00000000	         -0.17367720	          2.30222479	          0.57983981	          0.04478044	          0.00226535	         -1.01327627	          0.00000000	          0.00000000	          0.00000000	         14.83512662	        130.50483732	         30.84100102	          0.02983990	         -0.00663198	         -1.10773734	          0.00000000	          0.00000000	          0.00000000	         14.89165671	        249.49866729	         21.88841948	         -0.04958022	         -0.01040801	         -1.07873460	          0.00000000	          0.00000000	          0.00000000	         -0.00084761	          0.01648199	          0.00679427	          0.13369515	          0.00777520	         -1.02542198	          0.00000000	          0.00000000	          0.00000000	          1.40507488	         10.28599525	          4.07363055	          0.11900470	         -0.00047927	         -1.12038914	          0.00000000	          0.00000000	          0.00000000	
          4.24000000	         -0.01575790	          0.02041598	         -0.01473837	          0.22380437	          0.00746501	         -0.83587068	          0.00000000	          0.00000000	          0.00000000	         -0.00000000	         -0.00000000	         -0.00000000	          0.37133167	          0.04197252	         -0.90433392	          0.00000000	          0.00000000	          0.00000000	         -0.00000000	         -0.00000000	         -0.00000000	          0.37167973	          0.04610662	         -0.80740982	          0.00000000	          0.00000000	          0.00000000	         -0.00000000	          0.00000000	         -0.00000000	          0.29697596	          0.02672406	         -0.81847153	          0.00000000	          0.00000000	          0.00000000	         -0.00000000	         -0.00000000	         -0.00000000	          0.45263920	          0.06114459	         -0.91189259	          0.00000000	          0.00000000	          0.00000000	         -0.00000000	         -0.00000000	         -0.00000000	          0.45335809	          0.06548616	         -0.81477821	          0.00000000	          0.00000000	          0.00000000	         -2.02836486	        374.02016079	        -14.18619128	         -0.13291388	         -0.01344751	         -1.04360454	          0.00000000	          0.00000000	          0.00000000	         -0.19170230	          2.87152019	          0.67277833	          0.03853683	          0.00196993	         -1.01413496	          0.00000000	          0.00000000	          0.00000000	         13.57471691	        134.10733512	         29.42168860	          0.02277701	         -0.00659704	         -1.10858505	          0.00000000	          0.00000000	          0.00000000	         13.53659302	        254.97409362	         22.65852493	         -0.05642714	         -0.01035163	         -1.07898668	          0.00000000	          0.00000000	          0.00000000	         -0.00124649	          0.02508730	          0.00953661	          0.12738234	          0.00738516	         -1.02692968	          0.00000000	          0.00000000	          0.00000000	          1.31890068	         11.06815334	          4.03761357	          0.11187369	         -0.00054151	         -1.12187845	          0.00000000	          0.00000000	          0.00000000	
          4.26000000	         -0.01422644	          0.02459442	         -0.02152920	          0.22377705	          0.00734982	         -0.82859171	          0.00000000	          0.00000000	          0.00000000	         -0.00000000	         -0.00000000	         -0.00000000	          0.37154113	          0.04127033	         -0.89771453	          0.00000000	          0.00000000	          0.00000000	         -0.00000000	         -0.00000000	         -0.00000000	          0.37191190	          0.04587820	         -0.80087602	          0.00000000	          0.00000000	          0.00000000	         -0.00000000	          0.00000000	         -0.00000000	          0.29707780	          0.02656906	         -0.81156415	          0.00000000	          0.00000000	          0.00000000	         -0.00000000	         -0.00000000	         -0.00000000	          0.45297857	          0.06026658	         -0.90564118	          0.00000000	          0.00000000	          0.00000000	         -0.00000000	         -0.00000000	         -0.00000000	          0.45372159	          0.06508217	         -0.80861642	          0.00000000	          0.00000000	          0.00000000	          9.63958794	        379.37691483	         -1.20970857	         -0.13955591	         -0.01345461	         -1.04341777	          0.00000000	          0.00000000	          0.00000000	         -0.05235141	          3.61751075	          0.54994457	          0.03216929	          0.00160562	         -1.01482047	          0.00000000	          0.00000000	          0.00000000	         12.11168777	        143.00408599	         20.48655938	          0.01578808	         -0.00669384	         -1.10926038	          0.00000000	          0.00000000	          0.00000000	         15.36128706	        264.23400456	         18.22273540	         -0.06326207	         -0.01039395	         -1.07922607	          0.00000000	          0.00000000	          0.00000000	         -0.00070900	          0.04000403	          0.00989173	          0.12097238	          0.00692829	         -1.02810332	          0.00000000	          0.00000000	          0.00000000	          1.11596833	         12.90008442	          3.07718973	          0.10483698	         -0.00071136	         -1.12304176	          0.00000000	          0.00000000	          0.00000000	
          4.28000000	         -0.01352782	          0.03434849	         -0.03338360	          0.22199546	          0.00705068	         -0.82031863	          0.00000000	          0.00000000	          0.00000000	         -0.00000000	         -0.00000000	         -0.00000000	          0.37055722	          0.04003985	         -0.88953463	          0.00000000	          0.00000000	          0.00000000	         -0.00000000	         -0.00000000	         -0.00000000	          0.37050294	          0.04525785	         -0.79281932	          0.00000000	          0.00000000	          0.00000000	         -0.00000000	          0.00000000	         -0.00000000	          0.29546601	          0.02613190	         -0.80340234	          0.00000000	          0.00000000	          0.00000000	         -0.00000000	         -0.00000000	         -0.00000000	          0.45228693	          0.05871287	         -0.89752301	          0.00000000	          0.00000000	          0.00000000	         -0.00000000	         -0.00000000	         -0.00000000	          0.45260716	          0.06413810	         -0.80062471	          0.00000000	          0.00000000	          0.00000000	         23.49070608	        376.07762680	         10.81322974	         -0.14633696	         -0.01346737	         -1.04342701	          0.00000000	          0.00000000	          0.00000000	          0.18037582	          4.46719306	          0.31858927	          0.02558426	          0.00121885	         -1.01523222	          0.00000000	          0.00000000	          0.00000000	         11.49208773	        155.85468519	         10.71893148	          0.00887635	         -0.00693066	         -1.10966712	          0.00000000	          0.00000000	          0.00000000	         18.86679655	        272.71273983	         13.21737658	         -0.07011895	         -0.01051243	         -1.07943180	          0.00000000	          0.00000000	          0.00000000	          0.00071605	          0.06456989	          0.00796144	          0.11439261	          0.00644649	         -1.02876763	          0.00000000	          0.00000000	          0.00000000	          0.89383701	         16.10560750	          1.95582088	          0.09791439	         -0.00098610	         -1.12371294	          0.00000000	          0.00000000	          0.00000000	
          4.30000000	         -0.01337875	          0.05031216	         -0.05085383	          0.21882368	          0.00667409	         -0.81154189	          0.00000000	          0.00000000	          0.00000000	         -0.00000000	         -0.00000000	         -0.00000000	          0.36867834	          0.03843833	         -0.88026091	          0.00000000	          0.00000000	          0.00000000	         -0.00000000	         -0.00000000	         -0.00000000	          0.36778711	          0.04437500	         -0.78371562	          0.00000000	          0.00000000	          0.00000000	         -0.00000000	          0.00000000	         -0.00000000	          0.29249116	          0.02552945	         -0.79446966	          0.00000000	          0.00000000	          0.00000000	         -0.00000000	         -0.00000000	         -0.00000000	          0.45083796	          0.05666075	         -0.88799611	          0.00000000	          0.00000000	          0.00000000	         -0.00000000	         -0.00000000	         -0.00000000	          0.45032376	          0.06280385	         -0.79127020	          0.00000000	          0.00000000	          0.00000000	         28.36419047	        361.71831146	         14.01225595	         -0.15321565	         -0.01340992	         -1.04357033	          0.00000000	          0.00000000	          0.00000000	          0.31442984	          5.38829802	          0.27060756	          0.01887261	          0.00083577	         -1.01549074	          0.00000000	          0.00000000	          0.00000000	         12.53627434	        168.55752231	          8.16918574	          0.00201405	         -0.00725618	         -1.10991867	          0.00000000	          0.00000000	          0.00000000	         21.19293595	        275.36082162	         11.97553865	         -0.07699469	         -0.01064247	         -1.07962842	          0.00000000	          0.00000000	          0.00000000	          0.00101149	          0.10443558	          0.01059851	          0.10772525	          0.00595405	         -1.02914462	          0.00000000	          0.00000000	          0.00000000	          0.86960345	         20.39610198	          2.05926236	          0.09106788	         -0.00131929	         -1.12410799	          0.00000000	          0.00000000	          0.00000000	
          4.32000000	         -0.01310994	          0.07318217	         -0.07459701	          0.21470306	          0.00628884	         -0.80278703	          0.00000000	          0.00000000	          0.00000000	         -0.00000000	         -0.00000000	         -0.00000000	          0.36628076	          0.03657033	         -0.87039560	          0.00000000	          0.00000000	          0.00000000	         -0.00000000	         -0.00000000	         -0.00000000	          0.36419800	          0.04329118	         -0.77407454	          0.00000000	          0.00000000	          0.00000000	         -0.00000000	          0.00000000	         -0.00000000	          0.28859270	          0.02482544	         -0.78528403	          0.00000000	          0.00000000	          0.00000000	         -0.00000000	         -0.00000000	         -0.00000000	          0.44898972	          0.05422130	         -0.87755454	          0.00000000	          0.00000000	          0.00000000	         -0.00000000	         -0.00000000	         -0.00000000	          0.44728675	          0.06114750	         -0.78105415	          0.00000000	          0.00000000	          0.00000000	         24.77206745	        339.93393273	          6.54743518	         -0.16009216	         -0.01323224	         -1.04370170	          0.00000000	          0.00000000	          0.00000000	          0.26243074	          6.46634136	          0.53432244	          0.01220253	          0.00046146	         -1.01579001	          0.00000000	          0.00000000	          0.00000000	         15.68561067	        177.30849159	         13.58135695	         -0.00484987	         -0.00758219	         -1.11019964	          0.00000000	          0.00000000	          0.00000000	         22.25364316	        270.63854756	         12.83391494	         -0.08387161	         -0.01071234	         -1.07983318	          0.00000000	          0.00000000	          0.00000000	         -0.00237577	          0.17030754	          0.02902161	          0.10110946	          0.00544716	         -1.02960686	          0.00000000	          0.00000000	          0.00000000	          1.34396490	         24.77639007	          4.10471124	          0.08422068	         -0.00163997	         -1.12458568	          0.00000000	          0.00000000	          0.00000000	
          4.34000000	         -0.01266907	          0.10553407	         -0.10676002	          0.20995436	          0.00591057	         -0.79443985	          0.00000000	          0.00000000	          0.00000000	         -0.00000000	         -0.00000000	         -0.00000000	          0.36362343	          0.03447584	         -0.86029205	          0.00000000	          0.00000000	          0.00000000	         -0.00000000	         -0.00000000	         -0.00000000	          0.36003888	          0.04201279	         -0.76425720	          0.00000000	          0.00000000	          0.00000000	         -0.00000000	          0.00000000	         -0.00000000	          0.28408427	          0.02402978	         -0.77621931	          0.00000000	          0.00000000	          0.00000000	         -0.00000000	         -0.00000000	         -0.00000000	          0.44698084	          0.05143715	         -0.86653832	          0.00000000	          0.00000000	          0.00000000	         -0.00000000	         -0.00000000	         -0.00000000	          0.44377949	          0.05917763	         -0.77032394	          0.00000000	          0.00000000	          0.00000000	         15.72005014	        317.20284087	         -5.18460290	         -0.16687890	         -0.01293377	         -1.04368394	          0.00000000	          0.00000000	          0.00000000	         -0.00613861	          8.01685719	          1.12385026	          0.00570298	          0.00007714	         -1.01624399	          0.00000000	          0.00000000	          0.00000000	         18.77112585	        181.46675043	         23.20626118	         -0.01174926	         -0.00784042	         -1.11062318	          0.00000000	          0.00000000	          0.00000000	         20.85238760	        261.36033230	         14.26723094	         -0.09072777	         -0.01068497	         -1.08003271	          0.00000000	          0.00000000	          0.00000000	         -0.01414417	          0.28739738	          0.07996626	          0.09464745	          0.00490162	         -1.03039368	          0.00000000	          0.00000000	          0.00000000	          2.15046216	         28.49673266	          7.59611257	          0.07731901	         -0.00190419	         -1.12537560	          0.00000000	          0.00000000	          0.00000000	
          4.36000000	         -0.01044916	          0.15834869	         -0.15784702	          0.20474250	          0.00550259	         -0.78673817	          0.00000000	          0.00000000	          0.00000000	         -0.00000000	         -0.00000000	         -0.00000000	          0.36077701	          0.03216338	         -0.85017817	          0.00000000	          0.00000000	          0.00000000	         -0.00000000	         -0.00000000	         -0.00000000	          0.35542068	          0.04052622	         -0.75449993	          0.00000000	          0.00000000	          0.00000000	         -0.00000000	          0.00000000	         -0.00000000	          0.27910545	          0.02311647	         -0.76751286	          0.00000000	          0.00000000	          0.00000000	         -0.00000000	         -0.00000000	         -0.00000000	          0.44484346	          0.04833448	         -0.85517398	          0.00000000	          0.00000000	          0.00000000	         -0.00000000	         -0.00000000	         -0.00000000	          0.43987449	          0.05689793	         -0.75931421	          0.00000000	          0.00000000	          0.00000000	          7.72430878	        298.59724918	        -13.71908003	         -0.17353808	         -0.01255667	         -1.04347050	          0.00000000	          0.00000000	          0.00000000	         -0.40008450	         10.71578913	          1.99190729	         -0.00059271	         -0.00035402	         -1.01684579	          0.00000000	          0.00000000	          0.00000000	         20.66992903	        183.12924088	         30.98142328	         -0.01867911	         -0.00801425	         -1.11119053	          0.00000000	          0.00000000	          0.00000000	         18.64985475	        251.83896249	         15.08832265	         -0.09754257	         -0.01057163	         -1.08020438	          0.00000000	          0.00000000	          0.00000000	         -0.03946834	          0.51394268	          0.18569027	          0.08836176	          0.00428286	         -1.03151141	          0.00000000	          0.00000000	          0.00000000	          2.90778119	         31.45707940	         10.82079717	          0.07036275	         -0.00210812	         -1.12648389	          0.00000000	          0.00000000	          0.00000000	
          4.38000000	         -0.00080651	          0.26394538	         -0.25861051	          0.19907802	          0.00499499	         -0.77976471	          0.00000000	          0.00000000	          0.00000000	         -0.00000000	          0.00000000	         -0.00000000	          0.35762368	          0.02963689	         -0.84017143	          0.00000000	          0.00000000	          0.00000000	         -0.00000000	          0.00000000	         -0.00000000	          0.35026644	          0.03882728	         -0.74493078	          0.00000000	          0.00000000	          0.00000000	          0.00000000	          0.00000000	         -0.00000000	          0.27362490	          0.02204779	         -0.75927019	          0.00000000	          0.00000000	          0.00000000	         -0.00000000	         -0.00000000	         -0.00000000	          0.44240358	          0.04495539	         -0.84360223	          0.00000000	          0.00000000	          0.00000000	         -0.00000000	         -0.00000000	         -0.00000000	          0.43543819	          0.05434251	         -0.74817620	          0.00000000	          0.00000000	          0.00000000	          5.44814101	        284.64655999	        -14.66027977	         -0.18010904	         -0.01215509	         -1.04312640	          0.00000000	          0.00000000	          0.00000000	         -0.69595876	         15.77972938	          2.91836538	         -0.00676937	         -0.00086779	         -1.01746831	          0.00000000	          0.00000000	          0.00000000	         20.73802873	        186.48600061	         31.57844723	         -0.02560700	         -0.00814082	         -1.11178862	          0.00000000	          0.00000000	          0.00000000	         17.19415503	        245.61265995	         14.05371891	         -0.10431584	         -0.01041809	         -1.08032558	          0.00000000	          0.00000000	          0.00000000	         -0.08186970	          0.97731599	          0.35599151	          0.08217956	          0.00356599	         -1.03273001	          0.00000000	          0.00000000	          0.00000000	          3.08431973	         34.25896663	         11.87912768	          0.06339714	         -0.00227709	         -1.12769195	          0.00000000	          0.00000000	          0.00000000	
          4.40000000	          0.03158679	          0.50387483	         -0.48408060	          0.19294736	          0.00433034	         -0.77350757	          0.00000000	          0.00000000	          0.00000000	         -0.00000000	          0.00000000	         -0.00000000	          0.35402218	          0.02691203	         -0.83033858	          0.00000000	          0.00000000	          0.00000000	         -0.00000000	          0.00000000	         -0.00000000	          0.34447123	          0.03694983	         -0.73563635	          0.00000000	          0.00000000	          0.00000000	          0.00000000	          0.00000001	         -0.00000001	          0.26758509	          0.02081214	         -0.75152882	          0.00000000	          0.00000000	          0.00000000	         -0.00000000	         -0.00000000	         -0.00000000	          0.43946307	          0.04136180	         -0.83193874	          0.00000000	          0.00000000	          0.00000000	         -0.00000000	          0.00000000	         -0.00000000	          0.43030804	          0.05159208	         -0.73704582	          0.00000000	          0.00000000	          0.00000000	          7.98757189	        272.84119113	         -6.69599812	         -0.18666671	         -0.01176268	         -1.04280091	          0.00000000	          0.00000000	          0.00000000	         -0.53101926	         24.63763097	          3.35118537	         -0.01296079	         -0.00148004	         -1.01794302	          0.00000000	          0.00000000	          0.00000000	         18.00976196	        195.34862964	         24.99315743	         -0.03247019	         -0.00829347	         -1.11226405	          0.00000000	          0.00000000	          0.00000000	         15.68846568	        243.99762638	         12.35139747	         -0.11104766	         -0.01027960	         -1.08039635	          0.00000000	          0.00000000	          0.00000000	         -0.14685359	          1.91441098	          0.54540161	          0.07599729	          0.00274703	         -1.03371900	          0.00000000	          0.00000000	          0.00000000	          2.16504368	         37.84335985	         10.36920033	          0.05651160	         -0.00245508	         -1.12868834	          0.00000000	          0.00000000	          0.00000000	
          4.42000000	          0.12929780	          1.06384211	         -1.00036079	          0.18640360	          0.00350243	         -0.76792606	          0.00000000	          0.00000000	          0.00000000	         -0.00000000	          0.00000000	         -0.00000000	          0.34991739	          0.02402392	         -0.82077778	          0.00000000	          0.00000000	          0.00000000	         -0.00000000	          0.00000000	         -0.00000000	          0.33804233	          0.03496382	         -0.72674044	          0.00000000	          0.00000000	          0.00000000	          0.00000001	          0.00000007	         -0.00000007	          0.26101859	          0.01944216	         -0.74433031	          0.00000000	          0.00000000	          0.00000000	         -0.00000000	         -0.00000000	         -0.00000000	          0.43592827	          0.03762269	         -0.82036451	          0.00000000	          0.00000000	          0.00000000	         -0.00000000	          0.00000000	         -0.00000000	          0.42445238	          0.04875088	         -0.72613037	          0.00000000	          0.00000000	          0.00000000	         14.43946609	        259.53896674	          8.50229907	         -0.19328304	         -0.01137776	         -1.04267058	          0.00000000	          0.00000000	          0.00000000	          0.91752756	         37.65950751	          2.52732400	         -0.01928393	         -0.00217289	         -1.01817603	          0.00000000	          0.00000000	          0.00000000	         14.14132624	        210.47219965	         14.91132645	         -0.03921590	         -0.00853795	         -1.11253399	          0.00000000	          0.00000000	          0.00000000	         15.40570740	        245.24643531	         12.68676732	         -0.11774247	         -0.01019072	         -1.08046532	          0.00000000	          0.00000000	          0.00000000	         -0.20888094	          3.57048539	          0.59310167	          0.06972895	          0.00185365	         -1.03425048	          0.00000000	          0.00000000	          0.00000000	          0.33985915	         42.61426262	          7.10048417	          0.04978486	         -0.00267460	         -1.12926274	          0.00000000	          0.00000000	          0.00000000	
          4.44000000	          0.32440719	          2.24419738	         -2.06862024	          0.17962645	          0.00256463	         -0.76298311	          0.00000000	          0.00000000	          0.00000000	         -0.00000000	          0.00000001	         -0.00000002	          0.34539040	          0.02104863	         -0.81166855	          0.00000000	          0.00000000	          0.00000000	         -0.00000000	          0.00000000	         -0.00000000	          0.33118955	          0.03294937	         -0.71842377	          0.00000000	          0.00000000	          0.00000000	          0.00000006	          0.00000034	         -0.00000033	          0.25412439	          0.01800459	         -0.73774539	          0.00000000	          0.00000000	          0.00000000	         -0.00000000	         -0.00000000	         -0.00000000	          0.43186668	          0.03382820	         -0.80917824	          0.00000000	          0.00000000	          0.00000000	         -0.00000000	          0.00000000	         -0.00000000	          0.41806743	          0.04591342	         -0.71573046	          0.00000000	          0.00000000	          0.00000000	         19.27370388	        241.29757150	         21.09885648	         -0.19998834	         -0.01096442	         -1.04281972	          0.00000000	          0.00000000	          0.00000000	          3.41995395	         53.55129969	          1.50233535	         -0.02577771	         -0.00290023	         -1.01822047	          0.00000000	          0.00000000	          0.00000000	         12.17118607	        227.27520948	          9.16586972	         -0.04585738	         -0.00887751	         -1.11264854	          0.00000000	          0.00000000	          0.00000000	         16.23993363	        244.21164897	         15.76444865	         -0.12442126	         -0.01013659	         -1.08059974	          0.00000000	          0.00000000	          0.00000000	         -0.24874034	          5.88930641	          0.53921305	          0.06334205	          0.00093378	         -1.03436289	          0.00000000	          0.00000000	          0.00000000	         -1.26728252	         47.90916775	          4.80408001	          0.04320906	         -0.00292703	         -1.12945313	          0.00000000	          0.00000000	          0.00000000	
          4.46000000	          0.47049930	          4.13779630	         -3.75947757	          0.17291719	          0.00161159	         -0.75866926	          0.00000000	          0.00000000	          0.00000000	         -0.00000005	          0.00000041	         -0.00000042	          0.34067294	          0.01808588	         -0.80324497	          0.00000000	          0.00000000	          0.00000000	          0.00000000	          0.00000000	         -0.00000000	          0.32430880	          0.03096504	         -0.71087891	          0.00000000	          0.00000000	          0.00000000	          0.00000026	          0.00000168	         -0.00000159	          0.24725623	          0.01657484	         -0.73186312	          0.00000000	          0.00000000	          0.00000000	         -0.00000000	          0.00000000	         -0.00000000	          0.42752268	          0.03006852	         -0.79873671	          0.00000000	          0.00000000	          0.00000000	         -0.00000000	          0.00000000	         -0.00000000	          0.41156195	          0.04312907	         -0.70616209	          0.00000000	          0.00000000	          0.00000000	         19.17627071	        217.49820255	         24.73942754	         -0.20674213	         -0.01047226	         -1.04317340	          0.00000000	          0.00000000	          0.00000000	          5.62922098	         70.30834548	          1.24962364	         -0.03237939	         -0.00361062	         -1.01819547	          0.00000000	          0.00000000	          0.00000000	         11.68803143	        240.36567804	          7.97989494	         -0.05244242	         -0.00924772	         -1.11271071	          0.00000000	          0.00000000	          0.00000000	         16.02133665	        237.25327230	         17.65736389	         -0.13109099	         -0.01005944	         -1.08081219	          0.00000000	          0.00000000	          0.00000000	         -0.34276300	          9.32213168	          0.62964859	          0.05687917	          0.00003012	         -1.03426867	          0.00000000	          0.00000000	          0.00000000	         -2.21771045	         52.43701332	          4.12972054	          0.03672111	         -0.00316849	         -1.12945188	          0.00000000	          0.00000000	          0.00000000	
          4.48000000	          0.42610161	          6.30356506	         -5.19164260	          0.16647650	          0.00073990	         -0.75511612	          0.00000000	          0.00000000	          0.00000000	         -0.00000136	          0.00001038	         -0.00001023	          0.33596963	          0.01517386	         -0.79577709	          0.00000000	          0.00000000	          0.00000000	          0.00000000	          0.00000000	         -0.00000000	          0.31771058	          0.02901902	         -0.70432975	          0.00000000	          0.00000000	          0.00000000	          0.00000094	          0.00000752	         -0.00000695	          0.24067272	          0.01520470	         -0.72685919	          0.00000000	          0.00000000	          0.00000000	         -0.00000000	          0.00000000	         -0.00000000	          0.42313458	          0.02634034	         -0.78937312	          0.00000000	          0.00000000	          0.00000000	         -0.00000000	          0.00000000	         -0.00000000	          0.40528077	          0.04036422	         -0.69771244	          0.00000000	          0.00000000	          0.00000000	         16.79662019	        190.28575662	         20.79053351	         -0.21349250	         -0.00986531	         -1.04357979	          0.00000000	          0.00000000	          0.00000000	          7.09858726	         86.11939405	          1.88088020	         -0.03901238	         -0.00426352	         -1.01816798	          0.00000000	          0.00000000	          0.00000000	         13.49251063	        246.25698116	          8.95160816	         -0.05901970	         -0.00956572	         -1.11277251	          0.00000000	          0.00000000	          0.00000000	         15.83996568	        223.85366568	         16.49476799	         -0.13775381	         -0.00989863	         -1.08105115	          0.00000000	          0.00000000	          0.00000000	         -0.57003313	         16.29450115	          1.22134877	          0.05039198	         -0.00082315	         -1.03413788	          0.00000000	          0.00000000	          0.00000000	         -2.12287879	         54.61849957	          4.59066267	          0.03025362	         -0.00334193	         -1.12940690	          0.00000000	          0.00000000	          0.00000000	
          4.50000000	          0.34918113	          8.89316116	         -4.73816864	          0.16027545	          0.00001109	         -0.75264355	          0.00000000	          0.00000000	          0.00000000	         -0.00003614	          0.00024255	         -0.00022951	          0.33129762	          0.01228596	         -0.78956671	          0.00000000	          0.00000000	          0.00000000	          0.00000000	          0.00000000	         -0.00000000	          0.31141966	          0.02709872	         -0.69906832	          0.00000000	          0.00000000	          0.00000000	          0.00000385	          0.00003020	         -0.00002651	          0.23437178	          0.01391955	         -0.72303935	          0.00000000	          0.00000000	          0.00000000	         -0.00000000	          0.00000000	         -0.00000000	          0.41874544	          0.02257239	         -0.78137569	          0.00000000	          0.00000000	          0.00000000	         -0.00000000	          0.00000000	         -0.00000000	          0.39927534	          0.03756070	         -0.69065947	          0.00000000	          0.00000000	          0.00000000	         15.54967311	        161.50365108	         13.79151369	         -0.22023881	         -0.00912961	         -1.04391174	          0.00000000	          0.00000000	          0.00000000	          9.05558328	        100.73489483	          2.78711416	         -0.04566015	         -0.00484557	         -1.01815380	          0.00000000	          0.00000000	          0.00000000	         19.17103190	        247.27326851	          9.68822064	         -0.06565215	         -0.00978639	         -1.11283979	          0.00000000	          0.00000000	          0.00000000	         17.88781296	        206.60332228	         13.00043745	         -0.14444327	         -0.00962371	         -1.08125495	          0.00000000	          0.00000000	          0.00000000	         -0.69643424	         27.53020764	          2.57924332	          0.04388137	         -0.00161511	         -1.03405329	          0.00000000	          0.00000000	          0.00000000	         -0.91323860	         54.51075682	          5.35211000	          0.02373172	         -0.00341527	         -1.12938506	          0.00000000	          0.00000000	          0.00000000	
          4.52000000	          0.00386728	         12.36546999	         -2.38825566	          0.15426223	         -0.00055470	         -0.75156627	          0.00000000	          0.00000000	          0.00000000	         -0.00096704	          0.00499913	         -0.00449659	          0.32662768	          0.00943248	         -0.78481939	          0.00000000	          0.00000000	          0.00000000	          0.00000000	          0.00000000	         -0.00000000	          0.30533826	          0.02524662	         -0.69532538	          0.00000000	          0.00000000	          0.00000000	          0.00000948	          0.00010438	         -0.00005521	          0.22827651	          0.01275165	         -0.72067765	          0.00000000	          0.00000000	          0.00000000	         -0.00000003	          0.00000022	         -0.00000021	          0.41431723	          0.01877909	         -0.77489615	          0.00000000	          0.00000000	          0.00000000	         -0.00000000	          0.00000000	         -0.00000000	          0.39343906	          0.03476466	         -0.68517957	          0.00000000	          0.00000000	          0.00000000	         13.47705327	        130.89526922	          6.14144285	         -0.22698164	         -0.00825119	         -1.04409943	          0.00000000	          0.00000000	          0.00000000	         11.06493195	        116.18548178	          2.89568275	         -0.05231586	         -0.00538725	         -1.01814471	          0.00000000	          0.00000000	          0.00000000	         25.57024459	        251.35166405	          8.03405565	         -0.07236752	         -0.00994386	         -1.11289514	          0.00000000	          0.00000000	          0.00000000	         19.38037862	        188.93927566	          7.51237924	         -0.15117456	         -0.00924462	         -1.08137937	          0.00000000	          0.00000000	          0.00000000	         -1.03972027	         42.75370594	          4.83029096	          0.03735209	         -0.00239000	         -1.03403941	          0.00000000	          0.00000000	          0.00000000	          0.04990970	         54.33418943	          6.05665428	          0.01712704	         -0.00342591	         -1.12940068	          0.00000000	          0.00000000	          0.00000000	
          4.54000000	         -0.81807758	         16.08914717	          2.83762197	          0.14845074	         -0.00097372	         -0.75208868	          0.00000000	          0.00000000	          0.00000000	         -0.01967706	          0.07958449	         -0.05639597	          0.32196768	          0.00669086	         -0.78160955	          0.00000000	          0.00000000	          0.00000000	          0.00000000	          0.00000000	         -0.00000000	          0.29936743	          0.02356171	         -0.69321560	          0.00000000	          0.00000000	          0.00000000	          0.00001551	          0.00029769	         -0.00004790	          0.22234130	          0.01174253	         -0.71993548	          0.00000000	          0.00000000	          0.00000000	         -0.00000230	          0.00001255	         -0.00001143	          0.40982355	          0.01509592	         -0.76994852	          0.00000000	          0.00000000	          0.00000000	         -0.00000000	          0.00000000	         -0.00000000	          0.38763798	          0.03213330	         -0.68132670	          0.00000000	          0.00000000	          0.00000000	          9.34561363	         97.50634197	          2.69731704	         -0.23365270	         -0.00718801	         -1.04419472	          0.00000000	          0.00000000	          0.00000000	         12.58290553	        134.38644239	          0.67253020	         -0.05892745	         -0.00594050	         -1.01812837	          0.00000000	          0.00000000	          0.00000000	         26.85501345	        267.90575916	          2.58935923	         -0.07908403	         -0.01014990	         -1.11292077	          0.00000000	          0.00000000	          0.00000000	         16.98701983	        172.90203422	          3.27102151	         -0.15787169	         -0.00879749	         -1.08144164	          0.00000000	          0.00000000	          0.00000000	         -3.15034924	         63.42513956	          7.04927161	          0.03087004	         -0.00322259	         -1.03406424	          0.00000000	          0.00000000	          0.00000000	         -1.39728945	         56.52692910	          6.03357314	          0.01053501	         -0.00346633	         -1.12942337	          0.00000000	          0.00000000	          0.00000000	
          4.56000000	         -0.74583174	         19.74687778	         11.18583623	          0.14268288	         -0.00129527	         -0.75432994	          0.00000000	          0.00000000	          0.00000000	         -0.16754574	          0.83832109	         -0.27677799	          0.31714404	          0.00414303	         -0.78001253	          0.00000000	          0.00000000	          0.00000000	          0.00000000	          0.00000000	         -0.00000000	          0.29326754	          0.02211209	         -0.69282808	          0.00000000	          0.00000000	          0.00000000	          0.00005569	          0.00070589	          0.00016320	          0.21636548	          0.01090048	         -0.72091759	          0.00000000	          0.00000000	          0.00000000	         -0.00008195	          0.00049782	         -0.00037860	          0.40506463	          0.01167253	         -0.76658825	          0.00000000	          0.00000000	          0.00000000	          0.00000000	          0.00000000	         -0.00000000	          0.38160558	          0.02980295	         -0.67917006	          0.00000000	          0.00000000	          0.00000000	          4.73754272	         62.21066807	          2.90254757	         -0.24014423	         -0.00585834	         -1.04439030	          0.00000000	          0.00000000	          0.00000000	         13.89185408	        154.92861688	         -2.96646155	         -0.06543700	         -0.00652957	         -1.01811915	          0.00000000	          0.00000000	          0.00000000	         22.80176458	        299.72507096	         -4.19406388	         -0.08566284	         -0.01052561	         -1.11293374	          0.00000000	          0.00000000	          0.00000000	         11.83564603	        156.45370606	          2.63271168	         -0.16440878	         -0.00830423	         -1.08154764	          0.00000000	          0.00000000	          0.00000000	         -8.69403179	         90.89425510	          8.82004056	          0.02451425	         -0.00415586	         -1.03407264	          0.00000000	          0.00000000	          0.00000000	         -5.64343083	         61.99574114	          5.83234374	          0.00411709	         -0.00361401	         -1.12941359	          0.00000000	          0.00000000	          0.00000000	
          4.58000000	          2.12086608	         24.08305838	         21.70344904	          0.13652972	         -0.00159192	         -0.75827129	          0.00000000	          0.00000000	          0.00000000	         -0.13653053	          4.73014395	          0.51740690	          0.31170865	          0.00182458	         -0.78018574	          0.00000000	          0.00000000	          0.00000000	          0.00000000	          0.00000001	          0.00000000	          0.28664455	          0.02086202	         -0.69425055	          0.00000000	          0.00000000	          0.00000000	          0.00031603	          0.00151115	          0.00096355	          0.20993921	          0.01016871	         -0.72365552	          0.00000000	          0.00000000	          0.00000000	          0.00019925	          0.01228544	         -0.00355160	          0.39960109	          0.00858175	         -0.76505024	          0.00000000	          0.00000000	          0.00000000	          0.00000000	          0.00000000	         -0.00000000	          0.37495630	          0.02777565	         -0.67887527	          0.00000000	          0.00000000	          0.00000000	          1.48730744	         29.03363950	          2.90838740	         -0.24636064	         -0.00414132	         -1.04489158	          0.00000000	          0.00000000	          0.00000000	         15.67964071	        174.10574604	         -4.68707294	         -0.07181803	         -0.00712220	         -1.01817218	          0.00000000	          0.00000000	          0.00000000	         17.32761756	        339.43570011	         -6.89090645	         -0.09202884	         -0.01110095	         -1.11299288	          0.00000000	          0.00000000	          0.00000000	          6.67900616	        134.10849304	          5.47115202	         -0.17069868	         -0.00772074	         -1.08183038	          0.00000000	          0.00000000	          0.00000000	        -17.50137983	        124.50196262	         11.52312543	          0.01831814	         -0.00517572	         -1.03405998	          0.00000000	          0.00000000	          0.00000000	        -11.47342122	         69.59708768	          6.48172158	         -0.00203249	         -0.00387157	         -1.12938136	          0.00000000	          0.00000000	          0.00000000	
          4.60000000	          7.20934127	         30.38200426	         27.54442571	          0.12951436	         -0.00193908	         -0.76352484	          0.00000000	          0.00000000	          0.00000000	          3.27679097	         14.01683464	          7.19333171	          0.30517816	         -0.00025771	         -0.78211280	          0.00000000	          0.00000000	          0.00000000	          0.00000002	          0.00000005	          0.00000003	          0.27915253	          0.01970668	         -0.69731232	          0.00000000	          0.00000000	          0.00000000	          0.00117579	          0.00323175	          0.00271128	          0.20265511	          0.00945345	         -0.72786356	          0.00000000	          0.00000000	          0.00000000	          0.04956202	          0.17923439	          0.03400943	          0.39299151	          0.00584147	         -0.76547871	          0.00000000	          0.00000000	          0.00000000	          0.00000000	          0.00000000	          0.00000000	          0.36738631	          0.02595892	         -0.68043376	          0.00000000	          0.00000000	          0.00000000	          0.15913437	          5.94884818	          0.99766398	         -0.25223367	         -0.00188080	         -1.04580175	          0.00000000	          0.00000000	          0.00000000	         18.45455919	        184.51206784	         -2.71022039	         -0.07808264	         -0.00762416	         -1.01834152	          0.00000000	          0.00000000	          0.00000000	         15.87786112	        367.24088776	         -2.54790013	         -0.09820943	         -0.01175560	         -1.11315397	          0.00000000	          0.00000000	          0.00000000	          3.31153000	        100.46458783	          8.19477299	         -0.17672100	         -0.00690770	         -1.08236967	          0.00000000	          0.00000000	          0.00000000	        -25.77975810	        160.63100282	         15.80415322	          0.01225351	         -0.00622164	         -1.03405444	          0.00000000	          0.00000000	          0.00000000	        -16.20929477	         75.87568612	          7.75095855	         -0.00792600	         -0.00415725	         -1.12935846	          0.00000000	          0.00000000	          0.00000000	
          4.62000000	         14.48195017	         40.49202161	         35.31909575	          0.12150577	         -0.00240261	         -0.76917123	          0.00000000	          0.00000000	          0.00000000	         19.38696001	         43.81234618	         30.90243584	          0.29745323	         -0.00206801	         -0.78519111	          0.00000000	          0.00000000	          0.00000000	          0.00000009	          0.00000017	          0.00000012	          0.27075904	          0.01857900	         -0.70125667	          0.00000000	          0.00000000	          0.00000000	          0.00328646	          0.00732427	          0.00595143	          0.19443320	          0.00868471	         -0.73269754	          0.00000000	          0.00000000	          0.00000000	          0.63537243	          1.34550038	          0.63785106	          0.38517986	          0.00351731	         -0.76740485	          0.00000000	          0.00000000	          0.00000000	          0.00000000	          0.00000000	          0.00000000	          0.35890621	          0.02432134	         -0.68322895	          0.00000000	          0.00000000	          0.00000000	          0.00055563	         -0.02610677	         -0.00504762	         -0.25765191	          0.00109914	         -1.04701527	          0.00000000	          0.00000000	          0.00000000	         17.23951641	        179.72717180	         -3.42195002	         -0.08421197	         -0.00790741	         -1.01857750	          0.00000000	          0.00000000	          0.00000000	         13.30690060	        361.80933003	         -3.95349487	         -0.10424573	         -0.01225461	         -1.11337106	          0.00000000	          0.00000000	          0.00000000	          0.31372184	         57.90959533	          5.36020819	         -0.18244183	         -0.00565631	         -1.08308957	          0.00000000	          0.00000000	          0.00000000	        -33.19334619	        195.72787524	         15.61314173	          0.00630600	         -0.00722694	         -1.03401206	          0.00000000	          0.00000000	          0.00000000	        -19.15131417	         77.56525562	          6.55097473	         -0.01358521	         -0.00435568	         -1.12929311	          0.00000000	          0.00000000	          0.00000000	
          4.64000000	         24.12510901	         56.21800161	         45.07139939	          0.11299259	         -0.00302490	         -0.77391879	          0.00000000	          0.00000000	          0.00000000	         33.78444853	         76.74783947	         42.73453650	          0.28908986	         -0.00350833	         -0.78818097	          0.00000000	          0.00000000	          0.00000000	          0.00000030	          0.00000054	          0.00000034	          0.26192575	          0.01751533	         -0.70477295	          0.00000000	          0.00000000	          0.00000000	          0.00884915	          0.01728222	          0.01281020	          0.18574557	          0.00785695	         -0.73685396	          0.00000000	          0.00000000	          0.00000000	          1.89296597	          4.16718034	          1.67908574	          0.37673738	          0.00177600	         -0.76960544	          0.00000000	          0.00000000	          0.00000000	          0.00000000	          0.00000000	          0.00000000	          0.34999231	          0.02297832	         -0.68597732	          0.00000000	          0.00000000	          0.00000000	          0.00000016	         -0.00000149	         -0.00000024	         -0.26238691	          0.00499357	         -1.04824766	          0.00000000	          0.00000000	          0.00000000	         10.47810131	        158.02404054	         -7.30893504	         -0.09009920	         -0.00785562	         -1.01873277	          0.00000000	          0.00000000	          0.00000000	          6.67033066	        312.14491804	        -11.90005566	         -0.11010731	         -0.01234240	         -1.11350573	          0.00000000	          0.00000000	          0.00000000	         -0.85170519	         18.49316962	          1.17402350	         -0.18773332	         -0.00373682	         -1.08377817	          0.00000000	          0.00000000	          0.00000000	        -41.72342184	        230.31729917	          8.40306007	          0.00054006	         -0.00817067	         -1.03381862	          0.00000000	          0.00000000	          0.00000000	        -20.63329351	         73.95328920	          2.88512160	         -0.01894950	         -0.00438846	         -1.12905544	          0.00000000	          0.00000000	          0.00000000	
          4.66000000	         19.70429865	         81.59607374	         41.11476867	          0.10483257	         -0.00385355	         -0.77694443	          0.00000000	          0.00000000	          0.00000000	         22.88850512	         98.50776246	         38.01608644	          0.28100140	         -0.00453198	         -0.79025969	          0.00000000	          0.00000000	          0.00000000	          0.00000049	          0.00000168	          0.00000064	          0.25348401	          0.01649665	         -0.70697257	          0.00000000	          0.00000000	          0.00000000	          0.01217440	          0.04519982	          0.02006282	          0.17743407	          0.00693445	         -0.73947508	          0.00000000	          0.00000000	          0.00000000	          1.49343214	          6.40532558	          2.04040977	          0.36858338	          0.00069011	         -0.77123610	          0.00000000	          0.00000000	          0.00000000	          0.00000000	          0.00000000	          0.00000000	          0.34148203	          0.02193297	         -0.68776397	          0.00000000	          0.00000000	          0.00000000	          0.00000000	         -0.00000000	         -0.00000000	         -0.26619105	          0.00999118	         -1.04930729	          0.00000000	          0.00000000	          0.00000000	          7.45959581	        124.36256913	         -8.62035509	         -0.09569105	         -0.00739652	         -1.01872934	          0.00000000	          0.00000000	          0.00000000	          7.42221509	        233.81380749	        -14.10702218	         -0.11578282	         -0.01184680	         -1.11349149	          0.00000000	          0.00000000	          0.00000000	         -0.02214090	          0.25561492	          0.00872323	         -0.19246616	         -0.00096528	         -1.08430614	          0.00000000	          0.00000000	          0.00000000	        -43.10003495	        266.97010137	         -0.75967089	         -0.00504337	         -0.00907940	         -1.03342280	          0.00000000	          0.00000000	          0.00000000	        -19.25327189	         66.49269058	         -0.23462521	         -0.02397845	         -0.00423748	         -1.12857953	          0.00000000	          0.00000000	          0.00000000	
          4.68000000	          3.95681142	        122.10800768	         38.17299970	          0.09746047	         -0.00494833	         -0.77850207	          0.00000000	          0.00000000	          0.00000000	          4.02702985	        112.09503928	         41.03889942	          0.27364383	         -0.00522548	         -0.79168191	          0.00000000	          0.00000000	          0.00000000	          0.00000026	          0.00000617	          0.00000181	          0.24589742	          0.01536445	         -0.70803312	          0.00000000	          0.00000000	          0.00000000	          0.00537848	          0.14430836	          0.04338824	          0.16994802	          0.00580614	         -0.74077440	          0.00000000	          0.00000000	          0.00000000	          0.20807324	          7.74266329	          2.88745277	          0.36118099	          0.00011989	         -0.77251831	          0.00000000	          0.00000000	          0.00000000	          0.00000000	          0.00000001	          0.00000000	          0.33384584	          0.02095985	         -0.68871682	          0.00000000	          0.00000000	          0.00000000	          0.00000000	         -0.00000000	         -0.00000000	         -0.26885233	          0.01620529	         -1.05025403	          0.00000000	          0.00000000	          0.00000000	          7.38632481	         82.74639359	         -8.35959889	         -0.10105928	         -0.00646890	         -1.01857426	          0.00000000	          0.00000000	          0.00000000	          9.14749693	        150.13805521	        -13.44776857	         -0.12130351	         -0.01071683	         -1.11334110	          0.00000000	          0.00000000	          0.00000000	          0.00000810	         -0.00006770	         -0.00000087	         -0.19654732	          0.00274043	         -1.08471025	          0.00000000	          0.00000000	          0.00000000	        -30.83106641	        300.10116710	        -19.31042730	         -0.01058604	         -0.00994925	         -1.03280120	          0.00000000	          0.00000000	          0.00000000	        -16.47935720	         57.25183540	         -3.65141461	         -0.02870209	         -0.00392770	         -1.12784797	          0.00000000	          0.00000000	          0.00000000	
          4.70000000	        -12.98456694	        180.73966940	         34.16463161	          0.09065934	         -0.00631082	         -0.77913722	          0.00000000	          0.00000000	          0.00000000	         -6.89913543	        121.03007955	         43.35749741	          0.26680188	         -0.00570239	         -0.79280907	          0.00000000	          0.00000000	          0.00000000	         -0.00000269	          0.00002915	          0.00000673	          0.23894399	          0.01400074	         -0.70834695	          0.00000000	          0.00000000	          0.00000000	         -0.04625385	          0.55648872	          0.11433635	          0.16306772	          0.00441269	         -0.74122274	          0.00000000	          0.00000000	          0.00000000	         -0.59189643	          8.29686980	          3.42794815	          0.35430762	         -0.00011626	         -0.77371739	          0.00000000	          0.00000000	          0.00000000	         -0.00000000	          0.00000004	          0.00000001	          0.32685390	          0.01986777	         -0.68912447	          0.00000000	          0.00000000	          0.00000000	          0.00000000	         -0.00000000	         -0.00000000	         -0.27008312	          0.02362517	         -1.05130815	          0.00000000	          0.00000000	          0.00000000	          3.71861510	         39.39451176	         -4.45787566	         -0.10619483	         -0.00495717	         -1.01833212	          0.00000000	          0.00000000	          0.00000000	          3.49034952	         70.36174922	         -6.85130494	         -0.12657355	         -0.00890933	         -1.11312133	          0.00000000	          0.00000000	          0.00000000	          0.00000000	         -0.00000000	         -0.00000000	         -0.19978109	          0.00739378	         -1.08513489	          0.00000000	          0.00000000	          0.00000000	        -12.50165161	        319.05824734	        -41.19954671	         -0.01617526	         -0.01069602	         -1.03195825	          0.00000000	          0.00000000	          0.00000000	        -14.35554105	         48.21730490	         -5.82292116	         -0.03307646	         -0.00351283	         -1.12690598	          0.00000000	          0.00000000	          0.00000000	
          4.72000000	        -26.48075203	        258.68834402	         26.62025429	          0.08407840	         -0.00789185	         -0.77914755	          0.00000000	          0.00000000	          0.00000000	        -10.14500688	        125.87418848	         35.94619332	          0.26012578	         -0.00602447	         -0.79356850	          0.00000000	          0.00000000	          0.00000000	         -0.00002006	          0.00017015	          0.00002296	          0.23219321	          0.01241417	         -0.70799629	          0.00000000	          0.00000000	          0.00000000	         -0.24925276	          2.23904812	          0.25435442	          0.15640020	          0.00278562	         -0.74101647	          0.00000000	          0.00000000	          0.00000000	         -0.69600542	          7.82272968	          2.67760614	          0.34758477	         -0.00012076	         -0.77460144	          0.00000000	          0.00000000	          0.00000000	         -0.00000002	          0.00000017	          0.00000003	          0.32004704	          0.01862220	         -0.68890665	          0.00000000	          0.00000000	          0.00000000	          0.00000000	         -0.00000000	         -0.00000000	         -0.26957216	          0.03205079	         -1.05260582	          0.00000000	          0.00000000	          0.00000000	          0.13273048	          9.06163454	         -0.64089354	         -0.11087138	         -0.00274207	         -1.01816046	          0.00000000	          0.00000000	          0.00000000	         -0.50225567	         10.66634848	         -0.53301808	         -0.13131228	         -0.00631250	         -1.11299685	          0.00000000	          0.00000000	          0.00000000	          0.00000000	         -0.00000000	         -0.00000000	         -0.20186948	          0.01294874	         -1.08573059	          0.00000000	          0.00000000	          0.00000000	         -1.98986046	        318.47306190	        -45.71523677	         -0.02170830	         -0.01120911	         -1.03107405	          0.00000000	          0.00000000	          0.00000000	        -12.55937181	         40.14695509	         -5.08830573	         -0.03697738	         -0.00305301	         -1.12598392	          0.00000000	          0.00000000	          0.00000000	
          4.74000000	        -37.45053014	        349.23680265	         24.50443378	          0.07752589	         -0.00960491	         -0.77881954	          0.00000000	          0.00000000	          0.00000000	        -10.64444116	        123.26443485	         17.38385623	          0.25343929	         -0.00617744	         -0.79372187	          0.00000000	          0.00000000	          0.00000000	         -0.00007444	          0.00105001	          0.00000156	          0.22528634	          0.01072202	         -0.70695892	          0.00000000	          0.00000000	          0.00000000	         -0.59922163	          6.75374707	          0.21212911	          0.14966483	          0.00103021	         -0.74029674	          0.00000000	          0.00000000	          0.00000000	         -0.46477238	          6.27063078	          0.89206209	          0.34078529	          0.00010856	         -0.77470616	          0.00000000	          0.00000000	          0.00000000	         -0.00000004	          0.00000071	          0.00000000	          0.31301672	          0.01732344	         -0.68781190	          0.00000000	          0.00000000	          0.00000000	          0.00000000	         -0.00000000	         -0.00000000	         -0.26730620	          0.04110305	         -1.05405013	          0.00000000	          0.00000000	          0.00000000	         -0.00527208	          0.04759412	          0.00057089	         -0.11486759	          0.00020304	         -1.01819180	          0.00000000	          0.00000000	          0.00000000	          0.00378348	         -0.01873469	         -0.00076397	         -0.13524194	         -0.00282848	         -1.11311750	          0.00000000	          0.00000000	          0.00000000	          0.00000000	         -0.00000000	         -0.00000000	         -0.20266646	          0.01926463	         -1.08652309	          0.00000000	          0.00000000	          0.00000000	          8.40014632	        294.87958534	        -34.09920704	         -0.02708235	         -0.01139490	         -1.03038406	          0.00000000	          0.00000000	          0.00000000	         -9.11775091	         31.64408384	         -2.95457233	         -0.04041441	         -0.00255496	         -1.12534085	          0.00000000	          0.00000000	          0.00000000	
          4.76000000	        -44.14654028	        426.53586830	         28.80910319	          0.07095829	         -0.01126794	         -0.77839627	          0.00000000	          0.00000000	          0.00000000	         -9.59587456	        110.70925774	         -1.97866282	          0.24671532	         -0.00608869	         -0.79311893	          0.00000000	          0.00000000	          0.00000000	         -0.00002350	          0.00568663	         -0.00074061	          0.21807032	          0.00908951	         -0.70525132	          0.00000000	          0.00000000	          0.00000000	         -0.90386443	         17.54631392	         -0.59928259	          0.14275958	         -0.00067665	         -0.73920024	          0.00000000	          0.00000000	          0.00000000	         -0.22371402	          4.35696692	         -0.39703642	          0.33385095	          0.00061090	         -0.77371607	          0.00000000	          0.00000000	          0.00000000	          0.00000009	          0.00000269	         -0.00000056	          0.30558060	          0.01610046	         -0.68569223	          0.00000000	          0.00000000	          0.00000000	          0.00000000	         -0.00000000	         -0.00000000	         -0.26363675	          0.05035319	         -1.05564726	          0.00000000	          0.00000000	          0.00000000	          0.00007400	         -0.00027467	         -0.00002864	         -0.11811692	          0.00383224	         -1.01847502	          0.00000000	          0.00000000	          0.00000000	          0.00000074	         -0.00000170	         -0.00000025	         -0.13813695	          0.00150055	         -1.11355506	          0.00000000	          0.00000000	          0.00000000	          0.00000000	         -0.00000000	         -0.00000000	         -0.20223257	          0.02610406	         -1.08755182	          0.00000000	          0.00000000	          0.00000000	         16.52669944	        247.53497599	        -26.46001378	         -0.03230130	         -0.01116446	         -1.02994783	          0.00000000	          0.00000000	          0.00000000	         -5.73033507	         23.83427046	         -1.77934794	         -0.04351839	         -0.00201602	         -1.12506100	          0.00000000	          0.00000000	          0.00000000	
          4.78000000	        -46.03717678	        470.43301738	         25.44554408	          0.06440034	         -0.01266662	         -0.77794420	          0.00000000	          0.00000000	          0.00000000	         -7.76248566	         95.00894332	        -10.99261389	          0.23998207	         -0.00574846	         -0.79187990	          0.00000000	          0.00000000	          0.00000000	          0.00060640	          0.02522503	         -0.00520282	          0.21067697	          0.00760664	         -0.70305119	          0.00000000	          0.00000000	          0.00000000	         -1.48964102	         43.90091474	         -3.41611022	          0.13576573	         -0.00217941	         -0.73785043	          0.00000000	          0.00000000	          0.00000000	         -0.10940778	          2.93921287	         -0.66562074	          0.32684318	          0.00131450	         -0.77180206	          0.00000000	          0.00000000	          0.00000000	          0.00000066	          0.00000933	         -0.00000299	          0.29790548	          0.01496538	         -0.68278331	          0.00000000	          0.00000000	          0.00000000	          0.00000000	         -0.00000000	         -0.00000000	         -0.25908125	          0.05938456	         -1.05757794	          0.00000000	          0.00000000	          0.00000000	          0.00000003	         -0.00000007	         -0.00000001	         -0.12059056	          0.00803015	         -1.01903165	          0.00000000	          0.00000000	          0.00000000	          0.00000000	         -0.00000000	         -0.00000000	         -0.13982720	          0.00645319	         -1.11433521	          0.00000000	          0.00000000	          0.00000000	          0.00000000	         -0.00000000	         -0.00000000	         -0.20074026	          0.03314337	         -1.08892094	          0.00000000	          0.00000000	          0.00000000	         16.23665775	        187.67361906	        -22.00998336	         -0.03734903	         -0.01046203	         -1.02971200	          0.00000000	          0.00000000	          0.00000000	         -2.96480472	         17.33771550	         -1.30651877	         -0.04645791	         -0.00147581	         -1.12511187	          0.00000000	          0.00000000	          0.00000000	
          4.80000000	        -31.33513672	        479.81951249	          9.21886669	          0.05783522	         -0.01368221	         -0.77740169	          0.00000000	          0.00000000	          0.00000000	         -3.90985225	         84.01604099	         -8.36891559	          0.23323083	         -0.00528926	         -0.79040956	          0.00000000	          0.00000000	          0.00000000	          0.00090148	          0.09934425	         -0.01861959	          0.20339222	          0.00621917	         -0.70072876	          0.00000000	          0.00000000	          0.00000000	         -1.96052058	         73.69486489	         -6.33961874	          0.12882631	         -0.00344220	         -0.73639815	          0.00000000	          0.00000000	          0.00000000	         -0.03336063	          2.13966129	         -0.38707931	          0.31984676	          0.00198266	         -0.76961703	          0.00000000	          0.00000000	          0.00000000	          0.00000150	          0.00003611	         -0.00000982	          0.29037170	          0.01376665	         -0.67971216	          0.00000000	          0.00000000	          0.00000000	          0.00000000	         -0.00000000	         -0.00000000	         -0.25404609	          0.06777881	         -1.05985914	          0.00000000	          0.00000000	          0.00000000	          0.00000000	         -0.00000000	         -0.00000000	         -0.12206058	          0.01257330	         -1.01981141	          0.00000000	          0.00000000	          0.00000000	          0.00000000	         -0.00000000	         -0.00000000	         -0.14011084	          0.01168566	         -1.11538233	          0.00000000	          0.00000000	          0.00000000	          0.00000000	         -0.00000000	         -0.00000000	         -0.19829590	          0.03999696	         -1.09060074	          0.00000000	          0.00000000	          0.00000000	         -2.65977292	        131.57353398	        -20.73042945	         -0.04193753	         -0.00931441	         -1.02959325	          0.00000000	          0.00000000	          0.00000000	         -2.18656916	         12.83423221	         -1.42135171	         -0.04925408	         -0.00098929	         -1.12538654	          0.00000000	          0.00000000	          0.00000000	
          4.82000000	          1.55320226	        468.87044971	        -25.17457322	          0.05115470	         -0.01431414	         -0.77665216	          0.00000000	          0.00000000	          0.00000000	          1.92864037	         81.22856643	         -1.05284286	          0.22638351	         -0.00491856	         -0.78915600	          0.00000000	          0.00000000	          0.00000000	         -0.00934022	          0.38359396	         -0.04307847	          0.19643439	          0.00480902	         -0.69867224	          0.00000000	          0.00000000	          0.00000000	         -1.23270923	        102.56051699	         -8.82943014	          0.12200481	         -0.00452012	         -0.73497451	          0.00000000	          0.00000000	          0.00000000	          0.04581112	          1.98261637	         -0.02222667	          0.31288832	          0.00232879	         -0.76789954	          0.00000000	          0.00000000	          0.00000000	         -0.00000461	          0.00018809	         -0.00002125	          0.28330254	          0.01231265	         -0.67716317	          0.00000000	          0.00000000	          0.00000000	          0.00000000	         -0.00000000	         -0.00000000	         -0.24852635	          0.07505090	         -1.06236005	          0.00000000	          0.00000000	          0.00000000	          0.00000000	         -0.00000000	         -0.00000000	         -0.12178566	          0.01709868	         -1.02091668	          0.00000000	          0.00000000	          0.00000000	          0.00000000	         -0.00000000	         -0.00000000	         -0.13841305	          0.01681532	         -1.11676016	          0.00000000	          0.00000000	          0.00000000	          0.00000000	         -0.00000000	         -0.00000000	         -0.19461831	          0.04622980	         -1.09255535	          0.00000000	          0.00000000	          0.00000000	        -40.74479222	         93.83110698	         -6.86859992	         -0.04515943	         -0.00787339	         -1.02978545	          0.00000000	          0.00000000	          0.00000000	         -4.20998894	         10.23141079	         -0.34275621	         -0.05137389	         -0.00061040	         -1.12600131	          0.00000000	          0.00000000	          0.00000000	
          4.84000000	         21.80021134	        449.84399566	        -59.45739571	          0.04433451	         -0.01463329	         -0.77563817	          0.00000000	          0.00000000	          0.00000000	          5.60804426	         85.25056813	          3.82416672	          0.21945266	         -0.00478406	         -0.78829502	          0.00000000	          0.00000000	          0.00000000	         -0.08719779	          1.36262072	         -0.07602861	          0.18987465	          0.00335314	         -0.69706427	          0.00000000	          0.00000000	          0.00000000	         -1.49414154	        128.61596582	        -12.58283596	          0.11532618	         -0.00545611	         -0.73364108	          0.00000000	          0.00000000	          0.00000000	          0.09154986	          2.47848927	          0.29342655	          0.30601629	          0.00220631	         -0.76695057	          0.00000000	          0.00000000	          0.00000000	         -0.00011621	          0.00124712	          0.00002029	          0.27680421	          0.01058567	         -0.67544693	          0.00000000	          0.00000000	          0.00000000	          0.00000000	         -0.00000000	         -0.00000000	         -0.24214693	          0.08059603	         -1.06472115	          0.00000000	          0.00000000	          0.00000000	          0.00000000	         -0.00000000	         -0.00000000	         -0.11855478	          0.02110333	         -1.02250690	          0.00000000	          0.00000000	          0.00000000	          0.00000000	         -0.00000000	         -0.00000000	         -0.13374402	          0.02144158	         -1.11858808	          0.00000000	          0.00000000	          0.00000000	          0.00000000	         -0.00000000	         -0.00000000	         -0.18903585	          0.05134161	         -1.09466081	          0.00000000	          0.00000000	          0.00000000	        -64.94762694	         68.34995896	          5.66835460	         -0.04536457	         -0.00633644	         -1.03067665	          0.00000000	          0.00000000	          0.00000000	         -7.09361976	          7.66112392	          0.83879971	         -0.05141666	         -0.00023902	         -1.12722599	          0.00000000	          0.00000000	          0.00000000	
          4.86000000	         15.69844323	        432.51531145	        -73.55534489	          0.03753445	         -0.01473349	         -0.77448450	          0.00000000	          0.00000000	          0.00000000	          4.27513951	         96.11676207	          2.69629986	          0.21262105	         -0.00492612	         -0.78769571	          0.00000000	          0.00000000	          0.00000000	         -0.35129277	          3.68300919	         -0.18985353	          0.18366177	          0.00195515	         -0.69585500	          0.00000000	          0.00000000	          0.00000000	         -5.02203404	        149.29256511	        -17.04252175	          0.10883781	         -0.00624137	         -0.73243902	          0.00000000	          0.00000000	          0.00000000	          0.01927581	          3.86857727	          0.44645440	          0.29935425	          0.00165245	         -0.76651698	          0.00000000	          0.00000000	          0.00000000	         -0.00112512	          0.00830057	          0.00029243	          0.27076395	          0.00877131	         -0.67439207	          0.00000000	          0.00000000	          0.00000000	         -0.00000000	         -0.00000000	          0.00000000	         -0.23460260	          0.08387873	         -1.06668212	          0.00000000	          0.00000000	          0.00000000	         -0.00000000	          0.00000000	          0.00000000	         -0.11148530	          0.02411326	         -1.02462175	          0.00000000	          0.00000000	          0.00000000	         -0.00000000	          0.00000000	          0.00000000	         -0.12535820	          0.02518872	         -1.12088015	          0.00000000	          0.00000000	          0.00000000	         -0.00000000	         -0.00000000	          0.00000000	         -0.18103013	          0.05487933	         -1.09679165	          0.00000000	          0.00000000	          0.00000000	        -49.19798759	         44.51092537	          7.53439437	         -0.04076177	         -0.00476883	         -1.03249464	          0.00000000	          0.00000000	          0.00000000	         -4.18634706	          3.86941548	          0.68856768	         -0.04729076	          0.00051462	         -1.12920466	          0.00000000	          0.00000000	          0.00000000	
          4.88000000	         15.38336651	        422.31760019	        -70.07365377	          0.03083084	         -0.01471370	         -0.77340446	          0.00000000	          0.00000000	          0.00000000	          3.78347970	        116.38402694	         -2.72212115	          0.20597153	         -0.00535226	         -0.78718068	          0.00000000	          0.00000000	          0.00000000	         -0.49037177	          6.92393616	         -0.50094344	          0.17759468	          0.00071157	         -0.69492864	          0.00000000	          0.00000000	          0.00000000	         -3.33156712	        165.15895991	        -20.03487097	          0.10246905	         -0.00687461	         -0.73142093	          0.00000000	          0.00000000	          0.00000000	         -0.04481924	          6.67862181	          0.24781135	          0.29290354	          0.00074672	         -0.76622049	          0.00000000	          0.00000000	          0.00000000	         -0.00506948	          0.04579986	         -0.00053063	          0.26489663	          0.00705861	         -0.67368201	          0.00000000	          0.00000000	          0.00000000	         -0.00000000	         -0.00000000	          0.00000000	         -0.22549459	          0.08455898	         -1.06834287	          0.00000000	          0.00000000	          0.00000000	         -0.00000000	          0.00000000	          0.00000000	         -0.10011316	          0.02582290	         -1.02717999	          0.00000000	          0.00000000	          0.00000000	         -0.00000000	          0.00000000	          0.00000000	         -0.11284062	          0.02774402	         -1.12354395	          0.00000000	          0.00000000	          0.00000000	         -0.00000000	         -0.00000000	          0.00000000	         -0.17019605	          0.05651619	         -1.09895227	          0.00000000	          0.00000000	          0.00000000	        -41.72762501	         32.42164407	          6.05710576	         -0.03020145	         -0.00334081	         -1.03516048	          0.00000000	          0.00000000	          0.00000000	         -2.61332708	          2.06041047	          0.38793141	         -0.03735525	          0.00163647	         -1.13189127	          0.00000000	          0.00000000	          0.00000000	
          4.90000000	         14.68930329	        416.33564245	        -61.45936735	          0.02416938	         -0.01464621	         -0.77252940	          0.00000000	          0.00000000	          0.00000000	          3.67937138	        141.24668026	         -6.26525460	          0.19942026	         -0.00599440	         -0.78675295	          0.00000000	          0.00000000	          0.00000000	         -0.54014031	         11.45056622	         -0.81133447	          0.17148670	         -0.00030096	         -0.69427150	          0.00000000	          0.00000000	          0.00000000	         -1.39592650	        174.10620431	        -19.24721514	          0.09609660	         -0.00735412	         -0.73064583	          0.00000000	          0.00000000	          0.00000000	         -0.21227331	         12.55568255	         -0.10201219	          0.28653779	         -0.00035018	         -0.76598716	          0.00000000	          0.00000000	          0.00000000	         -0.01539931	          0.16981896	         -0.00560334	          0.25896975	          0.00562943	         -0.67322889	          0.00000000	          0.00000000	          0.00000000	         -0.00000000	         -0.00000000	          0.00000000	         -0.21414002	          0.08253138	         -1.06978415	          0.00000000	          0.00000000	          0.00000000	         -0.00000000	          0.00000000	          0.00000000	         -0.08413465	          0.02613184	         -1.02991480	          0.00000000	          0.00000000	          0.00000000	         -0.00000000	          0.00000000	          0.00000000	         -0.09596734	          0.02893498	         -1.12630630	          0.00000000	          0.00000000	          0.00000000	         -0.00000000	         -0.00000000	          0.00000000	         -0.15608053	          0.05611113	         -1.10104808	          0.00000000	          0.00000000	          0.00000000	        -36.39612031	         24.83977410	          4.55686311	         -0.01342062	         -0.00230303	         -1.03827680	          0.00000000	          0.00000000	          0.00000000	         -1.59652638	          1.10062893	          0.20048378	         -0.02121655	          0.00270590	         -1.13495142	          0.00000000	          0.00000000	          0.00000000	
          4.92000000	         11.93345019	        415.30334276	        -59.06312931	          0.01751610	         -0.01457464	         -0.77183906	          0.00000000	          0.00000000	          0.00000000	          4.03644915	        158.39705344	         -3.57842104	          0.19286494	         -0.00664555	         -0.78653243	          0.00000000	          0.00000000	          0.00000000	         -0.77450179	         16.56774516	         -0.67498210	          0.16530174	         -0.00097090	         -0.69393531	          0.00000000	          0.00000000	          0.00000000	         -1.93158857	        174.29142258	        -16.14532258	          0.08968769	         -0.00765005	         -0.73012674	          0.00000000	          0.00000000	          0.00000000	         -0.71447188	         22.44276371	          0.24787111	          0.28014685	         -0.00129859	         -0.76599622	          0.00000000	          0.00000000	          0.00000000	         -0.03414275	          0.32611108	         -0.00105141	          0.25293418	          0.00475066	         -0.67315112	          0.00000000	          0.00000000	          0.00000000	         -0.00000000	         -0.00000000	          0.00000000	         -0.19983352	          0.07802905	         -1.07102671	          0.00000000	          0.00000000	          0.00000000	         -0.00000000	          0.00000000	          0.00000000	         -0.06357650	          0.02516952	         -1.03265874	          0.00000000	          0.00000000	          0.00000000	         -0.00000000	          0.00000000	          0.00000000	         -0.07487290	          0.02885033	         -1.12899649	          0.00000000	          0.00000000	          0.00000000	         -0.00000000	         -0.00000000	          0.00000000	         -0.13839741	          0.05382445	         -1.10300499	          0.00000000	          0.00000000	          0.00000000	        -33.29867675	         20.52905275	          3.70636401	          0.00917343	         -0.00169880	         -1.04158750	          0.00000000	          0.00000000	          0.00000000	         -1.00476965	          0.62470760	          0.11117445	          0.00069181	          0.00354841	         -1.13815377	          0.00000000	          0.00000000	          0.00000000	
          4.94000000	          5.82269971	        421.94876599	        -65.37108704	          0.01084483	         -0.01454261	         -0.77121896	          0.00000000	          0.00000000	          0.00000000	          4.06642840	        155.71218238	          5.00438026	          0.18620996	         -0.00704695	         -0.78661120	          0.00000000	          0.00000000	          0.00000000	         -1.23286992	         17.12939387	          0.16066668	          0.15905285	         -0.00120566	         -0.69393557	          0.00000000	          0.00000000	          0.00000000	         -5.35164606	        167.26890271	        -12.44767840	          0.08323929	         -0.00774431	         -0.72981087	          0.00000000	          0.00000000	          0.00000000	         -0.79104017	         25.19671640	          2.55912943	          0.27363382	         -0.00174632	         -0.76643589	          0.00000000	          0.00000000	          0.00000000	         -0.03970606	          0.30530714	          0.02542755	          0.24680398	          0.00459061	         -0.67355613	          0.00000000	          0.00000000	          0.00000000	         -0.00000000	         -0.00000000	          0.00000000	         -0.18198386	          0.07159796	         -1.07214202	          0.00000000	          0.00000000	          0.00000000	         -0.00000000	          0.00000000	          0.00000000	         -0.03873131	          0.02325440	         -1.03546915	          0.00000000	          0.00000000	          0.00000000	         -0.00000000	          0.00000000	          0.00000000	         -0.04994735	          0.02780067	         -1.13166837	          0.00000000	          0.00000000	          0.00000000	         -0.00000000	         -0.00000000	          0.00000000	         -0.11704429	          0.05008539	         -1.10488566	          0.00000000	          0.00000000	          0.00000000	        -31.87943407	         18.25306921	          3.47616154	          0.03674389	         -0.00140274	         -1.04513076	          0.00000000	          0.00000000	          0.00000000	         -0.63560172	          0.36730700	          0.06860396	          0.02743275	          0.00421452	         -1.14153721	          0.00000000	          0.00000000	          0.00000000	
          4.96000000	         -1.43950217	        441.20416145	        -79.68134913	          0.00414312	         -0.01460697	         -0.77053978	          0.00000000	          0.00000000	          0.00000000	          4.19120981	        137.36672308	         15.00293995	          0.17939870	         -0.00705022	         -0.78702184	          0.00000000	          0.00000000	          0.00000000	         -1.57416759	         13.81685271	          0.98344473	          0.15277496	         -0.00104431	         -0.69423361	          0.00000000	          0.00000000	          0.00000000	        -10.13748327	        161.01481299	         -9.23232376	          0.07676552	         -0.00769136	         -0.72961130	          0.00000000	          0.00000000	          0.00000000	         -0.19757948	         18.55921018	          4.54484712	          0.26693800	         -0.00156618	         -0.76740875	          0.00000000	          0.00000000	          0.00000000	         -0.02728973	          0.17621752	          0.03691055	          0.24062082	          0.00502260	         -0.67445246	          0.00000000	          0.00000000	          0.00000000	         -0.00000000	         -0.00000000	          0.00000000	         -0.16043913	          0.06397309	         -1.07324190	          0.00000000	          0.00000000	          0.00000000	         -0.00000003	          0.00000002	          0.00000000	         -0.01026376	          0.02079582	         -1.03853103	          0.00000000	          0.00000000	          0.00000000	         -0.00000000	          0.00000000	          0.00000000	         -0.02191736	          0.02619480	         -1.13450166	          0.00000000	          0.00000000	          0.00000000	         -0.00000000	         -0.00000000	          0.00000000	         -0.09230603	          0.04546755	         -1.10683529	          0.00000000	          0.00000000	          0.00000000	        -29.41784588	         16.06622063	          3.41502012	          0.06810591	         -0.00121044	         -1.04911236	          0.00000000	          0.00000000	          0.00000000	         -0.35620520	          0.19679947	          0.04084428	          0.05772500	          0.00487361	         -1.14529598	          0.00000000	          0.00000000	          0.00000000	
          4.98000000	         -8.37175676	        465.70461802	        -75.45867227	         -0.00256869	         -0.01479722	         -0.76983118	          0.00000000	          0.00000000	          0.00000000	          2.79421371	        122.40945350	         13.78027693	          0.17247618	         -0.00675903	         -0.78759168	          0.00000000	          0.00000000	          0.00000000	         -1.15958882	         10.48686112	          0.79301769	          0.14643495	         -0.00068743	         -0.69465535	          0.00000000	          0.00000000	          0.00000000	        -10.94811733	        160.16282412	         -7.32282434	          0.07025760	         -0.00760868	         -0.72945685	          0.00000000	          0.00000000	          0.00000000	          0.08856904	         11.46907651	          2.91560302	          0.26008744	         -0.00097118	         -0.76862985	          0.00000000	          0.00000000	          0.00000000	         -0.01141246	          0.09134252	          0.01986888	          0.23434254	          0.00570228	         -0.67553756	          0.00000000	          0.00000000	          0.00000000	         -0.00000000	         -0.00000000	          0.00000000	         -0.13565326	          0.05586875	         -1.07438923	          0.00000000	          0.00000000	          0.00000000	         -0.00000065	          0.00000035	          0.00000008	          0.02082171	          0.01818605	         -1.04198188	          0.00000000	          0.00000000	          0.00000000	         -0.00000000	          0.00000000	          0.00000000	          0.00819440	          0.02441066	         -1.13762880	          0.00000000	          0.00000000	          0.00000000	         -0.00000000	         -0.00000000	          0.00000000	         -0.06491857	          0.04051833	         -1.10895103	          0.00000000	          0.00000000	          0.00000000	        -22.61307045	         12.04261900	          2.89819573	          0.10189760	         -0.00090365	         -1.05369224	          0.00000000	          0.00000000	          0.00000000	         -0.14542304	          0.07858822	          0.01838234	          0.09014743	          0.00572616	         -1.14957358	          0.00000000	          0.00000000	          0.00000000	
          5.00000000	        -13.88364256	        477.62238023	        -59.21712372	         -0.00922223	         -0.01504877	         -0.76923079	          0.00000000	          0.00000000	          0.00000000	         -0.87635331	        126.08808964	          0.83577337	          0.16563268	         -0.00651083	         -0.78790612	          0.00000000	          0.00000000	          0.00000000	         -0.65891837	          9.53816775	         -0.09856298	          0.13998979	         -0.00043020	         -0.69486145	          0.00000000	          0.00000000	          0.00000000	         -8.49519835	        166.59866955	        -11.38485533	          0.06372079	         -0.00760821	         -0.72925175	          0.00000000	          0.00000000	          0.00000000	         -0.04740722	          9.34314912	          0.74158843	          0.25326675	         -0.00047507	         -0.76940687	          0.00000000	          0.00000000	          0.00000000	         -0.00448751	          0.06709661	          0.00414069	          0.22792049	          0.00618413	         -0.67620117	          0.00000000	          0.00000000	          0.00000000	         -0.00000000	         -0.00000000	          0.00000000	         -0.10841776	          0.04781571	         -1.07551634	          0.00000000	          0.00000000	          0.00000000	         -0.00000929	          0.00000494	          0.00000111	          0.05349785	          0.01575012	         -1.04576540	          0.00000000	          0.00000000	          0.00000000	         -0.00000000	          0.00000000	          0.00000000	          0.03938990	          0.02273844	         -1.14099346	          0.00000000	          0.00000000	          0.00000000	         -0.00000000	         -0.00000000	          0.00000000	         -0.03577460	          0.03564828	         -1.11117080	          0.00000000	          0.00000000	          0.00000000	        -12.47864278	          6.57646417	          1.70893251	          0.13691006	         -0.00026727	         -1.05880350	          0.00000000	          0.00000000	          0.00000000	         -0.03547404	          0.01903591	          0.00477779	          0.12346655	          0.00695624	         -1.15429000	          0.00000000	          0.00000000	          0.00000000	
          5.02000000	        -21.15017728	        463.10030117	         -4.53820082	         -0.01572146	         -0.01521784	         -0.76897968	          0.00000000	          0.00000000	          0.00000000	        -11.61460019	        152.50598708	        -34.60317026	          0.15914880	         -0.00666402	         -0.78748139	          0.00000000	          0.00000000	          0.00000000	          0.41398977	         10.97174226	         -2.07757752	          0.13338743	         -0.00048191	         -0.69449622	          0.00000000	          0.00000000	          0.00000000	         -0.08860540	        174.18689241	        -16.95681397	          0.05716648	         -0.00771574	         -0.72894622	          0.00000000	          0.00000000	          0.00000000	         -0.69814485	         13.21533349	         -4.37675960	          0.24675322	         -0.00061592	         -0.76890111	          0.00000000	          0.00000000	          0.00000000	          0.00524773	          0.08633102	         -0.02539284	          0.22129432	          0.00612093	         -0.67574844	          0.00000000	          0.00000000	          0.00000000	         -0.00000000	         -0.00000000	          0.00000000	         -0.07944920	          0.04016002	         -1.07674119	          0.00000000	          0.00000000	          0.00000000	         -0.00007408	          0.00003925	          0.00000913	          0.08699593	          0.01376459	         -1.04983888	          0.00000000	          0.00000000	          0.00000000	         -0.00000001	          0.00000001	          0.00000000	          0.07102890	          0.02141434	         -1.14456873	          0.00000000	          0.00000000	          0.00000000	         -0.00000000	          0.00000000	          0.00000000	         -0.00554852	          0.03114772	         -1.11354144	          0.00000000	          0.00000000	          0.00000000	         -4.84461364	          2.54893782	          0.70368276	          0.17229649	          0.00091071	         -1.06430421	          0.00000000	          0.00000000	          0.00000000	         -0.00403561	          0.00216626	          0.00057516	          0.15689327	          0.00871489	         -1.15931071	          0.00000000	          0.00000000	          0.00000000	
          5.04000000	        -25.95949345	        427.03574924	         43.39587064	         -0.02201468	         -0.01517751	         -0.76925467	          0.00000000	          0.00000000	          0.00000000	        -24.79161763	        198.21837116	        -65.77571481	          0.15313366	         -0.00734012	         -0.78634136	          0.00000000	          0.00000000	          0.00000000	          1.44604415	         15.90110814	         -4.11636686	          0.12668676	         -0.00087803	         -0.69362517	          0.00000000	          0.00000000	          0.00000000	          3.92855195	        181.26975916	        -13.45587619	          0.05064821	         -0.00788175	         -0.72866343	          0.00000000	          0.00000000	          0.00000000	         -3.37745771	         30.44402586	        -17.04436104	          0.24067269	         -0.00156760	         -0.76706937	          0.00000000	          0.00000000	          0.00000000	          0.01896382	          0.18287132	         -0.08866876	          0.21452901	          0.00547403	         -0.67419695	          0.00000000	          0.00000000	          0.00000000	         -0.00000000	         -0.00000000	          0.00000000	         -0.04944126	          0.03317067	         -1.07825743	          0.00000000	          0.00000000	          0.00000000	         -0.00024377	          0.00012995	          0.00002792	          0.12060346	          0.01249560	         -1.05397677	          0.00000000	          0.00000000	          0.00000000	         -0.00000003	          0.00000001	          0.00000000	          0.10264103	          0.02061863	         -1.14819026	          0.00000000	          0.00000000	          0.00000000	         -0.00000000	          0.00000000	          0.00000000	          0.02518476	          0.02723881	         -1.11608157	          0.00000000	          0.00000000	          0.00000000	         -0.79994368	          0.42425878	          0.10786305	          0.20732486	          0.00283320	         -1.06974569	          0.00000000	          0.00000000	          0.00000000	         -0.00017310	          0.00009359	          0.00002281	          0.18987734	          0.01108129	         -1.16424742	          0.00000000	          0.00000000	          0.00000000	
          5.06000000	        -25.32743859	        391.79955471	         32.70390485	         -0.02817420	         -0.01491706	         -0.76972864	          0.00000000	          0.00000000	          0.00000000	        -26.65944737	        234.04039485	        -54.10346991	          0.14732072	         -0.00825733	         -0.78517904	          0.00000000	          0.00000000	          0.00000000	          0.76851339	         23.81513078	         -4.23083974	          0.12015650	         -0.00145493	         -0.69276811	          0.00000000	          0.00000000	          0.00000000	         -2.12627046	        181.85713843	         -7.98080923	          0.04428071	         -0.00802393	         -0.72848934	          0.00000000	          0.00000000	          0.00000000	         -9.26205710	         59.05613934	        -25.35858527	          0.23483252	         -0.00285391	         -0.76512031	          0.00000000	          0.00000000	          0.00000000	         -0.00555662	          0.36490032	         -0.13439344	          0.20795132	          0.00467382	         -0.67261166	          0.00000000	          0.00000000	          0.00000000	         -0.00000000	          0.00000000	          0.00000000	         -0.01926509	          0.02713630	         -1.08015792	          0.00000000	          0.00000000	          0.00000000	         -0.00024442	          0.00013271	          0.00002255	          0.15340607	          0.01219748	         -1.05765034	          0.00000000	          0.00000000	          0.00000000	         -0.00000003	          0.00000001	          0.00000000	          0.13366468	          0.02045746	         -1.15145936	          0.00000000	          0.00000000	          0.00000000	         -0.00000000	          0.00000000	          0.00000000	          0.05571930	          0.02411482	         -1.11864531	          0.00000000	          0.00000000	          0.00000000	         -0.00109989	          0.00059488	          0.00011276	          0.24111578	          0.00566060	         -1.07428955	          0.00000000	          0.00000000	          0.00000000	         -0.00000077	          0.00000042	          0.00000008	          0.22186031	          0.01403751	         -1.16839402	          0.00000000	          0.00000000	          0.00000000	
          5.08000000	        -19.81596287	        377.27251749	         -7.86479814	         -0.03439620	         -0.01456049	         -0.76991094	          0.00000000	          0.00000000	          0.00000000	        -15.25567925	        215.12056882	        -30.54241188	          0.14130949	         -0.00881800	         -0.78440918	          0.00000000	          0.00000000	          0.00000000	         -0.39136456	         24.67533613	         -2.93681082	          0.11377042	         -0.00176142	         -0.69218564	          0.00000000	          0.00000000	          0.00000000	         -5.39309846	        165.93993296	        -11.38840225	          0.03796470	         -0.00798669	         -0.72829969	          0.00000000	          0.00000000	          0.00000000	         -7.65324140	         60.91082996	        -14.76056689	          0.22884382	         -0.00357325	         -0.76391677	          0.00000000	          0.00000000	          0.00000000	         -0.02636813	          0.34896226	         -0.07366058	          0.20155111	          0.00443729	         -0.67169124	          0.00000000	          0.00000000	          0.00000000	         -0.00000001	          0.00000000	          0.00000000	          0.01017161	          0.02236407	         -1.08266400	          0.00000000	          0.00000000	          0.00000000	         -0.00005657	          0.00003168	          0.00000333	          0.18445256	          0.01305945	         -1.06042800	          0.00000000	          0.00000000	          0.00000000	         -0.00000001	          0.00000001	          0.00000000	          0.16359608	          0.02101056	         -1.15410238	          0.00000000	          0.00000000	          0.00000000	         -0.00000001	          0.00000000	          0.00000000	          0.08536257	          0.02196666	         -1.12121454	          0.00000000	          0.00000000	          0.00000000	          0.00000010	         -0.00000006	         -0.00000000	          0.27280992	          0.00946931	         -1.07718885	          0.00000000	          0.00000000	          0.00000000	          0.00000000	         -0.00000000	         -0.00000000	          0.25241960	          0.01753563	         -1.17116272	          0.00000000	          0.00000000	          0.00000000	
          5.10000000	         -9.74322092	        404.13814777	        -52.57530900	         -0.04088962	         -0.01434393	         -0.76961422	          0.00000000	          0.00000000	          0.00000000	         -1.03060766	        157.24157883	         -2.99915198	          0.13481682	         -0.00860156	         -0.78410352	          0.00000000	          0.00000000	          0.00000000	         -0.84668073	         16.12157060	         -0.52284101	          0.10725690	         -0.00144393	         -0.69191736	          0.00000000	          0.00000000	          0.00000000	         -5.90275143	        148.54244522	        -12.21508073	          0.03146062	         -0.00771674	         -0.72801833	          0.00000000	          0.00000000	          0.00000000	         -0.75600846	         34.27538938	          1.03426480	          0.22236066	         -0.00316875	         -0.76363811	          0.00000000	          0.00000000	          0.00000000	         -0.00949449	          0.14176533	          0.00269057	          0.19501450	          0.00507925	         -0.67151219	          0.00000000	          0.00000000	          0.00000000	         -0.00000025	          0.00000015	          0.00000002	          0.03828785	          0.01898382	         -1.08600927	          0.00000000	          0.00000000	          0.00000000	         -0.00000267	          0.00000155	          0.00000006	          0.21317114	          0.01506175	         -1.06215769	          0.00000000	          0.00000000	          0.00000000	         -0.00000000	          0.00000000	          0.00000000	          0.19223752	          0.02228603	         -1.15605011	          0.00000000	          0.00000000	          0.00000000	         -0.00000002	          0.00000001	          0.00000000	          0.11373601	          0.02086489	         -1.12387586	          0.00000000	          0.00000000	          0.00000000	          0.00000000	         -0.00000000	          0.00000000	          0.30194705	          0.01416307	         -1.07810345	          0.00000000	          0.00000000	          0.00000000	          0.00000000	         -0.00000000	          0.00000000	          0.28146679	          0.02150406	         -1.17229535	          0.00000000	          0.00000000	          0.00000000	
          5.12000000	          1.04775150	        468.22899308	        -75.83941017	         -0.04772345	         -0.01449902	         -0.76899273	          0.00000000	          0.00000000	          0.00000000	          6.93263128	        105.10078989	         25.15926335	          0.12772926	         -0.00767280	         -0.78463087	          0.00000000	          0.00000000	          0.00000000	         -0.90797788	          7.85829163	          1.40548133	          0.10058506	         -0.00061254	         -0.69229146	          0.00000000	          0.00000000	          0.00000000	         -8.87620905	        142.59477926	          0.65247751	          0.02472117	         -0.00738711	         -0.72788415	          0.00000000	          0.00000000	          0.00000000	          0.86806685	         10.57768605	          4.92098885	          0.21525644	         -0.00173124	         -0.76473902	          0.00000000	          0.00000000	          0.00000000	         -0.00307425	          0.03276147	          0.01311747	          0.18831082	          0.00637414	         -0.67244460	          0.00000000	          0.00000000	          0.00000000	         -0.00000216	          0.00000129	          0.00000023	          0.06489698	          0.01684558	         -1.09004566	          0.00000000	          0.00000000	          0.00000000	         -0.00000001	          0.00000001	         -0.00000000	          0.23944733	          0.01793589	         -1.06280578	          0.00000000	          0.00000000	          0.00000000	         -0.00000000	          0.00000000	          0.00000000	          0.21957088	          0.02417556	         -1.15720894	          0.00000000	          0.00000000	          0.00000000	         -0.00000002	          0.00000001	          0.00000000	          0.14073963	          0.02068563	         -1.12650609	          0.00000000	          0.00000000	          0.00000000	          0.00000000	         -0.00000000	          0.00000000	          0.32847615	          0.01945640	         -1.07704575	          0.00000000	          0.00000000	          0.00000000	          0.00000000	         -0.00000000	          0.00000000	          0.30904559	          0.02581669	         -1.17174399	          0.00000000	          0.00000000	          0.00000000	
          5.14000000	          5.50093985	        537.74242806	        -82.35836996	         -0.05477699	         -0.01504442	         -0.76828297	          0.00000000	          0.00000000	          0.00000000	          9.30397492	         73.40107913	         38.23883343	          0.12011866	         -0.00636608	         -0.78630656	          0.00000000	          0.00000000	          0.00000000	         -0.83586536	          4.25340357	          1.77043845	          0.09394817	          0.00038502	         -0.69359431	          0.00000000	          0.00000000	          0.00000000	        -14.94678749	        144.94005360	         18.11190220	          0.01790710	         -0.00717974	         -0.72815734	          0.00000000	          0.00000000	          0.00000000	          0.29527935	          2.09844418	          1.86615221	          0.20763377	          0.00031210	         -0.76757986	          0.00000000	          0.00000000	          0.00000000	         -0.00112840	          0.00635169	          0.00496707	          0.18166525	          0.00795430	         -0.67484831	          0.00000000	          0.00000000	          0.00000000	         -0.00000648	          0.00000402	          0.00000055	          0.08970865	          0.01566345	         -1.09385944	          0.00000000	          0.00000000	          0.00000000	          0.00000000	         -0.00000000	          0.00000000	          0.26313647	          0.02127769	         -1.06205838	          0.00000000	          0.00000000	          0.00000000	         -0.00000000	          0.00000000	         -0.00000000	          0.24521548	          0.02647681	         -1.15710300	          0.00000000	          0.00000000	          0.00000000	         -0.00000001	          0.00000001	          0.00000000	          0.16603034	          0.02119124	         -1.12840259	          0.00000000	          0.00000000	          0.00000000	          0.00000000	         -0.00000000	          0.00000000	          0.35225437	          0.02494095	         -1.07398434	          0.00000000	          0.00000000	          0.00000000	          0.00000000	         -0.00000000	          0.00000000	          0.33477518	          0.03026641	         -1.16931614	          0.00000000	          0.00000000	          0.00000000	
          5.16000000	          6.75827165	        585.59326699	        -80.90155258	         -0.06187569	         -0.01577970	         -0.76758158	          0.00000000	          0.00000000	          0.00000000	          9.01000090	         55.28562303	         34.99319604	          0.11219743	         -0.00501445	         -0.78878482	          0.00000000	          0.00000000	          0.00000000	         -0.65368440	          2.93240840	          1.51157326	          0.08744805	          0.00128342	         -0.69555618	          0.00000000	          0.00000000	          0.00000000	        -17.50636397	        148.77937961	         26.95853922	          0.01115319	         -0.00712229	         -0.72875588	          0.00000000	          0.00000000	          0.00000000	          0.10044995	          0.68334004	          0.61938918	          0.19970861	          0.00247450	         -0.77161592	          0.00000000	          0.00000000	          0.00000000	         -0.00028844	          0.00141502	          0.00124879	          0.17517720	          0.00950159	         -0.67830030	          0.00000000	          0.00000000	          0.00000000	         -0.00000898	          0.00000584	          0.00000041	          0.11212956	          0.01518295	         -1.09646640	          0.00000000	          0.00000000	          0.00000000	          0.00000000	         -0.00000000	          0.00000000	          0.28390109	          0.02469147	         -1.05975827	          0.00000000	          0.00000000	          0.00000000	         -0.00000000	          0.00000000	         -0.00000000	          0.26838428	          0.02896908	         -1.15540764	          0.00000000	          0.00000000	          0.00000000	         -0.00000000	          0.00000000	         -0.00000000	          0.18890358	          0.02214994	         -1.12890173	          0.00000000	          0.00000000	          0.00000000	          0.00000000	         -0.00000000	          0.00000000	          0.37294105	          0.03019605	         -1.06916780	          0.00000000	          0.00000000	          0.00000000	          0.00000000	         -0.00000000	          0.00000000	          0.35786342	          0.03460698	         -1.16509462	          0.00000000	          0.00000000	          0.00000000	
          5.18000000	         11.84605421	        609.84332544	        -75.85436040	         -0.06893635	         -0.01649257	         -0.76691367	          0.00000000	          0.00000000	          0.00000000	          7.57890350	         43.44065404	         25.07918352	          0.10420628	         -0.00384122	         -0.79132666	          0.00000000	          0.00000000	          0.00000000	         -0.41873735	          2.20064354	          1.04091710	          0.08099792	          0.00195650	         -0.69757335	          0.00000000	          0.00000000	          0.00000000	        -14.88734194	        153.77560505	         25.77228807	          0.00444735	         -0.00716660	         -0.72939843	          0.00000000	          0.00000000	          0.00000000	          0.03352523	          0.19711235	          0.17584455	          0.19170407	          0.00436759	         -0.77573927	          0.00000000	          0.00000000	          0.00000000	         -0.00008366	          0.00045498	          0.00038601	          0.16873728	          0.01076127	         -0.68184504	          0.00000000	          0.00000000	          0.00000000	         -0.00000702	          0.00000484	          0.00000007	          0.13164564	          0.01522788	         -1.09768947	          0.00000000	          0.00000000	          0.00000000	         -0.00000000	          0.00000000	         -0.00000000	          0.30156756	          0.02788338	         -1.05645251	          0.00000000	          0.00000000	          0.00000000	         -0.00000000	          0.00000000	         -0.00000000	          0.28843608	          0.03146405	         -1.15257245	          0.00000000	          0.00000000	          0.00000000	         -0.00000000	          0.00000000	         -0.00000000	          0.20876636	          0.02338313	         -1.12813314	          0.00000000	          0.00000000	          0.00000000	          0.00000000	         -0.00000000	          0.00000000	          0.39040152	          0.03489387	         -1.06351365	          0.00000000	          0.00000000	          0.00000000	          0.00000000	         -0.00000000	          0.00000000	          0.37770696	          0.03861515	         -1.15990126	          0.00000000	          0.00000000	          0.00000000	
          5.20000000	         21.28419037	        618.78304408	        -60.68293730	         -0.07595878	         -0.01708087	         -0.76633134	          0.00000000	          0.00000000	          0.00000000	          5.30006953	         35.82340042	         12.31277417	          0.09636621	         -0.00297059	         -0.79320678	          0.00000000	          0.00000000	          0.00000000	         -0.15704343	          1.80873598	          0.50424407	          0.07440227	          0.00237577	         -0.69904725	          0.00000000	          0.00000000	          0.00000000	         -5.34154665	        158.90633954	         13.69003830	         -0.00232133	         -0.00727187	         -0.72981948	          0.00000000	          0.00000000	          0.00000000	          0.01186908	          0.07153758	          0.04208075	          0.18382432	          0.00577319	         -0.77883695	          0.00000000	          0.00000000	          0.00000000	         -0.00001557	          0.00021743	          0.00011306	          0.16212934	          0.01161070	         -0.68449641	          0.00000000	          0.00000000	          0.00000000	         -0.00000367	          0.00000269	         -0.00000005	          0.14811527	          0.01565957	         -1.09795296	          0.00000000	          0.00000000	          0.00000000	         -0.00000000	          0.00000000	         -0.00000000	          0.31632575	          0.03068233	         -1.05304091	          0.00000000	          0.00000000	          0.00000000	         -0.00000000	         -0.00000000	         -0.00000000	          0.30520747	          0.03380502	         -1.14947816	          0.00000000	          0.00000000	          0.00000000	         -0.00000000	          0.00000000	         -0.00000000	          0.22545421	          0.02474374	         -1.12674626	          0.00000000	          0.00000000	          0.00000000	          0.00000000	         -0.00000000	          0.00000000	          0.40489740	          0.03884757	         -1.05817796	          0.00000000	          0.00000000	          0.00000000	         -0.00000000	         -0.00000000	         -0.00000000	          0.39421394	          0.04211712	         -1.15487449	          0.00000000	          0.00000000	          0.00000000	
          5.22000000	         30.61376279	        618.81810709	        -44.24429824	         -0.08295073	         -0.01752392	         -0.76588602	          0.00000000	          0.00000000	          0.00000000	          3.28365938	         33.75412338	          2.39908959	          0.08886740	         -0.00249661	         -0.79399014	          0.00000000	          0.00000000	          0.00000000	          0.03420334	          1.79582205	          0.08484130	          0.06754869	          0.00252162	         -0.69961034	          0.00000000	          0.00000000	          0.00000000	          5.31786455	        167.54368646	         -2.27320680	         -0.00922273	         -0.00743480	         -0.72986552	          0.00000000	          0.00000000	          0.00000000	          0.00538231	          0.04423051	          0.00706777	          0.17626672	          0.00655253	         -0.78022454	          0.00000000	          0.00000000	          0.00000000	          0.00000710	          0.00017519	          0.00002335	          0.15524399	          0.01198112	         -0.68563447	          0.00000000	          0.00000000	          0.00000000	         -0.00000150	          0.00000116	         -0.00000004	          0.16182445	          0.01634972	         -1.09768866	          0.00000000	          0.00000000	          0.00000000	         -0.00000000	         -0.00000000	         -0.00000000	          0.32869376	          0.03304875	         -1.05021450	          0.00000000	          0.00000000	          0.00000000	         -0.00000000	         -0.00000000	         -0.00000000	          0.31900517	          0.03589590	         -1.14683991	          0.00000000	          0.00000000	          0.00000000	         -0.00000000	          0.00000000	         -0.00000000	          0.23925614	          0.02611746	         -1.12531392	          0.00000000	          0.00000000	          0.00000000	         -0.00000000	         -0.00000000	         -0.00000000	          0.41701058	          0.04204668	         -1.05400058	          0.00000000	          0.00000000	          0.00000000	         -0.00000000	         -0.00000000	         -0.00000000	          0.40775503	          0.04504485	         -1.15087934	          0.00000000	          0.00000000	          0.00000000	
          5.24000000	         36.58922708	        611.28206715	        -30.54243268	         -0.08989723	         -0.01782696	         -0.76556566	          0.00000000	          0.00000000	          0.00000000	          1.82146131	         38.99358242	         -5.03052332	          0.08179737	         -0.00249058	         -0.79375676	          0.00000000	          0.00000000	          0.00000000	          0.19137780	          2.28406997	         -0.28288611	          0.06055552	          0.00232926	         -0.69931829	          0.00000000	          0.00000000	          0.00000000	         13.23094361	        181.33076248	        -15.65661522	         -0.01618969	         -0.00768987	         -0.72955716	          0.00000000	          0.00000000	          0.00000000	          0.00372102	          0.05382415	         -0.00842618	          0.16916250	          0.00659365	         -0.78002225	          0.00000000	          0.00000000	          0.00000000	          0.00002754	          0.00026600	         -0.00004088	          0.14824149	          0.01176128	         -0.68535119	          0.00000000	          0.00000000	          0.00000000	         -0.00000054	          0.00000043	         -0.00000002	          0.17338234	          0.01719403	         -1.09710757	          0.00000000	          0.00000000	          0.00000000	         -0.00000000	         -0.00000000	         -0.00000000	          0.33936560	          0.03506762	         -1.04825791	          0.00000000	          0.00000000	          0.00000000	         -0.00000000	         -0.00000000	         -0.00000000	          0.33045051	          0.03773563	         -1.14497819	          0.00000000	          0.00000000	          0.00000000	         -0.00000000	          0.00000000	         -0.00000000	          0.25078483	          0.02744810	         -1.12410250	          0.00000000	          0.00000000	          0.00000000	         -0.00000000	         -0.00000000	         -0.00000000	          0.42746317	          0.04465229	         -1.05131554	          0.00000000	          0.00000000	          0.00000000	         -0.00000000	         -0.00000000	         -0.00000000	          0.41897959	          0.04747320	         -1.14828623	          0.00000000	          0.00000000	          0.00000000	
          5.26000000	         40.65733727	        593.47511485	        -21.23800976	         -0.09678761	         -0.01798701	         -0.76533692	          0.00000000	          0.00000000	          0.00000000	          0.69960058	         53.94498088	        -12.80032329	          0.07511970	         -0.00294816	         -0.79286507	          0.00000000	          0.00000000	          0.00000000	          0.39395707	          3.52195697	         -0.75827295	          0.05359428	          0.00178992	         -0.69847427	          0.00000000	          0.00000000	          0.00000000	         18.44877866	        197.65141078	        -24.47815822	         -0.02312483	         -0.00804038	         -0.72902565	          0.00000000	          0.00000000	          0.00000000	          0.00358145	          0.12704736	         -0.04192036	          0.16251087	          0.00589222	         -0.77878459	          0.00000000	          0.00000000	          0.00000000	          0.00009313	          0.00074594	         -0.00023121	          0.14132837	          0.01092892	         -0.68414346	          0.00000000	          0.00000000	          0.00000000	         -0.00000018	          0.00000015	         -0.00000001	          0.18348943	          0.01813156	         -1.09627954	          0.00000000	          0.00000000	          0.00000000	         -0.00000000	         -0.00000000	         -0.00000000	          0.34898690	          0.03689294	         -1.04711427	          0.00000000	          0.00000000	          0.00000000	         -0.00000000	         -0.00000000	         -0.00000000	          0.34025604	          0.03939979	         -1.14386859	          0.00000000	          0.00000000	          0.00000000	         -0.00000000	          0.00000000	         -0.00000000	          0.26074903	          0.02873961	         -1.12313634	          0.00000000	          0.00000000	          0.00000000	         -0.00000000	         -0.00000000	         -0.00000000	          0.43689594	          0.04691197	         -1.05000456	          0.00000000	          0.00000000	          0.00000000	         -0.00000000	         -0.00000000	         -0.00000000	          0.42859498	          0.04957189	         -1.14700925	          0.00000000	          0.00000000	          0.00000000	
          5.28000000	         40.45273253	        562.70875010	        -13.10938962	         -0.10361802	         -0.01798437	         -0.76518760	          0.00000000	          0.00000000	          0.00000000	         -0.60922751	         81.23122832	        -22.11572021	          0.06873764	         -0.00379546	         -0.79169830	          0.00000000	          0.00000000	          0.00000000	          0.64779537	          5.65417430	         -1.36095028	          0.04676868	          0.00099831	         -0.69742101	          0.00000000	          0.00000000	          0.00000000	         20.53628448	        211.31305850	        -27.42280628	         -0.02996805	         -0.00842878	         -0.72843300	          0.00000000	          0.00000000	          0.00000000	         -0.00046882	          0.49926450	         -0.19537304	          0.15622162	          0.00455530	         -0.77709684	          0.00000000	          0.00000000	          0.00000000	          0.00039093	          0.00327259	         -0.00118246	          0.13461433	          0.00960957	         -0.68255554	          0.00000000	          0.00000000	          0.00000000	         -0.00000005	          0.00000004	         -0.00000000	          0.19282576	          0.01915969	         -1.09530147	          0.00000000	          0.00000000	          0.00000000	         -0.00000000	         -0.00000000	         -0.00000000	          0.35809038	          0.03869159	         -1.04655501	          0.00000000	          0.00000000	          0.00000000	         -0.00000000	         -0.00000000	         -0.00000000	          0.34914798	          0.04100244	         -1.14330953	          0.00000000	          0.00000000	          0.00000000	         -0.00000000	          0.00000000	         -0.00000000	          0.26985826	          0.03004526	         -1.12236557	          0.00000000	          0.00000000	          0.00000000	         -0.00000000	         -0.00000000	         -0.00000000	          0.44582419	          0.04906979	         -1.04966776	          0.00000000	          0.00000000	          0.00000000	         -0.00000000	         -0.00000000	         -0.00000000	          0.43730971	          0.05153310	         -1.14667471	          0.00000000	          0.00000000	          0.00000000	
          5.30000000	         30.35562577	        517.69344799	        -10.92082322	         -0.11035231	         -0.01778853	         -0.76511121	          0.00000000	          0.00000000	          0.00000000	         -3.01766735	        122.38503345	        -28.27699258	          0.06257250	         -0.00493610	         -0.79062321	          0.00000000	          0.00000000	          0.00000000	          0.67298759	          8.98054485	         -1.78553901	          0.04018453	          0.00010292	         -0.69649577	          0.00000000	          0.00000000	          0.00000000	         15.25439380	        217.57335475	        -23.48066115	         -0.03664241	         -0.00876442	         -0.72794178	          0.00000000	          0.00000000	          0.00000000	         -0.07899144	          2.46325169	         -0.82219388	          0.15021141	          0.00273483	         -0.77551811	          0.00000000	          0.00000000	          0.00000000	          0.00117855	          0.01771405	         -0.00535423	          0.12819906	          0.00801035	         -0.68111870	          0.00000000	          0.00000000	          0.00000000	         -0.00000001	          0.00000001	         -0.00000000	          0.20192347	          0.02031927	         -1.09435921	          0.00000000	          0.00000000	          0.00000000	         -0.00000000	         -0.00000000	         -0.00000000	          0.36703611	          0.04059022	         -1.04630961	          0.00000000	          0.00000000	          0.00000000	         -0.00000000	         -0.00000000	         -0.00000000	          0.35775813	          0.04264677	         -1.14305549	          0.00000000	          0.00000000	          0.00000000	         -0.00000000	          0.00000000	         -0.00000000	          0.27870327	          0.03143596	         -1.12176350	          0.00000000	          0.00000000	          0.00000000	         -0.00000000	         -0.00000000	         -0.00000000	          0.45459931	          0.05129273	         -1.04979177	          0.00000000	          0.00000000	          0.00000000	         -0.00000000	         -0.00000000	         -0.00000000	          0.44574708	          0.05350102	         -1.14679305	          0.00000000	          0.00000000	          0.00000000	
          5.32000000	         14.14561405	        461.23704985	        -11.53598092	         -0.11693728	         -0.01737068	         -0.76509883	          0.00000000	          0.00000000	          0.00000000	         -7.70490022	        172.77490442	        -29.72945802	          0.05656942	         -0.00624021	         -0.78988724	          0.00000000	          0.00000000	          0.00000000	          0.31203936	         14.53861013	         -2.02248676	          0.03391109	         -0.00070353	         -0.69593649	          0.00000000	          0.00000000	          0.00000000	          5.94655635	        209.56336038	        -16.83473701	         -0.04308251	         -0.00893523	         -0.72766488	          0.00000000	          0.00000000	          0.00000000	         -0.60658971	          8.69041897	         -2.17401035	          0.14440869	          0.00065254	         -0.77443058	          0.00000000	          0.00000000	          0.00000000	         -0.00033105	          0.08242274	         -0.01781684	          0.12213093	          0.00643123	         -0.68021146	          0.00000000	          0.00000000	          0.00000000	         -0.00000000	          0.00000000	         -0.00000000	          0.21090204	          0.02164132	         -1.09371441	          0.00000000	          0.00000000	          0.00000000	         -0.00000000	         -0.00000000	         -0.00000000	          0.37580242	          0.04261597	         -1.04614642	          0.00000000	          0.00000000	          0.00000000	         -0.00000000	         -0.00000000	         -0.00000000	          0.36634901	          0.04437324	         -1.14289891	          0.00000000	          0.00000000	          0.00000000	         -0.00000000	         -0.00000000	         -0.00000000	          0.28748402	          0.03294785	         -1.12136047	          0.00000000	          0.00000000	          0.00000000	         -0.00000000	         -0.00000000	         -0.00000000	          0.46320993	          0.05361011	         -1.04988285	          0.00000000	          0.00000000	          0.00000000	         -0.00000000	         -0.00000000	         -0.00000000	          0.45418052	          0.05551850	         -1.14689325	          0.00000000	          0.00000000	          0.00000000	
          5.34000000	         -3.65961162	        404.60636389	         -0.19609080	         -0.12334856	         -0.01673383	         -0.76522694	          0.00000000	          0.00000000	          0.00000000	        -15.99766811	        214.74836445	        -31.39749613	          0.05067537	         -0.00748838	         -0.78948291	          0.00000000	          0.00000000	          0.00000000	         -0.11884026	         17.64453133	         -1.78402468	          0.02783483	         -0.00116129	         -0.69577621	          0.00000000	          0.00000000	          0.00000000	         -1.02581117	        183.76229797	         -8.95354485	         -0.04933428	         -0.00881287	         -0.72765867	          0.00000000	          0.00000000	          0.00000000	         -3.45967627	         27.44690464	         -6.62791612	          0.13871196	         -0.00128488	         -0.77379626	          0.00000000	          0.00000000	          0.00000000	         -0.01119312	          0.19026189	         -0.03634704	          0.11623705	          0.00536629	         -0.67985456	          0.00000000	          0.00000000	          0.00000000	         -0.00000000	          0.00000000	          0.00000000	          0.21945039	          0.02310366	         -1.09367202	          0.00000000	          0.00000000	          0.00000000	         -0.00000000	         -0.00000000	         -0.00000000	          0.38398931	          0.04469503	         -1.04595633	          0.00000000	          0.00000000	          0.00000000	         -0.00000000	         -0.00000000	         -0.00000000	          0.37474167	          0.04615780	         -1.14274831	          0.00000000	          0.00000000	          0.00000000	         -0.00000000	         -0.00000000	         -0.00000000	          0.29596240	          0.03455952	         -1.12126590	          0.00000000	          0.00000000	          0.00000000	         -0.00000000	         -0.00000000	         -0.00000000	          0.47127460	          0.05593505	         -1.04961246	          0.00000000	          0.00000000	          0.00000000	         -0.00000000	         -0.00000000	         -0.00000000	          0.46245040	          0.05754837	         -1.14666315	          0.00000000	          0.00000000	          0.00000000	
          5.36000000	        -11.05290892	        364.51092685	         -4.12435700	         -0.12965760	         -0.01595215	         -0.76546791	          0.00000000	          0.00000000	          0.00000000	        -16.03883952	        224.98957842	        -22.53922245	          0.04474392	         -0.00839007	         -0.78934177	          0.00000000	          0.00000000	          0.00000000	         -0.42891949	         13.96996858	         -0.75745122	          0.02177826	         -0.00108166	         -0.69595178	          0.00000000	          0.00000000	          0.00000000	         -4.40318785	        151.20181465	         -4.68243355	         -0.05552269	         -0.00834492	         -0.72787812	          0.00000000	          0.00000000	          0.00000000	         -7.10297066	         47.81926702	         -8.57864930	          0.13294198	         -0.00258141	         -0.77354299	          0.00000000	          0.00000000	          0.00000000	         -0.01756898	          0.15690479	         -0.01927768	          0.11030312	          0.00524277	         -0.68000301	          0.00000000	          0.00000000	          0.00000000	         -0.00000000	          0.00000000	          0.00000000	          0.22697481	          0.02459506	         -1.09436746	          0.00000000	          0.00000000	          0.00000000	         -0.00000000	         -0.00000000	         -0.00000000	          0.39097073	          0.04667655	         -1.04568931	          0.00000000	          0.00000000	          0.00000000	         -0.00000000	         -0.00000000	         -0.00000000	          0.38239345	          0.04790133	         -1.14255620	          0.00000000	          0.00000000	          0.00000000	         -0.00000000	         -0.00000000	          0.00000000	          0.30357277	          0.03616751	         -1.12152480	          0.00000000	          0.00000000	          0.00000000	         -0.00000000	         -0.00000000	         -0.00000000	          0.47817472	          0.05811075	         -1.04883181	          0.00000000	          0.00000000	          0.00000000	         -0.00000000	         -0.00000000	         -0.00000000	          0.47002182	          0.05948558	         -1.14595588	          0.00000000	          0.00000000	          0.00000000	
          5.38000000	        -10.27623810	        354.22929713	        -14.63134981	         -0.13602060	         -0.01518516	         -0.76565012	          0.00000000	          0.00000000	          0.00000000	         -9.03354658	        200.76857139	        -13.85528723	          0.03857655	         -0.00872864	         -0.78939207	          0.00000000	          0.00000000	          0.00000000	         -0.20453259	          7.44115479	         -0.21292133	          0.01556341	         -0.00045746	         -0.69633559	          0.00000000	          0.00000000	          0.00000000	         -3.40764534	        123.21105018	         -4.14519429	         -0.06181402	         -0.00761561	         -0.72817149	          0.00000000	          0.00000000	          0.00000000	         -4.44936928	         44.49876976	         -4.56037764	          0.12687988	         -0.00297761	         -0.77364434	          0.00000000	          0.00000000	          0.00000000	         -0.00484767	          0.05548189	         -0.00288882	          0.10414976	          0.00602493	         -0.68055152	          0.00000000	          0.00000000	          0.00000000	         -0.00000000	          0.00000000	          0.00000000	          0.23298405	          0.02593868	         -1.09577120	          0.00000000	          0.00000000	          0.00000000	         -0.00000000	         -0.00000000	         -0.00000000	          0.39625968	          0.04839965	         -1.04539581	          0.00000000	          0.00000000	          0.00000000	         -0.00000000	         -0.00000000	         -0.00000000	          0.38875529	          0.04946912	         -1.14235907	          0.00000000	          0.00000000	          0.00000000	         -0.00000000	         -0.00000000	          0.00000000	          0.30979319	          0.03761672	         -1.12213983	          0.00000000	          0.00000000	          0.00000000	         -0.00000000	         -0.00000000	         -0.00000000	          0.48340716	          0.05999331	         -1.04763201	          0.00000000	          0.00000000	          0.00000000	         -0.00000000	         -0.00000000	         -0.00000000	          0.47632920	          0.06121271	         -1.14484862	          0.00000000	          0.00000000	          0.00000000	
          5.40000000	         -3.38213402	        376.18083598	        -30.58184580	         -0.14256975	         -0.01463569	         -0.76565357	          0.00000000	          0.00000000	          0.00000000	          0.72712319	        166.63850047	          1.59516829	          0.03204305	         -0.00851797	         -0.78963804	          0.00000000	          0.00000000	          0.00000000	         -0.10795805	          3.82418529	          0.11158019	          0.00908026	          0.00052086	         -0.69685511	          0.00000000	          0.00000000	          0.00000000	         -2.12689939	        108.37571470	         -2.81441331	         -0.06832880	         -0.00682769	         -0.72843963	          0.00000000	          0.00000000	          0.00000000	         -0.45777990	         29.44806773	          1.63592614	          0.12038220	         -0.00257270	         -0.77412633	          0.00000000	          0.00000000	          0.00000000	         -0.00066505	          0.01349728	          0.00108647	          0.09767266	          0.00732053	         -0.68139075	          0.00000000	          0.00000000	          0.00000000	         -0.00000000	          0.00000000	          0.00000000	          0.23738470	          0.02694072	         -1.09783553	          0.00000000	          0.00000000	          0.00000000	         -0.00000000	         -0.00000000	          0.00000000	          0.39979413	          0.04973049	         -1.04529724	          0.00000000	          0.00000000	          0.00000000	         -0.00000000	         -0.00000000	          0.00000000	          0.39360278	          0.05072968	         -1.14235617	          0.00000000	          0.00000000	          0.00000000	         -0.00000000	         -0.00000000	          0.00000000	          0.31445987	          0.03874425	         -1.12318470	          0.00000000	          0.00000000	          0.00000000	         -0.00000000	         -0.00000000	         -0.00000000	          0.48687867	          0.06148273	         -1.04637532	          0.00000000	          0.00000000	          0.00000000	         -0.00000000	         -0.00000000	         -0.00000000	          0.48111603	          0.06263252	         -1.14368215	          0.00000000	          0.00000000	          0.00000000	
          5.42000000	          9.37508840	        416.74552673	        -37.46698513	         -0.14936512	         -0.01443848	         -0.76548450	          0.00000000	          0.00000000	          0.00000000	          7.72013911	        137.60821668	          9.13840338	          0.02510660	         -0.00794712	         -0.79009466	          0.00000000	          0.00000000	          0.00000000	          0.00145445	          2.25785066	          0.15541932	          0.00228483	          0.00158180	         -0.69747322	          0.00000000	          0.00000000	          0.00000000	          1.00043688	        102.22860281	         -1.15379544	         -0.07511937	         -0.00618638	         -0.72866554	          0.00000000	          0.00000000	          0.00000000	          1.09346982	         15.13395162	          2.42443959	          0.11341468	         -0.00164230	         -0.77497120	          0.00000000	          0.00000000	          0.00000000	          0.00006427	          0.00318579	          0.00051740	          0.09083481	          0.00874499	         -0.68242023	          0.00000000	          0.00000000	          0.00000000	         -0.00000000	          0.00000000	          0.00000000	          0.24025449	          0.02741992	         -1.10029912	          0.00000000	          0.00000000	          0.00000000	         -0.00000000	         -0.00000000	          0.00000000	          0.40173077	          0.05053559	         -1.04550251	          0.00000000	          0.00000000	          0.00000000	         -0.00000000	         -0.00000000	          0.00000000	          0.39687955	          0.05153356	         -1.14263770	          0.00000000	          0.00000000	          0.00000000	         -0.00000000	         -0.00000000	          0.00000000	          0.31757689	          0.03938404	         -1.12457135	          0.00000000	          0.00000000	          0.00000000	         -0.00000000	         -0.00000000	         -0.00000000	          0.48872476	          0.06246673	         -1.04536712	          0.00000000	          0.00000000	          0.00000000	         -0.00000000	         -0.00000000	         -0.00000000	          0.48430406	          0.06361682	         -1.14274413	          0.00000000	          0.00000000	          0.00000000	
          5.44000000	         27.41621462	        465.73926621	        -41.41639301	         -0.15639411	         -0.01459886	         -0.76521731	          0.00000000	          0.00000000	          0.00000000	         12.67759200	        121.52995763	         11.18736881	          0.01782816	         -0.00725897	         -0.79062788	          0.00000000	          0.00000000	          0.00000000	          0.05554719	          1.40744356	          0.11342328	         -0.00483105	          0.00249011	         -0.69805821	          0.00000000	          0.00000000	          0.00000000	          4.89013369	        103.93897113	         -0.56682263	         -0.08218578	         -0.00581049	         -0.72882172	          0.00000000	          0.00000000	          0.00000000	          0.96234312	          6.91737854	          1.40692009	          0.10604915	         -0.00051380	         -0.77593231	          0.00000000	          0.00000000	          0.00000000	          0.00007693	          0.00097108	          0.00018294	          0.08363675	          0.01001621	         -0.68340514	          0.00000000	          0.00000000	          0.00000000	         -0.00000000	          0.00000000	          0.00000000	          0.24172114	          0.02727857	         -1.10281231	          0.00000000	          0.00000000	          0.00000000	         -0.00000000	         -0.00000000	          0.00000000	          0.40231673	          0.05073193	         -1.04603723	          0.00000000	          0.00000000	          0.00000000	         -0.00000000	         -0.00000000	          0.00000000	          0.39861246	          0.05178428	         -1.14322063	          0.00000000	          0.00000000	          0.00000000	         -0.00000000	         -0.00000000	          0.00000000	          0.31921454	          0.03943853	         -1.12613121	          0.00000000	          0.00000000	          0.00000000	         -0.00000000	         -0.00000000	         -0.00000000	          0.48919056	          0.06286600	         -1.04483535	          0.00000000	          0.00000000	          0.00000000	         -0.00000000	         -0.00000000	         -0.00000000	          0.48591763	          0.06407260	         -1.14225496	          0.00000000	          0.00000000	          0.00000000	
          5.46000000	         45.86910946	        509.80466093	        -32.76039941	         -0.16358329	         -0.01501567	         -0.76494001	          0.00000000	          0.00000000	          0.00000000	         14.45796816	        119.02997424	          1.48531227	          0.01037604	         -0.00670718	         -0.79095194	          0.00000000	          0.00000000	          0.00000000	          0.11044506	          1.02663556	          0.00894916	         -0.01222303	          0.00308390	         -0.69838529	          0.00000000	          0.00000000	          0.00000000	         10.87468331	        110.73031676	         -3.13196166	         -0.08947324	         -0.00572589	         -0.72884354	          0.00000000	          0.00000000	          0.00000000	          0.72093040	          4.40095556	          0.30578104	          0.09847403	          0.00046090	         -0.77655379	          0.00000000	          0.00000000	          0.00000000	          0.00006746	          0.00043839	          0.00002701	          0.07613626	          0.01093173	         -0.68398173	          0.00000000	          0.00000000	          0.00000000	         -0.00000000	          0.00000000	          0.00000000	          0.24201568	          0.02654733	         -1.10518250	          0.00000000	          0.00000000	          0.00000000	         -0.00000000	         -0.00000000	          0.00000000	          0.40189289	          0.05033384	         -1.04695296	          0.00000000	          0.00000000	          0.00000000	         -0.00000000	         -0.00000000	          0.00000000	          0.39899531	          0.05148753	         -1.14415915	          0.00000000	          0.00000000	          0.00000000	         -0.00000000	         -0.00000000	          0.00000000	          0.31958039	          0.03892571	         -1.12779388	          0.00000000	          0.00000000	          0.00000000	         -0.00000000	         -0.00000000	          0.00000000	          0.48863143	          0.06268299	         -1.04496579	          0.00000000	          0.00000000	          0.00000000	         -0.00000000	         -0.00000000	          0.00000000	          0.48616493	          0.06399335	         -1.14240380	          0.00000000	          0.00000000	          0.00000000	
          5.48000000	         58.72368652	        538.15943837	        -22.69102129	         -0.17082765	         -0.01553128	         -0.76472865	          0.00000000	          0.00000000	          0.00000000	         14.70476301	        130.07611553	        -12.77299104	          0.00297700	         -0.00649343	         -0.79080170	          0.00000000	          0.00000000	          0.00000000	          0.15867153	          1.00560382	         -0.08862075	         -0.01977570	          0.00328318	         -0.69826657	          0.00000000	          0.00000000	          0.00000000	         16.53235551	        122.70808132	         -7.92190376	         -0.09687539	         -0.00588831	         -0.72867909	          0.00000000	          0.00000000	          0.00000000	          0.65520910	          4.28746456	         -0.48157551	          0.09094705	          0.00096279	         -0.77641881	          0.00000000	          0.00000000	          0.00000000	          0.00007070	          0.00035359	         -0.00003744	          0.06847392	          0.01132935	         -0.68383256	          0.00000000	          0.00000000	          0.00000000	         -0.00000000	          0.00000000	          0.00000000	          0.24147083	          0.02536021	         -1.10726785	          0.00000000	          0.00000000	          0.00000000	         -0.00000000	         -0.00000000	          0.00000000	          0.40084696	          0.04944456	         -1.04816102	          0.00000000	          0.00000000	          0.00000000	         -0.00000000	         -0.00000000	          0.00000000	          0.39839577	          0.05071946	         -1.14537344	          0.00000000	          0.00000000	          0.00000000	         -0.00000000	         -0.00000000	          0.00000000	          0.31902377	          0.03795006	         -1.12944849	          0.00000000	          0.00000000	          0.00000000	         -0.00000000	         -0.00000000	          0.00000000	          0.48745784	          0.06199551	         -1.04570052	          0.00000000	          0.00000000	          0.00000000	         -0.00000000	         -0.00000000	          0.00000000	          0.48543667	          0.06342943	         -1.14314181	          0.00000000	          0.00000000	          0.00000000	
          5.50000000	         57.46533149	        546.33545673	        -10.69032822	         -0.17801022	         -0.01599964	         -0.76458021	          0.00000000	          0.00000000	          0.00000000	         13.48743667	        152.90375508	        -20.57738140	         -0.00420453	         -0.00669773	         -0.79027208	          0.00000000	          0.00000000	          0.00000000	          0.20491067	          1.39015486	         -0.17077177	         -0.02721743	          0.00303716	         -0.69778371	          0.00000000	          0.00000000	          0.00000000	         17.90874211	        139.80633767	         -9.82285291	         -0.10419509	         -0.00624810	         -0.72836680	          0.00000000	          0.00000000	          0.00000000	          0.64103189	          5.62763948	         -1.03746217	          0.08368644	          0.00081057	         -0.77567607	          0.00000000	          0.00000000	          0.00000000	          0.00009917	          0.00056949	         -0.00009994	          0.06097182	          0.01106776	         -0.68310004	          0.00000000	          0.00000000	          0.00000000	         -0.00000000	          0.00000000	          0.00000000	          0.24041388	          0.02390493	         -1.10904645	          0.00000000	          0.00000000	          0.00000000	         -0.00000000	         -0.00000000	          0.00000000	          0.39951389	          0.04821259	         -1.04956259	          0.00000000	          0.00000000	          0.00000000	         -0.00000000	         -0.00000000	          0.00000000	          0.39721655	          0.04959280	         -1.14677301	          0.00000000	          0.00000000	          0.00000000	         -0.00000000	         -0.00000000	          0.00000000	          0.31791159	          0.03666097	         -1.13103950	          0.00000000	          0.00000000	          0.00000000	         -0.00000000	         -0.00000000	          0.00000000	          0.48602813	          0.06091959	         -1.04689964	          0.00000000	          0.00000000	          0.00000000	         -0.00000000	         -0.00000000	          0.00000000	          0.48415937	          0.06246089	         -1.14433742	          0.00000000	          0.00000000	          0.00000000	
          5.52000000	         46.73484546	        527.92704600	        -10.87820982	         -0.18504993	         -0.01630034	         -0.76443116	          0.00000000	          0.00000000	          0.00000000	         11.91484022	        180.84178198	        -18.67301474	         -0.01112788	         -0.00722508	         -0.78965558	          0.00000000	          0.00000000	          0.00000000	          0.22227707	          2.42789461	         -0.25352357	         -0.03429870	          0.00239759	         -0.69715967	          0.00000000	          0.00000000	          0.00000000	         14.28809483	        157.18285334	         -9.76298183	         -0.11126076	         -0.00672029	         -0.72798250	          0.00000000	          0.00000000	          0.00000000	          0.62547388	          9.20727561	         -1.33452332	          0.07677251	          0.00008129	         -0.77479535	          0.00000000	          0.00000000	          0.00000000	          0.00015344	          0.00164348	         -0.00024262	          0.05391472	          0.01018848	         -0.68218857	          0.00000000	          0.00000000	          0.00000000	         -0.00000000	          0.00000000	          0.00000000	          0.23882107	          0.02232232	         -1.11041149	          0.00000000	          0.00000000	          0.00000000	         -0.00000000	         -0.00000000	          0.00000000	          0.39787457	          0.04671035	         -1.05093484	          0.00000000	          0.00000000	          0.00000000	         -0.00000000	         -0.00000000	          0.00000000	          0.39553892	          0.04813795	         -1.14814161	          0.00000000	          0.00000000	          0.00000000	         -0.00000000	         -0.00000000	          0.00000000	          0.31627550	          0.03514319	         -1.13240618	          0.00000000	          0.00000000	          0.00000000	         -0.00000000	         -0.00000000	          0.00000000	          0.48435411	          0.05947727	         -1.04827697	          0.00000000	          0.00000000	          0.00000000	         -0.00000000	         -0.00000000	          0.00000000	          0.48244582	          0.06106746	         -1.14571084	          0.00000000	          0.00000000	          0.00000000	
          5.54000000	         34.03760763	        485.32958323	         -1.55497524	         -0.19194349	         -0.01633999	         -0.76428485	          0.00000000	          0.00000000	          0.00000000	          8.41354924	        201.77745469	        -18.78308557	         -0.01784157	         -0.00784801	         -0.78907716	          0.00000000	          0.00000000	          0.00000000	          0.25651152	          4.01867413	         -0.38583306	         -0.04104641	          0.00160183	         -0.69651852	          0.00000000	          0.00000000	          0.00000000	         11.14187580	        164.40145469	         -8.09163674	         -0.11808333	         -0.00713993	         -0.72758922	          0.00000000	          0.00000000	          0.00000000	          0.37587270	         17.92919486	         -2.68292665	          0.07013792	         -0.00089843	         -0.77397188	          0.00000000	          0.00000000	          0.00000000	          0.00022331	          0.00542362	         -0.00082127	          0.04724916	          0.00904784	         -0.68130308	          0.00000000	          0.00000000	          0.00000000	         -0.00000001	          0.00000002	          0.00000000	          0.23625104	          0.02064876	         -1.11104101	          0.00000000	          0.00000000	          0.00000000	         -0.00000000	         -0.00000000	          0.00000000	          0.39550486	          0.04488184	         -1.05184776	          0.00000000	          0.00000000	          0.00000000	         -0.00000000	         -0.00000000	          0.00000000	          0.39303814	          0.04625452	         -1.14905446	          0.00000000	          0.00000000	          0.00000000	         -0.00000000	         -0.00000000	          0.00000000	          0.31373524	          0.03336392	         -1.13317587	          0.00000000	          0.00000000	          0.00000000	         -0.00000000	         -0.00000000	          0.00000000	          0.48204855	          0.05754822	         -1.04934290	          0.00000000	          0.00000000	          0.00000000	         -0.00000000	         -0.00000000	          0.00000000	          0.48000891	          0.05908395	         -1.14677760	          0.00000000	          0.00000000	          0.00000000	
          5.56000000	         29.87472466	        428.95491066	          1.41186980	         -0.19875966	         -0.01607847	         -0.76419123	          0.00000000	          0.00000000	          0.00000000	          7.96436732	        211.99990159	        -22.32742005	         -0.02444340	         -0.00836810	         -0.78849418	          0.00000000	          0.00000000	          0.00000000	          0.37049611	          5.44006568	         -0.56461087	         -0.04767362	          0.00092173	         -0.69587714	          0.00000000	          0.00000000	          0.00000000	         11.12720383	        159.12177367	         -7.89757640	         -0.12480689	         -0.00734975	         -0.72722260	          0.00000000	          0.00000000	          0.00000000	         -0.16578789	         30.98474123	         -5.68132124	          0.06364039	         -0.00179517	         -0.77313198	          0.00000000	          0.00000000	          0.00000000	          0.00028617	          0.01368274	         -0.00242716	          0.04071145	          0.00807550	         -0.68044078	          0.00000000	          0.00000000	          0.00000000	         -0.00000004	          0.00000015	         -0.00000005	          0.23214945	          0.01882730	         -1.11047404	          0.00000000	          0.00000000	          0.00000000	         -0.00000000	         -0.00000000	         -0.00000000	          0.39187259	          0.04258898	         -1.05178297	          0.00000000	          0.00000000	          0.00000000	         -0.00000000	         -0.00000000	         -0.00000000	          0.38923880	          0.04377168	         -1.14899527	          0.00000000	          0.00000000	          0.00000000	         -0.00000000	          0.00000000	         -0.00000000	          0.30977747	          0.03120874	         -1.13286031	          0.00000000	          0.00000000	          0.00000000	         -0.00000000	         -0.00000000	         -0.00000000	          0.47860634	          0.05493977	         -1.04954674	          0.00000000	          0.00000000	          0.00000000	         -0.00000000	         -0.00000000	         -0.00000000	          0.47640090	          0.05628459	         -1.14698912	          0.00000000	          0.00000000	          0.00000000	
          5.58000000	         32.83401007	        375.05233755	         -5.93105976	         -0.20558730	         -0.01554646	         -0.76408482	          0.00000000	          0.00000000	          0.00000000	         12.67838798	        221.37755835	        -24.23915576	         -0.03105021	         -0.00876135	         -0.78790170	          0.00000000	          0.00000000	          0.00000000	          0.52195804	          6.64640296	         -0.71078324	         -0.05429156	          0.00042944	         -0.69524793	          0.00000000	          0.00000000	          0.00000000	         12.49692206	        149.10276301	         -9.06716299	         -0.13153116	         -0.00732789	         -0.72685629	          0.00000000	          0.00000000	          0.00000000	         -0.34245336	         44.83399756	         -8.50459283	          0.05715513	         -0.00253595	         -0.77230739	          0.00000000	          0.00000000	          0.00000000	          0.00016434	          0.02552843	         -0.00458714	          0.03418440	          0.00739676	         -0.67965305	          0.00000000	          0.00000000	          0.00000000	          0.00000028	          0.00000151	         -0.00000103	          0.22628870	          0.01679762	         -1.10850218	          0.00000000	          0.00000000	          0.00000000	         -0.00000000	          0.00000000	         -0.00000000	          0.38676233	          0.03972598	         -1.05053696	          0.00000000	          0.00000000	          0.00000000	         -0.00000000	          0.00000000	         -0.00000000	          0.38391048	          0.04058999	         -1.14775653	          0.00000000	          0.00000000	          0.00000000	          0.00000000	          0.00000000	         -0.00000000	          0.30417267	          0.02859821	         -1.13125141	          0.00000000	          0.00000000	          0.00000000	         -0.00000000	          0.00000000	         -0.00000000	          0.47381325	          0.05152325	         -1.04868660	          0.00000000	          0.00000000	          0.00000000	         -0.00000000	          0.00000000	         -0.00000000	          0.47139266	          0.05254689	         -1.14613948	          0.00000000	          0.00000000	          0.00000000	
          5.60000000	         36.66168856	        327.45200344	        -10.85596269	         -0.21246835	         -0.01481375	         -0.76391303	          0.00000000	          0.00000000	          0.00000000	         20.00235957	        240.03523372	        -26.96433651	         -0.03771677	         -0.00914601	         -0.78732210	          0.00000000	          0.00000000	          0.00000000	          0.77103933	          8.28518879	         -0.90395844	         -0.06090493	          0.00002272	         -0.69464627	          0.00000000	          0.00000000	          0.00000000	         14.41789177	        140.05562009	         -9.89057671	         -0.13827796	         -0.00715965	         -0.72647107	          0.00000000	          0.00000000	          0.00000000	         -0.48112788	         62.54044792	        -12.23645778	          0.05064036	         -0.00325788	         -0.77156102	          0.00000000	          0.00000000	          0.00000000	         -0.00039842	          0.04122970	         -0.00747485	          0.02768055	          0.00689299	         -0.67899860	          0.00000000	          0.00000000	          0.00000000	          0.00000789	          0.00001725	         -0.00001344	          0.21903062	          0.01461036	         -1.10560859	          0.00000000	          0.00000000	          0.00000000	         -0.00000000	          0.00000000	         -0.00000000	          0.38052006	          0.03633013	         -1.04861070	          0.00000000	          0.00000000	          0.00000000	         -0.00000000	          0.00000000	         -0.00000000	          0.37733699	          0.03680901	         -1.14583063	          0.00000000	          0.00000000	          0.00000000	          0.00000000	          0.00000000	         -0.00000000	          0.29724194	          0.02560929	         -1.12883658	          0.00000000	          0.00000000	          0.00000000	         -0.00000000	          0.00000000	         -0.00000000	          0.46798831	          0.04734795	         -1.04727307	          0.00000000	          0.00000000	          0.00000000	         -0.00000000	          0.00000000	         -0.00000000	          0.46524080	          0.04798246	         -1.14473052	          0.00000000	          0.00000000	          0.00000000	
          5.62000000	         37.78035501	        278.16279110	        -14.26151551	         -0.21938720	         -0.01391316	         -0.76366689	          0.00000000	          0.00000000	          0.00000000	         30.70753445	        274.03053533	        -26.96505546	         -0.04443526	         -0.00966562	         -0.78678061	          0.00000000	          0.00000000	          0.00000000	          1.13286485	         11.74248373	         -1.16630914	         -0.06745647	         -0.00045432	         -0.69408004	          0.00000000	          0.00000000	          0.00000000	         15.44801134	        133.37733961	        -10.01342338	         -0.14500937	         -0.00693918	         -0.72606572	          0.00000000	          0.00000000	          0.00000000	         -1.95026031	         90.22017336	        -16.37480091	          0.04412485	         -0.00413023	         -0.77094437	          0.00000000	          0.00000000	          0.00000000	         -0.00382960	          0.06667395	         -0.01102010	          0.02127753	          0.00641589	         -0.67853099	          0.00000000	          0.00000000	          0.00000000	          0.00010994	          0.00018955	         -0.00013177	          0.21099383	          0.01240249	         -1.10259711	          0.00000000	          0.00000000	          0.00000000	         -0.00000000	          0.00000000	         -0.00000000	          0.37373311	          0.03253593	         -1.04683781	          0.00000000	          0.00000000	          0.00000000	         -0.00000000	          0.00000000	         -0.00000000	          0.37003465	          0.03263866	         -1.14404400	          0.00000000	          0.00000000	          0.00000000	          0.00000000	          0.00000000	         -0.00000000	          0.28955087	          0.02241763	         -1.12643061	          0.00000000	          0.00000000	          0.00000000	         -0.00000000	          0.00000000	         -0.00000000	          0.46168127	          0.04257017	         -1.04615679	          0.00000000	          0.00000000	          0.00000000	         -0.00000000	          0.00000000	         -0.00000000	          0.45842371	          0.04282303	         -1.14360549	          0.00000000	          0.00000000	          0.00000000	
          5.64000000	         34.11985566	        218.91853085	        -10.54727536	         -0.22629811	         -0.01279944	         -0.76337724	          0.00000000	          0.00000000	          0.00000000	         44.56573202	        321.49229651	        -26.26226291	         -0.05118147	         -0.01039427	         -0.78630353	          0.00000000	          0.00000000	          0.00000000	          2.01683713	         19.26001116	         -1.63563528	         -0.07389227	         -0.00109268	         -0.69356246	          0.00000000	          0.00000000	          0.00000000	         16.12922424	        124.65146960	         -8.28544550	         -0.15167459	         -0.00668919	         -0.72566192	          0.00000000	          0.00000000	          0.00000000	         -6.41098441	        131.31039466	        -23.08548882	          0.03764933	         -0.00523251	         -0.77050097	          0.00000000	          0.00000000	          0.00000000	         -0.01259944	          0.10700888	         -0.01635123	          0.01504484	          0.00592537	         -0.67831551	          0.00000000	          0.00000000	          0.00000000	          0.00107054	          0.00168993	         -0.00099342	          0.20271867	          0.01032385	         -1.10001755	          0.00000000	          0.00000000	          0.00000000	          0.00000000	          0.00000000	         -0.00000000	          0.36688833	          0.02850527	         -1.04578973	          0.00000000	          0.00000000	          0.00000000	          0.00000000	          0.00000000	         -0.00000000	          0.36245448	          0.02828130	         -1.14296433	          0.00000000	          0.00000000	          0.00000000	          0.00000008	          0.00000012	         -0.00000005	          0.28159437	          0.01920043	         -1.12459202	          0.00000000	          0.00000000	          0.00000000	         -0.00000000	          0.00000000	         -0.00000000	          0.45533982	          0.03737051	         -1.04592108	          0.00000000	          0.00000000	          0.00000000	         -0.00000000	          0.00000000	         -0.00000000	          0.45135302	          0.03728933	         -1.14334385	          0.00000000	          0.00000000	          0.00000000	
          5.66000000	         25.17650986	        150.73164086	         -8.00926304	         -0.23314054	         -0.01137003	         -0.76307009	          0.00000000	          0.00000000	          0.00000000	         61.77596646	        374.23584019	        -24.08323157	         -0.05794489	         -0.01129538	         -0.78589673	          0.00000000	          0.00000000	          0.00000000	          3.44989131	         32.13064031	         -2.27576194	         -0.08019627	         -0.00185559	         -0.69310017	          0.00000000	          0.00000000	          0.00000000	         14.87045589	        109.71426547	         -6.81443786	         -0.15823491	         -0.00633967	         -0.72527611	          0.00000000	          0.00000000	          0.00000000	        -14.36444726	        183.20591906	        -29.03938170	          0.03122417	         -0.00651180	         -0.77025715	          0.00000000	          0.00000000	          0.00000000	         -0.02918461	          0.15112498	         -0.01914399	          0.00900471	          0.00551973	         -0.67841827	          0.00000000	          0.00000000	          0.00000000	          0.00627181	          0.01091802	         -0.00585951	          0.19460073	          0.00848537	         -1.09783606	          0.00000000	          0.00000000	          0.00000000	          0.00000000	          0.00000000	         -0.00000000	          0.36028186	          0.02441212	         -1.04539838	          0.00000000	          0.00000000	          0.00000000	          0.00000000	          0.00000000	         -0.00000000	          0.35492177	          0.02389786	         -1.14252188	          0.00000000	          0.00000000	          0.00000000	          0.00000222	          0.00000384	         -0.00000133	          0.27373425	          0.01609292	         -1.12326916	          0.00000000	          0.00000000	          0.00000000	         -0.00000000	          0.00000000	          0.00000000	          0.44921602	          0.03195299	         -1.04647749	          0.00000000	          0.00000000	          0.00000000	          0.00000000	          0.00000000	          0.00000000	          0.44430974	          0.03157179	         -1.14385543	          0.00000000	          0.00000000	          0.00000000	
          5.68000000	         13.61358543	         83.14312598	         -5.00077805	         -0.23984195	         -0.00951080	         -0.76273560	          0.00000000	          0.00000000	          0.00000000	         76.94817512	        415.70140655	        -24.09523369	         -0.06472941	         -0.01223372	         -0.78555074	          0.00000000	          0.00000000	          0.00000000	          5.00858197	         45.78116380	         -2.94161014	         -0.08637375	         -0.00259061	         -0.69269425	          0.00000000	          0.00000000	          0.00000000	         11.46467725	         85.38923961	         -5.32777178	         -0.16465633	         -0.00575695	         -0.72490423	          0.00000000	          0.00000000	          0.00000000	        -22.18794438	        235.34489034	        -32.64318478	          0.02482514	         -0.00782349	         -0.77023707	          0.00000000	          0.00000000	          0.00000000	         -0.04081434	          0.16110256	         -0.01506777	          0.00314956	          0.00535399	         -0.67889868	          0.00000000	          0.00000000	          0.00000000	          0.02025713	          0.04853037	         -0.02972177	          0.18697977	          0.00694758	         -1.09560308	          0.00000000	          0.00000000	          0.00000000	          0.00000001	          0.00000003	         -0.00000001	          0.35411437	          0.02046567	         -1.04510889	          0.00000000	          0.00000000	          0.00000000	          0.00000004	          0.00000008	         -0.00000002	          0.34771459	          0.01966042	         -1.14216152	          0.00000000	          0.00000000	          0.00000000	          0.00003790	          0.00008707	         -0.00003595	          0.26628241	          0.01320954	         -1.12196021	          0.00000000	          0.00000000	          0.00000000	          0.00000000	          0.00000000	          0.00000000	          0.44346120	          0.02659670	         -1.04721157	          0.00000000	          0.00000000	          0.00000000	          0.00000000	          0.00000000	          0.00000000	          0.43752198	          0.02591238	         -1.14452533	          0.00000000	          0.00000000	          0.00000000	
          5.70000000	          4.32279572	         29.81000086	         -2.17751764	         -0.24632168	         -0.00713041	         -0.76239115	          0.00000000	          0.00000000	          0.00000000	         86.41271403	        436.26244426	        -26.52342749	         -0.07153037	         -0.01304882	         -0.78524899	          0.00000000	          0.00000000	          0.00000000	          5.51354380	         52.40587202	         -3.31852074	         -0.09243951	         -0.00309294	         -0.69235608	          0.00000000	          0.00000000	          0.00000000	          6.67609479	         54.65939749	         -3.73447524	         -0.17090608	         -0.00479205	         -0.72456164	          0.00000000	          0.00000000	          0.00000000	        -25.72931987	        280.17420366	        -30.98425701	          0.01842147	         -0.00903113	         -0.77043637	          0.00000000	          0.00000000	          0.00000000	         -0.03523072	          0.11909897	         -0.00575403	         -0.00254234	          0.00554286	         -0.67978302	          0.00000000	          0.00000000	          0.00000000	          0.02520530	          0.15294452	         -0.11801188	          0.18019155	          0.00570887	         -1.09285821	          0.00000000	          0.00000000	          0.00000000	         -0.00000004	          0.00000167	         -0.00000060	          0.34859309	          0.01688711	         -1.04432265	          0.00000000	          0.00000000	          0.00000000	          0.00000127	          0.00000601	         -0.00000228	          0.34112434	          0.01577313	         -1.14128665	          0.00000000	          0.00000000	          0.00000000	          0.00025151	          0.00128580	         -0.00074296	          0.25955553	          0.01064991	         -1.12013746	          0.00000000	          0.00000000	          0.00000000	         -0.00000000	          0.00000001	         -0.00000000	          0.43824320	          0.02164019	         -1.04744933	          0.00000000	          0.00000000	          0.00000000	          0.00000001	          0.00000003	         -0.00000001	          0.43124071	          0.02063385	         -1.14468117	          0.00000000	          0.00000000	          0.00000000	
          5.72000000	          0.07248735	          0.66885953	         -0.06781112	         -0.25247373	         -0.00416286	         -0.76205113	          0.00000000	          0.00000000	          0.00000000	         89.82580052	        441.58280739	        -36.81125760	         -0.07832175	         -0.01365862	         -0.78496411	          0.00000000	          0.00000000	          0.00000000	          4.24652412	         48.02912720	         -3.69370478	         -0.09835483	         -0.00320375	         -0.69209742	          0.00000000	          0.00000000	          0.00000000	          2.36906357	         25.05284104	         -2.23100757	         -0.17691101	         -0.00333040	         -0.72426277	          0.00000000	          0.00000000	          0.00000000	        -26.72900159	        321.59898293	        -28.58326234	          0.01201334	         -0.01010566	         -0.77084480	          0.00000000	          0.00000000	          0.00000000	         -0.02029135	          0.05965433	         -0.00007113	         -0.00802488	          0.00611736	         -0.68110718	          0.00000000	          0.00000000	          0.00000000	         -0.05264394	          0.38554152	         -0.34660873	          0.17448780	          0.00468193	         -1.08930018	          0.00000000	          0.00000000	          0.00000000	         -0.00001352	          0.00004531	         -0.00002671	          0.34390437	          0.01381691	         -1.04262229	          0.00000000	          0.00000000	          0.00000000	         -0.00001819	          0.00022449	         -0.00013705	          0.33540294	          0.01239002	         -1.13948480	          0.00000000	          0.00000000	          0.00000000	         -0.00130031	          0.01211304	         -0.00962569	          0.25380769	          0.00844657	         -1.11744481	          0.00000000	          0.00000000	          0.00000000	         -0.00000033	          0.00000108	         -0.00000042	          0.43373851	          0.01735379	         -1.04671295	          0.00000000	          0.00000000	          0.00000000	         -0.00000044	          0.00000493	         -0.00000202	          0.42570723	          0.01602212	         -1.14384955	          0.00000000	          0.00000000	          0.00000000	
          5.74000000	         -0.00014959	         -0.00280916	          0.00006955	         -0.25814950	         -0.00053065	         -0.76203346	          0.00000000	          0.00000000	          0.00000000	         85.90015676	        439.12067068	        -41.48951500	         -0.08504162	         -0.01406880	         -0.78472989	          0.00000000	          0.00000000	          0.00000000	          2.92171372	         32.44011456	         -1.90321595	         -0.10409905	         -0.00278196	         -0.69204760	          0.00000000	          0.00000000	          0.00000000	          0.32957021	          4.85738159	         -0.19579364	         -0.18258725	         -0.00125802	         -0.72423551	          0.00000000	          0.00000000	          0.00000000	        -28.61173520	        366.02330732	        -30.79321869	          0.00563514	         -0.01110485	         -0.77144041	          0.00000000	          0.00000000	          0.00000000	         -0.00665248	          0.01812711	          0.00108418	         -0.01326461	          0.00711944	         -0.68300165	          0.00000000	          0.00000000	          0.00000000	         -0.29963742	          0.88712275	         -0.77547697	          0.16991105	          0.00373174	         -1.08485459	          0.00000000	          0.00000000	          0.00000000	         -0.00034421	          0.00066115	         -0.00049284	          0.34009694	          0.01126298	         -1.03986042	          0.00000000	          0.00000000	          0.00000000	         -0.00154535	          0.00423263	         -0.00348430	          0.33064394	          0.00955203	         -1.13661628	          0.00000000	          0.00000000	          0.00000000	         -0.02662112	          0.07752793	         -0.06607037	          0.24910820	          0.00655269	         -1.11377581	          0.00000000	          0.00000000	          0.00000000	         -0.00002640	          0.00004692	         -0.00002944	          0.43001718	          0.01383444	         -1.04482001	          0.00000000	          0.00000000	          0.00000000	         -0.00010467	          0.00028562	         -0.00018499	          0.42103628	          0.01220905	         -1.14185552	          0.00000000	          0.00000000	          0.00000000	
          5.76000000	          0.00000000	         -0.00000006	         -0.00000001	         -0.26313905	          0.00389732	         -0.76309432	          0.00000000	          0.00000000	          0.00000000	         76.08266819	        427.34949261	        -32.73957934	         -0.09160680	         -0.01429946	         -0.78469955	          0.00000000	          0.00000000	          0.00000000	          1.37739053	         12.17163383	          0.17995246	         -0.10968756	         -0.00164682	         -0.69252855	          0.00000000	          0.00000000	          0.00000000	          0.00102080	          0.02509535	          0.00279746	         -0.18783969	          0.00158762	         -0.72502698	          0.00000000	          0.00000000	          0.00000000	        -32.03014742	        417.25517363	        -35.18660436	         -0.00066803	         -0.01209888	         -0.77223330	          0.00000000	          0.00000000	          0.00000000	         -0.00105807	          0.00274976	          0.00043497	         -0.01825713	          0.00864955	         -0.68577089	          0.00000000	          0.00000000	          0.00000000	         -0.81015222	          1.98356009	         -1.72669216	          0.16615316	          0.00274774	         -1.07958651	          0.00000000	          0.00000000	          0.00000000	         -0.00321515	          0.00594131	         -0.00454487	          0.33691569	          0.00912387	         -1.03608791	          0.00000000	          0.00000000	          0.00000000	         -0.01925479	          0.04481320	         -0.03689832	          0.32660860	          0.00718296	         -1.13273913	          0.00000000	          0.00000000	          0.00000000	         -0.15355083	          0.37135269	         -0.31558036	          0.24518380	          0.00487556	         -1.10919229	          0.00000000	          0.00000000	          0.00000000	         -0.00054312	          0.00091818	         -0.00064994	          0.42685879	          0.01099345	         -1.04181763	          0.00000000	          0.00000000	          0.00000000	         -0.00322578	          0.00676259	         -0.00526276	          0.41702426	          0.00913179	         -1.13875335	          0.00000000	          0.00000000	          0.00000000	
          5.78000000	          0.00000000	         -0.00000000	         -0.00000000	         -0.26715022	          0.00928344	         -0.76597927	          0.00000000	          0.00000000	          0.00000000	         61.77802718	        391.54878437	        -16.41961778	         -0.09795272	         -0.01429962	         -0.78500962	          0.00000000	          0.00000000	          0.00000000	          0.19531031	          1.44728627	          0.18220783	         -0.11505765	          0.00038342	         -0.69386239	          0.00000000	          0.00000000	          0.00000000	          0.00000001	         -0.00000233	         -0.00000077	         -0.19248976	          0.00538297	         -0.72717958	          0.00000000	          0.00000000	          0.00000000	        -31.45802250	        471.46075911	        -39.10488835	         -0.00687192	         -0.01311528	         -0.77323015	          0.00000000	          0.00000000	          0.00000000	         -0.00007688	          0.00018763	          0.00005432	         -0.02289929	          0.01075592	         -0.68973822	          0.00000000	          0.00000000	          0.00000000	         -1.57461368	          4.19810327	         -3.78082661	          0.16257828	          0.00166731	         -1.07358625	          0.00000000	          0.00000000	          0.00000000	         -0.01856727	          0.03877464	         -0.03187891	          0.33378658	          0.00725310	         -1.03142576	          0.00000000	          0.00000000	          0.00000000	         -0.11943948	          0.31388551	         -0.27163762	          0.32271424	          0.00513001	         -1.12797698	          0.00000000	          0.00000000	          0.00000000	         -0.53626479	          1.43460961	         -1.26924960	          0.24142466	          0.00330775	         -1.10380115	          0.00000000	          0.00000000	          0.00000000	         -0.00526342	          0.01021654	         -0.00799826	          0.42371834	          0.00863651	         -1.03784436	          0.00000000	          0.00000000	          0.00000000	         -0.03428303	          0.08320401	         -0.06938663	          0.41311804	          0.00658954	         -1.13468437	          0.00000000	          0.00000000	          0.00000000	
          5.80000000	          0.00000000	         -0.00000000	         -0.00000000	         -0.26980816	          0.01575051	         -0.77092954	          0.00000000	          0.00000000	          0.00000000	         41.84438570	        313.59779131	         -0.45245810	         -0.10403404	         -0.01389665	         -0.78568482	          0.00000000	          0.00000000	          0.00000000	         -0.00077958	         -0.00714518	         -0.00171220	         -0.11997625	          0.00339097	         -0.69616856	          0.00000000	          0.00000000	          0.00000000	          0.00000000	         -0.00000000	         -0.00000000	         -0.19622633	          0.01022765	         -0.73087755	          0.00000000	          0.00000000	          0.00000000	        -21.04269832	        519.27325418	        -36.18444817	         -0.01297621	         -0.01411498	         -0.77437194	          0.00000000	          0.00000000	          0.00000000	         -0.00000414	          0.00000904	          0.00000377	         -0.02691204	          0.01327460	         -0.69492289	          0.00000000	          0.00000000	          0.00000000	         -2.30116705	          8.02759128	         -7.43432106	          0.15850267	          0.00046320	         -1.06724280	          0.00000000	          0.00000000	          0.00000000	         -0.07540550	          0.20266756	         -0.17620992	          0.33006562	          0.00553744	         -1.02628241	          0.00000000	          0.00000000	          0.00000000	         -0.43343624	          1.57291141	         -1.41731601	          0.31831118	          0.00325913	         -1.12273879	          0.00000000	          0.00000000	          0.00000000	         -1.19814251	          4.30806052	         -3.93998558	          0.23716370	          0.00176845	         -1.09800126	          0.00000000	          0.00000000	          0.00000000	         -0.03048784	          0.07599804	         -0.06393347	          0.41997060	          0.00660100	         -1.03331981	          0.00000000	          0.00000000	          0.00000000	         -0.18494222	          0.62155278	         -0.54628404	          0.40868670	          0.00440218	         -1.13006923	          0.00000000	          0.00000000	          0.00000000	
          5.82000000	          0.00000000	         -0.00000000	         -0.00000000	         -0.27069286	          0.02330248	         -0.77730685	          0.00000000	          0.00000000	          0.00000000	         17.83217504	        201.62704843	         11.29468961	         -0.10976801	         -0.01285777	         -0.78666261	          0.00000000	          0.00000000	          0.00000000	          0.00000001	         -0.00000281	         -0.00000089	         -0.12403203	          0.00719157	         -0.69919034	          0.00000000	          0.00000000	          0.00000000	          0.00000000	         -0.00000000	         -0.00000000	         -0.19862242	          0.01601823	         -0.73566473	          0.00000000	          0.00000000	          0.00000000	         -5.89379904	        556.45854357	        -16.72267501	         -0.01896464	         -0.01503344	         -0.77553941	          0.00000000	          0.00000000	          0.00000000	         -0.00000051	          0.00000096	          0.00000045	         -0.02989368	          0.01573003	         -0.70069220	          0.00000000	          0.00000000	          0.00000000	         -3.89851078	         19.79270068	        -18.02439531	          0.15352257	         -0.00089682	         -1.06153476	          0.00000000	          0.00000000	          0.00000000	         -0.23819914	          0.86825634	         -0.75407532	          0.32535856	          0.00391886	         -1.02160704	          0.00000000	          0.00000000	          0.00000000	         -0.88066283	          5.16763970	         -4.61607265	          0.31302432	          0.00150944	         -1.11797825	          0.00000000	          0.00000000	          0.00000000	         -1.77464313	          9.78284285	         -8.82979883	          0.23201198	          0.00021116	         -1.09275907	          0.00000000	          0.00000000	          0.00000000	         -0.12106028	          0.38931919	         -0.32328135	          0.41523686	          0.00483270	         -1.02918464	          0.00000000	          0.00000000	          0.00000000	         -0.51887878	          2.69321033	         -2.27754553	          0.40336925	          0.00252965	         -1.12585449	          0.00000000	          0.00000000	          0.00000000	
          5.84000000	          0.00000000	         -0.00000000	         -0.00000000	         -0.26948363	          0.03177032	         -0.78368827	          0.00000000	          0.00000000	          0.00000000	         -1.36874718	         86.45450489	         15.15301614	         -0.11495346	         -0.01100051	         -0.78788851	          0.00000000	          0.00000000	          0.00000000	          0.00000001	         -0.00000005	         -0.00000002	         -0.12687305	          0.01128162	         -0.70224558	          0.00000000	          0.00000000	          0.00000000	          0.00000000	         -0.00000000	         -0.00000000	         -0.19933674	          0.02239666	         -0.74046319	          0.00000000	          0.00000000	          0.00000000	         -2.69189024	        572.97265614	         19.33526743	         -0.02475737	         -0.01580371	         -0.77655898	          0.00000000	          0.00000000	          0.00000000	         -0.00000016	          0.00000028	          0.00000011	         -0.03164086	          0.01745672	         -0.70560330	          0.00000000	          0.00000000	          0.00000000	         -3.56793849	         54.91111770	        -28.55290757	          0.14756884	         -0.00248124	         -1.05786275	          0.00000000	          0.00000000	          0.00000000	         -0.28433514	          2.94899320	         -1.09745378	          0.31958623	          0.00235601	         -1.01873458	          0.00000000	          0.00000000	          0.00000000	         -0.18459474	         12.11037277	         -4.64538536	          0.30681299	         -0.00014003	         -1.11503976	          0.00000000	          0.00000000	          0.00000000	         -1.10601631	         29.42153312	        -13.32486708	          0.22591577	         -0.00140841	         -1.08944771	          0.00000000	          0.00000000	          0.00000000	         -0.16993177	          1.35918280	         -0.36595958	          0.40944996	          0.00333092	         -1.02674846	          0.00000000	          0.00000000	          0.00000000	         -0.24538594	          6.22933647	         -1.74298631	          0.39713494	          0.00100968	         -1.12336059	          0.00000000	          0.00000000	          0.00000000	
          5.86000000	          0.00000000	         -0.00000000	         -0.00000000	         -0.26611481	          0.04085063	         -0.78868205	          0.00000000	          0.00000000	          0.00000000	          0.22108018	         -0.79324907	         -0.31406841	         -0.11913667	         -0.00816840	         -0.78942816	          0.00000000	          0.00000000	          0.00000000	          0.00000000	         -0.00000001	         -0.00000000	         -0.12845868	          0.01519165	         -0.70461604	          0.00000000	          0.00000000	          0.00000000	          0.00000000	         -0.00000000	         -0.00000000	         -0.19833015	          0.02895593	         -0.74418756	          0.00000000	          0.00000000	          0.00000000	        -47.30118098	        532.06738539	         45.06059614	         -0.03008727	         -0.01626148	         -0.77718479	          0.00000000	          0.00000000	          0.00000000	         -0.00000012	          0.00000026	          0.00000002	         -0.03242949	          0.01798084	         -0.70781991	          0.00000000	          0.00000000	          0.00000000	          4.65248330	        119.14298018	        -12.90882208	          0.14086226	         -0.00434001	         -1.05655022	          0.00000000	          0.00000000	          0.00000000	          0.27410859	          6.80613924	         -0.53931287	          0.31292909	          0.00086889	         -1.01783241	          0.00000000	          0.00000000	          0.00000000	          1.88645593	         37.70789687	         -3.16518450	          0.29996160	         -0.00179247	         -1.11409391	          0.00000000	          0.00000000	          0.00000000	          3.43665205	         76.68519105	         -7.39496657	          0.21913090	         -0.00317077	         -1.08831509	          0.00000000	          0.00000000	          0.00000000	         -0.04664607	          3.07042513	         -0.06948286	          0.40280165	          0.00213123	         -1.02609486	          0.00000000	          0.00000000	          0.00000000	          0.03058994	         11.66211487	         -0.30595056	          0.39027590	         -0.00023228	         -1.12267579	          0.00000000	          0.00000000	          0.00000000	
          5.88000000	          0.00000000	         -0.00000000	         -0.00000000	         -0.26097881	          0.05023249	         -0.79185889	          0.00000000	          0.00000000	          0.00000000	          0.00003414	         -0.00005534	         -0.00003713	         -0.12177428	         -0.00416554	         -0.79153171	          0.00000000	          0.00000000	          0.00000000	          0.00000000	         -0.00000000	         -0.00000000	         -0.12912857	          0.01889562	         -0.70620054	          0.00000000	          0.00000000	          0.00000000	          0.00000000	         -0.00000000	         -0.00000000	         -0.19599918	          0.03551849	         -0.74655883	          0.00000000	          0.00000000	          0.00000000	        -81.78265701	        408.66884550	         66.30296128	         -0.03466167	         -0.01610091	         -0.77730563	          0.00000000	          0.00000000	          0.00000000	         -0.00000009	          0.00000073	         -0.00000016	         -0.03314945	          0.01728943	         -0.70627627	          0.00000000	          0.00000000	          0.00000000	          6.54239496	        209.32967451	        -11.46632367	          0.13385639	         -0.00640366	         -1.05638038	          0.00000000	          0.00000000	          0.00000000	          0.82225391	         13.49287406	         -1.63280339	          0.30581585	         -0.00043688	         -1.01762311	          0.00000000	          0.00000000	          0.00000000	          0.88443491	         84.68920613	        -10.31892637	          0.29295755	         -0.00349983	         -1.11385150	          0.00000000	          0.00000000	          0.00000000	          2.80462727	        145.85201620	        -12.83295836	          0.21212967	         -0.00507189	         -1.08810821	          0.00000000	          0.00000000	          0.00000000	         -0.16107613	          4.33140396	         -0.36513190	          0.39572722	          0.00135045	         -1.02591933	          0.00000000	          0.00000000	          0.00000000	         -1.50143542	         21.13631579	         -1.75467656	          0.38327556	         -0.00120223	         -1.12249059	          0.00000000	          0.00000000	          0.00000000	
          5.90000000	          0.00000000	         -0.00000000	         -0.00000000	         -0.25470560	          0.05965175	         -0.79340284	          0.00000000	          0.00000000	          0.00000000	          0.00000000	         -0.00000000	         -0.00000000	         -0.12235739	          0.00113263	         -0.79417184	          0.00000000	          0.00000000	          0.00000000	          0.00000000	         -0.00000000	         -0.00000000	         -0.12899958	          0.02278319	         -0.70731760	          0.00000000	          0.00000000	          0.00000000	          0.00000000	         -0.00000000	         -0.00000000	         -0.19274137	          0.04215271	         -0.74783944	          0.00000000	          0.00000000	          0.00000000	        -82.91460919	        224.72082592	         58.20458053	         -0.03824714	         -0.01499560	         -0.77711141	          0.00000000	          0.00000000	          0.00000000	          0.00000116	          0.00000410	         -0.00000158	         -0.03478592	          0.01582257	         -0.70163890	          0.00000000	          0.00000000	          0.00000000	         -6.52654851	        294.39651026	         -5.00302480	          0.12693273	         -0.00840211	         -1.05648531	          0.00000000	          0.00000000	          0.00000000	          0.25218459	         23.19177751	         -1.55973527	          0.29868934	         -0.00137465	         -1.01754023	          0.00000000	          0.00000000	          0.00000000	         -4.67069297	        127.15374231	         -9.13636333	          0.28608123	         -0.00502065	         -1.11372040	          0.00000000	          0.00000000	          0.00000000	         -6.48867296	        209.28326317	         -9.26965134	          0.20523800	         -0.00685400	         -1.08809472	          0.00000000	          0.00000000	          0.00000000	         -0.34553358	          4.14160877	         -0.08449153	          0.38863371	          0.00111615	         -1.02580946	          0.00000000	          0.00000000	          0.00000000	         -2.89920479	         26.46346057	         -0.57865017	          0.37637183	         -0.00174608	         -1.12237028	          0.00000000	          0.00000000	          0.00000000	
          5.92000000	          0.00000000	         -0.00000000	         -0.00000000	         -0.24756521	          0.06860027	         -0.79386429	          0.00000000	          0.00000000	          0.00000000	          0.00000000	         -0.00000000	         -0.00000000	         -0.12028600	          0.00735734	         -0.79730114	          0.00000000	          0.00000000	          0.00000000	          0.00000000	         -0.00000000	         -0.00000000	         -0.12744453	          0.02694161	         -0.70854673	          0.00000000	          0.00000000	          0.00000000	          0.00000000	         -0.00000000	         -0.00000000	         -0.18838194	          0.04866063	         -0.74861564	          0.00000000	          0.00000000	          0.00000000	        -57.26213910	         81.53664421	         48.53243377	         -0.04018682	         -0.01287773	         -0.77761799	          0.00000000	          0.00000000	          0.00000000	          0.00000556	          0.00002341	          0.00000106	         -0.03722435	          0.01421171	         -0.69660573	          0.00000000	          0.00000000	          0.00000000	        -21.62610287	        349.33903673	          3.33021792	          0.12020141	         -0.01004812	         -1.05673845	          0.00000000	          0.00000000	          0.00000000	         -1.00571340	         26.96499292	          0.46410273	          0.29174397	         -0.00182191	         -1.01778901	          0.00000000	          0.00000000	          0.00000000	         -8.45355813	        149.77828354	          1.01737693	          0.27932886	         -0.00610710	         -1.11388884	          0.00000000	          0.00000000	          0.00000000	        -14.80777038	        247.38450035	          1.93465448	          0.19850287	         -0.00824506	         -1.08830320	          0.00000000	          0.00000000	          0.00000000	         -0.30147364	          3.12965512	          0.22733654	          0.38167335	          0.00138923	         -1.02611641	          0.00000000	          0.00000000	          0.00000000	         -2.50704942	         25.98947620	          1.71054951	          0.36953290	         -0.00187712	         -1.12264127	          0.00000000	          0.00000000	          0.00000000	
          5.94000000	          0.00000000	         -0.00000000	         -0.00000000	         -0.23927493	          0.07616567	         -0.79303842	          0.00000000	          0.00000000	          0.00000000	          0.00000000	         -0.00000000	         -0.00000000	         -0.11469339	          0.01360428	         -0.79922871	          0.00000000	          0.00000000	          0.00000000	          0.00000000	         -0.00000000	         -0.00000000	         -0.12305603	          0.03123946	         -0.70895783	          0.00000000	          0.00000000	          0.00000000	          0.00000000	         -0.00000000	         -0.00000000	         -0.18206325	          0.05454272	         -0.74834982	          0.00000000	          0.00000000	          0.00000000	          1.93581727	         -1.89249578	         -0.17340710	         -0.03856057	         -0.00980686	         -0.77798084	          0.00000000	          0.00000000	          0.00000000	         -0.00002268	          0.00002521	         -0.00000453	         -0.03783749	          0.01367409	         -0.69253394	          0.00000000	          0.00000000	          0.00000000	        -42.20857580	        370.99832126	         12.89701861	          0.11369420	         -0.01123665	         -1.05707724	          0.00000000	          0.00000000	          0.00000000	         -2.57105597	         24.59125721	          2.82819148	          0.28506408	         -0.00184571	         -1.01842240	          0.00000000	          0.00000000	          0.00000000	        -12.99229349	        154.95704954	         15.35143070	          0.27269658	         -0.00674113	         -1.11441171	          0.00000000	          0.00000000	          0.00000000	        -25.58211895	        260.36229456	         17.19222539	          0.19193541	         -0.00918015	         -1.08872928	          0.00000000	          0.00000000	          0.00000000	         -0.25607091	          2.06667824	          0.37370869	          0.37492968	          0.00197324	         -1.02693476	          0.00000000	          0.00000000	          0.00000000	         -2.11053514	         23.08510017	          3.88368956	          0.36277569	         -0.00176152	         -1.12338994	          0.00000000	          0.00000000	          0.00000000	
          5.96000000	          0.00000000	         -0.00000000	          0.00000000	         -0.22892342	          0.08121932	         -0.79071120	          0.00000000	          0.00000000	          0.00000000	          0.00000000	         -0.00000000	          0.00000000	         -0.10429170	          0.01871666	         -0.79814082	          0.00000000	          0.00000000	          0.00000000	          0.00000000	         -0.00000000	          0.00000000	         -0.11397731	          0.03523873	         -0.70716259	          0.00000000	          0.00000000	          0.00000000	          0.00000000	         -0.00000000	          0.00000000	         -0.17238673	          0.05903661	         -0.74626157	          0.00000000	          0.00000000	          0.00000000	         -2.19751052	          1.80782102	         -0.31684782	         -0.03082045	         -0.00639585	         -0.77593456	          0.00000000	          0.00000000	          0.00000000	         -0.00000594	          0.00000535	         -0.00000143	         -0.03286718	          0.01466232	         -0.68801903	          0.00000000	          0.00000000	          0.00000000	        -31.63334082	        367.09384881	          9.33165830	          0.10729163	         -0.01197793	         -1.05743381	          0.00000000	          0.00000000	          0.00000000	         -1.66282338	         19.98137484	          2.35592546	          0.27854462	         -0.00160115	         -1.01927236	          0.00000000	          0.00000000	          0.00000000	         -8.83380393	        158.78656242	         15.73545748	          0.26611672	         -0.00708170	         -1.11512728	          0.00000000	          0.00000000	          0.00000000	        -18.44495148	        263.05217868	         16.10607771	          0.18544306	         -0.00974322	         -1.08925886	          0.00000000	          0.00000000	          0.00000000	         -0.11462496	          1.29913048	          0.22992778	          0.36833004	          0.00265282	         -1.02804617	          0.00000000	          0.00000000	          0.00000000	         -1.14126592	         21.34924893	          3.45158962	          0.35607351	         -0.00160002	         -1.12440252	          0.00000000	          0.00000000	          0.00000000	
          5.98000000	         -0.00000000	         -0.00000000	         -0.00000000	         -0.21552989	          0.08293400	         -0.78750052	          0.00000000	          0.00000000	          0.00000000	         -0.00000000	          0.00000000	         -0.00000000	         -0.08803869	          0.02188267	         -0.79467861	          0.00000000	          0.00000000	          0.00000000	         -0.00000000	         -0.00000000	         -0.00000000	         -0.09904084	          0.03808818	         -0.70362235	          0.00000000	          0.00000000	          0.00000000	         -0.00000000	         -0.00000000	         -0.00000000	         -0.15827493	          0.06130187	         -0.74288518	          0.00000000	          0.00000000	          0.00000000	        -24.36692258	         17.14139387	         -4.49496869	         -0.01561104	         -0.00359196	         -0.77157911	          0.00000000	          0.00000000	          0.00000000	         -0.00000151	          0.00000113	         -0.00000033	         -0.02053771	          0.01612078	         -0.68253713	          0.00000000	          0.00000000	          0.00000000	        -11.18345010	        337.73049210	         10.27157055	          0.10078040	         -0.01228657	         -1.05780427	          0.00000000	          0.00000000	          0.00000000	         -0.33949457	         14.25021006	          0.96144917	          0.27194398	         -0.00117937	         -1.02006649	          0.00000000	          0.00000000	          0.00000000	         -4.48760163	        161.83364883	          7.82999542	          0.25949658	         -0.00729655	         -1.11576469	          0.00000000	          0.00000000	          0.00000000	         -7.80628445	        255.24346049	          9.86522193	          0.17887728	         -0.01002725	         -1.08975603	          0.00000000	          0.00000000	          0.00000000	         -0.02526377	          0.77519334	          0.07318582	          0.36167417	          0.00332374	         -1.02904901	          0.00000000	          0.00000000	          0.00000000	         -0.65255989	         21.06269342	          1.67517557	          0.34937046	         -0.00152672	         -1.12528635	          0.00000000	          0.00000000	          0.00000000	
          6.00000000	         -0.00000000	         -0.00000000	         -0.00000000	         -0.19863933	          0.08114769	         -0.78429802	          0.00000000	          0.00000000	          0.00000000	         -0.00000000	          0.00000000	         -0.00000000	         -0.06584001	          0.02297921	         -0.79097983	          0.00000000	          0.00000000	          0.00000000	         -0.00000000	         -0.00000000	         -0.00000000	         -0.07832552	          0.03908799	         -0.70004631	          0.00000000	          0.00000000	          0.00000000	         -0.00000000	         -0.00000000	         -0.00000000	         -0.13954289	          0.06089065	         -0.73950207	          0.00000000	          0.00000000	          0.00000000	        -24.82714753	         15.19017194	         -2.12227841	          0.00705308	         -0.00178932	         -0.76722924	          0.00000000	          0.00000000	          0.00000000	         -0.00000100	          0.00000064	         -0.00000010	         -0.00085034	          0.01700851	         -0.67761218	          0.00000000	          0.00000000	          0.00000000	         -4.73574444	        300.32696640	          9.94332526	          0.09417952	         -0.01220174	         -1.05824320	          0.00000000	          0.00000000	          0.00000000	         -0.00177282	          8.99222046	          0.14818312	          0.26526022	         -0.00060102	         -1.02072413	          0.00000000	          0.00000000	          0.00000000	         -5.84791515	        166.13696850	         -0.81908354	          0.25291497	         -0.00746002	         -1.11623421	          0.00000000	          0.00000000	          0.00000000	         -6.49153654	        244.22487270	          3.31076304	          0.17228943	         -0.01009067	         -1.09020365	          0.00000000	          0.00000000	          0.00000000	         -0.00875527	          0.44218141	          0.00800219	          0.35497773	          0.00399127	         -1.02979883	          0.00000000	          0.00000000	          0.00000000	         -1.07808359	         22.22525068	          0.04575466	          0.34275630	         -0.00156122	         -1.12589478	          0.00000000	          0.00000000	          0.00000000	
          6.02000000	         -0.00000000	         -0.00000000	          0.00000000	         -0.17815837	          0.07621495	         -0.78263445	          0.00000000	          0.00000000	          0.00000000	         -0.00000000	          0.00000000	          0.00000000	         -0.03837163	          0.02231247	         -0.78986978	          0.00000000	          0.00000000	          0.00000000	         -0.00000000	         -0.00000000	          0.00000000	         -0.05266088	          0.03788502	         -0.69882823	          0.00000000	          0.00000000	          0.00000000	         -0.00000000	         -0.00000000	          0.00000000	         -0.11655913	          0.05778482	         -0.73805520	          0.00000000	          0.00000000	          0.00000000	        -22.36113325	         12.43319896	          1.12588645	          0.03619770	         -0.00095045	         -0.76611397	          0.00000000	          0.00000000	          0.00000000	         -0.00000236	          0.00000135	          0.00000011	          0.02524084	          0.01668574	         -0.67587583	          0.00000000	          0.00000000	          0.00000000	         -6.92269100	        273.80831147	         13.25087503	          0.08761482	         -0.01186631	         -1.05878032	          0.00000000	          0.00000000	          0.00000000	         -0.04296450	          5.87435750	          0.00076748	          0.25862415	          0.00004696	         -1.02132774	          0.00000000	          0.00000000	          0.00000000	        -10.70943482	        177.67838640	         -4.61290985	          0.24647264	         -0.00766408	         -1.11660241	          0.00000000	          0.00000000	          0.00000000	        -10.70290572	        241.01425021	          2.58226039	          0.16579191	         -0.01005131	         -1.09064914	          0.00000000	          0.00000000	          0.00000000	         -0.01146342	          0.26037713	         -0.00110738	          0.34836663	          0.00462151	         -1.03041415	          0.00000000	          0.00000000	          0.00000000	         -2.21046939	         25.56816906	         -0.59847040	          0.33631877	         -0.00172085	         -1.12633632	          0.00000000	          0.00000000	          0.00000000	
          6.04000000	         -0.00000000	         -0.00000000	          0.00000000	         -0.15449713	          0.06890637	         -0.78375647	          0.00000000	          0.00000000	          0.00000000	         -0.00000005	          0.00000003	          0.00000001	         -0.00704549	          0.02045520	         -0.79284171	          0.00000000	          0.00000000	          0.00000000	         -0.00000000	         -0.00000000	          0.00000000	         -0.02335792	          0.03478411	         -0.70132451	          0.00000000	          0.00000000	          0.00000000	         -0.00000000	         -0.00000000	          0.00000000	         -0.09017598	          0.05251535	         -0.73984084	          0.00000000	          0.00000000	          0.00000000	        -23.26741919	         12.33601721	          3.81817481	          0.06990557	         -0.00075098	         -0.76976337	          0.00000000	          0.00000000	          0.00000000	         -0.00001673	          0.00000911	          0.00000271	          0.05595632	          0.01515363	         -0.67865515	          0.00000000	          0.00000000	          0.00000000	        -11.32204637	        260.57959268	         25.60268521	          0.08115383	         -0.01145717	         -1.05949877	          0.00000000	          0.00000000	          0.00000000	         -0.09774633	          4.53622309	          0.06295902	          0.25210162	          0.00062693	         -1.02198416	          0.00000000	          0.00000000	          0.00000000	        -18.14631522	        196.75808667	         -2.89820450	          0.24020686	         -0.00799351	         -1.11697906	          0.00000000	          0.00000000	          0.00000000	        -17.24357856	        246.33244541	         10.19236119	          0.15943629	         -0.01003871	         -1.09118891	          0.00000000	          0.00000000	          0.00000000	         -0.01394371	          0.17112391	          0.00154171	          0.34189819	          0.00513751	         -1.03102972	          0.00000000	          0.00000000	          0.00000000	         -4.18358349	         31.21588048	         -0.33960232	          0.33007825	         -0.00200858	         -1.12675400	          0.00000000	          0.00000000	          0.00000000	
          6.06000000	         -0.00000000	         -0.00000000	          0.00000000	         -0.12852703	          0.06018983	         -0.78807125	          0.00000000	          0.00000000	          0.00000000	         -0.00000076	          0.00000040	          0.00000016	          0.02634067	          0.01805338	         -0.79941448	          0.00000000	          0.00000000	          0.00000000	         -0.00000000	          0.00000000	          0.00000000	          0.00793121	          0.03061610	         -0.70725935	          0.00000000	          0.00000000	          0.00000000	         -0.00000000	         -0.00000000	          0.00000000	         -0.06164614	          0.04598867	         -0.74493529	          0.00000000	          0.00000000	          0.00000000	        -22.01076136	         11.50228755	          4.86119093	          0.10587344	         -0.00069728	         -0.77726655	          0.00000000	          0.00000000	          0.00000000	         -0.00017451	          0.00009337	          0.00003869	          0.08911955	          0.01305061	         -0.68523175	          0.00000000	          0.00000000	          0.00000000	        -16.11320728	        257.10275993	         36.20787794	          0.07480163	         -0.01110073	         -1.06040809	          0.00000000	          0.00000000	          0.00000000	         -0.15898513	          3.96291125	          0.15774960	          0.24569115	          0.00104134	         -1.02270339	          0.00000000	          0.00000000	          0.00000000	        -24.64521199	        216.06916552	          2.93547178	          0.23408779	         -0.00842953	         -1.11740997	          0.00000000	          0.00000000	          0.00000000	        -23.04852683	        254.31946392	         19.57746351	          0.15320940	         -0.01010344	         -1.09185167	          0.00000000	          0.00000000	          0.00000000	         -0.01501700	          0.12897084	          0.00554130	          0.33555853	          0.00549713	         -1.03167123	          0.00000000	          0.00000000	          0.00000000	         -6.15329761	         37.23878909	          0.98178501	          0.32398893	         -0.00234598	         -1.12720762	          0.00000000	          0.00000000	          0.00000000	
          6.08000000	         -0.00000000	         -0.00000000	          0.00000000	         -0.10115493	          0.05098559	         -0.79527007	          0.00000000	          0.00000000	          0.00000000	         -0.00001068	          0.00000564	          0.00000239	          0.06026530	          0.01563772	         -0.80792766	          0.00000000	          0.00000000	          0.00000000	         -0.00000000	          0.00000000	          0.00000000	          0.03961911	          0.02630679	         -0.71529299	          0.00000000	          0.00000000	          0.00000000	         -0.00000000	         -0.00000000	          0.00000000	         -0.03221543	          0.03914132	         -0.75253071	          0.00000000	          0.00000000	          0.00000000	        -14.67592577	          7.69803722	          3.28314093	          0.14217861	         -0.00034603	         -0.78631237	          0.00000000	          0.00000000	          0.00000000	         -0.00111442	          0.00060005	          0.00025729	          0.12271116	          0.01121090	         -0.69360917	          0.00000000	          0.00000000	          0.00000000	        -19.79194880	        260.07666229	         40.38586248	          0.06851979	         -0.01086150	         -1.06136447	          0.00000000	          0.00000000	          0.00000000	         -0.21301354	          3.72188243	          0.24750815	          0.23935600	          0.00127223	         -1.02340830	          0.00000000	          0.00000000	          0.00000000	        -26.35061099	        225.53213299	         11.04297748	          0.22801814	         -0.00884635	         -1.11787880	          0.00000000	          0.00000000	          0.00000000	        -25.44983827	        258.91185624	         26.43055910	          0.14704163	         -0.01021096	         -1.09255875	          0.00000000	          0.00000000	          0.00000000	         -0.01396520	          0.10824234	          0.00837785	          0.32928982	          0.00571918	         -1.03229576	          0.00000000	          0.00000000	          0.00000000	         -6.57961396	         40.36139215	          2.74578500	          0.31793796	         -0.00259919	         -1.12769738	          0.00000000	          0.00000000	          0.00000000	
          6.10000000	         -0.00000000	         -0.00000000	          0.00000000	         -0.07296449	          0.04204180	         -0.80472162	          0.00000000	          0.00000000	          0.00000000	         -0.00009279	          0.00004949	          0.00001916	          0.09385964	          0.01357599	         -0.81668383	          0.00000000	          0.00000000	          0.00000000	         -0.00000001	          0.00000000	          0.00000000	          0.07058493	          0.02254916	         -0.72395314	          0.00000000	          0.00000000	          0.00000000	         -0.00000000	         -0.00000000	          0.00000000	         -0.00274189	          0.03270525	         -0.76158743	          0.00000000	          0.00000000	          0.00000000	         -6.60217511	          3.50402446	          1.21393472	          0.17764564	          0.00056279	         -0.79466374	          0.00000000	          0.00000000	          0.00000000	         -0.00248398	          0.00136442	          0.00049783	          0.15524725	          0.01021408	         -0.70175067	          0.00000000	          0.00000000	          0.00000000	        -19.08587759	        268.52478191	         37.85380445	          0.06222467	         -0.01076334	         -1.06219348	          0.00000000	          0.00000000	          0.00000000	         -0.20690313	          3.66304327	          0.28471101	          0.23300791	          0.00136403	         -1.02399158	          0.00000000	          0.00000000	          0.00000000	        -21.26063239	        221.67483511	         16.12284735	          0.22187195	         -0.00910643	         -1.11833262	          0.00000000	          0.00000000	          0.00000000	        -21.94621313	        259.06817039	         27.73034280	          0.14082710	         -0.01030209	         -1.09319771	          0.00000000	          0.00000000	          0.00000000	         -0.00996166	          0.09584342	          0.00820503	          0.32298441	          0.00586101	         -1.03281057	          0.00000000	          0.00000000	          0.00000000	         -4.87398741	         39.00360031	          3.31700605	          0.31179118	         -0.00266525	         -1.12815751	          0.00000000	          0.00000000	          0.00000000	
          6.12000000	         -0.00000000	         -0.00000000	          0.00000000	         -0.04411012	          0.03386628	         -0.81558019	          0.00000000	          0.00000000	          0.00000000	         -0.00039952	          0.00021506	          0.00006817	          0.12688437	          0.01209519	         -0.82449957	          0.00000000	          0.00000000	          0.00000000	         -0.00000011	          0.00000006	          0.00000002	          0.10040639	          0.01970140	         -0.73214015	          0.00000000	          0.00000000	          0.00000000	         -0.00000000	          0.00000000	          0.00000000	          0.02648126	          0.02711878	         -0.77113699	          0.00000000	          0.00000000	          0.00000000	         -1.90904333	          1.02685149	          0.23904701	          0.21184566	          0.00212166	         -0.80095305	          0.00000000	          0.00000000	          0.00000000	         -0.00167759	          0.00094308	          0.00025336	          0.18605131	          0.01026021	         -0.70834192	          0.00000000	          0.00000000	          0.00000000	        -12.74883911	        281.01582953	         34.06282988	          0.05581524	         -0.01080511	         -1.06281628	          0.00000000	          0.00000000	          0.00000000	         -0.10557381	          3.68175940	          0.22746208	          0.22652487	          0.00138001	         -1.02435975	          0.00000000	          0.00000000	          0.00000000	        -13.38163565	        211.41940326	         14.38013839	          0.21555709	         -0.00916421	         -1.11868763	          0.00000000	          0.00000000	          0.00000000	        -14.31516298	        258.29577023	         24.56613725	          0.13447022	         -0.01035430	         -1.09368758	          0.00000000	          0.00000000	          0.00000000	         -0.00407199	          0.08554000	          0.00415118	          0.31651509	          0.00597933	         -1.03309092	          0.00000000	          0.00000000	          0.00000000	         -2.57592523	         34.83182905	          1.92780075	          0.30545979	         -0.00253698	         -1.12845750	          0.00000000	          0.00000000	          0.00000000	
          6.14000000	         -0.00000000	          0.00000000	          0.00000000	         -0.01441422	          0.02667345	         -0.82693105	          0.00000000	          0.00000000	          0.00000000	         -0.00081254	          0.00043952	          0.00011116	          0.15951149	          0.01127896	         -0.83099037	          0.00000000	          0.00000000	          0.00000000	         -0.00000079	          0.00000045	          0.00000014	          0.12937356	          0.01777931	         -0.73941826	          0.00000000	          0.00000000	          0.00000000	         -0.00000001	          0.00000000	          0.00000000	          0.05569132	          0.02249573	         -0.78049986	          0.00000000	          0.00000000	          0.00000000	         -0.20351866	          0.11059255	          0.01571766	          0.24492084	          0.00429897	         -0.80505497	          0.00000000	          0.00000000	          0.00000000	         -0.00042161	          0.00024070	          0.00004592	          0.21533849	          0.01122649	         -0.71318528	          0.00000000	          0.00000000	          0.00000000	         -4.82837931	        294.06515790	         37.02053962	          0.04924711	         -0.01095635	         -1.06332479	          0.00000000	          0.00000000	          0.00000000	          0.04544660	          3.69619395	          0.09829232	          0.21982990	          0.00137386	         -1.02449224	          0.00000000	          0.00000000	          0.00000000	         -9.21325841	        204.48790983	          7.95678734	          0.20908863	         -0.00909009	         -1.11888192	          0.00000000	          0.00000000	          0.00000000	         -8.46877401	        260.17541938	         21.66764676	          0.12795915	         -0.01039130	         -1.09404274	          0.00000000	          0.00000000	          0.00000000	          0.00087471	          0.07559371	         -0.00192983	          0.30981710	          0.00610399	         -1.03304645	          0.00000000	          0.00000000	          0.00000000	         -1.39749244	         30.77273144	         -0.44593163	          0.29897291	         -0.00230776	         -1.12847438	          0.00000000	          0.00000000	          0.00000000	
          6.16000000	         -0.00000008	          0.00000004	          0.00000002	          0.01636536	          0.02042567	         -0.83768548	          0.00000000	          0.00000000	          0.00000000	         -0.00085278	          0.00046156	          0.00009585	          0.19204529	          0.01108110	         -0.83631827	          0.00000000	          0.00000000	          0.00000000	         -0.00000267	          0.00000151	          0.00000039	          0.15827702	          0.01657018	         -0.74575366	          0.00000000	          0.00000000	          0.00000000	         -0.00000040	          0.00000022	          0.00000008	          0.08541842	          0.01870614	         -0.78910252	          0.00000000	          0.00000000	          0.00000000	         -0.00790276	          0.00431161	          0.00043710	          0.27732317	          0.00697850	         -0.80774845	          0.00000000	          0.00000000	          0.00000000	         -0.00005822	          0.00003322	          0.00000503	          0.24402263	          0.01281607	         -0.71685356	          0.00000000	          0.00000000	          0.00000000	          0.90043919	        303.45284721	         46.39730673	          0.04255666	         -0.01115832	         -1.06389521	          0.00000000	          0.00000000	          0.00000000	          0.17409819	          3.65601584	         -0.02683343	          0.21294066	          0.00138051	         -1.02446177	          0.00000000	          0.00000000	          0.00000000	         -9.41100875	        204.22724791	          1.10098583	          0.20256463	         -0.00900120	         -1.11892860	          0.00000000	          0.00000000	          0.00000000	         -6.48563958	        264.64523391	         21.26593157	          0.12136356	         -0.01044655	         -1.09435669	          0.00000000	          0.00000000	          0.00000000	          0.00344165	          0.06643488	         -0.00663094	          0.30292678	          0.00623633	         -1.03269824	          0.00000000	          0.00000000	          0.00000000	         -1.28754004	         28.42511197	         -2.50480324	          0.29244407	         -0.00210524	         -1.12819118	          0.00000000	          0.00000000	          0.00000000	
          6.18000000	         -0.00003091	          0.00001681	          0.00000567	          0.04826580	          0.01500388	         -0.84663353	          0.00000000	          0.00000000	          0.00000000	         -0.00049220	          0.00026590	          0.00004772	          0.22470068	          0.01143031	         -0.84078170	          0.00000000	          0.00000000	          0.00000000	         -0.00000529	          0.00000294	          0.00000064	          0.18800196	          0.01586873	         -0.75113143	          0.00000000	          0.00000000	          0.00000000	         -0.00001183	          0.00000652	          0.00000183	          0.11614222	          0.01558372	         -0.79631552	          0.00000000	          0.00000000	          0.00000000	         -0.00002064	          0.00001124	          0.00000122	          0.30955092	          0.01006651	         -0.81005796	          0.00000000	          0.00000000	          0.00000000	         -0.00000534	          0.00000300	          0.00000043	          0.27326001	          0.01479407	         -0.72005415	          0.00000000	          0.00000000	          0.00000000	          2.04579492	        307.06826189	         53.34433842	          0.03581978	         -0.01134592	         -1.06461166	          0.00000000	          0.00000000	          0.00000000	          0.21115197	          3.52432988	         -0.06600990	          0.20595218	          0.00142259	         -1.02439454	          0.00000000	          0.00000000	          0.00000000	        -11.28327525	        207.24183195	         -2.05143378	          0.19606594	         -0.00896681	         -1.11891050	          0.00000000	          0.00000000	          0.00000000	         -7.38453744	        268.67364832	         22.34820981	          0.11476129	         -0.01052459	         -1.09471141	          0.00000000	          0.00000000	          0.00000000	          0.00363234	          0.05788872	         -0.00751982	          0.29594813	          0.00637453	         -1.03220247	          0.00000000	          0.00000000	          0.00000000	         -1.54550424	         27.70246152	         -3.35259007	          0.28595803	         -0.00199917	         -1.12773695	          0.00000000	          0.00000000	          0.00000000	
          6.20000000	         -0.00422548	          0.00227992	          0.00049553	          0.08102678	          0.01037364	         -0.85296637	          0.00000000	          0.00000000	          0.00000000	         -0.00014638	          0.00007907	          0.00001320	          0.25746682	          0.01233310	         -0.84471122	          0.00000000	          0.00000000	          0.00000000	         -0.00000590	          0.00000322	          0.00000058	          0.21906539	          0.01565216	         -0.75558193	          0.00000000	          0.00000000	          0.00000000	         -0.00016309	          0.00008856	          0.00001764	          0.14800506	          0.01309877	         -0.80173492	          0.00000000	          0.00000000	          0.00000000	          0.00000011	         -0.00000006	         -0.00000001	          0.34187956	          0.01357899	         -0.81284441	          0.00000000	          0.00000000	          0.00000000	         -0.00000026	          0.00000014	          0.00000002	          0.30384706	          0.01714361	         -0.72334682	          0.00000000	          0.00000000	          0.00000000	         -3.94713963	        306.70548595	         50.96995652	          0.02912871	         -0.01147968	         -1.06540261	          0.00000000	          0.00000000	          0.00000000	          0.11273783	          3.28638449	          0.00889336	          0.19900931	          0.00151639	         -1.02441994	          0.00000000	          0.00000000	          0.00000000	        -13.68500478	        208.24782780	          1.22616490	          0.18962217	         -0.00897272	         -1.11894274	          0.00000000	          0.00000000	          0.00000000	        -11.44095604	        269.58816092	         23.45119703	          0.10820966	         -0.01059852	         -1.09512723	          0.00000000	          0.00000000	          0.00000000	          0.00192077	          0.04912124	         -0.00465556	          0.28901923	          0.00653212	         -1.03179963	          0.00000000	          0.00000000	          0.00000000	         -1.80959585	         27.59439609	         -2.50980690	          0.27953415	         -0.00196867	         -1.12734070	          0.00000000	          0.00000000	          0.00000000	
          6.22000000	         -0.17474095	          0.09486751	          0.01040275	          0.11398480	          0.00661515	         -0.85664711	          0.00000000	          0.00000000	          0.00000000	         -0.00002007	          0.00001096	          0.00000176	          0.28987611	          0.01383801	         -0.84839120	          0.00000000	          0.00000000	          0.00000000	         -0.00000304	          0.00000165	          0.00000025	          0.25113994	          0.01604664	         -0.75926903	          0.00000000	          0.00000000	          0.00000000	         -0.00091117	          0.00049443	          0.00006372	          0.18051453	          0.01135689	         -0.80541906	          0.00000000	          0.00000000	          0.00000000	          0.00000000	         -0.00000000	         -0.00000000	          0.37398158	          0.01756786	         -0.81653128	          0.00000000	          0.00000000	          0.00000000	         -0.00000000	          0.00000000	          0.00000000	          0.33559137	          0.01999154	         -0.72703373	          0.00000000	          0.00000000	          0.00000000	        -15.83184309	        308.01934480	         41.20382853	          0.02256728	         -0.01156967	         -1.06612310	          0.00000000	          0.00000000	          0.00000000	         -0.06318991	          2.96070387	          0.14157163	          0.19224709	          0.00166763	         -1.02462070	          0.00000000	          0.00000000	          0.00000000	        -16.12891948	        203.73623533	          9.52731847	          0.18323382	         -0.00895418	         -1.11912061	          0.00000000	          0.00000000	          0.00000000	        -17.96214315	        267.62869730	         24.27079514	          0.10174666	         -0.01063935	         -1.09557848	          0.00000000	          0.00000000	          0.00000000	         -0.00022208	          0.03959859	         -0.00060664	          0.28225943	          0.00673260	         -1.03169226	          0.00000000	          0.00000000	          0.00000000	         -1.89143631	         26.78288511	         -0.43835250	          0.27315697	         -0.00193902	         -1.12720913	          0.00000000	          0.00000000	          0.00000000	
          6.24000000	         -1.94063185	          1.08263963	          0.02597195	          0.14596658	          0.00382208	         -0.85816594	          0.00000000	          0.00000000	          0.00000000	         -0.00000125	          0.00000070	          0.00000010	          0.32086053	          0.01593054	         -0.85182249	          0.00000000	          0.00000000	          0.00000000	         -0.00000061	          0.00000034	          0.00000004	          0.28288644	          0.01716490	         -0.76229798	          0.00000000	          0.00000000	          0.00000000	         -0.00187224	          0.00103907	          0.00007173	          0.21240601	          0.01046555	         -0.80767122	          0.00000000	          0.00000000	          0.00000000	          0.00000000	         -0.00000000	         -0.00000000	          0.40475400	          0.02199477	         -0.82088452	          0.00000000	          0.00000000	          0.00000000	          0.00000000	         -0.00000000	         -0.00000000	          0.36711392	          0.02342366	         -0.73098361	          0.00000000	          0.00000000	          0.00000000	        -24.63043267	        315.79276688	         28.53184931	          0.01613315	         -0.01166888	         -1.06665952	          0.00000000	          0.00000000	          0.00000000	         -0.17069833	          2.59480576	          0.23404395	          0.18567768	          0.00186665	         -1.02498936	          0.00000000	          0.00000000	          0.00000000	        -14.84408173	        193.83530033	         17.06106886	          0.17684977	         -0.00885124	         -1.11946338	          0.00000000	          0.00000000	          0.00000000	        -20.58402061	        265.03493541	         23.62039543	          0.09534365	         -0.01064184	         -1.09601821	          0.00000000	          0.00000000	          0.00000000	         -0.00096424	          0.02986080	          0.00182659	          0.27566685	          0.00699476	         -1.03192575	          0.00000000	          0.00000000	          0.00000000	         -1.34179226	         24.44641096	          1.40209679	          0.26676298	         -0.00183659	         -1.12740280	          0.00000000	          0.00000000	          0.00000000	
          6.26000000	         -6.26445313	          3.65760307	         -0.15807111	          0.17564124	          0.00198536	         -0.85807306	          0.00000000	          0.00000000	          0.00000000	         -0.00000003	          0.00000002	          0.00000000	          0.34915946	          0.01853375	         -0.85481375	          0.00000000	          0.00000000	          0.00000000	         -0.00000005	          0.00000003	          0.00000000	          0.31263007	          0.01900087	         -0.76466113	          0.00000000	          0.00000000	          0.00000000	         -0.00148597	          0.00086070	          0.00001613	          0.24216425	          0.01041959	         -0.80877194	          0.00000000	          0.00000000	          0.00000000	          0.00000000	         -0.00000000	         -0.00000000	          0.43284138	          0.02676321	         -0.82536483	          0.00000000	          0.00000000	          0.00000000	          0.00000000	         -0.00000000	         -0.00000000	          0.39664096	          0.02741111	         -0.73483877	          0.00000000	          0.00000000	          0.00000000	        -23.49440991	        329.29385985	         17.44132894	          0.00971463	         -0.01182786	         -1.06698416	          0.00000000	          0.00000000	          0.00000000	         -0.14905062	          2.23625388	          0.22097244	          0.17915976	          0.00209272	         -1.02541722	          0.00000000	          0.00000000	          0.00000000	         -9.57698973	        182.21127420	         17.86955803	          0.17037301	         -0.00865059	         -1.11988352	          0.00000000	          0.00000000	          0.00000000	        -16.23815784	        263.73405767	         19.84742441	          0.08889772	         -0.01062377	         -1.09638983	          0.00000000	          0.00000000	          0.00000000	         -0.00036424	          0.02123868	          0.00176821	          0.26909733	          0.00731753	         -1.03234778	          0.00000000	          0.00000000	          0.00000000	         -0.41006442	         20.97470297	          1.66262741	          0.26025364	         -0.00163457	         -1.12778543	          0.00000000	          0.00000000	          0.00000000	
          6.28000000	         -8.66098196	          5.34022751	         -0.45083581	          0.20213178	          0.00099088	         -0.85691684	          0.00000000	          0.00000000	          0.00000000	         -0.00000000	          0.00000000	          0.00000000	          0.37393797	          0.02158739	         -0.85751723	          0.00000000	          0.00000000	          0.00000000	         -0.00000000	          0.00000000	          0.00000000	          0.33931325	          0.02146067	         -0.76661163	          0.00000000	          0.00000000	          0.00000000	         -0.00052381	          0.00031954	         -0.00000167	          0.26881531	          0.01111374	         -0.80912695	          0.00000000	          0.00000000	          0.00000000	          0.00000000	         -0.00000000	         -0.00000000	          0.45736198	          0.03182921	         -0.82994138	          0.00000000	          0.00000000	          0.00000000	          0.00000000	         -0.00000000	         -0.00000000	          0.42306533	          0.03187424	         -0.73866791	          0.00000000	          0.00000000	          0.00000000	        -12.99204714	        344.58122627	         13.98896892	          0.00318264	         -0.01205585	         -1.06717560	          0.00000000	          0.00000000	          0.00000000	         -0.04620248	          1.90616723	          0.12034270	          0.17250657	          0.00232852	         -1.02574667	          0.00000000	          0.00000000	          0.00000000	         -4.20747863	        173.05318099	         11.20234101	          0.16375004	         -0.00839340	         -1.12022550	          0.00000000	          0.00000000	          0.00000000	         -8.22842583	        264.73662506	         13.92331056	          0.08232176	         -0.01061099	         -1.09665619	          0.00000000	          0.00000000	          0.00000000	          0.00047177	          0.01459366	          0.00042269	          0.26237603	          0.00768068	         -1.03267873	          0.00000000	          0.00000000	          0.00000000	          0.22379933	         17.50776258	          0.46668555	          0.25358747	         -0.00136915	         -1.12808460	          0.00000000	          0.00000000	          0.00000000	
          6.30000000	         -7.98874632	          5.19778685	         -0.50022952	          0.22525125	          0.00069385	         -0.85531492	          0.00000000	          0.00000000	          0.00000000	          0.00000000	         -0.00000000	         -0.00000000	          0.39499812	          0.02504990	         -0.86058055	          0.00000000	          0.00000000	          0.00000000	         -0.00000000	          0.00000000	          0.00000000	          0.36276699	          0.02444039	         -0.76880674	          0.00000000	          0.00000000	          0.00000000	         -0.00009308	          0.00005972	          0.00000040	          0.29218211	          0.01242132	         -0.80937384	          0.00000000	          0.00000000	          0.00000000	          0.00000000	         -0.00000000	         -0.00000000	          0.47812121	          0.03718764	         -0.83528403	          0.00000000	          0.00000000	          0.00000000	          0.00000000	         -0.00000000	         -0.00000000	          0.44621958	          0.03674519	         -0.74315033	          0.00000000	          0.00000000	          0.00000000	          1.38854432	        358.12343237	         21.51448776	         -0.00352358	         -0.01232499	         -1.06738917	          0.00000000	          0.00000000	          0.00000000	          0.06974048	          1.61193729	         -0.02716117	          0.16559347	          0.00256613	         -1.02583157	          0.00000000	          0.00000000	          0.00000000	         -2.49005759	        169.62261724	         -2.26022298	          0.15703131	         -0.00815710	         -1.12032761	          0.00000000	          0.00000000	          0.00000000	         -1.96099497	        269.08565028	          6.42634910	          0.07561601	         -0.01063012	         -1.09681520	          0.00000000	          0.00000000	          0.00000000	          0.00094121	          0.00998557	         -0.00102858	          0.25540039	          0.00805540	         -1.03261725	          0.00000000	          0.00000000	          0.00000000	          0.25332545	         15.10020763	         -1.55277761	          0.24683516	         -0.00112091	         -1.12799510	          0.00000000	          0.00000000	          0.00000000	
          6.32000000	         -5.62088499	          3.83897773	         -0.28720068	          0.24529132	          0.00096907	         -0.85390958	          0.00000000	          0.00000000	          0.00000000	          0.00000000	         -0.00000000	         -0.00000000	          0.41259965	          0.02882858	         -0.86476804	          0.00000000	          0.00000000	          0.00000000	          0.00000000	         -0.00000000	         -0.00000000	          0.38333374	          0.02783952	         -0.77201915	          0.00000000	          0.00000000	          0.00000000	         -0.00000928	          0.00000623	          0.00000035	          0.31258427	          0.01422906	         -0.81021969	          0.00000000	          0.00000000	          0.00000000	          0.00000000	         -0.00000000	         -0.00000000	          0.49538583	          0.04276123	         -0.84222776	          0.00000000	          0.00000000	          0.00000000	          0.00000000	         -0.00000000	         -0.00000000	          0.46645166	          0.04193913	         -0.74912982	          0.00000000	          0.00000000	          0.00000000	         10.74014158	        367.58865788	         33.55866767	         -0.01036806	         -0.01259419	         -1.06774582	          0.00000000	          0.00000000	          0.00000000	          0.12586068	          1.36087313	         -0.11187671	          0.15843560	          0.00279911	         -1.02564949	          0.00000000	          0.00000000	          0.00000000	         -3.67789434	        170.28143602	        -13.42213709	          0.15031644	         -0.00800360	         -1.12014842	          0.00000000	          0.00000000	          0.00000000	          0.04694231	        274.78535500	          1.99119633	          0.06885082	         -0.01069291	         -1.09690685	          0.00000000	          0.00000000	          0.00000000	          0.00093016	          0.00701436	         -0.00150621	          0.24820149	          0.00841126	         -1.03206884	          0.00000000	          0.00000000	          0.00000000	          0.01220793	         13.94160711	         -2.98012675	          0.24010915	         -0.00095902	         -1.12741254	          0.00000000	          0.00000000	          0.00000000	
          6.34000000	         -3.07170199	          2.19682381	         -0.09470627	          0.26262264	          0.00171076	         -0.85310969	          0.00000000	          0.00000000	          0.00000000	          0.00000000	         -0.00000000	         -0.00000000	          0.42714521	          0.03272758	         -0.87039387	          0.00000000	          0.00000000	          0.00000000	          0.00000000	         -0.00000000	         -0.00000000	          0.40135984	          0.03151191	         -0.77662838	          0.00000000	          0.00000000	          0.00000000	         -0.00000061	          0.00000043	          0.00000005	          0.33037848	          0.01641292	         -0.81206110	          0.00000000	          0.00000000	          0.00000000	          0.00000000	         -0.00000000	         -0.00000000	          0.50955518	          0.04831952	         -0.85105440	          0.00000000	          0.00000000	          0.00000000	          0.00000000	         -0.00000000	         -0.00000000	          0.48410335	          0.04727508	         -0.75695362	          0.00000000	          0.00000000	          0.00000000	         16.64872096	        371.64244135	         38.40697534	         -0.01728208	         -0.01282473	         -1.06822872	          0.00000000	          0.00000000	          0.00000000	          0.13077174	          1.16184362	         -0.11060140	          0.15115859	          0.00301559	         -1.02534901	          0.00000000	          0.00000000	          0.00000000	         -2.64126789	        172.09922463	        -16.19654362	          0.14362732	         -0.00793702	         -1.11982760	          0.00000000	          0.00000000	          0.00000000	          2.97420231	        278.94032531	          1.58774221	          0.06206819	         -0.01078159	         -1.09699142	          0.00000000	          0.00000000	          0.00000000	          0.00074504	          0.00520627	         -0.00122115	          0.24090350	          0.00871992	         -1.03127383	          0.00000000	          0.00000000	          0.00000000	          0.00500816	         13.70536897	         -3.22324037	          0.23342702	         -0.00089616	         -1.12656991	          0.00000000	          0.00000000	          0.00000000	
          6.36000000	         -1.20259888	          0.89685700	         -0.01591425	          0.27760707	          0.00281893	         -0.85291825	          0.00000000	          0.00000000	          0.00000000	          0.00000000	         -0.00000000	         -0.00000000	          0.43914064	          0.03649354	         -0.87711702	          0.00000000	          0.00000000	          0.00000000	          0.00000000	         -0.00000000	         -0.00000000	          0.41713432	          0.03525498	         -0.78239453	          0.00000000	          0.00000000	          0.00000000	         -0.00000003	          0.00000002	          0.00000000	          0.34588317	          0.01882390	         -0.81478435	          0.00000000	          0.00000000	          0.00000000	          0.00000000	         -0.00000000	         -0.00000000	          0.52114314	          0.05353869	         -0.86126430	          0.00000000	          0.00000000	          0.00000000	          0.00000000	         -0.00000000	         -0.00000000	          0.49947129	          0.05247848	         -0.76622247	          0.00000000	          0.00000000	          0.00000000	         16.31251500	        369.13738398	         29.87408432	         -0.02420385	         -0.01298361	         -1.06869590	          0.00000000	          0.00000000	          0.00000000	          0.08926211	          1.01667567	         -0.04115962	          0.14393632	          0.00320050	         -1.02515542	          0.00000000	          0.00000000	          0.00000000	          1.23417863	        171.88898176	         -7.26041056	          0.13690484	         -0.00791277	         -1.11959749	          0.00000000	          0.00000000	          0.00000000	          6.43842855	        278.47818442	          5.55095929	          0.05526213	         -0.01085536	         -1.09711237	          0.00000000	          0.00000000	          0.00000000	          0.00047984	          0.00418617	         -0.00055957	          0.23366861	          0.00895654	         -1.03065798	          0.00000000	          0.00000000	          0.00000000	          0.29756766	         13.90358943	         -1.90521617	          0.22671678	         -0.00089897	         -1.12589592	          0.00000000	          0.00000000	          0.00000000	
          6.38000000	         -0.34059941	          0.26442962	         -0.00098506	          0.29056988	          0.00418205	         -0.85313195	          0.00000000	          0.00000000	          0.00000000	         -0.00000000	         -0.00000000	          0.00000000	          0.44912401	          0.03989776	         -0.88432063	          0.00000000	          0.00000000	          0.00000000	          0.00000000	         -0.00000000	         -0.00000000	          0.43094346	          0.03883789	         -0.78878144	          0.00000000	          0.00000000	          0.00000000	         -0.00000000	          0.00000000	          0.00000000	          0.35939568	          0.02129135	         -0.81802421	          0.00000000	          0.00000000	          0.00000000	          0.00000000	         -0.00000000	         -0.00000000	          0.53072449	          0.05812207	         -0.87203848	          0.00000000	          0.00000000	          0.00000000	          0.00000000	         -0.00000000	         -0.00000000	          0.51287931	          0.05724824	         -0.77619688	          0.00000000	          0.00000000	          0.00000000	          5.86756945	        363.55432228	         11.03701941	         -0.03103970	         -0.01305856	         -1.06897746	          0.00000000	          0.00000000	          0.00000000	          0.01253386	          0.91877600	          0.06082104	          0.13697437	          0.00334363	         -1.02527695	          0.00000000	          0.00000000	          0.00000000	          4.68235114	        167.40175694	         10.51569955	          0.13011401	         -0.00786480	         -1.11968661	          0.00000000	          0.00000000	          0.00000000	          6.14036791	        273.10626372	         12.64519590	          0.04845441	         -0.01087276	         -1.09729761	          0.00000000	          0.00000000	          0.00000000	          0.00016375	          0.00365867	          0.00021284	          0.22668836	          0.00911078	         -1.03063487	          0.00000000	          0.00000000	          0.00000000	          0.65338943	         13.93174000	          0.73264269	          0.21993041	         -0.00091121	         -1.12581725	          0.00000000	          0.00000000	          0.00000000	
          6.40000000	         -0.08507421	          0.06943628	          0.00003362	          0.30144651	          0.00563941	         -0.85352229	          0.00000000	          0.00000000	          0.00000000	         -0.00000000	         -0.00000000	          0.00000000	          0.45722114	          0.04274444	         -0.89149236	          0.00000000	          0.00000000	          0.00000000	         -0.00000000	         -0.00000000	          0.00000000	          0.44276271	          0.04200766	         -0.79530740	          0.00000000	          0.00000000	          0.00000000	         -0.00000000	          0.00000000	          0.00000000	          0.37086610	          0.02360697	         -0.82142797	          0.00000000	          0.00000000	          0.00000000	         -0.00000000	         -0.00000000	          0.00000000	          0.53848269	          0.06183427	         -0.88271940	          0.00000000	          0.00000000	          0.00000000	          0.00000000	         -0.00000000	         -0.00000000	          0.52436211	          0.06128972	         -0.78624899	          0.00000000	          0.00000000	          0.00000000	        -10.88330019	        362.02892406	        -10.24736795	         -0.03770129	         -0.01308170	         -1.06896948	          0.00000000	          0.00000000	          0.00000000	         -0.06926148	          0.85355267	          0.16006883	          0.13040490	          0.00344695	         -1.02581725	          0.00000000	          0.00000000	          0.00000000	          6.36152052	        158.34212518	         29.02928072	          0.12326199	         -0.00773670	         -1.12021771	          0.00000000	          0.00000000	          0.00000000	          2.34902027	        265.69249690	         20.26074505	          0.04168893	         -0.01082022	         -1.09755602	          0.00000000	          0.00000000	          0.00000000	         -0.00012922	          0.00335437	          0.00091434	          0.22007964	          0.00920541	         -1.03141876	          0.00000000	          0.00000000	          0.00000000	          0.91013342	         13.15653755	          3.48867368	          0.21306185	         -0.00086838	         -1.12656045	          0.00000000	          0.00000000	          0.00000000	
          6.42000000	         -0.02439221	          0.02137557	         -0.00007377	          0.30963473	          0.00697250	         -0.85391152	          0.00000000	          0.00000000	          0.00000000	         -0.00000000	         -0.00000000	          0.00000000	          0.46293885	          0.04485129	         -0.89833254	          0.00000000	          0.00000000	          0.00000000	         -0.00000000	         -0.00000000	          0.00000000	          0.45206065	          0.04450699	         -0.80166841	          0.00000000	          0.00000000	          0.00000000	         -0.00000000	          0.00000000	          0.00000000	          0.37972592	          0.02553048	         -0.82475526	          0.00000000	          0.00000000	          0.00000000	         -0.00000000	         -0.00000000	          0.00000000	          0.54397319	          0.06448848	         -0.89294055	          0.00000000	          0.00000000	          0.00000000	         -0.00000000	         -0.00000000	          0.00000000	          0.53343790	          0.06434020	         -0.79600740	          0.00000000	          0.00000000	          0.00000000	        -20.51701497	        368.22755134	        -20.03647290	         -0.04420963	         -0.01311562	         -1.06872768	          0.00000000	          0.00000000	          0.00000000	         -0.10302861	          0.80417042	          0.20754689	          0.12413685	          0.00352500	         -1.02669891	          0.00000000	          0.00000000	          0.00000000	          7.33331126	        148.74735998	         37.61012400	          0.11635354	         -0.00752285	         -1.12111270	          0.00000000	          0.00000000	          0.00000000	          0.60401042	        261.14369060	         25.44065510	          0.03496072	         -0.01072691	         -1.09787709	          0.00000000	          0.00000000	          0.00000000	         -0.00023337	          0.00306009	          0.00119905	          0.21374292	          0.00928889	         -1.03285720	          0.00000000	          0.00000000	          0.00000000	          1.00537936	         11.63044997	          4.45337123	          0.20610814	         -0.00073581	         -1.12797212	          0.00000000	          0.00000000	          0.00000000	
          6.44000000	         -0.00973809	          0.00933672	         -0.00012078	          0.31443079	          0.00797285	         -0.85420337	          0.00000000	          0.00000000	          0.00000000	         -0.00000000	         -0.00000000	          0.00000000	          0.46561827	          0.04608761	         -0.90466124	          0.00000000	          0.00000000	          0.00000000	         -0.00000000	         -0.00000000	          0.00000000	          0.45815168	          0.04614657	         -0.80767155	          0.00000000	          0.00000000	          0.00000000	         -0.00000000	          0.00000000	          0.00000000	          0.38527945	          0.02686089	         -0.82786157	          0.00000000	          0.00000000	          0.00000000	         -0.00000000	         -0.00000000	          0.00000000	          0.54655431	          0.06597896	         -0.90247256	          0.00000000	          0.00000000	          0.00000000	         -0.00000000	         -0.00000000	          0.00000000	          0.53943776	          0.06623587	         -0.80522953	          0.00000000	          0.00000000	          0.00000000	        -15.86563569	        378.80362530	        -18.86997431	         -0.05070356	         -0.01320335	         -1.06841359	          0.00000000	          0.00000000	          0.00000000	         -0.08975941	          0.77245050	          0.22321893	          0.11792261	          0.00358266	         -1.02775987	          0.00000000	          0.00000000	          0.00000000	         10.74042156	        141.43411337	         39.92938515	          0.10934856	         -0.00727186	         -1.12219486	          0.00000000	          0.00000000	          0.00000000	          5.98376856	        260.31683915	         29.74804282	          0.02818688	         -0.01064045	         -1.09825451	          0.00000000	          0.00000000	          0.00000000	         -0.00016896	          0.00277233	          0.00120950	          0.20743617	          0.00938228	         -1.03461226	          0.00000000	          0.00000000	          0.00000000	          1.16767891	         10.01536114	          4.26739948	          0.19903407	         -0.00054041	         -1.12970527	          0.00000000	          0.00000000	          0.00000000	
          6.46000000	         -0.00586359	          0.00617536	         -0.00041026	          0.31566668	          0.00853581	         -0.85425709	          0.00000000	          0.00000000	          0.00000000	         -0.00000000	         -0.00000000	          0.00000000	          0.46513717	          0.04644201	         -0.91016455	          0.00000000	          0.00000000	          0.00000000	         -0.00000000	         -0.00000000	          0.00000000	          0.46080881	          0.04687791	         -0.81298806	          0.00000000	          0.00000000	          0.00000000	         -0.00000000	          0.00000000	          0.00000000	          0.38732593	          0.02752006	         -0.83051260	          0.00000000	          0.00000000	          0.00000000	         -0.00000000	         -0.00000000	          0.00000000	          0.54609780	          0.06633502	         -0.91090140	          0.00000000	          0.00000000	          0.00000000	         -0.00000000	         -0.00000000	          0.00000000	          0.54212746	          0.06696982	         -0.81348610	          0.00000000	          0.00000000	          0.00000000	         -1.77776294	        386.86818238	        -12.12244244	         -0.05731106	         -0.01333403	         -1.06814795	          0.00000000	          0.00000000	          0.00000000	         -0.05607229	          0.77749652	          0.22030946	          0.11158315	          0.00359703	         -1.02887082	          0.00000000	          0.00000000	          0.00000000	         14.87586070	        138.85848416	         38.23920065	          0.10221349	         -0.00705677	         -1.12332165	          0.00000000	          0.00000000	          0.00000000	         14.91869294	        262.57701238	         31.54524420	          0.02129113	         -0.01059319	         -1.09867830	          0.00000000	          0.00000000	          0.00000000	         -0.00005907	          0.00266830	          0.00112488	          0.20099780	          0.00944057	         -1.03642168	          0.00000000	          0.00000000	          0.00000000	          1.31467073	          9.10563713	          3.74027133	          0.19182232	         -0.00036705	         -1.13149096	          0.00000000	          0.00000000	          0.00000000	
          6.48000000	         -0.00442118	          0.00598969	         -0.00121453	          0.31388185	          0.00868126	         -0.85386273	          0.00000000	          0.00000000	          0.00000000	         -0.00000000	         -0.00000000	          0.00000000	          0.46211982	          0.04602909	         -0.91436607	          0.00000000	          0.00000000	          0.00000000	         -0.00000000	         -0.00000000	          0.00000000	          0.46047856	          0.04678916	         -0.81711505	          0.00000000	          0.00000000	          0.00000000	         -0.00000000	          0.00000000	          0.00000000	          0.38635274	          0.02756074	         -0.83235258	          0.00000000	          0.00000000	          0.00000000	         -0.00000000	         -0.00000000	          0.00000000	          0.54322154	          0.06571541	         -0.91759566	          0.00000000	          0.00000000	          0.00000000	         -0.00000000	         -0.00000000	          0.00000000	          0.54194628	          0.06667463	         -0.82011843	          0.00000000	          0.00000000	          0.00000000	         11.64338697	        386.90329755	         -3.61248999	         -0.06405505	         -0.01345346	         -1.06798802	          0.00000000	          0.00000000	          0.00000000	         -0.02404169	          0.84469100	          0.20895933	          0.10509365	          0.00353186	         -1.02991825	          0.00000000	          0.00000000	          0.00000000	         17.12368828	        142.32248008	         33.96600334	          0.09501046	         -0.00695389	         -1.12437084	          0.00000000	          0.00000000	          0.00000000	         21.29854848	        266.81851611	         30.16535601	          0.01429561	         -0.01059687	         -1.09911663	          0.00000000	          0.00000000	          0.00000000	          0.00002117	          0.00298235	          0.00108341	          0.19442810	          0.00938007	         -1.03808420	          0.00000000	          0.00000000	          0.00000000	          1.37962031	          9.38600441	          3.31123280	          0.18455794	         -0.00032715	         -1.13312511	          0.00000000	          0.00000000	          0.00000000	
          6.50000000	         -0.00258520	          0.00789196	         -0.00240602	          0.30995421	          0.00849286	         -0.85293803	          0.00000000	          0.00000000	          0.00000000	         -0.00000000	         -0.00000000	          0.00000000	          0.45753432	          0.04502401	         -0.91694276	          0.00000000	          0.00000000	          0.00000000	         -0.00000000	         -0.00000000	          0.00000000	          0.45796198	          0.04603607	         -0.81968802	          0.00000000	          0.00000000	          0.00000000	         -0.00000000	          0.00000000	          0.00000000	          0.38319404	          0.02710160	         -0.83315818	          0.00000000	          0.00000000	          0.00000000	         -0.00000000	         -0.00000000	          0.00000000	          0.53889392	          0.06433918	         -0.92208716	          0.00000000	          0.00000000	          0.00000000	         -0.00000000	         -0.00000000	          0.00000000	          0.53969540	          0.06554970	         -0.82461607	          0.00000000	          0.00000000	          0.00000000	         19.91729425	        376.98016694	          2.97781954	         -0.07088229	         -0.01349825	         -1.06794248	          0.00000000	          0.00000000	          0.00000000	          0.00117679	          0.99902232	          0.19689755	          0.09852695	          0.00336458	         -1.03082534	          0.00000000	          0.00000000	          0.00000000	         17.43311713	        151.24773982	         28.46874990	          0.08784965	         -0.00700881	         -1.12526225	          0.00000000	          0.00000000	          0.00000000	         23.75622586	        271.11109308	         26.24635138	          0.00728300	         -0.01064284	         -1.09953410	          0.00000000	          0.00000000	          0.00000000	          0.00006008	          0.00405112	          0.00117898	          0.18782076	          0.00913922	         -1.03948328	          0.00000000	          0.00000000	          0.00000000	          1.41182895	         11.19425435	          3.15353237	          0.17736831	         -0.00049210	         -1.13449282	          0.00000000	          0.00000000	          0.00000000	
          6.52000000	         -0.00129523	          0.01308492	         -0.00483418	          0.30471801	          0.00805475	         -0.85158234	          0.00000000	          0.00000000	          0.00000000	         -0.00000000	         -0.00000000	         -0.00000000	          0.45223733	          0.04359701	         -0.91791209	          0.00000000	          0.00000000	          0.00000000	         -0.00000000	         -0.00000000	          0.00000000	          0.45404563	          0.04478422	         -0.82068114	          0.00000000	          0.00000000	          0.00000000	         -0.00000000	          0.00000000	         -0.00000000	          0.37865809	          0.02626689	         -0.83296536	          0.00000000	          0.00000000	          0.00000000	         -0.00000000	         -0.00000000	          0.00000000	          0.53396468	          0.06242208	         -0.92433510	          0.00000000	          0.00000000	          0.00000000	         -0.00000000	         -0.00000000	          0.00000000	          0.53615449	          0.06380584	         -0.82689455	          0.00000000	          0.00000000	          0.00000000	         25.71792214	        357.63329248	          6.18569147	         -0.07774828	         -0.01341944	         -1.06798442	          0.00000000	          0.00000000	          0.00000000	          0.02963300	          1.26537154	          0.18932035	          0.09194831	          0.00310002	         -1.03156893	          0.00000000	          0.00000000	          0.00000000	         17.97472255	        163.89829424	         23.11437290	          0.08078573	         -0.00721617	         -1.12597478	          0.00000000	          0.00000000	          0.00000000	         25.55085332	        273.13939112	         21.36427168	          0.00030247	         -0.01070364	         -1.09990675	          0.00000000	          0.00000000	          0.00000000	          0.00005707	          0.00656331	          0.00153867	          0.18124859	          0.00871657	         -1.04060833	          0.00000000	          0.00000000	          0.00000000	          1.52163362	         15.03347935	          3.41280429	          0.17031018	         -0.00084695	         -1.13559055	          0.00000000	          0.00000000	          0.00000000	
          6.54000000	         -0.00132150	          0.02542948	         -0.01051896	          0.29892508	          0.00743644	         -0.84993837	          0.00000000	          0.00000000	          0.00000000	         -0.00000000	         -0.00000000	         -0.00000000	          0.44689066	          0.04190592	         -0.91752684	          0.00000000	          0.00000000	          0.00000000	         -0.00000000	         -0.00000000	         -0.00000000	          0.44944125	          0.04320433	         -0.82031822	          0.00000000	          0.00000000	          0.00000000	         -0.00000000	          0.00000000	         -0.00000000	          0.37347860	          0.02517666	         -0.83195593	          0.00000000	          0.00000000	          0.00000000	         -0.00000000	         -0.00000000	         -0.00000000	          0.52906420	          0.06017449	         -0.92464365	          0.00000000	          0.00000000	          0.00000000	         -0.00000000	         -0.00000000	         -0.00000000	          0.53200359	          0.06166656	         -0.82722922	          0.00000000	          0.00000000	          0.00000000	         28.22780541	        330.50451863	          6.44731077	         -0.08463135	         -0.01318696	         -1.06807132	          0.00000000	          0.00000000	          0.00000000	          0.05832027	          1.67813357	          0.20328781	          0.08539671	          0.00275701	         -1.03217967	          0.00000000	          0.00000000	          0.00000000	         19.45147837	        178.28364614	         20.14070757	          0.07380707	         -0.00753293	         -1.12654552	          0.00000000	          0.00000000	          0.00000000	         27.02984662	        271.17406155	         17.75304240	         -0.00664252	         -0.01074200	         -1.10023164	          0.00000000	          0.00000000	          0.00000000	         -0.00014312	          0.01210902	          0.00262717	          0.17474579	          0.00815080	         -1.04154299	          0.00000000	          0.00000000	          0.00000000	          1.69493939	         21.13034788	          4.47464463	          0.16336177	         -0.00131192	         -1.13651324	          0.00000000	          0.00000000	          0.00000000	
          6.56000000	         -0.00849477	          0.05501015	         -0.02622121	          0.29325694	          0.00668973	         -0.84802876	          0.00000000	          0.00000000	          0.00000000	         -0.00000000	         -0.00000000	         -0.00000000	          0.44200945	          0.04008309	         -0.91604949	          0.00000000	          0.00000000	          0.00000000	         -0.00000000	         -0.00000000	         -0.00000000	          0.44479630	          0.04145444	         -0.81885136	          0.00000000	          0.00000000	          0.00000000	         -0.00000000	          0.00000000	         -0.00000000	          0.36832476	          0.02393613	         -0.83026573	          0.00000000	          0.00000000	          0.00000000	         -0.00000000	         -0.00000000	         -0.00000000	          0.52465949	          0.05778155	         -0.92340328	          0.00000000	          0.00000000	          0.00000000	         -0.00000000	         -0.00000000	         -0.00000000	          0.52784148	          0.05934336	         -0.82600085	          0.00000000	          0.00000000	          0.00000000	         25.86209908	        299.24671035	          5.37079971	         -0.09149369	         -0.01279242	         -1.06816131	          0.00000000	          0.00000000	          0.00000000	          0.06712486	          2.29179823	          0.26776245	          0.07892228	          0.00234821	         -1.03272071	          0.00000000	          0.00000000	          0.00000000	         20.88168222	        192.35461742	         21.06684770	          0.06689365	         -0.00790340	         -1.12704830	          0.00000000	          0.00000000	          0.00000000	         26.51431729	        264.90827744	         16.68977825	         -0.01354516	         -0.01072462	         -1.10052455	          0.00000000	          0.00000000	          0.00000000	         -0.00111087	          0.02454539	          0.00584239	          0.16835057	          0.00747804	         -1.04241551	          0.00000000	          0.00000000	          0.00000000	          1.78870993	         28.68992455	          6.74479913	          0.15649018	         -0.00180018	         -1.13740028	          0.00000000	          0.00000000	          0.00000000	
          6.58000000	         -0.04135117	          0.13108990	         -0.07747988	          0.28814748	          0.00582771	         -0.84572143	          0.00000000	          0.00000000	          0.00000000	         -0.00000000	         -0.00000000	         -0.00000000	          0.43787502	          0.03817309	         -0.91362843	          0.00000000	          0.00000000	          0.00000000	         -0.00000000	         -0.00000000	         -0.00000000	          0.44054924	          0.03961238	         -0.81643108	          0.00000000	          0.00000000	          0.00000000	         -0.00000000	          0.00000000	         -0.00000000	          0.36363810	          0.02259158	         -0.82790254	          0.00000000	          0.00000000	          0.00000000	         -0.00000000	         -0.00000000	         -0.00000000	          0.52099770	          0.05531618	         -0.92091616	          0.00000000	          0.00000000	          0.00000000	         -0.00000000	         -0.00000000	         -0.00000000	          0.52407196	          0.05694324	         -0.82351454	          0.00000000	          0.00000000	          0.00000000	         22.18427449	        267.61754202	          4.36703141	         -0.09830075	         -0.01225124	         -1.06822165	          0.00000000	          0.00000000	          0.00000000	          0.05721086	          3.20630064	          0.41404143	          0.07256029	          0.00186806	         -1.03324053	          0.00000000	          0.00000000	          0.00000000	         22.97244460	        204.44223992	         25.39575591	          0.06002471	         -0.00827618	         -1.12754854	          0.00000000	          0.00000000	          0.00000000	         25.68829719	        255.06654153	         17.73554467	         -0.02040019	         -0.01063194	         -1.10080186	          0.00000000	          0.00000000	          0.00000000	         -0.00410708	          0.05441074	          0.01512567	          0.16208462	          0.00670601	         -1.04331613	          0.00000000	          0.00000000	          0.00000000	          1.98709703	         36.46269092	         10.12906848	          0.14966640	         -0.00225517	         -1.13835135	          0.00000000	          0.00000000	          0.00000000	
          6.60000000	         -0.16497793	          0.34786775	         -0.26656794	          0.28373976	          0.00482645	         -0.84277755	          0.00000000	          0.00000000	          0.00000000	         -0.00000000	         -0.00000000	         -0.00000000	          0.43456834	          0.03611068	         -0.91023508	          0.00000000	          0.00000000	          0.00000000	         -0.00000000	         -0.00000000	         -0.00000000	          0.43688783	          0.03765513	         -0.81303507	          0.00000000	          0.00000000	          0.00000000	         -0.00000000	          0.00000001	         -0.00000001	          0.35958747	          0.02112095	         -0.82473489	          0.00000000	          0.00000000	          0.00000000	         -0.00000000	         -0.00000000	         -0.00000000	          0.51815814	          0.05270396	         -0.91726949	          0.00000000	          0.00000000	          0.00000000	         -0.00000000	         -0.00000000	         -0.00000000	          0.52088107	          0.05443455	         -0.81986456	          0.00000000	          0.00000000	          0.00000000	         19.84819899	        237.22512955	          2.05785812	         -0.10505159	         -0.01159144	         -1.06820744	          0.00000000	          0.00000000	          0.00000000	          0.04522360	          4.64525971	          0.67749157	          0.06630736	          0.00127831	         -1.03373745	          0.00000000	          0.00000000	          0.00000000	         27.17986593	        214.65187697	         31.20172060	          0.05316146	         -0.00862005	         -1.12806686	          0.00000000	          0.00000000	          0.00000000	         26.47097590	        243.02785724	         18.53850620	         -0.02722754	         -0.01046028	         -1.10105184	          0.00000000	          0.00000000	          0.00000000	         -0.01299679	          0.13751420	          0.04419557	          0.15593426	          0.00579528	         -1.04425802	          0.00000000	          0.00000000	          0.00000000	          2.69786691	         43.98492980	         14.27361337	          0.14284981	         -0.00266170	         -1.13938862	          0.00000000	          0.00000000	          0.00000000	
          6.62000000	         -0.50985895	          1.00954321	         -0.79276493	          0.28008164	          0.00366033	         -0.83896095	          0.00000000	          0.00000000	          0.00000000	         -0.00000000	         -0.00000000	         -0.00000000	          0.43218224	          0.03377762	         -0.90568274	          0.00000000	          0.00000000	          0.00000000	         -0.00000000	         -0.00000000	         -0.00000000	          0.43390330	          0.03551887	         -0.80848359	          0.00000000	          0.00000000	          0.00000000	         -0.00000003	          0.00000007	         -0.00000006	          0.35624211	          0.01948160	         -0.82055474	          0.00000000	          0.00000000	          0.00000000	         -0.00000000	         -0.00000000	         -0.00000000	          0.51625634	          0.04979252	         -0.91230374	          0.00000000	          0.00000000	          0.00000000	         -0.00000000	         -0.00000000	         -0.00000000	          0.51838317	          0.05171921	         -0.81489869	          0.00000000	          0.00000000	          0.00000000	         19.93316512	        207.87303628	         -1.30370284	         -0.11177105	         -0.01083733	         -1.06806008	          0.00000000	          0.00000000	          0.00000000	          0.11571338	          7.18172872	          1.04587308	          0.06012909	          0.00050826	         -1.03414778	          0.00000000	          0.00000000	          0.00000000	         33.99863508	        226.60941872	         34.20741236	          0.04626600	         -0.00894639	         -1.12855656	          0.00000000	          0.00000000	          0.00000000	         29.43393386	        231.28662435	         16.58229051	         -0.03405863	         -0.01022551	         -1.10122238	          0.00000000	          0.00000000	          0.00000000	         -0.04228062	          0.41986821	          0.14398980	          0.14986312	          0.00466435	         -1.04516784	          0.00000000	          0.00000000	          0.00000000	          3.88867709	         52.04025169	         18.19224579	          0.13600701	         -0.00304514	         -1.14044312	          0.00000000	          0.00000000	          0.00000000	
          6.64000000	         -1.57409333	          2.87548785	         -2.29789799	          0.27729379	          0.00234291	         -0.83418282	          0.00000000	          0.00000000	          0.00000000	         -0.00000000	          0.00000000	         -0.00000000	          0.43093754	          0.03108361	         -0.89978828	          0.00000000	          0.00000000	          0.00000000	         -0.00000000	         -0.00000000	         -0.00000000	          0.43172944	          0.03317425	         -0.80260467	          0.00000000	          0.00000000	          0.00000000	         -0.00000028	          0.00000055	         -0.00000046	          0.35372621	          0.01766794	         -0.81523254	          0.00000000	          0.00000000	          0.00000000	         -0.00000000	         -0.00000000	         -0.00000000	          0.51553974	          0.04645280	         -0.90578514	          0.00000000	          0.00000000	          0.00000000	         -0.00000000	         -0.00000000	         -0.00000000	          0.51673923	          0.04872856	         -0.80839438	          0.00000000	          0.00000000	          0.00000000	         21.49551734	        177.92297517	         -1.03317514	         -0.11849302	         -0.00999529	         -1.06779578	          0.00000000	          0.00000000	          0.00000000	          0.65988593	         14.02416660	          1.61016644	          0.05395323	         -0.00050567	         -1.03437915	          0.00000000	          0.00000000	          0.00000000	         41.80560607	        246.63927550	         31.17595258	          0.03934089	         -0.00932045	         -1.12892249	          0.00000000	          0.00000000	          0.00000000	         33.12525704	        222.17777249	         13.33050921	         -0.04090676	         -0.00996322	         -1.10127448	          0.00000000	          0.00000000	          0.00000000	         -0.14648107	          1.52231339	          0.48399817	          0.14380972	          0.00324305	         -1.04589315	          0.00000000	          0.00000000	          0.00000000	          4.48171963	         62.12690388	         20.38662369	          0.12915328	         -0.00345506	         -1.14135438	          0.00000000	          0.00000000	          0.00000000	
          6.66000000	         -3.95996088	          6.48057970	         -5.15694964	          0.27558271	          0.00095446	         -0.82855609	          0.00000000	          0.00000000	          0.00000000	         -0.00000000	          0.00000000	         -0.00000000	          0.43112098	          0.02802380	         -0.89252046	          0.00000000	          0.00000000	          0.00000000	         -0.00000000	          0.00000000	         -0.00000000	          0.43055822	          0.03067150	         -0.79538959	          0.00000000	          0.00000000	          0.00000000	         -0.00000259	          0.00000467	         -0.00000403	          0.35223584	          0.01574728	         -0.80882180	          0.00000000	          0.00000000	          0.00000000	         -0.00000000	         -0.00000000	         -0.00000000	          0.51630852	          0.04264962	         -0.89760844	          0.00000000	          0.00000000	          0.00000000	         -0.00000000	         -0.00000000	         -0.00000000	          0.51615522	          0.04548187	         -0.80026880	          0.00000000	          0.00000000	          0.00000000	         21.15463974	        144.23666989	          3.90965576	         -0.12522282	         -0.00903451	         -1.06756017	          0.00000000	          0.00000000	          0.00000000	          3.27979926	         34.84477010	          2.18674356	          0.04770229	         -0.00177088	         -1.03438703	          0.00000000	          0.00000000	          0.00000000	         47.80638720	        279.29425312	         22.44808159	          0.03244880	         -0.00983062	         -1.12909847	          0.00000000	          0.00000000	          0.00000000	         34.64330006	        214.60766968	         11.60233470	         -0.04773879	         -0.00970432	         -1.10124826	          0.00000000	          0.00000000	          0.00000000	         -0.49146782	          5.26570148	          1.33648076	          0.13771611	          0.00152853	         -1.04628900	          0.00000000	          0.00000000	          0.00000000	          2.68191158	         75.17077728	         20.10464556	          0.12237086	         -0.00393071	         -1.14195731	          0.00000000	          0.00000000	          0.00000000	
          6.68000000	         -8.78350642	         12.91404138	        -10.04990415	          0.27509924	         -0.00035821	         -0.82233760	          0.00000000	          0.00000000	          0.00000000	         -0.00000000	          0.00000000	         -0.00000000	          0.43290421	          0.02467902	         -0.88402011	          0.00000000	          0.00000000	          0.00000000	         -0.00000000	          0.00000000	         -0.00000000	          0.43051953	          0.02813262	         -0.78701821	          0.00000000	          0.00000000	          0.00000000	         -0.00002231	          0.00003662	         -0.00003176	          0.35191004	          0.01385555	         -0.80154261	          0.00000000	          0.00000000	          0.00000000	         -0.00000000	         -0.00000000	         -0.00000000	          0.51873142	          0.03843998	         -0.88786182	          0.00000000	          0.00000000	          0.00000000	         -0.00000000	         -0.00000000	         -0.00000000	          0.51675852	          0.04207668	         -0.79064906	          0.00000000	          0.00000000	          0.00000000	         17.04559594	        103.63224495	         10.86340125	         -0.13191712	         -0.00786193	         -1.06759226	          0.00000000	          0.00000000	          0.00000000	         10.68693334	         72.34042347	          1.13702443	          0.04133119	         -0.00321006	         -1.03422980	          0.00000000	          0.00000000	          0.00000000	         50.10975000	        323.78508445	         12.60822382	          0.02567766	         -0.01052598	         -1.12911731	          0.00000000	          0.00000000	          0.00000000	         32.45675030	        202.96397234	         14.82144468	         -0.05448481	         -0.00943042	         -1.10127982	          0.00000000	          0.00000000	          0.00000000	         -1.47131192	         15.44019349	          2.75890817	          0.13155362	         -0.00039442	         -1.04631677	          0.00000000	          0.00000000	          0.00000000	         -2.87452486	         90.16335816	         17.64952846	          0.11576854	         -0.00446476	         -1.14219000	          0.00000000	          0.00000000	          0.00000000	
          6.70000000	        -18.28199840	         24.81770959	        -18.68856527	          0.27575857	         -0.00141157	         -0.81585986	          0.00000000	          0.00000000	          0.00000000	         -0.00000001	          0.00000001	         -0.00000001	          0.43615560	          0.02118821	         -0.87454873	          0.00000000	          0.00000000	          0.00000000	         -0.00000000	          0.00000000	         -0.00000000	          0.43150929	          0.02571514	         -0.77780576	          0.00000000	          0.00000000	          0.00000000	         -0.00014125	          0.00021703	         -0.00018790	          0.35265542	          0.01216406	         -0.79372076	          0.00000000	          0.00000000	          0.00000000	         -0.00000000	         -0.00000000	         -0.00000000	          0.52265804	          0.03394361	         -0.87678448	          0.00000000	          0.00000000	          0.00000000	         -0.00000000	         -0.00000000	         -0.00000000	          0.51842686	          0.03865052	         -0.77982783	          0.00000000	          0.00000000	          0.00000000	          9.59804995	         58.55958922	         11.71461157	         -0.13848803	         -0.00632065	         -1.06809437	          0.00000000	          0.00000000	          0.00000000	         21.95079274	        116.50362570	          0.63296267	          0.03484954	         -0.00466057	         -1.03407002	          0.00000000	          0.00000000	          0.00000000	         50.35780922	        369.08476668	         11.42295014	          0.01906934	         -0.01135725	         -1.12911931	          0.00000000	          0.00000000	          0.00000000	         26.60662900	        179.12576935	         21.00446168	         -0.06107856	         -0.00904173	         -1.10154005	          0.00000000	          0.00000000	          0.00000000	         -6.07131476	         53.02697579	          8.12057552	          0.12532851	         -0.00234245	         -1.04611622	          0.00000000	          0.00000000	          0.00000000	        -10.76684566	         99.36419239	         16.93200171	          0.10939333	         -0.00494019	         -1.14216929	          0.00000000	          0.00000000	          0.00000000	
          6.72000000	        -24.01068902	         31.50003951	        -23.16001633	          0.27715242	         -0.00202403	         -0.80941538	          0.00000000	          0.00000000	          0.00000000	         -0.00000048	          0.00000063	         -0.00000058	          0.44034457	          0.01775792	         -0.86434817	          0.00000000	          0.00000000	          0.00000000	         -0.00000000	          0.00000000	         -0.00000000	          0.43307436	          0.02360382	         -0.76805066	          0.00000000	          0.00000000	          0.00000000	         -0.00052498	          0.00079669	         -0.00069361	          0.35404413	          0.01085521	         -0.78565365	          0.00000000	          0.00000000	          0.00000000	         -0.00000000	          0.00000000	         -0.00000000	          0.52751380	          0.02937386	         -0.86460967	          0.00000000	          0.00000000	          0.00000000	         -0.00000000	         -0.00000000	         -0.00000000	          0.52066320	          0.03539421	         -0.76809435	          0.00000000	          0.00000000	          0.00000000	          2.57642418	         19.72119978	          4.98963794	         -0.14479318	         -0.00422717	         -1.06904225	          0.00000000	          0.00000000	          0.00000000	         29.14506975	        151.00918505	          3.02852240	          0.02835271	         -0.00590756	         -1.03405944	          0.00000000	          0.00000000	          0.00000000	         47.99380461	        394.99793158	         16.69646686	          0.01260723	         -0.01216026	         -1.12923538	          0.00000000	          0.00000000	          0.00000000	         17.11155365	        138.36093386	         20.68615160	         -0.06746018	         -0.00836605	         -1.10208073	          0.00000000	          0.00000000	          0.00000000	        -13.99157605	        103.48167861	         16.45713449	          0.11910142	         -0.00411609	         -1.04591006	          0.00000000	          0.00000000	          0.00000000	        -16.17238128	        100.71518362	         17.20862431	          0.10321978	         -0.00522249	         -1.14208694	          0.00000000	          0.00000000	          0.00000000	
          6.74000000	        -21.89015652	         28.47491893	        -20.09090600	          0.27864669	         -0.00211476	         -0.80336389	          0.00000000	          0.00000000	          0.00000000	         -0.00001410	          0.00001931	         -0.00001796	          0.44465230	          0.01461700	         -0.85373177	          0.00000000	          0.00000000	          0.00000000	         -0.00000000	          0.00000000	         -0.00000000	          0.43448725	          0.02194273	         -0.75810348	          0.00000000	          0.00000000	          0.00000000	         -0.00107067	          0.00167560	         -0.00145630	          0.35539903	          0.01003823	         -0.77769772	          0.00000000	          0.00000000	          0.00000000	         -0.00000000	          0.00000000	         -0.00000000	          0.53240792	          0.02501539	         -0.85164094	          0.00000000	          0.00000000	          0.00000000	         -0.00000000	         -0.00000000	         -0.00000000	          0.52266717	          0.03250806	         -0.75578859	          0.00000000	          0.00000000	          0.00000000	          0.06317737	          1.24146115	          0.22622810	         -0.15062668	         -0.00146542	         -1.07005988	          0.00000000	          0.00000000	          0.00000000	         22.74590411	        167.55111854	          4.58251854	          0.02204490	         -0.00679588	         -1.03420657	          0.00000000	          0.00000000	          0.00000000	         43.88753889	        393.91022592	         15.01475947	          0.00625833	         -0.01275174	         -1.12945183	          0.00000000	          0.00000000	          0.00000000	          7.23068467	         90.38296940	         10.05954207	         -0.07355007	         -0.00725312	         -1.10270436	          0.00000000	          0.00000000	          0.00000000	        -26.57374424	        151.92749962	         28.75240167	          0.11301879	         -0.00564317	         -1.04587305	          0.00000000	          0.00000000	          0.00000000	        -17.57541162	         98.38221430	         18.46509725	          0.09720639	         -0.00531037	         -1.14208449	          0.00000000	          0.00000000	          0.00000000	
          6.76000000	        -16.30581564	         21.65876689	        -14.11550767	          0.27939222	         -0.00180225	         -0.79834663	          0.00000000	          0.00000000	          0.00000000	         -0.00024305	          0.00036492	         -0.00034065	          0.44804803	          0.01185917	         -0.84332744	          0.00000000	          0.00000000	          0.00000000	         -0.00000001	          0.00000002	         -0.00000002	          0.43479299	          0.02069795	         -0.74859322	          0.00000000	          0.00000000	          0.00000000	         -0.00135092	          0.00236192	         -0.00203276	          0.35582119	          0.00963209	         -0.77048821	          0.00000000	          0.00000000	          0.00000000	         -0.00000001	          0.00000002	         -0.00000002	          0.53623605	          0.02103994	         -0.83850510	          0.00000000	          0.00000000	          0.00000000	         -0.00000000	          0.00000000	         -0.00000000	          0.52340881	          0.03003719	         -0.74353787	          0.00000000	          0.00000000	          0.00000000	          0.00022720	         -0.00523793	         -0.00035026	         -0.15581011	          0.00196025	         -1.07074831	          0.00000000	          0.00000000	          0.00000000	         11.25782329	        170.63427251	          3.37354143	          0.01609229	         -0.00731652	         -1.03441757	          0.00000000	          0.00000000	          0.00000000	         40.75085375	        378.19880122	          6.65915714	         -0.00000164	         -0.01306133	         -1.12966324	          0.00000000	          0.00000000	          0.00000000	          1.60886394	         49.01842729	          2.07954658	         -0.07927663	         -0.00566820	         -1.10315681	          0.00000000	          0.00000000	          0.00000000	        -42.98752901	        199.09398298	         43.00133304	          0.10720023	         -0.00698050	         -1.04605795	          0.00000000	          0.00000000	          0.00000000	        -17.63748203	         95.24636554	         19.07473767	          0.09132918	         -0.00527865	         -1.14220180	          0.00000000	          0.00000000	          0.00000000	
          6.78000000	        -11.59873830	         16.12624868	         -9.27375598	          0.27842136	         -0.00134045	         -0.79506497	          0.00000000	          0.00000000	          0.00000000	         -0.00254206	          0.00467856	         -0.00437314	          0.44942319	          0.00941461	         -0.83392731	          0.00000000	          0.00000000	          0.00000000	         -0.00000001	          0.00000005	         -0.00000005	          0.43295124	          0.01969214	         -0.74028476	          0.00000000	          0.00000000	          0.00000000	         -0.00121752	          0.00290111	         -0.00251260	          0.35430933	          0.00941707	         -0.76475697	          0.00000000	          0.00000000	          0.00000000	         -0.00000041	          0.00000091	         -0.00000097	          0.53783649	          0.01744599	         -0.82604046	          0.00000000	          0.00000000	          0.00000000	         -0.00000000	          0.00000000	         -0.00000000	          0.52179373	          0.02787350	         -0.73215322	          0.00000000	          0.00000000	          0.00000000	          0.00000028	         -0.00000185	          0.00000012	         -0.16021835	          0.00597579	         -1.07097351	          0.00000000	          0.00000000	          0.00000000	         -1.15862081	        167.31089894	         -1.31651268	          0.01054265	         -0.00755262	         -1.03459767	          0.00000000	          0.00000000	          0.00000000	         36.51007408	        360.14433122	         -8.32899817	         -0.00616873	         -0.01313481	         -1.12977566	          0.00000000	          0.00000000	          0.00000000	         -0.47096119	         20.53555322	         -0.90732687	         -0.08457619	         -0.00367009	         -1.10332389	          0.00000000	          0.00000000	          0.00000000	        -65.51543658	        249.10534374	         56.45604355	          0.10166685	         -0.00822139	         -1.04640018	          0.00000000	          0.00000000	          0.00000000	        -18.57917399	         92.51016161	         18.28637861	          0.08559776	         -0.00519555	         -1.14238079	          0.00000000	          0.00000000	          0.00000000	
          6.80000000	         -1.06835710	         14.06260141	         -0.75059669	          0.27461665	         -0.00101132	         -0.79413707	          0.00000000	          0.00000000	          0.00000000	         -0.01227708	          0.04950531	         -0.04719806	          0.44756317	          0.00710652	         -0.82639375	          0.00000000	          0.00000000	          0.00000000	          0.00000004	          0.00000015	         -0.00000014	          0.42785539	          0.01866948	         -0.73398402	          0.00000000	          0.00000000	          0.00000000	          0.00071819	          0.00420224	         -0.00294348	          0.34975505	          0.00912142	         -0.76121313	          0.00000000	          0.00000000	          0.00000000	         -0.00000567	          0.00003634	         -0.00003843	          0.53597718	          0.01408997	         -0.81522914	          0.00000000	          0.00000000	          0.00000000	          0.00000000	          0.00000000	         -0.00000000	          0.51669762	          0.02579501	         -0.72256101	          0.00000000	          0.00000000	          0.00000000	          0.00000000	         -0.00000000	          0.00000000	         -0.16375352	          0.01049785	         -1.07074875	          0.00000000	          0.00000000	          0.00000000	        -10.15434838	        159.31296353	         -7.48188993	          0.00538070	         -0.00758138	         -1.03468250	          0.00000000	          0.00000000	          0.00000000	         36.11594224	        343.06173192	        -26.10686634	         -0.01224660	         -0.01304812	         -1.12972197	          0.00000000	          0.00000000	          0.00000000	         -0.35108383	          4.79033505	         -0.63603796	         -0.08940069	         -0.00133843	         -1.10317902	          0.00000000	          0.00000000	          0.00000000	        -89.91298362	        301.64043066	         67.26506088	          0.09637872	         -0.00942211	         -1.04681328	          0.00000000	          0.00000000	          0.00000000	        -19.26405018	         89.96712924	         16.42437585	          0.08000850	         -0.00509833	         -1.14254390	          0.00000000	          0.00000000	          0.00000000	
          6.82000000	         11.95362930	         15.97095098	          8.50096652	          0.26694082	         -0.00102123	         -0.79595047	          0.00000000	          0.00000000	          0.00000000	          0.24830275	          0.47761255	         -0.36302438	          0.44137739	          0.00476274	         -0.82149763	          0.00000000	          0.00000000	          0.00000000	          0.00000060	          0.00000069	         -0.00000029	          0.41857535	          0.01738385	         -0.73036223	          0.00000000	          0.00000000	          0.00000000	          0.00802536	          0.00866818	         -0.00002839	          0.34117962	          0.00851659	         -0.76038115	          0.00000000	          0.00000000	          0.00000000	          0.00050558	          0.00127790	         -0.00117377	          0.52958960	          0.01079530	         -0.80702411	          0.00000000	          0.00000000	          0.00000000	          0.00000000	          0.00000000	         -0.00000000	          0.50721295	          0.02355129	         -0.71561547	          0.00000000	          0.00000000	          0.00000000	          0.00000000	         -0.00000000	          0.00000000	         -0.16638658	          0.01549451	         -1.07012059	          0.00000000	          0.00000000	          0.00000000	        -13.32436550	        143.57394332	        -12.49214610	          0.00052232	         -0.00740858	         -1.03465503	          0.00000000	          0.00000000	          0.00000000	         45.58457377	        315.31826472	        -41.99773129	         -0.01832584	         -0.01281168	         -1.12947453	          0.00000000	          0.00000000	          0.00000000	         -0.05806005	          0.59695351	         -0.13492610	         -0.09378050	          0.00130535	         -1.10273169	          0.00000000	          0.00000000	          0.00000000	       -105.18664872	        351.67113642	         77.96142106	          0.09121983	         -0.01057485	         -1.04726611	          0.00000000	          0.00000000	          0.00000000	        -16.44890282	         86.05460374	         14.59991290	          0.07446725	         -0.00498052	         -1.14266675	          0.00000000	          0.00000000	          0.00000000	
          6.84000000	         19.51542756	         23.18105440	         13.71451529	          0.25526963	         -0.00141993	         -0.80031672	          0.00000000	          0.00000000	          0.00000000	          3.22807365	          3.35479815	         -0.41144159	          0.43073683	          0.00238968	         -0.81949492	          0.00000000	          0.00000000	          0.00000000	          0.00000465	          0.00000447	          0.00000006	          0.40513512	          0.01575890	         -0.72953731	          0.00000000	          0.00000000	          0.00000000	          0.02505642	          0.02560586	          0.00799209	          0.32853736	          0.00753684	         -0.76221946	          0.00000000	          0.00000000	          0.00000000	          0.03160614	          0.03565085	         -0.01696673	          0.51859248	          0.00757323	         -0.80188474	          0.00000000	          0.00000000	          0.00000000	          0.00000001	          0.00000001	         -0.00000000	          0.49341199	          0.02107111	         -0.71163903	          0.00000000	          0.00000000	          0.00000000	          0.00000000	         -0.00000000	          0.00000000	         -0.16809231	          0.02102905	         -1.06905401	          0.00000000	          0.00000000	          0.00000000	        -11.86401576	        116.52887324	        -14.95414055	         -0.00411774	         -0.00695713	         -1.03449930	          0.00000000	          0.00000000	          0.00000000	         55.15200701	        260.73582301	        -50.66258627	         -0.02452916	         -0.01230683	         -1.12900677	          0.00000000	          0.00000000	          0.00000000	         -0.00026901	          0.00259529	         -0.00084863	         -0.09776489	          0.00435333	         -1.10195068	          0.00000000	          0.00000000	          0.00000000	       -103.55986279	        392.97945275	         85.94300106	          0.08606135	         -0.01163268	         -1.04776133	          0.00000000	          0.00000000	          0.00000000	        -10.27580962	         79.07922116	         12.23481813	          0.06885021	         -0.00479589	         -1.14275568	          0.00000000	          0.00000000	          0.00000000	
          6.86000000	         34.58597203	         39.22609448	         25.29860085	          0.24066604	         -0.00216746	         -0.80650472	          0.00000000	          0.00000000	          0.00000000	         11.35011523	         11.22327754	          2.14395491	          0.41676208	          0.00015134	         -0.82004245	          0.00000000	          0.00000000	          0.00000000	          0.00004071	          0.00003813	          0.00000888	          0.38873442	          0.01385157	         -0.73101196	          0.00000000	          0.00000000	          0.00000000	          0.09946163	          0.10027096	          0.04494272	          0.31296161	          0.00622684	         -0.76610732	          0.00000000	          0.00000000	          0.00000000	          0.59528939	          0.57514221	         -0.05571825	          0.50416817	          0.00462534	         -0.79963655	          0.00000000	          0.00000000	          0.00000000	          0.00000029	          0.00000026	         -0.00000000	          0.47655639	          0.01845221	         -0.71030584	          0.00000000	          0.00000000	          0.00000000	          0.00000000	         -0.00000000	          0.00000000	         -0.16875196	          0.02722123	         -1.06751719	          0.00000000	          0.00000000	          0.00000000	         -8.20306377	         79.90366008	        -15.23448999	         -0.00857079	         -0.00610438	         -1.03413759	          0.00000000	          0.00000000	          0.00000000	         48.00034456	        180.68859141	        -49.44414637	         -0.03085738	         -0.01133658	         -1.12824693	          0.00000000	          0.00000000	          0.00000000	          0.00000059	         -0.00000473	          0.00000203	         -0.10129320	          0.00796605	         -1.10078464	          0.00000000	          0.00000000	          0.00000000	        -85.93927242	        420.76269073	         71.69992655	          0.08082283	         -0.01254129	         -1.04819825	          0.00000000	          0.00000000	          0.00000000	         -4.78580336	         69.15174326	          6.89512866	          0.06315814	         -0.00449600	         -1.14272955	          0.00000000	          0.00000000	          0.00000000	
          6.88000000	         57.81081514	         69.67972182	         49.59986618	          0.22514128	         -0.00324568	         -0.81357747	          0.00000000	          0.00000000	          0.00000000	         35.76583773	         37.35166299	         14.63839925	          0.40156896	         -0.00176990	         -0.82247432	          0.00000000	          0.00000000	          0.00000000	          0.00039668	          0.00039150	          0.00015178	          0.37149270	          0.01173448	         -0.73399432	          0.00000000	          0.00000000	          0.00000000	          0.44634163	          0.47894300	          0.26749103	          0.29651726	          0.00462795	         -0.77117525	          0.00000000	          0.00000000	          0.00000000	          3.67971202	          3.61517939	          0.59207558	          0.48850226	          0.00221015	         -0.79973179	          0.00000000	          0.00000000	          0.00000000	          0.00000486	          0.00000457	          0.00000087	          0.45883468	          0.01586168	         -0.71095401	          0.00000000	          0.00000000	          0.00000000	          0.00000000	         -0.00000000	          0.00000000	         -0.16807502	          0.03414581	         -1.06568232	          0.00000000	          0.00000000	          0.00000000	         -5.93678972	         41.38379187	        -10.94421641	         -0.01273000	         -0.00472829	         -1.03346841	          0.00000000	          0.00000000	          0.00000000	         20.66455995	         93.55877555	        -32.88281523	         -0.03701775	         -0.00972219	         -1.12713331	          0.00000000	          0.00000000	          0.00000000	          0.00000000	         -0.00000000	          0.00000000	         -0.10406746	          0.01227163	         -1.09929138	          0.00000000	          0.00000000	          0.00000000	        -73.07771850	        434.06119148	         23.18765139	          0.07556510	         -0.01326022	         -1.04833826	          0.00000000	          0.00000000	          0.00000000	         -4.99704815	         59.34630348	         -0.52934913	          0.05766978	         -0.00409338	         -1.14241668	          0.00000000	          0.00000000	          0.00000000	
          6.90000000	         78.78950178	        120.44185655	         94.61817013	          0.21122121	         -0.00465182	         -0.82033375	          0.00000000	          0.00000000	          0.00000000	         53.37695757	         67.87781659	         38.97525823	          0.38778973	         -0.00321888	         -0.82580499	          0.00000000	          0.00000000	          0.00000000	          0.00351112	          0.00409561	          0.00215326	          0.35605470	          0.00952452	         -0.73745299	          0.00000000	          0.00000000	          0.00000000	          1.75855317	          2.30732834	          1.53703185	          0.28178942	          0.00279807	         -0.77630445	          0.00000000	          0.00000000	          0.00000000	          6.55581862	          7.46913814	          2.92243879	          0.47429919	          0.00057257	         -0.80128948	          0.00000000	          0.00000000	          0.00000000	          0.00005179	          0.00005588	          0.00002018	          0.44296363	          0.01352273	         -0.71266459	          0.00000000	          0.00000000	          0.00000000	          0.00000000	         -0.00000000	          0.00000000	         -0.16566037	          0.04175642	         -1.06390223	          0.00000000	          0.00000000	          0.00000000	         -3.32080188	         12.05543356	         -3.62674162	         -0.01628567	         -0.00272875	         -1.03250045	          0.00000000	          0.00000000	          0.00000000	          0.28787961	         21.12116054	         -7.81797519	         -0.04239491	         -0.00730776	         -1.12575925	          0.00000000	          0.00000000	          0.00000000	          0.00000000	         -0.00000000	          0.00000000	         -0.10557008	          0.01732569	         -1.09769827	          0.00000000	          0.00000000	          0.00000000	        -83.75186455	        432.94511818	        -37.89512601	          0.07055047	         -0.01376391	         -1.04800568	          0.00000000	          0.00000000	          0.00000000	        -10.39135088	         51.56849546	         -6.47479493	          0.05291497	         -0.00366334	         -1.14175011	          0.00000000	          0.00000000	          0.00000000	
          6.92000000	         48.19002116	        193.47894676	        100.88766537	          0.20092287	         -0.00632940	         -0.82431129	          0.00000000	          0.00000000	          0.00000000	         19.86454389	         79.36334245	         16.12662132	          0.37750990	         -0.00407200	         -0.82766238	          0.00000000	          0.00000000	          0.00000000	          0.01262120	          0.02865255	          0.00580400	          0.34453999	          0.00754893	         -0.73914365	          0.00000000	          0.00000000	          0.00000000	          2.49627349	          7.12639044	          2.59157209	          0.27084702	          0.00093462	         -0.77914487	          0.00000000	          0.00000000	          0.00000000	          2.46752201	          8.41496710	          0.21082767	          0.46367982	         -0.00010629	         -0.80199770	          0.00000000	          0.00000000	          0.00000000	          0.00015064	          0.00031300	          0.00000747	          0.43109774	          0.01178380	         -0.71322818	          0.00000000	          0.00000000	          0.00000000	          0.00000000	         -0.00000000	          0.00000000	         -0.16153326	          0.04991375	         -1.06246641	          0.00000000	          0.00000000	          0.00000000	         -0.22942985	          0.64296866	         -0.15244313	         -0.01916940	         -0.00004448	         -1.03142095	          0.00000000	          0.00000000	          0.00000000	          0.00547821	         -0.02421555	          0.00625854	         -0.04654971	         -0.00390853	         -1.12444438	          0.00000000	          0.00000000	          0.00000000	          0.00000000	         -0.00000000	          0.00000000	         -0.10558388	          0.02315349	         -1.09631423	          0.00000000	          0.00000000	          0.00000000	        -58.32380089	        404.12965960	        -71.67993426	          0.06579544	         -0.01398630	         -1.04725599	          0.00000000	          0.00000000	          0.00000000	        -11.21156152	         40.20155757	         -7.51964944	          0.04912068	         -0.00315957	         -1.14085191	          0.00000000	          0.00000000	          0.00000000	
          6.94000000	          3.04525893	        276.86599870	         61.58599451	          0.19332915	         -0.00812713	         -0.82533004	          0.00000000	          0.00000000	          0.00000000	          2.01048401	         93.35685528	         14.25796037	          0.36984863	         -0.00460318	         -0.82773630	          0.00000000	          0.00000000	          0.00000000	          0.01507871	          0.19376526	          0.01856984	          0.33617266	          0.00566067	         -0.73881326	          0.00000000	          0.00000000	          0.00000000	          1.05006786	         22.83514258	          3.60467814	          0.26284639	         -0.00095436	         -0.77948231	          0.00000000	          0.00000000	          0.00000000	          0.30306826	          9.87673655	          0.93472648	          0.45579689	         -0.00031942	         -0.80148379	          0.00000000	          0.00000000	          0.00000000	          0.00014834	          0.00172939	          0.00006372	          0.42249577	          0.01025452	         -0.71231587	          0.00000000	          0.00000000	          0.00000000	          0.00000000	         -0.00000000	         -0.00000000	         -0.15629307	          0.05839539	         -1.06180728	          0.00000000	          0.00000000	          0.00000000	          0.00050726	         -0.00115062	          0.00002130	         -0.02160285	          0.00338324	         -1.03069799	          0.00000000	          0.00000000	          0.00000000	          0.00000006	         -0.00000010	         -0.00000000	         -0.04931508	          0.00059107	         -1.12377651	          0.00000000	          0.00000000	          0.00000000	          0.00000000	         -0.00000000	         -0.00000000	         -0.10431571	          0.02970175	         -1.09565266	          0.00000000	          0.00000000	          0.00000000	        -16.13508276	        337.63724347	        -51.43160189	          0.06103426	         -0.01378481	         -1.04648262	          0.00000000	          0.00000000	          0.00000000	         -8.27725365	         28.10864704	         -3.64596035	          0.04609839	         -0.00248740	         -1.14014963	          0.00000000	          0.00000000	          0.00000000	
          6.96000000	        -15.14715793	        351.89163184	         17.49202526	          0.18643768	         -0.00983175	         -0.82521204	          0.00000000	          0.00000000	          0.00000000	         -3.21026438	        110.17142566	         17.14197473	          0.36285012	         -0.00514905	         -0.82756389	          0.00000000	          0.00000000	          0.00000000	         -0.10701421	          1.36837429	          0.08800173	          0.32903325	          0.00352911	         -0.73802094	          0.00000000	          0.00000000	          0.00000000	         -4.39619151	         70.76922976	          3.80793125	          0.25582743	         -0.00292449	         -0.77900947	          0.00000000	          0.00000000	          0.00000000	         -0.72854900	         13.31778673	          2.38543993	          0.44872673	         -0.00067042	         -0.80114719	          0.00000000	          0.00000000	          0.00000000	         -0.00139978	          0.01329496	          0.00115856	          0.41527096	          0.00836279	         -0.71136172	          0.00000000	          0.00000000	          0.00000000	          0.00000000	         -0.00000000	         -0.00000000	         -0.15059796	          0.06679882	         -1.06216589	          0.00000000	          0.00000000	          0.00000000	          0.00000006	         -0.00000008	         -0.00000002	         -0.02342126	          0.00753497	         -1.03067200	          0.00000000	          0.00000000	          0.00000000	          0.00000000	         -0.00000000	         -0.00000000	         -0.05033366	          0.00605248	         -1.12410484	          0.00000000	          0.00000000	          0.00000000	          0.00000000	         -0.00000000	         -0.00000000	         -0.10191474	          0.03669449	         -1.09600842	          0.00000000	          0.00000000	          0.00000000	        -11.54568677	        251.04681110	        -28.66326579	          0.05639542	         -0.01304415	         -1.04606691	          0.00000000	          0.00000000	          0.00000000	         -5.52777496	         18.36126561	         -1.23040812	          0.04369733	         -0.00171817	         -1.14004969	          0.00000000	          0.00000000	          0.00000000	
          6.98000000	          4.90015437	        396.85656230	        -51.10052040	          0.17964512	         -0.01125666	         -0.82425960	          0.00000000	          0.00000000	          0.00000000	          3.67062168	        128.46222446	         32.34940886	          0.35594546	         -0.00572843	         -0.82750553	          0.00000000	          0.00000000	          0.00000000	         -1.23544995	          6.87347233	          0.77448208	          0.32262642	          0.00121797	         -0.73717504	          0.00000000	          0.00000000	          0.00000000	        -12.14345013	        135.19944828	         -1.90324690	          0.24924275	         -0.00484715	         -0.77808278	          0.00000000	          0.00000000	          0.00000000	         -1.26812976	         20.74395601	          8.21529625	          0.44194390	         -0.00122448	         -0.80139402	          0.00000000	          0.00000000	          0.00000000	         -0.03445681	          0.12669854	          0.03261241	          0.40896775	          0.00616066	         -0.71083173	          0.00000000	          0.00000000	          0.00000000	          0.00000000	         -0.00000000	         -0.00000000	         -0.14486735	          0.07454641	         -1.06329365	          0.00000000	          0.00000000	          0.00000000	          0.00000000	         -0.00000000	         -0.00000000	         -0.02391526	          0.01215850	         -1.03141611	          0.00000000	          0.00000000	          0.00000000	          0.00000000	         -0.00000000	         -0.00000000	         -0.04898525	          0.01209960	         -1.12540678	          0.00000000	          0.00000000	          0.00000000	          0.00000000	         -0.00000000	         -0.00000000	         -0.09828909	          0.04364953	         -1.09724145	          0.00000000	          0.00000000	          0.00000000	        -47.67541767	        171.81128133	          0.40575411	          0.05261541	         -0.01178034	         -1.04625610	          0.00000000	          0.00000000	          0.00000000	         -4.59148449	         11.01990519	          0.61005674	          0.04204846	         -0.00094320	         -1.14073192	          0.00000000	          0.00000000	          0.00000000	
          7.00000000	         41.32050942	        395.49271422	        -98.78232377	          0.17263684	         -0.01222705	         -0.82262665	          0.00000000	          0.00000000	          0.00000000	         17.52688234	        140.49209294	         44.74182950	          0.34883409	         -0.00625223	         -0.82775749	          0.00000000	          0.00000000	          0.00000000	         -5.24585256	         26.92959467	          4.30361267	          0.31666212	         -0.00110932	         -0.73653287	          0.00000000	          0.00000000	          0.00000000	        -10.51753006	        192.88912992	        -10.13962641	          0.24279024	         -0.00655060	         -0.77690939	          0.00000000	          0.00000000	          0.00000000	         -0.71253757	         31.09062183	         16.59542757	          0.43516202	         -0.00186866	         -0.80245063	          0.00000000	          0.00000000	          0.00000000	         -0.35036572	          1.01870696	          0.38381595	          0.40330243	          0.00387779	         -0.71101762	          0.00000000	          0.00000000	          0.00000000	          0.00000000	         -0.00000000	         -0.00000000	         -0.13899923	          0.08092324	         -1.06481021	          0.00000000	          0.00000000	          0.00000000	          0.00000000	         -0.00000000	         -0.00000000	         -0.02180801	          0.01674168	         -1.03312870	          0.00000000	          0.00000000	          0.00000000	          0.00000000	         -0.00000000	         -0.00000000	         -0.04430725	          0.01822266	         -1.12772138	          0.00000000	          0.00000000	          0.00000000	          0.00000000	         -0.00000000	         -0.00000000	         -0.09292176	          0.04995353	         -1.09917344	          0.00000000	          0.00000000	          0.00000000	       -103.91465323	        118.32794687	         30.21322203	          0.05119257	         -0.01014836	         -1.04754053	          0.00000000	          0.00000000	          0.00000000	         -5.12812836	          5.99765221	          1.81702727	          0.04198493	         -0.00012190	         -1.14251535	          0.00000000	          0.00000000	          0.00000000	
          7.02000000	         19.66987254	        344.27749984	        -83.90903584	          0.16561927	         -0.01259278	         -0.82078522	          0.00000000	          0.00000000	          0.00000000	         10.18778988	        134.71382829	         30.97116677	          0.34173053	         -0.00652400	         -0.82800320	          0.00000000	          0.00000000	          0.00000000	        -14.60399936	         73.16193883	          8.05181109	          0.31088351	         -0.00311200	         -0.73599962	          0.00000000	          0.00000000	          0.00000000	        -17.15037865	        216.23991089	        -15.74222930	          0.23643100	         -0.00778545	         -0.77568850	          0.00000000	          0.00000000	          0.00000000	         -2.53435683	         37.47447792	         14.73035126	          0.42845282	         -0.00235286	         -0.80361647	          0.00000000	          0.00000000	          0.00000000	         -1.41558880	          4.15299663	          1.13547620	          0.39787524	          0.00189591	         -0.71142146	          0.00000000	          0.00000000	          0.00000000	         -0.00000000	         -0.00000000	          0.00000000	         -0.13242982	          0.08518542	         -1.06559132	          0.00000000	          0.00000000	          0.00000000	          0.00000000	         -0.00000000	         -0.00000000	         -0.01570742	          0.02066339	         -1.03496284	          0.00000000	          0.00000000	          0.00000000	          0.00000000	         -0.00000000	         -0.00000000	         -0.03545157	          0.02375500	         -1.13001388	          0.00000000	          0.00000000	          0.00000000	          0.00000000	         -0.00000000	         -0.00000000	         -0.08512691	          0.05489926	         -1.10071799	          0.00000000	          0.00000000	          0.00000000	        -57.23515958	         52.88767935	          5.78199745	          0.05454088	         -0.00807739	         -1.04928685	          0.00000000	          0.00000000	          0.00000000	         -1.45906950	          1.36293429	          0.15465073	          0.04582155	          0.00139135	         -1.14453632	          0.00000000	          0.00000000	          0.00000000	
          7.04000000	         16.66150501	        282.03761116	        -68.07417394	          0.15877890	         -0.01235764	         -0.81902842	          0.00000000	          0.00000000	          0.00000000	          8.95066766	        127.07685843	         13.26307238	          0.33484740	         -0.00651677	         -0.82786083	          0.00000000	          0.00000000	          0.00000000	        -15.45951729	        113.42916739	          2.83354766	          0.30508380	         -0.00463434	         -0.73532587	          0.00000000	          0.00000000	          0.00000000	         -9.65904078	        216.28724026	        -24.29161636	          0.23014257	         -0.00847217	         -0.77444933	          0.00000000	          0.00000000	          0.00000000	         -2.55934474	         41.89839035	          8.40329423	          0.42191316	         -0.00263974	         -0.80417384	          0.00000000	          0.00000000	          0.00000000	         -2.29985327	          8.74689996	          1.04818222	          0.39237303	          0.00034181	         -0.71144339	          0.00000000	          0.00000000	          0.00000000	         -0.00000000	         -0.00000000	          0.00000000	         -0.12431837	          0.08677253	         -1.06516109	          0.00000000	          0.00000000	          0.00000000	         -0.00000000	          0.00000000	          0.00000000	         -0.00471510	          0.02340799	         -1.03601678	          0.00000000	          0.00000000	          0.00000000	          0.00000000	         -0.00000000	         -0.00000000	         -0.02200412	          0.02802016	         -1.13129934	          0.00000000	          0.00000000	          0.00000000	         -0.00000000	         -0.00000000	          0.00000000	         -0.07429148	          0.05786337	         -1.10114450	          0.00000000	          0.00000000	          0.00000000	        -45.22537483	         35.14282185	          2.04935512	          0.06460527	         -0.00576554	         -1.05053233	          0.00000000	          0.00000000	          0.00000000	         -0.27867501	          0.21823990	          0.01209256	          0.05592862	          0.00363521	         -1.14581263	          0.00000000	          0.00000000	          0.00000000	
          7.06000000	         19.19132911	        229.26230377	        -65.77128368	          0.15195694	         -0.01169069	         -0.81727104	          0.00000000	          0.00000000	          0.00000000	         11.35106910	        122.30019648	          4.23005820	          0.32802342	         -0.00639604	         -0.82742260	          0.00000000	          0.00000000	          0.00000000	        -13.16138415	        139.67824611	         -3.75638596	          0.29914411	         -0.00574372	         -0.73454070	          0.00000000	          0.00000000	          0.00000000	         -2.18049183	        203.28366147	        -32.59866931	          0.22378738	         -0.00872616	         -0.77316107	          0.00000000	          0.00000000	          0.00000000	         -2.30329159	         45.36346705	          4.73531603	          0.41540111	         -0.00284876	         -0.80429328	          0.00000000	          0.00000000	          0.00000000	         -3.73685156	         16.26950238	          0.68499530	          0.38669821	         -0.00079279	         -0.71120004	          0.00000000	          0.00000000	          0.00000000	         -0.00000000	         -0.00000000	          0.00000000	         -0.11371546	          0.08549533	         -1.06398597	          0.00000000	          0.00000000	          0.00000000	         -0.00000000	          0.00000000	          0.00000000	          0.01149369	          0.02472392	         -1.03633457	          0.00000000	          0.00000000	          0.00000000	         -0.00000000	          0.00000000	          0.00000000	         -0.00396899	          0.03065765	         -1.13163847	          0.00000000	          0.00000000	          0.00000000	         -0.00000000	         -0.00000000	          0.00000000	         -0.05994903	          0.05856816	         -1.10071927	          0.00000000	          0.00000000	          0.00000000	        -41.59416773	         28.15240205	          0.62461481	          0.08160622	         -0.00374536	         -1.05118050	          0.00000000	          0.00000000	          0.00000000	         -0.06154114	          0.04205429	          0.00072883	          0.07256389	          0.00580821	         -1.14636595	          0.00000000	          0.00000000	          0.00000000	
          7.08000000	         19.54664272	        200.63665492	        -76.29509406	          0.14510074	         -0.01083110	         -0.81535475	          0.00000000	          0.00000000	          0.00000000	         13.94318012	        121.82174683	          2.41666979	          0.32115857	         -0.00628919	         -0.82700449	          0.00000000	          0.00000000	          0.00000000	        -15.86124463	        150.24405549	         -6.86772382	          0.29318380	         -0.00646611	         -0.73383770	          0.00000000	          0.00000000	          0.00000000	         -1.98107056	        187.98288802	        -40.79080077	          0.21740538	         -0.00867763	         -0.77183528	          0.00000000	          0.00000000	          0.00000000	         -2.17821635	         47.89101896	          5.82657949	          0.40886352	         -0.00300706	         -0.80452184	          0.00000000	          0.00000000	          0.00000000	         -5.63123471	         22.05883951	          1.26460534	          0.38101624	         -0.00142605	         -0.71113209	          0.00000000	          0.00000000	          0.00000000	         -0.00000000	         -0.00000000	          0.00000000	         -0.09983470	          0.08155240	         -1.06208087	          0.00000000	          0.00000000	          0.00000000	         -0.00000000	          0.00000000	          0.00000000	          0.03274318	          0.02464311	         -1.03594608	          0.00000000	          0.00000000	          0.00000000	         -0.00000000	          0.00000000	          0.00000000	          0.01818373	          0.03165739	         -1.13109852	          0.00000000	          0.00000000	          0.00000000	         -0.00000000	         -0.00000000	          0.00000000	         -0.04194489	          0.05710756	         -1.09948438	          0.00000000	          0.00000000	          0.00000000	        -32.84747482	         19.98150128	          0.08946725	          0.10488936	         -0.00224137	         -1.05127229	          0.00000000	          0.00000000	          0.00000000	         -0.01776792	          0.01095691	         -0.00002286	          0.09494924	          0.00751434	         -1.14628605	          0.00000000	          0.00000000	          0.00000000	
          7.10000000	         14.55283442	        195.67651927	        -88.66520549	          0.13825859	         -0.01005348	         -0.81327562	          0.00000000	          0.00000000	          0.00000000	         13.07779450	        124.51054446	          3.90564443	          0.31425000	         -0.00626234	         -0.82684481	          0.00000000	          0.00000000	          0.00000000	        -22.24079208	        144.89005004	         -6.19820300	          0.28733251	         -0.00680112	         -0.73337261	          0.00000000	          0.00000000	          0.00000000	         -8.27806862	        175.31822425	        -44.29371192	          0.21108965	         -0.00846286	         -0.77054423	          0.00000000	          0.00000000	          0.00000000	         -2.10103203	         49.39511229	          9.69638024	          0.40230177	         -0.00311736	         -0.80523824	          0.00000000	          0.00000000	          0.00000000	         -6.12611850	         20.92717324	          2.63836830	          0.37546861	         -0.00155752	         -0.71155064	          0.00000000	          0.00000000	          0.00000000	         -0.00000000	         -0.00000000	         -0.00000000	         -0.08215333	          0.07540827	         -1.05943097	          0.00000000	          0.00000000	          0.00000000	         -0.00000000	          0.00000000	          0.00000000	          0.05853665	          0.02338170	         -1.03506167	          0.00000000	          0.00000000	          0.00000000	         -0.00000000	          0.00000000	          0.00000000	          0.04382009	          0.03122078	         -1.12993201	          0.00000000	          0.00000000	          0.00000000	         -0.00000000	         -0.00000000	          0.00000000	         -0.02033325	          0.05381540	         -1.09755871	          0.00000000	          0.00000000	          0.00000000	        -24.04619763	         13.55417892	          0.06666799	          0.13339244	         -0.00125092	         -1.05110339	          0.00000000	          0.00000000	          0.00000000	         -0.00757110	          0.00435012	         -0.00001650	          0.12193898	          0.00867148	         -1.14587743	          0.00000000	          0.00000000	          0.00000000	
          7.12000000	          3.00325190	        206.29956455	        -91.34180537	          0.13153693	         -0.00956271	         -0.81130038	          0.00000000	          0.00000000	          0.00000000	          7.06565876	        130.43246157	          5.28764746	          0.30739417	         -0.00633531	         -0.82702166	          0.00000000	          0.00000000	          0.00000000	        -25.54495038	        127.34190057	         -3.84858559	          0.28161259	         -0.00674696	         -0.73322722	          0.00000000	          0.00000000	          0.00000000	        -16.65706225	        165.55640378	        -39.91331269	          0.20490248	         -0.00818374	         -0.76946325	          0.00000000	          0.00000000	          0.00000000	         -2.58030395	         50.23233477	         12.25658114	          0.39576711	         -0.00318614	         -0.80645821	          0.00000000	          0.00000000	          0.00000000	         -4.55415986	         15.08333330	          2.72171305	          0.37004084	         -0.00125712	         -0.71248806	          0.00000000	          0.00000000	          0.00000000	         -0.00000000	         -0.00000000	         -0.00000000	         -0.06065947	          0.06763959	         -1.05602891	          0.00000000	          0.00000000	          0.00000000	         -0.00000002	          0.00000001	          0.00000000	          0.08802263	          0.02121369	         -1.03396613	          0.00000000	          0.00000000	          0.00000000	         -0.00000000	          0.00000000	         -0.00000000	          0.07210706	          0.02963005	         -1.12844426	          0.00000000	          0.00000000	          0.00000000	         -0.00000000	         -0.00000000	         -0.00000000	          0.00448037	          0.04912295	         -1.09509031	          0.00000000	          0.00000000	          0.00000000	        -20.30566680	         10.92376833	          0.22953329	          0.16570623	         -0.00071894	         -1.05106851	          0.00000000	          0.00000000	          0.00000000	         -0.00514124	          0.00283875	          0.00002522	          0.15208194	          0.00927922	         -1.14552295	          0.00000000	          0.00000000	          0.00000000	
          7.14000000	         -7.68737652	        222.41361246	        -80.56617373	          0.12499381	         -0.00940803	         -0.80975874	          0.00000000	          0.00000000	          0.00000000	          0.19320887	        146.68435748	          2.89009572	          0.30069250	         -0.00657596	         -0.82743583	          0.00000000	          0.00000000	          0.00000000	        -22.12532206	        111.82669678	         -3.59532168	          0.27591866	         -0.00641418	         -0.73336715	          0.00000000	          0.00000000	          0.00000000	        -19.66937307	        161.00187365	        -32.31393129	          0.19881399	         -0.00792131	         -0.76874416	          0.00000000	          0.00000000	          0.00000000	         -3.61308007	         55.35395022	         11.01187459	          0.38931553	         -0.00331631	         -0.80787772	          0.00000000	          0.00000000	          0.00000000	         -2.49490668	          9.48880369	          1.49821269	          0.36458182	         -0.00068167	         -0.71370982	          0.00000000	          0.00000000	          0.00000000	         -0.00000000	         -0.00000000	         -0.00000000	         -0.03601151	          0.05882610	         -1.05197668	          0.00000000	          0.00000000	          0.00000000	         -0.00000056	          0.00000029	          0.00000001	          0.11994317	          0.01840264	         -1.03309532	          0.00000000	          0.00000000	          0.00000000	         -0.00000000	          0.00000000	          0.00000000	          0.10189380	          0.02721560	         -1.12704377	          0.00000000	          0.00000000	          0.00000000	         -0.00000000	         -0.00000000	         -0.00000000	          0.03159763	          0.04348889	         -1.09233186	          0.00000000	          0.00000000	          0.00000000	        -20.91958664	         11.05394681	          0.76561246	          0.20014711	         -0.00057894	         -1.05173512	          0.00000000	          0.00000000	          0.00000000	         -0.00510712	          0.00279045	          0.00014473	          0.18370445	          0.00941636	         -1.14574113	          0.00000000	          0.00000000	          0.00000000	
          7.16000000	        -13.72250362	        232.60340915	        -53.43463835	          0.11862552	         -0.00946984	         -0.80885580	          0.00000000	          0.00000000	          0.00000000	         -7.69871979	        182.85327787	         -7.00624633	          0.29421559	         -0.00713305	         -0.82785254	          0.00000000	          0.00000000	          0.00000000	        -15.25744413	        108.81862401	         -6.33298312	          0.27010330	         -0.00607009	         -0.73363554	          0.00000000	          0.00000000	          0.00000000	        -16.65384874	        162.42233178	        -23.63960294	          0.19274190	         -0.00775146	         -0.76841565	          0.00000000	          0.00000000	          0.00000000	         -7.18727704	         72.97305660	          3.07822999	          0.38300765	         -0.00374397	         -0.80902484	          0.00000000	          0.00000000	          0.00000000	         -1.32667471	          6.76237252	          0.25223700	          0.35892742	         -0.00010123	         -0.71482198	          0.00000000	          0.00000000	          0.00000000	         -0.00000000	         -0.00000000	         -0.00000000	         -0.00929653	          0.04956100	         -1.04777142	          0.00000000	          0.00000000	          0.00000000	         -0.00001864	          0.00000989	          0.00000085	          0.15286365	          0.01526149	         -1.03318231	          0.00000000	          0.00000000	          0.00000000	         -0.00000000	          0.00000000	          0.00000000	          0.13189654	          0.02440011	         -1.12639758	          0.00000000	          0.00000000	          0.00000000	         -0.00000000	         -0.00000000	         -0.00000000	          0.05983929	          0.03742582	         -1.08986231	          0.00000000	          0.00000000	          0.00000000	        -22.67107180	         12.04546882	          1.91985210	          0.23503694	         -0.00065931	         -1.05392248	          0.00000000	          0.00000000	          0.00000000	         -0.00557141	          0.00308272	          0.00041787	          0.21520252	          0.00933463	         -1.14727234	          0.00000000	          0.00000000	          0.00000000	
          7.18000000	        -16.96052012	        225.99318768	        -16.45856944	          0.11244313	         -0.00952707	         -0.80864121	          0.00000000	          0.00000000	          0.00000000	        -18.88298629	        237.32087762	        -17.97822935	          0.28802133	         -0.00806793	         -0.82809298	          0.00000000	          0.00000000	          0.00000000	         -9.54161156	        119.72545984	         -7.86829553	          0.26413791	         -0.00598645	         -0.73388568	          0.00000000	          0.00000000	          0.00000000	        -12.92009478	        167.02936634	        -11.51958296	          0.18667471	         -0.00770412	         -0.76843130	          0.00000000	          0.00000000	          0.00000000	        -17.04754038	        107.77774190	        -12.79803953	          0.37692684	         -0.00461601	         -0.80958516	          0.00000000	          0.00000000	          0.00000000	         -0.98932691	          6.16133284	         -0.55101296	          0.35306565	          0.00024479	         -0.71554661	          0.00000000	          0.00000000	          0.00000000	         -0.00000000	         -0.00000000	         -0.00000000	          0.01831444	          0.04049895	         -1.04436595	          0.00000000	          0.00000000	          0.00000000	         -0.00047347	          0.00025668	          0.00004673	          0.18543982	          0.01222858	         -1.03504691	          0.00000000	          0.00000000	          0.00000000	         -0.00000001	          0.00000001	          0.00000000	          0.16100436	          0.02169464	         -1.12728165	          0.00000000	          0.00000000	          0.00000000	         -0.00000000	          0.00000000	          0.00000000	          0.08807207	          0.03151983	         -1.08854547	          0.00000000	          0.00000000	          0.00000000	        -19.25928707	         10.49838458	          2.91049755	          0.26895092	         -0.00061144	         -1.05835888	          0.00000000	          0.00000000	          0.00000000	         -0.00415865	          0.00237131	          0.00058863	          0.24533699	          0.00945501	         -1.15079352	          0.00000000	          0.00000000	          0.00000000	
          7.20000000	        -18.76764424	        203.31428131	          5.61922419	          0.10642748	         -0.00938600	         -0.80887385	          0.00000000	          0.00000000	          0.00000000	        -28.28071968	        273.70698384	        -17.71364469	          0.28205080	         -0.00910669	         -0.82812821	          0.00000000	          0.00000000	          0.00000000	         -8.47395951	        136.53981517	         -6.28523227	          0.25810750	         -0.00622311	         -0.73402071	          0.00000000	          0.00000000	          0.00000000	        -12.78147661	        168.32847030	         -1.37519638	          0.18064971	         -0.00772247	         -0.76861907	          0.00000000	          0.00000000	          0.00000000	        -28.57624259	        140.13700069	        -24.40945586	          0.37104719	         -0.00566690	         -0.80961243	          0.00000000	          0.00000000	          0.00000000	         -1.05878814	          6.25250676	         -0.85497048	          0.34710857	          0.00033277	         -0.71585704	          0.00000000	          0.00000000	          0.00000000	         -0.00000000	         -0.00000000	          0.00000000	          0.04565785	          0.03230594	         -1.04281214	          0.00000000	          0.00000000	          0.00000000	         -0.00520793	          0.00293378	          0.00081755	          0.21646615	          0.00980545	         -1.03906711	          0.00000000	          0.00000000	          0.00000000	         -0.00000011	          0.00000006	          0.00000002	          0.18840522	          0.01957936	         -1.13013429	          0.00000000	          0.00000000	          0.00000000	         -0.00000000	          0.00000000	          0.00000000	          0.11531977	          0.02634424	         -1.08913173	          0.00000000	          0.00000000	          0.00000000	         -9.43171974	          5.36125912	          2.02688951	          0.30073842	         -0.00001171	         -1.06507376	          0.00000000	          0.00000000	          0.00000000	         -0.00136089	          0.00080850	          0.00028115	          0.27331342	          0.01019210	         -1.15638922	          0.00000000	          0.00000000	          0.00000000	
          7.22000000	        -17.11518592	        184.78625869	         -1.85641566	          0.10040290	         -0.00904813	         -0.80895360	          0.00000000	          0.00000000	          0.00000000	        -22.07989849	        236.86176903	         -5.32375089	          0.27604808	         -0.00963805	         -0.82797919	          0.00000000	          0.00000000	          0.00000000	        -13.08469960	        144.59806356	         -3.60490954	          0.25204044	         -0.00656420	         -0.73391218	          0.00000000	          0.00000000	          0.00000000	        -15.05609001	        164.59485337	         -2.87944568	          0.17460191	         -0.00771399	         -0.76860706	          0.00000000	          0.00000000	          0.00000000	        -20.97345953	        126.73972373	        -10.16382000	          0.36511797	         -0.00622461	         -0.80938072	          0.00000000	          0.00000000	          0.00000000	         -1.06308901	          6.37968528	         -0.49944772	          0.34108879	          0.00030719	         -0.71579089	          0.00000000	          0.00000000	          0.00000000	         -0.00000000	          0.00000000	          0.00000000	          0.07166792	          0.02548684	         -1.04384814	          0.00000000	          0.00000000	          0.00000000	         -0.01799602	          0.01067084	          0.00367905	          0.24498448	          0.00834846	         -1.04487897	          0.00000000	          0.00000000	          0.00000000	         -0.00000035	          0.00000021	          0.00000007	          0.21369159	          0.01830975	         -1.13480455	          0.00000000	          0.00000000	          0.00000000	         -0.00000001	          0.00000000	          0.00000000	          0.14086114	          0.02227711	         -1.09192665	          0.00000000	          0.00000000	          0.00000000	         -2.87630961	          1.72137553	          0.72577550	          0.32960726	          0.00137522	         -1.07316342	          0.00000000	          0.00000000	          0.00000000	         -0.00018726	          0.00011611	          0.00004604	          0.29884537	          0.01166759	         -1.16336924	          0.00000000	          0.00000000	          0.00000000	
          7.24000000	        -12.23513847	        193.75715061	        -21.67450953	          0.09406158	         -0.00878761	         -0.80838321	          0.00000000	          0.00000000	          0.00000000	         -7.53226037	        144.96911372	         -0.24058770	          0.26968486	         -0.00915433	         -0.82763207	          0.00000000	          0.00000000	          0.00000000	        -14.19315266	        134.63195671	         -3.67383020	          0.24578398	         -0.00670392	         -0.73346470	          0.00000000	          0.00000000	          0.00000000	        -14.00155172	        163.01270796	        -11.55736607	          0.16830623	         -0.00767283	         -0.76809404	          0.00000000	          0.00000000	          0.00000000	         -2.14612280	         71.26671283	          4.05051458	          0.35877642	         -0.00571089	         -0.80905759	          0.00000000	          0.00000000	          0.00000000	         -0.49217661	          6.34513373	          0.07644573	          0.33482169	          0.00028763	         -0.71530601	          0.00000000	          0.00000000	          0.00000000	         -0.00000008	          0.00000005	          0.00000001	          0.09569326	          0.02015329	         -1.04734849	          0.00000000	          0.00000000	          0.00000000	         -0.02334158	          0.01453877	          0.00482114	          0.27060037	          0.00783839	         -1.05128137	          0.00000000	          0.00000000	          0.00000000	         -0.00000056	          0.00000036	          0.00000011	          0.23700062	          0.01773330	         -1.14040030	          0.00000000	          0.00000000	          0.00000000	         -0.00000016	          0.00000010	          0.00000003	          0.16445311	          0.01929481	         -1.09643606	          0.00000000	          0.00000000	          0.00000000	         -0.49959740	          0.31240743	          0.11364689	          0.35540807	          0.00338621	         -1.08092565	          0.00000000	          0.00000000	          0.00000000	         -0.00002164	          0.00001380	          0.00000484	          0.32227795	          0.01355339	         -1.17034614	          0.00000000	          0.00000000	          0.00000000	
          7.26000000	          3.08389242	        244.31338244	        -56.34087122	          0.08713160	         -0.00901308	         -0.80710619	          0.00000000	          0.00000000	          0.00000000	          4.61556719	         74.87226781	          9.30191948	          0.26262224	         -0.00770730	         -0.82737465	          0.00000000	          0.00000000	          0.00000000	        -14.78294995	        116.74908920	          8.07380127	          0.23922003	         -0.00651263	         -0.73298507	          0.00000000	          0.00000000	          0.00000000	        -10.99553919	        175.33199393	        -14.76118949	          0.16157441	         -0.00773511	         -0.76720392	          0.00000000	          0.00000000	          0.00000000	          3.63772327	         23.19479967	          8.67048955	          0.35168665	         -0.00404736	         -0.80916284	          0.00000000	          0.00000000	          0.00000000	         -0.13356826	          5.42901580	          1.56199199	          0.32819364	          0.00042522	         -0.71495468	          0.00000000	          0.00000000	          0.00000000	         -0.00000715	          0.00000467	          0.00000149	          0.11775899	          0.01600564	         -1.05263665	          0.00000000	          0.00000000	          0.00000000	         -0.01842032	          0.01191627	          0.00334500	          0.29363771	          0.00792182	         -1.05709479	          0.00000000	          0.00000000	          0.00000000	         -0.00000076	          0.00000049	          0.00000014	          0.25894072	          0.01743078	         -1.14596099	          0.00000000	          0.00000000	          0.00000000	         -0.00000175	          0.00000113	          0.00000034	          0.18641912	          0.01703628	         -1.10185040	          0.00000000	          0.00000000	          0.00000000	         -0.06901512	          0.04447611	          0.01151201	          0.37868476	          0.00559607	         -1.08696535	          0.00000000	          0.00000000	          0.00000000	         -0.00000373	          0.00000241	          0.00000064	          0.34442096	          0.01533778	         -1.17614777	          0.00000000	          0.00000000	          0.00000000	
          7.28000000	         23.18127745	        333.56685727	        -89.98627468	          0.07962798	         -0.00994167	         -0.80547227	          0.00000000	          0.00000000	          0.00000000	          8.11610996	         45.98638100	         13.84879725	          0.25470104	         -0.00581346	         -0.82773986	          0.00000000	          0.00000000	          0.00000000	        -13.93132099	         96.47635743	         21.90712365	          0.23241558	         -0.00603696	         -0.73305130	          0.00000000	          0.00000000	          0.00000000	         -9.33494751	        197.29636899	         -5.22813988	          0.15445493	         -0.00801751	         -0.76640089	          0.00000000	          0.00000000	          0.00000000	          1.28645472	          4.28609071	          3.02815389	          0.34372434	         -0.00160630	         -0.81045497	          0.00000000	          0.00000000	          0.00000000	         -0.08897519	          3.49042398	          2.11621254	          0.32131709	          0.00095667	         -0.71569868	          0.00000000	          0.00000000	          0.00000000	         -0.00025683	          0.00017251	          0.00005458	          0.13827803	          0.01263227	         -1.05872164	          0.00000000	          0.00000000	          0.00000000	         -0.01278721	          0.00849080	          0.00151594	          0.31471282	          0.00822888	         -1.06151399	          0.00000000	          0.00000000	          0.00000000	         -0.00000117	          0.00000076	          0.00000016	          0.28010007	          0.01707786	         -1.15068519	          0.00000000	          0.00000000	          0.00000000	         -0.00001353	          0.00000896	          0.00000234	          0.20725783	          0.01513465	         -1.10727260	          0.00000000	          0.00000000	          0.00000000	         -0.01084622	          0.00713855	          0.00077430	          0.40014330	          0.00766077	         -1.09057603	          0.00000000	          0.00000000	          0.00000000	         -0.00000104	          0.00000067	          0.00000009	          0.36594339	          0.01671304	         -1.18007300	          0.00000000	          0.00000000	          0.00000000	
          7.30000000	         33.21376405	        442.95841954	        -98.19555091	          0.07190284	         -0.01141965	         -0.80404712	          0.00000000	          0.00000000	          0.00000000	          8.18747190	         37.78838423	         13.37559095	          0.24622113	         -0.00408665	         -0.82879857	          0.00000000	          0.00000000	          0.00000000	         -8.62625194	         75.88402622	         21.69633868	          0.22542206	         -0.00534343	         -0.73380465	          0.00000000	          0.00000000	          0.00000000	         -6.46137931	        217.81024637	          5.90621327	          0.14714264	         -0.00845654	         -0.76604307	          0.00000000	          0.00000000	          0.00000000	          0.41364016	          1.19591114	          0.92187403	          0.33516182	          0.00096794	         -0.81280010	          0.00000000	          0.00000000	          0.00000000	         -0.00100752	          1.62057320	          1.11644772	          0.31423670	          0.00197941	         -0.71758895	          0.00000000	          0.00000000	          0.00000000	         -0.00511420	          0.00348003	          0.00082629	          0.15774841	          0.00975699	         -1.06413516	          0.00000000	          0.00000000	          0.00000000	         -0.00836398	          0.00564987	          0.00020091	          0.33440942	          0.00860392	         -1.06373372	          0.00000000	          0.00000000	          0.00000000	         -0.00000198	          0.00000130	          0.00000010	          0.30078153	          0.01661484	         -1.15359600	          0.00000000	          0.00000000	          0.00000000	         -0.00008447	          0.00005642	          0.00000888	          0.22736110	          0.01342411	         -1.11147159	          0.00000000	          0.00000000	          0.00000000	         -0.00174770	          0.00117102	         -0.00007504	          0.42032290	          0.00951501	         -1.09126170	          0.00000000	          0.00000000	          0.00000000	         -0.00000038	          0.00000025	         -0.00000001	          0.38709802	          0.01770634	         -1.18145499	          0.00000000	          0.00000000	          0.00000000	
          7.32000000	         32.79151957	        534.27997545	        -80.45122915	          0.06430578	         -0.01306235	         -0.80319480	          0.00000000	          0.00000000	          0.00000000	          6.29598018	         35.62600597	          7.12538192	          0.23776428	         -0.00298131	         -0.83003194	          0.00000000	          0.00000000	          0.00000000	         -0.75862246	         56.86160341	          9.07511989	          0.21818168	         -0.00449653	         -0.73479486	          0.00000000	          0.00000000	          0.00000000	          4.05043913	        226.25014319	          0.33833294	          0.13976370	         -0.00887639	         -0.76609400	          0.00000000	          0.00000000	          0.00000000	          0.20530441	          0.65855994	          0.32391331	          0.32654056	          0.00298877	         -0.81518253	          0.00000000	          0.00000000	          0.00000000	          0.05810855	          0.58263111	          0.26093304	          0.30686538	          0.00329425	         -0.71968578	          0.00000000	          0.00000000	          0.00000000	         -0.06194056	          0.04219696	          0.00353485	          0.17670252	          0.00726935	         -1.06744988	          0.00000000	          0.00000000	          0.00000000	         -0.00459458	          0.00314421	         -0.00045247	          0.35328755	          0.00910373	         -1.06310727	          0.00000000	          0.00000000	          0.00000000	         -0.00000312	          0.00000207	         -0.00000020	          0.32116917	          0.01617125	         -1.15383419	          0.00000000	          0.00000000	          0.00000000	         -0.00041105	          0.00027542	         -0.00000127	          0.24707612	          0.01191544	         -1.11329383	          0.00000000	          0.00000000	          0.00000000	         -0.00023904	          0.00016305	         -0.00004113	          0.43968198	          0.01132714	         -1.08873791	          0.00000000	          0.00000000	          0.00000000	         -0.00000015	          0.00000010	         -0.00000002	          0.40796293	          0.01855794	         -1.17979767	          0.00000000	          0.00000000	          0.00000000	
          7.34000000	         25.71433926	        581.36190214	        -50.78575221	          0.05698489	         -0.01450664	         -0.80295567	          0.00000000	          0.00000000	          0.00000000	          3.75283496	         40.37637215	         -0.61813309	          0.22981739	         -0.00266337	         -0.83092829	          0.00000000	          0.00000000	          0.00000000	          3.54912852	         41.11719076	         -0.86429198	          0.21070565	         -0.00357235	         -0.73556478	          0.00000000	          0.00000000	          0.00000000	         14.36886873	        221.65315621	        -12.13172053	          0.13238217	         -0.00912814	         -0.76634975	          0.00000000	          0.00000000	          0.00000000	          0.09975860	          0.44707950	          0.05156482	          0.31837537	          0.00403991	         -0.81675397	          0.00000000	          0.00000000	          0.00000000	          0.04037143	          0.20707431	          0.02308676	          0.29923730	          0.00458667	         -0.72115243	          0.00000000	          0.00000000	          0.00000000	         -0.43378858	          0.29565851	         -0.02025066	          0.19557379	          0.00518147	         -1.06803707	          0.00000000	          0.00000000	          0.00000000	         -0.00180676	          0.00125293	         -0.00038009	          0.37179598	          0.00986090	         -1.05950801	          0.00000000	          0.00000000	          0.00000000	         -0.00000392	          0.00000261	         -0.00000065	          0.34146365	          0.01589926	         -1.15114243	          0.00000000	          0.00000000	          0.00000000	         -0.00140850	          0.00094740	         -0.00014956	          0.26671266	          0.01069071	         -1.11228987	          0.00000000	          0.00000000	          0.00000000	         -0.00002313	          0.00001607	         -0.00000661	          0.45860094	          0.01330091	         -1.08311262	          0.00000000	          0.00000000	          0.00000000	         -0.00000005	          0.00000003	         -0.00000001	          0.42866744	          0.01949108	         -1.17507908	          0.00000000	          0.00000000	          0.00000000	
          7.36000000	         15.70591635	        584.89538921	        -28.98161678	          0.04995070	         -0.01556373	         -0.80317655	          0.00000000	          0.00000000	          0.00000000	          0.38238207	         57.38872758	        -11.30755742	          0.22256646	         -0.00306589	         -0.83134756	          0.00000000	          0.00000000	          0.00000000	          4.10457114	         28.37659871	         -4.70151473	          0.20316174	         -0.00264573	         -0.73602959	          0.00000000	          0.00000000	          0.00000000	         18.71576321	        208.29098838	        -22.06469014	          0.12508577	         -0.00915831	         -0.76669288	          0.00000000	          0.00000000	          0.00000000	          0.07100423	          0.58739776	         -0.11598923	          0.31091918	          0.00406891	         -0.81736199	          0.00000000	          0.00000000	          0.00000000	          0.02106419	          0.08719196	         -0.01418201	          0.29157073	          0.00565394	         -0.72184914	          0.00000000	          0.00000000	          0.00000000	         -1.63048265	          1.12201094	         -0.20778199	          0.21439329	          0.00356406	         -1.06627030	          0.00000000	          0.00000000	          0.00000000	         -0.00049344	          0.00034987	         -0.00015183	          0.38998161	          0.01093620	         -1.05338850	          0.00000000	          0.00000000	          0.00000000	         -0.00000379	          0.00000256	         -0.00000096	          0.36169589	          0.01585727	         -1.14594018	          0.00000000	          0.00000000	          0.00000000	         -0.00322741	          0.00219598	         -0.00061211	          0.28630116	          0.00981447	         -1.10885484	          0.00000000	          0.00000000	          0.00000000	         -0.00000174	          0.00000124	         -0.00000068	          0.47712786	          0.01548997	         -1.07487104	          0.00000000	          0.00000000	          0.00000000	         -0.00000001	          0.00000001	         -0.00000000	          0.44924232	          0.02055615	         -1.16775186	          0.00000000	          0.00000000	          0.00000000	
          7.38000000	          3.43747403	        564.66504486	         -6.60023132	          0.04316802	         -0.01621341	         -0.80369791	          0.00000000	          0.00000000	          0.00000000	         -5.54831540	         90.61316295	        -26.35831616	          0.21594586	         -0.00401374	         -0.83139410	          0.00000000	          0.00000000	          0.00000000	          2.86002792	         18.44241234	         -4.12280987	          0.19574273	         -0.00177158	         -0.73634417	          0.00000000	          0.00000000	          0.00000000	         16.77746657	        192.39042311	        -21.97088401	          0.11796094	         -0.00899171	         -0.76712111	          0.00000000	          0.00000000	          0.00000000	          0.04393244	          1.38583964	         -0.51791658	          0.30414916	          0.00325383	         -0.81725637	          0.00000000	          0.00000000	          0.00000000	          0.01090988	          0.04613967	         -0.01399562	          0.28408493	          0.00643269	         -0.72205068	          0.00000000	          0.00000000	          0.00000000	         -3.33850480	          2.35188352	         -0.54867543	          0.23262071	          0.00245940	         -1.06314048	          0.00000000	          0.00000000	          0.00000000	         -0.00010594	          0.00007794	         -0.00004006	          0.40732634	          0.01225524	         -1.04557057	          0.00000000	          0.00000000	          0.00000000	         -0.00000304	          0.00000211	         -0.00000094	          0.38146625	          0.01599507	         -1.13904823	          0.00000000	          0.00000000	          0.00000000	         -0.00504537	          0.00351502	         -0.00119319	          0.30537498	          0.00928407	         -1.10389545	          0.00000000	          0.00000000	          0.00000000	         -0.00000014	          0.00000010	         -0.00000006	          0.49478854	          0.01776193	         -1.06474279	          0.00000000	          0.00000000	          0.00000000	         -0.00000000	          0.00000000	         -0.00000000	          0.46933180	          0.02164321	         -1.15854478	          0.00000000	          0.00000000	          0.00000000	
          7.40000000	         -4.44145712	        532.67974739	         12.95248531	          0.03658062	         -0.01651676	         -0.80441969	          0.00000000	          0.00000000	          0.00000000	        -12.88176214	        138.07390071	        -40.25213854	          0.20975214	         -0.00528706	         -0.83128588	          0.00000000	          0.00000000	          0.00000000	          1.51179775	         11.55140436	         -2.29088516	          0.18858027	         -0.00099158	         -0.73673055	          0.00000000	          0.00000000	          0.00000000	         12.07039453	        176.95527231	        -14.62360881	          0.11105587	         -0.00868878	         -0.76769389	          0.00000000	          0.00000000	          0.00000000	         -0.10710585	          4.04444437	         -1.64334795	          0.29787312	          0.00188360	         -0.81683302	          0.00000000	          0.00000000	          0.00000000	          0.00582897	          0.03041233	         -0.00945307	          0.27691043	          0.00694507	         -0.72214824	          0.00000000	          0.00000000	          0.00000000	         -4.37064211	          3.22884452	         -0.76467142	          0.24916943	          0.00182261	         -1.05975251	          0.00000000	          0.00000000	          0.00000000	         -0.00002317	          0.00001820	         -0.00001024	          0.42278156	          0.01362870	         -1.03703937	          0.00000000	          0.00000000	          0.00000000	         -0.00000232	          0.00000169	         -0.00000082	          0.39979125	          0.01619789	         -1.13142055	          0.00000000	          0.00000000	          0.00000000	         -0.00596938	          0.00436247	         -0.00157969	          0.32290076	          0.00902258	         -1.09844086	          0.00000000	          0.00000000	          0.00000000	         -0.00000002	          0.00000001	         -0.00000001	          0.51057032	          0.01986935	         -1.05364074	          0.00000000	          0.00000000	          0.00000000	         -0.00000000	          0.00000000	         -0.00000000	          0.48798880	          0.02257746	         -1.14833950	          0.00000000	          0.00000000	          0.00000000	
          7.42000000	         -4.07634460	        493.25023690	         23.86582973	          0.03010261	         -0.01653376	         -0.80523322	          0.00000000	          0.00000000	          0.00000000	        -16.73869098	        191.26401953	        -43.10267203	          0.20373900	         -0.00666434	         -0.83122116	          0.00000000	          0.00000000	          0.00000000	          0.70496789	          7.74796949	         -0.96380322	          0.18172237	         -0.00034341	         -0.73731580	          0.00000000	          0.00000000	          0.00000000	          7.65063598	        162.94950167	         -5.48145486	          0.10436099	         -0.00830735	         -0.76841674	          0.00000000	          0.00000000	          0.00000000	         -0.50976572	          9.73418042	         -3.23890949	          0.29184535	          0.00026074	         -0.81645171	          0.00000000	          0.00000000	          0.00000000	          0.00299770	          0.02421204	         -0.00555150	          0.27008776	          0.00723916	         -0.72243613	          0.00000000	          0.00000000	          0.00000000	         -4.57550831	          3.64027069	         -0.80818996	          0.26271785	          0.00150863	         -1.05674947	          0.00000000	          0.00000000	          0.00000000	         -0.00000665	          0.00000577	         -0.00000344	          0.43509174	          0.01481007	         -1.02856932	          0.00000000	          0.00000000	          0.00000000	         -0.00000197	          0.00000155	         -0.00000079	          0.41530088	          0.01631857	         -1.12376378	          0.00000000	          0.00000000	          0.00000000	         -0.00627631	          0.00495304	         -0.00182519	          0.33752900	          0.00888733	         -1.09316329	          0.00000000	          0.00000000	          0.00000000	         -0.00000000	          0.00000000	         -0.00000000	          0.52321563	          0.02153899	         -1.04239464	          0.00000000	          0.00000000	          0.00000000	         -0.00000000	          0.00000000	         -0.00000000	          0.50384119	          0.02318377	         -1.13789817	          0.00000000	          0.00000000	          0.00000000	
          7.44000000	         -0.39622782	        447.36501762	         30.02606062	          0.02365804	         -0.01630149	         -0.80605552	          0.00000000	          0.00000000	          0.00000000	        -16.35079671	        240.20207906	        -38.29587294	          0.19773240	         -0.00797437	         -0.83126158	          0.00000000	          0.00000000	          0.00000000	          0.36341385	          5.94738366	         -0.36999856	          0.17512469	          0.00016056	         -0.73805778	          0.00000000	          0.00000000	          0.00000000	          5.08727261	        148.72410282	          0.96102755	          0.09782044	         -0.00787856	         -0.76922332	          0.00000000	          0.00000000	          0.00000000	         -2.21369745	         27.38114093	         -7.29809301	          0.28588471	         -0.00134090	         -0.81624980	          0.00000000	          0.00000000	          0.00000000	          0.00089841	          0.01960908	         -0.00318821	          0.26355398	          0.00744395	         -0.72297729	          0.00000000	          0.00000000	          0.00000000	         -4.50407438	          3.93778117	         -0.90583851	          0.27235501	          0.00133545	         -1.05418856	          0.00000000	          0.00000000	          0.00000000	         -0.00000290	          0.00000289	         -0.00000186	          0.44344055	          0.01560113	         -1.02056874	          0.00000000	          0.00000000	          0.00000000	         -0.00000207	          0.00000183	         -0.00000099	          0.42691416	          0.01623669	         -1.11642294	          0.00000000	          0.00000000	          0.00000000	         -0.00683928	          0.00598049	         -0.00235497	          0.34825560	          0.00872944	         -1.08826015	          0.00000000	          0.00000000	          0.00000000	         -0.00000000	          0.00000000	         -0.00000000	          0.53187850	          0.02258672	         -1.03158971	          0.00000000	          0.00000000	          0.00000000	         -0.00000000	          0.00000000	         -0.00000000	          0.51577751	          0.02335560	         -1.12774328	          0.00000000	          0.00000000	          0.00000000	
          7.46000000	          4.48007781	        395.13470506	         30.02640710	          0.01720372	         -0.01583502	         -0.80684313	          0.00000000	          0.00000000	          0.00000000	        -11.93300988	        278.69221970	        -30.32641394	          0.19165386	         -0.00911583	         -0.83136152	          0.00000000	          0.00000000	          0.00000000	          0.21830277	          4.99224081	         -0.11079859	          0.16869677	          0.00055104	         -0.73883076	          0.00000000	          0.00000000	          0.00000000	          4.02827861	        132.83253800	          4.03550614	          0.09136721	         -0.00739723	         -0.77002673	          0.00000000	          0.00000000	          0.00000000	         -6.14585583	         55.34164280	        -12.10148689	          0.27990466	         -0.00271475	         -0.81619732	          0.00000000	          0.00000000	          0.00000000	         -0.00046267	          0.01353091	         -0.00158657	          0.25720152	          0.00774980	         -0.72371135	          0.00000000	          0.00000000	          0.00000000	         -4.43547895	          4.36479317	         -1.38018100	          0.27784198	          0.00116277	         -1.05160436	          0.00000000	          0.00000000	          0.00000000	         -0.00000200	          0.00000244	         -0.00000179	          0.44770493	          0.01590562	         -1.01298100	          0.00000000	          0.00000000	          0.00000000	         -0.00000289	          0.00000299	         -0.00000186	          0.43421927	          0.01586882	         -1.10931840	          0.00000000	          0.00000000	          0.00000000	         -0.00844494	          0.00847745	         -0.00408307	          0.35474617	          0.00843716	         -1.08345610	          0.00000000	          0.00000000	          0.00000000	         -0.00000000	          0.00000000	         -0.00000000	          0.53641221	          0.02294398	         -1.02138775	          0.00000000	          0.00000000	          0.00000000	         -0.00000000	          0.00000000	         -0.00000000	          0.52336117	          0.02303739	         -1.11801462	          0.00000000	          0.00000000	          0.00000000	
          7.48000000	          6.70603555	        340.38864333	         30.40492194	          0.01072754	         -0.01514354	         -0.80760129	          0.00000000	          0.00000000	          0.00000000	         -7.51707748	        303.50815879	        -24.73256754	          0.18548587	         -0.01003928	         -0.83147395	          0.00000000	          0.00000000	          0.00000000	          0.16695750	          4.17752305	         -0.01131788	          0.16235156	          0.00090413	         -0.73955804	          0.00000000	          0.00000000	          0.00000000	          3.63534607	        113.80698500	          5.29076109	          0.08494976	         -0.00682946	         -0.77079067	          0.00000000	          0.00000000	          0.00000000	         -9.82482182	         79.11476244	        -15.19925261	          0.27387387	         -0.00378538	         -0.81623641	          0.00000000	          0.00000000	          0.00000000	         -0.00060189	          0.00760887	         -0.00069684	          0.25094087	          0.00824601	         -0.72457303	          0.00000000	          0.00000000	          0.00000000	         -4.16041914	          5.03027965	         -2.73840662	          0.27947500	          0.00092290	         -1.04829107	          0.00000000	          0.00000000	          0.00000000	         -0.00000197	          0.00000341	         -0.00000297	          0.44829911	          0.01572166	         -1.00543084	          0.00000000	          0.00000000	          0.00000000	         -0.00000535	          0.00000710	         -0.00000545	          0.43741253	          0.01516407	         -1.10209005	          0.00000000	          0.00000000	          0.00000000	         -0.01164378	          0.01475273	         -0.00981893	          0.35724009	          0.00794947	         -1.07821690	          0.00000000	          0.00000000	          0.00000000	         -0.00000000	          0.00000000	         -0.00000000	          0.53723059	          0.02262971	         -1.01159803	          0.00000000	          0.00000000	          0.00000000	         -0.00000000	          0.00000000	         -0.00000000	          0.52678725	          0.02219913	         -1.10853776	          0.00000000	          0.00000000	          0.00000000	
          7.50000000	          5.03943442	        293.92478777	         31.03493692	          0.00424758	         -0.01427063	         -0.80837606	          0.00000000	          0.00000000	          0.00000000	         -6.09866275	        313.41284276	        -21.12427001	          0.17925041	         -0.01071771	         -0.83157318	          0.00000000	          0.00000000	          0.00000000	          0.12727884	          3.27719281	          0.02445718	          0.15601737	          0.00131565	         -0.74022888	          0.00000000	          0.00000000	          0.00000000	          2.80064897	         93.75073095	          5.58799807	          0.07853854	         -0.00614750	         -0.77153358	          0.00000000	          0.00000000	          0.00000000	        -11.66668338	         94.12049073	        -16.42709872	          0.26778578	         -0.00455184	         -0.81629944	          0.00000000	          0.00000000	          0.00000000	         -0.00032693	          0.00352171	         -0.00026092	          0.24469364	          0.00892823	         -0.72548634	          0.00000000	          0.00000000	          0.00000000	         -2.85329133	          6.15520320	         -5.22803839	          0.27780244	          0.00057806	         -1.04356268	          0.00000000	          0.00000000	          0.00000000	         -0.00000217	          0.00000773	         -0.00000765	          0.44586360	          0.01508217	         -0.99742635	          0.00000000	          0.00000000	          0.00000000	         -0.00001164	          0.00002540	         -0.00002373	          0.43701281	          0.01408495	         -1.09427907	          0.00000000	          0.00000000	          0.00000000	         -0.01515348	          0.03262085	         -0.02904311	          0.35626696	          0.00722630	         -1.07197006	          0.00000000	          0.00000000	          0.00000000	         -0.00000000	          0.00000001	         -0.00000001	          0.53498887	          0.02169364	         -1.00184267	          0.00000000	          0.00000000	          0.00000000	         -0.00000001	          0.00000002	         -0.00000002	          0.52658903	          0.02081981	         -1.09896889	          0.00000000	          0.00000000	          0.00000000	
          7.52000000	          1.82283051	        265.49161692	         25.20130961	         -0.00221895	         -0.01332507	         -0.80912614	          0.00000000	          0.00000000	          0.00000000	         -6.24299427	        311.06140893	        -18.68888196	          0.17296244	         -0.01114596	         -0.83164455	          0.00000000	          0.00000000	          0.00000000	          0.06799845	          2.40794906	          0.01508921	          0.14966296	          0.00181424	         -0.74082588	          0.00000000	          0.00000000	          0.00000000	          1.47198499	         77.09126509	          4.11149496	          0.07212520	         -0.00539134	         -0.77222593	          0.00000000	          0.00000000	          0.00000000	        -11.28138336	        100.01942147	        -14.95541011	          0.26163049	         -0.00502473	         -0.81635659	          0.00000000	          0.00000000	          0.00000000	         -0.00013793	          0.00147047	         -0.00008496	          0.23841847	          0.00973646	         -0.72637467	          0.00000000	          0.00000000	          0.00000000	         -0.74713580	          8.30724136	         -8.18959272	          0.27340054	          0.00009065	         -1.03711924	          0.00000000	          0.00000000	          0.00000000	         -0.00000075	          0.00002706	         -0.00002805	          0.44101348	          0.01402318	         -0.98870401	          0.00000000	          0.00000000	          0.00000000	         -0.00002058	          0.00013344	         -0.00013693	          0.43360313	          0.01263012	         -1.08565807	          0.00000000	          0.00000000	          0.00000000	         -0.01176082	          0.09112246	         -0.09160245	          0.35240526	          0.00624672	         -1.06445277	          0.00000000	          0.00000000	          0.00000000	         -0.00000000	          0.00000003	         -0.00000003	          0.53031542	          0.02020026	         -0.99188791	          0.00000000	          0.00000000	          0.00000000	         -0.00000002	          0.00000014	         -0.00000015	          0.52336269	          0.01892631	         -1.08911076	          0.00000000	          0.00000000	          0.00000000	
          7.54000000	         -0.81566379	        255.86430801	         15.33862300	         -0.00867803	         -0.01245632	         -0.80972148	          0.00000000	          0.00000000	          0.00000000	         -6.41618781	        307.32209105	        -18.57932835	          0.16661888	         -0.01137642	         -0.83165138	          0.00000000	          0.00000000	          0.00000000	          0.02437251	          1.78810671	         -0.01696030	          0.14328213	          0.00231268	         -0.74127111	          0.00000000	          0.00000000	          0.00000000	          0.41958770	         66.45114466	          1.81690868	          0.06570356	         -0.00468084	         -0.77276201	          0.00000000	          0.00000000	          0.00000000	         -9.86026906	        101.42996202	        -12.89055452	          0.25539439	         -0.00526500	         -0.81637542	          0.00000000	          0.00000000	          0.00000000	         -0.00005936	          0.00066024	         -0.00003554	          0.23210233	          0.01053238	         -0.72712091	          0.00000000	          0.00000000	          0.00000000	          1.53834483	         12.92123101	        -12.97814581	          0.26695195	         -0.00054035	         -1.02938004	          0.00000000	          0.00000000	          0.00000000	          0.00001693	          0.00013132	         -0.00013538	          0.43440421	          0.01262694	         -0.97957218	          0.00000000	          0.00000000	          0.00000000	          0.00005140	          0.00089178	         -0.00092299	          0.42788563	          0.01089883	         -1.07656871	          0.00000000	          0.00000000	          0.00000000	          0.02476789	          0.29224934	         -0.29814875	          0.34634890	          0.00505989	         -1.05604705	          0.00000000	          0.00000000	          0.00000000	          0.00000003	          0.00000029	         -0.00000030	          0.52386777	          0.01828248	         -0.98199248	          0.00000000	          0.00000000	          0.00000000	          0.00000008	          0.00000182	         -0.00000191	          0.51781236	          0.01666878	         -1.07925518	          0.00000000	          0.00000000	          0.00000000	
          7.56000000	         -2.26052519	        256.57416518	          8.90438060	         -0.01514207	         -0.01177805	         -0.81010222	          0.00000000	          0.00000000	          0.00000000	         -6.03922180	        313.21596036	        -14.72804065	          0.16022212	         -0.01153044	         -0.83159048	          0.00000000	          0.00000000	          0.00000000	         -0.00127621	          1.52666979	         -0.02479905	          0.13688659	          0.00265084	         -0.74151395	          0.00000000	          0.00000000	          0.00000000	         -0.26115862	         61.68699900	          0.65094154	          0.05927345	         -0.00415398	         -0.77308493	          0.00000000	          0.00000000	          0.00000000	         -9.16831480	        104.88232142	         -9.95913600	          0.24908549	         -0.00540834	         -0.81635072	          0.00000000	          0.00000000	          0.00000000	         -0.00003585	          0.00037987	         -0.00001716	          0.22575802	          0.01114419	         -0.72765462	          0.00000000	          0.00000000	          0.00000000	          4.71801969	         21.55791992	        -21.14450400	          0.25927982	         -0.00125297	         -1.02135568	          0.00000000	          0.00000000	          0.00000000	          0.00015720	          0.00074867	         -0.00074420	          0.42679227	          0.01103140	         -0.97085271	          0.00000000	          0.00000000	          0.00000000	          0.00109977	          0.00612734	         -0.00611773	          0.42071401	          0.00906917	         -1.06786001	          0.00000000	          0.00000000	          0.00000000	          0.18074634	          0.91296444	         -0.90377878	          0.33893947	          0.00378661	         -1.04768449	          0.00000000	          0.00000000	          0.00000000	          0.00000063	          0.00000321	         -0.00000321	          0.51639839	          0.01613235	         -0.97288514	          0.00000000	          0.00000000	          0.00000000	          0.00000427	          0.00002550	         -0.00002566	          0.51078764	          0.01428008	         -1.07015749	          0.00000000	          0.00000000	          0.00000000	
          7.58000000	         -1.94779396	        254.49643696	          4.02517606	         -0.02161167	         -0.01129007	         -0.81028666	          0.00000000	          0.00000000	          0.00000000	         -3.75776393	        330.48601585	         -6.98272919	          0.15378298	         -0.01173305	         -0.83151223	          0.00000000	          0.00000000	          0.00000000	         -0.02694187	          1.62400388	         -0.02009774	          0.13052542	          0.00270184	         -0.74157678	          0.00000000	          0.00000000	          0.00000000	         -0.74647075	         60.91980640	          0.13209960	          0.05286017	         -0.00387351	         -0.77321404	          0.00000000	          0.00000000	          0.00000000	         -9.79208397	        114.19539337	         -5.90211844	          0.24273639	         -0.00560699	         -0.81634788	          0.00000000	          0.00000000	          0.00000000	         -0.00003602	          0.00030461	         -0.00000769	          0.21944977	          0.01145419	         -0.72802737	          0.00000000	          0.00000000	          0.00000000	          8.95289648	         32.75153371	        -30.74137734	          0.25110932	         -0.00194778	         -1.01404386	          0.00000000	          0.00000000	          0.00000000	          0.00111048	          0.00433577	         -0.00409054	          0.41883231	          0.00937035	         -0.96333697	          0.00000000	          0.00000000	          0.00000000	          0.00945168	          0.03704042	         -0.03495528	          0.41286534	          0.00729029	         -1.06034136	          0.00000000	          0.00000000	          0.00000000	          0.62936055	          2.38088489	         -2.24084983	          0.33093200	          0.00255144	         -1.04027024	          0.00000000	          0.00000000	          0.00000000	          0.00000925	          0.00003729	         -0.00003527	          0.50856212	          0.01390739	         -0.96525060	          0.00000000	          0.00000000	          0.00000000	          0.00007937	          0.00032146	         -0.00030412	          0.50306590	          0.01193350	         -1.06251993	          0.00000000	          0.00000000	          0.00000000	
          7.60000000	         -1.14333344	        239.42665710	          4.21907922	         -0.02807100	         -0.01087115	         -0.81034733	          0.00000000	          0.00000000	          0.00000000	         -1.56990802	        351.39808610	          0.42033880	          0.14732473	         -0.01203006	         -0.83145555	          0.00000000	          0.00000000	          0.00000000	         -0.05116186	          2.03061134	         -0.00706303	          0.12424452	          0.00247954	         -0.74152250	          0.00000000	          0.00000000	          0.00000000	         -0.94618536	         60.70141275	          0.42628334	          0.04649518	         -0.00376927	         -0.77321791	          0.00000000	          0.00000000	          0.00000000	        -11.73943261	        128.50317029	         -3.02713036	          0.23639007	         -0.00593691	         -0.81641239	          0.00000000	          0.00000000	          0.00000000	         -0.00004576	          0.00031662	         -0.00000305	          0.21324092	          0.01148251	         -0.72833579	          0.00000000	          0.00000000	          0.00000000	         13.59756438	         42.28424729	        -37.45522870	          0.24286949	         -0.00251971	         -1.00800072	          0.00000000	          0.00000000	          0.00000000	          0.00694161	          0.02309723	         -0.02050582	          0.41088831	          0.00773439	         -0.95736791	          0.00000000	          0.00000000	          0.00000000	          0.05861428	          0.18470260	         -0.16310715	          0.40484142	          0.00562437	         -1.05436477	          0.00000000	          0.00000000	          0.00000000	          1.49636386	          4.67522999	         -4.13423072	          0.32279626	          0.00143724	         -1.03425976	          0.00000000	          0.00000000	          0.00000000	          0.00012292	          0.00041538	         -0.00036841	          0.50072881	          0.01168143	         -0.95931676	          0.00000000	          0.00000000	          0.00000000	          0.00109606	          0.00350347	         -0.00309083	          0.49515538	          0.00967415	         -1.05657896	          0.00000000	          0.00000000	          0.00000000	
          7.62000000	         -0.99039860	        210.32221066	          3.94079470	         -0.03449061	         -0.01036086	         -0.81036758	          0.00000000	          0.00000000	          0.00000000	         -0.24680919	        370.63695446	          3.81586237	          0.14087956	         -0.01238970	         -0.83142534	          0.00000000	          0.00000000	          0.00000000	         -0.08742798	          2.64886110	          0.00228316	          0.11806630	          0.00211616	         -0.74142179	          0.00000000	          0.00000000	          0.00000000	         -1.15136419	         58.10337673	          0.55607860	          0.04020414	         -0.00369135	         -0.77317591	          0.00000000	          0.00000000	          0.00000000	        -14.84711539	        146.10680539	         -1.69988197	          0.23008586	         -0.00638477	         -0.81654246	          0.00000000	          0.00000000	          0.00000000	         -0.00006394	          0.00036862	          0.00000010	          0.20716421	          0.01136034	         -0.72866665	          0.00000000	          0.00000000	          0.00000000	         18.19272821	         46.94770881	        -38.87207555	          0.23468527	         -0.00288678	         -1.00328273	          0.00000000	          0.00000000	          0.00000000	          0.03872970	          0.10543872	         -0.08749854	          0.40303187	          0.00618381	         -0.95283560	          0.00000000	          0.00000000	          0.00000000	          0.29257648	          0.74600546	         -0.61194609	          0.39682735	          0.00407432	         -1.04982255	          0.00000000	          0.00000000	          0.00000000	          2.83024918	          7.24618277	         -5.97010852	          0.31469082	          0.00048492	         -1.02962839	          0.00000000	          0.00000000	          0.00000000	          0.00155114	          0.00423592	         -0.00350374	          0.49297430	          0.00948514	         -0.95488090	          0.00000000	          0.00000000	          0.00000000	          0.01311842	          0.03351106	         -0.02739083	          0.48724591	          0.00747473	         -1.05213383	          0.00000000	          0.00000000	          0.00000000	
          7.64000000	         -1.61487160	        173.98079592	          1.45665726	         -0.04083912	         -0.00965402	         -0.81036117	          0.00000000	          0.00000000	          0.00000000	         -0.04808590	        388.36830613	          1.68573572	          0.13446957	         -0.01277112	         -0.83139907	          0.00000000	          0.00000000	          0.00000000	         -0.14205820	          3.30070699	         -0.01208049	          0.11200886	          0.00174511	         -0.74131358	          0.00000000	          0.00000000	          0.00000000	         -1.43232969	         52.17575996	          0.11195142	          0.03401171	         -0.00351743	         -0.77311633	          0.00000000	          0.00000000	          0.00000000	        -18.99734365	        166.10580680	         -2.06856296	          0.22384644	         -0.00691121	         -0.81672809	          0.00000000	          0.00000000	          0.00000000	         -0.00008643	          0.00042154	          0.00000219	          0.20124306	          0.01122329	         -0.72908813	          0.00000000	          0.00000000	          0.00000000	         20.12027476	         46.27588719	        -36.00302201	          0.22654119	         -0.00301585	         -0.99953333	          0.00000000	          0.00000000	          0.00000000	          0.14893231	          0.38249555	         -0.27410021	          0.39521811	          0.00477916	         -0.94933732	          0.00000000	          0.00000000	          0.00000000	          0.99636925	          2.31596026	         -1.66713401	          0.38881815	          0.00264210	         -1.04630915	          0.00000000	          0.00000000	          0.00000000	          4.71064897	         10.85586264	         -8.13477282	          0.30660678	         -0.00028981	         -1.02599523	          0.00000000	          0.00000000	          0.00000000	          0.01364472	          0.03598325	         -0.02460040	          0.48525022	          0.00737818	         -0.95151230	          0.00000000	          0.00000000	          0.00000000	          0.11176842	          0.26612660	         -0.18274026	          0.47932878	          0.00533788	         -1.04875118	          0.00000000	          0.00000000	          0.00000000	
          7.66000000	         -2.10567857	        137.01099630	         -1.34705204	         -0.04709727	         -0.00872451	         -0.81031727	          0.00000000	          0.00000000	          0.00000000	          0.11680351	        406.86276288	         -6.25770976	          0.12809946	         -0.01316043	         -0.83134071	          0.00000000	          0.00000000	          0.00000000	         -0.19243148	          3.81018670	         -0.06594655	          0.10606897	          0.00144655	         -0.74120767	          0.00000000	          0.00000000	          0.00000000	         -1.50293429	         43.57504750	         -0.59246784	          0.02792574	         -0.00319238	         -0.77304012	          0.00000000	          0.00000000	          0.00000000	        -23.68986680	        188.35091741	         -4.86481170	          0.21767132	         -0.00748888	         -0.81694831	          0.00000000	          0.00000000	          0.00000000	         -0.00010159	          0.00043442	          0.00000170	          0.19547255	          0.01116403	         -0.72964078	          0.00000000	          0.00000000	          0.00000000	         16.19266134	         41.45475671	        -29.46175705	          0.21850895	         -0.00291571	         -0.99630922	          0.00000000	          0.00000000	          0.00000000	          0.34467313	          1.01407459	         -0.62103146	          0.38751362	          0.00359965	         -0.94648741	          0.00000000	          0.00000000	          0.00000000	          1.98698163	          4.95097450	         -3.05861312	          0.38085199	          0.00137991	         -1.04343419	          0.00000000	          0.00000000	          0.00000000	          6.12719069	         15.39424873	        -10.23580501	          0.29859827	         -0.00086650	         -1.02294300	          0.00000000	          0.00000000	          0.00000000	          0.06962207	          0.21497321	         -0.11919761	          0.47761669	          0.00549156	         -0.94885780	          0.00000000	          0.00000000	          0.00000000	          0.55395132	          1.43375527	         -0.80194977	          0.47143412	          0.00337865	         -1.04607422	          0.00000000	          0.00000000	          0.00000000	
          7.68000000	         -2.77669663	        102.12314141	         -2.82672601	         -0.05324739	         -0.00758549	         -0.81024241	          0.00000000	          0.00000000	          0.00000000	         -1.21615143	        425.88765610	        -14.78297063	          0.12177027	         -0.01355762	         -0.83123634	          0.00000000	          0.00000000	          0.00000000	         -0.25249740	          4.05866007	         -0.11505774	          0.10024171	          0.00126040	         -0.74111980	          0.00000000	          0.00000000	          0.00000000	         -1.54789377	         33.25312679	         -0.92419727	          0.02195254	         -0.00270175	         -0.77295939	          0.00000000	          0.00000000	          0.00000000	        -29.43551901	        212.41510382	         -7.33273710	          0.21155434	         -0.00810165	         -0.81720313	          0.00000000	          0.00000000	          0.00000000	         -0.00010226	          0.00038482	          0.00000421	          0.18984313	          0.01123490	         -0.73036921	          0.00000000	          0.00000000	          0.00000000	          9.67645920	         33.88474111	        -22.82034665	          0.21078257	         -0.00261017	         -0.99334790	          0.00000000	          0.00000000	          0.00000000	          0.42245405	          1.85385238	         -0.97965450	          0.38011653	          0.00273237	         -0.94408907	          0.00000000	          0.00000000	          0.00000000	          2.40265550	          7.61720475	         -4.08672347	          0.37308981	          0.00037832	         -1.04099739	          0.00000000	          0.00000000	          0.00000000	          5.56334655	         18.34044399	        -11.11408554	          0.29084168	         -0.00121225	         -1.02023987	          0.00000000	          0.00000000	          0.00000000	          0.14972796	          0.75864174	         -0.32958042	          0.47027286	          0.00399631	         -0.94676258	          0.00000000	          0.00000000	          0.00000000	          1.17491686	          4.08121664	         -1.80175380	          0.46372229	          0.00179229	         -1.04394681	          0.00000000	          0.00000000	          0.00000000	
          7.70000000	         -2.46484745	         69.41314530	         -2.57728018	         -0.05928223	         -0.00624041	         -0.81017138	          0.00000000	          0.00000000	          0.00000000	         -0.03252385	        441.51114204	        -19.71805882	          0.11547015	         -0.01394806	         -0.83111335	          0.00000000	          0.00000000	          0.00000000	         -0.27613215	          3.94954793	         -0.11498603	          0.09452086	          0.00121905	         -0.74109266	          0.00000000	          0.00000000	          0.00000000	         -1.20936875	         22.01953741	         -0.71853130	          0.01609287	         -0.00203064	         -0.77291335	          0.00000000	          0.00000000	          0.00000000	        -33.71884887	        236.65687850	         -6.95728311	          0.20547779	         -0.00872907	         -0.81753424	          0.00000000	          0.00000000	          0.00000000	         -0.00008284	          0.00028449	          0.00000955	          0.18434611	          0.01146524	         -0.73134070	          0.00000000	          0.00000000	          0.00000000	          3.48558383	         25.24544263	        -16.42673308	          0.20355490	         -0.00213201	         -0.99053870	          0.00000000	          0.00000000	          0.00000000	          0.16794162	          2.36149975	         -1.06377526	          0.37322697	          0.00224437	         -0.94206838	          0.00000000	          0.00000000	          0.00000000	          1.93112853	         10.20794021	         -4.71365347	          0.36571246	         -0.00027960	         -1.03892299	          0.00000000	          0.00000000	          0.00000000	          3.02164233	         18.05078395	        -10.06517148	          0.28352326	         -0.00130197	         -1.01779236	          0.00000000	          0.00000000	          0.00000000	          0.05378120	          1.49521575	         -0.48146773	          0.46342141	          0.00301798	         -0.94517382	          0.00000000	          0.00000000	          0.00000000	          1.00029530	          6.34352029	         -2.10505595	          0.45637834	          0.00072038	         -1.04231493	          0.00000000	          0.00000000	          0.00000000	
          7.72000000	         -1.26455051	         39.57115919	         -1.33386346	         -0.06522571	         -0.00465577	         -0.81015634	          0.00000000	          0.00000000	          0.00000000	          7.83010364	        449.80245756	        -19.82893699	          0.10915287	         -0.01429627	         -0.83101170	          0.00000000	          0.00000000	          0.00000000	         -0.22290093	          3.46628677	         -0.06876577	          0.08887197	          0.00135383	         -0.74116880	          0.00000000	          0.00000000	          0.00000000	         -0.58278166	         11.48149110	         -0.29870342	          0.01031802	         -0.00114677	         -0.77294951	          0.00000000	          0.00000000	          0.00000000	        -33.60006815	        260.20382016	         -3.23931421	          0.19939161	         -0.00934850	         -0.81798468	          0.00000000	          0.00000000	          0.00000000	         -0.00005301	          0.00017558	          0.00001190	          0.17894946	          0.01186248	         -0.73260546	          0.00000000	          0.00000000	          0.00000000	         -0.98270798	         17.40500293	        -11.08323588	          0.19698965	         -0.00154294	         -0.98781720	          0.00000000	          0.00000000	          0.00000000	         -0.29071142	          2.21594357	         -0.85691478	          0.36701329	          0.00216159	         -0.94036554	          0.00000000	          0.00000000	          0.00000000	          0.14735358	         11.02049009	         -4.42244954	          0.35889119	         -0.00055095	         -1.03715068	          0.00000000	          0.00000000	          0.00000000	         -0.25586270	         15.08346743	         -7.85512879	          0.27681054	         -0.00114504	         -1.01553809	          0.00000000	          0.00000000	          0.00000000	         -0.27490451	          1.75887474	         -0.41554478	          0.45722618	          0.00260160	         -0.94402536	          0.00000000	          0.00000000	          0.00000000	         -0.06307826	          7.21854032	         -1.79937164	          0.44957147	          0.00019455	         -1.04110958	          0.00000000	          0.00000000	          0.00000000	
          7.74000000	         -0.49973738	         15.52663693	          0.42034804	         -0.07107212	         -0.00276044	         -0.81034712	          0.00000000	          0.00000000	          0.00000000	         14.01425932	        446.69272692	         -9.56305655	          0.10280162	         -0.01455394	         -0.83099103	          0.00000000	          0.00000000	          0.00000000	         -0.12650787	          2.66934712	          0.03678514	          0.08325829	          0.00169079	         -0.74140723	          0.00000000	          0.00000000	          0.00000000	         -0.19458528	          4.58861759	          0.09957928	          0.00461201	         -0.00000206	         -0.77317274	          0.00000000	          0.00000000	          0.00000000	        -32.01268752	        283.26586486	          2.48479219	          0.19327157	         -0.00994867	         -0.81856255	          0.00000000	          0.00000000	          0.00000000	         -0.00002787	          0.00009402	          0.00001010	          0.17362399	          0.01240110	         -0.73416444	          0.00000000	          0.00000000	          0.00000000	         -3.26535573	         11.76600164	         -7.52702497	          0.19122332	         -0.00094176	         -0.98512221	          0.00000000	          0.00000000	          0.00000000	         -0.57688284	          1.62784100	         -0.58713403	          0.36160087	          0.00245009	         -0.93886138	          0.00000000	          0.00000000	          0.00000000	         -1.84861028	          9.41952591	         -3.56037446	          0.35279276	         -0.00046634	         -1.03556277	          0.00000000	          0.00000000	          0.00000000	         -2.63332684	         11.35532675	         -5.80054670	          0.27085642	         -0.00080640	         -1.01338795	          0.00000000	          0.00000000	          0.00000000	         -0.50037996	          1.38792206	         -0.28586778	          0.45180782	          0.00271533	         -0.94315644	          0.00000000	          0.00000000	          0.00000000	         -1.30250590	          6.48760328	         -1.43943919	          0.44346404	          0.00015527	         -1.04016819	          0.00000000	          0.00000000	          0.00000000	
          7.76000000	         -0.10640009	          2.42177660	          0.27224236	         -0.07674877	         -0.00046098	         -0.81091081	          0.00000000	          0.00000000	          0.00000000	         16.58186545	        431.74544213	          2.36647806	          0.09645386	         -0.01467419	         -0.83109447	          0.00000000	          0.00000000	          0.00000000	         -0.05383489	          1.74719836	          0.08753969	          0.07768586	          0.00224034	         -0.74184135	          0.00000000	          0.00000000	          0.00000000	         -0.07171185	          1.80124603	          0.14970909	         -0.00098654	          0.00145458	         -0.77368365	          0.00000000	          0.00000000	          0.00000000	        -31.15767024	        307.58018907	          6.68644295	          0.18714645	         -0.01053588	         -0.81922774	          0.00000000	          0.00000000	          0.00000000	         -0.00001367	          0.00004682	          0.00000636	          0.16839119	          0.01302598	         -0.73595283	          0.00000000	          0.00000000	          0.00000000	         -3.74743266	          8.75272441	         -6.08540087	          0.18615459	         -0.00044414	         -0.98230830	          0.00000000	          0.00000000	          0.00000000	         -0.50779629	          1.01474078	         -0.41954103	          0.35686556	          0.00299751	         -0.93730854	          0.00000000	          0.00000000	          0.00000000	         -2.50819736	          7.28966184	         -3.15326874	          0.34735733	         -0.00015252	         -1.03391427	          0.00000000	          0.00000000	          0.00000000	         -3.28173101	          8.60895299	         -4.87223074	          0.26558230	         -0.00040772	         -1.01114734	          0.00000000	          0.00000000	          0.00000000	         -0.40718046	          0.82840304	         -0.22112534	          0.44704462	          0.00323509	         -0.94226064	          0.00000000	          0.00000000	          0.00000000	         -1.70550924	          5.09652514	         -1.45193482	          0.43799781	          0.00045552	         -1.03918518	          0.00000000	          0.00000000	          0.00000000	
          7.78000000	         -0.00853467	          0.12891412	          0.02296781	         -0.08214686	          0.00234715	         -0.81183594	          0.00000000	          0.00000000	          0.00000000	         18.86507103	        406.97844777	          6.05882919	          0.09014374	         -0.01462783	         -0.83127662	          0.00000000	          0.00000000	          0.00000000	         -0.01830115	          0.93601803	          0.06091949	          0.07221175	          0.00299209	         -0.74239827	          0.00000000	          0.00000000	          0.00000000	         -0.01816046	          0.40018501	          0.04959781	         -0.00639361	          0.00326949	         -0.77443944	          0.00000000	          0.00000000	          0.00000000	        -30.67593341	        335.28935079	          5.97028809	          0.18104617	         -0.01113237	         -0.81990304	          0.00000000	          0.00000000	          0.00000000	         -0.00000693	          0.00002294	          0.00000330	          0.16332998	          0.01367926	         -0.73786168	          0.00000000	          0.00000000	          0.00000000	         -3.70384638	          7.67218783	         -5.61973107	          0.18143463	         -0.00013661	         -0.97931294	          0.00000000	          0.00000000	          0.00000000	         -0.31956880	          0.58633570	         -0.27586319	          0.35243459	          0.00365629	         -0.93554011	          0.00000000	          0.00000000	          0.00000000	         -2.36717651	          5.87046640	         -2.87894303	          0.34227336	          0.00022317	         -1.03204072	          0.00000000	          0.00000000	          0.00000000	         -3.16451685	          7.21565672	         -4.42609715	          0.26065989	         -0.00007616	         -1.00870338	          0.00000000	          0.00000000	          0.00000000	         -0.22076222	          0.41758651	         -0.14197857	          0.44257218	          0.00398772	         -0.94111765	          0.00000000	          0.00000000	          0.00000000	         -1.53515954	          3.96739100	         -1.42398778	          0.43286904	          0.00091449	         -1.03794319	          0.00000000	          0.00000000	          0.00000000	
          7.80000000	          0.00001739	         -0.00016115	         -0.00003526	         -0.08711154	          0.00577735	         -0.81300463	          0.00000000	          0.00000000	          0.00000000	         19.74692933	        374.21007087	          4.24113238	          0.08390139	         -0.01440061	         -0.83145912	          0.00000000	          0.00000000	          0.00000000	         -0.00898736	          0.39825067	          0.02525554	          0.06693877	          0.00393525	         -0.74297060	          0.00000000	          0.00000000	          0.00000000	         -0.00254185	          0.03723085	          0.00535036	         -0.01147763	          0.00549377	         -0.77532643	          0.00000000	          0.00000000	          0.00000000	        -31.96495990	        369.02253377	          3.58832799	          0.17499376	         -0.01176916	         -0.82053617	          0.00000000	          0.00000000	          0.00000000	         -0.00000389	          0.00001147	          0.00000167	          0.15856378	          0.01432140	         -0.73982494	          0.00000000	          0.00000000	          0.00000000	         -3.65488412	          7.76079163	         -5.06401034	          0.17673607	         -0.00004707	         -0.97644107	          0.00000000	          0.00000000	          0.00000000	         -0.17691906	          0.34201008	         -0.14954374	          0.34795713	          0.00430576	         -0.93375440	          0.00000000	          0.00000000	          0.00000000	         -2.09096640	          5.16593384	         -2.35606947	          0.33724866	          0.00053690	         -1.03014566	          0.00000000	          0.00000000	          0.00000000	         -2.95098826	          6.79408373	         -3.77732873	          0.25578124	          0.00011281	         -1.00631103	          0.00000000	          0.00000000	          0.00000000	         -0.09930963	          0.19922784	         -0.06661557	          0.43804813	          0.00481570	         -0.93987316	          0.00000000	          0.00000000	          0.00000000	         -1.22780618	          3.17699574	         -1.11954682	          0.42779429	          0.00138457	         -1.03659381	          0.00000000	          0.00000000	          0.00000000	
          7.82000000	          0.00000000	         -0.00000000	         -0.00000000	         -0.09139932	          0.00993434	         -0.81443931	          0.00000000	          0.00000000	          0.00000000	         12.91686884	        333.48856830	          8.49627732	          0.07780868	         -0.01397776	         -0.83164661	          0.00000000	          0.00000000	          0.00000000	         -0.00533671	          0.13061185	          0.01049584	          0.06199641	          0.00507447	         -0.74355129	          0.00000000	          0.00000000	          0.00000000	         -0.00013375	          0.00113040	          0.00021756	         -0.01604988	          0.00818228	         -0.77635207	          0.00000000	          0.00000000	          0.00000000	        -40.21532686	        410.48231263	          4.36629115	          0.16904531	         -0.01247604	         -0.82113394	          0.00000000	          0.00000000	          0.00000000	         -0.00000240	          0.00000606	          0.00000097	          0.15423396	          0.01492164	         -0.74185463	          0.00000000	          0.00000000	          0.00000000	         -3.59262189	          8.89106171	         -4.19124878	          0.17182687	         -0.00016914	         -0.97416384	          0.00000000	          0.00000000	          0.00000000	         -0.09460318	          0.22208196	         -0.07655295	          0.34317104	          0.00484696	         -0.93226966	          0.00000000	          0.00000000	          0.00000000	         -1.81974336	          4.98492665	         -1.78850055	          0.33210073	          0.00071531	         -1.02856052	          0.00000000	          0.00000000	          0.00000000	         -2.72711622	          7.12637613	         -2.96575133	          0.25074155	          0.00012697	         -1.00437277	          0.00000000	          0.00000000	          0.00000000	         -0.04212713	          0.10290746	         -0.02975718	          0.43321963	          0.00557934	         -0.93876936	          0.00000000	          0.00000000	          0.00000000	         -0.94052334	          2.69248125	         -0.81512883	          0.42260118	          0.00175961	         -1.03539235	          0.00000000	          0.00000000	          0.00000000	
          7.84000000	          0.00000000	         -0.00000000	         -0.00000000	         -0.09473366	          0.01487206	         -0.81643034	          0.00000000	          0.00000000	          0.00000000	          0.54040276	        281.24582321	         20.16346464	          0.07198451	         -0.01331897	         -0.83194497	          0.00000000	          0.00000000	          0.00000000	         -0.00153562	          0.03144633	          0.00417883	          0.05743613	          0.00643702	         -0.74425284	          0.00000000	          0.00000000	          0.00000000	          0.00000052	         -0.00000289	         -0.00000089	         -0.01994747	          0.01137532	         -0.77771895	          0.00000000	          0.00000000	          0.00000000	        -53.35511310	        453.38750980	          2.94352406	          0.16326267	         -0.01324548	         -0.82168789	          0.00000000	          0.00000000	          0.00000000	         -0.00000149	          0.00000343	          0.00000058	          0.15038549	          0.01545959	         -0.74393591	          0.00000000	          0.00000000	          0.00000000	         -2.60379197	         11.85699651	         -3.88302958	          0.16635868	         -0.00050660	         -0.97260076	          0.00000000	          0.00000000	          0.00000000	         -0.03772261	          0.17996513	         -0.05927455	          0.33769637	          0.00517255	         -0.93101979	          0.00000000	          0.00000000	          0.00000000	         -1.19864418	          5.42005980	         -1.81592739	          0.32654242	          0.00069095	         -1.02723837	          0.00000000	          0.00000000	          0.00000000	         -1.88524761	          8.53974679	         -2.83022422	          0.24522590	         -0.00006757	         -1.00292641	          0.00000000	          0.00000000	          0.00000000	         -0.01341476	          0.06679591	         -0.02264873	          0.42771854	          0.00613511	         -0.93764879	          0.00000000	          0.00000000	          0.00000000	         -0.55383515	          2.59754753	         -0.89509823	          0.41701474	          0.00194318	         -1.03420062	          0.00000000	          0.00000000	          0.00000000	
          7.86000000	          0.00000000	         -0.00000000	         -0.00000000	         -0.09695346	          0.02054355	         -0.81938672	          0.00000000	          0.00000000	          0.00000000	         -9.46814428	        215.67528243	         33.81061231	          0.06649647	         -0.01234502	         -0.83250461	          0.00000000	          0.00000000	          0.00000000	         -0.00010111	          0.00519234	          0.00116885	          0.05313688	          0.00806637	         -0.74522469	          0.00000000	          0.00000000	          0.00000000	          0.00000000	         -0.00000000	         -0.00000000	         -0.02315535	          0.01506944	         -0.77970762	          0.00000000	          0.00000000	          0.00000000	        -59.81976271	        483.36258981	         -5.34479216	          0.15763258	         -0.01399819	         -0.82212307	          0.00000000	          0.00000000	          0.00000000	         -0.00000084	          0.00000208	          0.00000032	          0.14686507	          0.01593307	         -0.74591511	          0.00000000	          0.00000000	          0.00000000	          1.81350949	         19.21134385	         -5.19758040	          0.15980682	         -0.00109067	         -0.97146495	          0.00000000	          0.00000000	          0.00000000	          0.02779146	          0.19914175	         -0.08331014	          0.33098969	          0.00518051	         -0.92958766	          0.00000000	          0.00000000	          0.00000000	          0.32254377	          6.91886523	         -2.86828423	          0.32009289	          0.00038212	         -1.02577459	          0.00000000	          0.00000000	          0.00000000	          0.84601421	         12.51920311	         -4.27739094	          0.23873348	         -0.00052631	         -1.00162726	          0.00000000	          0.00000000	          0.00000000	          0.00822464	          0.06075660	         -0.03032047	          0.42101140	          0.00635871	         -0.93603194	          0.00000000	          0.00000000	          0.00000000	          0.12917981	          3.04789748	         -1.50969719	          0.41056352	          0.00184046	         -1.03255292	          0.00000000	          0.00000000	          0.00000000	
          7.88000000	          0.00000000	         -0.00000000	         -0.00000000	         -0.09804986	          0.02676912	         -0.82350096	          0.00000000	          0.00000000	          0.00000000	        -17.16443080	        141.25238858	         39.34174960	          0.06140015	         -0.01094918	         -0.83348139	          0.00000000	          0.00000000	          0.00000000	          0.00000187	          0.00056546	          0.00019473	          0.04894078	          0.00999377	         -0.74657282	          0.00000000	          0.00000000	          0.00000000	          0.00000000	         -0.00000000	         -0.00000000	         -0.02575446	          0.01918674	         -0.78246607	          0.00000000	          0.00000000	          0.00000000	        -63.06246963	        486.62858086	        -14.59083890	          0.15213063	         -0.01460130	         -0.82235505	          0.00000000	          0.00000000	          0.00000000	         -0.00000045	          0.00000143	          0.00000014	          0.14344741	          0.01631202	         -0.74746057	          0.00000000	          0.00000000	          0.00000000	         13.39377738	         36.24753027	         -8.64482284	          0.15197003	         -0.00196826	         -0.97052187	          0.00000000	          0.00000000	          0.00000000	          0.13470940	          0.29966832	         -0.15594196	          0.32284443	          0.00483841	         -0.92772925	          0.00000000	          0.00000000	          0.00000000	          3.11275405	         11.10797088	         -5.66430076	          0.31255346	         -0.00026991	         -1.02391906	          0.00000000	          0.00000000	          0.00000000	          7.50227774	         23.47828603	         -8.74394201	          0.23106454	         -0.00130292	         -1.00023285	          0.00000000	          0.00000000	          0.00000000	          0.03248240	          0.07570955	         -0.05020051	          0.41289354	          0.00622924	         -0.93367228	          0.00000000	          0.00000000	          0.00000000	          1.10869864	          4.23840411	         -2.76578798	          0.40304893	          0.00141477	         -1.03019939	          0.00000000	          0.00000000	          0.00000000	
          7.90000000	          0.00000000	         -0.00000000	         -0.00000000	         -0.09813954	          0.03323447	         -0.82855095	          0.00000000	          0.00000000	          0.00000000	        -19.79051485	         69.16659797	         31.33116326	          0.05688557	         -0.00901380	         -0.83504257	          0.00000000	          0.00000000	          0.00000000	         -0.00000242	          0.00004083	          0.00002038	          0.04486671	          0.01221644	         -0.74835107	          0.00000000	          0.00000000	          0.00000000	          0.00000000	         -0.00000000	         -0.00000000	         -0.02780030	          0.02356291	         -0.78590484	          0.00000000	          0.00000000	          0.00000000	        -78.75732340	        454.12138359	         -7.74844287	          0.14688155	         -0.01490736	         -0.82236374	          0.00000000	          0.00000000	          0.00000000	         -0.00000023	          0.00000130	          0.00000001	          0.14000671	          0.01648158	         -0.74807519	          0.00000000	          0.00000000	          0.00000000	         31.62220149	         70.19724969	        -11.83547313	          0.14334143	         -0.00318435	         -0.96984450	          0.00000000	          0.00000000	          0.00000000	          0.31534714	          0.55485270	         -0.31768644	          0.31374221	          0.00421605	         -0.92558272	          0.00000000	          0.00000000	          0.00000000	          7.95728150	         24.47568320	        -13.72364799	          0.30439348	         -0.00128170	         -1.02178285	          0.00000000	          0.00000000	          0.00000000	         18.71613364	         49.23681069	        -17.83285638	          0.22270005	         -0.00243126	         -0.99883409	          0.00000000	          0.00000000	          0.00000000	          0.05741634	          0.11207112	         -0.08342925	          0.40384012	          0.00586478	         -0.93073854	          0.00000000	          0.00000000	          0.00000000	          1.87339131	          6.42956789	         -4.86612042	          0.39493100	          0.00070864	         -1.02728594	          0.00000000	          0.00000000	          0.00000000	
          7.92000000	          0.00000000	         -0.00000000	         -0.00000000	         -0.09749131	          0.03955167	         -0.83406657	          0.00000000	          0.00000000	          0.00000000	         -9.21189283	         15.66615192	         10.64188395	          0.05332636	         -0.00643147	         -0.83735701	          0.00000000	          0.00000000	          0.00000000	         -0.00000052	          0.00000195	          0.00000135	          0.04113245	          0.01471354	         -0.75060664	          0.00000000	          0.00000000	          0.00000000	          0.00000000	         -0.00000000	         -0.00000000	         -0.02932624	          0.02798724	         -0.78980557	          0.00000000	          0.00000000	          0.00000000	       -109.86382066	        382.52150006	         20.54470913	          0.14219129	         -0.01477167	         -0.82222173	          0.00000000	          0.00000000	          0.00000000	          0.00000000	          0.00000183	         -0.00000014	          0.13645854	          0.01628614	         -0.74728240	          0.00000000	          0.00000000	          0.00000000	         43.08039891	        128.04921516	         -2.39247955	          0.13476174	         -0.00474949	         -0.96973572	          0.00000000	          0.00000000	          0.00000000	          0.55199550	          1.11658653	         -0.58949548	          0.30450384	          0.00342709	         -0.92353196	          0.00000000	          0.00000000	          0.00000000	         10.31427115	         56.46025397	        -29.38446184	          0.29642250	         -0.00263031	         -1.01971246	          0.00000000	          0.00000000	          0.00000000	         24.12730798	         96.62637438	        -25.76715774	          0.21446490	         -0.00390844	         -0.99775415	          0.00000000	          0.00000000	          0.00000000	          0.07237233	          0.16766202	         -0.12829317	          0.39466169	          0.00543675	         -0.92765451	          0.00000000	          0.00000000	          0.00000000	          1.41469852	         10.78745043	         -8.14750310	          0.38700428	         -0.00018141	         -1.02420618	          0.00000000	          0.00000000	          0.00000000	
          7.94000000	          0.00000000	         -0.00000000	         -0.00000000	         -0.09632293	          0.04535200	         -0.83967532	          0.00000000	          0.00000000	          0.00000000	          0.18020399	         -0.24341088	         -0.14835253	          0.05133058	         -0.00315670	         -0.84048601	          0.00000000	          0.00000000	          0.00000000	         -0.00000003	          0.00000006	          0.00000004	          0.03819990	          0.01748060	         -0.75338403	          0.00000000	          0.00000000	          0.00000000	          0.00000000	         -0.00000000	         -0.00000000	         -0.03021883	          0.03226951	         -0.79400150	          0.00000000	          0.00000000	          0.00000000	       -153.14411534	        283.14173700	         53.74311625	          0.13856900	         -0.01407445	         -0.82208640	          0.00000000	          0.00000000	          0.00000000	          0.00000056	          0.00000412	         -0.00000033	          0.13277025	          0.01565419	         -0.74502588	          0.00000000	          0.00000000	          0.00000000	         65.97997894	        209.25838620	         21.47974568	          0.12647395	         -0.00657824	         -0.97031829	          0.00000000	          0.00000000	          0.00000000	          1.14718790	          2.25565757	         -1.09593504	          0.29537839	          0.00254226	         -0.92180904	          0.00000000	          0.00000000	          0.00000000	         16.05954773	        112.45657796	        -54.96564700	          0.28884545	         -0.00428071	         -1.01790208	          0.00000000	          0.00000000	          0.00000000	         36.70644036	        168.81221593	        -32.08288064	          0.20658176	         -0.00567517	         -0.99714985	          0.00000000	          0.00000000	          0.00000000	          0.09107296	          0.23401496	         -0.16932263	          0.38560590	          0.00505743	         -0.92473209	          0.00000000	          0.00000000	          0.00000000	          1.06380805	         20.71611622	        -14.89798811	          0.37945913	         -0.00112436	         -1.02125398	          0.00000000	          0.00000000	          0.00000000	
          7.96000000	          0.00000000	         -0.00000000	         -0.00000000	         -0.09375146	          0.05013094	         -0.84505287	          0.00000000	          0.00000000	          0.00000000	          0.00291027	         -0.00296449	         -0.00129367	          0.05255889	          0.00061573	         -0.84413006	          0.00000000	          0.00000000	          0.00000000	         -0.00000000	          0.00000000	          0.00000000	          0.03765437	          0.02037702	         -0.75650253	          0.00000000	          0.00000000	          0.00000000	          0.00000000	         -0.00000000	         -0.00000000	         -0.02925019	          0.03608710	         -0.79824341	          0.00000000	          0.00000000	          0.00000000	       -162.29962346	        172.42217965	         38.86144051	          0.13770599	         -0.01272606	         -0.82217421	          0.00000000	          0.00000000	          0.00000000	         -0.00000490	          0.00001099	          0.00000052	          0.13014816	          0.01477697	         -0.74202231	          0.00000000	          0.00000000	          0.00000000	         65.44590465	        292.36570886	         69.98494145	          0.11844951	         -0.00843995	         -0.97152176	          0.00000000	          0.00000000	          0.00000000	          1.60628695	          3.73522266	         -1.29073498	          0.28640154	          0.00170888	         -0.92058342	          0.00000000	          0.00000000	          0.00000000	         10.41097566	        176.34201020	        -63.66655073	          0.28155466	         -0.00602160	         -1.01650125	          0.00000000	          0.00000000	          0.00000000	         31.85249781	        245.75849472	        -14.30411347	          0.19897801	         -0.00750817	         -0.99705886	          0.00000000	          0.00000000	          0.00000000	          0.07132720	          0.25573864	         -0.14169179	          0.37669424	          0.00486867	         -0.92228812	          0.00000000	          0.00000000	          0.00000000	         -1.51812979	         31.39433049	        -17.47708479	          0.37216107	         -0.00189627	         -1.01874281	          0.00000000	          0.00000000	          0.00000000	
          7.98000000	         -0.00000000	         -0.00000000	          0.00000000	         -0.08876158	          0.05346176	         -0.84905000	          0.00000000	          0.00000000	          0.00000000	          0.00119032	         -0.00103220	         -0.00028388	          0.05819018	          0.00442933	         -0.84730212	          0.00000000	          0.00000000	          0.00000000	         -0.00000000	          0.00000000	          0.00000000	          0.04096718	          0.02297360	         -0.75903791	          0.00000000	          0.00000000	          0.00000000	         -0.00000000	         -0.00000000	          0.00000000	         -0.02516941	          0.03901300	         -0.80149556	          0.00000000	          0.00000000	          0.00000000	        -74.70681659	         68.54505819	         11.79330328	          0.14136183	         -0.01064121	         -0.82256499	          0.00000000	          0.00000000	          0.00000000	         -0.00001621	          0.00001642	          0.00000181	          0.13073448	          0.01423471	         -0.73938489	          0.00000000	          0.00000000	          0.00000000	         27.51262361	        342.79897496	         95.22512020	          0.11096109	         -0.01001863	         -0.97311188	          0.00000000	          0.00000000	          0.00000000	          1.24389880	          4.39084133	         -1.13012273	          0.27793244	          0.00119642	         -0.91989486	          0.00000000	          0.00000000	          0.00000000	        -14.26564597	        219.69508681	        -62.68396668	          0.27473815	         -0.00749061	         -1.01555416	          0.00000000	          0.00000000	          0.00000000	         -1.03146339	        295.02664168	         -0.51976310	          0.19187859	         -0.00906535	         -0.99738488	          0.00000000	          0.00000000	          0.00000000	          0.02997075	          0.19221590	         -0.08722403	          0.36825402	          0.00503651	         -0.92047421	          0.00000000	          0.00000000	          0.00000000	         -5.39236668	         36.36442066	        -16.96208562	          0.36527847	         -0.00233490	         -1.01681170	          0.00000000	          0.00000000	          0.00000000	
