Coordinates
version=1
nRows=601
nColumns=34
inDegrees=yes

Units are S.I. units (second, meters, Newtons, ...)
If the header above contains a line with 'inDegrees', this indicates whether rotational values are in degrees (yes) or radians (no).

endheader
time	pelvis_tilt	pelvis_list	pelvis_rotation	pelvis_tx	pelvis_ty	pelvis_tz	hip_flexion_r	hip_adduction_r	hip_rotation_r	knee_angle_r	ankle_angle_r	subtalar_angle_r	mtp_angle_r	hip_flexion_l	hip_adduction_l	hip_rotation_l	knee_angle_l	ankle_angle_l	subtalar_angle_l	mtp_angle_l	lumbar_extension	lumbar_bending	lumbar_rotation	arm_flex_r	arm_add_r	arm_rot_r	elbow_flex_r	pro_sup_r	arm_flex_l	arm_add_l	arm_rot_l	elbow_flex_l	pro_sup_l
0.00000000	      3.79174246	     -2.62450556	    -90.27792804	      0.82839428	      1.23610094	      0.20037646	      5.99848729	      3.49247913	      4.05259593	      6.03905808	     -0.29641690	    -11.23697367	      0.00000000	     13.51990973	    -12.69429905	     -7.89515896	     49.12051678	      2.78250297	      6.03313151	      0.00000000	    -13.57953904	     -5.17892388	      2.34802008	     23.38473350	      2.74928999	     36.66313703	     32.47981293	     69.72207820	      4.42971633	    -20.27043821	     16.69063410	     40.20248563	     58.58176775
0.01666670	      3.94283752	     -2.83620905	    -90.31506806	      0.82387658	      1.23666809	      0.19852166	      5.39013556	      3.57352534	      4.70778229	      5.93751099	     -0.81173786	    -11.53956290	      0.00000000	     13.94844040	    -12.64725818	     -8.32569721	     47.39795096	      3.68283560	      5.66313327	      0.00000000	    -13.80586207	     -5.41406583	      2.87905274	     23.71052278	      2.07711813	     36.64115162	     33.69199655	     69.46557819	      4.65680268	    -20.86009297	     16.94061821	     42.80113487	     59.36946758
0.03333330	      4.06783737	     -2.94749279	    -90.25796313	      0.82098828	      1.23531497	      0.19726909	      4.92396858	      3.72796409	      5.46459127	      5.81504248	     -0.88229114	    -11.06917565	      0.00000000	     14.51006651	    -12.58958129	     -8.85056755	     45.49868800	      4.57688678	      5.25786847	      0.00000000	    -13.97223206	     -5.62556703	      3.26965292	     23.79615166	      1.20817476	     36.50241797	     35.75965219	     69.21452383	      4.62230754	    -21.52323766	     16.97610235	     45.76097438	     60.29311289
0.05000000	      4.13575584	     -2.97746714	    -90.19433855	      0.81825629	      1.23351697	      0.19682132	      4.56971091	      3.95147704	      6.45497342	      5.81609995	     -0.52354808	    -10.05297727	      0.00000000	     15.10364848	    -12.53651904	     -9.52126443	     43.45134723	      5.22116758	      4.45382180	      0.00000000	    -14.07108479	     -5.82936346	      3.77562245	     23.74693438	      0.19220306	     36.36806348	     38.09325809	     69.07157012	      4.57314817	    -22.20077611	     16.83985143	     48.86390792	     61.21169735
0.06666670	      3.97957482	     -3.07356299	    -90.27339179	      0.81575387	      1.23178530	      0.19621875	      4.07719516	      4.27813056	      7.20250118	      5.99766623	      0.48064506	     -9.70337907	      0.00000000	     15.49191242	    -12.66792228	    -10.38570613	     41.17016333	      5.50981942	      3.15537899	      0.00000000	    -14.21740557	     -5.82451634	      4.44492725	     23.68003072	     -0.82722063	     36.25146607	     40.11864410	     69.04687462	      4.49737722	    -22.76473597	     16.59193234	     51.80000560	     62.10416911
0.08333330	      3.71650159	     -3.14978521	    -90.55921239	      0.81389621	      1.23043973	      0.19420527	      3.51692825	      4.41888641	      6.80431595	      6.28613711	      0.80563790	    -10.64458598	      0.00000000	     15.69781718	    -12.86389395	    -11.39847892	     38.43834032	      5.33137001	      1.82678136	      0.00000000	    -14.50308218	     -5.70727543	      5.09815190	     23.73700544	     -1.67541842	     36.08558753	     41.72220525	     69.11199225	      4.36690002	    -23.23853775	     16.20504061	     54.52541602	     63.08857819
0.10000000	      3.56449268	     -3.06922849	    -91.07592860	      0.81172180	      1.23011449	      0.19136111	      3.17065287	      4.09632242	      4.43494449	      6.73038865	      0.08969982	    -12.39537590	      0.00000000	     15.78810688	    -12.89975828	    -12.70795597	     35.09876591	      5.16780852	      1.07550273	      0.00000000	    -14.44669562	     -5.76951858	      5.92610058	     23.98858549	     -2.24490268	     36.07225407	     41.91779787	     69.16557883	      4.69491348	    -23.27208012	     15.88129331	     55.83730614	     63.43225136
0.11666670	      3.39139295	     -3.32174541	    -91.79744707	      0.80923529	      1.22955017	      0.18881435	      2.43837580	      3.76716445	      2.36812305	      6.89715001	     -2.18144210	    -17.29442392	      0.00000000	     15.36717535	    -12.86562394	    -13.86470213	     31.44112220	      4.70029424	     -0.35119560	      0.00000000	    -15.03407171	     -5.80117869	      6.61434415	     24.09964253	     -2.84551652	     36.01613722	     42.89163456	     69.37219978	      4.30680233	    -23.55649023	     15.43373165	     58.40932295	     64.72033970
0.13333330	      3.24720230	     -3.37268808	    -92.16940189	      0.80892905	      1.22781956	      0.18669052	      2.15942902	      3.59530065	      0.63502986	      7.08274413	     -3.91227493	    -21.61709041	      0.00000000	     15.37246714	    -12.73143037	    -14.53171787	     27.85394483	      4.49654635	     -0.66974011	      0.00000000	    -15.16653629	     -5.68413253	      6.89459267	     24.16778338	     -3.18402963	     36.05757346	     42.79469512	     69.72540203	      4.10634271	    -23.42435284	     14.66379286	     59.48803487	     66.71204681
0.15000000	      3.15543169	     -3.37961438	    -92.24761702	      0.81085784	      1.22506548	      0.18489513	      2.06218107	      3.63152190	      0.01418887	      7.05019748	     -3.28944907	    -22.65503092	      0.00000000	     15.62246090	    -12.44800109	    -14.61702549	     24.39542837	      4.32965381	     -0.39420923	      0.00000000	    -15.11293265	     -5.37096706	      7.11380151	     24.09178453	     -3.51294125	     36.11245693	     42.53906474	     69.79445228	      4.13880055	    -23.02670328	     14.63136744	     59.80691941	     67.06319492
0.16666670	      3.07207569	     -3.43626152	    -92.14170967	      0.81206129	      1.22231767	      0.18293851	      2.00440000	      3.93289576	      1.69601553	      6.78925486	     -2.21433740	    -22.74655970	      0.00000000	     15.96307579	    -12.09608770	    -14.15795132	     21.11331603	      4.31074561	      0.28809769	      0.00000000	    -15.11292512	     -4.94113920	      7.02375597	     24.05159922	     -3.71353705	     36.14990947	     42.39635831	     69.89622783	      3.93561629	    -22.76625676	     14.72386381	     59.84931561	     67.57670540
0.18333330	      3.00336973	     -3.43290787	    -91.79671733	      0.81190041	      1.21982761	      0.18131326	      1.94583757	      4.31015516	      4.13940406	      6.39231324	     -0.10879135	    -20.64944710	      0.00000000	     16.46186378	    -11.75079739	    -13.62776858	     18.18033980	      4.72616669	      2.21192060	      0.00000000	    -14.97757113	     -4.40299339	      6.75702583	     23.86091693	     -3.96853177	     36.46692414	     42.24791079	     70.34500760	      3.67258502	    -22.41552387	     14.62042662	     59.55896209	     69.52000587
0.20000000	      2.86553352	     -3.34872379	    -91.37338627	      0.81221843	      1.21773001	      0.17931699	      1.83500889	      4.77228206	      7.40052266	      5.96768876	      1.31550303	    -19.72350726	      0.00000000	     17.06430569	    -11.38124449	    -12.33599118	     15.60070778	      4.91286741	      2.99690942	      0.00000000	    -14.73419596	     -3.90930389	      6.21746668	     23.51917843	     -4.06626084	     36.53104004	     42.44136627	     70.42651826	      3.16765008	    -22.33130622	     14.72448067	     59.27985737	     69.84904176
0.21666670	      2.68861203	     -3.18370778	    -91.16723511	      0.81399516	      1.21648272	      0.17686153	      1.87574057	      5.19419805	      9.55949564	      6.02622613	      3.63998956	    -17.11907793	      0.00000000	     17.62985515	    -11.10907232	    -11.16839751	     13.31224193	      5.00041887	      3.81870464	      0.00000000	    -14.57641769	     -3.49973383	      5.56088887	     23.69425318	     -4.09679433	     37.49958053	     42.36965437	     72.69105636	      1.98389478	    -21.78510964	     12.43306128	     59.21768485	     79.11533466
0.23333330	      2.41093781	     -3.08803655	    -91.03638468	      0.81584784	      1.21618063	      0.17510640	      1.56488509	      5.74709512	     11.53087272	      5.94769766	      4.69554467	    -16.83229430	      0.00000000	     18.03476349	    -10.98258586	     -9.95069873	     11.31712721	      5.02459814	      4.55767542	      0.00000000	    -14.45561158	     -3.09118276	      5.37579874	     23.43176266	     -4.21270566	     37.58745736	     42.68509511	     72.71978044	      1.55560213	    -21.63792618	     12.37620832	     58.68573161	     79.15535245
0.25000000	      2.16183624	     -2.99930080	    -91.16503687	      0.81530635	      1.21590065	      0.17489033	      1.15298547	      6.26462519	     12.69534199	      5.91498484	      5.63883575	    -16.76605404	      0.00000000	     18.22180082	    -10.95064160	     -8.87747469	      9.42134973	      4.77833788	      5.10507502	      0.00000000	    -14.33992493	     -2.85301671	      5.48629905	     23.23888043	     -4.35709504	     37.88618502	     43.12467726	     72.80572890	      1.12731924	    -21.31321136	     12.04484803	     57.77531887	     79.21350335
0.26666670	      1.87552751	     -2.99120047	    -91.36432479	      0.81286601	      1.21536985	      0.17585205	      0.51612705	      6.72909230	     13.24614854	      5.70894966	      6.17933383	    -16.94211530	      0.00000000	     18.21994652	    -11.06107219	     -7.85390986	      7.69020884	      4.29778981	      5.59063370	      0.00000000	    -14.22879530	     -2.61474079	      5.71678850	     22.91725456	     -4.53203745	     38.46235347	     43.55096284	     72.95423900	      0.62386016	    -20.90309122	     11.54675827	     56.54409928	     79.33194985
0.28333330	      1.52554563	     -2.92024606	    -91.59482643	      0.81077717	      1.21456138	      0.17630307	     -0.08023204	      7.16012541	     13.42251265	      5.39100467	      6.57340998	    -17.18317369	      0.00000000	     18.30045052	    -11.36581157	     -6.96574587	      6.28925725	      4.01750374	      6.22920175	      0.00000000	    -13.97336423	     -2.47440793	      6.05496278	     22.51868564	     -4.50279893	     38.67869840	     43.59239173	     72.99336019	     -0.12379404	    -20.80305020	     11.55808534	     56.09168616	     79.36697132
0.30000000	      1.28578869	     -2.93528384	    -91.88416702	      0.81192173	      1.21438745	      0.17440839	     -0.70418100	      7.31571901	     13.63452945	      4.96956895	      6.36073613	    -18.00007757	      0.00000000	     18.24957258	    -11.56238839	     -6.43192890	      5.01158822	      3.38303047	      6.90706242	      0.00000000	    -13.82027463	     -2.32167217	      6.22580908	     22.45134411	     -4.46001821	     39.70167667	     43.63563541	     73.21331894	     -0.59762451	    -20.28264069	     11.03915264	     53.92603790	     79.54787528
0.31666670	      1.05513533	     -2.76859432	    -92.10544509	      0.81654314	      1.21386422	      0.17059713	     -0.95751532	      7.30606505	     13.55343837	      4.57714732	      6.12043752	    -18.28720703	      0.00000000	     18.57964431	    -11.68413414	     -6.01457932	      4.14020808	      2.74291250	      7.59238738	      0.00000000	    -13.64242989	     -2.22420988	      6.35346175	     22.22937004	     -4.44668199	     40.00686313	     43.45920601	     73.26528489	     -1.31183521	    -20.07287897	     11.08614020	     53.02584403	     79.63789732
0.33333330	      0.84619120	     -2.46224746	    -92.37009721	      0.82201804	      1.21308646	      0.16676151	     -0.79650565	      7.18015978	     13.62848756	      4.46629887	      5.45434071	    -19.15264257	      0.00000000	     19.20583921	    -11.76250677	     -5.91245465	      3.76526126	      2.60491174	      8.32651731	      0.00000000	    -13.34476292	     -1.96438060	      6.35874731	     22.12095301	     -4.62633412	     40.60056488	     42.84683351	     73.34686653	     -1.69197894	    -19.39471384	     10.98438261	     50.67261692	     79.83329244
0.35000000	      0.69108872	     -2.14536129	    -92.56428346	      0.82662837	      1.21228189	      0.16426490	     -0.60776218	      6.96224049	     13.74912909	      4.39343306	      4.87277604	    -19.94338891	      0.00000000	     19.92968994	    -11.76452425	     -5.89001467	      3.81573072	      2.41571381	      8.99162364	      0.00000000	    -13.06981541	     -1.77100836	      6.32528360	     21.73098731	     -5.01468397	     40.82657325	     42.62809601	     73.32364930	     -2.11174825	    -18.87652596	     11.16833109	     48.87575544	     80.06107671
0.36666670	      0.59362442	     -1.85760709	    -92.61456816	      0.83062325	      1.21115927	      0.16260547	     -0.48886938	      6.70524217	     13.72825946	      4.37184851	      4.35714402	    -20.53764977	      0.00000000	     20.68068895	    -11.69242309	     -5.78072822	      4.18294139	      2.18817136	      9.55426027	      0.00000000	    -12.89571973	     -1.64166390	      5.94843996	     21.22658624	     -5.29866624	     40.78138010	     42.64219859	     73.27520879	     -2.73054572	    -18.56044630	     11.36384850	     47.39277613	     80.15146586
0.38333330	      0.52785187	     -1.38009751	    -92.73390811	      0.83429484	      1.21030212	      0.16067356	     -0.13844094	      6.48776958	     14.24306626	      4.53901169	      3.55408142	    -22.12720125	      0.00000000	     21.65719144	    -11.66341918	     -5.92869636	      4.84372680	      2.31754144	     10.10617010	      0.00000000	    -12.40149212	     -1.52595465	      6.09736535	     20.58013352	     -5.74664779	     40.63534230	     42.24189656	     73.15570565	     -2.72589561	    -17.89060925	     11.61208285	     44.96002767	     80.28544602
0.40000000	      0.47690743	     -1.05335532	    -92.77489805	      0.83747708	      1.20959772	      0.15842766	     -0.03010726	      6.27391661	     14.72103041	      4.63644976	      2.99329955	    -23.45626145	      0.00000000	     22.42922849	    -11.61579428	     -5.72805642	      5.53933688	      2.35845994	     10.45479956	      0.00000000	    -12.10403205	     -1.40882141	      5.92528221	     20.04907733	     -5.79960686	     40.41658628	     41.96228635	     73.03593789	     -3.01531529	    -17.63713300	     12.03515353	     43.17649658	     80.40002440
0.41666670	      0.45488352	     -0.55686227	    -92.90833733	      0.84060063	      1.20791128	      0.15603698	      0.30547092	      6.06439202	     15.37049115	      4.77708637	      2.18577812	    -25.10012107	      0.00000000	     23.26921459	    -11.59856882	     -5.63561893	      6.16753376	      2.40707830	     10.63785138	      0.00000000	    -11.58022117	     -1.40764523	      6.09004463	     19.61178066	     -5.83440092	     40.24126992	     41.50633504	     72.89646083	     -3.07651855	    -17.30198328	     12.42766033	     41.36238104	     80.48525127
0.43333330	      0.42438246	     -0.06454581	    -92.96581253	      0.84469783	      1.20503016	      0.15351413	      0.66716921	      5.87772192	     16.01500227	      4.91906700	      1.35105715	    -26.74179474	      0.00000000	     24.03467748	    -11.54046640	     -5.42076365	      6.69533858	      2.46793228	     10.66298951	      0.00000000	    -11.15258743	     -1.39592484	      6.18650204	     19.42199723	     -5.77043120	     40.11445201	     41.20890674	     72.72671785	     -3.14234901	    -17.01630896	     12.90491638	     39.81000027	     80.55027211
0.45000000	      0.38000543	      0.45675619	    -93.00364840	      0.84863962	      1.20369204	      0.15063814	      1.10553079	      5.77840150	     16.76612311	      5.10935962	      0.98198502	    -28.15807056	      0.00000000	     24.77427547	    -11.48991948	     -5.12412202	      7.18650386	      2.66043219	     10.50560472	      0.00000000	    -10.67038977	     -1.38988175	      6.28418428	     19.45055992	     -5.44764687	     40.16791614	     40.93187545	     72.55565001	     -3.19635135	    -16.82754842	     13.21483939	     38.38429329	     80.53788820
0.46666670	      0.28061760	      0.88796355	    -92.99935762	      0.85202813	      1.20439314	      0.14819756	      1.51680309	      5.80644653	     17.57359711	      5.49651157	      0.99878730	    -29.34328923	      0.00000000	     25.30838026	    -11.49406225	     -4.87481309	      7.57550416	      2.99268156	     10.22250163	      0.00000000	    -10.28526723	     -1.36695356	      6.37933532	     19.61519393	     -4.90606570	     40.32433607	     40.23495065	     72.36729302	     -3.20573127	    -16.53835241	     13.37305953	     36.90175447	     80.45696638
0.48333330	      0.15411064	      1.33848677	    -92.93103142	      0.85561115	      1.20471854	      0.14689667	      1.84768546	      5.86141910	     18.28776456	      5.79412686	      1.17578969	    -30.27439624	      0.00000000	     25.69721090	    -11.49133541	     -4.63949631	      7.80523496	      3.28631776	      9.98735982	      0.00000000	     -9.88176175	     -1.38492662	      6.46590233	     19.76970745	     -4.31760217	     40.57858226	     39.19597515	     72.10268349	     -3.18625473	    -16.25592297	     13.38719973	     35.43282164	     80.29418445
0.50000000	     -0.00374928	      1.73645564	    -92.90845341	      0.85949178	      1.20226930	      0.14586368	      2.18150341	      5.92745453	     18.75286833	      6.27231851	      1.59602300	    -30.78892425	      0.00000000	     25.90876066	    -11.50334170	     -4.56586330	      7.93910081	      3.66226292	      9.69984948	      0.00000000	     -9.56223314	     -1.36658582	      6.42438357	     19.76017931	     -3.88867567	     40.77150582	     38.41837113	     71.81434925	     -3.35127596	    -16.00979621	     13.29370014	     34.41497232	     80.10353164
0.51666670	     -0.10644042	      1.99318112	    -92.89415653	      0.86266475	      1.19894721	      0.14485257	      2.31211170	      5.89466735	     19.05179286	      6.66658689	      2.11675803	    -31.08443011	      0.00000000	     25.82807289	    -11.43552282	     -4.48684881	      7.94951808	      4.13994702	      9.48501227	      0.00000000	     -9.46518716	     -1.47541373	      6.31208562	     19.48303480	     -3.81610930	     40.82121503	     38.19627554	     71.71319677	     -3.62514729	    -15.97079842	     13.25223171	     34.05669042	     80.03705091
0.53333330	     -0.28461524	      2.15512159	    -92.84802439	      0.86508680	      1.19533598	      0.14463482	      2.29177007	      5.93765664	     19.06858339	      6.96267301	      2.21368637	    -31.15349834	      0.00000000	     25.62274455	    -11.46240340	     -4.59086710	      8.00298018	      4.29107779	      9.35418369	      0.00000000	     -9.50319964	     -1.52655419	      6.08595369	     18.99188507	     -4.07201173	     40.84992178	     38.00222353	     71.69428440	     -3.80859663	    -16.01832059	     13.24499866	     33.93708979	     80.02535096
0.55000000	     -0.43665374	      2.90641073	    -92.88073343	      0.86731848	      1.19265134	      0.14564735	      3.09599793	      6.09454884	     19.12326281	      7.82440218	      3.17633565	    -31.47340308	      0.00000000	     26.03939253	    -11.52944050	     -4.49791055	      8.26312691	      4.95792361	      8.43762790	      0.00000000	     -8.42142851	     -1.41462593	      5.69578331	     18.20023239	     -3.97472349	     40.52829049	     37.33403001	     71.20759185	     -4.37831203	    -15.98358681	     12.89536612	     32.90946335	     79.72449002
0.56666670	     -0.51913339	      3.10306759	    -92.85027142	      0.87041280	      1.19265073	      0.14657431	      3.06135088	      6.10207547	     19.12304714	      8.27602899	      3.65348942	    -31.57702991	      0.00000000	     25.65194350	    -11.45599323	     -4.58729948	      8.20241305	      5.41286087	      8.02871289	      0.00000000	     -8.12107365	     -1.54220101	      5.35953819	     17.41567479	     -4.22389933	     40.32575064	     36.97167204	     70.94189428	     -4.70739493	    -16.13246007	     12.78382131	     32.59430568	     79.58200364
0.58333330	     -0.75573105	      3.25976962	    -92.74153236	      0.87348677	      1.19192515	      0.14701067	      2.91138021	      6.26276757	     18.98569970	      8.61746442	      3.79027084	    -31.66469874	      0.00000000	     25.28372028	    -11.53579032	     -4.83097631	      8.07986844	      5.52568864	      7.84843615	      0.00000000	     -7.95438085	     -1.53884407	      5.09704720	     16.78516081	     -4.53876934	     40.30502795	     36.74652753	     70.89128659	     -4.94300032	    -16.35416514	     12.74768635	     32.46583604	     79.55524728
0.60000000	     -0.89682600	      3.87055456	    -92.69048485	      0.87504509	      1.18847015	      0.14831082	      3.26998656	      6.32961116	     18.40726137	      9.06152214	      5.14968829	    -30.69022722	      0.00000000	     25.30955680	    -11.55921547	     -4.90396115	      7.71711084	      5.49392573	      7.60073563	      0.00000000	     -7.02386684	     -1.67037511	      4.86937417	     15.86786194	     -4.11078128	     38.58389711	     35.93396553	     69.30005305	     -5.33931259	    -16.57005170	     12.50368316	     32.25882708	     78.78805313
0.61666670	     -1.17667326	      4.05543520	    -92.58409689	      0.87726312	      1.18512522	      0.14904590	      3.06063013	      6.50214740	     18.26609180	      9.25139876	      5.22689036	    -30.77493635	      0.00000000	     25.06483355	    -11.70979760	     -5.10377763	      7.52793274	      5.47537859	      7.53331491	      0.00000000	     -6.84473044	     -1.80728308	      4.68796179	     15.60587318	     -4.24302711	     38.58706900	     35.86253717	     69.27968051	     -5.35745585	    -16.75843295	     12.47771269	     32.22660736	     78.77508565
0.63333330	     -1.26806494	      4.40705353	    -92.47692187	      0.88308805	      1.18365695	      0.14930932	      3.07543973	      6.36286609	     17.83587193	      9.52752773	      5.58611890	    -30.90462745	      0.00000000	     24.75194799	    -11.57543232	     -5.60325595	      6.84148975	      4.68499582	      7.82737614	      0.00000000	     -6.26519771	     -1.83921461	      4.44849402	     15.10522079	     -4.13628159	     38.51605020	     35.78126836	     69.08770949	     -5.65241527	    -17.12636178	     12.50671995	     32.16845483	     78.68543029
0.65000000	     -1.45360703	      5.03967208	    -92.39268177	      0.89161325	      1.18330161	      0.14797637	      3.59437746	      6.22859488	     17.19858940	     10.03344439	      6.40150861	    -29.81828499	      0.00000000	     25.10732975	    -11.50420187	     -6.27870399	      6.79392353	      4.38163203	      8.33236121	      0.00000000	     -5.51164273	     -1.88135014	      4.32064551	     14.85617817	     -3.87694028	     37.78759108	     35.30911299	     67.57047213	     -5.78253270	    -17.44461472	     12.83293269	     32.44442433	     77.92845428
0.66666670	     -1.52552792	      5.28773357	    -92.28027967	      0.89972103	      1.18449888	      0.14644573	      3.66311844	      5.82467962	     16.93875680	     10.29908445	      6.36003485	    -29.81958740	      0.00000000	     25.07371042	    -11.15951101	     -6.80022018	      6.75283501	      3.83786503	      8.32970006	      0.00000000	     -5.29891734	     -1.93493937	      4.13455610	     14.91540236	     -3.83856222	     37.78793605	     35.43139622	     67.47200637	     -5.61842054	    -17.47401024	     12.84174765	     32.47028865	     77.86835573
0.68333330	     -1.51787255	      5.97476585	    -92.30435447	      0.90550078	      1.18523831	      0.14616946	      4.36352542	      5.39629813	     16.68843876	     10.81553348	      6.60954007	    -29.46211442	      0.00000000	     25.61871334	    -10.83961757	     -7.49149257	      6.99587085	      3.20252785	      8.75695201	      0.00000000	     -4.47856585	     -2.10393106	      4.11605830	     14.90022021	     -3.71368917	     38.01545635	     36.05862816	     66.84081752	     -5.55033471	    -17.63622428	     12.92796176	     32.53625441	     77.45555809
0.70000000	     -1.53903734	      6.22166070	    -92.19780775	      0.91202730	      1.18670875	      0.14664361	      4.51454908	      4.97133767	     16.22762962	     11.20362225	      6.52515246	    -29.45228498	      0.00000000	     25.79139754	    -10.47138810	     -7.95779711	      7.37096918	      2.61970035	      8.87948074	      0.00000000	     -4.29108440	     -2.25099479	      4.06191160	     15.20874023	     -3.41048961	     38.10584785	     36.44055739	     66.69994581	     -5.22817668	    -17.73541976	     12.91320818	     32.63344321	     77.35113623
0.71666670	     -1.54415636	      6.84419111	    -92.12749330	      0.92013737	      1.18781993	      0.14765651	      5.04992808	      4.55478189	     15.85436036	     11.64341510	      6.61146199	    -29.31151892	      0.00000000	     26.32115625	    -10.11306581	     -8.56893074	      7.71065785	      1.96471861	      9.36384401	      0.00000000	     -3.57005629	     -2.40764796	      4.00406766	     15.26070914	     -3.28005169	     38.49578650	     37.61752935	     66.28826967	     -5.13687099	    -17.70151161	     12.95898146	     32.84151035	     77.02890958
0.73333330	     -1.56838391	      7.03253640	    -91.98100076	      0.92854521	      1.18862607	      0.14830555	      4.97605127	      4.08968900	     15.63072643	     11.88255887	      6.50574093	    -29.28698612	      0.00000000	     26.53238687	     -9.68268360	     -8.91370514	      8.32919592	      1.62771041	      9.37871004	      0.00000000	     -3.40003451	     -2.54751400	      3.94180381	     15.47249325	     -3.12039912	     38.57000905	     37.94960570	     66.20911056	     -4.74277423	    -17.57461389	     12.95039684	     33.03786505	     76.96353874
0.75000000	     -1.57435356	      7.75044588	    -91.93184614	      0.93471641	      1.18701504	      0.14945409	      5.67953794	      3.66746225	     15.29080702	     12.50201461	      6.47091073	    -29.32367995	      0.00000000	     27.22247172	     -9.29218758	     -9.49614964	      8.88636708	      1.34987790	      9.83756582	      0.00000000	     -2.55362629	     -2.73129887	      4.18477531	     15.00957495	     -3.70466929	     39.21190677	     40.03244796	     65.42694054	     -4.54075985	    -17.64412431	     12.95330632	     33.68659093	     76.36009708
0.76666670	     -1.57166636	      7.87201843	    -91.80056567	      0.93995400	      1.18416487	      0.15137171	      5.73829468	      3.21920798	     14.82474084	     13.25137757	      6.38420965	    -29.54289415	      0.00000000	     27.20509515	     -8.80541878	     -9.67176887	      9.31191847	      1.35013465	      9.78014449	      0.00000000	     -2.42648797	     -2.92254470	      4.16299552	     15.14649764	     -3.56372055	     39.30444416	     40.33133895	     65.24315943	     -4.04555652	    -17.71079093	     12.92851214	     33.93826309	     76.23275470
0.78333330	     -1.56999126	      8.05385208	    -91.66870085	      0.94528290	      1.18337540	      0.15372310	      5.84690969	      2.81655347	     14.36867064	     14.06492280	      6.27609119	    -29.77238674	      0.00000000	     27.17038817	     -8.33823252	     -9.86732161	      9.69567576	      1.48379528	      9.65247157	      0.00000000	     -2.18554933	     -3.11120497	      4.21507736	     15.34378112	     -3.27319187	     39.41984693	     40.67461383	     65.13657912	     -3.60709635	    -17.70840015	     12.91769976	     34.20603031	     76.15320106
0.80000000	     -1.56200483	      8.66190158	    -91.62739471	      0.95059335	      1.18376427	      0.15585041	      6.58082480	      2.51492545	     14.13279697	     15.25228016	      5.77821992	    -30.65256617	      0.00000000	     27.58273368	     -7.95522403	     -9.91578054	     10.15483580	      1.67794576	      9.34218723	      0.00000000	     -1.29424159	     -3.34894562	      4.59401750	     15.25345188	     -3.59831292	     40.18762862	     42.31992803	     64.24252682	     -3.41054318	    -17.99530442	     13.16346805	     35.18155229	     75.53148285
0.81666670	     -1.48408914	      8.71321874	    -91.47870833	      0.95586742	      1.18710742	      0.15730738	      6.64303816	      2.09075709	     13.52074272	     16.26044907	      5.49265297	    -30.83286726	      0.00000000	     27.24524476	     -7.42083007	     -9.88188425	     10.35343569	      1.92824408	      9.24055654	      0.00000000	     -1.08900516	     -3.64406191	      4.63047094	     15.63069238	     -3.23523994	     40.29577845	     42.64672938	     64.10685364	     -2.93659963	    -18.13035645	     13.13256304	     35.35318444	     75.42483412
0.83333330	     -1.47686793	      8.71058438	    -91.31508695	      0.96068238	      1.19011227	      0.15861139	      6.65427814	      1.82946015	     13.20462659	     17.21730303	      3.87849933	    -32.57463393	      0.00000000	     26.78767359	     -6.94383638	     -9.61156051	     10.43999566	      2.31728932	      9.10487596	      0.00000000	     -0.92718782	     -3.91252779	      4.60794195	     16.13566494	     -3.46282739	     42.16309317	     44.11716118	     59.88015322	     -2.52438273	    -18.47446621	     14.10638562	     36.04773197	     72.33598052
0.85000000	     -1.37091115	      8.73174099	    -91.34679257	      0.96418390	      1.19246384	      0.15979084	      6.97976604	      1.44973956	     12.39648746	     18.65890429	      3.28055496	    -32.48947372	      0.00000000	     26.20056316	     -6.43232192	     -9.54157266	     10.31732309	      2.32064454	      8.97084992	      0.00000000	     -0.66994820	     -4.26720766	      4.68685698	     16.44827598	     -3.09717583	     42.21105832	     44.36298667	     59.80231541	     -2.11964013	    -18.68746337	     14.02065812	     36.18723155	     72.25186293
0.86666670	     -1.31083197	      8.74457233	    -91.37288199	      0.96592727	      1.19219307	      0.16079333	      7.43165051	      1.19571518	     11.70485051	     20.28952367	      1.87228075	    -33.51741604	      0.00000000	     25.53528394	     -5.95916044	     -8.97950968	      9.97639304	      2.09898865	      8.17019804	      0.00000000	     -0.49275892	     -4.65255279	      4.85596014	     16.66179424	     -2.99620773	     42.67214191	     45.48174501	     59.28551352	     -1.79391457	    -19.15506663	     14.02275487	     36.97056731	     71.68053678
0.88333330	     -1.36892846	      8.68793582	    -91.34808949	      0.96660928	      1.19259590	      0.16081202	      8.03113678	      1.09440943	     10.64370881	     22.20696786	      1.04238338	    -33.59332755	      0.00000000	     24.86929850	     -5.73846072	     -8.80078686	      9.73853529	      2.42196718	      8.23804852	      0.00000000	     -0.41771910	     -4.91194946	      4.86519556	     17.17692185	     -2.52246913	     42.74317250	     45.86580664	     59.23068440	     -1.22787247	    -19.58641530	     13.90040859	     37.13054204	     71.58579257
0.90000000	     -1.40861839	      8.76750561	    -91.31840562	      0.96784399	      1.19354905	      0.16080635	      8.93674154	      1.09418291	      9.81143018	     24.32455273	     -0.59281860	    -35.00000000	      0.00000000	     24.30905128	     -5.58109581	     -8.66426683	      9.37453781	      2.65917205	      8.12568730	      0.00000000	     -0.27977273	     -5.32686868	      4.85851597	     17.61820923	     -2.27937157	     43.55942999	     47.28129513	     58.97391841	     -0.84164308	    -20.38662233	     13.90762064	     37.94591055	     71.03440503
0.91666670	     -1.61880884	      8.68949191	    -91.37587996	      0.97126570	      1.19463993	      0.16098507	      9.82663002	      1.16742462	      8.53353827	     26.57241011	     -1.58893891	    -34.83127166	      0.00000000	     23.60520784	     -5.65822242	     -8.62595113	      9.09191413	      3.00796600	      8.07092157	      0.00000000	     -0.36519416	     -5.53725473	      4.95412728	     18.37665600	     -1.69106111	     43.61542309	     47.71409760	     58.93993138	     -0.20639989	    -20.85451856	     13.74537662	     38.10040680	     70.92157926
0.93333330	     -1.68742028	      8.67270308	    -91.43637152	      0.97650185	      1.19734763	      0.16087026	     10.93456122	      1.01241516	      7.21025019	     29.05623726	     -2.56452244	    -34.76619913	      0.00000000	     22.90903671	     -5.52498847	     -8.62442465	      8.72002426	      3.35624198	      7.97207990	      0.00000000	     -0.39931325	     -5.97133296	      5.02299455	     18.81698225	     -1.28945770	     43.88923755	     48.36460213	     58.88900830	      0.39539519	    -21.43833772	     13.51072536	     38.36722789	     70.66009106
0.95000000	     -1.86129503	      8.59040042	    -91.57070526	      0.98274376	      1.19919021	      0.16023485	     12.07873388	      0.89583252	      6.12320392	     31.67212721	     -3.54316367	    -34.30483264	      0.00000000	     22.11207931	     -5.41732680	     -8.58253234	      8.25561047	      3.70049462	      7.96028841	      0.00000000	     -0.49333466	     -6.10298121	      5.01179789	     19.24462657	     -1.07686155	     43.93351517	     48.74237081	     58.86386617	      0.94787885	    -21.67503537	     13.32813173	     38.58680879	     70.50637858
0.96666670	     -1.97679812	      8.75209735	    -91.76619388	      0.98798029	      1.20069118	      0.15876495	     13.67095003	      0.62656126	      4.98216069	     34.57969914	     -3.22363236	    -32.50416843	      0.00000000	     21.60433991	     -5.22910955	     -8.75369250	      7.77051345	      3.98389522	      7.90724915	      0.00000000	     -0.38245476	     -6.43556451	      5.22567318	     19.10615356	     -1.31461700	     43.88837923	     49.98979663	     58.67634575	      1.40967491	    -21.89348976	     12.62477638	     39.26614020	     69.43184439
0.98333330	     -2.11357008	      8.61580587	    -91.90647030	      0.99190049	      1.20157181	      0.15689696	     14.98953768	      0.32303827	      3.90718761	     37.49830425	     -2.68783234	    -30.34857916	      0.00000000	     20.80500702	     -5.01032621	     -8.94245357	      7.21853878	      4.31683749	      8.09399411	      0.00000000	     -0.57484001	     -6.62966209	      5.19531912	     19.18854579	     -1.15196829	     43.32283972	     50.03177952	     58.56419007	      2.06463732	    -22.06178880	     12.24673572	     39.44403774	     68.63214796
1.00000000	     -2.26624879	      8.50941473	    -91.98404336	      0.99431081	      1.20327283	      0.15502470	     16.31308257	      0.03065750	      2.86811593	     40.23893723	     -1.99369833	    -28.05288046	      0.00000000	     20.07388259	     -4.80807188	     -9.11955866	      6.61430555	      4.63750041	      8.31768668	      0.00000000	     -0.74518374	     -6.83870961	      5.16369115	     19.29979876	     -0.99771775	     42.84199915	     49.91454929	     58.59056795	      2.84377956	    -22.22518986	     12.02661264	     39.50943682	     68.15458101
1.01666670	     -2.52068951	      8.31464405	    -91.94144158	      0.99590984	      1.20678460	      0.15341306	     17.36705426	     -0.21121104	      1.65106922	     42.43894867	     -1.01450353	    -25.04052473	      0.00000000	     19.35309728	     -4.75346622	     -9.25116128	      6.13873599	      4.92884345	      8.66229286	      0.00000000	     -1.04636043	     -6.98131115	      5.08689648	     19.46424377	     -0.65989867	     42.20630008	     49.44239289	     58.69465907	      3.75813702	    -22.40553828	     11.85057161	     39.34523632	     67.79271658
1.03333330	     -2.78222550	      8.17880269	    -91.82757123	      0.99791663	      1.20902409	      0.15249901	     18.32090099	     -0.48650791	      0.58079980	     44.01945220	      0.06017874	    -21.73945864	      0.00000000	     18.75736338	     -4.74689074	     -9.38807125	      5.75669975	      5.17780902	      9.06773480	      0.00000000	     -1.23337209	     -7.16468750	      5.01891505	     19.57339684	     -0.24874117	     41.57541511	     48.81655483	     58.85770281	      4.67845387	    -22.57110485	     11.68750330	     39.05886605	     67.55507154
1.05000000	     -3.07940061	      8.10412885	    -91.65048468	      1.00042887	      1.20976164	      0.15161666	     19.24591281	     -0.78160588	     -0.19333346	     45.06331807	      1.31863461	    -18.01741517	      0.00000000	     18.35114577	     -4.82025534	     -9.47920552	      5.61069600	      5.50980071	      9.46945216	      0.00000000	     -1.34730198	     -7.26862998	      4.88950017	     19.59603111	      0.14362812	     40.89723118	     48.23112648	     59.07220609	      5.43114080	    -22.68375265	     11.55098935	     38.64142013	     67.39468030
1.06666670	     -3.32378110	      8.06872249	    -91.47273975	      1.00276417	      1.20998524	      0.15028952	     20.19010775	     -1.11534914	     -0.68327773	     45.75697732	      2.84623808	    -14.21888026	      0.00000000	     18.05969869	     -4.87883321	     -9.52289424	      5.63978346	      5.93374780	      9.83774245	      0.00000000	     -1.40398836	     -7.40093997	      4.72474019	     19.55632297	      0.46624463	     40.17045371	     47.72907797	     59.35192702	      6.08344802	    -22.74306540	     11.42838760	     38.17846970	     67.28391525
1.08333330	     -3.53277049	      8.03410551	    -91.32189108	      1.00464642	      1.21044985	      0.14849885	     21.10452806	     -1.45810361	     -1.17986978	     46.23287900	      4.33046132	    -10.97843821	      0.00000000	     17.80258007	     -4.95102504	     -9.58469938	      5.77374467	      6.44781263	     10.14462475	      0.00000000	     -1.50128306	     -7.56347641	      4.60234407	     19.54679535	      0.80781150	     39.46749926	     47.23732801	     59.67179735	      6.63217598	    -22.79649705	     11.30653274	     37.70104077	     67.21404805
1.10000000	     -3.68811390	      7.95501066	    -91.19936656	      1.00646428	      1.21177863	      0.14644225	     21.93219587	     -1.71962172	     -1.61825510	     46.54887593	      5.58638383	     -8.67120722	      0.00000000	     17.53587252	     -5.01441020	     -9.69654203	      5.99730852	      6.93469806	     10.45703068	      0.00000000	     -1.69869793	     -7.75025371	      4.47160948	     19.67219570	      1.17329352	     38.84032568	     46.64986956	     59.97185219	      7.12186960	    -22.82176147	     11.16563408	     37.23514106	     67.17092670
1.11666670	     -3.91642056	      7.89276540	    -91.08875780	      1.00885675	      1.21295764	      0.14479909	     22.60355491	     -1.81632213	     -2.12833647	     46.42041463	      6.96314722	     -7.37223898	      0.00000000	     17.18649979	     -5.16028798	     -9.78181016	      6.00060770	      7.18125483	     10.94534422	      0.00000000	     -1.79987928	     -7.85672022	      4.43057037	     19.86070025	      1.65210179	     38.28835997	     45.99478013	     60.27374455	      7.45496226	    -22.79315710	     11.00229518	     36.75743525	     67.13862020
1.13333330	     -4.09044310	      7.75361530	    -91.00629430	      1.01172413	      1.21428489	      0.14304955	     23.08625370	     -1.95558973	     -2.70036895	     45.87051358	      8.00241447	     -6.60680727	      0.00000000	     16.76683451	     -5.26464601	    -10.19099757	      6.01595328	      7.50865836	     11.32479653	      0.00000000	     -1.89274374	     -7.97986426	      4.31842635	     20.03371847	      2.14244625	     37.73848333	     45.30717291	     60.63181845	      7.62920123	    -22.70087522	     10.80110942	     36.24196906	     67.10723221
1.15000000	     -4.24256188	      7.56031047	    -90.92883824	      1.01419425	      1.21595371	      0.14036125	     23.44888374	     -1.98189998	     -3.13755326	     44.85496513	      8.77666401	     -6.33793165	      0.00000000	     16.27950487	     -5.35249416	    -10.61118797	      5.90711816	      7.78656388	     12.03599759	      0.00000000	     -2.10972799	     -8.14256976	      4.06484143	     20.40042786	      2.68988386	     36.94816620	     44.77851249	     61.39183958	      7.77445365	    -22.57990928	     10.38920327	     35.73205059	     67.05770080
1.16666670	     -4.36010656	      7.48887203	    -90.85546574	      1.01635393	      1.21660178	      0.13737792	     23.95411762	     -1.90438089	     -3.53955286	     43.66755415	      9.53621609	     -6.90698882	      0.00000000	     15.95562800	     -5.39462148	    -10.75388878	      5.78073605	      7.81907240	     12.10773741	      0.00000000	     -2.12591401	     -8.37116958	      3.93723766	     20.51684015	      2.77169753	     36.82763366	     44.92213455	     61.54605122	      7.78431101	    -22.60310371	     10.31426447	     35.73266078	     67.05161603
1.18333330	     -4.50203806	      7.15201249	    -90.74742090	      1.01829069	      1.21670698	      0.13441893	     24.21064930	     -1.67854296	     -4.05257272	     42.46867966	      9.85357557	     -8.12075353	      0.00000000	     15.34868586	     -5.48181027	    -11.06722037	      5.62323354	      7.98540079	     12.76680313	      0.00000000	     -2.67426956	     -8.47985140	      3.36916954	     20.59991839	      2.89912260	     36.08424582	     45.96610906	     62.35492470	      7.49893202	    -22.77878801	      9.84794257	     35.97344586	     67.02009584
1.20000000	     -4.59879649	      7.04134073	    -90.70132811	      1.01967726	      1.21559490	      0.13142630	     24.85406934	     -1.44459588	     -4.77579656	     41.51013981	     10.72751673	     -8.96161475	      0.00000000	     14.99347186	     -5.52513856	    -11.12756076	      5.42687924	      7.88679677	     12.90414714	      0.00000000	     -2.72828219	     -8.68184422	      3.27146892	     20.69451778	      2.88005773	     35.92305982	     46.22733219	     62.53744929	      7.48903379	    -22.81467601	      9.75291658	     36.10027523	     67.02212795
1.21666670	     -4.72894005	      6.82757170	    -90.59934633	      1.02053230	      1.21351341	      0.12808027	     25.39034071	     -1.09192502	     -5.56906377	     40.46956401	     10.85336409	    -10.62646694	      0.00000000	     14.57062855	     -5.62947551	    -11.25337028	      5.31567733	      7.94653809	     13.37182690	      0.00000000	     -3.21297933	     -8.77558534	      2.85618123	     20.74855803	      3.02442498	     35.10936687	     47.62262667	     63.52972095	      7.18323778	    -23.12760161	      9.33529844	     36.76775441	     67.08980249
1.23333330	     -4.80523729	      6.77050550	    -90.56483047	      1.02101722	      1.21144474	      0.12441513	     26.20154227	     -0.84734911	     -6.56085156	     39.61781671	     11.67591932	    -11.42564870	      0.00000000	     14.32542962	     -5.69128690	    -11.35364894	      5.24221125	      7.83304263	     13.43008635	      0.00000000	     -3.23482309	     -8.99859493	      2.90776171	     21.15487050	      3.21745684	     34.98474817	     47.83808832	     63.69385865	      7.35308975	    -23.20286362	      9.25721413	     36.88969814	     67.10772156
1.25000000	     -4.84192092	      6.75622845	    -90.46093512	      1.02207823	      1.20991474	      0.12075454	     27.04580534	     -0.73246731	     -7.65458938	     38.75620456	     12.24774192	    -12.47988048	      0.00000000	     14.22764058	     -5.69096818	    -11.32378254	      5.37444574	      7.82403621	     13.60684756	      0.00000000	     -3.31981921	     -9.14220726	      2.85090798	     21.57858506	      3.57224822	     34.80517754	     48.18291771	     63.96381192	      7.41518878	    -23.30100171	      9.21114141	     36.99091283	     67.15507228
1.26666670	     -4.96109551	      6.79988524	    -90.40139606	      1.02363625	      1.20936463	      0.11742752	     27.80731511	     -0.49002989	     -8.56084579	     37.59920188	     11.71695062	    -14.21530938	      0.00000000	     14.23639060	     -5.82423372	    -11.62436938	      5.68228773	      8.25719071	     14.03579326	      0.00000000	     -3.47087745	     -9.26930183	      2.83974678	     21.64056415	      4.28425982	     32.63082434	     48.23735795	     73.80201838	      7.11045614	    -23.22457149	      8.31149961	     37.90120912	     69.03263141
1.28333330	     -4.87442068	      6.84574536	    -90.29564693	      1.02589846	      1.20958306	      0.11442547	     28.41884609	     -0.59294495	     -9.50780200	     36.22769036	     11.91240368	    -14.62686435	      0.00000000	     14.12346198	     -5.62939840	    -11.64253578	      5.70771217	      8.26369583	     14.00734503	      0.00000000	     -3.40979594	     -9.58697545	      2.71389406	     21.71068912	      4.55075795	     32.70086291	     48.35108946	     73.86947124	      6.98581648	    -23.20392156	      8.39047302	     37.62188315	     69.06513528
1.30000000	     -4.92323916	      6.97291726	    -90.05943282	      1.02759032	      1.21066955	      0.11088635	     28.88744055	     -0.40401897	    -10.13765003	     34.15428788	     11.90241324	    -13.97278483	      0.00000000	     14.28668402	     -5.58816116	    -11.53935006	      6.03075179	      8.44556103	     14.04910401	      0.00000000	     -3.34715434	     -9.70440939	      2.44740035	     21.71894398	      4.76957339	     32.71210987	     48.22570778	     74.01801371	      6.83604859	    -23.00376783	      8.58539031	     37.13151736	     69.13440926
1.31666670	     -4.85639634	      7.00912862	    -89.65028653	      1.02865791	      1.21200781	      0.10718529	     29.21943236	     -0.32640226	    -10.71455569	     31.92026975	     13.19678473	    -10.93100873	      0.00000000	     14.50608505	     -5.39405905	    -11.44015591	      6.57874346	      8.79066407	     14.38441522	      0.00000000	     -3.37106345	    -10.00454372	      2.08683513	     21.51090161	      4.98562357	     32.53754378	     47.43695335	     74.44750157	      6.99531874	    -22.88160907	      8.96011174	     36.09106637	     69.28604234
1.33333330	     -4.80699828	      6.95732178	    -89.22254309	      1.02901040	      1.21347616	      0.10384936	     29.34833417	     -0.14097838	    -10.93056313	     29.53320343	     13.77133287	     -7.68857948	      0.00000000	     14.56371113	     -5.21893074	    -11.27408684	      7.06503441	      9.01166133	     14.69036134	      0.00000000	     -3.46599465	    -10.29278824	      1.76202687	     21.15525757	      5.08789748	     32.24352888	     46.79537216	     74.92656398	      7.05306229	    -22.83341143	      9.40923909	     35.24417583	     69.41516674
1.35000000	     -4.65240258	      6.89527904	    -88.99248215	      1.02903732	      1.21412965	      0.10077922	     29.45940679	     -0.08848717	    -10.80157997	     27.31829132	     13.29922753	     -6.00514692	      0.00000000	     14.39441433	     -4.91937831	    -11.15341006	      7.23886021	      9.20069669	     14.70544723	      0.00000000	     -3.51334921	    -10.68957202	      1.53655128	     20.76131723	      5.13974552	     32.11019533	     46.44043151	     75.18707693	      6.87005828	    -22.87034547	      9.66220959	     34.71240028	     69.46093650
1.36666670	     -4.41035503	      6.82770781	    -88.84572226	      1.02955854	      1.21377755	      0.09752414	     29.73713567	     -0.29587670	    -10.78785920	     25.70784259	     13.03739068	     -5.53735261	      0.00000000	     14.19369850	     -4.54505805	    -11.01860611	      7.35980232	      9.29156341	     14.71468874	      0.00000000	     -3.61980724	    -11.29359151	      1.38603698	     20.43910964	      5.09204565	     32.11349853	     46.26303021	     75.25814721	      6.78609837	    -22.99194511	      9.70730673	     34.50505616	     69.46424594
1.38333330	     -4.38533154	      6.38266688	    -88.77713947	      1.03131117	      1.21461932	      0.09441083	     29.52470802	     -0.58325739	    -12.11882115	     24.15714039	     12.35841221	     -4.35456587	      0.00000000	     13.27952101	     -4.31809789	    -10.33791059	      6.83729137	      9.11771667	     14.04923566	      0.00000000	     -4.07187638	    -11.35979940	      1.05834261	     20.46490620	      5.43731357	     31.96373801	     45.32209719	     76.19023073	      6.79715614	    -23.05288887	     10.33591017	     33.06766182	     69.47550013
1.40000000	     -4.20359210	      6.34646654	    -88.96334181	      1.03247660	      1.21538270	      0.09118480	     29.98109789	     -0.94458333	    -13.13774016	     23.03640120	     11.47463454	     -4.27944783	      0.00000000	     12.82037085	     -4.01289788	    -10.33287098	      6.37834681	      9.12748946	     13.87733130	      0.00000000	     -4.12827883	    -11.79845248	      1.29420123	     20.20088189	      5.41669830	     32.04289279	     44.98573176	     76.36910593	      6.58442997	    -23.06651875	     10.44433529	     32.84570269	     69.46472367
1.41666670	     -4.17362131	      5.98934755	    -88.98795458	      1.03303742	      1.21716243	      0.08779456	     30.03527294	     -1.24435045	    -14.44972628	     21.94771053	     10.93859924	     -3.80133084	      0.00000000	     12.04513606	     -3.83928191	     -9.50030846	      5.82318531	      8.70453810	     12.56151687	      0.00000000	     -4.45494866	    -11.91628652	      1.31121622	     20.74051253	      5.91225555	     32.24684247	     43.04877044	     77.69225053	      6.75696382	    -22.93187609	     11.21351084	     31.45967087	     69.33967083
1.43333330	     -4.18734460	      5.85013801	    -88.89253040	      1.03289938	      1.21840195	      0.08463625	     30.37982943	     -1.54742442	    -15.66913030	     21.15470033	     10.74189775	     -2.94298739	      0.00000000	     11.67593027	     -3.79560481	     -9.14468310	      5.65074513	      8.65083875	     12.07062572	      0.00000000	     -4.56067086	    -12.09444974	      1.34072832	     20.93706303	      6.32032868	     32.37344907	     41.40471953	     79.15974097	      6.77245897	    -22.85726248	     12.02120192	     30.35489249	     69.07936964
1.45000000	     -4.25701187	      5.75074608	    -88.65112670	      1.03237574	      1.21862331	      0.08120400	     30.81713019	     -1.69564433	    -16.25217986	     20.52380501	     10.29389263	     -2.71035909	      0.00000000	     11.48171911	     -3.87082775	     -8.95479245	      5.73712626	      8.75251936	     12.00051221	      0.00000000	     -4.71678118	    -12.26938617	      1.39372554	     20.72330184	      6.36477113	     32.37636046	     40.99413141	     79.39709530	      6.58394316	    -22.81218533	     12.17009556	     30.08436000	     69.01567147
1.46666670	     -4.28997296	      5.60152036	    -88.34914088	      1.03195034	      1.21790301	      0.07772558	     31.34173715	     -1.82254671	    -16.19135200	     20.28252167	     10.26599720	     -2.64721735	      0.00000000	     11.29765242	     -3.93199284	     -8.83121626	      5.98000358	      8.79587613	     12.00203371	      0.00000000	     -5.08240683	    -12.40758230	      1.45124017	     20.38205987	      6.29498084	     32.40668453	     40.72543845	     79.43990224	      6.35240687	    -22.68322334	     12.23616460	     29.94400899	     69.00514647
1.48333330	     -4.42547257	      5.44166294	    -87.60279988	      1.03208778	      1.21771213	      0.07442021	     31.84173514	     -1.97343845	    -15.85978157	     20.24884463	     10.04793427	     -2.86873510	      0.00000000	     11.40998849	     -4.06369195	     -8.03749071	      6.72537380	      9.37315890	     11.78676188	      0.00000000	     -4.95286599	    -12.24785875	      0.92958184	     20.99485078	      7.05176900	     32.86404700	     36.94683676	     84.28095278	      6.92098198	    -22.69483513	     15.40479809	     27.28193548	     67.18905024
1.50000000	     -4.45094977	      5.59527886	    -86.89971402	      1.03261304	      1.21752531	      0.07163917	     32.94286844	     -2.18600882	    -14.69886083	     20.84279375	      9.54049271	     -4.20392935	      0.00000000	     11.82470910	     -4.06833975	     -7.47975402	      7.36709094	      9.56570783	     11.89390017	      0.00000000	     -4.93908985	    -12.25936750	      0.19041965	     20.63083294	      7.35743417	     32.20389271	     36.50182373	     84.74523597	      6.39874012	    -22.69646652	     15.73387700	     26.58465521	     66.77189452
1.51666670	     -4.55069359	      5.60989940	    -86.19114818	      1.03382259	      1.21682272	      0.06958125	     33.84865665	     -2.25021931	    -13.14480525	     21.50250888	      8.99771995	     -5.70689103	      0.00000000	     12.06164334	     -4.14202959	     -6.98140672	      7.95215219	      9.83754491	     12.17519484	      0.00000000	     -4.91364133	    -12.21433463	     -0.27694093	     20.32848490	      7.55165167	     31.75877728	     35.49962669	     85.49285992	      6.17097086	    -22.64113527	     16.28799405	     25.76489896	     66.14911111
1.53333330	     -4.59462017	      5.34473479	    -85.56987474	      1.03542789	      1.21443677	      0.06863657	     34.42756673	     -2.34254442	    -11.54707925	     22.28206236	      8.91754639	     -6.47794439	      0.00000000	     11.77705246	     -4.10670913	     -6.54284018	      8.24047080	     10.18884647	     12.50325495	      0.00000000	     -4.94780248	    -12.13446489	     -0.42750807	     20.07914358	      7.79359351	     30.78389786	     33.74169630	     92.09499157	      6.72289531	    -22.89428654	     21.42208471	     24.09069916	     60.39116153
1.55000000	     -4.88142130	      5.54935738	    -84.87410536	      1.03666705	      1.20906247	      0.06810195	     35.53203851	     -2.30307365	    -10.29909486	     23.13302973	      9.35129039	     -6.68031313	      0.00000000	     12.20462615	     -4.26522181	     -6.08123137	      8.90808720	     10.69973400	     12.54809730	      0.00000000	     -4.60803889	    -11.76232870	     -1.05824544	     19.36596519	      7.55300769	     30.51958964	     33.91301611	     92.27260175	      5.97246958	    -22.92866428	     21.65383497	     23.77365591	     59.98963583
1.56666670	     -5.09342848	      5.74308966	    -84.33203998	      1.03625423	      1.20420880	      0.06723299	     36.61532808	     -2.19704922	     -8.90979093	     23.92414353	     10.01891483	     -6.53705538	      0.00000000	     12.45147518	     -4.38029651	     -5.74547605	      9.36276633	     11.22088868	     12.65701772	      0.00000000	     -4.10094187	    -11.52746524	     -1.46683285	     18.75378255	      7.45864898	     30.33941489	     33.38678265	     92.56810008	      5.28571705	    -23.11194723	     22.06862364	     23.43557810	     59.52173856
1.58333330	     -5.40630653	      5.69595499	    -83.77658518	      1.03453690	      1.20146774	      0.06558160	     37.23964491	     -1.85620144	     -7.56995554	     24.32519933	     10.79625546	     -6.25436530	      0.00000000	     12.35169386	     -4.69594769	     -5.32025569	      9.64553889	     11.68001889	     12.78539816	      0.00000000	     -3.84959302	    -11.27081981	     -1.74711226	     18.22701330	      7.21566369	     30.29355910	     33.04106846	     92.68084767	      4.84946936	    -23.31570286	     22.26616746	     23.20774136	     59.37351281
1.60000000	     -5.57881721	      6.22124649	    -83.19074237	      1.03366010	      1.19907464	      0.06308181	     38.62967103	     -1.85846187	     -6.70422086	     24.97841990	     11.92212539	     -4.96650822	      0.00000000	     13.12425697	     -4.83017227	     -5.18685794	     10.39316718	     12.28864147	     13.10660601	      0.00000000	     -2.77969969	    -11.13575079	     -2.62071336	     18.41326401	      7.85738459	     30.47281489	     30.09823504	     95.23857401	      4.01523150	    -24.27710755	     26.41621032	     22.83539950	     56.39994314
1.61666670	     -5.84268727	      6.71649788	    -82.54420983	      1.03437678	      1.19818611	      0.06100720	     39.80337034	     -1.73017008	     -5.64538131	     25.33010420	     12.69545620	     -4.43253819	      0.00000000	     13.71230871	     -5.04526700	     -4.98388271	     10.83717457	     12.56845941	     13.51543859	      0.00000000	     -1.92179665	    -11.03783266	     -3.26187997	     17.76407388	      7.76886363	     30.37946107	     30.36020441	     95.68904069	      3.43529174	    -24.58340328	     27.22607628	     21.99293606	     55.66340818
1.63333330	     -6.03639389	      6.84586146	    -82.01459922	      1.03652082	      1.19825974	      0.05920489	     40.40017743	     -1.73873789	     -5.13465124	     25.41366756	     13.67845659	     -3.12538495	      0.00000000	     13.70570282	     -5.19169198	     -4.92226785	     10.97851085	     12.58265131	     13.65816874	      0.00000000	     -1.04118517	    -11.04226785	     -1.19582285	     16.11385750	      7.26701310	     24.22582842	     30.95633691	    109.78359958	      8.53476603	    -24.89760047	     57.96069447	     16.51251643	     25.52055617
1.65000000	     -6.31888146	      7.31445517	    -81.41272510	      1.03862153	      1.19696452	      0.05746493	     41.23515871	     -1.69184470	     -4.10357269	     25.21441401	     14.02140517	     -3.01332284	      0.00000000	     14.27179293	     -5.34357155	     -4.65286840	     11.48921103	     13.02837292	     13.78537323	      0.00000000	     -0.19937017	    -10.78813001	     -2.14084980	     16.08206678	      7.57631154	     24.12834386	     29.86107309	    109.59041337	      7.54647644	    -24.89954196	     58.19651051	     16.15546109	     24.74186839
1.66666670	     -6.46030632	      7.66383556	    -80.95411675	      1.03983957	      1.19529075	      0.05574817	     41.76296260	     -1.83594465	     -3.47083502	     24.76426432	     14.45363282	     -2.20207362	      0.00000000	     14.42669565	     -5.33149822	     -4.52910098	     11.48681268	     13.01093134	     13.88300645	      0.00000000	      0.57543123	    -10.64962393	     -2.84975458	     16.25694678	      7.96349283	     24.33903488	     28.01313361	    109.50493509	      6.80708186	    -24.84605636	     59.33195368	     15.50169639	     23.28422606
1.68333330	     -6.54090303	      7.82418622	    -80.65274003	      1.03986454	      1.19391118	      0.05388520	     41.94741933	     -1.89601995	     -2.72078660	     24.10061017	     14.62827953	     -1.77541882	      0.00000000	     14.29736318	     -5.33133469	     -4.54436650	     11.40544489	     12.98230630	     14.07348946	      0.00000000	      1.29929429	    -10.65291247	     -2.15714855	     15.83181400	      7.45367782	     25.09861054	     27.48273455	    108.51546255	      9.11725837	    -23.65108450	     85.29325260	     10.74485077	      0.00000000
1.70000000	     -6.71208186	      8.08740435	    -80.26080218	      1.03924601	      1.19259105	      0.05167481	     42.12860189	     -1.92259731	     -2.28564486	     23.26732062	     14.67654884	     -1.18676093	      0.00000000	     14.40831324	     -5.45080430	     -4.49266724	     11.44570193	     12.87296237	     14.41048948	      0.00000000	      1.88455310	    -10.46267893	     -2.93735816	     15.72502083	      7.67870048	     24.84313195	     26.87983025	    108.58206546	      8.29457434	    -23.81165024	     86.21725221	     10.73195113	      0.00000000
1.71666670	     -6.73781677	      8.52207579	    -80.04629466	      1.03847411	      1.19158989	      0.04941771	     42.53146166	     -1.97465530	     -1.82498123	     22.56806847	     15.04306616	     -0.20032741	      0.00000000	     14.61583134	     -5.46881431	     -4.68801256	     11.43594636	     12.78949934	     14.90570544	      0.00000000	      2.64911341	    -10.51676695	     -3.24442377	     15.83429617	      8.09465017	     24.91251910	     25.18512359	    108.94808245	      7.79481538	    -23.89339950	     88.48985259	     10.26368996	      0.00000000
1.73333330	     -6.75511331	      8.59981822	    -79.82031212	      1.03833387	      1.19183551	      0.04688651	     42.42354229	     -1.92974605	     -1.24018234	     21.67563633	     15.16289918	      0.11988285	      0.00000000	     14.44379017	     -5.51833144	     -4.51274545	     11.42142878	     12.85160975	     14.94813268	      0.00000000	      2.86579598	    -10.58803481	     -3.29424703	     15.61036475	      8.03502411	     24.93793703	     25.05426235	    108.98402611	      7.62066552	    -23.93088923	     88.71087272	     10.22869956	      0.00000000
1.75000000	     -6.88374468	      8.87055567	    -79.60169470	      1.03828640	      1.19232090	      0.04440944	     42.47404282	     -1.84903402	     -0.94552812	     20.71701214	     15.08473822	      0.71444587	      0.00000000	     14.52469349	     -5.67062542	     -4.53420236	     11.45522830	     13.02148226	     15.06222970	      0.00000000	      3.31358031	    -10.46411570	     -4.19578903	     16.18498316	      8.13148058	     27.74453583	     23.46499526	    113.98502671	      6.90249577	    -22.37747704	    123.96705601	      2.09072517	      0.00000000
1.76666670	     -6.78135344	      8.96864844	    -79.57627530	      1.03704357	      1.19360602	      0.04178960	     42.35831040	     -1.82559532	     -0.48045205	     19.88955423	     14.96410226	      1.36453543	      0.00000000	     14.25412932	     -5.65059795	     -4.61561984	     11.27667293	     13.00454941	     14.89423663	      0.00000000	      3.54447920	    -10.59217394	     -4.05170726	     15.90281530	      8.09702692	     27.37770632	     23.13399192	    113.88958914	      6.86207368	    -22.45458743	    124.13783853	      2.14679004	      0.00000000
1.78333330	     -6.61619780	      9.04637821	    -79.41447164	      1.03596292	      1.19468166	      0.03851410	     42.23542330	     -2.00756936	     -0.15471600	     19.14812377	     14.91046826	      1.62449632	      0.00000000	     14.16613960	     -5.55411508	     -4.66971941	     11.39390022	     13.10493932	     14.80078805	      0.00000000	      3.62352980	    -10.82370511	     -4.15867411	     15.75301290	      7.98857153	     27.28179258	     22.98171614	    113.87101979	      6.88675446	    -22.48572947	    124.19970099	      2.16431475	      0.00000000
1.80000000	     -6.33186095	      8.84574324	    -79.44594289	      1.03545746	      1.19572325	      0.03530234	     41.77498310	     -2.20922439	      0.20153800	     18.35116517	     14.40331014	      2.02635425	      0.00000000	     13.61169706	     -5.35392374	     -4.43265022	     11.28814287	     13.27361081	     14.10243985	      0.00000000	      3.45660249	    -10.94334117	     -4.10936452	     15.92187913	      8.41831871	     25.19922511	     21.67269746	    113.48325448	      7.20399020	    -22.69752129	    126.08227167	      2.64901980	      0.00000000
1.81666670	     -6.09317919	      8.91591483	    -79.36151395	      1.03534750	      1.19491093	      0.03259524	     41.68711637	     -2.52493905	      0.50202727	     17.72376171	     14.17513715	      2.23926168	      0.00000000	     13.48706284	     -5.15790119	     -4.58277643	     11.37582071	     13.47477224	     13.94708299	      0.00000000	      3.53792812	    -11.04644813	     -4.23738976	     15.77584279	      8.20298391	     25.15315385	     21.63639225	    113.47950760	      7.19378514	    -22.68108007	    126.13417017	      2.64963488	      0.00000000
1.83333330	     -5.74346729	      8.90854306	    -79.63996342	      1.03397995	      1.19370791	      0.03044743	     41.53014159	     -2.71068818	      0.90397541	     17.05997004	     13.37779463	      2.55085613	      0.00000000	     13.10154347	     -4.87173802	     -4.46478723	     11.34009587	     13.92497181	     13.54365721	      0.00000000	      3.57440957	    -11.25143617	     -4.15855626	     15.66284036	      8.10079674	     25.04735029	     21.71984915	    113.46057488	      7.11233049	    -22.74689657	    126.27927195	      2.63896369	      0.00000000
1.85000000	     -5.39943117	      8.83117481	    -79.87938329	      1.03234841	      1.19272765	      0.02876767	     41.34349458	     -2.87071052	      1.21636712	     16.58996048	     12.77757034	      2.57643695	      0.00000000	     12.63163574	     -4.59030922	     -4.21260981	     11.25327875	     14.20530789	     13.00438628	      0.00000000	      3.48941655	    -11.38574548	     -3.99063267	     15.58007201	      7.88925672	     24.91581240	     21.76777244	    113.42641125	      7.17421104	    -22.70571654	    126.41669888	      2.60276458	      0.00000000
1.86666670	     -5.11447511	      8.51449475	    -80.17033412	      1.03180026	      1.19235732	      0.02799942	     40.88460308	     -2.84186716	      1.60546874	     16.22842469	     12.22214043	      2.09569448	      0.00000000	     11.86053237	     -4.39213018	     -3.67694660	     11.13995520	     14.05041018	     11.79547938	      0.00000000	      3.09008435	    -11.40894314	     -3.36242674	     15.52110138	      7.51704296	     24.60162807	     21.73409866	    113.30407184	      7.64151870	    -22.50240595	    126.67105418	      2.52920898	      0.00000000
1.88333330	     -4.88604572	      8.56913107	    -80.31635840	      1.03347157	      1.19137829	      0.02823805	     40.81419303	     -2.97411155	      1.71593469	     16.08545158	     12.14208501	      2.10885184	      0.00000000	     11.53129646	     -4.18526507	     -3.53632327	     11.19821715	     14.21351694	     11.72420831	      0.00000000	      3.22543829	    -11.30013662	     -3.30328558	     15.51855645	      7.36027213	     24.55007439	     21.69144666	    113.28403358	      7.57953370	    -22.21387365	    126.69516751	      2.61846057	      0.00000000
1.90000000	     -4.63077726	      8.25421622	    -80.70755612	      1.03531622	      1.19114536	      0.02834597	     40.23612142	     -2.90738264	      2.37209722	     15.79003392	     11.87430393	      1.76081517	      0.00000000	     10.53708550	     -3.94242784	     -3.15720930	     10.93917835	     14.26234551	     10.65430641	      0.00000000	      2.93740762	    -11.19622027	     -2.37946215	     15.53662821	      7.04648231	     24.17919681	     21.20425756	    113.04558214	      8.12571614	    -21.66860125	    126.64861577	      2.65999547	      0.00000000
1.91666670	     -4.39381669	      8.25579015	    -80.84540280	      1.03551025	      1.18999230	      0.02729432	     40.00754937	     -3.09741950	      2.76653131	     15.58391187	     11.85460131	      1.64042553	      0.00000000	      9.99347968	     -3.65419044	     -2.93955613	     10.82791110	     14.59632093	     10.46656824	      0.00000000	      3.04652480	    -11.04083248	     -2.16195754	     15.52184926	      6.85397167	     24.01855779	     21.08000827	    112.92677995	      8.15017324	    -21.23297049	    126.56345894	      2.79736027	      0.00000000
1.93333330	     -4.06344055	      8.16102472	    -81.05340399	      1.03268549	      1.18883682	      0.02535643	     39.63511951	     -3.25865108	      3.33749801	     15.21098003	     11.70801195	      1.24455262	      0.00000000	      9.40268669	     -3.37805513	     -2.91021650	     10.77803772	     14.90862438	     10.08660733	      0.00000000	      2.92953087	    -11.04159633	     -1.71974521	     15.59446666	      6.65450962	     23.79193581	     20.94006902	    112.71482728	      8.45507777	    -20.85254536	    126.27930860	      2.85014010	      0.00000000
1.95000000	     -3.83016226	      8.30660177	    -81.08316943	      1.02902508	      1.18722633	      0.02373979	     39.53648121	     -3.44379759	      3.34823757	     14.88249409	     11.74976896	      1.08385658	      0.00000000	      9.21082686	     -3.25283286	     -3.03087724	     10.84313507	     15.00742679	      9.98687660	      0.00000000	      3.00753231	    -11.03230767	     -1.70516368	     15.78326135	      6.63435673	     23.74498018	     20.97925698	    112.67182796	      8.59521193	    -20.60076967	    126.21221403	      2.88574881	      0.00000000
1.96666670	     -3.56059266	      8.45587034	    -81.17866762	      1.02594871	      1.18575718	      0.02293753	     39.36195675	     -3.52988963	      3.51558461	     14.43557945	     11.75259268	      0.88990152	      0.00000000	      9.00371003	     -3.14649091	     -3.08475809	     10.93504288	     15.23508471	      9.86849075	      0.00000000	      3.05909116	    -11.12280516	     -1.59011262	     15.99793310	      6.66038836	     23.69846571	     20.99703775	    112.61635509	      8.81802760	    -20.44576191	    126.10152677	      2.88047021	      0.00000000
1.98333330	     -3.19934478	      8.27978791	    -81.56036839	      1.02329365	      1.18446228	      0.02275672	     38.76772426	     -3.28069309	      5.09567611	     13.83024179	     10.68341337	     -1.34034976	      0.00000000	      8.32778887	     -3.08882987	     -3.50985485	     10.99044116	     15.56441472	     10.01684402	      0.00000000	      2.86752694	    -11.39667792	      0.66967051	     15.22170921	      6.56959354	     19.67671457	     21.29636322	    105.14980783	     11.45594927	    -21.47401878	    109.88108896	      9.28506528	      0.00000000
2.00000000	     -2.91814628	      8.02107876	    -81.52391515	      1.02197115	      1.18289607	      0.02300931	     37.89366478	     -3.33749699	      5.93325979	     13.12356307	     10.32323490	     -2.68562310	      0.00000000	      7.50469878	     -2.98102923	     -3.22541290	     10.81884149	     15.71266087	      9.81759442	      0.00000000	      2.34603934	    -11.41299308	      0.21477413	     15.89180093	      6.60892401	     21.06904237	     20.64319076	    105.08391290	     11.15055768	    -21.12128557	    107.79536888	      8.25485367	      0.00000000
2.01666670	     -2.58682502	      8.24708755	    -81.44140414	      1.01971751	      1.18090263	      0.02292337	     37.59779264	     -3.62574304	      6.19300286	     12.58334229	     10.50863436	     -2.80135417	      0.00000000	      7.38776877	     -2.79639883	     -3.17403904	     11.05582106	     15.99413749	      9.80200406	      0.00000000	      2.48712185	    -11.64714267	      0.20585652	     15.97297860	      6.57191212	     21.12585526	     20.61198419	    105.05949657	     11.29813534	    -21.00289887	    107.62360850	      8.27900040	      0.00000000
2.03333330	     -2.27339467	      8.48845754	    -81.23711051	      1.01639016	      1.17951152	      0.02133148	     37.26799234	     -3.82449157	      7.35128145	     11.94158754	      9.51076066	     -5.20400567	      0.00000000	      7.48771661	     -2.73827352	     -3.47813970	     11.54988739	     16.76598755	     10.43958298	      0.00000000	      2.47270142	    -11.73717201	     -0.32217104	     16.17207312	      6.25830492	     23.34305513	     21.31748216	    101.52586853	     10.88327674	    -22.23150675	     91.32264254	     12.90455324	      0.00000000
2.05000000	     -1.82424857	      8.14280155	    -81.44063982	      1.01337362	      1.18035017	      0.01939244	     36.26581893	     -4.02153834	      7.25304892	     11.15380964	      8.94242825	     -5.44702433	      0.00000000	      6.44867699	     -2.56468034	     -3.71631891	     11.11796824	     16.73544797	     10.00859597	      0.00000000	      1.92752353	    -11.99324909	      0.11968210	     16.41244238	      6.20933542	     22.78604783	     21.07782320	    100.54607802	     11.18446393	    -21.85438379	     87.78811526	     12.57121437	      0.00000000
2.06666670	     -1.40426573	      8.34458227	    -81.54518941	      1.01089657	      1.18045407	      0.01759771	     35.85426468	     -4.30100813	      7.56812106	     10.38773647	      8.01266460	     -6.49148133	      0.00000000	      6.25023134	     -2.37594253	     -4.33289651	     11.11004857	     17.04309254	     10.41369471	      0.00000000	      1.88163673	    -12.31337090	      0.66089461	     16.14772979	      5.60316564	     22.78345898	     22.18727546	     99.76841606	     11.88865607	    -22.08683721	     84.50261889	     14.28496251	      0.00000000
2.08333330	     -1.07318583	      8.31164512	    -81.58039507	      1.00800318	      1.18107012	      0.01674122	     35.02582058	     -4.52468939	      7.37989552	      9.33861579	      7.17242243	     -6.90597941	      0.00000000	      5.80139740	     -2.31209970	     -4.66818352	     11.01458502	     16.76178493	     10.78608209	      0.00000000	      1.43813242	    -12.34004588	      0.20940184	     16.45566389	      5.61580003	     22.33565172	     22.79044317	     96.79169443	     10.88674729	    -22.42671099	     71.35759964	     16.90086661	      0.00000000
2.10000000	     -0.61199068	      8.50097663	    -81.63999897	      1.00414316	      1.18011516	      0.01640024	     34.61513862	     -4.89911699	      6.94913448	      8.69832368	      6.63745437	     -6.90370243	      0.00000000	      5.78381736	     -2.09460880	     -4.85755331	     11.37743271	     17.02402333	     10.64970955	      0.00000000	      1.34999413	    -12.63200250	      0.22854386	     16.84960571	      5.64809493	     22.42236504	     22.77681173	     96.78483205	     11.41992677	    -22.36993462	     71.20812966	     17.06230982	      0.00088029
2.11666670	     -0.27818266	      8.08589312	    -81.77625646	      0.99878287	      1.17867237	      0.01657272	     33.44041262	     -4.91920050	      6.81819728	      7.86125323	      5.66360990	     -7.75196359	      0.00000000	      4.99302351	     -2.20399943	     -5.14805473	     11.49119502	     17.06938674	     11.09420232	      0.00000000	      0.51435922	    -12.68496152	      0.61463075	     17.47594778	      5.50089202	     22.96247686	     22.86286099	     96.62749525	     12.28012821	    -22.32643692	     70.20596807	     17.81837252	      0.11641231
2.13333330	      0.05817962	      8.26633570	    -81.86632757	      0.99298831	      1.17516548	      0.01722893	     33.08558955	     -5.01355235	      6.30209402	      7.38535941	      4.97555707	     -7.99567285	      0.00000000	      4.98646179	     -2.25803024	     -5.31007658	     11.92436211	     17.10570074	     11.21595342	      0.00000000	      0.50320766	    -12.81200387	      0.67936000	     17.87062249	      5.53348022	     23.05752033	     23.02606159	     96.57629095	     12.71763613	    -22.27611303	     69.91841905	     17.97967146	      0.16676701
2.15000000	      0.34342371	      8.33611180	    -82.11216539	      0.98701277	      1.17178996	      0.01829190	     32.73496522	     -4.83360282	      6.57574126	      7.10412899	      3.87437795	     -9.70379225	      0.00000000	      4.89124612	     -2.45289651	     -5.63043839	     12.55853055	     17.67682875	     11.59029941	      0.00000000	      0.10462482	    -12.81907489	      0.44810633	     18.32153607	      5.25509815	     25.86872589	     24.12580235	     93.23308081	     11.37293801	    -22.69546370	     58.32165568	     21.33451826	      3.93987210
2.16666670	      0.49639056	      8.34935517	    -82.30593998	      0.98160081	      1.16956531	      0.01990378	     32.27019736	     -4.57587899	      6.18178997	      6.75795461	      2.79485793	    -10.14962819	      0.00000000	      4.69631395	     -2.82502662	     -6.00539741	     13.13916072	     17.72496411	     12.04610965	      0.00000000	     -0.04513994	    -12.70277633	      0.59154205	     18.63391432	      5.20797221	     25.89674535	     24.24317757	     93.12827350	     11.65906820	    -22.59291492	     58.13826382	     21.39678019	      4.22940991
2.18333330	      0.79694556	      8.32817178	    -82.69836346	      0.97564914	      1.16871005	      0.02151592	     32.00127949	     -4.29673288	      6.66042933	      6.86715221	      1.32709758	    -12.03302073	      0.00000000	      4.47771077	     -3.13220924	     -6.82787024	     13.92142309	     17.99144925	     12.68423325	      0.00000000	     -0.24370718	    -12.77342471	      1.04457093	     18.44931724	      4.81716017	     26.17957674	     25.48690785	     92.77328756	     11.94730283	    -22.53661014	     57.31699673	     21.84745180	      5.26273608
2.20000000	      0.97168229	      8.42011712	    -82.99449102	      0.96951271	      1.17002542	      0.02303107	     31.87353436	     -3.99046602	      6.57586612	      7.05449657	     -0.20245430	    -13.34083782	      0.00000000	      4.48288860	     -3.54144384	     -7.20053596	     14.87194103	     18.12326161	     12.80057360	      0.00000000	     -0.24684059	    -12.78072482	      1.45636969	     18.08163697	      4.35225935	     26.41554603	     26.78425998	     92.36030086	     12.06616110	    -22.47264811	     56.21575040	     22.47786670	      6.43618714
2.21666670	      1.21883916	      8.47304212	    -83.35270848	      0.96296101	      1.17292149	      0.02419757	     31.82158504	     -3.75284826	      6.44349841	      7.47721628	     -1.47421940	    -13.87942365	      0.00000000	      4.44575667	     -3.84951271	     -7.41375096	     15.78500491	     17.43684409	     12.47624128	      0.00000000	     -0.56742633	    -12.66033400	      1.11413642	     17.76492458	      4.21583613	     26.74376040	     28.37173006	     87.53160081	      9.95159305	    -22.43569539	     44.04691840	     25.14966712	     20.13726825
2.23333330	      1.46013986	      8.41648706	    -83.72945705	      0.95585087	      1.17554026	      0.02567393	     31.69629507	     -3.42636271	      6.64682184	      7.99075899	     -3.37659806	    -15.54954252	      0.00000000	      4.44308771	     -4.34783569	     -8.26083716	     17.09624082	     17.54331450	     13.29930042	      0.00000000	     -0.68454444	    -12.64717522	      1.10589977	     17.83628355	      4.00955705	     27.90791491	     28.89843543	     87.64699145	      9.92697148	    -22.53309670	     44.27631358	     25.06357947	     21.33635657
2.25000000	      1.63238238	      8.39638414	    -84.02803867	      0.94932009	      1.17734185	      0.02829379	     31.65801183	     -3.06345639	      6.63811194	      8.73104732	     -4.92594416	    -16.84304617	      0.00000000	      4.54838943	     -4.86334143	     -8.64644887	     18.47424767	     17.01317797	     13.14571554	      0.00000000	     -0.79047164	    -12.55580968	      1.36255398	     17.53270756	      3.58930156	     28.72429632	     30.19994475	     87.48703240	     10.01502879	    -22.50581855	     43.84600307	     25.39533568	     22.89921224
2.26666670	      1.73489699	      8.25068856	    -84.27082817	      0.94313824	      1.17954589	      0.03228071	     31.49968541	     -2.63361437	      6.21276213	      9.70742177	     -5.50338149	    -17.03001291	      0.00000000	      4.57858949	     -5.51911447	     -9.07297407	     20.02780527	     16.36015521	     12.94378843	      0.00000000	     -0.92150630	    -12.33255091	      1.45523231	     17.46331546	      3.54480560	     28.78428977	     30.33610915	     87.45553189	     10.00070628	    -22.41914796	     43.76903278	     25.45957988	     23.05358265
2.28333330	      1.66242540	      8.13650650	    -84.39234329	      0.93680281	      1.18224135	      0.03699869	     31.11555874	     -1.95956693	      6.40538214	     10.35314650	     -7.20151691	    -19.20240367	      0.00000000	      4.84317650	     -6.41881253	     -9.25486545	     21.98246880	     15.76301455	     12.65235748	      0.00000000	     -1.05696164	    -12.01843540	      1.64714412	     16.79828458	      2.98995264	     29.23512751	     32.02371934	     87.16799747	      9.87191826	    -22.32802829	     42.93783366	     25.86666657	     24.20420797
2.30000000	      1.65502456	      7.88670649	    -84.64990552	      0.93027509	      1.18528151	      0.04152528	     30.56346000	     -1.29190021	      6.24033173	     11.09380262	     -7.25001923	    -19.51513195	      0.00000000	      4.94947855	     -7.32096370	     -9.68212911	     23.97771173	     14.53348011	     12.41485904	      0.00000000	     -1.14921823	    -11.62233380	      1.77741578	     16.44561613	      2.90485611	     29.29399324	     32.07309807	     87.11023499	      9.68338477	    -22.22170078	     42.81369885	     25.94151677	     24.39312515
2.31666670	      1.59750115	      7.34166073	    -84.86599851	      0.92460408	      1.18828528	      0.04603328	     29.35093394	     -0.53772849	      6.48688965	     11.26007870	     -8.48188234	    -21.66229041	      0.00000000	      4.86950991	     -8.23373804	     -9.69625272	     26.14194199	     13.00337396	     11.76635585	      0.00000000	     -1.72004769	    -11.15438601	      1.89293149	     15.65113363	      2.38127000	     29.60177226	     33.83965915	     86.21828193	      9.08103674	    -22.07348328	     40.55664247	     26.77031857	     26.96461362
2.33333330	      1.46868355	      7.00637217	    -85.02777016	      0.92069913	      1.19015971	      0.05070026	     28.19757799	      0.10344554	      6.09395179	     11.10626540	     -8.82605272	    -21.89096866	      0.00000000	      5.30728520	     -9.16067942	     -9.56588333	     28.76727280	     11.31038696	     11.46127941	      0.00000000	     -2.01198604	    -10.51236724	      0.48762352	     16.23724382	      2.61915557	     32.56628807	     32.91686460	     79.74844111	      5.82926090	    -21.51014539	     27.80224813	     28.54939376	     48.56530309
2.35000000	      1.31887173	      6.47301200	    -85.20400402	      0.91795896	      1.19226779	      0.05564440	     26.76210881	      0.73568763	      5.72784710	     10.82898318	     -8.46169075	    -21.74035563	      0.00000000	      5.74422124	    -10.05270656	     -9.39102166	     31.72531029	      9.58814307	     10.94508625	      0.00000000	     -2.34903138	     -9.78464041	      0.55048904	     15.84096123	      2.27570797	     32.62264877	     33.53311386	     79.70962976	      5.48989341	    -21.32680484	     28.15470751	     28.80401745	     48.94644317
2.36666670	      1.23360474	      5.96500504	    -85.33098518	      0.91524483	      1.19443579	      0.06065588	     25.43319556	      1.26730231	      5.59350666	     10.73449846	     -7.94521215	    -21.85817786	      0.00000000	      6.39450522	    -10.86034712	     -9.40039805	     34.93731069	      7.47888041	     10.58275540	      0.00000000	     -2.59431883	     -9.07292815	      0.58514663	     15.44292519	      1.96783311	     32.61893963	     33.88306135	     79.65382056	      5.03964001	    -20.98601179	     28.26394078	     28.98257378	     49.16525017
2.38333330	      1.13765396	      5.40333339	    -85.30781084	      0.91138401	      1.19619261	      0.06457480	     24.05547766	      1.72414793	      5.54123637	     10.64515181	     -7.26150900	    -22.00302583	      0.00000000	      7.37415230	    -11.73660109	     -9.28361042	     38.62579511	      5.23261273	     10.01338016	      0.00000000	     -3.01994493	     -8.33784544	      0.48729097	     15.20882746	      1.71937892	     32.60048737	     34.37289707	     79.57585660	      4.68967118	    -20.68521321	     28.26354938	     29.23343918	     49.38511963
2.40000000	      1.05511993	      4.79923245	    -85.12561584	      0.90562129	      1.19817585	      0.06641407	     22.61397655	      2.13895792	      5.33792582	     10.37245373	     -6.50393422	    -21.85769621	      0.00000000	      8.73784692	    -12.60458547	     -8.72778696	     42.59887058	      2.84727820	      8.96517688	      0.00000000	     -3.60989529	     -7.70728541	      0.21040872	     15.15623072	      1.54903638	     32.63721228	     35.35176631	     79.39861731	      4.39300232	    -20.53365896	     27.99680207	     29.78686079	     49.82337283
2.41666670	      1.12796503	      4.25757974	    -85.15999457	      0.89836995	      1.20020366	      0.06657877	     21.35164266	      2.45966858	      5.06004794	     10.12430004	     -5.18765332	    -21.17570064	      0.00000000	     10.25122424	    -13.43786134	     -8.30159648	     46.43349693	      0.18613162	      8.39146870	      0.00000000	     -4.31724506	     -7.28962350	      0.02593313	     15.31386226	      1.42588207	     33.03473091	     36.46427587	     78.94230637	      3.91766954	    -20.47565585	     26.92522587	     30.93790439	     50.88719871
2.43333330	      1.09217029	      3.75102375	    -85.39660556	      0.89096174	      1.20284614	      0.06585694	     19.96938889	      3.00830490	      4.99892817	      9.30187980	     -4.54706365	    -20.82530609	      0.00000000	     11.84680312	    -14.42931236	     -7.86088478	     50.07604745	     -2.06546665	      8.08702226	      0.00000000	     -4.87614605	     -6.85709184	      0.20098953	     15.69701450	      1.53201522	     33.29719360	     36.53678610	     78.76966979	      3.96026014	    -20.36549631	     26.44562333	     31.41957911	     51.28580805
2.45000000	      1.24221575	      3.21444588	    -85.76556430	      0.88517865	      1.20456312	      0.06557384	     18.62678352	      3.35982631	      4.64531872	      8.50410506	     -3.57990509	    -19.47929248	      0.00000000	     13.28444988	    -15.02668350	     -7.37255227	     53.24549625	     -4.37383027	      7.52511031	      0.00000000	     -5.71011749	     -6.61277650	      0.18403018	     16.22066006	      1.63179999	     33.91394633	     36.82858271	     78.48641834	      3.71038015	    -20.44292339	     25.54228682	     32.39244275	     51.94061033
2.46666670	      1.40328484	      2.70441587	    -86.39201782	      0.88085774	      1.20419584	      0.06709222	     17.47683721	      3.73954448	      4.37340030	      8.10595206	     -1.99912224	    -17.45452970	      0.00000000	     14.48734865	    -15.65062306	     -7.46187436	     56.13206660	     -5.78691153	      7.51865189	      0.00000000	     -6.46319977	     -6.38793506	     -0.67030365	     17.30295884	      1.85394599	     36.35080149	     36.80468043	     77.03383809	      1.81123001	    -20.38324637	     21.04501003	     34.94741728	     54.83199950
2.48333330	      1.72756484	      2.02638860	    -86.94455572	      0.87701087	      1.20487004	      0.06865767	     16.17234796	      3.91524428	      4.76979909	      7.83494390	     -1.79374916	    -17.48805226	      0.00000000	     15.35721694	    -15.81093652	     -7.39879764	     58.49610268	     -7.19984370	      6.20207379	      0.00000000	     -7.38836758	     -6.48018899	     -1.18179150	     18.05186247	      2.10108883	     37.81840146	     36.51097408	     75.02990327	      0.75437079	    -20.40116807	     17.62786583	     36.42035321	     58.57173225
2.50000000	      1.88245921	      1.68021441	    -87.53948547	      0.87319724	      1.20423777	      0.07022709	     15.31061710	      4.15554459	      5.16022210	      7.71505674	     -1.59590986	    -17.18524360	      0.00000000	     16.60964735	    -15.94193601	     -7.18963390	     60.71811269	     -6.99062582	      5.24143471	      0.00000000	     -7.72724164	     -6.30657676	     -0.77864276	     18.33460667	      1.95271454	     37.85908417	     36.48159179	     74.93857946	      0.79055199	    -20.18156039	     17.54301653	     36.73170870	     58.75780185
2.51666670	      2.10517491	      1.30477735	    -88.17867397	      0.86868151	      1.20447486	      0.07149178	     14.49966947	      4.30562878	      5.71193940	      7.77045939	     -1.22661168	    -16.94636322	      0.00000000	     17.65034215	    -15.81464429	     -6.98388868	     62.32294819	     -6.02355095	      4.22808693	      0.00000000	     -8.11812966	     -6.33192980	     -0.45079916	     18.53204524	      1.83039422	     37.92445919	     36.62278390	     74.83683294	      0.70243969	    -20.18360551	     17.38858849	     37.18302315	     58.95824528
2.53333330	      2.34228091	      0.93822076	    -88.81086469	      0.86376714	      1.20646240	      0.07189371	     13.77943534	      4.44293546	      6.28527406	      7.89183752	     -0.96661752	    -16.81096959	      0.00000000	     18.56755841	    -15.45949783	     -6.72462941	     63.29051338	     -4.35768316	      3.51866326	      0.00000000	     -8.45405801	     -6.45878219	     -0.10598957	     18.69389147	      1.71054806	     38.00191188	     36.84277487	     74.73280775	      0.56313674	    -20.22467622	     17.19709439	     37.73876441	     59.15662601
2.55000000	      2.52223985	      0.60592194	    -89.47893223	      0.85869787	      1.20834848	      0.07153116	     13.12838372	      4.69306990	      6.84043116	      7.87967758	     -1.23080971	    -17.06673075	      0.00000000	     19.45447497	    -15.11738033	     -6.57719666	     63.73400740	     -2.54805735	      3.32044142	      0.00000000	     -9.03041876	     -6.64435662	     -0.56322198	     19.18025815	      1.57154867	     39.54027473	     37.50532583	     72.01622213	     -1.48539322	    -20.00492317	     11.88231000	     41.07909967	     63.78886056
2.56666670	      2.77811505	      0.33059234	    -90.19808329	      0.85394949	      1.20925164	      0.07103617	     12.61431703	      4.88388554	      6.79268696	      7.82374627	     -1.34108195	    -17.13333230	      0.00000000	     20.26573663	    -14.65091366	     -6.59651187	     63.61233950	     -1.10192242	      2.89041215	      0.00000000	     -9.21091137	     -6.88766399	     -0.38908070	     19.37624901	      1.53591665	     39.57039060	     37.62466549	     71.98341198	     -1.61561731	    -20.12003072	     11.92480275	     41.12924883	     63.87789264
2.58333330	      2.87225707	     -0.16696158	    -91.00325298	      0.84973102	      1.21045819	      0.07045127	     11.80044025	      5.26936625	      6.56874520	      7.51201130	     -2.46999476	    -18.09022278	      0.00000000	     20.72952207	    -14.53708826	     -6.90692163	     63.11817318	      0.47550667	      3.15992646	      0.00000000	     -9.70496476	     -7.00637449	      0.12584730	     19.22728777	      0.93452286	     40.04010752	     38.66906060	     71.72541179	     -1.95227822	    -20.41065354	     11.97894036	     42.48077289	     64.53347549
2.60000000	      3.03378414	     -0.40520365	    -91.83993428	      0.84677717	      1.21043146	      0.06955888	     11.39614723	      5.46867174	      5.85662024	      7.44906027	     -3.28515580	    -18.19714681	      0.00000000	     21.43069462	    -14.28672343	     -7.33073920	     62.14947892	      1.78742401	      2.24506533	      0.00000000	     -9.78130705	     -7.12747801	      0.33735405	     19.27229465	      0.69765033	     40.08186225	     38.89627606	     71.65786930	     -2.22197961	    -20.50564568	     11.93059619	     42.67385081	     64.66279633
2.61666670	      3.11614864	     -0.81422624	    -92.58973098	      0.84462932	      1.21091498	      0.06837543	     10.70541197	      5.61009677	      5.93256920	      7.40009999	     -5.00584785	    -19.58180153	      0.00000000	     21.93069004	    -14.08842555	     -7.80135083	     60.74172235	      3.18048533	      1.15287053	      0.00000000	    -10.29424846	     -7.23612471	      0.73896138	     19.16568818	     -0.29840252	     40.44861325	     40.89011374	     71.14104794	     -2.65143934	    -20.75896135	     11.51030502	     44.41241536	     65.61967972
2.63333330	      3.17326059	     -0.96566458	    -93.14703184	      0.84316070	      1.21217033	      0.06781645	     10.26601340	      5.58927149	      6.00010386	      7.59058797	     -5.68851266	    -19.19164856	      0.00000000	     22.59269696	    -13.75780543	     -8.13722969	     58.81939829	      4.76858207	      0.32619125	      0.00000000	    -10.23962256	     -7.09718341	      0.86406905	     19.17571655	     -0.71481775	     40.41477440	     40.98403606	     71.07001716	     -2.89681807	    -20.72760233	     11.50911940	     44.54158723	     65.73777478
2.65000000	      3.23050070	     -1.04130123	    -93.51592570	      0.84182323	      1.21234941	      0.06785241	      9.78242838	      5.57060626	      7.01498766	      7.61351421	     -6.19128641	    -18.33182925	      0.00000000	     23.11556500	    -13.28956374	     -8.36557863	     56.38588733	      5.98035372	     -0.15578960	      0.00000000	    -10.07535195	     -6.93605244	      0.93700126	     19.13092461	     -1.22795955	     40.38635198	     41.24326531	     71.00741888	     -3.14120584	    -20.71143091	     11.55208366	     44.78610624	     65.86106414
2.66666670	      3.27491564	     -1.36984754	    -93.93950082	      0.83976826	      1.21082324	      0.06805802	      9.01067029	      5.63093795	      8.08446188	      7.60038378	     -5.13441795	    -15.79146567	      0.00000000	     23.03949134	    -13.04823011	     -9.15717969	     53.60202126	      6.64591606	     -0.39272918	      0.00000000	    -10.43530914	     -6.92638434	      1.55486382	     18.50568616	     -2.48836610	     40.33692838	     43.80474873	     70.46621769	     -3.32562191	    -21.11623347	     11.69747496	     46.52936855	     66.97355679
2.68333330	      3.17638856	     -1.28273867	    -94.24672887	      0.83750324	      1.20822129	      0.06749804	      8.74109205	      5.86774230	      9.34277508	      7.80412219	     -3.60473750	    -14.35750139	      0.00000000	     23.60647909	    -13.05754586	     -9.84231236	     51.05845424	      6.48692731	     -1.22093853	      0.00000000	    -10.17720069	     -6.69485000	      1.86193874	     18.20356994	     -3.07929212	     40.12737430	     44.71249399	     70.09124324	     -3.48158473	    -21.25261432	     11.76377950	     47.02830641	     67.77314493
2.70000000	      2.98751957	     -1.23564880	    -94.71991884	      0.83477368	      1.20869604	      0.06581323	      8.42867411	      6.01894015	      9.73986915	      8.28036030	     -2.70441132	    -14.38661411	      0.00000000	     24.06369200	    -13.38705055	    -10.88531632	     48.34112102	      5.82405440	     -2.45551549	      0.00000000	    -10.06537243	     -6.35031277	      2.03967657	     18.19579670	     -3.50617198	     40.05361757	     45.31304398	     69.93825560	     -3.81255130	    -21.35956972	     11.81279014	     47.24924262	     68.19183743
2.71666670	      2.83071039	     -1.19847569	    -95.39211110	      0.83238722	      1.20918758	      0.06472613	      8.07541901	      5.77090261	      8.53702366	      8.96716084	     -2.82823748	    -16.05112338	      0.00000000	     24.23988996	    -13.67081362	    -12.21461972	     45.04767134	      4.70802689	     -4.17108223	      0.00000000	     -9.97261236	     -6.14116329	      2.46809152	     18.06768325	     -3.94309873	     40.18534770	     45.97190335	     69.81825853	     -4.12244224	    -21.32912096	     11.73424336	     47.52635735	     68.64109003
2.73333330	      2.66211551	     -1.26034802	    -96.15713098	      0.83028614	      1.20961119	      0.06346925	      7.75212667	      5.37673666	      6.74959714	      9.72015596	     -4.63324766	    -19.95150673	      0.00000000	     24.14782795	    -13.86619282	    -13.59615719	     41.39239965	      3.71942427	     -5.86171574	      0.00000000	    -10.04335763	     -5.94738717	      2.89805056	     18.05640097	     -4.38727056	     40.49823637	     46.82357792	     69.63222533	     -4.38819763	    -21.20933338	     11.46434413	     47.70349182	     69.43597638
2.75000000	      2.55486957	     -1.36345798	    -96.72914540	      0.82875390	      1.20910400	      0.06240394	      7.45861248	      4.98809496	      5.24370196	     10.12811026	     -6.15467551	    -23.82042492	      0.00000000	     23.97222975	    -13.92998344	    -14.98452948	     37.63989292	      3.18812525	     -6.33540157	      0.00000000	    -10.09148030	     -5.81662854	      3.18520432	     18.08103493	     -4.71026376	     40.95053281	     47.38151777	     69.42505744	     -4.61347537	    -21.03610636	     11.14957988	     47.68194557	     70.40628361
2.76666670	      2.45079030	     -1.35669399	    -96.92105043	      0.82802614	      1.20765533	      0.06142241	      7.38454356	      4.82434072	      4.57116434	     10.22145571	     -5.62275568	    -24.80805492	      0.00000000	     24.06377212	    -13.90202109	    -15.87791548	     34.00523219	      2.82178286	     -5.90051866	      0.00000000	     -9.93715283	     -5.64749983	      3.14254700	     17.98751375	     -4.71300445	     41.12196304	     47.66689134	     69.39874209	     -4.84948138	    -21.01648424	     11.13418018	     47.57733258	     70.60951805
2.78333330	      2.29979803	     -1.42073699	    -96.90534276	      0.82793748	      1.20584900	      0.06055923	      7.18476427	      5.02396657	      5.86366805	      9.92459931	     -4.24690718	    -24.88196371	      0.00000000	     24.18254689	    -13.87330079	    -16.31243412	     30.58208878	      2.67102609	     -5.00783505	      0.00000000	     -9.89501012	     -5.38565944	      2.98197827	     17.92752144	     -4.74612279	     41.38208140	     48.17140863	     69.38558331	     -5.01569751	    -21.00772094	     11.14056216	     47.43810805	     70.85984615
2.80000000	      2.05645206	     -1.60770541	    -96.75974661	      0.82861395	      1.20445792	      0.06004415	      6.72971564	      5.45393958	      7.54426132	      9.53824409	     -1.21799658	    -22.04730774	      0.00000000	     24.15513395	    -13.88660984	    -16.38770450	     27.40794685	      3.40880197	     -2.84618540	      0.00000000	    -10.09078114	     -5.05084478	      2.94800800	     17.79347972	     -5.18336575	     42.07944045	     49.17384764	     69.34172546	     -4.96034919	    -20.83781846	     11.11747251	     47.26236312	     71.61860870
2.81666670	      1.80310585	     -1.64513364	    -96.60732166	      0.82978504	      1.20366326	      0.05996910	      6.36743139	      6.06948431	      9.23394510	      9.43511967	      1.94923245	    -18.85212013	      0.00000000	     24.20982332	    -13.76770253	    -15.78510168	     24.40665973	      3.90024052	     -1.48682088	      0.00000000	    -10.02625341	     -4.65971700	      2.73338244	     17.61453742	     -5.31535063	     42.41804782	     49.67728473	     69.25958575	     -4.98977775	    -20.65381261	     11.17176645	     46.71937344	     72.33586373
2.83333330	      1.53706128	     -1.73378460	    -96.55124629	      0.83114462	      1.20352158	      0.06053077	      5.81313116	      6.75769690	     10.49519137	      9.49736127	      4.26802637	    -16.45083876	      0.00000000	     24.02784816	    -13.57546928	    -14.88092186	     21.52566726	      4.31457519	     -0.49008306	      0.00000000	     -9.98788315	     -4.26442867	      2.63604112	     17.46100021	     -5.32739274	     42.70722801	     49.82421912	     69.20409099	     -4.92405362	    -20.35192219	     11.24517940	     45.88557227	     72.95917593
2.85000000	      1.37720727	     -1.75809946	    -96.62757608	      0.83189147	      1.20489214	      0.06100306	      5.26025375	      7.28607635	     11.52918913	      9.58798632	      5.59504568	    -15.40312568	      0.00000000	     23.69238525	    -13.26392054	    -14.03232652	     18.59700724	      4.42848887	      0.27609403	      0.00000000	     -9.88058821	     -4.01660390	      2.56488288	     17.33213656	     -5.09503091	     42.91347007	     49.79335193	     69.19320141	     -5.00929915	    -20.08517485	     11.33241434	     45.08987224	     73.25186063
2.86666670	      1.23902268	     -1.80859100	    -96.61200643	      0.83254189	      1.20437075	      0.06148744	      4.59079245	      7.54930088	     11.97221130	      9.39917204	      6.61214410	    -14.42759092	      0.00000000	     23.30712509	    -12.90651778	    -13.19911347	     15.77799202	      4.38914218	      1.28082712	      0.00000000	     -9.76450244	     -3.76661942	      2.54898671	     17.23585343	     -4.84652764	     43.19979843	     49.53347323	     69.19761363	     -4.85301931	    -19.67749629	     11.40918045	     44.03822927	     73.54966274
2.88333330	      1.02825621	     -1.62342076	    -96.56880232	      0.83320145	      1.20201929	      0.06187747	      4.19760357	      7.74953769	     12.56139032	      9.09810574	      7.13526765	    -14.31167922	      0.00000000	     23.35326110	    -12.70878814	    -12.09369653	     13.45858389	      4.34612868	      2.16042335	      0.00000000	     -9.43221164	     -3.46617794	      2.54680078	     16.98742419	     -4.74591804	     43.33507120	     49.48609878	     69.20555534	     -4.97443664	    -19.31853590	     11.51329633	     43.80196477	     73.62230827
2.90000000	      0.95219573	     -1.62271960	    -96.53905109	      0.83337761	      1.19992654	      0.06229595	      3.63292719	      7.67325023	     13.05323456	      8.77563561	      7.56500296	    -14.21853019	      0.00000000	     23.11908982	    -12.46674071	    -11.34530008	     11.23094590	      4.07051110	      3.53924130	      0.00000000	     -9.26858952	     -3.28332644	      2.36631834	     16.91392843	     -4.38194028	     43.66098987	     49.32904300	     69.22910451	     -4.75036773	    -18.98967247	     11.63492002	     42.36890739	     73.88820305
2.91666670	      0.73643565	     -1.40266655	    -96.43748689	      0.83346008	      1.19881440	      0.06250183	      3.20301144	      7.77833340	     13.81323282	      8.35184360	      7.92088584	    -14.37099104	      0.00000000	     23.33922470	    -12.46629141	    -10.24001676	      9.62534418	      3.84683002	      4.54510451	      0.00000000	     -8.87446616	     -3.02491644	      2.32185615	     16.59803817	     -4.28466898	     43.83394256	     49.36521277	     69.24313926	     -4.81403980	    -18.75194717	     11.74234286	     42.06720681	     73.97474827
2.93333330	      0.49776201	     -1.14801907	    -96.40517291	      0.83342350	      1.19881441	      0.06230901	      2.76790763	      8.09355406	     15.45383995	      7.99468300	      7.38313464	    -15.84255222	      0.00000000	     23.68143713	    -12.62278287	     -9.57099383	      8.45733231	      3.78521253	      6.20474364	      0.00000000	     -8.38580688	     -2.74292585	      2.27901936	     16.37564289	     -4.16864715	     44.26591039	     49.55589157	     69.28414962	     -4.42692412	    -18.40584307	     12.10131382	     40.51795388	     74.37086920
2.95000000	      0.20415042	     -0.94882638	    -96.27571130	      0.83404002	      1.19893704	      0.06264745	      2.21647201	      8.59852979	     16.91112025	      7.79571179	      7.78600068	    -15.77547803	      0.00000000	     24.03714707	    -12.73662302	     -8.46190458	      7.63427562	      3.40862163	      7.13962054	      0.00000000	     -8.09089314	     -2.49644245	      2.17821204	     16.06920344	     -3.99982325	     44.35994785	     49.65559465	     69.28976296	     -4.48834481	    -18.28947133	     12.20476142	     40.37024567	     74.42654692
2.96666670	     -0.12311215	     -0.64419764	    -96.19758961	      0.83432231	      1.19897636	      0.06357806	      1.80926832	      9.45255307	     19.54594973	      8.02186443	      7.81062381	    -16.69053644	      0.00000000	     24.58644865	    -12.97677566	     -7.94684809	      7.32309794	      3.46457750	      8.71316191	      0.00000000	     -7.63472362	     -2.14010715	      2.00885404	     15.72232399	     -3.74868022	     44.54276576	     49.92368368	     69.30546671	     -4.32985746	    -18.10685937	     12.54041155	     39.23635982	     74.65615158
2.98333330	     -0.56468034	     -0.49285764	    -95.93491032	      0.83545060	      1.19927432	      0.06498145	      1.07727910	     10.40598048	     21.93874355	      8.14916604	      8.42044091	    -16.17585226	      0.00000000	     24.88778907	    -13.17404061	     -6.98867989	      7.00872504	      3.29656980	      9.49467919	      0.00000000	     -7.35761046	     -1.73244798	      1.88226459	     15.33023895	     -3.62205075	     44.63868040	     49.93992347	     69.30976443	     -4.33117031	    -17.94822398	     12.64946452	     39.09181004	     74.70442873
3.00000000	     -0.92821043	     -0.19661240	    -95.84335979	      0.83685517	      1.19867400	      0.06610502	      0.66887308	     11.29389905	     24.71045371	      8.65109482	      9.40394968	    -15.74900860	      0.00000000	     25.34644505	    -13.46694779	     -6.96195299	      7.00464219	      3.60951857	     10.87837619	      0.00000000	     -6.92285385	     -1.37277789	      1.88472345	     14.98573985	     -3.46494956	     44.92343018	     50.15520610	     69.33764579	     -4.09619623	    -17.71355684	     12.99532024	     38.08486405	     74.91313377
3.01666670	     -1.29786176	     -0.05037430	    -95.69079369	      0.83909424	      1.19775268	      0.06694811	      0.08435280	     11.90320300	     26.94515048	      8.85027596	     10.25982131	    -15.15898984	      0.00000000	     25.57531810	    -13.65265961	     -6.49381091	      6.94230203	      3.58584131	     11.26453428	      0.00000000	     -6.64457458	     -0.97706431	      1.71633859	     14.85767751	     -3.10464081	     45.04392110	     50.43975378	     69.35148530	     -4.16665674	    -17.58389941	     13.11557456	     37.91657748	     74.95496935
3.03333330	     -1.53495396	      0.24625412	    -95.69870733	      0.84069964	      1.19639713	      0.06768193	     -0.08454332	     12.24959682	     28.57324914	      9.27943105	     11.49704737	    -14.31958964	      0.00000000	     25.90833419	    -13.81495073	     -6.79597025	      6.96582528	      3.80472064	     12.14454397	      0.00000000	     -6.25603550	     -0.74142186	      1.75820762	     14.83822004	     -2.91977702	     45.88954049	     51.15892408	     69.44575815	     -3.97376613	    -17.37824060	     13.32380723	     37.19467799	     75.06898500
3.05000000	     -1.80363415	      0.38715459	    -95.66258196	      0.84198182	      1.19578193	      0.06858092	     -0.48522922	     12.45738206	     29.76828110	      9.34973392	     12.16477900	    -14.03256703	      0.00000000	     25.99487606	    -13.95273040	     -6.81062345	      6.92646801	      3.77526068	     12.30524294	      0.00000000	     -6.00107484	     -0.50707108	      1.70090640	     14.87405812	     -2.44324623	     46.10941171	     51.42260643	     69.46377187	     -3.96407621	    -17.23978995	     13.39928205	     37.03883137	     75.08895717
3.06666670	     -1.97726386	      0.57965998	    -95.75168658	      0.84360883	      1.19565978	      0.06933526	     -0.69562514	     12.52764064	     30.39475426	      9.58777616	     13.10852164	    -13.55486134	      0.00000000	     26.04445292	    -14.08621157	     -7.58971292	      6.90992492	      3.92440975	     13.09836811	      0.00000000	     -5.69396534	     -0.40919244	      1.78692444	     15.08050321	     -2.09482751	     47.24821787	     51.43628903	     69.52167039	     -3.59473252	    -16.97750909	     13.45906747	     36.18291618	     75.10883767
3.08333330	     -2.17439898	      0.71417938	    -95.67456211	      0.84655183	      1.19525520	      0.07032274	     -0.99872074	     12.51811823	     30.50246215	      9.64897679	     13.24895201	    -13.56390049	      0.00000000	     26.02572519	    -14.08157759	     -7.71533679	      6.91626906	      3.90354122	     13.06547070	      0.00000000	     -5.49571044	     -0.35053807	      1.78852083	     15.06009371	     -1.77893524	     47.32919008	     51.51451302	     69.52572955	     -3.47136730	    -16.83928546	     13.47536667	     36.22727017	     75.11120191
3.10000000	     -2.27422295	      0.89269856	    -95.99128666	      0.84886784	      1.19357098	      0.07198437	     -1.29212465	     12.37491181	     31.02965545	      9.71163204	     14.17489642	    -13.50342324	      0.00000000	     25.83428891	    -14.18215814	     -8.74543710	      7.00100872	      3.91572318	     13.74486265	      0.00000000	     -5.18096709	     -0.31211295	      1.89921863	     15.18716652	     -1.20254482	     48.14877649	     50.33063353	     69.46741965	     -3.15141868	    -16.46765122	     13.44552340	     35.20754993	     75.09927029
3.11666670	     -2.41216547	      1.07380346	    -96.04101066	      0.85114697	      1.19109643	      0.07358277	     -1.56451998	     12.26702533	     31.02577668	      9.75605000	     14.31919309	    -13.57720657	      0.00000000	     25.71079235	    -14.13504363	     -8.80827480	      7.16008758	      3.90494872	     13.72988391	      0.00000000	     -4.97043386	     -0.24629107	      1.87632548	     15.11539752	     -0.94309784	     48.22720459	     50.35110614	     69.46853860	     -3.00860206	    -16.35705070	     13.45272839	     35.25367310	     75.10113963
3.13333330	     -2.44142361	      1.39378589	    -96.19016194	      0.85290464	      1.18916895	      0.07473131	     -1.68263459	     12.16345851	     31.40643939	      9.94062688	     14.97961560	    -14.01521012	      0.00000000	     25.66083893	    -14.10144381	     -9.51732722	      7.41436234	      4.02592529	     14.09937991	      0.00000000	     -4.43747342	     -0.33245774	      2.04529757	     15.27205378	     -0.03220189	     48.80792087	     47.98713384	     69.31711747	     -2.63461607	    -16.01922612	     13.54951092	     34.12033974	     75.12847422
3.15000000	     -2.51992087	      1.60235197	    -96.18729391	      0.85575276	      1.18850800	      0.07516032	     -1.91182860	     12.06151320	     31.34600192	     10.03856024	     15.17115347	    -14.18893574	      0.00000000	     25.52394882	    -13.98860666	     -9.58368658	      7.64790564	      3.98714763	     14.07178001	      0.00000000	     -4.26481748	     -0.36993716	      2.04458766	     15.17028426	      0.23334066	     48.90828558	     47.91397207	     69.31221660	     -2.47831619	    -15.85716466	     13.57421818	     34.15041069	     75.13302398
3.16666670	     -2.49042126	      2.04818608	    -96.39942172	      0.85825736	      1.18745740	      0.07615175	     -1.78242275	     11.95233355	     31.73375906	     10.35003219	     15.32549001	    -15.22762432	      0.00000000	     25.54769749	    -13.92161893	     -9.98967855	      7.80527243	      3.75471213	     13.99270741	      0.00000000	     -3.66457880	     -0.50820861	      2.20603511	     15.31951864	      0.94519190	     49.25893319	     45.51401217	     69.12102961	     -2.05024982	    -15.61669697	     13.85246293	     33.14005549	     75.20273119
3.18333330	     -2.58248038	      2.23039871	    -96.33947241	      0.86058034	      1.18748454	      0.07804014	     -1.98939165	     11.91573695	     31.65260611	     10.54083585	     15.49845877	    -15.43793340	      0.00000000	     25.41191527	    -13.88522208	    -10.12456830	      8.05004750	      3.55079216	     13.98349327	      0.00000000	     -3.52951958	     -0.59688252	      2.07558739	     15.13618684	      1.02154299	     49.32963057	     45.41100815	     69.11168465	     -1.88230598	    -15.49430882	     13.88454235	     33.16049077	     75.20962296
3.20000000	     -2.58148546	      2.67154445	    -96.44080792	      0.86207147	      1.18706602	      0.08044818	     -1.85748670	     11.93753632	     32.09408342	     10.95476383	     15.72579654	    -16.46674053	      0.00000000	     25.46284698	    -13.92539897	    -10.80202081	      8.17486378	      2.79449309	     14.27413524	      0.00000000	     -2.97872999	     -0.76476707	      2.04761273	     15.07211728	      1.53019832	     49.48119603	     43.79431332	     68.91182748	     -1.53021524	    -15.42316313	     14.28779174	     32.20322674	     75.30012160
3.21666670	     -2.78702882	      2.85043000	    -96.35181688	      0.86497821	      1.18665316	      0.08286663	     -2.07110838	     12.12391325	     32.13925927	     11.31061013	     16.08465218	    -16.73358610	      0.00000000	     25.38105853	    -14.06479485	    -11.14967657	      8.47211276	      1.92977136	     14.48165331	      0.00000000	     -2.89375540	     -0.79365794	      1.81128005	     14.87221317	      1.63330563	     49.51563848	     43.62659724	     68.87474542	     -1.37961892	    -15.40004380	     14.37074791	     32.04628888	     75.31508944
3.23333330	     -2.84763443	      3.17552565	    -96.44360482	      0.86983063	      1.18518145	      0.08649640	     -2.14426197	     12.12167071	     32.32654240	     11.75273245	     16.32757386	    -16.97149198	      0.00000000	     25.33786884	    -14.07473576	    -12.03652314	      8.74727334	      1.13543329	     15.15707666	      0.00000000	     -2.36714423	     -0.91353588	      1.67507602	     14.58420766	      1.95932719	     49.50615465	     42.65201551	     68.69849032	     -1.15547702	    -15.29462002	     14.71064233	     31.03204679	     75.35258056
3.25000000	     -2.98895927	      3.36106603	    -96.48608871	      0.87684132	      1.18442644	      0.09081804	     -2.41527182	     12.02228852	     32.24726685	     12.09775547	     16.47261184	    -17.06928258	      0.00000000	     25.22871851	    -13.99109604	    -12.55099093	      9.17100292	      0.20805454	     15.29309109	      0.00000000	     -2.14797254	     -0.92244988	      1.45125084	     14.36563686	      1.99950508	     49.48929049	     42.33593771	     68.63422535	     -1.08381348	    -15.14289999	     14.82859642	     30.63696215	     75.35527842
3.26666670	     -2.96860730	      3.59386782	    -96.60935168	      0.88418136	      1.18509990	      0.09548908	     -2.64964531	     11.56317894	     32.01950594	     12.33043255	     16.61835581	    -17.02764276	      0.00000000	     25.09151096	    -13.67502192	    -13.15520410	      9.61850742	     -0.29705896	     15.35101739	      0.00000000	     -1.63406264	     -0.97972321	      1.40964998	     14.10794037	      2.28833222	     49.42367177	     41.02492379	     68.43260071	     -0.75914606	    -14.74943774	     15.02879345	     29.22966950	     75.31848959
3.28333330	     -2.85502131	      3.73934196	    -96.72826078	      0.89120801	      1.18655600	      0.09965203	     -2.90867373	     10.89955402	     31.60588383	     12.57087142	     16.52227204	    -17.08543506	      0.00000000	     24.89220906	    -13.20611897	    -13.64626659	     10.16211379	     -0.55945921	     15.09213278	      0.00000000	     -1.36357232	     -1.15464796	      1.27857976	     13.80397109	      2.27294166	     49.44575358	     40.73446960	     68.39415852	     -0.76512584	    -14.58800642	     15.08091349	     28.95884242	     75.30925982
3.30000000	     -2.64327697	      3.93869019	    -96.86853857	      0.89794180	      1.18787552	      0.10384666	     -3.03280778	     10.12352105	     31.10043046	     12.94076906	     16.54618736	    -16.85495332	      0.00000000	     24.62203931	    -12.57118871	    -13.86118947	     10.48361749	     -0.91531570	     14.56767718	      0.00000000	     -0.77548685	     -1.38143289	      1.20928521	     13.49487230	      2.49029916	     49.33007895	     39.25875905	     68.19219851	     -0.49607790	    -14.11599472	     15.19349398	     27.50762905	     75.24425299
3.31666670	     -2.42300068	      4.05678807	    -96.99591324	      0.90389708	      1.18954050	      0.10717312	     -3.13166023	      9.34531591	     30.47343853	     13.41969953	     16.30701024	    -16.92720197	      0.00000000	     24.33288492	    -11.95362954	    -14.16185257	     10.89771938	     -0.70218733	     14.27061701	      0.00000000	     -0.51739064	     -1.64885352	      1.08946845	     13.13507178	      2.31592231	     49.34504125	     38.98722039	     68.15547688	     -0.52370461	    -14.01674107	     15.24444809	     27.30267574	     75.23540777
3.33333330	     -2.16252241	      4.30365572	    -97.08711031	      0.90849501	      1.19211575	      0.10947046	     -3.01476474	      8.55569053	     29.66643783	     13.93289115	     16.09673583	    -16.69543521	      0.00000000	     24.04106008	    -11.25781732	    -14.12207712	     10.90853690	     -0.86736960	     13.72881023	      0.00000000	      0.04660531	     -1.97151081	      1.03397406	     12.76164427	      2.31552981	     49.21027926	     37.88051641	     67.96087182	     -0.29582834	    -13.81478857	     15.49839663	     26.31193266	     75.19476795
3.35000000	     -1.96282656	      4.43386013	    -97.19604308	      0.91215895	      1.19431631	      0.11047043	     -2.81489933	      7.96391602	     28.95884023	     14.73788695	     15.65634491	    -16.75347566	      0.00000000	     23.65863518	    -10.69215264	    -14.24324730	     10.92534913	     -0.55446475	     13.58094341	      0.00000000	      0.16300768	     -2.28459723	      0.91887447	     12.55796612	      2.14286962	     49.20425771	     37.66198276	     67.92750694	     -0.18523400	    -13.92997015	     15.54790327	     26.20153015	     75.18649638
3.36666670	     -1.78106223	      4.59730149	    -97.27299172	      0.91682425	      1.19487024	      0.11183272	     -2.41345406	      7.48402717	     28.23487544	     15.78946892	     15.09193543	    -16.84011651	      0.00000000	     23.21413950	    -10.09923631	    -14.20774677	     10.68769358	     -0.28121102	     13.46290678	      0.00000000	      0.35039264	     -2.62206773	      0.81489515	     12.41592588	      2.01068782	     49.18497965	     37.36058743	     67.88261743	      0.00872723	    -14.09325750	     15.63596083	     26.06211892	     75.17790904
3.38333330	     -1.65350414	      5.04122023	    -97.33559105	      0.92312875	      1.19410880	      0.11455787	     -1.48087661	      7.24994337	     27.65633019	     17.37393206	     14.08985260	    -17.64097291	      0.00000000	     22.97060664	     -9.51084346	    -13.76837834	     10.27669768	     -0.13549094	     12.76326951	      0.00000000	      1.02124382	     -2.86134709	      0.77474950	     12.23888782	      1.96335004	     49.09687557	     36.48430897	     67.66252644	      0.31356727	    -14.21657730	     16.35721896	     25.46307556	     75.15703676
3.40000000	     -1.60320068	      5.26033903	    -97.39498593	      0.92992535	      1.19397681	      0.11793841	     -0.52368347	      7.17590245	     27.09067567	     19.58341462	     12.58538854	    -19.08655921	      0.00000000	     22.43208525	     -8.93199553	    -13.35045807	      9.86903403	      0.35374478	     12.10523374	      0.00000000	      1.31575265	     -3.03101913	      0.72757092	     12.16149271	      1.71942315	     49.05896791	     36.28043857	     67.44030189	      0.59267127	    -14.40070182	     17.10647660	     25.19985163	     75.08470279
3.41666670	     -1.51755262	      5.48948844	    -97.51946267	      0.93532177	      1.19430163	      0.12151279	      0.73757253	      7.13649573	     26.41631091	     22.39853219	     10.42835205	    -21.06376562	      0.00000000	     21.81165869	     -8.31412237	    -12.89889305	      9.37225451	      0.78601862	     11.24635765	      0.00000000	      1.65021598	     -3.23680860	      0.71750109	     12.11614141	      1.50315368	     49.00281877	     35.95228912	     67.18780213	      0.83044568	    -14.58306871	     17.83558662	     25.06169375	     74.95142656
3.43333330	     -1.39394650	      5.67282933	    -97.60941498	      0.93900702	      1.19477327	      0.12504802	      2.21395736	      7.00647205	     25.24383889	     25.60298686	      7.70374257	    -23.22090830	      0.00000000	     21.11761182	     -7.68288324	    -12.46812808	      8.86444782	      1.21875871	     10.34616096	      0.00000000	      1.98701823	     -3.51965544	      0.73758821	     12.09027266	      1.44385913	     48.98550703	     35.45687136	     66.92878115	      0.98708982	    -14.84079155	     18.48939018	     25.03887515	     74.77287982
3.45000000	     -1.25571577	      5.78126132	    -97.77324139	      0.94132081	      1.19545495	      0.12834166	      3.90295167	      6.70591944	     23.34455747	     29.03800569	      4.56442861	    -24.95270400	      0.00000000	     20.33624017	     -7.13247483	    -12.16624648	      8.36380082	      1.58471856	      9.39943372	      0.00000000	      2.23907678	     -3.90761901	      0.77118083	     12.13632739	      1.54689601	     49.05199261	     34.84292369	     66.65413317	      1.07831859	    -15.19721157	     19.09776466	     25.14361363	     74.54043777
3.46666670	     -1.12861655	      5.52753657	    -97.98743067	      0.94326098	      1.19757542	      0.13139527	      5.45230590	      6.08650515	     20.45686200	     32.56875004	      2.32008539	    -24.70051472	      0.00000000	     19.17036795	     -6.64796625	    -12.26795514	      7.88594839	      2.16176967	      9.04530131	      0.00000000	      2.00396599	     -4.33945933	      0.85881224	     12.18396511	      1.55296918	     49.09586052	     34.60291801	     66.59346623	      1.25064123	    -15.52369123	     19.15982181	     25.20191540	     74.47432980
3.48333330	     -1.03299122	      5.67210532	    -98.17503941	      0.94587037	      1.19977331	      0.13431459	      7.58217707	      5.39055254	     17.16911504	     36.22517683	      0.63174076	    -23.65157855	      0.00000000	     18.45994846	     -6.25520264	    -12.02915598	      7.35179741	      2.49400450	      8.11565403	      0.00000000	      2.44424382	     -4.68660811	      0.97752515	     12.12122204	      1.73614847	     49.23215672	     33.78603629	     66.39222306	      1.20454856	    -15.90897634	     19.56056693	     25.61996647	     74.30367390
3.50000000	     -0.96954354	      5.65153596	    -98.36322202	      0.95015852	      1.20114521	      0.13644482	      9.68307201	      4.50932708	     13.82075969	     40.18883677	      1.05243031	    -19.76292950	      0.00000000	     17.78222879	     -5.91359318	    -12.13535767	      7.18488670	      3.18080803	      7.52401845	      0.00000000	      2.57552997	     -5.03719582	      0.95356840	     12.16093194	      1.88391750	     49.37236315	     33.14006281	     66.11147238	      1.12978274	    -16.34412950	     20.05154292	     25.98576485	     74.03769172
3.51666670	     -0.92584654	      5.51268294	    -98.45306954	      0.95537209	      1.20213229	      0.13790643	     11.55893660	      3.54978061	     10.92795223	     44.07441302	      2.03900205	    -15.05999712	      0.00000000	     17.07850591	     -5.52427177	    -12.44297872	      7.13737847	      4.02710177	      7.37820429	      0.00000000	      2.59276830	     -5.35082743	      0.97502164	     12.16915466	      1.93997625	     49.47172797	     32.72444652	     65.85652924	      1.31876249	    -16.72421092	     20.41917923	     26.19013067	     73.77263167
3.53333330	     -0.90705941	      5.42465386	    -98.40194981	      0.96012241	      1.20260116	      0.13901776	     13.39889895	      2.59109675	      8.38001767	     47.88366832	      3.26169339	     -9.81424211	      0.00000000	     16.56897994	     -5.12402657	    -12.74323940	      7.23321385	      5.02349066	      7.44627819	      0.00000000	      2.65698831	     -5.68781665	      0.96748113	     12.19587664	      2.01243461	     49.49991318	     32.25190042	     65.63922734	      1.66772386	    -17.08993831	     20.76146158	     26.37295002	     73.56252431
3.55000000	     -0.92462765	      5.38501019	    -98.32597119	      0.96343514	      1.20376396	      0.13942408	     15.19520133	      1.73437836	      6.12030329	     51.47978786	      4.56597638	     -4.48829405	      0.00000000	     16.20320071	     -4.80025454	    -13.03532590	      7.42120450	      5.86225690	      7.59524829	      0.00000000	      2.66541450	     -5.98388939	      0.91354308	     12.28362388	      2.11435925	     49.49336937	     31.71222170	     65.44154125	      2.02544783	    -17.45503472	     21.15174402	     26.50901294	     73.38263887
3.56666670	     -0.95406316	      5.40710573	    -98.22629744	      0.96537662	      1.20485031	      0.13900777	     16.96225221	      0.87193715	      3.97649860	     54.61995575	      5.88046228	     -0.15003700	      0.00000000	     15.95459232	     -4.54828803	    -13.21438816	      7.63222477	      6.51163092	      7.76354233	      0.00000000	      2.66036714	     -6.29850422	      0.84953692	     12.46752002	      2.27543392	     49.49689512	     31.14948524	     65.26030113	      2.38669049	    -17.84807779	     21.61277148	     26.64403315	     73.21429472
3.58333330	     -0.99036219	      5.45165673	    -98.11848360	      0.96593136	      1.20575653	      0.13799623	     18.57428650	     -0.02210487	      1.94450420	     56.76467790	      7.05716343	      1.60382758	      0.00000000	     15.63574387	     -4.36429139	    -13.32331702	      7.61535483	      6.85866820	      7.85441571	      0.00000000	      2.67851958	     -6.59490520	      0.73044818	     12.75413004	      2.53570760	     49.56183976	     30.60585615	     65.10337620	      2.82888339	    -18.32523357	     22.13143788	     26.78919323	     73.04439162
3.60000000	     -1.08028059	      5.35592207	    -98.02732958	      0.96640596	      1.20694505	      0.13625666	     19.87114165	     -0.99620223	     -0.06324217	     57.87193239	      8.34193663	      0.09317402	      0.00000000	     15.13578809	     -4.28554624	    -13.37620271	      7.45952963	      6.87479210	      7.87466410	      0.00000000	      2.41282299	     -6.83738162	      0.70020168	     13.12645764	      2.72386615	     49.59944774	     30.40785754	     65.06116457	      3.39344712	    -18.73807828	     22.24432556	     26.87894162	     72.97651123
3.61666670	     -1.06106071	      5.37200184	    -98.03464440	      0.96767552	      1.20818921	      0.13402333	     21.16526755	     -2.03738559	     -1.86084833	     58.11678818	      9.67423289	     -2.89735773	      0.00000000	     14.60257981	     -4.15051656	    -13.32166684	      6.91284814	      6.58607484	      7.58046444	      0.00000000	      2.44687073	     -7.16677882	      0.72937057	     13.92773094	      3.15532381	     51.02869297	     29.08134796	     64.14284032	      4.37793995	    -19.69925333	     26.44222590	     26.68009543	     70.73301377
3.63333330	     -1.07275195	      5.34925340	    -97.96401351	      0.97007747	      1.20958054	      0.13164256	     22.17607654	     -3.06199935	     -3.60957723	     57.67826462	     11.18317894	     -4.76694309	      0.00000000	     14.22812892	     -4.10636389	    -13.46043271	      6.69877514	      6.44409082	      7.57618648	      0.00000000	      2.20949141	     -7.44160935	      0.70818809	     14.35216373	      3.36775315	     50.97845912	     29.03134788	     64.10965216	      5.02599403	    -20.07378630	     26.33613604	     26.74737224	     70.62776686
3.65000000	     -1.11861818	      5.41912982	    -97.86156408	      0.97228420	      1.21062242	      0.12963469	     23.07937381	     -3.76921538	     -4.74844468	     56.50299354	     12.09278283	     -5.65761550	      0.00000000	     13.95788811	     -4.11483693	    -13.52387289	      6.46384535	      6.31545574	      7.62035197	      0.00000000	      2.07485575	     -7.70771840	      0.63736919	     14.81841591	      3.65415129	     50.93228651	     28.94272837	     64.08618601	      5.67976897	    -20.55244460	     26.27516816	     26.80639144	     70.53656684
3.66666670	     -1.22654884	      5.54473357	    -97.57122432	      0.97400161	      1.21277540	      0.12815201	     23.76215803	     -4.28280500	     -5.54512533	     54.50688709	     12.93654480	     -4.63407506	      0.00000000	     13.81347360	     -4.15175531	    -13.39673201	      6.33769998	      6.26393831	      7.95904141	      0.00000000	      1.92641790	     -7.97918879	      0.33921493	     15.43574776	      4.25683596	     50.81358115	     28.17327725	     64.00381076	      6.22976677	    -21.02524369	     26.73324222	     26.79650261	     70.14693332
3.68333330	     -1.38618118	      5.69821012	    -97.19685346	      0.97515866	      1.21577614	      0.12690107	     24.25843501	     -4.51653397	     -5.99694684	     51.84379902	     13.48652757	     -3.09874135	      0.00000000	     13.73806374	     -4.23368882	    -13.31920263	      6.28334519	      6.16701010	      8.57108026	      0.00000000	      1.80149215	     -8.22952884	      0.14675092	     15.92223696	      4.73366243	     50.78500046	     27.82411035	     63.98956990	      6.85944036	    -21.45450004	     27.13206196	     26.76845194	     69.74450055
3.70000000	     -1.52852794	      5.87968583	    -96.77317509	      0.97646993	      1.21746789	      0.12614585	     24.65514006	     -4.55295347	     -6.28854754	     48.89725533	     13.57260634	     -2.27418625	      0.00000000	     13.66190171	     -4.25371319	    -13.07969070	      6.14473975	      5.82964919	      9.16465610	      0.00000000	      1.73172143	     -8.50809741	      0.04888443	     16.32246722	      5.18012576	     50.77256864	     27.65712493	     64.00351182	      7.47693704	    -21.75595419	     27.25264018	     26.81814248	     69.56003104
3.71666670	     -1.67535797	      5.70676552	    -96.41359964	      0.97814549	      1.21755833	      0.12552585	     24.67438503	     -4.55392168	     -6.77356602	     46.11664657	     14.08590325	     -1.41381385	      0.00000000	     13.16619083	     -4.25479141	    -13.02549073	      6.00548211	      5.99729813	     10.03172593	      0.00000000	      1.19805610	     -8.79882619	     -0.16358807	     17.01004157	      5.99523001	     50.73381179	     26.73001643	     64.08528752	      8.09073713	    -22.13915109	     27.79943297	     26.60433552	     69.08039866
3.73333330	     -1.72195669	      5.81200782	    -96.11032598	      0.98023902	      1.21609917	      0.12476852	     25.12010797	     -4.47874942	     -7.20645282	     43.69079227	     14.58205551	     -1.73863484	      0.00000000	     12.90680194	     -4.14958979	    -12.69390647	      5.68866007	      5.85365690	     10.48717852	      0.00000000	      1.13128874	     -9.15662301	     -0.09276071	     17.39052918	      6.47920644	     50.77333019	     26.47736846	     64.14455438	      8.55320341	    -22.31366690	     27.93027724	     26.63706164	     68.90786975
3.75000000	     -1.90582362	      5.51880957	    -95.86311630	      0.98248691	      1.21601108	      0.12289000	     25.17170836	     -4.21796768	     -7.74264560	     41.46365720	     14.67638133	     -2.50838297	      0.00000000	     12.23407965	     -4.17912096	    -12.56660056	      5.42906616	      6.03523331	     10.99739806	      0.00000000	      0.57406013	     -9.27172297	     -0.17966698	     18.16960950	      7.20650770	     50.84477853	     25.42164923	     64.34467540	      9.08644513	    -22.50918952	     28.47844369	     26.40901170	     68.45930906
3.76666670	     -1.91259764	      5.53913674	    -95.68294653	      0.98438638	      1.21733775	      0.12078218	     25.64073522	     -4.12991389	     -8.31563616	     39.57274480	     15.07378695	     -3.16123568	      0.00000000	     11.87972982	     -4.03824898	    -12.40423683	      5.13666187	      5.97731480	     11.19833938	      0.00000000	      0.56211952	     -9.58732187	     -0.11157761	     18.45111039	      7.57615605	     50.88990446	     25.35580593	     64.40688506	      9.40477733	    -22.66488235	     28.54357587	     26.39602035	     68.35096319
3.78333330	     -2.18783803	      5.09767853	    -95.46292890	      0.98534729	      1.21927122	      0.11886405	     25.37259586	     -3.75779070	     -8.80036668	     37.37722178	     13.70611966	     -5.99434044	      0.00000000	     10.97911967	     -4.13906565	    -12.30499948	      4.81289580	      5.90507222	     11.37966904	      0.00000000	     -0.13887796	     -9.57115147	     -0.25131521	     19.17459926	      8.05710268	     50.94276046	     24.69732211	     64.67261093	      9.85228234	    -22.66203579	     29.04836026	     26.07357484	     67.92206243
3.80000000	     -2.31199842	      4.83192953	    -95.27111001	      0.98450057	      1.21884903	      0.11765941	     25.16024880	     -3.63648028	     -9.31692804	     35.07354570	     11.88377072	     -9.55726045	      0.00000000	     10.25168095	     -4.10945237	    -12.30928705	      4.51886157	      5.72352093	     11.41571928	      0.00000000	     -0.45348585	     -9.73601239	     -0.27820881	     19.59058827	      8.46111205	     50.97119760	     24.31665674	     64.97159962	     10.16822398	    -22.80010186	     29.53977186	     25.86696403	     67.47302606
3.81666670	     -2.40997986	      4.58435921	    -95.08930474	      0.98238968	      1.21732024	      0.11599016	     24.79491616	     -3.46704191	     -9.64648370	     32.35550659	      9.50139164	    -13.54067105	      0.00000000	      9.60345327	     -4.12569324	    -12.35585708	      4.36465418	      5.62708958	     11.33129929	      0.00000000	     -0.69882243	     -9.95585235	     -0.31148311	     19.93178029	      8.93488504	     50.89664837	     24.06583537	     65.31968807	     10.36106889	    -23.06434209	     30.14580250	     25.78228998	     66.98181622
3.83333330	     -2.49383753	      4.59671719	    -94.75071110	      0.98150417	      1.21548018	      0.11371866	     24.67074460	     -3.20648906	    -10.05567661	     29.27983287	      8.30412017	    -14.87531484	      0.00000000	      9.33234318	     -4.13745750	    -12.20086963	      4.23251712	      5.60423519	     11.46196503	      0.00000000	     -0.63324734	    -10.15386896	     -0.31985025	     20.12939253	      9.28931562	     50.77842715	     24.01800261	     65.52972927	     10.56646763	    -23.28028539	     30.54463295	     25.89493747	     66.71258627
3.85000000	     -2.52708522	      4.61775827	    -94.45281407	      0.98172810	      1.21470199	      0.11034302	     24.78557148	     -2.47637481	     -9.25574744	     26.04318405	      8.22758126	    -14.57794903	      0.00000000	      9.34687788	     -4.17218518	    -12.01782689	      4.51605101	      6.01095723	     11.45053512	      0.00000000	     -0.80242183	    -10.53454869	     -0.43673166	     20.37335816	      9.67957250	     50.62579699	     24.10758157	     65.66319267	     10.82121422	    -23.69596910	     30.82586625	     25.92100055	     66.55542512
3.86666670	     -2.64053603	      4.28491376	    -93.84549019	      0.98230908	      1.21462237	      0.10724825	     24.43010127	     -1.70390045	     -8.47693318	     22.68832314	      8.95226173	    -12.00788015	      0.00000000	      9.06624930	     -4.23348900	    -11.60305358	      4.90692435	      6.69321110	     12.14178163	      0.00000000	     -1.43069020	    -10.76764096	     -0.73390253	     20.60331812	     10.08044775	     49.40612751	     24.33059547	     66.50490749	     11.34617864	    -24.39749554	     32.93735151	     26.16839172	     65.66224008
3.88333330	     -2.73551496	      4.49549427	    -93.38233029	      0.98087882	      1.21261129	      0.10485649	     24.73809705	     -0.85538285	     -6.97289537	     19.57568079	      8.72521397	    -10.57734802	      0.00000000	      9.34390901	     -4.36651613	    -10.91908875	      5.31206831	      7.26833458	     12.19024235	      0.00000000	     -1.27401244	    -10.96615262	     -0.76165988	     20.70329955	     10.33892347	     49.21275579	     24.54767559	     66.66073915	     11.60976274	    -24.67668183	     33.21026088	     26.17422555	     65.50549578
3.90000000	     -2.84942038	      4.60210215	    -92.96288590	      0.97924062	      1.21147278	      0.10257885	     24.95039890	     -0.21731055	     -5.92252017	     16.93342494	      8.33074966	     -9.45223495	      0.00000000	      9.41175364	     -4.52168879	    -10.17680555	      5.61120638	      7.87932850	     12.26185803	      0.00000000	     -1.19192878	    -11.14547796	     -0.84626679	     20.79428342	     10.60017812	     48.92888687	     24.89720000	     66.84771419	     11.69955452	    -25.04610004	     33.64512129	     26.17621762	     65.34792718
3.91666670	     -3.02221810	      4.48073957	    -92.73320146	      0.97868935	      1.21122293	      0.09948966	     25.00039818	      0.46724469	     -4.57534590	     14.70046595	      7.45872604	     -9.82817369	      0.00000000	      9.14782463	     -4.73637020	     -9.43145898	      5.68866008	      7.94316771	     11.78008102	      0.00000000	     -1.49428933	    -11.40013347	      0.33042297	     19.94925056	     10.28581945	     43.84887525	     27.08990625	     70.85355398	     13.67272429	    -25.72958986	     41.21100609	     26.32452474	     62.07140447
3.93333330	     -3.15788151	      4.54074126	    -92.41374841	      0.97964312	      1.21166934	      0.09676268	     25.26110256	      0.87673485	     -3.66442287	     13.01921919	      7.27858930	     -9.33897139	      0.00000000	      9.03621620	     -4.83939422	     -8.78439484	      5.73631359	      8.80094125	     11.74025612	      0.00000000	     -1.47541959	    -11.43292949	      0.07851121	     20.08408737	     10.52392949	     43.76638008	     27.27245550	     71.09940504	     13.54613772	    -25.86348601	     41.32041629	     25.80776723	     61.83422122
3.95000000	     -3.34343602	      4.62901878	    -92.02698847	      0.98046255	      1.21368885	      0.09325968	     25.55190077	      1.27370125	     -2.22266877	     11.56018082	      6.62347814	     -9.93774432	      0.00000000	      9.10322851	     -4.99773592	     -8.00078907	      5.92014776	      9.36786551	     11.60390432	      0.00000000	     -1.40307508	    -11.53072612	      1.22338509	     19.18881083	     10.22699422	     38.62781075	     28.78810438	     81.42938032	     15.85482281	    -25.15213036	     48.44901772	     23.25308533	     52.60008048
3.96666670	     -3.52039215	      4.32820937	    -91.74232928	      0.98057542	      1.21660238	      0.09002616	     25.37419054	      1.61371139	     -0.91002589	     10.29770207	      6.86122361	     -9.23735667	      0.00000000	      8.61586544	     -5.13394917	     -7.62593870	      5.85542959	      9.53143398	     11.34947938	      0.00000000	     -2.00506965	    -11.43463389	      0.82210627	     19.46048789	     10.42226349	     38.55890482	     29.04530932	     81.59297749	     15.56253431	    -25.24025758	     48.59074111	     23.24959210	     52.36026715
3.98333330	     -3.67565766	      4.07692012	    -91.25328403	      0.98061887	      1.21804766	      0.08692521	     25.21030467	      1.79389513	     -0.26944981	      9.15663580	      7.26783543	     -7.79400967	      0.00000000	      8.30876674	     -5.23309903	     -6.84738112	      5.94823703	      9.77238849	     11.31351523	      0.00000000	     -2.57980555	    -11.42104369	      1.19256396	     19.04009189	     10.22867827	     35.88846821	     30.22672106	     87.68795909	     16.57195986	    -24.74233237	     51.87607451	     22.09028452	     43.62968188
4.00000000	     -3.76492845	      3.96274320	    -90.95675882	      0.97989894	      1.21717653	      0.08359622	     25.25541609	      2.05719320	      1.01947554	      8.21428488	      7.43053193	     -7.17979542	      0.00000000	      8.22318773	     -5.34061684	     -6.61097224	      6.27799515	      9.92126837	     11.36768089	      0.00000000	     -2.87545070	    -11.38892678	      1.14568668	     19.20343361	     10.35583840	     35.88240943	     30.28290134	     87.72051296	     16.47164487	    -24.66604604	     51.96921954	     22.07763328	     43.56108509
4.01666670	     -3.83390997	      3.78225705	    -90.66004185	      0.97945831	      1.21566080	      0.07971706	     25.32256751	      2.26805638	      2.18284597	      7.60458219	      7.75693692	     -6.50159481	      0.00000000	      8.05747537	     -5.39310283	     -6.29970928	      6.61980077	     10.34765748	     11.45084080	      0.00000000	     -3.28375514	    -11.29383726	      1.02188510	     19.40191196	     10.44557234	     35.87309426	     30.50989478	     87.78243024	     16.41237655	    -24.53845795	     52.07684217	     21.93340985	     43.43510104
4.03333330	     -3.87196447	      3.40788407	    -90.27959035	      0.98013024	      1.21490869	      0.07544189	     25.38006866	      2.32844378	      2.96846722	      7.55489554	      8.44143749	     -5.43767299	      0.00000000	      7.71217076	     -5.36732019	     -5.94096444	      6.99126938	     10.89313372	     11.74207148	      0.00000000	     -3.94959852	    -11.20591129	      1.68322359	     19.03092172	     10.13616723	     32.97459918	     31.95623047	     94.74365182	     18.36838074	    -23.81968148	     61.52509663	     20.21383020	     27.58096803
4.05000000	     -3.75180261	      3.30552869	    -89.99674188	      0.98158135	      1.21435211	      0.07147037	     25.95407929	      2.22950435	      4.20460326	      8.01926744	      9.09523904	     -5.15065092	      0.00000000	      7.66200777	     -5.15334239	     -5.67302393	      7.37053573	     11.27964208	     11.79193549	      0.00000000	     -4.27349765	    -11.20311037	      1.39328355	     19.18718135	     10.09423021	     33.08616411	     32.46923193	     94.74890976	     18.13640243	    -23.68775452	     61.50965700	     20.12991102	     27.44557542
4.06666670	     -3.62171077	      3.21606044	    -89.66061372	      0.98346166	      1.21340653	      0.06837300	     26.67508378	      2.03041395	      5.27486258	      8.86358885	      9.80126687	     -5.14038753	      0.00000000	      7.61103081	     -4.87941287	     -5.35973101	      7.71139690	     11.70130890	     11.85074387	      0.00000000	     -4.62086078	    -11.10488991	      1.09028698	     19.24348203	      9.88364076	     33.28326190	     33.24605527	     94.79146610	     17.85650257	    -23.44285941	     61.47975274	     19.93830903	     27.23727197
4.08333330	     -3.50250861	      3.38901957	    -89.34058356	      0.98483888	      1.21141213	      0.06607005	     27.69654636	      1.84363462	      6.33690214	      9.74187676	     10.16886774	     -5.56434233	      0.00000000	      7.85010119	     -4.61878279	     -5.09494255	      8.04685694	     11.92432818	     11.84643868	      0.00000000	     -4.61576066	    -11.01149552	      1.03220228	     18.89189865	      9.13509491	     34.21270953	     35.28753590	     95.06752575	     17.53207898	    -22.83751223	     61.19652770	     19.24068872	     26.28877692
4.10000000	     -3.45527502	      3.18302141	    -89.04424202	      0.98587490	      1.20984470	      0.06378611	     28.28801191	      1.75472661	      7.17340084	     10.68217523	     10.89861351	     -5.84621758	      0.00000000	      7.61820028	     -4.46765727	     -4.88138929	      8.31536411	     12.28208936	     11.77624933	      0.00000000	     -4.96326430	    -10.73190598	      1.01415205	     19.02377918	      8.99618650	     34.33420368	     35.48691888	     95.13773748	     17.28447500	    -22.39580734	     61.17632937	     19.10982358	     26.03237067
4.11666670	     -3.41831293	      3.28132136	    -88.78607394	      0.98658729	      1.20800783	      0.06135395	     29.07363488	      1.72662209	      8.23271541	     11.39880474	     11.20648810	     -6.83856424	      0.00000000	      7.73156445	     -4.35451816	     -4.61515646	      8.64693334	     12.52751957	     11.38547347	      0.00000000	     -4.82155418	    -10.55532377	      1.11438837	     19.10377830	      8.37037052	     35.64588308	     36.51899909	     95.92949739	     16.97749431	    -21.34508331	     60.53458549	     17.73562618	     23.35383008
4.13333330	     -3.29991795	      3.14892930	    -88.60443705	      0.98661757	      1.20707868	      0.05826889	     29.61759806	      1.67064965	      8.97360915	     12.17755297	     11.99135944	     -6.93852918	      0.00000000	      7.48338930	     -4.19575799	     -4.49847946	      8.81230438	     12.87865737	     11.25483613	      0.00000000	     -5.11593426	    -10.35068621	      1.08028912	     19.31384270	      8.37784458	     35.63547981	     36.43933263	     96.00352814	     16.67975418	    -21.09359285	     60.51297585	     17.62754593	     23.03418560
4.15000000	     -3.17132823	      3.29075821	    -88.40592999	      0.98632220	      1.20679550	      0.05492530	     30.36872347	      1.60779504	      9.59689122	     12.80131273	     12.73847210	     -6.67015287	      0.00000000	      7.52548025	     -4.02087701	     -4.22050679	      8.96814708	     12.99955049	     10.72666548	      0.00000000	     -4.93189435	    -10.34058651	      1.23611413	     19.87678688	      8.65745248	     36.10315561	     34.40263239	     96.57778170	     16.57158913	    -20.27559262	     60.00151939	     16.42703180	     21.13843562
4.16666670	     -3.16488075	      3.23223284	    -88.10461882	      0.98593809	      1.20750228	      0.05139576	     30.69043517	      1.64261909	      9.97903838	     13.08029021	     13.48521951	     -6.34598530	      0.00000000	      7.32024349	     -3.99124550	     -3.90580196	      9.05097354	     13.23532537	     10.48629421	      0.00000000	     -5.07059478	    -10.08850242	      1.13177168	     20.49707811	      9.18040037	     36.67892921	     31.71739945	     97.40824039	     16.24139940	    -19.65801906	     59.40447708	     15.62960999	     18.40658347
4.18333330	     -3.06937041	      3.25170749	    -87.71801149	      0.98573592	      1.20775758	      0.04749360	     31.15172128	      1.52516165	     10.27472710	     13.39891132	     14.01427755	     -6.08130436	      0.00000000	      7.34379912	     -3.87951958	     -3.48467555	      9.34549044	     13.53665163	     10.09213184	      0.00000000	     -5.34704674	     -9.91693756	      0.13154822	     21.44005670	      9.96972653	     37.88164002	     28.78028711	     99.63606962	     15.35243719	    -19.44542235	     58.40482511	     15.39029847	     10.53238835
4.20000000	     -2.86674211	      3.28494697	    -87.50349733	      0.98567821	      1.20817424	      0.04446084	     31.32992803	      1.31184156	     10.63089121	     13.18979948	     14.16480124	     -5.93017973	      0.00000000	      7.01640185	     -3.64770221	     -3.39207582	      8.99368072	     13.57666405	      9.87614685	      0.00000000	     -5.36167279	    -10.13896047	      0.99861801	     21.18219875	      9.45758207	     37.82208777	     27.83985148	     99.78279917	     15.58357456	    -18.99392866	     58.45584150	     15.79639451	      9.87118382
4.21666670	     -2.73886751	      3.20215460	    -87.15680031	      0.98657030	      1.20880536	      0.04190847	     31.21643620	      1.00259192	     10.60779994	     12.78286234	     14.07790537	     -5.55104239	      0.00000000	      6.61744309	     -3.44473978	     -2.96394343	      8.68328308	     13.35916710	      9.29368528	      0.00000000	     -5.59115880	     -9.93530882	      0.61682345	     21.24923546	      9.63818183	     37.51436813	     25.94357784	    100.14558761	     14.95747372	    -18.78315813	     58.83563020	     15.69089417	      8.37721169
4.23333330	     -2.55245579	      3.29284124	    -86.86692798	      0.98716160	      1.20842772	      0.03971258	     31.31097038	      0.64762347	     10.74538477	     12.56492668	     14.03760590	     -5.49014159	      0.00000000	      6.48791036	     -3.20382645	     -2.98467680	      8.58037824	     13.45671259	      9.28279120	      0.00000000	     -5.76881013	     -9.85002347	      0.58006438	     20.95247039	      9.17466238	     37.50121734	     25.70461589	    100.16558381	     14.64344446	    -18.64238701	     58.89008818	     15.72057693	      8.31938904
4.25000000	     -2.31411301	      3.58702332	    -86.51846268	      0.98691339	      1.20664839	      0.03867166	     31.39982473	      0.13502218	     10.69940453	     12.14401312	     13.76416349	     -5.27143713	      0.00000000	      6.40192041	     -2.86771517	     -2.81987786	      8.19719139	     13.30232633	      9.24917705	      0.00000000	     -5.25641233	     -9.75304600	     -0.32125029	     21.52496293	      9.68885549	     39.09279539	     22.91061335	    103.32971753	     13.60356791	    -19.32868517	     63.15933958	     16.89169975	      0.00000000
4.26666670	     -2.25078832	      3.33763551	    -86.10942463	      0.98596032	      1.20448308	      0.03749657	     30.85308811	     -0.20053280	     10.51996620	     11.75630388	     13.27105099	     -5.33442988	      0.00000000	      5.86442650	     -2.78577198	     -2.42065689	      8.08456073	     13.41458754	      9.11250951	      0.00000000	     -5.74294078	     -9.53907894	      0.12026311	     21.51884726	      9.24843813	     38.88025481	     22.43321447	    103.44964733	     13.80226934	    -18.95782455	     63.54335784	     16.75203677	      0.00000000
4.28333330	     -2.06680183	      3.45079668	    -85.79554337	      0.98440707	      1.20124883	      0.03713519	     30.76545726	     -0.60442632	     10.45566527	     11.68525701	     13.16196419	     -5.43286338	      0.00000000	      5.65893998	     -2.60652726	     -2.29965909	      8.00677883	     13.49877941	      9.17604495	      0.00000000	     -5.73465046	     -9.56681796	      0.23679881	     21.39410237	      8.96229823	     38.82473940	     22.09891019	    103.47987121	     13.44240042	    -18.86748291	     63.68557129	     16.73669178	      0.00000000
4.30000000	     -1.97434976	      3.64440223	    -85.42128091	      0.98270674	      1.19873298	      0.03669770	     30.64120871	     -0.91319572	     10.47880477	     11.50610929	     12.41714543	     -6.45180043	      0.00000000	      5.64163239	     -2.58229619	     -2.08923340	      8.14978393	     13.66317637	      9.25939800	      0.00000000	     -5.57251442	     -9.35824703	      0.15005805	     21.68156526	      9.43137246	     38.41121377	     19.50111069	    103.83968212	     13.06846371	    -18.89380393	     65.10487508	     16.67358849	      0.00000000
4.31666670	     -1.78346139	      3.73504759	    -85.20355628	      0.98093908	      1.19802193	      0.03558858	     30.47430095	     -1.24916353	     10.35873446	     11.64843458	     12.34557977	     -6.54719660	      0.00000000	      5.41427874	     -2.50119689	     -2.03168670	      8.21089787	     13.68030200	      9.31814518	      0.00000000	     -5.50732271	     -9.30665994	      0.22615244	     21.38450189	      9.03112340	     38.39011130	     19.28195614	    103.86011954	     12.70227460	    -18.97232598	     65.20498603	     16.64260379	      0.00000000
4.33333330	     -1.65830917	      3.81128351	    -84.82442459	      0.97899918	      1.19782824	      0.03391350	     30.07112418	     -1.59070096	      9.91993294	     11.49562527	     11.80428292	     -7.07511001	      0.00000000	      5.15017644	     -2.51136378	     -1.71591426	      8.15867659	     13.86645947	      9.61471795	      0.00000000	     -5.29729454	     -9.25862529	      0.86024490	     21.03539649	      8.99732266	     36.04523334	     17.77972491	    108.52241506	     14.56018878	    -19.46935816	     83.36780467	     16.40034829	      0.00000000
4.35000000	     -1.46552125	      4.12997125	    -84.58792184	      0.97649742	      1.19651134	      0.03215478	     30.03541686	     -1.88370956	      9.79448418	     11.63353832	     10.75320357	     -8.32694659	      0.00000000	      5.18301567	     -2.48145773	     -1.81854554	      8.20830149	     13.86273651	      9.95557547	      0.00000000	     -4.89240905	     -9.20501207	      0.72965083	     20.70027819	      8.51510234	     35.70476615	     18.02489992	    108.59648487	     14.10173618	    -19.27009873	     83.64751191	     15.58205797	      0.00000000
4.36666670	     -1.19331172	      4.28864554	    -84.44131203	      0.97421231	      1.19537243	      0.03126470	     29.81778670	     -2.25549226	      9.17734538	     11.78842519	     10.20329405	     -8.58687767	      0.00000000	      4.91670090	     -2.34601334	     -1.73596803	      8.06082734	     13.88296198	     10.08872809	      0.00000000	     -4.75897004	     -9.20400705	      0.82174595	     20.45715680	      8.15254985	     35.61506431	     17.84258306	    108.60462761	     13.93725144	    -19.33842294	     83.73393596	     15.61047005	      0.00000000
4.38333330	     -1.01333093	      4.39414337	    -84.24326454	      0.97188822	      1.19461944	      0.03098088	     29.39232597	     -2.49784160	      8.82029809	     11.69344916	      8.87166651	     -9.95258696	      0.00000000	      4.65273780	     -2.34037594	     -1.68973567	      8.02220957	     13.95500269	     10.29468468	      0.00000000	     -4.68569048	     -9.08974500	      0.86639794	     20.16045034	      7.77241262	     35.00401547	     17.68378715	    108.54348558	     13.86663778	    -19.55775342	     84.18881093	     16.09270963	      0.00000000
4.40000000	     -0.70921151	      4.59507845	    -84.11620992	      0.96885561	      1.19362833	      0.03067676	     29.13934265	     -2.86056798	      7.96386216	     11.77591751	      8.20569393	    -10.30305440	      0.00000000	      4.39551998	     -2.19549055	     -1.63688871	      7.84703752	     13.85535032	     10.44023489	      0.00000000	     -4.48499390	     -9.12839772	      0.91558403	     19.92555731	      7.43997920	     34.87576585	     17.58383229	    108.51744505	     13.70653292	    -19.63312136	     84.25517695	     16.19096582	      0.00000000
4.41666670	     -0.42694670	      4.73388452	    -84.12181691	      0.96458011	      1.19181097	      0.03050096	     28.82935931	     -3.04719037	      7.37196948	     11.93147700	      7.90534329	    -10.61107343	      0.00000000	      4.15694053	     -2.13099924	     -1.65841694	      7.95049719	     13.83758196	     10.46733523	      0.00000000	     -4.27697736	     -9.14063809	      0.99125788	     19.82315641	      7.01640138	     34.79572178	     17.51210624	    108.49620214	     13.42306246	    -19.78490013	     84.28688746	     16.21923109	      0.00000000
4.43333330	     -0.26002485	      4.94117859	    -83.97578071	      0.95982500	      1.18906902	      0.03134981	     28.40119180	     -3.05182356	      7.21574835	     11.73175146	      6.00270970	    -13.13516236	      0.00000000	      3.96353972	     -2.21519989	     -1.51243664	      7.97299775	     13.87470616	     10.84761450	      0.00000000	     -4.11950259	     -9.10851277	      1.04050259	     19.21451366	      6.44657402	     33.57467571	     18.85360279	    107.88763929	     13.45645673	    -20.22164226	     84.09986797	     17.39066469	      0.00000000
4.45000000	     -0.09912950	      5.15609430	    -83.93110596	      0.95512324	      1.18631524	      0.03283973	     28.09997007	     -2.97495111	      6.81284830	     11.75476744	      5.25065952	    -14.22770241	      0.00000000	      3.83631092	     -2.35505139	     -1.48514716	      8.21231925	     14.12915371	     11.08795734	      0.00000000	     -3.89431180	     -8.98696590	      1.15448155	     18.74534224	      5.97573185	     32.56446040	     20.09250845	    107.19842650	     13.23549479	    -20.48530074	     83.39799581	     17.90858872	      0.00000000
4.46666670	      0.07957167	      5.34180112	    -83.86875850	      0.95086627	      1.18457577	      0.03413231	     27.74146196	     -2.88585121	      6.57831604	     11.68317365	      4.35160009	    -15.45692000	      0.00000000	      3.59932043	     -2.48751873	     -1.41538790	      8.35297657	     14.23970304	     11.32211131	      0.00000000	     -3.66154335	     -8.92931233	      1.39690317	     18.34861127	      5.48150024	     31.70610756	     21.17653151	    106.27690854	     13.04406693	    -20.64171325	     81.99532080	     18.34615783	      0.00000000
4.48333330	      0.34821310	      5.51071529	    -83.85876895	      0.94571126	      1.18350700	      0.03469113	     27.48841121	     -2.86199026	      6.18679242	     11.71247269	      4.17724134	    -15.57843832	      0.00000000	      3.36333298	     -2.55845288	     -1.40528873	      8.55200800	     14.26341328	     11.31960257	      0.00000000	     -3.40541188	     -8.95087596	      1.53750800	     18.43769009	      5.31096922	     31.66162998	     21.22247806	    106.24071027	     12.83323674	    -20.74377176	     81.95309359	     18.33591178	      0.00000000
4.50000000	      0.51556833	      5.73641395	    -83.77938837	      0.93965372	      1.18281058	      0.03558351	     27.19009328	     -2.70220215	      6.22506996	     11.37452995	      2.07843730	    -17.60289751	      0.00000000	      3.19763797	     -2.75987026	     -1.40932653	      8.73969146	     14.43451094	     11.47597488	      0.00000000	     -3.23478025	     -8.89554233	      1.75712239	     17.73989268	      4.63796911	     30.90881324	     23.04401442	    104.67568990	     12.53856987	    -20.93408739	     78.97977713	     18.95628002	      0.00000000
4.51666670	      0.53346552	      5.88687585	    -83.49279627	      0.93354603	      1.18294041	      0.03714628	     27.01042748	     -2.48189016	      5.53311272	     11.48542069	      1.32988298	    -17.83977852	      0.00000000	      3.14706208	     -3.17847471	     -1.13459966	      9.23210756	     14.79693515	     11.53530693	      0.00000000	     -3.12884868	     -8.70933799	      1.70634683	     17.59840211	      4.31339541	     30.73953998	     23.05340852	    104.29502804	     12.38577227	    -21.04314706	     78.25185153	     19.10512215	      0.00000000
4.53333330	      0.70631975	      5.88878806	    -83.41386290	      0.92718455	      1.18346948	      0.03880759	     26.85933186	     -2.22413886	      5.60915185	     11.94674718	     -0.16227085	    -19.42578009	      0.00000000	      2.72816181	     -3.49013505	     -1.18819951	      9.37224673	     14.71162794	     11.69989591	      0.00000000	     -3.36003036	     -8.65989469	      1.71903581	     17.17567272	      4.21991511	     29.22715451	     23.71214635	     98.14818975	     10.87588106	    -21.62874070	     66.08662405	     21.85166837	      1.52402761
4.55000000	      0.74659865	      6.42728460	    -83.19594837	      0.92047083	      1.18225579	      0.03976313	     27.47643600	     -1.95695721	      5.29669584	     12.76839750	     -0.97112245	    -20.39504759	      0.00000000	      3.36695713	     -3.95851571	     -1.60811343	     10.35962425	     15.12046071	     12.13985794	      0.00000000	     -2.76287723	     -8.49885070	      1.11117164	     17.20245492	      3.97470814	     30.20466976	     24.23208716	     97.60773600	     10.13765290	    -22.00805762	     65.21762015	     21.92129830	      2.39174955
4.56666670	      0.90724155	      6.47967674	    -83.19049580	      0.91214951	      1.18075320	      0.04032663	     27.70651678	     -1.53914026	      5.63433066	     13.84136611	     -2.05185388	    -22.51323889	      0.00000000	      3.41478914	     -4.40510608	     -1.96920554	     11.25359826	     15.56802492	     12.34123626	      0.00000000	     -2.94413092	     -8.56758633	      1.22060033	     17.20198406	      3.46212567	     31.51397180	     25.69269972	     95.06841202	      9.71200076	    -22.61168457	     60.97733902	     23.28592176	      5.80198171
4.58333330	      0.80741164	      7.00992460	    -83.18639300	      0.90368040	      1.17839466	      0.04155800	     28.51529104	     -0.91791078	      5.57730650	     15.00978822	     -2.78646656	    -23.79118408	      0.00000000	      4.28563629	     -5.15272349	     -2.46467301	     12.70895451	     16.16806279	     12.67154346	      0.00000000	     -2.35448101	     -8.33018256	      1.19005939	     16.91951461	      3.00922489	     31.94667382	     27.51557793	     91.93092042	      8.78678062	    -23.08487762	     56.23636551	     24.65122905	     10.55023580
4.60000000	      0.75525827	      7.33098013	    -83.17952276	      0.89606850	      1.17734406	      0.04344857	     29.04216023	     -0.29184328	      5.65680393	     16.15924798	     -3.63270406	    -25.52221706	      0.00000000	      4.95684589	     -5.89760625	     -2.80625548	     14.19686456	     16.34288915	     12.78596773	      0.00000000	     -2.00965751	     -8.13514663	      0.76991340	     16.83604638	      2.69906732	     32.64540076	     29.51132189	     89.89580309	      7.87247752	    -23.60007664	     53.19507842	     25.54714518	     14.55354499
4.61666670	      0.69032849	      7.49847641	    -83.29536171	      0.89039706	      1.17793780	      0.04627663	     29.29672647	      0.39125593	      5.83401873	     17.23541468	     -4.26143911	    -26.99919120	      0.00000000	      5.48087177	     -6.67640142	     -3.19006610	     15.83302237	     16.45136575	     12.83776556	      0.00000000	     -1.78983175	     -7.90787303	      0.66153723	     16.48525277	      2.21544805	     32.85881907	     31.81961980	     87.46613327	      6.88518947	    -23.90590965	     49.23700570	     26.59969651	     19.43530689
4.63333330	      0.58321497	      7.26240815	    -83.28047825	      0.88696172	      1.18080115	      0.04931591	     28.72950291	      1.03313929	      5.96426338	     17.71640996	     -4.64209709	    -27.83014035	      0.00000000	      5.67533358	     -7.47104809	     -3.20062059	     17.61800428	     16.08699209	     12.81175958	      0.00000000	     -2.17637070	     -7.44412917	     -0.92955705	     17.04262555	      2.50817696	     34.48130013	     32.39232688	     79.70777048	      3.78562631	    -23.68753396	     37.09571803	     28.16030601	     38.00603871
4.65000000	      0.62219676	      7.15831863	    -83.45200699	      0.88395181	      1.18467514	      0.05177843	     28.19522740	      1.50727809	      6.11598588	     18.04044698	     -4.40554478	    -28.03056085	      0.00000000	      6.10080168	     -8.07788670	     -3.48658282	     19.69178669	     15.48576272	     12.62752244	      0.00000000	     -1.93061882	     -7.24291917	     -0.87936885	     16.93071878	      2.22529996	     34.55902592	     32.60738623	     79.70917613	      3.64493257	    -23.70063507	     37.14658359	     28.17457871	     38.11818606
4.66666670	      0.57873220	      7.22919216	    -83.49459965	      0.88088969	      1.18916443	      0.05372952	     27.49476399	      1.90566486	      6.15864955	     17.63554385	     -4.57279620	    -28.40745128	      0.00000000	      7.01435332	     -8.68184109	     -3.38551607	     22.22091137	     15.01597423	     12.44167267	      0.00000000	     -1.56077691	     -6.90054730	     -0.75251674	     16.36538908	      1.46048737	     34.80563754	     34.18727630	     79.56867870	      3.42459082	    -23.54842380	     36.95006887	     28.41960829	     38.72367546
4.68333330	      0.80195142	      6.99841011	    -83.66243738	      0.87678668	      1.19382458	      0.05522536	     26.43363095	      2.12167713	      6.48190977	     17.13910033	     -4.34144171	    -28.40644573	      0.00000000	      7.72630973	     -9.12454459	     -3.71783749	     24.89045268	     13.74607694	     12.35778892	      0.00000000	     -1.61039034	     -6.81754751	     -0.67233480	     16.33750533	      1.27551565	     34.75984535	     34.32346244	     79.50556857	      3.42924471	    -23.43233514	     36.84118484	     28.49093709	     38.84719023
4.70000000	      0.83464192	      6.62733723	    -83.61933474	      0.87314786	      1.19662795	      0.05643559	     25.07363131	      2.37891321	      6.17945783	     16.26916410	     -3.80572099	    -27.76539620	      0.00000000	      8.73514286	     -9.74319879	     -3.64229162	     28.11539465	     12.14892363	     11.83205884	      0.00000000	     -2.06979322	     -6.51404810	     -0.39519019	     15.71545268	      0.56383210	     33.92998192	     36.43268502	     78.13733210	      3.32021096	    -22.95593984	     34.35986629	     29.02127143	     41.11025542
4.71666670	      0.92496758	      6.67948873	    -83.58034254	      0.86929924	      1.19724979	      0.05658809	     24.25257171	      2.52598129	      5.94181921	     15.48325233	     -2.86265901	    -26.55388322	      0.00000000	     10.59669112	    -10.30334505	     -3.66316743	     31.91545357	     10.32359791	     11.55896140	      0.00000000	     -1.81669725	     -6.27962529	     -0.96891484	     16.01331802	      0.87738925	     34.00185505	     35.55197310	     75.52061307	      2.25621905	    -22.67008518	     30.73394174	     29.94893592	     46.42427231
4.73333330	      1.03778320	      6.26186354	    -83.70253322	      0.86511652	      1.19854129	      0.05518621	     22.87193730	      2.77908118	      5.93233398	     14.40006603	     -2.92314291	    -26.29391502	      0.00000000	     12.17760177	    -10.92410379	     -3.75650921	     36.02910725	      8.54652147	     11.50184108	      0.00000000	     -2.33090484	     -5.97293323	     -0.78498882	     16.25505041	      0.35205453	     34.18100283	     35.93724888	     75.40274731	      2.65492235	    -22.34359910	     30.49190013	     30.26316482	     46.76860423
4.75000000	      1.21694568	      5.94484889	    -84.03571797	      0.86161574	      1.20146412	      0.05414783	     21.52357180	      2.91145661	      5.56517357	     13.15929111	     -1.86836593	    -24.38249596	      0.00000000	     13.77833302	    -11.35615737	     -3.71383742	     39.97180816	      6.43562147	     11.23958958	      0.00000000	     -2.94029840	     -5.71050852	     -1.34375896	     16.57292699	     -0.06868928	     35.15422472	     36.82841993	     70.14332382	      1.33537286	    -21.63145975	     23.64609515	     31.48319066	     57.69572796
4.76666670	      1.45108945	      5.64468323	    -84.51296960	      0.85854791	      1.20492056	      0.05387798	     20.14331938	      3.01033644	      5.23511893	     11.81854440	     -1.11461967	    -22.63601408	      0.00000000	     15.18026564	    -11.65607623	     -3.64929882	     43.44955411	      4.28362409	     11.06959805	      0.00000000	     -3.34536540	     -5.52469885	     -1.02646798	     16.56482276	     -0.93429323	     35.68573013	     37.56827248	     70.14348147	      1.54025581	    -21.49499357	     23.83289909	     32.14078573	     58.21745242
4.78333330	      1.79229133	      5.22955976	    -85.12184226	      0.85482871	      1.20796815	      0.05423533	     18.64840646	      3.02204538	      4.78220590	     10.55577174	     -0.16165366	    -20.40703922	      0.00000000	     16.10049722	    -11.81533395	     -3.73075556	     46.29986690	      2.47320317	     11.08880946	      0.00000000	     -3.87985717	     -5.42162052	     -0.76704774	     16.66179649	     -1.47623931	     35.67700266	     37.78800246	     69.95414294	      1.55047240	    -21.30356939	     23.39245228	     32.66423808	     58.71006361
4.80000000	      2.16144722	      4.81911666	    -85.78521941	      0.85027242	      1.20902604	      0.05499497	     17.30553650	      3.01847838	      4.41848106	      9.60129100	      0.74053066	    -18.31194430	      0.00000000	     16.77877472	    -11.85926252	     -3.88444354	     48.66103080	      0.97910567	     11.00493617	      0.00000000	     -4.38825077	     -5.35355418	     -0.49246687	     16.87089904	     -1.87587680	     35.67052173	     37.86124176	     69.69901246	      1.41559818	    -21.11042752	     22.56124339	     33.24489795	     59.21798356
4.81666670	      2.51273590	      4.37579341	    -86.45706905	      0.84463636	      1.20882233	      0.05589089	     16.07104022	      3.04255254	      4.16096257	      8.92625211	      1.51841626	    -16.54031670	      0.00000000	     17.25473118	    -11.90240670	     -4.11830112	     50.65735869	     -0.26343096	     10.71015523	      0.00000000	     -4.92473379	     -5.28469720	     -0.30103707	     17.16339434	     -2.20477755	     35.75094739	     37.93061552	     69.37259662	      1.11493586	    -20.94736137	     21.38227866	     33.92879450	     59.80310440
4.83333330	      2.85545711	      3.98740852	    -87.12386419	      0.83770986	      1.20826696	      0.05617818	     15.02573536	      3.09936782	      4.10593445	      8.46354425	      1.84182132	    -15.67102210	      0.00000000	     17.72645578	    -11.93910140	     -4.31871329	     52.39170939	     -1.06331527	      9.93571784	      0.00000000	     -5.39042092	     -5.31298179	      0.08004895	     17.42149560	     -2.53273189	     35.82292082	     37.92633937	     69.13846398	      0.93311033	    -20.92853368	     20.47197911	     34.58614028	     60.18050073
4.85000000	      3.15755547	      3.77087515	    -87.79805842	      0.82996998	      1.20833787	      0.05533251	     14.36570937	      3.26270106	      4.19496509	      8.26920060	      1.96195022	    -15.48389430	      0.00000000	     18.40478504	    -12.13138819	     -4.64336939	     53.87455582	     -1.21428328	      9.47196633	      0.00000000	     -5.63152248	     -5.37192226	      0.25752548	     17.73259237	     -2.72577713	     35.75912543	     37.96263039	     69.09150643	      0.83592877	    -21.10072249	     20.28182421	     34.68105958	     60.23374528
4.86666670	      3.50177975	      3.14001211	    -88.52292895	      0.82305105	      1.20991629	      0.05385768	     13.40143091	      3.43198115	      3.82924842	      8.20566846	      2.31353428	    -14.53248160	      0.00000000	     18.45799457	    -12.11248101	     -4.83403520	     54.68073060	     -1.01894072	      8.46000325	      0.00000000	     -6.64022103	     -5.65431768	      0.45139662	     17.99465561	     -3.17456413	     35.88063026	     38.97544463	     68.53625679	      0.02921452	    -21.21914584	     18.00876995	     36.66695312	     60.90459852
4.88333330	      3.64914901	      2.94252449	    -89.16421075	      0.81805677	      1.20970374	      0.05249812	     13.03935307	      3.86119238	      3.74834380	      8.21198039	      2.10835745	    -14.54183132	      0.00000000	     19.06224012	    -12.17832331	     -4.88015117	     55.16986367	     -0.05838196	      7.79099363	      0.00000000	     -6.86953116	     -5.71263774	      0.74440847	     18.13786718	     -3.40187633	     35.87968769	     38.95607328	     68.46488581	     -0.08110626	    -21.35801893	     17.71421582	     36.82881586	     60.98914422
4.90000000	      3.81671444	      2.57720588	    -89.84431918	      0.81513295	      1.21006693	      0.05145317	     12.50077952	      4.22139509	      4.00895579	      8.21102319	      1.24414663	    -15.44121936	      0.00000000	     19.25337533	    -12.06900404	     -5.13951329	     54.95628698	      1.14047619	      7.36539544	      0.00000000	     -7.57414887	     -5.86587337	      0.99996802	     18.12668001	     -4.14912529	     36.05919698	     40.21457782	     67.81545206	     -0.80833389	    -21.36512590	     15.48989739	     38.52240224	     61.78693228
4.91666670	      3.86067535	      2.40440608	    -90.35186250	      0.81340161	      1.21169576	      0.05098356	     12.16552571	      4.47362337	      3.75976527	      8.37397132	      0.77060268	    -15.55077376	      0.00000000	     19.52789481	    -11.86831441	     -5.24965208	     54.12095689	      2.55730240	      6.66364528	      0.00000000	     -7.68830667	     -5.74161220	      1.22620280	     18.09460733	     -4.59945455	     36.03378535	     40.09916108	     67.70855280	     -0.98800204	    -21.30067919	     15.24701792	     38.65280791	     61.92312570
4.93333330	      3.94423312	      2.02190547	    -90.82919624	      0.81097091	      1.21286312	      0.05099137	     11.48528609	      4.57272172	      4.29692826	      8.53686822	     -0.43122574	    -17.02123529	      0.00000000	     19.37162060	    -11.64367462	     -5.54851486	     52.60559137	      3.93892271	      6.05287402	      0.00000000	     -8.17164732	     -5.71960925	      1.46058530	     17.88701977	     -5.39237167	     35.95460070	     41.02506046	     66.97413046	     -1.45759109	    -21.08999994	     13.96400746	     39.32537429	     62.93096572
4.95000000	      3.98229727	      1.94237630	    -91.13250910	      0.80816655	      1.21337786	      0.05100885	     11.08455063	      4.57734298	      4.52519182	      8.85150528	     -0.59157923	    -16.97228694	      0.00000000	     19.54512261	    -11.48408671	     -5.71299151	     50.66651708	      5.20234591	      5.28933635	      0.00000000	     -8.05319271	     -5.58144562	      1.64752395	     17.79451390	     -5.84249482	     35.92728421	     40.97602600	     66.91580900	     -1.75862228	    -20.96258226	     13.94281124	     39.36829723	     63.02020021
4.96666670	      4.09782252	      1.90668563	    -91.33954130	      0.80452087	      1.21429598	      0.05048332	     10.61338353	      4.61105524	      5.49171976	      8.94762375	     -0.64656602	    -16.61704699	      0.00000000	     19.69044521	    -11.33651570	     -5.93047105	     48.27947101	      6.09206876	      4.52072300	      0.00000000	     -7.96280374	     -5.58152539	      1.85873123	     17.77119327	     -6.16190478	     35.95107654	     41.17140531	     66.85581396	     -1.95224454	    -20.93031420	     13.89822160	     39.45545218	     63.12373454
4.98333330	      4.23134683	      1.59047519	    -91.52912140	      0.80070702	      1.21442101	      0.04918276	      9.86757886	      4.71495489	      6.76978148	      8.94014334	      0.08249452	    -15.38678642	      0.00000000	     19.47850830	    -11.24426191	     -6.35348091	     45.58044664	      6.17148015	      3.57690496	      0.00000000	     -8.36285967	     -5.70099281	      2.42863750	     17.64735256	     -6.81409440	     36.22059938	     42.45659168	     66.51331002	     -1.80060761	    -21.02980788	     13.62595345	     40.06676814	     63.69615999
5.00000000	      4.20069746	      1.63495936	    -91.65410556	      0.79790149	      1.21252054	      0.04766922	      9.56214580	      5.04896730	      7.82982567	      8.95757420	      1.33588529	    -13.40494126	      0.00000000	     19.83238955	    -11.36576246	     -6.78602727	     43.12717713	      6.43140370	      3.05419537	      0.00000000	     -8.33593914	     -5.61670233	      2.64151071	     17.58685399	     -7.18079724	     36.34216201	     43.24872587	     66.12436365	     -1.99077346	    -21.09518921	     13.54629694	     40.38903294	     64.26890289
5.01666670	      4.03244807	      1.70028845	    -91.92922036	      0.79660547	      1.21137536	      0.04539212	      9.24373254	      5.34401435	      8.57946829	      9.02922028	      2.01629439	    -12.96473788	      0.00000000	     20.22971526	    -11.68070390	     -7.40364624	     40.61135562	      6.50117844	      2.42203626	      0.00000000	     -8.29162139	     -5.37483959	      2.75997011	     17.76392919	     -7.35216475	     36.38664892	     43.65621522	     66.02221495	     -2.24945404	    -21.08545955	     13.55862127	     40.47453573	     64.42233204
5.03333330	      3.94741147	      1.67306329	    -92.42843989	      0.79650614	      1.21085988	      0.04324160	      8.75692006	      5.02621338	      7.53869847	      9.34680999	      1.88371661	    -14.10674244	      0.00000000	     20.23483287	    -11.76888558	     -8.07704059	     37.48300250	      6.03005062	      1.17089606	      0.00000000	     -8.49065954	     -5.22211885	      3.31443593	     17.89911434	     -7.89444997	     36.80799398	     44.50321965	     65.80662595	     -2.42457128	    -20.91872122	     13.43071984	     40.95946969	     64.74953368
5.05000000	      3.91959998	      1.63095215	    -93.14973076	      0.79589005	      1.20960416	      0.04177817	      8.25490138	      4.32069713	      5.43942947	      9.83570008	     -0.34943754	    -18.41787822	      0.00000000	     19.95772868	    -11.72905946	     -8.93824101	     33.93465441	      5.61052345	     -0.22944743	      0.00000000	     -8.64839215	     -5.16771609	      3.91659792	     18.19344837	     -8.32125400	     37.36266637	     45.10881820	     65.52987316	     -2.63873493	    -20.71173044	     13.22664831	     41.28397075	     65.11768309
5.06666670	      3.90647625	      1.53875574	    -93.84587211	      0.79437698	      1.20939725	      0.04049629	      7.79619487	      3.63992118	      3.18989109	     10.23002359	     -3.18296009	    -23.89934671	      0.00000000	     19.58111052	    -11.57833479	     -9.72975307	     30.26842392	      5.22858374	     -1.26278507	      0.00000000	     -8.83567102	     -5.12385213	      4.50583734	     18.59825599	     -8.62994219	     37.92146953	     45.24407495	     65.19085202	     -2.81960798	    -20.45592226	     12.99493449	     41.46113135	     65.50718505
5.08333330	      3.83133056	      1.57237343	    -94.12743625	      0.79295955	      1.20880753	      0.03959228	      7.69172365	      3.35488844	      1.07843618	     10.55468453	     -3.32386360	    -25.85822585	      0.00000000	     19.56833311	    -11.43061065	    -10.03869115	     26.77580667	      4.95838674	     -1.01319085	      0.00000000	     -8.84261476	     -4.99999705	      4.86772166	     18.80689551	     -8.83355077	     38.04766569	     45.22927210	     65.09693064	     -2.91757289	    -20.29395263	     12.94011558	     41.56422795	     65.60926955
5.10000000	      3.63825996	      1.26265581	    -94.26746980	      0.79210770	      1.20766216	      0.03897600	      7.14029734	      3.72776949	      1.66734639	     10.23624664	     -3.78504527	    -27.92125520	      0.00000000	     19.28418599	    -11.40735077	     -9.92778825	     23.44568980	      4.52952940	     -0.33489641	      0.00000000	     -9.21649538	     -4.70602352	      5.05485664	     19.09960880	     -9.12101657	     38.44353199	     45.63589403	     64.69688943	     -3.15862601	    -20.20734651	     12.84597315	     41.90369047	     66.05724877
5.11666670	      3.48600535	      1.29445137	    -94.00811424	      0.79279432	      1.20622318	      0.03838941	      7.01039397	      4.18395200	      2.97763152	      9.80841098	     -2.09701018	    -26.33545306	      0.00000000	     19.51934403	    -11.29656754	     -9.42279076	     20.33094888	      4.36687873	      1.48647897	      0.00000000	     -9.12121462	     -4.40842359	      4.86424250	     19.05884908	     -9.48219452	     38.53982635	     46.61717932	     64.34721096	     -3.51333211	    -20.19940412	     12.84369425	     42.29394682	     66.44109362
5.13333330	      3.32685465	      1.31611795	    -93.53480858	      0.79487731	      1.20497418	      0.03765887	      6.76785871	      4.56226275	      5.05435413	      9.24337893	      0.23219163	    -23.24390815	      0.00000000	     19.76125104	    -11.07669168	     -8.57647886	     17.42166318	      4.24004691	      3.38703965	      0.00000000	     -8.98466966	     -4.05066205	      4.47907817	     18.60767065	    -10.10336671	     38.42089638	     48.29249416	     64.04074850	     -3.94579583	    -20.21529719	     12.94139462	     42.74470116	     66.81225261
5.15000000	      3.20161831	      1.42290408	    -93.02537415	      0.79791219	      1.20367058	      0.03682693	      6.56148493	      4.78533156	      7.63231663	      8.78958523	      2.43747976	    -20.20602116	      0.00000000	     20.11265521	    -10.75999472	     -7.57531996	     14.85934442	      4.22361906	      4.96643871	      0.00000000	     -8.71801507	     -3.70044649	      4.00163778	     17.87627733	    -10.87945896	     38.10450058	     50.25196448	     63.84832221	     -4.43265923	    -20.16925822	     13.13683613	     43.13281805	     67.13431074
5.16666670	      3.09090334	      1.50987247	    -92.60202770	      0.80081902	      1.20244038	      0.03588004	      6.32868450	      4.96631791	     10.19544623	      8.64486418	      4.33948650	    -17.99374678	      0.00000000	     20.46538553	    -10.44879280	     -6.50003240	     12.70086948	      4.25510537	      6.10725783	      0.00000000	     -8.51042553	     -3.35273610	      3.62297981	     17.06380334	    -11.58396626	     37.72634948	     52.00807495	     63.78610540	     -4.83422024	    -20.01772170	     13.32883381	     43.34083844	     67.40212583
5.18333330	      2.93548866	      1.57056557	    -92.25648413	      0.80263193	      1.20171986	      0.03452236	      5.98768095	      5.30701321	     12.30774634	      8.61374453	      5.09232407	    -17.44173413	      0.00000000	     20.88860775	    -10.24744892	     -5.20258261	     11.03083206	      4.30916284	      6.85870913	      0.00000000	     -8.28741908	     -2.97655166	      3.27615988	     16.80686986	    -11.98514040	     37.63286475	     52.19199976	     63.78668473	     -5.13068468	    -19.72191468	     13.45731195	     43.34822415	     67.44006599
5.20000000	      2.74873933	      1.66450556	    -92.18276938	      0.80285693	      1.20207135	      0.03335137	      5.68110368	      5.84166306	     13.32606006	      8.87967964	      7.08003387	    -16.57644336	      0.00000000	     21.31785112	    -10.29223687	     -4.56586595	      9.68929970	      4.07426695	      7.40254252	      0.00000000	     -8.28727554	     -2.75246145	      3.34576086	     15.70565414	    -12.92060388	     37.40623919	     54.79229542	     63.95306519	     -5.50214113	    -19.43983849	     13.31327355	     43.66012986	     67.74864966
5.21666670	      2.49920672	      1.64430571	    -92.20786091	      0.80288736	      1.20129439	      0.03258992	      5.19745261	      6.47360035	     13.85099311	      9.08424010	      8.02259709	    -16.90096211	      0.00000000	     21.69016490	    -10.47387589	     -3.94529445	      8.69707867	      3.75611405	      7.88080506	      0.00000000	     -8.18081224	     -2.46673986	      3.27049992	     15.32805007	    -13.09249929	     37.39064664	     55.02866429	     63.98663508	     -5.79014026	    -19.16845447	     13.37470435	     43.66225768	     67.80982958
5.23333330	      2.28774661	      1.81737320	    -92.36848865	      0.80346330	      1.19882110	      0.03235772	      4.97392055	      6.91011869	     14.21371052	      9.32414676	      8.77421135	    -17.60681562	      0.00000000	     22.33352351	    -10.69320487	     -3.72842790	      8.10162928	      3.39547979	      8.15818620	      0.00000000	     -8.04413749	     -2.22812395	      3.51250991	     14.35762504	    -13.77898311	     37.33697565	     57.00848361	     64.29077690	     -6.11880614	    -18.87602986	     13.00212484	     43.97088980	     68.17753718
5.25000000	      2.09230490	      1.82977151	    -92.51352808	      0.80410213	      1.19838483	      0.03173380	      4.53529578	      7.08620279	     14.40538106	      9.26971623	      9.32796979	    -18.06985386	      0.00000000	     22.80462281	    -10.92445646	     -3.67861332	      7.69854182	      2.99235598	      8.37600424	      0.00000000	     -7.93534411	     -1.99921348	      3.52865689	     13.91653905	    -13.87104355	     37.39047531	     57.25787383	     64.37282563	     -6.36258122	    -18.68814541	     12.96678634	     43.97861645	     68.27456852
5.26666670	      1.95363243	      2.04151189	    -92.73040248	      0.80423951	      1.19817957	      0.03131304	      4.42982558	      7.10543846	     14.71402136	      9.27436301	      9.20043116	    -18.99077534	      0.00000000	     23.48507611	    -11.20324621	     -4.12204307	      7.50744881	      2.68409793	      8.48340759	      0.00000000	     -7.58337791	     -1.89251463	      3.79104338	     13.20319958	    -14.15637118	     37.59532794	     58.28029117	     64.70398971	     -6.60474550	    -18.44308138	     12.52105705	     44.07202249	     68.59160416
5.28333330	      1.78573725	      1.99297979	    -92.78982193	      0.80467267	      1.19874206	      0.03087981	      3.98127514	      7.02962614	     14.67555376	      9.09035553	      9.32373217	    -19.21222362	      0.00000000	     23.91415840	    -11.44434134	     -4.46561388	      7.41998771	      2.45728276	      8.42752595	      0.00000000	     -7.51425508	     -1.68118424	      3.90401173	     12.88958983	    -14.03732902	     37.71621469	     58.29577876	     64.76547856	     -6.75315340	    -18.30468252	     12.47465335	     44.05522387	     68.65246297
5.30000000	      1.64180173	      1.97921549	    -92.90475172	      0.80553380	      1.19792543	      0.03043838	      3.59511989	      6.90647323	     14.54736986	      8.95439509	      9.40183239	    -19.42300435	      0.00000000	     24.34027046	    -11.66920737	     -4.87560771	      7.34828239	      2.30390590	      8.32692434	      0.00000000	     -7.42502543	     -1.55733934	      4.01932745	     12.58972331	    -13.82547395	     37.87979754	     58.33579146	     64.81073291	     -6.85551138	    -18.19211869	     12.42907474	     44.04116794	     68.68677146
5.31666670	      1.56197684	      2.41034405	    -93.13868766	      0.80692634	      1.19631853	      0.02983629	      3.69920759	      6.76832610	     15.11803074	      8.90222654	      8.85618501	    -20.59731904	      0.00000000	     25.19544501	    -11.89947542	     -5.76970410	      7.28743129	      2.12646002	      8.77047852	      0.00000000	     -6.64170248	     -1.44261847	      4.40317252	     12.19232774	    -13.78775914	     38.31041910	     58.52361745	     65.17838574	     -7.02756426	    -17.88885772	     11.70047391	     43.79771749	     68.98738374
5.33333330	      1.45764275	      2.42064680	    -93.16339185	      0.80928427	      1.19685079	      0.02867292	      3.22308466	      6.55565390	     15.15640898	      8.66198406	      8.95516198	    -20.90840812	      0.00000000	     25.65730932	    -11.96854780	     -5.96820925	      7.31247931	      2.05079191	      8.74236163	      0.00000000	     -6.54650668	     -1.33757464	      4.43692740	     11.98717298	    -13.60756795	     38.42543785	     58.54526153	     65.22803638	     -7.12315267	    -17.80332706	     11.64218764	     43.75190954	     69.03281730
5.35000000	      1.38985205	      2.82441427	    -93.32378641	      0.81123099	      1.19771730	      0.02745390	      3.17190200	      6.50574308	     16.61371486	      8.46983129	      7.02607202	    -23.92684856	      0.00000000	     26.44312722	    -12.09871719	     -6.28144351	      7.27923039	      1.98489437	      9.36817981	      0.00000000	     -5.90899523	     -1.22000079	      4.47683924	     11.89819062	    -13.42590177	     38.85738900	     58.54068675	     65.85916006	     -7.30087799	    -17.45271394	     10.52075311	     43.13589992	     69.63119383
5.36666670	      1.35028893	      2.98201731	    -93.46762487	      0.81298219	      1.19941161	      0.02582394	      2.89148002	      6.46176418	     17.60626014	      8.38061496	      5.86614053	    -25.13394151	      0.00000000	     26.79667015	    -12.13350094	     -6.30075734	      6.94090576	      1.54454287	      9.70675003	      0.00000000	     -5.65549964	     -1.19827250	      4.47637367	     11.94534293	    -13.17790443	     39.29909380	     58.63214780	     66.45828191	     -7.44778555	    -17.33208651	      9.86011357	     43.04690295	     70.28941305
5.38333330	      1.22636825	      3.06133090	    -93.48402364	      0.81513804	      1.19983009	      0.02430366	      2.57246823	      6.61083157	     18.37445336	      8.50986525	      5.74348555	    -24.86521133	      0.00000000	     27.12747849	    -12.19188785	     -5.90735244	      6.71823583	      1.39065319	      9.99063099	      0.00000000	     -5.63411513	     -1.08100069	      4.51536646	     11.86448868	    -12.85614485	     39.41993671	     58.70561393	     66.49468698	     -7.36858783	    -17.29924035	      9.82778631	     43.05757287	     70.32168065
5.40000000	      0.93533824	      3.26492213	    -93.60689193	      0.81761395	      1.19808235	      0.02354387	      2.32927577	      7.14065533	     20.06786956	      8.74065081	      5.97566909	    -24.87311254	      0.00000000	     27.52998260	    -12.48291496	     -5.65935093	      6.49339517	      1.27636201	     10.37522241	      0.00000000	     -5.45454150	     -0.74365469	      4.68423709	     11.86773349	    -12.71341740	     39.65085101	     58.66066887	     66.64811319	     -7.36345921	    -17.19096853	      9.64824650	     42.82647801	     70.45486571
5.41666670	      0.62818628	      3.42718501	    -93.62220692	      0.82029710	      1.19617231	      0.02319116	      2.02111927	      7.85785002	     21.99001303	      9.14779996	      6.41578681	    -24.56460057	      0.00000000	     27.90909024	    -12.74332116	     -5.16368584	      6.38954484	      1.35755347	     10.76794447	      0.00000000	     -5.32222467	     -0.54358080	      4.76182250	     11.84581274	    -12.50437736	     39.83373244	     58.58227125	     66.75368359	     -7.23611282	    -17.18122736	      9.49864170	     42.63909760	     70.54314286
5.43333330	      0.34293430	      3.82945522	    -93.72000044	      0.82299660	      1.19419380	      0.02286457	      2.06737458	      8.65976369	     24.05939626	      9.87501279	      7.58952137	    -23.48495737	      0.00000000	     28.56432327	    -13.04082911	     -5.12551026	      6.48968951	      1.74319199	     11.48834564	      0.00000000	     -4.84579005	     -0.26050775	      4.88647646	     11.83751231	    -12.31936105	     40.49861687	     58.04528836	     67.32898541	     -7.05263857	    -16.93872070	      8.89390802	     41.75027159	     71.08942585
5.45000000	     -0.00342923	      3.91543612	    -93.69143519	      0.82523973	      1.19468596	      0.02251742	      1.63516194	      9.44571876	     26.22223932	     10.36479497	      8.60518974	    -22.84421053	      0.00000000	     28.78006708	    -13.30197597	     -4.74442965	      6.49877362	      2.08226802	     11.50907572	      0.00000000	     -4.84751325	      0.05979209	      4.72234646	     11.82529395	    -12.14042811	     40.54058315	     58.11494460	     67.42135288	     -7.07256225	    -17.02754914	      8.82449021	     41.65009986	     71.19193896
5.46666670	     -0.27218763	      4.17858698	    -93.72805802	      0.82735428	      1.19543392	      0.02268432	      1.55878393	      9.98319697	     27.36396341	     11.06447219	     10.96257127	    -20.04555218	      0.00000000	     29.06534619	    -13.52312866	     -4.66314784	      6.50023715	      2.44462767	     11.61344611	      0.00000000	     -4.57021392	      0.19634691	      4.61811985	     11.58499080	    -12.20802093	     40.85233360	     58.41589131	     67.99750376	     -7.12954145	    -16.98043097	      8.25685312	     41.31199314	     71.71941720
5.48333330	     -0.54659462	      4.28174874	    -93.73604360	      0.83013131	      1.19552580	      0.02281063	      1.17836371	     10.33045509	     28.95183605	     11.33673357	     11.64496361	    -19.55389698	      0.00000000	     29.07479808	    -13.71455716	     -4.52358061	      6.41391191	      2.76127645	     11.50817475	      0.00000000	     -4.41979353	      0.34777581	      4.30020400	     11.43496349	    -12.09744353	     40.81562477	     58.57898117	     68.07392370	     -7.27930308	    -17.14914262	      8.20654918	     41.16151014	     71.79502872
5.50000000	     -0.74653344	      4.44753364	    -93.83730820	      0.83396380	      1.19308860	      0.02256174	      0.99460334	     10.43026678	     30.21699736	     11.71119455	     12.48069953	    -19.12850399	      0.00000000	     29.08775020	    -13.83081769	     -4.53524387	      6.30381384	      3.05415979	     11.35404411	      0.00000000	     -4.23145427	      0.50596719	      4.08668017	     11.27791045	    -12.08054651	     40.82752658	     58.85226572	     68.18023286	     -7.39850764	    -17.27586651	      8.11819975	     40.99581606	     71.86907764
5.51666670	     -0.96328386	      4.65413592	    -93.92467407	      0.83783663	      1.18803516	      0.02260427	      0.90074356	     10.45054049	     31.19389219	     12.09679982	     13.13257815	    -18.91137489	      0.00000000	     29.12106784	    -13.95118300	     -4.43737919	      6.17192144	      3.37861271	     11.25510237	      0.00000000	     -4.04345978	      0.59331868	      3.93050063	     11.14430920	    -12.07070797	     40.89874731	     59.16887988	     68.25908165	     -7.47620915	    -17.46253988	      8.05120360	     40.87264021	     71.91088990
5.53333330	     -1.11324561	      5.16177232	    -94.18020952	      0.84094262	      1.18491196	      0.02254697	      1.31817981	     10.36647817	     31.75850371	     12.75542902	     14.23773872	    -18.52553207	      0.00000000	     29.51709954	    -14.11623588	     -4.63875618	      6.30627465	      3.68780817	     10.96541000	      0.00000000	     -3.43350292	      0.75521947	      3.99752687	     11.04241589	    -12.41215310	     41.42870194	     60.43404249	     68.67898657	     -7.46754359	    -17.51115721	      7.89678266	     40.70699533	     72.11411236
5.55000000	     -1.29641210	      5.36394307	    -94.38317478	      0.84330934	      1.18618602	      0.02270587	      1.22685342	     10.20316580	     32.32386577	     12.99282906	     14.72938190	    -18.46274346	      0.00000000	     29.45980778	    -14.30273947	     -4.83045043	      6.40484061	      3.97537522	     10.75242328	      0.00000000	     -3.27558065	      0.86062856	      3.97076782	     11.22474861	    -12.12673756	     41.54056624	     60.70431633	     68.77751194	     -7.44414106	    -17.66198309	      7.87774542	     40.58697898	     72.16625660
5.56666670	     -1.42438996	      5.67120333	    -94.63833511	      0.84591009	      1.18877635	      0.02347812	      1.30628333	     10.00982921	     32.41446267	     13.29621144	     15.53887615	    -17.68140328	      0.00000000	     29.39756210	    -14.45114297	     -5.42843426	      6.55335333	      4.02836122	     10.97739079	      0.00000000	     -2.95257749	      0.80901474	      4.14117247	     11.79715319	    -11.78316944	     42.59223651	     60.46072519	     69.33914719	     -7.17126014	    -17.73087282	      7.76791191	     40.02696402	     72.43181860
5.58333330	     -1.54940725	      5.80172422	    -94.83021421	      0.84994549	      1.18967512	      0.02589977	      1.03052758	      9.80907560	     32.47977029	     13.37175094	     15.95492334	    -16.94103178	      0.00000000	     28.99884350	    -14.45430997	     -5.95088235	      6.64788956	      3.98928813	     11.10507140	      0.00000000	     -2.89601580	      0.72491412	      4.19254456	     12.44051802	    -10.92264900	     43.15875119	     59.49490807	     69.67251538	     -7.00773867	    -17.80494453	      7.54985141	     39.67443904	     72.61301795
5.60000000	     -1.63386452	      5.99209657	    -95.04428097	      0.85588799	      1.18865819	      0.02938668	      0.72646755	      9.53260932	     32.51606170	     13.41152533	     16.25277445	    -16.23284208	      0.00000000	     28.51312740	    -14.28959016	     -6.46278192	      6.60028751	      3.79676966	     11.16253382	      0.00000000	     -2.73575525	      0.66063849	      4.40287113	     12.91679231	    -10.08076426	     43.64247412	     58.48476797	     69.83799190	     -6.84169218	    -17.78150266	      7.30486425	     39.31520944	     72.70584981
5.61666670	     -1.72417824	      6.09743771	    -95.14441049	      0.86277797	      1.18712944	      0.03255112	      0.29476997	      9.20185254	     32.37317128	     13.49654558	     16.65674334	    -15.42480991	      0.00000000	     27.96016071	    -14.00496610	     -6.79238548	      6.53506099	      3.47908638	     11.19054587	      0.00000000	     -2.60870362	      0.58759458	      4.45649243	     13.38814957	     -9.10351783	     44.09547677	     56.88820683	     69.93276468	     -6.61909711	    -17.67692303	      7.02712826	     38.78829459	     72.80121752
5.63333330	     -1.72945766	      6.27903941	    -95.22266089	      0.86890495	      1.18514603	      0.03529142	     -0.05332947	      8.71994811	     32.08209455	     13.57175349	     16.79985488	    -15.01550459	      0.00000000	     27.50975777	    -13.62518922	     -7.08425219	      6.44649117	      2.87394628	     11.11625242	      0.00000000	     -2.38023590	      0.36745725	      4.57921250	     13.40381370	     -8.55828139	     44.26809951	     55.47066762	     69.91958443	     -6.37308823	    -17.65236527	      6.81861676	     38.50612860	     72.85494660
5.65000000	     -1.82875401	      6.37396088	    -95.31055769	      0.87378716	      1.18402558	      0.03803702	     -0.38229797	      8.34757103	     31.67033009	     13.86814491	     17.07858902	    -14.38876634	      0.00000000	     27.02795709	    -13.39365006	     -7.30580269	      6.41100496	      2.28500445	     10.83816285	      0.00000000	     -2.26117635	      0.38041428	      4.38855018	     13.27053364	     -7.69330740	     44.02695545	     52.41008289	     69.74385771	     -6.22133020	    -17.48520165	      6.61422868	     37.79396191	     73.00375386
5.66666670	     -1.86627879	      6.56958009	    -95.37505627	      0.87876607	      1.18375505	      0.04180416	     -0.55424375	      7.91675356	     30.98624790	     14.25305778	     16.93495303	    -13.98253177	      0.00000000	     26.74706199	    -13.10735555	     -7.58432543	      6.51353831	      1.47082461	     10.70469131	      0.00000000	     -2.01912639	      0.28158044	      4.20442697	     12.74985178	     -7.26425687	     43.55725134	     49.65718075	     69.47120941	     -6.14419193	    -17.41008330	      6.50802384	     37.36177377	     73.21449614
5.68333330	     -1.86779957	      6.73259185	    -95.47188045	      0.88511811	      1.18447969	      0.04660148	     -0.74501839	      7.39253003	     30.12765608	     14.68677337	     16.53139687	    -13.47340774	      0.00000000	     26.48079508	    -12.76784068	     -7.86696597	      6.76818661	      0.58915664	     10.66278846	      0.00000000	     -1.73299905	      0.12619060	      4.11242016	     12.16949126	     -6.81405897	     42.84812660	     47.06789122	     69.13382228	     -6.14164610	    -17.44136396	      6.56696508	     37.00743472	     73.46914008
5.70000000	     -1.80067060	      6.90469790	    -95.57325575	      0.89263357	      1.18588555	      0.05160786	     -0.86206753	      6.75263879	     29.09237023	     15.22973950	     16.12417686	    -12.67660377	      0.00000000	     26.30744111	    -12.31932734	     -8.19431993	      7.25029289	     -0.19799601	     10.66357940	      0.00000000	     -1.45339805	     -0.10656366	      4.08042253	     11.74985153	     -6.26002770	     42.04939840	     44.84172454	     68.76639354	     -6.16676731	    -17.54521490	      6.85152420	     36.66625448	     73.77404111
5.71666670	     -1.69724704	      7.08984008	    -95.65475636	      0.90028385	      1.18738421	      0.05585580	     -0.88703383	      6.06132042	     28.04048383	     15.88885936	     15.79162947	    -11.63565913	      0.00000000	     26.20072810	    -11.79266849	     -8.58543210	      7.87095113	     -0.78237453	     10.69434126	      0.00000000	     -1.17516629	     -0.36644566	      4.13815944	     11.50742437	     -5.69822423	     41.41525547	     43.25428999	     68.44338266	     -6.11562225	    -17.70216270	      7.33306371	     36.40401787	     74.07419341
5.73333330	     -1.60235850	      7.21491487	    -95.77357669	      0.90748739	      1.18767331	      0.05877512	     -0.79349828	      5.47250984	     27.33807184	     16.82756489	     15.14147243	    -11.33981411	      0.00000000	     26.07333226	    -11.26496046	     -8.85050752	      8.56359184	     -0.93417505	     10.61277596	      0.00000000	     -1.15676421	     -0.64159500	      4.23189182	     11.59192416	     -5.36773764	     41.36130719	     43.08455265	     68.39330413	     -5.99761143	    -17.85469484	      7.43988659	     36.35716564	     74.12717400
5.75000000	     -1.42611366	      7.59041808	    -95.82496062	      0.91465051	      1.18621509	      0.06210640	     -0.25597552	      4.85148543	     26.29488629	     18.04999519	     15.11747032	    -10.26529604	      0.00000000	     26.19496570	    -10.62219810	     -8.99032203	      9.18931687	     -0.88642673	     10.48240715	      0.00000000	     -0.58877344	     -0.95691251	      4.46100722	     11.86617821	     -4.50363914	     41.20972422	     42.00000220	     68.16698466	     -5.79659678	    -18.10398060	      8.36804688	     36.15527265	     74.39787452
5.76666670	     -1.32245291	      7.67724847	    -95.93811489	      0.92209686	      1.18568997	      0.06578176	      0.11131553	      4.39387591	     25.67920459	     19.47086557	     14.47353563	    -10.31336267	      0.00000000	     25.94146745	    -10.02087095	     -9.08154120	      9.72528733	     -0.51724337	     10.21882373	      0.00000000	     -0.62241413	     -1.14933640	      4.66863480	     12.47779548	     -3.83949873	     41.28166069	     42.25897079	     68.14809174	     -5.52764061	    -18.17741025	      8.52036576	     36.11635811	     74.43083150
5.78333330	     -1.11757864	      8.08982472	    -95.98580914	      0.92997059	      1.18698916	      0.07023461	      0.87130039	      3.91659224	     25.10548411	     20.96347834	     13.17029189	    -11.53833033	      0.00000000	     25.95626798	     -9.23865332	     -8.74509103	     10.09281764	     -0.19785557	      9.42888555	      0.00000000	      0.05703996	     -1.41719848	      4.97335783	     13.17354667	     -3.12508579	     42.26972454	     42.09859036	     68.01764484	     -5.11661698	    -18.38257838	      9.85126878	     35.61733508	     74.61163692
5.80000000	     -0.83998784	      8.10720029	    -95.99587807	      0.93760455	      1.19116813	      0.07460103	      1.23661685	      3.34239565	     24.41341577	     22.40872449	     10.94046132	    -13.46310099	      0.00000000	     25.35258421	     -8.31640502	     -8.63596922	     10.13544221	      0.09922917	      9.01570612	      0.00000000	      0.22229455	     -1.80291198	      5.21395943	     13.91078120	     -2.35092892	     43.11841760	     42.13139217	     67.83078805	     -4.60123145	    -18.46256997	     10.70022483	     35.19192036	     74.58126797
5.81666670	     -0.56394724	      8.13955955	    -96.04675787	      0.94432412	      1.19507375	      0.07879783	      1.84843487	      2.84242246	     23.56689583	     24.13729112	      7.82171633	    -15.97158045	      0.00000000	     24.69328716	     -7.43922001	     -8.51254183	     10.04757874	      0.35004463	      8.50729854	      0.00000000	      0.32920266	     -2.17350473	      5.43546741	     14.63827289	     -1.50816263	     43.97770058	     42.06045969	     67.57078927	     -4.13656323	    -18.49917511	     11.40177202	     34.78562246	     74.40110922
5.83333330	     -0.29252333	      8.08369663	    -96.08630235	      0.94974891	      1.19655136	      0.08347049	      2.64476107	      2.34657142	     22.21469903	     26.28939053	      4.15061344	    -18.51101296	      0.00000000	     23.76344137	     -6.57891907	     -8.34177012	      9.63138630	      0.60023349	      8.05171432	      0.00000000	      0.38791268	     -2.60473324	      5.58025614	     15.18793767	     -0.77934979	     44.82455901	     42.25788174	     67.28783474	     -3.81596329	    -18.56847263	     11.92303825	     34.57549011	     74.10855182
5.85000000	     -0.10229016	      8.03335851	    -96.20426754	      0.95363892	      1.19509665	      0.08821936	      3.84367614	      1.84856373	     20.19301873	     29.02065338	      0.60122532	    -20.36036526	      0.00000000	     22.74221484	     -5.89288729	     -8.15444996	      9.04873830	      0.99981742	      7.58125484	      0.00000000	      0.43650541	     -2.97036902	      5.71322377	     15.64176537	     -0.20295322	     45.65653997	     42.80935827	     66.99758794	     -3.64085086	    -18.73099590	     12.29047315	     34.61651397	     73.72918361
5.86666670	      0.00525760	      7.98408677	    -96.38254585	      0.95619273	      1.19302192	      0.09290814	      5.44606221	      1.22321679	     17.39366525	     32.35033643	     -2.00074340	    -20.69430964	      0.00000000	     21.63308595	     -5.38486014	     -7.96276767	      8.32402780	      1.62511430	      7.21622882	      0.00000000	      0.49550876	     -3.30227800	      5.89860783	     15.98235470	      0.31032212	     46.28030649	     43.56638109	     66.81120137	     -3.55610770	    -18.95336041	     12.46156588	     34.77993645	     73.42217095
5.88333330	     -0.03536608	      7.77339473	    -96.58711463	      0.95734661	      1.19262926	      0.09683711	      7.20330062	      0.69827241	     14.56522175	     36.28262002	     -3.95148038	    -19.96711431	      0.00000000	     20.41966348	     -5.15252534	     -7.94066067	      7.74800501	      2.57205807	      6.90335821	      0.00000000	      0.27854999	     -3.62694265	      6.04833685	     16.34129631	      0.97692144	     46.55072780	     44.16986762	     66.76826155	     -3.26508845	    -19.32187469	     12.44429243	     34.85708569	     73.30774184
5.90000000	     -0.10314459	      8.00742727	    -96.69394276	      0.95866266	      1.19372590	      0.09973346	      9.65338357	      0.10367130	     11.56771810	     40.72832877	     -3.51951375	    -16.24138390	      0.00000000	     19.81203831	     -5.01021258	     -7.72529034	      7.31573957	      3.51577833	      6.46934296	      0.00000000	      0.65027951	     -3.90926667	      6.07691526	     16.50400510	      1.15957304	     47.42627431	     45.91255469	     66.52728928	     -3.13502446	    -19.84308485	     12.73555708	     35.35608082	     72.76658287
5.91666670	     -0.20266204	      7.96986663	    -96.59650725	      0.96115057	      1.19612108	      0.10161663	     11.63990119	     -0.44468847	      9.02709153	     44.94749594	     -2.65932930	    -12.12714384	      0.00000000	     19.05663397	     -4.87112005	     -7.59714650	      7.06904609	      4.61226021	      6.56422903	      0.00000000	      0.65041491	     -4.29244451	      5.88957825	     16.63490574	      1.59704397	     47.62882392	     46.91066943	     66.31516930	     -2.70774687	    -20.36572306	     12.88703614	     35.47712189	     72.35325193
5.93333330	     -0.34755833	      7.91813465	    -96.44706759	      0.96521384	      1.19995450	      0.10254904	     13.43768059	     -0.90489594	      6.96442279	     48.76828989	     -1.56171504	     -8.06376945	      0.00000000	     18.44277404	     -4.78911632	     -7.68891100	      7.04500237	      5.53612403	      6.70057973	      0.00000000	      0.53150727	     -4.64471296	      5.65894507	     16.70633023	      2.02979738	     47.54295759	     47.58498652	     66.10588826	     -1.99813516	    -20.83721563	     13.02951161	     35.46313513	     71.95080113
5.95000000	     -0.48247401	      7.84869568	    -96.25980053	      0.97061891	      1.20291754	      0.10335913	     15.08660864	     -1.40402735	      5.21481441	     52.01937629	     -0.55088735	     -5.02069617	      0.00000000	     17.89761118	     -4.64937648	     -7.86897197	      7.13806316	      6.30007874	      6.93921255	      0.00000000	      0.31486625	     -4.95444099	      5.35760976	     16.73492431	      2.47717305	     47.19422429	     47.77334782	     65.90723906	     -1.10467652	    -21.15871012	     13.15369244	     35.21968323	     71.57469558
5.96666670	     -0.58437484	      7.75472463	    -96.07564647	      0.97553868	      1.20437297	      0.10478490	     16.54293717	     -1.98896479	      3.76457527	     54.34133806	      0.11283060	     -4.15739173	      0.00000000	     17.29593661	     -4.42728634	     -8.13906956	      7.14077108	      6.83476481	      7.20525893	      0.00000000	      0.12578319	     -5.22210889	      4.98885017	     16.73969370	      2.95611968	     46.76281093	     47.62912669	     65.75859815	     -0.14814343	    -21.41780893	     13.16513885	     34.81749177	     71.27917610
5.98333330	     -0.70173265	      7.72058720	    -95.94933456	      0.97855147	      1.20493160	      0.10632040	     17.97984691	     -2.62352525	      2.74744282	     55.75785883	      0.93367819	     -5.61615109	      0.00000000	     16.82627905	     -4.26855121	     -8.59903138	      7.17191958	      7.21759378	      7.61465140	      0.00000000	     -0.01670150	     -5.33771716	      4.71334547	     16.66251589	      3.47129622	     45.93138421	     46.71978316	     65.56130818	      0.87011089	    -21.46754206	     13.24191891	     33.93101816	     70.84804629
6.00000000	     -0.85123766	      7.70459804	    -95.68539839	      0.97979094	      1.20561056	      0.10713941	     19.30521384	     -3.14452480	      2.14335328	     56.13221451	      2.09119071	     -7.27619735	      0.00000000	     16.45802577	     -4.22765686	     -9.14063707	      7.27582901	      7.55861111	      8.20280280	      0.00000000	     -0.17367413	     -5.44263911	      4.33696908	     16.53777520	      3.93771535	     45.16036691	     45.85400312	     65.46353205	      1.91973113	    -21.68595928	     13.32923692	     33.17250548	     70.43662247
6.01666670	     -0.97988587	      7.71633661	    -95.32046340	      0.98075904	      1.20808027	      0.10685642	     20.55637704	     -3.54871888	      1.92766061	     55.72889550	      3.63989089	     -7.43023977	      0.00000000	     16.22724190	     -4.26656153	     -9.77175194	      7.48844576	      7.98534490	      9.01774401	      0.00000000	     -0.34095878	     -5.64519901	      3.83238427	     16.43986827	      4.40953414	     44.39984089	     44.91911025	     65.44512937	      2.95512795	    -21.99214419	     13.37329714	     32.40411533	     70.09286475
6.03333330	     -1.10897132	      7.82845688	    -94.91161436	      0.98272522	      1.20941023	      0.10708217	     21.79696665	     -3.79928224	      1.75981769	     54.88064864	      5.41297853	     -6.35942280	      0.00000000	     16.12375743	     -4.35568628	    -10.38048465	      7.74040707	      8.48615950	      9.89193684	      0.00000000	     -0.49568799	     -5.86753317	      3.27462984	     16.35856272	      4.81948622	     43.66903332	     44.08631216	     65.47386696	      3.83915252	    -22.29852197	     13.37668738	     31.72554736	     69.82439663
6.05000000	     -1.24348035	      7.98955252	    -94.56812256	      0.98513013	      1.20949437	      0.10785950	     22.90528698	     -3.90793575	      1.41173839	     53.72693796	      7.26193569	     -4.81920921	      0.00000000	     15.99194833	     -4.46083442	    -11.04689576	      7.89984324	      8.84491048	     10.82276260	      0.00000000	     -0.54677993	     -6.09393625	      2.76370716	     16.27590482	      5.22154708	     42.89482373	     43.24941257	     65.56761971	      4.65497993	    -22.55686881	     13.39144903	     31.03075046	     69.54162432
6.06666670	     -1.37680807	      8.20554641	    -94.34108799	      0.98754945	      1.20802534	      0.10872872	     23.91635913	     -3.95739461	      0.75455889	     52.33640684	      9.17795220	     -3.55808309	      0.00000000	     15.79506620	     -4.53014738	    -11.51660570	      7.84444106	      9.08768798	     11.58030257	      0.00000000	     -0.51041681	     -6.28913628	      2.30621665	     16.27353184	      5.56767292	     42.24685198	     42.64061293	     65.71210947	      5.27064209	    -22.77126163	     13.41819886	     30.47806618	     69.29201805
6.08333330	     -1.51861086	      8.39179123	    -94.23578327	      0.99036968	      1.20897261	      0.10903662	     24.68658532	     -3.99942935	     -0.11245780	     50.47138984	     10.82900050	     -2.66390492	      0.00000000	     15.43726087	     -4.55153684	    -11.78292951	      7.50673339	      8.92976520	     12.25870621	      0.00000000	     -0.44082904	     -6.44026240	      1.95169082	     16.34977380	      5.88245235	     41.71392986	     42.09252901	     65.90275327	      5.80904533	    -22.87186096	     13.43857453	     29.94153734	     69.05052449
6.10000000	     -1.64012699	      8.44104356	    -94.19831353	      0.99363677	      1.21215567	      0.10903547	     25.15689758	     -4.11420564	     -1.19215121	     48.18641790	     12.02062625	     -2.17024960	      0.00000000	     14.85543624	     -4.50302258	    -11.90314934	      6.99619272	      8.56495596	     12.83494563	      0.00000000	     -0.51203905	     -6.64864941	      1.67386984	     16.47867209	      6.21095570	     41.21071081	     41.38589375	     66.16710147	      6.41807680	    -22.82231576	     13.44227719	     29.27602122	     68.77205505
6.11666670	     -1.72306086	      8.32875253	    -94.21387737	      0.99662138	      1.21465629	      0.10860047	     25.45744822	     -4.29140143	     -2.50480784	     45.78472959	     12.77397519	     -2.35571963	      0.00000000	     14.06921949	     -4.38552159	    -11.92061434	      6.38653964	      8.17738840	     13.21048929	      0.00000000	     -0.76805895	     -6.85822778	      1.50677747	     16.76885651	      6.57982172	     40.72999785	     40.47267503	     66.51419145	      7.13434270	    -22.61506463	     13.43403670	     28.54170463	     68.45500964
6.13333330	     -1.73919584	      8.11945352	    -94.29510988	      0.99855398	      1.21518468	      0.10791018	     25.83121599	     -4.46933933	     -3.97556240	     43.64937630	     13.39751303	     -3.04999649	      0.00000000	     13.20771590	     -4.21987994	    -11.91131779	      5.82274681	      8.00074965	     13.32700984	      0.00000000	     -1.14283992	     -7.05476291	      1.45473907	     17.24632697	      7.01956564	     40.26988613	     39.41137193	     66.98196267	      7.91664764	    -22.34758605	     13.44795123	     27.82919204	     68.07901889
6.15000000	     -1.76667926	      7.92354159	    -94.37046481	      0.99940542	      1.21430358	      0.10779971	     26.37864562	     -4.55415785	     -5.60498201	     41.82194847	     13.92741989	     -4.04050973	      0.00000000	     12.39485464	     -4.09058636	    -11.88560752	      5.35213827	      8.03202903	     13.26570651	      0.00000000	     -1.52953232	     -7.21972417	      1.42122459	     17.77874848	      7.42490809	     39.88134110	     38.48464102	     67.47955831	      8.59829471	    -22.14191911	     13.48898341	     27.33231549	     67.70253472
6.16666670	     -1.77451161	      7.86983916	    -94.43216097	      0.99946101	      1.21301322	      0.10861493	     27.10868358	     -4.58393280	     -7.26272660	     40.06809492	     14.44559929	     -5.04946970	      0.00000000	     11.72868087	     -3.97397410	    -11.87835986	      4.93769241	      8.12850490	     13.21577743	      0.00000000	     -1.70801262	     -7.42116862	      1.37562672	     18.12204426	      7.64205483	     39.70331778	     38.14608882	     67.71447820	      9.00469023	    -22.03907121	     13.51259411	     27.24722007	     67.52436165
6.18333330	     -1.82432120	      7.72576029	    -94.43835203	      0.99942011	      1.21204617	      0.10969456	     27.52007465	     -4.51540604	     -8.83594991	     37.86332502	     14.38397114	     -5.91907111	      0.00000000	     10.97980226	     -3.90633598	    -11.84805538	      4.62638716	      8.21442971	     13.13286182	      0.00000000	     -1.84735742	     -7.49109455	      1.25885971	     18.33124494	      7.85671141	     39.46627356	     37.78398765	     67.94521852	      9.28308997	    -21.98923132	     13.55666959	     27.12523916	     67.34033144
6.20000000	     -1.88867389	      7.57010936	    -94.37768258	      0.99930433	      1.21176312	      0.10985816	     27.73478483	     -4.17899548	     -9.82499765	     35.07303645	     14.09986834	     -6.25259183	      0.00000000	     10.33366316	     -3.89224238	    -11.76175594	      4.50487192	      8.34881911	     13.13705164	      0.00000000	     -2.01452053	     -7.56511314	      1.03624705	     18.49931884	      8.08513633	     39.14787992	     37.45189461	     68.20728131	      9.57035064	    -22.04026530	     13.64785234	     27.00989778	     67.13204967
6.21666670	     -1.82341856	      7.35393172	    -94.19422684	      0.99876106	      1.21147437	      0.10899544	     27.92493153	     -3.65812375	     -9.93367999	     32.05207091	     14.02569335	     -5.80186437	      0.00000000	      9.85681069	     -3.81866236	    -11.71974257	      4.74543577	      8.77233887	     13.92439677	      0.00000000	     -2.30909978	     -7.91338430	      1.59678198	     18.18521608	      8.56764931	     35.12607714	     36.86410506	     75.63412375	     11.23761691	    -22.20652442	     17.50712774	     26.10992089	     61.87443916
6.23333330	     -1.78968210	      7.29528546	    -93.89441486	      0.99797807	      1.21132319	      0.10844632	     28.22615484	     -2.91342150	     -9.54169226	     28.89212304	     13.68274176	     -5.03047055	      0.00000000	      9.61859550	     -3.79030485	    -11.30729979	      5.12764323	      9.20770804	     14.06212010	      0.00000000	     -2.43118689	     -8.12117571	      0.96782237	     18.16306985	      8.81385906	     35.20040603	     37.06789696	     75.77911928	     11.34215031	    -22.38319858	     17.61263070	     26.07571656	     61.74256904
6.25000000	     -1.74295846	      7.15443888	    -93.55332245	      0.99734000	      1.21229609	      0.10795387	     28.40942115	     -2.26479346	     -9.15497872	     25.83057146	     13.04127435	     -4.53263377	      0.00000000	      9.28621728	     -3.74824411	    -10.76556891	      5.45978396	      9.75952911	     14.36665959	      0.00000000	     -2.68758072	     -8.38901843	      0.43379657	     18.24131865	      9.04479606	     35.15866400	     37.04447235	     75.97118273	     11.57784363	    -22.52078944	     17.80083215	     26.09858756	     61.55656697
6.26666670	     -1.73783351	      6.76314404	    -93.26950097	      0.99708185	      1.21480376	      0.10734513	     28.11684612	     -1.71633756	     -8.64371999	     22.62949642	     12.01133429	     -4.90599174	      0.00000000	      8.60489759	     -3.72326167	    -10.27315389	      5.60408570	     10.15437949	     14.54343790	      0.00000000	     -3.27698143	     -8.55215860	     -0.11230922	     18.40982473	      9.33903112	     35.01423108	     36.76818405	     76.41038323	     11.89756867	    -22.70766418	     18.27246889	     26.01951268	     61.11994229
6.28333330	     -1.63994240	      6.57406413	    -93.20840838	      0.99660671	      1.21613016	      0.10694995	     27.95829034	     -1.35106926	     -7.77743482	     19.47388567	     10.79344710	     -5.56378487	      0.00000000	      8.05029368	     -3.61379428	     -9.98538241	      5.61254228	     10.64579183	     14.45185763	      0.00000000	     -3.42853284	     -8.87869003	      0.10578179	     18.32755892	      9.52821171	     33.60504855	     36.39271190	     84.16294291	     13.29978434	    -23.28252270	     25.72646651	     24.91470950	     52.49971600
6.30000000	     -1.62171916	      6.04482917	    -93.00330794	      0.99639754	      1.21716750	      0.10673979	     27.24457191	     -1.16109906	     -7.16521872	     16.32343722	     10.22347386	     -5.04861917	      0.00000000	      7.09230150	     -3.50049434	     -9.49569491	      5.47678925	     10.89390044	     14.35512395	      0.00000000	     -4.15242532	     -9.04311896	     -0.16492332	     18.32923171	      9.73166069	     33.25553249	     36.37551453	     84.22282464	     13.60764635	    -23.19638379	     25.54018965	     24.95991493	     51.93973866
6.31666670	     -1.60136714	      5.69869582	    -92.73245152	      0.99612563	      1.21691604	      0.10644963	     26.80220556	     -0.94457491	     -6.14556889	     13.56942005	      9.90293819	     -4.38336623	      0.00000000	      6.50518405	     -3.43736401	     -9.12329934	      5.67301189	     11.40979495	     14.34680764	      0.00000000	     -4.62705786	     -9.14500367	     -0.46436215	     18.34167829	      9.80605272	     33.17148608	     36.36371115	     84.40929348	     13.82018652	    -23.15817429	     25.68129956	     24.94853915	     51.43812715
6.33333330	     -1.51795667	      5.58851835	    -92.45172393	      0.99586970	      1.21581269	      0.10592717	     26.82622625	     -0.69184569	     -4.68512058	     11.50342335	     10.05772659	     -3.62201274	      0.00000000	      6.19719429	     -3.33005402	     -8.75752026	      5.94749865	     12.07720965	     14.32177680	      0.00000000	     -4.77114396	     -9.32276240	     -0.73867132	     18.26001284	      9.88481067	     33.21100567	     36.44433447	     84.51246882	     13.99247119	    -23.19699670	     25.80658158	     24.95298035	     51.25609842
6.35000000	     -1.54382265	      5.40098159	    -92.00525519	      0.99612715	      1.21487517	      0.10477930	     26.88797817	     -0.34303754	     -3.04383891	      9.92718922	     10.44104129	     -2.97867871	      0.00000000	      5.89627007	     -3.33422989	     -8.28288686	      6.33389384	     12.71910993	     14.39025452	      0.00000000	     -5.14441729	     -9.36121561	     -1.10974140	     18.32657300	      9.89692620	     33.27405051	     36.59346409	     84.66378254	     14.26370696	    -23.13328551	     26.03506767	     24.98355643	     51.04476402
6.36666670	     -1.56448073	      4.99033207	    -91.58870670	      0.99668666	      1.21412670	      0.10330605	     26.88465264	     -0.01942335	     -1.31233735	      8.87380232	     10.96817014	     -2.33632005	      0.00000000	      5.30358896	     -3.29656114	     -7.73112752	      6.60637286	     13.10449999	     14.50668042	      0.00000000	     -5.76072332	     -9.37487916	     -0.59982671	     18.28162673	      9.83678263	     31.15625560	     36.88605946	     93.33184113	     16.81750394	    -23.56701522	     38.71723651	     23.76298127	     35.86308886
6.38333330	     -1.65967618	      5.00677198	    -91.12742518	      0.99749067	      1.21328526	      0.10213942	     27.39237692	      0.25360936	      0.38519573	      8.13093428	     11.39597823	     -1.99916731	      0.00000000	      5.24767029	     -3.33825713	     -7.26220126	      7.01737516	     13.66517235	     14.58811792	      0.00000000	     -5.93035497	     -9.25111292	     -0.84696886	     18.42800255	      9.88303830	     31.24617469	     37.00724413	     93.35353249	     17.10253306	    -23.27098015	     38.61007461	     23.77364545	     35.66547920
6.40000000	     -1.67162175	      4.96610272	    -90.75930770	      0.99795353	      1.21355563	      0.10084848	     27.92293460	      0.36290155	      2.33977513	      7.67134328	     11.28518562	     -2.59189606	      0.00000000	      5.07311736	     -3.27501256	     -6.81732756	      7.28652247	     13.95986188	     14.59574153	      0.00000000	     -6.16238001	     -9.20111522	     -0.97170947	     18.78297580	      9.85977314	     31.83721740	     36.95875052	     93.64770663	     17.48370682	    -22.68504193	     38.36992737	     23.09455991	     34.59155096
6.41666670	     -1.69458894	      4.92933944	    -90.36639729	      0.99856621	      1.21371224	      0.10004139	     28.43598103	      0.30358825	      3.48590877	      7.38784183	     11.27735169	     -2.09824374	      0.00000000	      4.84211378	     -3.19638242	     -6.45347013	      7.46611885	     14.20052115	     14.68623936	      0.00000000	     -6.36996447	     -9.03789313	     -1.18535387	     18.88348561	      9.88363767	     31.87197100	     37.01267834	     93.67842385	     17.52041572	    -22.32396753	     38.41285791	     23.12341504	     34.50591058
6.43333330	     -1.65106454	      4.87605484	    -90.04228444	      0.99845471	      1.21303802	      0.09940500	     29.00981590	      0.22058738	      4.74713964	      7.45568377	     11.45830325	     -1.78643590	      0.00000000	      4.56266964	     -3.07781644	     -6.23020465	      7.62517164	     14.82824095	     14.86083092	      0.00000000	     -6.38069360	     -8.99494604	     -1.66930907	     19.29635372	      9.63178697	     33.49609407	     36.65869623	     97.95651057	     17.77893579	    -21.95258627	     41.05952659	     21.94664943	     21.99507151
6.45000000	     -1.78895003	      4.79351153	    -89.69013418	      0.99760222	      1.21093046	      0.09901116	     29.39915946	      0.34984368	      5.90495333	      7.47958845	     11.47090199	     -1.39298878	      0.00000000	      4.34362160	     -3.18911937	     -5.99830693	      7.94117862	     15.08994528	     14.72058049	      0.00000000	     -6.69302776	     -8.62440984	     -1.75321095	     19.36368815	      9.59603664	     33.42568958	     36.74131590	     97.95203422	     17.80768056	    -21.67715734	     41.13625059	     22.03310278	     21.94060837
6.46666670	     -1.94473072	      4.63693968	    -89.42332733	      0.99546357	      1.20884712	      0.09902141	     29.70219675	      0.61920153	      7.18494296	      7.83296107	     11.83838635	     -1.12741256	      0.00000000	      4.02397862	     -3.39691737	     -5.82778710	      8.28818246	     15.71322752	     14.37925905	      0.00000000	     -6.92915150	     -8.36733823	     -1.79027713	     19.42067925	      9.53714762	     33.40470761	     36.86296324	     97.98777621	     17.79411619	    -21.50515962	     41.24035476	     21.95068643	     21.80480859
6.48333330	     -2.08770517	      4.51782476	    -89.17190045	      0.99317296	      1.20704135	      0.09951295	     30.00105300	      0.89100049	      8.29397230	      8.43085356	     12.25738598	     -0.87925196	      0.00000000	      3.72210206	     -3.63251726	     -5.75806922	      8.62853882	     16.21226226	     14.10075130	      0.00000000	     -7.08233748	     -8.05076801	     -1.78253044	     19.36992263	      9.47884728	     33.52250802	     36.99807835	     98.08606730	     17.73000440	    -21.36381608	     41.37008815	     21.69623237	     21.58769035
6.50000000	     -2.21532595	      4.44109564	    -88.98289258	      0.99083986	      1.20553536	      0.10010730	     30.25423216	      1.14895569	      9.10417478	      9.07774947	     12.54783680	     -0.61966218	      0.00000000	      3.41683623	     -3.89167266	     -5.73292325	      8.92388558	     16.57831733	     13.92986273	      0.00000000	     -7.12530983	     -7.77852913	     -1.71263834	     19.35080560	      9.49430549	     33.72083883	     37.12404774	     98.20742297	     17.59651755	    -21.22519804	     41.48511575	     21.39181917	     21.37266490
6.51666670	     -2.24569769	      4.43621663	    -88.83600961	      0.98808362	      1.20349189	      0.10116161	     30.52341205	      1.27887332	      9.42813179	      9.77224427	     12.84340407	     -0.23789697	      0.00000000	      3.15146517	     -4.09888200	     -5.83813820	      9.20730710	     16.82941452	     13.96240641	      0.00000000	     -6.91273676	     -7.68525726	     -1.47487716	     19.52830477	      9.22503138	     35.57249569	     37.00039332	     99.55427981	     17.94603999	    -20.56538661	     42.37661872	     19.15970203	     19.08065233
6.53333330	     -2.31925492	      4.36209957	    -88.71645668	      0.98464271	      1.20208543	      0.10303063	     30.52807093	      1.47717789	      9.68928619	     10.28952960	     12.95299008	     -0.22610747	      0.00000000	      2.73985005	     -4.40902336	     -5.88968850	      9.44012043	     17.06442268	     13.80499039	      0.00000000	     -6.87145560	     -7.52964799	     -1.30840506	     19.45990587	      9.51290893	     35.58807479	     36.90523640	     99.67769957	     17.70972427	    -20.58619621	     42.52185568	     19.11320715	     18.80229229
6.55000000	     -2.35982226	      4.16551631	    -88.56791420	      0.98138406	      1.20177257	      0.10537239	     30.21651197	      1.62892356	      9.64862430	     10.62852369	     12.87364379	     -0.21302138	      0.00000000	      2.12284722	     -4.73818289	     -5.95663896	      9.59840848	     17.17143640	     13.92834143	      0.00000000	     -6.88080450	     -7.31735950	     -1.41224999	     19.51698039	      9.90756307	     35.53923367	     36.36753461	    107.86884971	     17.94412718	    -21.09447969	     50.74509328	     19.02602999	      0.00000000
6.56666670	     -2.27379900	      4.14945720	    -88.44659927	      0.97876177	      1.20127516	      0.10707717	     30.05910838	      1.66688903	      9.56235889	     11.00157736	     12.86615867	     -0.26537752	      0.00000000	      1.75532395	     -4.94633738	     -6.04765255	      9.92170582	     17.14076529	     13.86529252	      0.00000000	     -6.69334968	     -7.37484502	     -1.16641038	     19.23220289	     10.02328875	     35.58338651	     36.33305404	    107.87877431	     17.62599179	    -21.08101187	     50.80021121	     18.93755065	      0.00000000
6.58333330	     -2.21229444	      4.15914849	    -88.52469005	      0.97673013	      1.19997455	      0.10847463	     29.89471018	      1.81097259	      9.45268576	     11.38924487	     13.01266083	     -0.37667999	      0.00000000	      1.24173004	     -5.15936610	     -6.55339447	     10.02947721	     17.24811427	     13.64190311	      0.00000000	     -6.47408692	     -7.20273375	     -0.96341475	     18.78802575	     10.03728373	     35.62793044	     36.31531417	    107.92251011	     17.01170329	    -20.98536131	     50.95440017	     18.64900475	      0.00000000
6.60000000	     -2.03387705	      4.15618022	    -88.54152014	      0.97516284	      1.19857565	      0.10938964	     29.61687544	      1.81990355	      9.45137935	     11.61407234	     13.05991103	     -0.38516742	      0.00000000	      0.82989498	     -5.22760982	     -6.82912444	     10.35495922	     17.24736396	     13.57280991	      0.00000000	     -6.30080992	     -7.17968043	     -0.83099436	     18.43489534	      9.94105233	     35.68744552	     36.33453065	    107.97169554	     16.45161393	    -20.86818625	     51.08298126	     18.40436493	      0.00000000
6.61666670	     -1.86998881	      3.99023209	    -88.66124136	      0.97353681	      1.19866183	      0.11083481	     29.01643613	      1.89762286	      9.58647292	     11.60185180	     13.03898929	     -0.27641029	      0.00000000	      0.16376546	     -5.32773073	     -7.56866369	     10.64504174	     17.47118981	     14.18819447	      0.00000000	     -6.21388567	     -6.98708112	     -0.52384674	     18.18394278	      9.40596900	     36.63684905	     37.05014009	    109.10318695	     16.49024638	    -20.02414191	     52.84527276	     16.05665527	      0.00000000
6.63333330	     -1.51454676	      4.03101860	    -88.63898497	      0.97139885	      1.19884606	      0.11274093	     28.62989949	      1.70223341	      9.44629909	     11.61280318	     12.98639789	     -0.33773063	      0.00000000	     -0.13490254	     -5.18246037	     -7.65332433	     11.08259375	     17.33348984	     14.16341769	      0.00000000	     -6.03588745	     -7.03605350	     -0.33573883	     17.94502051	      9.33506573	     36.65899545	     37.01935145	    109.12915774	     16.02080562	    -19.93530081	     52.93068416	     16.00563946	      0.00000000
6.65000000	     -1.22176045	      3.75753439	    -88.61247956	      0.96925851	      1.19852378	      0.11576516	     27.54003354	      1.56545389	      9.57545117	     11.04588820	     12.26373343	     -0.94148089	      0.00000000	     -1.00372769	     -5.08588514	     -8.05811595	     11.11306725	     16.90035812	     14.27825647	      0.00000000	     -6.22288387	     -6.98659629	     -0.42748201	     17.82598280	      9.23692078	     37.03871611	     37.21553345	    109.71033422	     15.40999921	    -19.68437842	     54.02557752	     15.34283443	      0.00000000
6.66666670	     -0.85371618	      3.88796457	    -88.63095703	      0.96667983	      1.19652648	      0.11827878	     26.94155239	      1.37041582	      9.54758320	     10.60155905	     11.66315265	     -0.94629719	      0.00000000	     -1.32300577	     -4.89390188	     -8.15147511	     11.38060112	     16.73287095	     14.30483254	      0.00000000	     -5.82342245	     -7.04333764	     -0.14978961	     17.57029649	      9.07976286	     37.18723787	     37.29668376	    109.86913213	     14.80264990	    -19.49499678	     54.36217244	     15.22677283	      0.00000000
6.68333330	     -0.46556466	      3.89381880	    -88.79254086	      0.96304932	      1.19381403	      0.12013081	     26.25992029	      1.31234902	     10.09030441	     10.23127859	     10.44637358	     -2.40993653	      0.00000000	     -1.76202207	     -4.71889439	     -8.53817946	     11.72475201	     16.48847548	     14.43140319	      0.00000000	     -5.57337968	     -7.11581946	      0.40878510	     17.50630097	      8.33701473	     38.36303201	     38.02983771	    111.92499172	     14.76549621	    -19.32438954	     58.44405930	     14.48329381	      0.00000000
6.70000000	     -0.03955932	      3.93737812	    -88.83973751	      0.95846303	      1.19069482	      0.12220259	     25.78056912	      1.15423754	      9.92805190	     10.22386030	     10.17185308	     -2.43718926	      0.00000000	     -1.99120155	     -4.55714223	     -8.46121133	     12.38011845	     16.33608738	     14.48843810	      0.00000000	     -5.35011080	     -7.19680599	      0.52153373	     17.27270922	      8.17027826	     38.34008205	     38.06021840	    111.94265841	     14.16975324	    -19.29900961	     58.54325257	     14.42228656	      0.00000000
6.71666670	      0.35492681	      4.23653301	    -88.83150161	      0.95329096	      1.18793136	      0.12536916	     25.48187940	      1.06047860	     10.48614356	      9.97358639	      8.06222376	     -4.48346524	      0.00000000	     -1.89765292	     -4.53956117	     -8.57304946	     13.14444520	     16.15985915	     14.61848737	      0.00000000	     -4.84230442	     -7.18224775	      0.22277726	     16.67783057	      7.59068456	     38.66234365	     39.59833088	    112.53959435	     13.22864818	    -19.72185380	     60.11214697	     14.46160343	      0.00000000
6.73333330	      0.69799438	      4.42705005	    -88.79977409	      0.94858196	      1.18680843	      0.12899179	     25.32353848	      1.00238649	     10.64042232	     10.26038869	      6.62402335	     -6.00113580	      0.00000000	     -1.86578995	     -4.65805826	     -8.65398426	     14.08395525	     16.04132564	     14.74377595	      0.00000000	     -4.38434306	     -7.22148613	      0.12054151	     16.11811817	      7.06509028	     38.88354763	     40.37174247	    112.92694016	     12.51658161	    -20.11094573	     61.11974317	     14.33627981	      0.00000000
6.75000000	      1.06056484	      4.63543861	    -88.73985149	      0.94578194	      1.18767349	      0.13249496	     25.30006882	      0.85301498	     10.90071979	     10.75318143	      4.93966451	     -7.74206534	      0.00000000	     -1.78289166	     -4.74810317	     -8.73782018	     15.05992780	     15.77398545	     14.74755637	      0.00000000	     -3.93628986	     -7.33080895	      0.18316277	     15.58821908	      6.42234603	     38.99211556	     40.76808472	    113.22230170	     11.98053897	    -20.29017441	     61.87368156	     14.23301614	      0.00000000
6.76666670	      1.42360684	      4.86454709	    -88.64515929	      0.94437589	      1.18949312	      0.13558640	     25.42133268	      0.60739297	     11.03312449	     11.44624753	      3.31008817	     -9.49055192	      0.00000000	     -1.60557812	     -4.80176350	     -8.77237725	     16.12376557	     15.37446161	     14.60376915	      0.00000000	     -3.54660340	     -7.44181710	      0.17340184	     15.11351419	      5.73630590	     38.84524165	     40.85222871	    113.39906989	     11.50794626	    -20.29254620	     62.32672018	     14.01699020	      0.00000000
6.78333330	      1.76690319	      4.83626912	    -88.64587375	      0.94223073	      1.19186603	      0.13825188	     25.42108629	      0.31312930	     10.58772822	     12.39601097	      2.56492125	    -10.03662552	      0.00000000	     -1.64808144	     -4.87633484	     -9.04001348	     17.26273394	     14.80380592	     14.51734903	      0.00000000	     -3.56799265	     -7.43261367	      0.14493654	     14.88368130	      4.95211594	     38.67681541	     40.66106388	    113.41199292	     11.08684757	    -20.22175762	     62.38650303	     13.92549249	      0.00000000
6.80000000	      2.05106662	      5.36121652	    -88.49195916	      0.93735021	      1.19339054	      0.14173343	     25.78237099	      0.18205809	     10.89590993	     12.98240642	      0.66518751	    -12.77389644	      0.00000000	     -0.81897511	     -5.04518196	     -8.86852443	     18.83984263	     14.13922407	     14.31205028	      0.00000000	     -2.77324693	     -7.54534211	      0.04422647	     14.21847424	      4.12499945	     38.01273851	     40.57003795	    113.37947646	     10.46920332	    -20.05153439	     62.28616235	     13.48498842	      0.00000000
6.81666670	      2.24059681	      5.24290189	    -88.52922916	      0.92979757	      1.19537400	      0.14572754	     25.47891683	      0.23278289	     10.41351490	     13.74348421	      0.37621333	    -13.32732323	      0.00000000	     -0.66686413	     -5.44115118	     -9.09184710	     20.47566285	     12.93507095	     14.47943367	      0.00000000	     -2.83156120	     -7.45269000	      0.10848030	     13.98918668	      3.36879877	     37.76392887	     40.33674586	    113.35094350	     10.04173914	    -20.13287048	     62.22800046	     13.37378027	      0.00000000
6.83333330	      2.27865788	      5.28615373	    -88.51990807	      0.92125339	      1.19745661	      0.15032827	     25.01035136	      0.59449171	     10.48462096	     14.02742755	     -1.21275201	    -15.79043850	      0.00000000	     -0.14616266	     -6.13338640	     -9.10815388	     22.47164744	     11.53272710	     14.91726435	      0.00000000	     -2.64402921	     -7.34533941	      0.64312324	     13.11690840	      2.82147934	     35.64239838	     40.52439062	    112.63889892	      9.63765043	    -20.16881576	     59.59069596	     13.53067009	      0.00000000
6.85000000	      2.17186238	      5.13590072	    -88.37628166	      0.91437924	      1.20007242	      0.15512617	     24.21532719	      1.01810860	      9.67898200	     14.33294424	     -1.26796525	    -16.48427833	      0.00000000	      0.33882024	     -7.03042638	     -8.85378623	     24.70865832	      9.77355102	     15.21092337	      0.00000000	     -2.61107067	     -6.99439323	      0.45239692	     12.85152763	      2.37692476	     35.45354337	     40.57799074	    112.52714403	      8.91920748	    -20.41856150	     59.20111624	     13.46464082	      0.00000000
6.86666670	      2.10758893	      4.84925994	    -88.26993341	      0.90812767	      1.20444318	      0.15965674	     23.01097390	      1.55343106	      9.79930413	     14.20658073	     -2.40929669	    -19.14736222	      0.00000000	      0.85202374	     -7.95035759	     -8.67559358	     27.17082103	      7.49938389	     15.04328411	      0.00000000	     -2.76151308	     -6.84794490	      0.49107448	     12.46666844	      2.51413068	     34.05528434	     40.26527368	    110.69587951	      8.00253954	    -20.77984860	     52.81329093	     14.60425064	      0.00000000
6.88333330	      1.87423054	      4.39344084	    -87.84650488	      0.90322063	      1.20889095	      0.16367733	     21.61566328	      1.96414267	      8.52905878	     14.01788121	     -1.93998726	    -18.46364562	      0.00000000	      1.78995039	     -9.03282833	     -8.03648967	     30.48793184	      5.52390930	     14.55887282	      0.00000000	     -3.36579986	     -6.35117935	     -0.01521729	     12.91417380	      2.47375889	     33.87950284	     39.75474046	    110.05866418	      7.49171225	    -20.77032930	     50.41315312	     14.47988404	      0.00000000
6.90000000	      1.67357070	      4.11011444	    -87.58363696	      0.89739597	      1.21142665	      0.16844671	     20.23193449	      2.49069578	      7.91462303	     13.47864948	     -1.77301868	    -19.20058285	      0.00000000	      3.00738215	    -10.19782875	     -7.91108504	     33.96061160	      2.95536144	     14.23701127	      0.00000000	     -3.74398676	     -6.02264600	     -0.80022777	     13.50239072	      2.81760123	     34.60448047	     38.71852720	    102.01560732	      4.42482627	    -19.78932927	     23.09054265	     18.43201512	      0.00000000
6.91666670	      1.41931764	      3.66818841	    -87.25010903	      0.89133292	      1.21239841	      0.17201860	     18.59660403	      3.06631574	      7.15860536	     12.63749697	     -1.51999969	    -19.22381641	      0.00000000	      4.47315900	    -11.38643703	     -7.35127828	     37.93157902	      0.45469632	     13.72211598	      0.00000000	     -4.12622622	     -5.64517989	     -0.83412136	     13.95320592	      2.91630957	     34.48011178	     37.67085716	    101.89399425	      4.44614240	    -19.86037099	     22.97750018	     18.36882592	      0.00000000
6.93333330	      1.32812960	      3.24715642	    -87.08613106	      0.88515153	      1.21474180	      0.17314781	     17.08442329	      3.51167206	      6.35504155	     11.76761029	     -0.74790571	    -18.49324594	      0.00000000	      6.16226887	    -12.28847285	     -6.63266950	     41.96060062	     -2.28823290	     13.23743855	      0.00000000	     -4.59737376	     -5.37720726	     -1.17211361	     14.65362422	      3.39899384	     33.92703202	     35.88729295	    101.34946922	      4.20568009	    -20.00152863	     22.63581727	     18.47731401	      0.00000000
6.95000000	      1.28570697	      2.83423565	    -87.01532246	      0.88016156	      1.21838801	      0.17266805	     15.58355907	      3.89114739	      5.51959293	     10.68563656	     -0.17492343	    -17.39210553	      0.00000000	      7.98316843	    -13.02704622	     -5.90568583	     45.89282157	     -4.71173382	     12.93506248	      0.00000000	     -5.15212383	     -5.20722927	     -1.20390555	     15.18610681	      3.46907732	     33.53264136	     34.90555546	    100.69744761	      4.27187725	    -20.14582081	     22.28515092	     19.01181093	      0.13640712
6.96666670	      1.40148173	      2.42237176	    -87.09937649	      0.87608776	      1.22221943	      0.17238736	     14.19777638	      4.06108974	      4.57577324	      9.66852138	      0.56365764	    -15.88419283	      0.00000000	      9.64704826	    -13.40611127	     -5.34640732	     49.29276645	     -6.84931535	     12.29813476	      0.00000000	     -5.86963723	     -5.20160611	     -1.19331425	     15.92536517	      3.55680276	     33.14870698	     34.23174665	     99.75807280	      4.28915106	    -20.36961454	     21.90595076	     19.74988457	      0.53241469
6.98333330	      1.54358074	      1.99056181	    -87.26169799	      0.87169781	      1.22366758	      0.17420816	     12.90244611	      4.21011878	      3.83667997	      8.89124235	      1.22889876	    -14.39734380	      0.00000000	     11.04050037	    -13.57724496	     -5.00258311	     52.17305347	     -8.19126478	     11.12501882	      0.00000000	     -6.64156943	     -5.23127085	     -1.11525555	     16.68217267	      3.54139129	     33.03640886	     34.06289414	     98.37561327	      4.28241314	    -20.68850561	     21.47618672	     20.74684137	      1.38448618
7.00000000	      1.73750865	      1.59292973	    -87.46827287	      0.86655170	      1.22239097	      0.17734687	     11.73293291	      4.34218122	      3.61968176	      8.35541466	      1.42024840	    -13.75199555	      0.00000000	     12.27623582	    -13.44756757	     -4.63976377	     54.61554455	     -8.70945039	      9.17938567	      0.00000000	     -7.34036918	     -5.34296862	     -0.86162882	     17.52161022	      3.40843022	     33.01796999	     34.20487794	     97.75200135	      4.52083872	    -20.88605934	     21.34745067	     21.43007871	      1.87862531
7.01666670	      1.94526767	      1.04129332	    -87.85753006	      0.86109665	      1.22145605	      0.18020414	     10.52341074	      4.48159574	      3.35654215	      8.08844951	      2.17918559	    -12.63639662	      0.00000000	     13.15395749	    -13.19997268	     -4.41725035	     56.64242043	     -8.15248334	      7.02178918	      0.00000000	     -8.22702022	     -5.44740459	     -0.63583349	     18.49653133	      3.17733623	     33.00951711	     34.93752822	     96.51250324	      4.33878134	    -21.34468079	     21.27283583	     22.92103753	      3.01800519
7.03333330	      2.12966206	      0.72144124	    -88.31593650	      0.85640734	      1.22245274	      0.18150864	      9.68234575	      4.67473388	      3.28389204	      7.88007792	      2.48397846	    -12.54661342	      0.00000000	     14.28492734	    -12.85167597	     -4.08817851	     58.25058982	     -6.92272466	      5.23347897	      0.00000000	     -8.70509485	     -5.63308122	     -0.63424184	     19.66282400	      2.85825058	     35.28500228	     35.34291047	     82.30065064	      3.26057811	    -21.53438401	     16.72405636	     24.77297430	     17.95945116
7.05000000	      2.30813006	     -0.03970625	    -88.84291724	      0.85252305	      1.22576561	      0.18143745	      8.37021064	      4.82597219	      2.60142028	      7.45829152	      2.52444964	    -11.87364560	      0.00000000	     14.75659378	    -12.35376537	     -3.78404744	     59.06147572	     -5.07331096	      4.28613190	      0.00000000	     -9.71060342	     -5.78245132	     -0.12651638	     20.58131545	      2.08592158	     35.52241984	     36.63032490	     82.34861026	      3.50426424	    -21.73722351	     16.63104678	     25.77612854	     18.38237698
7.06666670	      2.56232643	     -0.62181219	    -89.51169743	      0.84802515	      1.23007391	      0.18109776	      7.49802412	      4.88585497	      1.67606460	      7.38827180	      2.22493387	    -11.36504808	      0.00000000	     15.15004219	    -11.79262835	     -3.84993654	     58.93583503	     -3.18944322	      3.46825296	      0.00000000	    -10.50017810	     -6.13823115	      0.38536445	     21.26959726	      1.26001052	     35.60903704	     38.58814926	     82.19434593	      3.32543577	    -22.17102166	     16.74653001	     27.78228123	     19.31187016
7.08333330	      2.73507934	     -1.22254345	    -90.10128080	      0.84393820	      1.23354189	      0.18169456	      6.66129256	      4.94871601	      0.87396417	      7.54503504	      1.49848075	    -11.22724799	      0.00000000	     15.40180033	    -11.43048271	     -4.13558778	     58.09579863	     -1.29307383	      2.58932099	      0.00000000	    -11.25572755	     -6.41253663	      0.91764707	     21.81178406	      0.41409255	     35.55289175	     40.53466125	     81.84219869	      3.18868921	    -22.58420569	     16.90946560	     29.87054835	     20.66287008
7.10000000	      2.87757286	     -1.83075673	    -90.56409429	      0.84109006	      1.23518091	      0.18337490	      5.72368065	      4.87847313	      0.53065708	      7.86445285	      0.65362415	    -11.13086255	      0.00000000	     15.54630413	    -11.17350564	     -4.58563365	     56.78191594	      0.52255645	      1.53876998	      0.00000000	    -11.85640706	     -6.61012599	      1.46735936	     22.18218719	     -0.63941359	     35.48467168	     42.59699279	     81.36367665	      3.14696681	    -22.95569257	     17.15796867	     32.00566652	     22.35511367
7.11666670	      3.04610196	     -2.24513885	    -90.90759857	      0.83828970	      1.23478957	      0.18503311	      4.83861250	      4.77368470	      0.81784970	      8.08111656	      0.02028986	    -10.84890520	      0.00000000	     15.79403361	    -10.90951258	     -5.13270366	     55.15491919	      2.28212784	      0.85392716	      0.00000000	    -12.20004661	     -6.89084824	      2.31506024	     21.99387874	     -1.68095354	     34.43173248	     45.31292242	     74.81915237	      3.38203732	    -22.99720396	     15.19351009	     32.87645102	     43.67760521
7.13333330	      3.17991229	     -2.44951432	    -91.09040151	      0.83581739	      1.23364375	      0.18576690	      4.11192665	      4.81614910	      1.54512958	      8.10200436	     -0.15589514	    -10.18009480	      0.00000000	     16.21246692	    -10.64028011	     -5.72497253	     53.28161868	      3.62567566	      0.38647170	      0.00000000	    -12.22267652	     -6.98557826	      2.49913816	     22.43091715	     -2.89466169	     35.46773801	     47.38466111	     74.93720325	      2.90952178	    -23.50514891	     15.32803808	     35.57318382	     44.48284236
7.15000000	      3.32316871	     -2.59392412	    -91.22308992	      0.83470846	      1.23379845	      0.18544622	      3.39086442	      4.96881802	      2.84305483	      7.82813254	      0.17286262	     -8.99408708	      0.00000000	     16.55938197	    -10.35463707	     -6.54069209	     50.95946647	      4.70241064	      0.19736874	      0.00000000	    -12.21086998	     -7.06399024	      2.77694361	     22.78276997	     -3.94524358	     35.63533934	     49.17490667	     74.77048086	      2.68487515	    -23.96769587	     15.54382438	     38.08739623	     45.62328698
7.16666670	      3.25832975	     -2.72814837	    -91.44250861	      0.83543662	      1.23474418	      0.18451990	      2.74701692	      5.19963017	      4.02381797	      7.73438138	      0.89269116	     -8.30278054	      0.00000000	     16.85877970	    -10.32209593	     -7.68097689	     48.30912904	      5.26884504	     -0.42546348	      0.00000000	    -12.37735742	     -6.80638752	      2.90011461	     23.06507604	     -5.09852053	     35.35104321	     51.54987311	     74.18137036	      2.27818766	    -24.20061965	     15.54105513	     40.51170042	     48.11597379
7.18333330	      3.12721920	     -2.88458006	    -91.85209658	      0.83638248	      1.23443415	      0.18404354	      2.00405063	      5.08579890	      4.32954029	      7.88796774	      0.76858584	     -9.61246760	      0.00000000	     16.91109570	    -10.40690304	     -9.21836030	     45.21031959	      5.28062778	     -1.64886651	      0.00000000	    -12.47950906	     -6.56295213	      3.35681513	     23.43309765	     -6.37711149	     35.49791395	     53.57093942	     73.76116773	      2.23921699	    -24.12040271	     15.22010673	     42.47080887	     50.07959663
7.20000000	      2.92503043	     -2.93047559	    -92.51346894	      0.83592675	      1.23129546	      0.18436205	      1.39603909	      4.61742432	      3.25711372	      8.39974600	     -1.06478144	    -13.56881179	      0.00000000	     16.88896504	    -10.60949227	    -11.08586511	     41.91616601	      5.28078234	     -2.75102669	      0.00000000	    -12.41477726	     -6.21243533	      3.66451668	     23.94804030	     -7.28504463	     35.75873996	     55.90917048	     73.07195360	      1.60798629	    -23.95846359	     14.22908307	     44.37574541	     53.15206193
7.21666670	      2.72479078	     -2.99733732	    -93.34293764	      0.83374521	      1.22780942	      0.18443922	      0.95775588	      3.99037939	      1.35752708	      9.08920977	     -3.86020477	    -18.88395997	      0.00000000	     16.79518674	    -10.79409997	    -12.90924564	     38.64944657	      5.22826539	     -4.40098567	      0.00000000	    -12.29085533	     -5.97981626	      4.06365460	     24.97549452	     -7.58503751	     36.68014160	     57.86872166	     72.48146979	      1.05141805	    -23.83329806	     13.00655651	     46.08143103	     56.17996358
7.23333330	      2.53724925	     -3.03437998	    -94.18974864	      0.83093274	      1.22650781	      0.18392951	      0.79768981	      3.54173974	     -0.19161214	      9.66306045	     -6.07059676	    -23.60943538	      0.00000000	     16.73216501	    -10.98357700	    -14.39719949	     35.38198179	      5.04446686	     -5.62991116	      0.00000000	    -12.07123287	     -5.85758031	      4.14555963	     26.51874257	     -7.13571938	     38.17315674	     58.92588723	     71.45019198	      0.07710022	    -23.60208480	     10.84860986	     47.56508027	     61.07910493
7.25000000	      2.23013534	     -3.16972151	    -94.61770400	      0.82934302	      1.22731374	      0.18291862	      0.84216999	      3.45427760	     -2.01279606	     10.18286188	     -5.05483515	    -23.67271363	      0.00000000	     16.76313180	    -11.19357285	    -14.74662369	     32.24156901	      4.71676198	     -6.45281924	      0.00000000	    -12.10390638	     -5.63157710	      3.88654889	     27.53603943	     -6.66350316	     39.33122404	     60.89584431	     69.99063891	     -0.87430430	    -23.21080668	      8.10688196	     49.13353084	     66.81500970
7.26666670	      1.88838538	     -3.27838212	    -94.93558804	      0.82809399	      1.22835331	      0.18242147	      1.16282087	      3.76972243	     -2.22659156	     10.76566065	     -2.91791648	    -22.11015712	      0.00000000	     16.84992056	    -11.52284557	    -14.63587885	     29.26594966	      4.19630579	     -6.54428493	      0.00000000	    -11.89029005	     -5.24331309	      3.73309080	     27.98461281	     -6.71699856	     39.70993616	     63.57270971	     69.86714898	     -1.23610675	    -22.93424187	      7.75855437	     49.37527106	     67.45810217
7.28333330	      1.61911948	     -3.18709893	    -94.97955449	      0.82682151	      1.22782557	      0.18294129	      1.54503923	      4.29209371	     -1.96155738	     11.14978633	      0.70085421	    -17.75460759	      0.00000000	     17.18201267	    -11.90583353	    -14.38729561	     26.65694631	      4.04668240	     -5.28788605	      0.00000000	    -11.41620258	     -4.97750807	      3.28511713	     27.82819779	     -7.11539900	     39.55478413	     67.45693335	     69.68036761	     -1.92437544	    -22.72427058	      6.93001339	     49.97044608	     68.01508573
7.30000000	      1.31588621	     -3.14816142	    -94.91413112	      0.82562049	      1.22589407	      0.18347159	      1.29397470	      5.11677599	     -0.97313640	     10.87932667	      4.02834433	    -13.19138390	      0.00000000	     17.40286054	    -12.31200716	    -13.91641437	     24.31991326	      3.63914200	     -3.96794793	      0.00000000	    -10.96626840	     -4.65407913	      2.82182348	     27.52664841	     -7.50919824	     38.89845528	     71.53637762	     69.42464015	     -2.61326292	    -22.48182915	      6.06651516	     50.36505157	     68.66139058
7.31666670	      1.13250201	     -3.00010846	    -94.72280678	      0.82489903	      1.22265967	      0.18317183	      0.62147721	      5.98381985	      0.90367693	     10.02689218	      6.13069203	    -10.83390881	      0.00000000	     17.78155131	    -12.51557459	    -13.17266125	     22.32515785	      3.30493229	     -2.71055202	      0.00000000	    -10.37579705	     -4.48417154	      2.22071238	     27.53878898	     -7.82970816	     38.40105744	     75.62863850	     69.26796495	     -3.06488705	    -22.40627082	      5.48251225	     50.39972795	     69.14928130
7.33333330	      0.94389922	     -2.90499881	    -94.63441795	      0.82568376	      1.21980762	      0.18177110	     -0.37067889	      6.75027986	      3.29639612	      8.90986981	      7.24821240	    -10.12791954	      0.00000000	     18.05323097	    -12.61253373	    -12.44379245	     20.53397613	      3.11519005	     -1.93902530	      0.00000000	     -9.88564845	     -4.23845055	      1.79654590	     27.76116709	     -8.21664885	     37.73130894	     79.62281473	     69.09356870	     -3.32504372	    -22.20234697	      5.06409322	     50.34086408	     69.63554515
7.35000000	      0.81882686	     -2.77594968	    -94.60233940	      0.82857141	      1.21808957	      0.17957952	     -1.33749852	      7.19691025	      5.92962631	      7.72320954	      7.62917031	    -10.75430487	      0.00000000	     18.32850765	    -12.51263805	    -11.84292980	     18.85253458	      3.14063389	     -1.39695972	      0.00000000	     -9.42935641	     -3.96340360	      1.43440750	     28.39970507	     -8.68510256	     37.28942647	     83.53351557	     68.94644567	     -3.37978958	    -21.91247555	      4.85275064	     50.11559626	     70.08106981
7.36666670	      0.78520148	     -2.59845903	    -94.63491073	      0.83264006	      1.21621561	      0.17741661	     -2.17346672	      7.28913249	      8.76817044	      6.58228113	      7.51496537	    -12.44786142	      0.00000000	     18.65242174	    -12.24491360	    -11.39356504	     17.34657038	      3.24746084	     -0.88269112	      0.00000000	     -8.96238474	     -3.66706283	      1.25600234	     29.48319519	     -9.15925806	     37.03486561	     87.42310748	     68.80218814	     -3.25299556	    -21.46100386	      4.85409283	     49.77025460	     70.54741555
7.38333330	      0.80578280	     -2.35543336	    -94.69294957	      0.83629996	      1.21449444	      0.17515878	     -2.78467053	      7.17418508	     11.58823333	      5.61080898	      7.03648019	    -14.87752552	      0.00000000	     19.02360440	    -11.89027103	    -10.86671363	     15.91046860	      3.17976869	     -0.07982133	      0.00000000	     -8.48605467	     -3.36459101	      1.15278740	     31.02390352	     -9.47077727	     37.09814780	     91.09511011	     68.69955359	     -2.99862646	    -20.94526893	      5.01233999	     49.20760064	     70.96305419
7.40000000	      0.84728930	     -2.06034503	    -94.86938119	      0.83907432	      1.21343726	      0.17247696	     -3.13958094	      6.95106401	     14.16074234	      4.94005649	      6.29268704	    -17.54686782	      0.00000000	     19.37930891	    -11.55810984	    -10.26712761	     14.52931269	      2.95724239	      1.11330060	      0.00000000	     -8.06195299	     -3.12880532	      1.12572071	     32.93921970	     -9.60052115	     37.42134468	     94.46329930	     68.64483049	     -2.68454522	    -20.36492001	      5.19368904	     48.43495265	     71.27151694
7.41666670	      0.82342663	     -1.74290485	    -95.10068373	      0.84168076	      1.21205839	      0.16961978	     -3.35886563	      6.73265785	     16.55059803	      4.41047367	      5.38714458	    -20.56262333	      0.00000000	     19.71218300	    -11.36860217	     -9.74605664	     13.26357060	      2.54640557	      2.56293159	      0.00000000	     -7.62775341	     -2.82318092	      1.31960208	     34.93714717	     -9.71945772	     37.84716350	     97.44230028	     68.57666314	     -2.21641670	    -19.70801002	      5.41511215	     47.62750515	     71.53228887
7.43333330	      0.80521064	     -1.42488298	    -95.44190238	      0.84403207	      1.20981402	      0.16738145	     -3.34854806	      6.51862790	     18.69402916	      4.26380921	      4.21987482	    -23.88211603	      0.00000000	     19.99586007	    -11.28493779	     -9.30532694	     12.21915268	      2.09787240	      4.03352643	      0.00000000	     -7.26379638	     -2.61572489	      1.66291119	     37.05560251	     -9.68709794	     38.09206160	    100.28018879	     68.41553486	     -1.68528014	    -19.20439718	      5.81923502	     46.76892472	     71.75821660
7.45000000	      0.68558923	     -1.17126591	    -95.69017273	      0.84686046	      1.20754508	      0.16691397	     -3.42822273	      6.39460276	     20.16873295	      4.14885436	      3.54966257	    -26.06311242	      0.00000000	     20.14711467	    -11.29384137	     -8.63942354	     11.42985939	      1.82964991	      5.25613635	      0.00000000	     -6.95253120	     -2.28504515	      1.84488892	     39.27051585	     -9.98834797	     38.81515468	    103.41049469	     68.39811841	     -1.43306032	    -18.72145325	      6.05096497	     46.09352552	     71.72332756
7.46666670	      0.61683211	     -0.97264559	    -96.04810097	      0.84933172	      1.20568080	      0.16699254	     -3.47831698	      6.28649110	     21.83032250	      4.26377527	      2.47186661	    -28.82035621	      0.00000000	     20.14873830	    -11.32517054	     -8.02571850	     10.92626246	      1.70268118	      6.10383198	      0.00000000	     -6.61983490	     -2.13861974	      2.19553836	     41.17617266	    -10.19545766	     38.83407011	    106.52429893	     68.24295195	     -1.23396400	    -18.33594674	      6.43748960	     45.49899579	     71.39714524
7.48333330	      0.54263502	     -0.75909615	    -96.29467704	      0.85115846	      1.20425184	      0.16623949	     -3.54077464	      6.22630991	     22.79910687	      4.37096788	      2.18258437	    -30.07089400	      0.00000000	     20.14805149	    -11.36051448	     -7.25809516	     10.63999440	      1.81076645	      6.67867169	      0.00000000	     -6.25690586	     -2.01727720	      2.23661812	     43.32466654	    -10.24196600	     39.18656637	    109.52636240	     68.23417544	     -1.33432932	    -18.12001074	      6.65913386	     44.99768139	     71.07606885
7.50000000	      0.48718800	     -0.55281698	    -96.57722057	      0.85320443	      1.20364788	      0.16421552	     -3.53092241	      6.18503783	     23.86334591	      4.62012611	      1.63516509	    -31.68882569	      0.00000000	     20.14343589	    -11.43390067	     -6.77547148	     10.55978683	      1.91263841	      7.20373840	      0.00000000	     -5.94115932	     -2.03901144	      2.50768267	     45.59191063	    -10.01113559	     39.24850524	    112.30446379	     68.14164524	     -1.22424339	    -17.99737759	      6.91646566	     44.43593977	     70.47412577
7.51666670	      0.47185661	     -0.33666345	    -96.89935635	      0.85781621	      1.20433565	      0.16282041	     -3.41947395	      6.02816542	     24.82898252	      4.97492681	      0.30099932	    -33.76906411	      0.00000000	     20.13213652	    -11.43283507	     -6.73882849	     10.64966071	      1.88090898	      7.71235660	      0.00000000	     -5.53841742	     -2.08978504	      3.07312077	     47.83342622	     -9.58405193	     38.97954459	    114.51396499	     67.73301812	     -0.71311656	    -17.79183546	      7.45428829	     43.44963310	     68.84086243
7.53333330	      0.49085567	     -0.11028020	    -97.12688714	      0.86404358	      1.20564665	      0.16393493	     -3.30620070	      5.68579860	     25.07555985	      5.42058240	      0.22880494	    -33.97715724	      0.00000000	     20.01926330	    -11.22556654	     -6.62910427	     10.77796804	      1.82341482	      7.84201388	      0.00000000	     -5.11802334	     -2.24060870	      3.16885482	     49.74321525	     -8.42214623	     38.53953474	    116.05044528	     67.67699442	     -0.90223974	    -17.65173215	      7.60177316	     42.74819573	     68.53895848
7.55000000	      0.52082817	     -0.03791469	    -97.34241521	      0.86898111	      1.20582608	      0.16587651	     -3.52833827	      5.19221971	     25.40204106	      5.55709693	     -0.75933308	    -35.00000000	      0.00000000	     19.62607186	    -10.94073926	     -6.76279011	     10.98481157	      1.86895760	      7.82755179	      0.00000000	     -4.70354294	     -2.24018303	      3.83274573	     51.40400122	     -7.77343995	     38.81402288	    117.80003488	     67.16947206	     -0.30516861	    -16.86344123	      7.88756923	     40.62487268	     66.24283162
7.56666670	      0.56371234	      0.13593137	    -97.54686159	      0.87221668	      1.20373295	      0.16653465	     -3.50912910	      4.78817541	     25.66774901	      6.11498223	     -0.18685948	    -35.00000000	      0.00000000	     19.27371888	    -10.64071092	     -6.68828467	     11.09904420	      1.87512176	      7.45579545	      0.00000000	     -4.00716243	     -2.31885701	      4.62499980	     52.74545766	     -6.66686633	     38.49154871	    118.73283725	     64.72471187	      0.49197297	    -16.87094020	     11.98780597	     38.60000428	     55.67499045
7.58333330	      0.58688659	      0.33687414	    -97.63406743	      0.87580501	      1.20035988	      0.16512759	     -3.50547300	      4.45908691	     25.68066143	      6.50953978	     -0.05636236	    -35.00000000	      0.00000000	     19.25746274	    -10.42965394	     -6.77796452	     11.67084561	      2.18904402	      7.09399081	      0.00000000	     -3.70419239	     -2.48376204	      4.98797464	     54.49887783	     -5.13622668	     38.31563108	    119.78976131	     64.74087052	      0.49257677	    -16.65240577	     12.11669497	     38.27630673	     55.51307599
7.60000000	      0.57721538	      0.58608492	    -97.77998431	      0.87968811	      1.19752016	      0.16326158	     -3.37060359	      4.23566014	     25.76420427	      7.03112428	      0.43266867	    -35.00000000	      0.00000000	     19.25138904	    -10.27513192	     -6.89085409	     12.01853416	      2.40576731	      6.58883278	      0.00000000	     -3.40284121	     -2.57951357	      5.36672715	     56.39455654	     -3.51909959	     38.22260271	    120.47698237	     64.74222533	      0.62039179	    -16.40453382	     12.31234056	     37.71137788	     55.28769433
7.61666670	      0.53415054	      0.90914508	    -97.83076867	      0.88262198	      1.19581518	      0.16237411	     -3.16805261	      4.07847367	     25.64506708	      7.48331711	      0.94681302	    -35.00000000	      0.00000000	     19.31073700	    -10.10712271	     -6.71786906	     12.15584628	      2.33930721	      5.80576607	      0.00000000	     -2.94417540	     -2.47904752	      5.43129686	     58.37713426	     -1.62807102	     38.91952794	    120.08836451	     64.70438600	      0.96029904	    -16.17647018	     12.99697455	     36.09330162	     54.20320604
7.63333330	      0.48525283	      1.18583917	    -98.00608977	      0.88399149	      1.19562950	      0.16280047	     -2.96375665	      3.97607284	     25.61743536	      8.06797381	      1.21508498	    -35.00000000	      0.00000000	     19.26913124	    -10.04064236	     -6.96581483	     12.27738241	      2.20245150	      5.60456505	      0.00000000	     -2.65384688	     -2.59096200	      5.90054489	     59.65088600	     -0.19774189	     38.82125192	    120.65284063	     64.70909586	      1.04470478	    -16.11810671	     13.21853234	     35.61002893	     53.88615288
7.65000000	      0.45783992	      1.46797495	    -98.09149778	      0.88568832	      1.19648198	      0.16426010	     -2.80951907	      3.85063684	     25.44718532	      8.58608083	      1.46718823	    -35.00000000	      0.00000000	     19.18881124	     -9.92483903	     -7.09993747	     12.32710186	      1.92140993	      5.53836688	      0.00000000	     -2.25713463	     -2.70639764	      6.10555244	     60.44269479	      1.13420838	     39.20472392	    121.13501602	     64.74667356	      1.00562012	    -16.14445480	     13.47728828	     34.69945225	     53.44881794
7.66666670	      0.43148456	      1.76975976	    -98.09933735	      0.88833435	      1.19698019	      0.16604071	     -2.72508693	      3.69303054	     25.18776453	      8.92941936	      1.55475965	    -35.00000000	      0.00000000	     19.11784231	     -9.80226319	     -7.19301397	     12.39453443	      1.70318037	      5.54156780	      0.00000000	     -1.72993475	     -2.87091065	      6.17203662	     60.91406194	      2.16907577	     39.86810360	    121.59576468	     64.82105110	      0.90861370	    -16.21455845	     13.78519890	     33.55641053	     52.84715580
7.68333330	      0.46094927	      2.02035343	    -98.04802089	      0.89156353	      1.19769694	      0.16697575	     -2.69192946	      3.43977322	     24.86479477	      9.24522247	      1.51712027	    -35.00000000	      0.00000000	     19.02312021	     -9.58309728	     -7.28944635	     12.50007850	      1.63222775	      5.56456354	      0.00000000	     -1.23223855	     -3.10444037	      6.25145061	     61.09088165	      2.91000888	     40.40250303	    122.14268902	     64.90379497	      0.80626689	    -16.34410809	     14.05721658	     32.63455198	     52.30369017
7.70000000	      0.45979764	      2.20703244	    -98.00547831	      0.89554872	      1.19806910	      0.16698084	     -2.67414178	      3.20066900	     24.35798637	      9.58338679	      1.45298501	    -35.00000000	      0.00000000	     18.85126588	     -9.37708491	     -7.46034991	     12.57831301	      1.70726293	      5.50868257	      0.00000000	     -0.80701640	     -3.38708838	      6.34198726	     61.19661015	      3.38669455	     40.71605554	    122.55209409	     64.95624588	      0.70998924	    -16.47888319	     14.20063963	     32.10842430	     52.02458978
7.71666670	      0.53651863	      2.77238204	    -97.98151515	      0.90135227	      1.19799390	      0.16675963	     -2.10863036	      2.93887426	     24.00668315	     10.16640164	      1.44788022	    -35.00000000	      0.00000000	     19.10477183	     -9.06927827	     -7.52751969	     12.62922006	      1.66035481	      5.60140246	      0.00000000	      0.32738206	     -3.59863806	      6.97603823	     60.88307874	      3.04118798	     40.91097531	    122.99790913	     65.52172535	      1.65828189	    -16.38600529	     17.19468547	     29.06604824	     47.34256523
7.73333330	      0.45872007	      2.76636393	    -97.97679288	      0.90928539	      1.19863602	      0.16577801	     -2.07026907	      2.71450152	     23.65316553	     10.89210556	      1.22850151	    -35.00000000	      0.00000000	     18.88011289	     -8.77187322	     -7.61471134	     12.92015725	      1.73660608	      5.54618724	      0.00000000	      0.38531537	     -3.62326446	      6.95360595	     60.80646727	      3.21191271	     41.06214829	    123.24251078	     65.54113494	      1.38958004	    -16.26747987	     17.30758915	     28.99652226	     47.27763241
7.75000000	      0.52465357	      3.20743360	    -97.80944875	      0.91808674	      1.19911514	      0.16458137	     -1.33443317	      2.41454520	     23.06775885	     12.03068684	      1.22092744	    -35.00000000	      0.00000000	     19.12500107	     -8.22386486	     -7.66119944	     12.97138057	      1.94119130	      5.40828866	      0.00000000	      0.68590575	     -3.74125840	      6.53197387	     60.90576414	      3.56584198	     41.71305627	    124.10436766	     65.62921943	      1.13292686	    -16.17019134	     17.75409574	     28.57083930	     46.88791260
7.76666670	      0.45802580	      3.80995345	    -97.79704088	      0.92556935	      1.20024066	      0.16341373	     -0.24288693	      2.30698049	     22.59066218	     13.51335437	      1.28914973	    -35.00000000	      0.00000000	     19.44728247	     -7.83148097	     -7.66904686	     12.90603763	      2.09755967	      5.02678126	      0.00000000	      1.41398709	     -3.61268193	      6.61603828	     60.71133089	      3.37417536	     42.18140683	    124.50347423	     65.74245662	      1.07286435	    -15.80421975	     18.68569881	     27.79851167	     46.08446788
7.78333330	      0.42987991	      3.86834740	    -97.76013774	      0.93188699	      1.20190055	      0.16308020	      0.34084084	      2.05692131	     21.84424327	     15.08855619	      0.96278912	    -35.00000000	      0.00000000	     19.03540047	     -7.29001384	     -7.77544132	     12.56347896	      2.43628505	      4.90749605	      0.00000000	      1.30533240	     -3.61106465	      6.67796639	     60.55847490	      3.46782705	     42.22485810	    124.65351955	     65.76507150	      1.04452228	    -15.55671489	     18.92886210	     27.66531263	     45.95056989
7.80000000	      0.48647482	      4.45286558	    -97.69689667	      0.93740668	      1.20264682	      0.16399187	      1.76476921	      1.89107292	     21.02149056	     17.28301140	      0.84174009	    -35.00000000	      0.00000000	     19.14656347	     -6.74643850	     -7.81113785	     12.16747308	      2.53489913	      4.75536503	      0.00000000	      2.15897221	     -3.84769112	      7.57900183	     59.63325827	      2.64726295	     41.65088457	    125.47603021	     66.31752442	      2.20158177	    -15.56493177	     24.08812735	     25.77728820	     42.69658618
7.81666670	      0.45913279	      4.49403996	    -97.62885794	      0.94179293	      1.20413558	      0.16495057	      2.61782195	      1.71081513	     19.89706363	     19.49907313	      0.39869460	    -35.00000000	      0.00000000	     18.53343395	     -6.24490493	     -8.01115760	     11.64043147	      2.98956863	      4.70580712	      0.00000000	      2.00631071	     -3.93787107	      7.54304869	     59.44372525	      2.99358297	     41.92831580	    125.83731282	     66.35440625	      1.98496681	    -15.49741417	     24.21804639	     25.74513169	     42.55570778
7.83333330	      0.48795437	      4.77127748	    -97.48973906	      0.94494268	      1.20390183	      0.16570423	      3.98680845	      1.64579208	     18.74788585	     22.29164767	      0.15781559	    -35.00000000	      0.00000000	     18.21389236	     -5.78458527	     -8.16499701	     11.21516196	      3.36806565	      4.89604349	      0.00000000	      2.20005019	     -4.23610483	      7.37186829	     59.22456511	      3.24289162	     42.11463182	    126.34828095	     66.41406255	      1.57083581	    -15.81697731	     24.46194161	     25.66414937	     42.31258278
7.85000000	      0.43663050	      5.34886002	    -97.31771753	      0.94870961	      1.20335966	      0.16602112	      5.86825804	      1.78193273	     17.68208659	     25.47404183	     -0.21866346	    -35.00000000	      0.00000000	     18.29208506	     -5.50040387	     -8.31923957	     10.92991534	      3.81874984	      5.09581238	      0.00000000	      2.86181040	     -4.48985942	      7.18749096	     58.70016635	      3.41495956	     42.10183051	    126.72478614	     66.49539411	      1.12597776	    -16.10446668	     24.97981387	     25.81743649	     41.90698647
7.86666670	      0.38244933	      5.74198581	    -97.19226350	      0.95323662	      1.20425403	      0.16604321	      7.68175631	      1.84886431	     16.32037345	     28.79341080	     -1.10453594	    -35.00000000	      0.00000000	     18.13588588	     -5.19620441	     -8.14052084	     10.62403359	      4.10824610	      4.96952256	      0.00000000	      3.31089247	     -4.77361140	      7.28770747	     58.18625341	      3.69262949	     41.98258692	    126.88061049	     66.58901885	      0.90402443	    -16.48177732	     25.68553090	     25.97543850	     41.34803628
7.88333330	      0.33002988	      5.61136698	    -97.13092820	      0.95679283	      1.20717200	      0.16565063	      9.03080131	      1.71619027	     14.61490521	     32.07787770	     -2.61726013	    -35.00000000	      0.00000000	     17.29503398	     -4.82404702	     -7.91319658	     10.10438123	      4.39802455	      4.92699437	      0.00000000	      3.04146687	     -5.09501512	      7.41774398	     58.13872817	      3.93929824	     41.95123810	    126.93957865	     66.61024209	      0.91502499	    -16.75780744	     25.82854919	     25.90367645	     41.22142341
7.90000000	      0.33749835	      5.98363056	    -97.12102566	      0.95775023	      1.20849685	      0.16572839	     11.16639474	      1.43491432	     12.41239386	     35.63318546	     -4.39624815	    -35.00000000	      0.00000000	     16.99610703	     -4.51123234	     -7.36453999	      9.55310301	      4.33301944	      4.23965992	      0.00000000	      3.41073892	     -5.53502407	      7.43652351	     57.78569213	      4.48923749	     41.78327782	    127.00010138	     66.71720090	      0.67567215	    -17.28432524	     26.66266456	     25.97496673	     40.73910425
7.91666670	      0.30518714	      5.71813650	    -97.08250121	      0.95738942	      1.21018252	      0.16599061	     12.61181133	      0.95144122	      9.93648100	     39.09202500	     -6.42597407	    -35.00000000	      0.00000000	     15.98870523	     -4.26452388	     -7.12418885	      9.01745984	      4.66446842	      4.26660649	      0.00000000	      3.02814327	     -6.00865939	      7.72652600	     57.72892351	      4.82958711	     41.75802668	    126.93050313	     66.73997311	      0.84634261	    -17.74529861	     26.76212174	     25.94167966	     40.62800597
7.93333330	      0.28240249	      5.59184009	    -96.92022666	      0.95844285	      1.21006408	      0.16630415	     14.20605042	      0.40727451	      7.47446457	     42.51510202	     -8.24284445	    -35.00000000	      0.00000000	     15.18207365	     -4.05688388	     -6.87304309	      8.49089533	      4.91728846	      4.27218765	      0.00000000	      2.83433978	     -6.59383250	      7.59782310	     57.54220169	      5.18674911	     41.50016534	    126.93735772	     66.77638368	      0.87464118	    -18.42101638	     27.04575595	     25.95597006	     40.46473252
7.95000000	      0.25630613	      5.80319517	    -96.63778174	      0.96175574	      1.20810302	      0.16608029	     16.13966097	     -0.15735589	      5.10270418	     45.87864890	     -8.55273358	    -33.41189260	      0.00000000	     14.92019616	     -3.88622504	     -6.69976425	      8.24822525	      5.31462065	      4.29665625	      0.00000000	      3.12940454	     -7.03839467	      7.30626499	     56.99607467	      5.73542749	     40.83188992	    126.99788601	     66.87192093	      0.64293828	    -19.28641989	     28.20126325	     26.56595379	     39.87160909
7.96666670	      0.24209527	      5.73120737	    -96.25735745	      0.96571279	      1.20673442	      0.16459371	     17.69500692	     -0.79553283	      2.93802873	     49.00007773	     -6.93098488	    -30.03929189	      0.00000000	     14.43365027	     -3.65531206	     -6.76782388	      8.04812941	      5.95892094	      4.78137696	      0.00000000	      2.97427718	     -7.52765552	      7.01763573	     56.65931637	      5.79500936	     40.37451193	    127.35809575	     66.89993109	      0.81697260	    -19.89056669	     29.07721931	     26.76762728	     39.16658890
7.98333330	      0.23320081	      5.81653935	    -95.78671651	      0.96898652	      1.20538345	      0.16300606	     19.33172382	     -1.37413282	      1.21756126	     51.77728321	     -4.96181540	    -26.53746096	      0.00000000	     14.26004677	     -3.44233596	     -6.90414062	      8.04220832	      6.67158330	      5.27934464	      0.00000000	      2.98985390	     -7.96082785	      6.63268143	     56.20033485	      5.80672995	     39.89844236	    127.73004748	     66.84835993	      1.00356253	    -20.37762302	     29.84479465	     26.85181918	     38.54898422
8.00000000	      0.20364251	      6.00698195	    -95.24519360	      0.97133900	      1.20426279	      0.16207606	     21.00304940	     -1.92964736	      0.04149463	     54.06006063	     -3.02180530	    -22.88745102	      0.00000000	     14.28497858	     -3.27260242	     -7.05402705	      8.15905039	      7.38218930	      5.88405359	      0.00000000	      3.12438063	     -8.40194289	      6.21562183	     55.65690343	      5.80047227	     39.49493738	    128.14916244	     66.75239630	      1.30399590	    -20.94876556	     30.56516599	     26.88085254	     37.99520964
8.01666670	      0.16047205	      6.28562085	    -94.63523508	      0.97354870	      1.20423119	      0.16160968	     22.70641257	     -2.59753225	     -0.68356237	     55.76996320	     -1.50419786	    -19.54024814	      0.00000000	     14.41899422	     -3.10532070	     -7.15891185	      8.30424121	      8.02151434	      6.58453689	      0.00000000	      3.34655538	     -8.84187526	      5.77673940	     55.06463662	      5.82737369	     39.07384682	    128.69422126	     66.64283618	      1.62557067	    -21.50721543	     31.21199423	     26.82087213	     37.52725869
8.03333330	      0.08693864	      6.57369135	    -94.07272271	      0.97659634	      1.20539270	      0.16082043	     24.29543684	     -3.37071096	     -1.12601213	     56.71932232	     -0.39160802	    -16.60402663	      0.00000000	     14.51379848	     -2.95125825	     -7.28142443	      8.40553990	      8.42197468	      7.31860053	      0.00000000	      3.59495860	     -9.21854658	      5.49717147	     54.38818094	      5.79671056	     38.67629975	    129.25370762	     66.51015499	      2.02592831	    -21.94338124	     31.89060531	     26.71709066	     37.04879417
8.05000000	      0.00961393	      6.80178701	    -93.51055817	      0.98043455	      1.20768332	      0.15902623	     25.55442258	     -4.19223077	     -1.53301192	     56.76905805	      0.54285371	    -14.65198245	      0.00000000	     14.50821885	     -2.75882775	     -7.26288807	      8.42116255	      8.59293635	      8.08385508	      0.00000000	      3.71196673	     -9.57676906	      5.10724528	     53.69839008	      5.65996723	     38.31333161	    130.01372059	     66.39420531	      2.44041706	    -22.27209798	     32.46112764	     26.50063339	     36.65182579
8.06666670	     -0.03726316	      6.85675008	    -93.00632439	      0.98352841	      1.20974797	      0.15633374	     26.33107515	     -4.92581565	     -1.96374532	     55.90203663	      1.00899156	    -14.27549588	      0.00000000	     14.34256664	     -2.55089334	     -7.14497837	      8.42093761	      8.39798830	      8.58747328	      0.00000000	      3.55135102	     -9.83668509	      4.80305970	     53.11582886	      5.59067106	     38.31260951	    130.22957484	     66.35970269	      2.99938873	    -22.51403810	     32.55865096	     26.48171883	     36.53982839
8.08333330	     -0.06824423	      7.05234098	    -92.50838467	      0.98597735	      1.21087030	      0.15406265	     26.96427104	     -5.65822881	     -2.80168657	     54.38213124	      2.80541313	    -12.71265532	      0.00000000	     14.35859609	     -2.41862166	     -7.26114787	      8.45467704	      8.48742434	      9.80378117	      0.00000000	      3.53735702	    -10.23786904	      4.53712851	     52.39899016	      5.25823194	     37.77261530	    131.37568929	     66.24315826	      3.52562326	    -22.65024478	     33.17613479	     26.15387359	     36.20428920
8.10000000	     -0.04574891	      7.09049069	    -92.06123777	      0.98846660	      1.21127569	      0.15180372	     27.34869473	     -6.20076106	     -3.80250527	     52.54688977	      4.62188819	    -12.29451261	      0.00000000	     14.20431149	     -2.28065754	     -7.38534377	      8.38377961	      8.27620869	     10.82591429	      0.00000000	      3.34536079	    -10.60809529	      4.43959322	     51.87558366	      4.97537593	     37.51647917	    131.79370237	     66.11860594	      4.32413516	    -22.79070511	     33.79354938	     25.82443078	     35.87868165
8.11666670	      0.00883104	      7.17510444	    -91.81405160	      0.99074053	      1.21147001	      0.14885697	     27.94059653	     -6.45694281	     -4.77722986	     50.70083832	      6.21942037	    -12.83648069	      0.00000000	     14.14199317	     -2.15706381	     -7.44981284	      8.33715821	      7.98563528	     11.18987675	      0.00000000	      3.15604664	    -10.83252023	      4.42749063	     51.72215574	      5.15987362	     37.55271106	    131.77862169	     66.08673227	      4.99771278	    -22.95653515	     33.85024705	     25.82372092	     35.80097832
8.13333330	      0.04741873	      7.03596430	    -91.49880295	      0.99139745	      1.21268117	      0.14556203	     28.28591153	     -6.76949042	     -6.51111999	     48.78727273	      9.20959976	    -11.01756853	      0.00000000	     13.85133143	     -2.07975064	     -7.71785271	      8.33190804	      8.08546746	     12.70363537	      0.00000000	      2.67858030	    -11.19323324	      4.43814611	     51.50443221	      5.22752988	     37.30554251	    132.05202345	     65.89767004	      6.05551117	    -22.90002843	     34.84742478	     25.16089228	     35.29188181
8.15000000	      0.03796938	      7.12225172	    -91.29670232	      0.98981213	      1.21380986	      0.14259360	     28.87157818	     -6.72024074	     -8.15512351	     46.59413484	     10.43544326	    -11.46190747	      0.00000000	     13.70768877	     -2.11754950	     -7.69739075	      8.15756603	      7.73794649	     13.17308894	      0.00000000	      2.49509375	    -11.53147670	      4.43948906	     51.24613407	      5.38196153	     37.44331065	    131.87341673	     65.85671558	      6.74776841	    -23.11147002	     34.98333910	     25.13803722	     35.15643449
8.16666670	     -0.13065186	      7.02154328	    -91.12924014	      0.98848471	      1.21434607	      0.14055662	     29.03988303	     -6.55951367	    -10.23184901	     43.92671057	     11.06235743	    -10.94274680	      0.00000000	     13.28768130	     -2.37958006	     -7.98949673	      7.96089976	      7.84273107	     13.90663456	      0.00000000	      2.12193781	    -11.71790005	      4.42021444	     50.92920501	      5.46502423	     37.52260796	    131.82614420	     65.78229855	      7.45282791	    -23.36805095	     35.41073041	     24.84977306	     34.78579110
8.18333330	     -0.22345793	      7.08460582	    -90.98290340	      0.98816149	      1.21380673	      0.13894950	     29.27097194	     -6.19766697	    -11.64264235	     40.79571282	     10.92438581	    -10.24876998	      0.00000000	     13.05833284	     -2.56827515	     -8.27579744	      7.83234835	      7.55326607	     14.16083630	      0.00000000	      1.97456757	    -11.96295999	      4.52692855	     50.34478961	      5.65810073	     37.74223977	    131.66302616	     65.75405789	      8.10490303	    -23.59093564	     35.47148170	     24.89210711	     34.59884750
8.20000000	     -0.44003025	      6.93227982	    -90.53999108	      0.98926336	      1.21203066	      0.13783365	     29.08631232	     -5.62265557	    -12.61504331	     37.31826759	     11.36956965	     -7.69092335	      0.00000000	     12.71303823	     -2.78296359	     -8.42517027	      7.96995431	      7.91531147	     14.84030874	      0.00000000	      1.58191824	    -12.09166498	      4.38878506	     49.94332263	      5.58664034	     37.70859934	    131.75740119	     65.70190285	      8.79479150	    -23.81394335	     35.63831944	     24.81982290	     34.07845818
8.21666670	     -0.51948638	      6.96955794	    -90.01843784	      0.99046822	      1.20871547	      0.13713660	     29.15570931	     -4.96569441	    -12.53294532	     33.88623725	     11.20171586	     -4.92430033	      0.00000000	     12.64633023	     -2.78785775	     -8.44285700	      8.37804702	      8.08493998	     15.39555219	      0.00000000	      1.49748100	    -12.26667450	      4.16790992	     49.64069380	      5.80522689	     37.69352042	    131.66853492	     65.65651183	      9.25107460	    -24.02579243	     35.74878448	     24.92500206	     33.55843824
8.23333330	     -0.38646490	      7.11831528	    -89.57938550	      0.99093919	      1.20513556	      0.13612438	     29.43934903	     -4.57091661	    -11.87516380	     30.76003820	     10.18218726	     -3.55051016	      0.00000000	     12.61241399	     -2.48845132	     -8.24319926	      8.73382969	      8.26063060	     15.69414733	      0.00000000	      1.57886618	    -12.60837837	      4.00587388	     49.72721396	      6.16365169	     37.66049021	    131.55467351	     65.63711334	      9.63026946	    -24.21812869	     35.73695437	     25.05677253	     33.37201557
8.25000000	     -0.30490041	      7.22888794	    -89.08336865	      0.99110291	      1.20315907	      0.13438543	     29.62219275	     -4.51803381	    -11.79643548	     27.91992787	      9.12924107	     -3.37998294	      0.00000000	     12.49643100	     -2.21858325	     -7.87021794	      8.95618067	      8.60683599	     16.17533009	      0.00000000	      1.66964452	    -12.81960697	      3.78843330	     49.76776877	      6.48423755	     37.63636172	    131.36375470	     65.61329461	      9.91831365	    -24.35888622	     35.70646470	     25.27397384	     33.10733664
8.26666670	     -0.24184912	      7.25396381	    -88.84778163	      0.99056085	      1.20282444	      0.13161729	     29.78916667	     -4.38726007	    -11.50433987	     25.26356072	      7.88005107	     -5.31509847	      0.00000000	     12.26669622	     -2.09039053	     -7.55957040	      9.02055779	      9.06017196	     16.40648796	      0.00000000	      1.49371622	    -13.02229161	      3.53479695	     49.97645387	      6.87061732	     37.82390600	    131.09019815	     65.57295217	     10.10359007	    -24.61872333	     35.51747482	     25.65020317	     32.29725915
8.28333330	     -0.11966984	      7.36204088	    -88.74422433	      0.99052541	      1.20345088	      0.12836841	     30.07465633	     -4.41788129	    -11.62116830	     22.75687484	      7.03203641	     -6.24763565	      0.00000000	     12.06759730	     -1.91131319	     -7.01427305	      8.82851577	      9.43991775	     16.07210350	      0.00000000	      1.37999555	    -13.27623510	      3.52020573	     49.94900242	      7.03427153	     38.22793184	    130.99672070	     65.55631491	     10.40081864	    -24.61939492	     35.24297456	     25.90067477	     31.52110059
8.30000000	      0.03281302	      7.51594793	    -88.67488752	      0.99020186	      1.20466332	      0.12471767	     30.43367661	     -4.42624147	    -11.65035599	     20.37576045	      6.62318531	     -6.05288725	      0.00000000	     11.95064551	     -1.75945988	     -6.61592461	      8.59865460	      9.85759224	     15.87870146	      0.00000000	      1.25430394	    -13.51676053	      3.57168840	     49.71879492	      7.23852500	     38.56953816	    130.91207420	     65.55844744	     10.79672044	    -24.55463260	     35.13710342	     26.01079779	     31.29883494
8.31666670	     -0.08658757	      7.64548235	    -88.43171471	      0.98915452	      1.20609865	      0.12135549	     30.63019494	     -3.99931102	    -11.41610019	     17.89714664	      6.34916507	     -5.53915522	      0.00000000	     11.92793259	     -1.90313149	     -6.02009679	      8.55468984	     10.11821862	     15.57251139	      0.00000000	      1.00055823	    -13.50266977	      3.49040739	     49.40987757	      7.27521286	     39.12244370	    130.93223145	     65.57938230	     11.23276813	    -24.36413230	     35.03833322	     26.04348910	     31.02157843
8.33333330	     -0.31047157	      7.73609092	    -88.04579820	      0.98834276	      1.20690977	      0.11854831	     30.81220011	     -3.33393674	    -10.62925740	     15.70005626	      6.53196804	     -4.70442657	      0.00000000	     11.93642776	     -2.11053136	     -5.32501902	      8.64640302	     10.31703725	     15.37047950	      0.00000000	      0.65472949	    -13.35435878	      3.26993920	     49.02725548	      7.23664360	     39.83139196	    131.02632959	     65.61801549	     11.66142051	    -24.08860892	     34.96358260	     25.95342236	     30.71664273
8.35000000	     -0.55667274	      7.79888057	    -87.47212111	      0.98933952	      1.20679498	      0.11645507	     31.02683083	     -2.72633164	     -9.10545462	     13.95743921	      7.17348235	     -3.84721985	      0.00000000	     11.94872342	     -2.24237033	     -4.57485983	      8.84797481	     10.48967737	     15.35147614	      0.00000000	      0.28438481	    -13.14752131	      2.85838587	     48.55584515	      7.09096874	     40.58461885	    131.16034273	     65.66619894	     12.02358811	    -23.67486030	     34.91686128	     25.78143715	     30.39693549
8.36666670	     -0.76984794	      7.84668681	    -86.79039784	      0.99167247	      1.20568398	      0.11510865	     31.34035055	     -2.41577254	     -7.05789623	     12.73820361	      8.02315698	     -3.27354453	      0.00000000	     11.93322976	     -2.24797299	     -3.82519752	      9.06609232	     10.65054324	     15.49194227	      0.00000000	     -0.04156189	    -12.85582005	      2.33060866	     48.06956532	      6.85485060	     41.14354495	    131.29772541	     65.70388721	     12.25693456	    -23.23048686	     34.89478081	     25.63763915	     30.15484047
8.38333330	     -0.93508980	      7.82018558	    -86.19018018	      0.99337473	      1.20398036	      0.11402727	     31.76946098	     -2.31812112	     -4.63092573	     12.11820266	      8.90438533	     -3.33403296	      0.00000000	     11.79425235	     -2.18971836	     -3.04055130	      9.27918857	     10.95398853	     15.46861706	      0.00000000	     -0.36921062	    -12.46834040	      1.78660677	     47.60509106	      6.49929540	     42.08600185	    131.59405027	     65.77664347	     12.29101788	    -22.54542670	     34.81361335	     25.15667841	     29.59537672
8.40000000	     -1.02009182	      7.98924136	    -85.65615020	      0.99340007	      1.20183405	      0.11220819	     32.40379656	     -2.29952548	     -1.89484034	     11.56906658	      9.32036087	     -4.16312636	      0.00000000	     11.85811384	     -2.08530939	     -2.30829304	      9.44405308	     11.12900234	     15.44238351	      0.00000000	     -0.41900317	    -12.24674129	      1.31409842	     47.42777224	      6.16085970	     42.93147610	    131.64742670	     65.86475446	     12.51174779	    -21.97770502	     34.50745386	     24.46348739	     28.35061363
8.41666670	     -1.21623116	      8.01315393	    -85.16984511	      0.99230909	      1.20059346	      0.11004592	     32.84494074	     -2.14969302	      0.16244690	     11.17608468	     10.28036046	     -3.86416592	      0.00000000	     11.74200243	     -2.19335195	     -1.70617396	      9.54139084	     11.53480628	     15.63080432	      0.00000000	     -0.55842792	    -11.89393604	      0.79519917	     46.90718634	      5.68101666	     43.12655082	    131.58842974	     65.87985940	     12.42686243	    -21.64457957	     34.49107225	     24.43425504	     28.05074123
8.43333330	     -1.35718817	      8.17397787	    -84.89285309	      0.99026896	      1.19944783	      0.10838904	     33.56529689	     -1.87458974	      2.32927841	     11.26304221	     11.27393303	     -3.58850659	      0.00000000	     11.77233732	     -2.34279422	     -1.28416571	      9.70630880	     11.97167303	     15.68076453	      0.00000000	     -0.55464116	    -11.55329964	      0.54672339	     46.40257033	      5.13378870	     43.86105362	    131.43823286	     65.91126101	     12.36409124	    -21.30746046	     34.29640174	     24.25816978	     27.42697829
8.45000000	     -1.59808926	      8.31656753	    -84.54149400	      0.98825656	      1.19828323	      0.10820344	     33.96576847	     -1.49247944	      4.20120655	     11.13428683	     12.18631216	     -3.08292694	      0.00000000	     11.69794871	     -2.64103541	     -0.91707214	      9.73795558	     12.36851458	     15.70190999	      0.00000000	     -0.51398682	    -11.18276680	      0.21038384	     45.72618353	      4.48029040	     44.42729852	    131.29403834	     65.93296404	     12.25311300	    -21.02898713	     34.16457438	     24.18268553	     27.07431884
8.46666670	     -1.74287264	      8.62517745	    -84.44021247	      0.98623186	      1.19664045	      0.10820936	     34.69815490	     -1.11583398	      5.79458531	     11.58889837	     13.11258136	     -2.43838040	      0.00000000	     11.70916149	     -2.89543822	     -0.73299644	      9.75949378	     12.71869384	     15.60399896	      0.00000000	     -0.23164547	    -10.85699299	      0.28333788	     44.87228456	      3.53811296	     45.71090506	    131.07968937	     65.98716891	     12.06461705	    -20.55761657	     33.72373141	     24.02797601	     26.26586776
8.48333330	     -1.94569291	      8.73573115	    -84.24615131	      0.98477177	      1.19571059	      0.10756300	     34.93213027	     -0.77354050	      7.03653322	     11.78804523	     13.81308912	     -1.99244407	      0.00000000	     11.46429192	     -3.20778654	     -0.53504037	      9.69636978	     13.02241031	     15.58297926	      0.00000000	     -0.16111505	    -10.48611844	     -0.03689899	     43.66557412	      2.51436061	     46.36207034	    130.90669438	     66.01398908	     11.67377999	    -20.29577224	     33.55351894	     23.97567778	     25.93636288
8.50000000	     -2.00526258	      9.15432165	    -84.35522939	      0.98274794	      1.19414391	      0.10651172	     35.71140150	     -0.49831620	      7.93023380	     12.54200903	     14.50045139	     -1.26709532	      0.00000000	     11.49932332	     -3.36964676	     -0.54357942	      9.66055722	     13.14831100	     15.63679854	      0.00000000	      0.30190345	    -10.19713128	      0.29080882	     42.25188820	      1.03093820	     47.79156518	    130.77602184	     66.08323437	     11.42199505	    -19.71740326	     32.84180376	     24.06867855	     25.01293158
8.51666670	     -2.05146408	      9.46519241	    -84.36881824	      0.98089044	      1.19257870	      0.10588990	     36.27322415	     -0.39731660	      8.03120824	     13.27822852	     15.19598299	     -0.42928237	      0.00000000	     11.46285029	     -3.53342697	     -0.71566431	      9.72256333	     13.39216015	     15.75582375	      0.00000000	      0.60644664	     -9.93836592	     -0.12535697	     40.56911921	     -0.22035929	     48.65082426	    130.61022244	     66.34839614	     10.48327574	    -19.10805154	     29.69667015	     24.45274444	     20.41055816
8.53333330	     -1.88463294	      9.54872662	    -84.49040311	      0.97926755	      1.19111261	      0.10554217	     36.39382194	     -0.49746372	      8.45417557	     13.69582770	     15.35033777	     -0.53951617	      0.00000000	     10.99371885	     -3.49145091	     -0.78109859	      9.52146551	     13.55980927	     15.73773963	      0.00000000	      0.67498319	     -9.80986311	     -0.33527514	     39.00056643	     -1.72176190	     49.73940726	    130.15676728	     66.37780826	     10.02806145	    -18.93706544	     29.68892147	     24.60939286	     20.19536282
8.55000000	     -1.55402561	      9.68606985	    -84.58787529	      0.97737188	      1.18901561	      0.10493971	     36.50344107	     -0.90115259	      8.51442402	     13.89540089	     15.11557515	     -0.93028688	      0.00000000	     10.63703009	     -3.29908752	     -0.93150605	      9.42000433	     13.64877773	     15.70442719	      0.00000000	      0.84429035	     -9.79804937	     -0.46408461	     37.46520660	     -3.36395754	     50.87937892	    129.81751486	     66.41868398	      9.58197151	    -18.71349172	     29.53422927	     24.78738954	     19.86472041
8.56666670	     -1.09545284	      9.93878817	    -84.79267610	      0.97409541	      1.18620331	      0.10445539	     36.63860709	     -1.35069367	      8.83207299	     13.77729356	     14.13214389	     -2.49042345	      0.00000000	     10.43035842	     -3.02360790	     -1.16119962	      9.40733333	     13.85579446	     15.48934709	      0.00000000	      1.06336301	     -9.97470316	     -0.55894702	     36.22269477	     -5.01407826	     52.00806018	    129.83508716	     66.54945128	      9.03063798	    -18.58966275	     28.72623720	     25.09583228	     18.52399459
8.58333330	     -0.69458140	      9.96139507	    -84.89507415	      0.97023513	      1.18430881	      0.10486230	     36.34538781	     -1.76551993	      8.40054632	     13.43817723	     13.49980483	     -2.96783201	      0.00000000	      9.90664634	     -2.84024774	     -1.24947660	      9.22274894	     14.00971969	     15.40982190	      0.00000000	      1.13863961	    -10.00304907	     -0.66857771	     35.01954910	     -6.31942435	     52.64707254	    128.95628969	     66.57452984	      8.66590288	    -18.47333008	     28.55558313	     25.20761242	     18.16587715
8.60000000	     -0.34564597	     10.00479206	    -85.14929705	      0.96628453	      1.18285924	      0.10633095	     35.94357531	     -1.86680003	      8.24869458	     13.10110762	     12.82250111	     -3.67972720	      0.00000000	      9.37763909	     -2.76670054	     -1.35441372	      9.11388673	     14.22148688	     15.24450196	      0.00000000	      1.25975152	     -9.99326751	     -0.53596361	     33.95105401	     -7.50038812	     53.29621548	    127.94699296	     66.60625442	      8.24746853	    -18.34716982	     28.30527884	     25.28605314	     17.72421813
8.61666670	     -0.10891012	     10.02768496	    -85.36830328	      0.96245186	      1.18188124	      0.10808004	     35.41332884	     -1.62848558	      8.76427950	     12.90831683	     11.85502392	     -5.59143301	      0.00000000	      8.87658188	     -2.87297037	     -1.67335732	      9.18468235	     14.43924130	     15.27826366	      0.00000000	      1.31433593	     -9.81266480	     -0.81050170	     32.91662768	     -8.32436592	     53.86172266	    126.81980288	     66.85994218	      7.38326034	    -18.14793230	     26.56344381	     25.58423048	     14.76480229
8.63333330	      0.15507204	     10.08231727	    -85.55910669	      0.95821120	      1.18152717	      0.10981061	     34.86912270	     -1.41332418	      8.74107396	     12.85030576	     11.86576734	     -5.49523600	      0.00000000	      8.39315583	     -2.94195954	     -1.89638133	      9.31942472	     14.66560355	     15.28691382	      0.00000000	      1.43470542	     -9.78308638	     -0.72338578	     31.51941736	     -9.37721777	     54.01288188	    125.48153223	     66.84918395	      6.85533022	    -18.02301129	     26.45727100	     25.67121135	     14.50706328
8.65000000	      0.37810286	     10.14070137	    -85.64307338	      0.95280164	      1.18054807	      0.11150500	     34.39707812	     -1.13080713	      8.77098426	     12.93002713	     11.69954014	     -5.61580200	      0.00000000	      8.04018665	     -3.13278176	     -2.55191279	      9.67163570	     14.98817834	     15.81226811	      0.00000000	      1.48857312	     -9.80267141	     -0.75567802	     29.98181751	     -9.92844450	     53.23157856	    123.51784601	     66.81455217	      6.39455484	    -18.06472504	     25.96199504	     25.68548407	     13.89292639
8.66666670	      0.55853439	     10.23405769	    -85.61260880	      0.94741895	      1.17902247	      0.11349218	     33.99603859	     -0.88581219	      8.83745955	     12.97399634	     11.19324907	     -6.05711723	      0.00000000	      7.74846319	     -3.36005654	     -3.14361680	     10.04000814	     15.30171079	     16.38819758	      0.00000000	      1.50481215	     -9.85582057	     -0.75011391	     28.53007262	    -10.19250271	     52.48744129	    121.18352883	     66.75226585	      6.07674635	    -18.12937810	     25.42169329	     25.63256954	     13.33068888
8.68333330	      0.76901868	     10.35426327	    -85.52082675	      0.94241671	      1.17762954	      0.11513447	     33.78035116	     -0.72794067	      9.04739940	     13.13618996	      9.91370131	     -7.22165816	      0.00000000	      7.51733762	     -3.55554419	     -3.75402460	     10.39502131	     15.54925288	     17.16032088	      0.00000000	      1.49995348	     -9.97239890	     -0.87695924	     27.09729450	    -10.11151901	     51.63639504	    118.24823401	     66.63766613	      5.81559447	    -18.16558626	     24.63405065	     25.50401537	     12.57009920
8.70000000	      0.99112712	     10.43273550	    -85.46373124	      0.93737251	      1.17639451	      0.11655310	     33.68689393	     -0.60607661	      9.15617995	     13.43808541	      8.05439056	     -8.69665987	      0.00000000	      7.29524297	     -3.75085475	     -4.30907700	     10.83120666	     15.61821246	     17.71529257	      0.00000000	      1.48695242	    -10.05713889	     -1.02934617	     25.68240866	    -10.09267905	     50.75856596	    114.93884071	     66.48114577	      5.47234669	    -18.20641725	     23.96716736	     25.43357094	     11.97411124
8.71666670	      1.17929967	     10.46512203	    -85.47719144	      0.93184333	      1.17491930	      0.11869534	     33.66796789	     -0.43752042	      9.13201189	     13.96372886	      6.25129099	    -10.01922500	      0.00000000	      7.05009171	     -4.02234242	     -4.87144569	     11.36649928	     15.63005248	     18.10183335	      0.00000000	      1.54886825	    -10.04229755	     -1.26273565	     24.02957045	     -9.91253808	     49.70542717	    111.42984757	     66.33607756	      5.02631584	    -18.26779577	     23.52564540	     25.29646387	     11.68640035
8.73333330	      1.41358451	     10.71317976	    -85.55249236	      0.92624411	      1.17264390	      0.12127572	     34.03735978	     -0.22842640	      9.52013973	     14.80848627	      3.94372806	    -12.45100420	      0.00000000	      7.10137035	     -4.29915997	     -5.45552310	     12.02921710	     15.59680961	     18.76064830	      0.00000000	      1.86427566	    -10.16291611	     -1.67622903	     22.44305533	     -9.26632150	     48.95395903	    107.79197979	     66.18893710	      4.53957346	    -18.20769318	     22.22627878	     24.78824227	     11.24604041
8.75000000	      1.57229327	     10.70700859	    -85.83125669	      0.92212480	      1.17132124	      0.12405304	     34.16627887	      0.05234266	      9.47608225	     15.75557436	      2.69540125	    -13.42844843	      0.00000000	      6.74641537	     -4.62565639	     -5.73538742	     12.53053040	     15.44761397	     18.89773681	      0.00000000	      2.01871153	    -10.14792156	     -1.72732364	     20.70035573	     -8.13647327	     47.56032583	    103.54890187	     66.02657121	      4.26028002	    -17.98765247	     21.42150301	     24.35946538	     11.13847667
8.76666670	      1.72533879	     11.13547075	    -86.21819145	      0.91886478	      1.17065511	      0.12700725	     34.72340081	      0.41570544	     10.06639724	     16.69265552	      0.72012437	    -16.39899479	      0.00000000	      6.91751355	     -4.92416070	     -6.10613172	     13.24834226	     15.38877016	     19.10532743	      0.00000000	      2.87155905	    -10.17090785	     -2.15071643	     19.26089380	     -6.54396514	     46.75374469	     98.91590107	     65.88015333	      3.68907780	    -17.13739774	     17.36141867	     22.49645367	     11.11167348
8.78333330	      1.76603561	     11.36393442	    -86.63379212	      0.91541805	      1.17202452	      0.13024976	     34.88038203	      0.82410658	     10.26438448	     17.39370599	     -0.26628402	    -17.89206325	      0.00000000	      6.79284298	     -5.31308105	     -6.35153087	     13.86862873	     15.27785429	     18.95186504	      0.00000000	      3.48673128	     -9.98314406	     -2.60817031	     17.98834586	     -4.83136206	     45.78306334	     93.78800145	     65.84318718	      2.87543863	    -16.11410501	     11.75693451	     21.53896108	     12.43365787
8.80000000	      1.90200514	     11.16487040	    -87.17932883	      0.91085550	      1.17521103	      0.13360367	     34.49334820	      1.15221153	     10.14906828	     17.98745122	     -0.58047511	    -18.58261445	      0.00000000	      6.16242835	     -5.59363625	     -6.73530356	     14.40513372	     14.75523113	     18.72881863	      0.00000000	      3.40554830	     -9.78419977	     -2.68022921	     16.69084312	     -3.18345693	     44.36943423	     88.76587021	     65.86726601	      2.42290328	    -15.31612789	      9.41890250	     21.28005249	     13.75153433
8.81666670	      1.79613343	     11.19756441	    -87.51658327	      0.90525090	      1.17833099	      0.13806670	     33.80681712	      1.65448331	     10.26690439	     17.72534752	     -1.67144111	    -20.09501856	      0.00000000	      5.92413306	     -6.16474589	     -6.94814190	     15.30103127	     14.47514385	     18.41556553	      0.00000000	      3.96308906	     -9.53118820	     -3.16343944	     15.97239540	     -2.02479866	     44.55846359	     83.04286220	     66.82355884	      1.93890210	    -14.42170323	      3.37752318	     19.93711050	     17.49238061
8.83333330	      1.92603189	     11.02654611	    -88.06120123	      0.89930291	      1.18163144	      0.14195204	     32.93116954	      1.96015238	     10.17488008	     17.55691067	     -1.64272742	    -19.98450630	      0.00000000	      5.43407448	     -6.49479485	     -7.32745965	     16.13888870	     13.61082087	     17.97923236	      0.00000000	      3.88176988	     -9.55596969	     -2.75639398	     14.82814450	     -0.62314671	     43.30364550	     77.73775303	     71.79313920	      1.82848000	    -12.09458217	    -14.81369012	     20.16861386	     45.59068786
8.85000000	      1.90918155	     10.39459301	    -88.42599991	      0.89431831	      1.18606649	      0.14439913	     31.23313437	      2.31920001	     10.06291671	     16.75673795	     -2.04212771	    -20.38701896	      0.00000000	      4.62725397	     -6.99766268	     -7.41642881	     17.15371665	     12.68571383	     17.35406599	      0.00000000	      3.37053345	     -9.37159186	     -2.50924138	     14.05420616	      0.44371364	     42.56755586	     72.20404119	     71.69160285	      2.31390287	    -11.91720107	    -14.96378817	     19.49924282	     45.88867759
8.86666670	      1.87289407	      9.97089696	    -88.68132263	      0.89080475	      1.19008461	      0.14497902	     29.74924370	      2.60785243	      9.95003112	     15.81541391	     -2.31593855	    -20.75234399	      0.00000000	      4.44492104	     -7.55230647	     -7.53678174	     18.66484843	     11.63560680	     16.81703855	      0.00000000	      3.09367528	     -9.01112313	     -2.88987831	     13.19001946	      1.01611805	     41.82517811	     67.74232715	     71.83315390	      2.58391845	    -11.67089394	    -15.50587873	     18.76452009	     46.29142164
8.88333330	      1.88723869	      9.53943466	    -88.96878393	      0.88785691	      1.19328804	      0.14536954	     28.35153681	      2.81124485	      9.80657965	     14.90818413	     -2.51190449	    -20.92187430	      0.00000000	      4.55462369	     -8.04414306	     -7.68560002	     20.56483321	     10.66284297	     16.29945040	      0.00000000	      2.71106970	     -8.57185964	     -3.62351474	     11.83106004	      0.56608898	     41.01918375	     65.11371769	     72.13145026	      2.58903078	    -11.40776375	    -15.99136627	     18.53596939	     46.85991681
8.90000000	      1.94404180	      9.15757206	    -89.29679111	      0.88364560	      1.19564877	      0.14684274	     27.13963905	      3.04206201	      9.83193428	     14.20764233	     -2.84711389	    -21.54192437	      0.00000000	      5.02891285	     -8.60108853	     -8.05930738	     22.98219409	      9.66488397	     16.07909478	      0.00000000	      2.28189593	     -8.19643045	     -3.63565260	      9.20847159	     -0.86846586	     38.12530647	     64.88694540	     77.25835300	      3.06465631	    -11.05093139	    -17.76419941	     18.81420202	     55.47707015
8.91666670	      1.90814665	      8.53904750	    -89.53945073	      0.87788814	      1.19784548	      0.15010799	     25.56169826	      3.34600230	      9.59464786	     13.40663613	     -2.79608090	    -21.48432400	      0.00000000	      5.42965906	     -9.31845896	     -8.22822819	     25.75577660	      8.42203124	     15.60714245	      0.00000000	      1.83878725	     -7.62790063	     -5.02296615	      7.76733536	     -2.53103970	     37.71392682	     63.99927383	     77.30926325	      2.80054359	    -11.23222682	    -17.56885413	     18.78143100	     55.88648639
8.93333330	      1.80867975	      7.78286633	    -89.73798992	      0.87090615	      1.19903806	      0.15447510	     23.74853411	      3.76851856	      9.32412162	     12.56141804	     -2.71830377	    -21.61856788	      0.00000000	      5.89854841	    -10.23800910	     -8.35692658	     29.04520094	      6.96661207	     15.41247478	      0.00000000	      1.10451407	     -7.13985663	     -6.01260631	      6.20830750	     -4.11456558	     36.66373071	     62.99231809	     77.40062048	      2.59471295	    -11.64895547	    -16.28487180	     19.58266274	     56.99034154
8.95000000	      1.68493648	      7.10439808	    -90.12701012	      0.86345043	      1.19995887	      0.15958948	     21.92495738	      4.33957195	      9.08141383	     11.72532304	     -2.18383056	    -21.44942506	      0.00000000	      6.28466371	    -11.33301955	     -8.98883444	     32.30976237	      4.86810566	     15.47972905	      0.00000000	      0.66713892	     -6.72875606	     -6.36722675	      4.41370742	     -5.64508838	     34.91809131	     61.62390946	     77.78259973	      2.27855757	    -12.61054482	    -11.62653834	     20.94121404	     60.07546494
8.96666670	      1.43400489	      6.34399395	    -90.37614463	      0.85751981	      1.19990134	      0.16398358	     19.81670658	      4.96423673	      8.63519742	     10.55882943	     -1.51660100	    -21.03680806	      0.00000000	      6.72761996	    -12.49101561	     -9.04256160	     35.79683402	      2.81283478	     15.91285361	      0.00000000	      0.16251323	     -6.21657710	     -6.80664306	      3.35926230	     -6.96705885	     33.79390269	     58.74661585	     77.88739372	      2.29833741	    -13.27575456	     -9.61938468	     21.49744320	     61.20799539
8.98333330	      1.21578312	      5.80648860	    -90.77900356	      0.85307858	      1.20051436	      0.16700157	     17.96554218	      5.53958820	      8.11106209	      9.38964804	     -0.64927544	    -19.79878733	      0.00000000	      7.40586675	    -13.56431752	     -9.13461371	     39.21698844	      0.80673456	     16.11948185	      0.00000000	     -0.14081951	     -5.73344995	     -6.93093419	      2.48327394	     -8.09730846	     32.77942487	     55.52386868	     78.19568091	      2.03274518	    -14.33486743	     -4.92601744	     22.91514394	     63.33338043
9.00000000	      1.11416746	      4.97441533	    -91.15735457	      0.85044239	      1.20356460	      0.16860462	     15.87788530	      5.93477816	      7.86728325	      8.36623158	      0.12678865	    -19.11746198	      0.00000000	      7.68875611	    -14.41452527	     -9.31328760	     42.21090996	     -0.64901795	     16.56402431	      0.00000000	     -0.87451992	     -5.41661176	     -6.70161299	      2.30508047	     -8.47836043	     31.62847775	     50.55450363	     78.13579231	      2.46067247	    -14.85600497	     -3.10581930	     23.76553073	     64.01320903
9.01666670	      1.06306508	      4.35185826	    -91.41521992	      0.84937237	      1.20838109	      0.16879465	     14.20867819	      6.13562516	      7.48724972	      7.55028306	      0.76179286	    -17.84886185	      0.00000000	      8.32894708	    -14.97740040	     -9.23605382	     45.00307767	     -1.73932712	     16.42950685	      0.00000000	     -1.48352035	     -5.05202802	     -6.66206357	      3.04978716	     -8.05681502	     30.54803931	     43.88197152	     78.06684332	      2.97018368	    -15.44094966	      0.13185847	     24.68883980	     65.07625371
9.03333330	      1.27845841	      3.52687325	    -91.77850344	      0.84874616	      1.21401663	      0.16808273	     12.44103686	      5.99889097	      7.43105025	      6.76977193	      1.33962210	    -16.71113617	      0.00000000	      8.54000963	    -15.03392693	     -9.37152620	     47.14641498	     -2.83619651	     16.07976449	      0.00000000	     -2.46238647	     -4.98031753	     -6.08126548	      4.28223226	     -7.03883837	     28.98847659	     36.11666348	     77.71560562	      4.04192697	    -15.56865506	      1.97704582	     25.34857367	     65.60738772
9.05000000	      1.50995677	      2.86027351	    -92.08500317	      0.84738451	      1.21785511	      0.16661286	     11.08093242	      5.76837064	      7.12376584	      6.16915457	      1.64197096	    -15.29994100	      0.00000000	      9.03625520	    -14.88998312	     -9.38421185	     49.14611336	     -3.40633653	     14.92642117	      0.00000000	     -3.34817866	     -4.81675252	     -5.91522450	      6.04802643	     -5.66520413	     26.68548308	     27.81638796	     77.11944525	      5.02977948	    -15.63769324	      3.70491502	     25.86476755	     66.03804252
9.06666670	      1.80370621	      2.21121389	    -92.44619278	      0.84258403	      1.21904848	      0.16561271	      9.93548398	      5.51138382	      6.75811670	      5.79389933	      1.83566605	    -14.16208237	      0.00000000	      9.55044965	    -14.60949688	     -9.31916080	     50.85225225	     -3.28961208	     13.28975709	      0.00000000	     -4.24589736	     -4.80181117	     -5.89194414	      7.73415939	     -4.72797364	     23.71918523	     20.62383667	     76.37331441	      5.69492693	    -15.81205977	      4.97713364	     26.51119297	     66.23973747
9.08333330	      2.00042729	      1.54631266	    -92.82063845	      0.83510152	      1.21678587	      0.16620822	      8.95887826	      5.48439209	      6.45621209	      5.79211653	      2.01091591	    -13.68495409	      0.00000000	     10.05907886	    -14.49856573	     -9.12815122	     52.33756826	     -2.55419685	     11.59055067	      0.00000000	     -5.11093421	     -4.79230795	     -5.78311713	      8.94542629	     -4.53509756	     20.63096582	     15.33311786	     75.62210317	      6.12150934	    -16.09046268	      5.88783426	     27.66132362	     66.24610925
9.10000000	      2.02009747	      0.88771750	    -93.13386077	      0.82939869	      1.21435543	      0.16828558	      7.97418963	      5.74604510	      6.16840752	      5.89788468	      2.07350164	    -13.94172479	      0.00000000	     10.52652822	    -14.57389289	     -8.75721136	     53.50767057	     -1.32655391	     10.44980266	      0.00000000	     -5.89697526	     -4.65771326	     -5.59119442	      9.58433266	     -4.94193216	     17.80470712	     12.03895546	     74.93623538	      6.23760738	    -16.43576940	      6.75300476	     29.24323491	     66.14207648
9.11666670	      2.00602182	      0.22724132	    -93.42069172	      0.82809795	      1.21382208	      0.17097456	      6.91690947	      6.03968540	      5.84654931	      5.96688679	      1.69771903	    -14.54913113	      0.00000000	     10.82208256	    -14.52633937	     -8.34412421	     54.10322183	      0.16787466	      9.77954654	      0.00000000	     -6.58760917	     -4.46821003	     -5.16504386	      9.66975961	     -5.68044499	     16.09459599	     10.68877433	     74.48709562	      6.44222322	    -16.69306503	      7.47673480	     30.87993930	     66.03789206
9.13333330	      2.03497456	     -0.45334795	    -93.60670635	      0.82904390	      1.21777230	      0.17275203	      5.68030101	      6.13505268	      5.54482004	      5.86767503	      1.08190847	    -15.28541427	      0.00000000	     10.90837386	    -14.12595606	     -7.82773234	     53.92067875	      1.69002523	      9.03474643	      0.00000000	     -7.18283996	     -4.25077144	     -4.74610063	      9.67312466	     -6.26535055	     14.98239373	      9.90317627	     74.10300424	      6.61222431	    -16.78264982	      8.27450668	     32.42976906	     65.98416803
9.15000000	      2.08926424	     -0.95393299	    -93.57654495	      0.82947923	      1.22136821	      0.17341339	      4.59509007	      6.02808150	      5.29429886	      5.79560749	      0.36799963	    -15.72097320	      0.00000000	     11.19819476	    -13.44270831	     -6.96600359	     53.14865910	      3.39564416	      8.05527690	      0.00000000	     -7.56056446	     -4.02245719	     -4.32988393	      9.65407516	     -6.66476612	     14.59659524	      9.44369215	     73.90955743	      7.02765325	    -16.64274005	      8.73265133	     33.63197614	     65.98496996
9.16666670	      2.27830175	     -1.52232877	    -93.54417622	      0.82833348	      1.22319977	      0.17313447	      3.39214658	      5.71662190	      5.70039211	      5.67917848	     -0.39216252	    -16.23816215	      0.00000000	     11.28048998	    -12.58579529	     -6.29282667	     51.78933392	      4.96957232	      6.71049577	      0.00000000	     -8.07124783	     -4.04920871	     -3.85061150	      9.75854687	     -6.70008060	     14.17871878	      9.02418827	     73.59007159	      7.31740988	    -16.78499058	      9.53790892	     35.46907257	     66.03813656
9.18333330	      2.46916969	     -1.80860517	    -93.44501864	      0.82710722	      1.22181188	      0.17237256	      2.54507005	      5.48844526	      6.61655907	      5.58316384	     -0.90631451	    -16.47714534	      0.00000000	     11.68851366	    -11.86650987	     -5.84802507	     50.18545380	      6.42445770	      5.43848338	      0.00000000	     -8.29265093	     -4.12156650	     -3.55629807	      9.91209652	     -6.62397706	     13.79763778	      8.83681861	     73.14589722	      7.38967857	    -17.19562071	     10.47347883	     37.55460198	     66.09978512
9.20000000	      2.64045989	     -1.85231640	    -93.27408978	      0.82618885	      1.22012736	      0.17103299	      2.04259303	      5.42911480	      8.11670661	      5.49600920	     -0.87777037	    -16.14834971	      0.00000000	     12.41227260	    -11.36660321	     -5.73026228	     48.35499024	      7.71089800	      4.39614727	      0.00000000	     -8.29970616	     -4.18065131	     -3.37740985	     10.03999270	     -6.54989469	     13.52774079	      8.86530900	     72.64254182	      7.41536823	    -17.65312076	     11.19575666	     39.44520783	     66.12728118
9.21666670	      2.74334636	     -1.84498699	    -92.95006665	      0.82448562	      1.22024552	      0.16899421	      1.57992931	      5.54841213	      9.86081926	      5.27305153	     -0.30744173	    -15.44292157	      0.00000000	     13.27473949	    -11.11495833	     -5.71372109	     46.21951554	      8.80028061	      3.62357019	      0.00000000	     -8.37832031	     -4.26117914	     -3.31882970	     10.15961906	     -6.43320427	     13.26093826	      8.95458096	     71.86434766	      7.40510150	    -18.26790282	     11.87870377	     41.55935695	     66.12308162
9.23333330	      2.64773447	     -1.79333923	    -92.89852976	      0.82157520	      1.22229758	      0.16568070	      1.28538229	      5.83640122	     11.49793557	      5.33442195	      1.00156137	    -15.28453591	      0.00000000	     14.10650076	    -11.30999787	     -6.07906296	     43.64024166	      9.41824554	      2.82071752	      0.00000000	     -8.50748580	     -4.20959746	     -3.02783840	     10.50286002	     -6.30316283	     13.21127038	      8.88863091	     71.61966430	      7.73632871	    -18.53402650	     12.00291115	     42.45846530	     66.13050454
9.25000000	      2.48253121	     -1.79194414	    -93.10266406	      0.81929223	      1.22327370	      0.16213641	      0.80831582	      5.88163250	     11.77357741	      5.31843434	      1.50292344	    -15.97492926	      0.00000000	     14.57579407	    -11.64173368	     -6.66185713	     40.39142648	      9.13266443	      1.79529681	      0.00000000	     -9.07466034	     -4.32954901	     -2.38529668	     11.13805631	     -5.94443852	     13.13001814	      8.18954271	     70.95917726	      7.85696914	    -19.19169278	     12.52450207	     45.02840461	     66.22247830
9.26666670	      2.41499996	     -1.57692141	    -93.58069566	      0.81849510	      1.22340874	      0.15876399	      0.67932188	      5.44794056	      9.90276872	      5.65421163	      0.83394329	    -17.53802961	      0.00000000	     14.88561854	    -11.84825152	     -7.76563503	     36.55186125	      8.71617094	      1.36131616	      0.00000000	     -9.27788832	     -4.60061066	     -1.78550198	     11.94135121	     -5.47969888	     13.19107969	      7.92217237	     70.74092125	      8.11953539	    -19.57638938	     12.52638855	     45.95982953	     66.25372275
9.28333330	      2.21990302	     -1.76057030	    -94.21067222	      0.81885203	      1.22296310	      0.15618985	      0.00508170	      5.00598189	      8.32306652	      5.65776720	     -2.00539387	    -22.90333045	      0.00000000	     14.65633347	    -12.05350306	     -9.12762806	     32.74610725	      7.96400315	      0.48857067	      0.00000000	    -10.02712858	     -4.65504949	     -1.40978903	     13.55958401	     -4.84614743	     13.82800301	      6.29812406	     69.85659881	      7.56507491	    -20.31416879	     12.69342039	     48.54707012	     66.45303328
9.30000000	      2.13632402	     -1.67924392	    -94.56424541	      0.82053772	      1.22190215	      0.15481501	     -0.15495928	      4.56208748	      6.74047631	      5.72007514	     -3.91563345	    -26.49810506	      0.00000000	     14.83860740	    -11.98529770	    -10.30277188	     29.08252879	      7.35009750	      0.89383693	      0.00000000	    -10.30370746	     -4.64157193	     -1.32617447	     14.82917088	     -4.38753174	     15.93523936	      5.14873189	     68.70744130	      7.01936406	    -20.49551201	     12.01703157	     49.96873115	     66.74461971
9.31666670	      2.08082776	     -1.75829915	    -94.80440675	      0.82217470	      1.22034956	      0.15386346	     -0.25438543	      4.36040416	      6.39222887	      5.74795784	     -3.28203246	    -26.87828438	      0.00000000	     15.01831112	    -11.79559151	    -11.00522462	     25.64209376	      6.67787511	      1.81361194	      0.00000000	    -10.70851551	     -4.65502289	     -0.68069080	     15.54786896	     -4.31059201	     16.64346742	      4.92266705	     68.44255764	      7.13841794	    -20.48729295	     12.02476846	     50.69217711	     66.89524492
9.33333330	      1.85757625	     -1.85317608	    -94.68174522	      0.82345283	      1.21718540	      0.15302445	     -0.35707408	      4.59314255	      7.06554506	      5.62542678	     -1.21194721	    -25.28109223	      0.00000000	     15.54230059	    -11.77657610	    -11.02127473	     22.82696976	      6.61049555	      3.65820649	      0.00000000	    -11.10265794	     -4.37637542	     -0.50779879	     16.33004145	     -4.10125448	     18.34329000	      4.66811191	     68.04116628	      6.97055770	    -20.71926110	     12.44932251	     51.72572609	     67.29860478
9.35000000	      1.61088492	     -1.79783035	    -94.49879668	      0.82532713	      1.21374023	      0.15216701	     -0.26637698	      4.98183108	      8.33646530	      5.74522938	      1.63835896	    -22.34398608	      0.00000000	     16.24050180	    -11.71424072	    -10.44299456	     20.27296122	      6.34893123	      4.98259917	      0.00000000	    -11.27875417	     -4.00586200	     -0.36474968	     16.87137659	     -3.95066441	     20.24800727	      4.88498591	     67.69642199	      6.81311367	    -20.73172983	     12.73973067	     52.09778565	     67.72505381
9.36666670	      1.30692504	     -1.74302553	    -94.38109850	      0.82899576	      1.21204032	      0.15136265	     -0.36668664	      5.45636863	      9.72168673	      5.89284696	      4.20667845	    -19.59050468	      0.00000000	     16.86581666	    -11.65535637	     -9.67153051	     18.07922595	      6.06505155	      6.08517863	      0.00000000	    -11.43311408	     -3.54391760	     -0.20660383	     17.38192483	     -3.87384054	     21.95903072	      5.49171362	     67.41885089	      6.60315504	    -20.59109175	     13.12115690	     52.07847363	     68.17170033
9.38333330	      0.98217643	     -1.66509436	    -94.33277045	      0.83320032	      1.21198347	      0.15061805	     -0.64280306	      5.92792739	     10.80414999	      6.03610207	      6.29531865	    -17.45113433	      0.00000000	     17.39460412	    -11.55940989	     -8.73321548	     16.09838747	      5.63836503	      6.83322351	      0.00000000	    -11.55735321	     -3.03129844	      0.02904964	     17.80601368	     -3.79906926	     23.66852915	      6.43038126	     67.16771533	      6.40913818	    -20.24870618	     13.54971763	     51.59921923	     68.69634594
9.40000000	      0.67379516	     -1.50326042	    -94.35989413	      0.83560076	      1.21098702	      0.14935024	     -0.96410933	      6.35883062	     12.06737001	      6.06081371	      7.19231811	    -17.23259903	      0.00000000	     17.98965514	    -11.50563040	     -7.71282448	     14.32168712	      5.19038903	      7.58428346	      0.00000000	    -11.63498451	     -2.55471608	      0.34748579	     18.39254507	     -3.54329639	     23.86297606	      6.86959449	     67.15311104	      5.98467437	    -19.87569899	     13.78959269	     51.38573402	     68.77233750
9.41666670	      0.45075868	     -1.34028546	    -94.47943884	      0.83639495	      1.20965759	      0.14743347	     -1.31029474	      6.55518573	     12.56735673	      6.00411436	      8.66162455	    -16.22956144	      0.00000000	     18.48866271	    -11.45883389	     -6.81079716	     12.51020287	      4.32843885	      8.18894605	      0.00000000	    -11.64349942	     -2.18578930	      0.72016693	     18.59599768	     -3.56384107	     25.75053183	      9.26620847	     67.22095080	      5.92787556	    -19.40984906	     14.22950516	     49.84428427	     69.37278907
9.43333330	      0.23177468	     -1.09898755	    -94.66419388	      0.83771456	      1.20916806	      0.14550092	     -1.56978684	      6.65071797	     13.48396065	      5.77837543	      9.26862287	    -16.42680203	      0.00000000	     19.15178424	    -11.53183805	     -6.02441344	     10.98901993	      3.23261017	      9.03188913	      0.00000000	    -11.60132722	     -1.84250693	      1.10283305	     19.24748481	     -3.08793735	     26.09018720	     10.10108985	     67.23518033	      5.38772086	    -19.16082670	     14.49761185	     49.29386439	     69.50469959
9.45000000	      0.04948175	     -0.70274055	    -94.83740588	      0.84141540	      1.20818244	      0.14518224	     -1.69843148	      6.55002428	     14.79571946	      5.36566516	      8.62956948	    -18.04769962	      0.00000000	     20.00648056	    -11.51728260	     -5.20016601	      9.77909450	      2.37646652	      9.54289138	      0.00000000	    -11.29291266	     -1.45878889	      1.57345060	     19.14538208	     -3.31610167	     27.85847957	     13.40707441	     67.42995158	      5.32004639	    -18.53131147	     14.71550184	     47.20360544	     70.04008612
9.46666670	     -0.06554301	     -0.35149060	    -95.11299993	      0.84587251	      1.20808169	      0.14581661	     -1.86522670	      6.23855004	     16.07177758	      4.92530635	      7.85155360	    -19.74731785	      0.00000000	     20.74424669	    -11.43178730	     -4.76151895	      8.83692997	      1.41522319	     10.08206607	      0.00000000	    -11.02741554	     -1.20633725	      2.08880545	     19.18148768	     -3.44392211	     29.23133735	     16.14907264	     67.46029271	      4.91299569	    -18.03956350	     15.06755497	     45.61148499	     70.59095849
9.48333330	     -0.16661887	     -0.02879930	    -95.39909885	      0.84942265	      1.20801996	      0.14668028	     -1.98179881	      5.99055327	     17.26008082	      4.72858392	      7.02596904	    -21.11004375	      0.00000000	     21.36041128	    -11.29529230	     -4.36884112	      8.05842407	      0.72317577	     10.64739000	      0.00000000	    -10.73956762	     -0.97115234	      2.37691354	     19.26695193	     -3.45968706	     30.27765717	     18.95694893	     67.45268544	      4.21150345	    -17.70797369	     15.17205979	     44.00834598	     70.94894936
9.50000000	     -0.31967830	      0.30376424	    -95.69007832	      0.85133140	      1.20774845	      0.14778690	     -2.16756829	      6.10850165	     18.77177851	      4.71673465	      6.39221818	    -21.90435212	      0.00000000	     21.92900692	    -11.23507462	     -4.21258130	      7.51676075	      0.20177872	     11.26955387	      0.00000000	    -10.52282105	     -0.77782262	      2.93667683	     19.08026884	     -3.64653854	     31.51008189	     22.16306279	     67.40212490	      3.52899834	    -17.22093673	     15.26008956	     42.52376528	     71.31223181
9.51666670	     -0.58082544	      0.59458655	    -95.86019353	      0.85191750	      1.20672636	      0.14921974	     -2.43510164	      6.74396573	     20.38514564	      5.17865435	      6.70694611	    -21.57267596	      0.00000000	     22.39074364	    -11.28207642	     -3.94925951	      7.12772327	     -0.06165074	     11.98219340	      0.00000000	    -10.33740929	     -0.53735380	      3.20487342	     19.02800995	     -3.52730327	     32.44752461	     24.96670760	     67.32817444	      2.59962775	    -17.03573040	     15.39127842	     41.07317013	     71.53812405
9.53333330	     -0.91676941	      0.91755735	    -95.98684863	      0.85213863	      1.20528241	      0.15047865	     -2.73547308	      7.68879589	     22.21740486	      5.85782950	      7.73215365	    -20.39311552	      0.00000000	     22.87267678	    -11.45414933	     -3.82171184	      7.03470566	     -0.13203454	     12.56915088	      0.00000000	    -10.13358522	     -0.34006563	      3.61615818	     18.89854312	     -3.39332750	     33.42972044	     27.79274271	     67.24168282	      1.76356305	    -16.84809000	     15.45842106	     39.59548090	     71.69215214
9.55000000	     -1.28092754	      1.28864904	    -96.02110401	      0.85368659	      1.20333995	      0.15117326	     -2.97256274	      8.64579551	     23.88989976	      6.59880891	      9.20600069	    -18.70424631	      0.00000000	     23.40650062	    -11.65313630	     -3.77278873	      7.17973543	     -0.02341298	     12.92200531	      0.00000000	     -9.90987462	     -0.19451544	      4.00523169	     18.77990967	     -3.19080905	     34.35231486	     30.33726757	     67.09987820	      1.01406450	    -16.72084912	     15.51002206	     38.10060057	     71.78925125
9.56666670	     -1.59876833	      1.76866400	    -96.01443213	      0.85710197	      1.20115762	      0.15110260	     -2.97681073	      9.37677196	     25.40455670	      7.32929225	     10.64860929	    -17.18802657	      0.00000000	     24.03376903	    -11.77274208	     -3.77699611	      7.49004979	      0.07320885	     13.08018875	      0.00000000	     -9.58750719	     -0.09074658	      4.27434209	     18.70457018	     -2.97628901	     35.13764233	     32.56154267	     66.93505631	      0.22952569	    -16.60736146	     15.53480109	     36.66446393	     71.81647027
9.58333330	     -1.90036956	      2.32333048	    -96.00274034	      0.86106747	      1.19823764	      0.15066229	     -2.74018359	      9.88654345	     26.76272642	      8.04003156	     11.85560952	    -16.19833136	      0.00000000	     24.71753291	    -11.84953901	     -3.87212589	      7.96915114	      0.20939378	     13.06065128	      0.00000000	     -9.20616131	      0.00714747	      4.48901584	     18.61428208	     -2.85802953	     35.83504070	     34.63638327	     66.75402029	     -0.52623584	    -16.46374590	     15.52282409	     35.35094439	     71.78589917
9.60000000	     -2.14386638	      2.95309049	    -95.97095246	      0.86490039	      1.19476006	      0.15011900	     -2.23930565	     10.19737238	     27.95619693	      8.77223998	     12.75116119	    -15.96277211	      0.00000000	     25.42151675	    -11.86393385	     -3.98809871	      8.51414419	      0.28373571	     12.95431297	      0.00000000	     -8.77718318	      0.03515346	      4.57066776	     18.59405000	     -2.67429418	     36.34279492	     36.36859993	     66.60373422	     -1.30437203	    -16.39838159	     15.50164611	     34.19050410	     71.72162396
9.61666670	     -2.38306849	      3.53873422	    -95.91284513	      0.86943323	      1.19120575	      0.14946727	     -1.65288086	     10.38510439	     29.01661898	      9.55075941	     13.48202838	    -16.16719547	      0.00000000	     25.99969807	    -11.86602429	     -4.25195235	      9.01622501	      0.29426282	     12.71012534	      0.00000000	     -8.36488094	      0.11988080	      4.60683592	     18.56977494	     -2.51541187	     36.69328580	     37.58694659	     66.48861466	     -2.06937491	    -16.25735429	     15.48701047	     33.15340882	     71.64714946
9.63333330	     -2.62398003	      4.31879678	    -95.80279248	      0.87412979	      1.18818398	      0.14897785	     -0.77249047	     10.53881207	     29.93851152	     10.34437645	     13.95205804	    -16.62451142	      0.00000000	     26.75637435	    -11.91703185	     -4.50785372	      9.43402166	      0.06356276	     12.50903410	      0.00000000	     -7.68679037	      0.17556092	      4.73507967	     18.55051051	     -2.41502027	     37.10126482	     38.61477096	     66.31641376	     -2.60204262	    -16.08506469	     15.34405887	     31.84926688	     71.50971144
9.65000000	     -2.88236243	      5.07998423	    -95.68018329	      0.87851396	      1.18671673	      0.14963232	      0.10239267	     10.67790079	     30.67295092	     11.12870019	     14.19692146	    -17.15767877	      0.00000000	     27.41852518	    -12.02793720	     -4.95197099	      9.72090721	     -0.41874149	     12.39349490	      0.00000000	     -6.98073180	      0.26159042	      4.89974699	     18.55790040	     -2.24648792	     37.45369192	     39.07097243	     66.00181965	     -2.99990663	    -15.81805267	     15.13882559	     30.29256620	     71.30394852
9.66666670	     -3.07551473	      5.36246244	    -95.48444702	      0.88311434	      1.18694882	      0.15228273	      0.40495790	     10.66273202	     31.13309642	     11.90035076	     14.74931417	    -17.41533878	      0.00000000	     27.40718886	    -11.97389897	     -5.58172651	      9.79341675	     -1.10662297	     12.33191305	      0.00000000	     -6.80714726	      0.19991803	      4.78306806	     18.48927292	     -2.02084357	     37.47395437	     39.20628247	     65.90908862	     -3.67113634	    -15.75625348	     15.16048629	     29.61267861	     71.25838047
9.68333330	     -3.12126496	      5.79319614	    -95.28904259	      0.88873510	      1.18695518	      0.15658638	      0.83918680	     10.49709167	     31.32361057	     12.77855605	     15.18943879	    -17.56991808	      0.00000000	     27.47615862	    -11.73281987	     -6.22453925	      9.92296681	     -1.68700890	     12.38027065	      0.00000000	     -6.24979291	      0.02693375	      4.60114836	     17.98249293	     -1.92124370	     37.50472097	     39.04582717	     65.77118584	     -4.39572892	    -15.69622266	     15.08236811	     28.65473536	     71.17570087
9.70000000	     -3.29244980	      6.51775535	    -95.07682759	      0.89570321	      1.18672935	      0.16093505	      1.62517004	     10.48557263	     31.11373230	     13.91119305	     15.76507774	    -16.98303654	      0.00000000	     27.97114104	    -11.59767911	     -6.73262232	     10.39534350	     -1.80479977	     12.57298765	      0.00000000	     -5.08710843	     -0.06068351	      4.55658837	     17.10710106	     -2.00020404	     37.25171648	     37.82891094	     65.19965424	     -4.78385666	    -15.21909235	     14.64764647	     26.70386300	     70.89660066
9.71666670	     -3.30837136	      6.73253419	    -94.94662420	      0.90245132	      1.18801158	      0.16469959	      1.93100942	     10.21976625	     30.63206172	     15.22985297	     16.34647642	    -16.44128635	      0.00000000	     27.72518374	    -11.19043096	     -7.23885960	     10.63769068	     -1.86042294	     12.42569666	      0.00000000	     -4.60991341	     -0.32939238	      4.35468554	     16.16644442	     -2.17154132	     36.80751286	     36.82635196	     64.61285584	     -5.34838823	    -15.07627546	     14.49575974	     25.66598068	     70.73602490
9.73333330	     -3.31425282	      6.71341207	    -94.78728659	      0.90761475	      1.19095984	      0.16747689	      2.10359482	      9.92365358	     29.83708829	     16.68163742	     16.14394801	    -16.55555325	      0.00000000	     27.23295222	    -10.71022970	     -7.59569227	     10.87791500	     -1.51733682	     12.23063898	      0.00000000	     -4.47135240	     -0.65323995	      4.17826485	     15.34432279	     -2.57072492	     36.70533074	     36.33477311	     64.46671099	     -5.83890085	    -15.12229909	     14.49979079	     25.33881969	     70.71020508
9.75000000	     -3.27835296	      7.09274000	    -94.69278573	      0.91148140	      1.19401376	      0.16965861	      2.92056298	      9.68611775	     28.72053836	     18.44501776	     15.66617443	    -16.85251245	      0.00000000	     27.07406359	    -10.27074510	     -8.02213390	     10.92540743	     -1.27301438	     12.25959091	      0.00000000	     -3.70260983	     -0.96841228	      3.97032985	     14.63436938	     -2.41871155	     36.11497930	     35.12621332	     63.87804787	     -6.34919726	    -15.16472876	     14.52342620	     24.53672704	     70.63161066
9.76666670	     -3.23379510	      7.17803749	    -94.60276936	      0.91497933	      1.19655552	      0.17162638	      3.59378087	      9.44031516	     27.31990321	     20.39786458	     14.22572744	    -17.90949051	      0.00000000	     26.48911958	     -9.78816420	     -8.26701297	     10.72471921	     -0.95980299	     12.20550948	      0.00000000	     -3.43416623	     -1.30883037	      3.84577338	     14.30839862	     -2.21959040	     35.85715058	     34.54655113	     63.41986627	     -6.63195363	    -15.35042154	     14.59956330	     24.10113382	     70.57053733
9.78333330	     -3.24194512	      7.32325866	    -94.56084658	      0.91682131	      1.19760170	      0.17418724	      4.59167815	      9.39713897	     25.84193666	     22.77936403	     11.93297213	    -19.72807499	      0.00000000	     25.91123873	     -9.45556879	     -8.39063441	     10.42499011	     -0.59045053	     12.06537543	      0.00000000	     -3.14835848	     -1.64820476	      3.68070167	     14.20880992	     -1.94888457	     35.70804788	     33.94719562	     62.80436188	     -6.86984798	    -15.51385399	     14.74671098	     23.73178987	     70.46659891
9.80000000	     -3.27091988	      7.14397459	    -94.53481424	      0.91636806	      1.19996227	      0.17667723	      5.54164771	      9.35608822	     23.58750308	     25.52210115	     10.24717627	    -19.95515111	      0.00000000	     24.87668816	     -9.24058644	     -8.50976677	      9.94884337	     -0.15051281	     11.95813390	      0.00000000	     -3.27692905	     -2.07108108	      3.60819018	     14.01882342	     -1.87206539	     35.73808340	     33.76826098	     62.69166239	     -6.85475958	    -15.84808733	     14.72542605	     23.63407624	     70.43427579
9.81666670	     -3.46910214	      7.21433911	    -94.36450423	      0.91437907	      1.20247188	      0.17896215	      6.91524965	      9.55570963	     20.91137447	     28.34451699	      7.71335458	    -20.43209062	      0.00000000	     24.08293291	     -9.27550220	     -8.26210618	      9.35680924	      0.18456891	     11.74039099	      0.00000000	     -3.01677190	     -2.39335239	      3.23037459	     13.69912181	     -1.56613669	     35.76454604	     32.99685799	     62.19870223	     -7.09018406	    -16.35900912	     14.81124909	     23.60534611	     70.31564150
9.83333330	     -3.62962926	      6.93683914	    -94.37138402	      0.91183337	      1.20559213	      0.18083355	      8.16486688	      9.65456406	     17.94194155	     31.46436885	      5.62428924	    -19.77423838	      0.00000000	     22.86859543	     -9.43729522	     -8.37994888	      8.78196521	      0.67682382	     11.58763448	      0.00000000	     -3.26561579	     -2.89446735	      3.20177203	     13.63548151	     -1.20860741	     35.87859523	     32.84722191	     62.08654055	     -6.92995140	    -17.07254884	     14.73178608	     23.60202787	     70.26297634
9.85000000	     -3.87166598	      6.97502312	    -94.15307054	      0.91168738	      1.20587902	      0.18354199	      9.89399709	      9.52429731	     14.11733789	     34.71783446	      4.73955303	    -17.05192712	      0.00000000	     22.05049214	     -9.60728337	     -8.12436586	      8.19184791	      1.11826446	     11.25776079	      0.00000000	     -3.08828339	     -3.28901443	      2.67398159	     13.90297523	     -0.41933102	     36.54763506	     32.20452429	     61.39668898	     -7.25842513	    -18.00127340	     14.83523832	     24.16194590	     69.95517570
9.86666670	     -4.05634858	      6.82156134	    -93.99664135	      0.91490260	      1.20558721	      0.18552261	     11.44959323	      9.15421581	     10.66726274	     38.06169112	      3.70972743	    -14.55312927	      0.00000000	     21.00557060	     -9.66627401	     -8.15118045	      7.56892696	      1.62841194	     11.28723618	      0.00000000	     -3.12216719	     -3.69741203	      2.36803846	     14.14996268	      0.03131546	     37.51221842	     32.14612090	     60.69679894	     -7.18881612	    -18.75663703	     14.79588478	     24.51609576	     69.50235221
9.88333330	     -4.21630172	      6.73462004	    -93.77647086	      0.92195613	      1.20438488	      0.18613745	     13.13977312	      8.56401086	      7.60297459	     41.61288950	      2.83800679	    -11.89701317	      0.00000000	     20.17218659	     -9.54454230	     -8.11995812	      7.08181277	      2.20522231	     11.50371755	      0.00000000	     -3.06790644	     -4.00155598	      2.07912374	     14.16710432	      0.19411280	     38.15691681	     32.19359834	     60.19219849	     -6.90965500	    -19.29523505	     14.81591246	     24.77583965	     69.15964519
9.90000000	     -4.26195847	      6.68722847	    -93.62097411	      0.93151566	      1.20261575	      0.18604711	     14.94414533	      7.66758208	      5.07217150	     45.40854239	      2.71395092	     -8.13170103	      0.00000000	     19.54884097	     -9.16112246	     -8.15854618	      6.83869892	      2.93161636	     11.59065401	      0.00000000	     -3.02832186	     -4.29477844	      1.86324227	     14.18055168	      0.20477606	     38.72040982	     32.26397597	     59.71109073	     -6.43007113	    -19.73129762	     14.92237075	     25.07283407	     68.83235821
9.91666670	     -4.22486584	      6.68013496	    -93.44811264	      0.94142494	      1.20142944	      0.18648238	     16.72367670	      6.45466752	      2.90928176	     49.12554986	      3.18242330	     -3.62483514	      0.00000000	     19.10090782	     -8.53972541	     -8.09435736	      6.79376122	      3.83071747	     11.53749972	      0.00000000	     -2.95030560	     -4.52504493	      1.68706687	     14.24339011	      0.15481885	     39.22299872	     32.39286397	     59.25368902	     -5.79625592	    -20.04829674	     15.10730526	     25.39206116	     68.51892862
9.93333330	     -4.11145067	      6.66688602	    -93.23400316	      0.94943902	      1.20188905	      0.18730711	     18.29561390	      4.94489430	      0.97351319	     52.25903200	      3.71063632	      0.36677658	      0.00000000	     18.66516696	     -7.76052327	     -7.98277981	      6.78664512	      4.81029197	     11.39102295	      0.00000000	     -2.83042118	     -4.76168141	      1.53443244	     14.37649126	      0.15240391	     39.66704410	     32.64198551	     58.88207792	     -5.02026745	    -20.32625183	     15.29195742	     25.74448375	     68.24515238
9.95000000	     -3.92645060	      6.62070668	    -93.08425967	      0.95540248	      1.20396646	      0.18719806	     19.62945024	      3.16369832	     -0.74683884	     54.56164650	      4.43887481	      2.12280140	      0.00000000	     18.21428393	     -6.93969742	     -7.91198077	      6.81872882	      5.61953883	     11.15270170	      0.00000000	     -2.79397393	     -5.01120054	      1.36325412	     14.63456221	      0.09665891	     40.15621083	     33.05561198	     58.50327890	     -4.21748979	    -20.49132243	     15.55085332	     26.12495621	     67.93974589
9.96666670	     -3.77451565	      6.45965077	    -92.88821176	      0.96065075	      1.20688445	      0.18545255	     20.60610463	      1.30185123	     -2.39433215	     55.76548071	      5.25427038	      0.69332578	      0.00000000	     17.71759610	     -6.23600717	     -8.01778738	      6.82296377	      6.12656396	     10.99356575	      0.00000000	     -2.96563818	     -5.23834804	      1.16726304	     15.07694386	      0.20771667	     40.40653206	     33.36133429	     58.35192495	     -3.22676603	    -20.63279338	     15.61396735	     26.47023294	     67.78837472
9.98333330	     -3.64452143	      6.21228518	    -92.74362909	      0.96621639	      1.20897416	      0.18293820	     21.35973920	     -0.37388119	     -3.76667722	     56.04476744	      5.92463596	     -2.66406721	      0.00000000	     17.20169134	     -5.67941837	     -8.29592805	      6.80530860	      6.20046920	     10.80161712	      0.00000000	     -3.29927905	     -5.38658304	      1.11594707	     15.70870675	     -0.03587000	     41.63133718	     34.43527446	     57.68170331	     -2.01014343	    -20.84973085	     16.41147405	     27.11529644	     67.08793625
10.00000000	     -3.43744675	      6.04763024	    -92.49865192	      0.97173122	      1.20898218	      0.18116370	     22.15028301	     -1.99252989	     -5.12353194	     55.96359448	      7.44367911	     -4.63660087	      0.00000000	     16.92469183	     -5.12221108	     -8.48950452	      6.97412009	      6.29817151	     10.91882452	      0.00000000	     -3.45617729	     -5.59935153	      0.94275030	     16.48956414	      0.23702362	     41.80869914	     34.70434405	     57.57278761	     -0.78094012	    -20.89287872	     16.46527907	     27.48622043	     66.94683245
