ModelForces
version=1
nRows=200
nColumns=108
inDegrees=yes

This file contains the forces exerted on a model during a simulation.

A force is a generalized force, meaning that it can be either a force (N) or a torque (Nm).

Units are S.I. units (second, meters, Newtons, ...)
Angles are in degrees.

endheader 
time	addbrev_l	addlong_l	addmagDist_l	addmagIsch_l	addmagMid_l	addmagProx_l	bflh_l	bfsh_l	edl_l	ehl_l	fdl_l	fhl_l	gaslat_l	gasmed_l	glmax1_l	glmax2_l	glmax3_l	glmed1_l	glmed2_l	glmed3_l	glmin1_l	glmin2_l	glmin3_l	grac_l	iliacus_l	perbrev_l	perlong_l	piri_l	psoas_l	recfem_l	sart_l	semimem_l	semiten_l	soleus_l	tfl_l	tibant_l	tibpost_l	vasint_l	vaslat_l	vasmed_l	addbrev_r	addlong_r	addmagDist_r	addmagIsch_r	addmagMid_r	addmagProx_r	bflh_r	bfsh_r	edl_r	ehl_r	fdl_r	fhl_r	gaslat_r	gasmed_r	glmax1_r	glmax2_r	glmax3_r	glmed1_r	glmed2_r	glmed3_r	glmin1_r	glmin2_r	glmin3_r	grac_r	iliacus_r	perbrev_r	perlong_r	piri_r	psoas_r	recfem_r	sart_r	semimem_r	semiten_r	soleus_r	tfl_r	tibant_r	tibpost_r	vasint_r	vaslat_r	vasmed_r	hip_flexion_r	hip_flexion_l	hip_adduction_r	hip_adduction_l	hip_rotation_r	hip_rotation_l	knee_angle_r	knee_angle_l	ankle_angle_r	ankle_angle_l	subtalar_angle_r	subtalar_angle_l	mtp_angle_r	mtp_angle_l	lumbar_extension	lumbar_bending	lumbar_rotation	arm_flex_l	arm_add_l	arm_rot_l	arm_flex_r	arm_add_r	arm_rot_r	elbow_flex_l	elbow_flex_r	pro_sup_l	pro_sup_r	
          2.00000000	         15.27435857	         22.88988254	          6.81345604	          7.88058728	          4.89684542	          5.99056609	         19.13263704	         26.78870184	         11.07408233	          5.63517779	         15.35555045	         63.56261131	        115.01173821	        347.47651132	         78.50755527	        137.59398573	          9.94667100	        551.64693708	        201.71903601	        158.79581818	         58.36661828	         54.28810968	         54.09448751	         14.67565356	        113.54213484	         42.82557992	         76.45738280	         58.85073759	        196.33174093	        181.07415544	         14.36319451	         35.25185321	         21.14156164	        934.93065617	        160.93645314	         13.24584538	        511.92415939	         39.37816859	        156.17961899	         61.26632834	         10.55372567	         13.32132455	         12.66236403	         20.21360694	          7.01160604	         17.04916142	        146.94482396	         25.97020200	        142.13383880	         29.92029157	         20.67455899	         36.72285256	         85.82682981	        231.24181689	         21.84665549	         36.41481313	         29.86343894	         22.63340738	         28.33590964	         45.67236186	          6.08156795	          9.49694573	         15.73741536	         17.40487949	        318.81628400	         17.65811391	        275.66505729	        634.19654163	       1020.09474394	        131.26891356	         60.26165310	        213.27059344	         67.88252948	        315.78280560	         43.04438458	        551.10090071	         68.86925992	         52.68584614	        414.04677855	         97.15539476	          0.05308139	          0.04601463	         -0.00308613	         -0.00573682	         -0.06471289	          0.00213615	          0.04239317	         -0.03119552	          0.04177237	         -0.03030705	          0.11939459	         -0.03308401	         -0.93440166	         -5.75328144	         -2.13359819	         36.04308139	         -9.13280872	          5.41910736	         -0.93423254	         -0.68768454	          6.18814350	         -2.67776231	         -0.47429101	         -0.88752617	          1.96606428	         -0.10419892	         -0.05669718	
          2.02000000	         15.40777487	         23.27353516	          6.68034640	          7.37444505	          4.85697507	          5.99550221	         17.98565255	         29.36818866	         10.48247368	          5.58543675	         37.81001347	        118.71595235	        196.30974854	        381.69107563	         55.11888458	         92.88838088	          9.50521748	        502.12292174	        201.20796521	        177.19722805	         67.25979846	         65.63351003	         66.47864102	         14.62368969	        116.29214331	         42.33613416	         75.76389776	        117.62986016	        198.99861651	        374.81517945	         17.84756891	         31.88668377	         20.53663064	       1056.85978448	        118.06000590	         58.93660194	        458.48417337	         29.14171983	        111.86399482	         45.03947533	          9.74048562	         10.53471356	         12.42531819	         19.59984208	          6.88594084	         12.39866502	        142.55414708	         26.30918185	        153.53099476	         43.40449956	         19.69832947	         34.39727489	         85.32595145	        228.36662693	         22.64353454	         36.32809489	         29.21275396	         22.29906025	         27.84401813	         45.17688555	          6.05347184	          9.46343040	         15.70444772	         17.29952236	        270.84670598	         51.24519823	        225.23014561	        523.84688041	        845.94566318	        147.01434294	         83.87124862	        206.95543211	         66.65612001	        306.16122465	         50.92788783	        512.75065209	         70.65915216	         51.89268026	        356.81969542	         93.96063056	          0.05875962	          0.04605237	          0.00470258	         -0.00594889	         -0.05381762	          0.00862175	          0.05044608	         -0.03815651	          0.05264081	         -0.02999853	          0.11972096	         -0.02870095	         -0.73841954	          0.28226486	         -5.98280365	         36.24020193	         -6.43648236	          6.21210562	         -1.46092576	         -0.59337069	          6.22915431	         -2.46907509	         -0.54090561	         -1.03190788	          1.93772937	         -0.07060856	         -0.06547252	
          2.04000000	         15.60037117	         23.75049421	          6.60231636	          7.14582095	          4.85251914	          6.04626656	         16.99186094	         28.01787953	         10.05634224	          5.49586322	         37.28571121	        123.15711257	        164.30248065	        369.32987709	         38.38231154	         63.12428449	          9.26359020	        432.77855586	        171.91812360	        159.09247679	         64.77145777	         63.97961304	         61.88611228	         14.57683068	        125.67103742	         41.84810942	         75.29136601	        100.31855616	        202.47027460	        510.92118182	         20.64924053	         28.42802772	         19.59938064	        954.99337688	         99.90458731	         77.10168649	        430.25669105	         23.28237199	         82.35013445	         34.90704367	          9.90189111	         10.64836723	         12.22444315	         19.03024464	          6.87098295	          9.26562853	        138.02315879	         26.54878692	        156.47762748	         46.84048766	         18.90561962	         32.77178094	         84.50576346	        224.52191479	         54.72404597	         37.34456290	         28.53999437	         22.17845823	         27.42757021	         44.79261723	          6.10847975	          9.50622093	         15.71898015	         17.35540514	        233.66216296	         69.46986840	        196.68232891	        418.05319387	        721.47671535	        145.43527921	         80.20340152	        200.86414304	         65.50351198	        294.06361607	         47.76949154	        486.87942012	         72.44460088	         47.36284682	        309.97032221	         85.53674469	          0.06508719	          0.04680018	          0.01060621	         -0.00486568	         -0.03449412	          0.01332821	          0.05693823	         -0.04042942	          0.06316944	         -0.02550002	          0.10958431	         -0.02084500	         -0.58114010	          0.24546701	        -10.26296295	         31.75411168	         -2.71862056	          5.14114064	         -2.04893168	         -0.32736354	          5.87346732	         -1.81532979	         -0.51665158	         -0.94677254	          1.79643339	         -0.01734740	         -0.06254515	
          2.06000000	         15.80019619	         24.22574128	          6.56455935	          7.05354427	          4.86249234	          6.12075751	         16.42374328	         27.53012243	          9.93739033	          5.45095723	         34.20295363	        112.38169931	        154.57162164	        360.79530982	         27.33031305	         43.51206967	          9.10550762	        356.83634297	        142.35295801	        144.74432977	         56.60402181	         58.11689546	         55.37655114	         14.55742500	        145.96383520	         41.09462711	         74.36465022	        112.91986077	        206.00249393	        620.69954825	         22.32029466	         27.37573381	         19.10359589	        852.57921122	         96.06462119	         59.40721585	        430.02652844	         23.24761491	         65.03699861	         33.34078954	         10.23492124	         11.25708430	         12.03248792	         18.47812727	          6.88679245	         10.00241765	        133.06261990	         26.84480287	        156.72020424	         44.70207269	         18.29753411	         31.47167863	         83.24738207	        219.54703040	         47.75533447	         37.46128623	         27.81576821	         22.29014130	         27.10134055	         43.70835060	          6.23529319	          9.59695326	         15.54644155	         17.50622228	        189.93410965	         66.03837587	        193.94145167	        342.71172339	        643.69724149	        142.90419483	         67.08938995	        194.64146238	         64.33925243	        279.58700298	         40.38166320	        469.67733760	         73.69792025	         43.06500960	        270.42874088	         76.65353462	          0.07158621	          0.04716258	          0.01378765	         -0.00524555	         -0.00888050	          0.01221869	          0.06144147	         -0.04112606	          0.07219545	         -0.02090872	          0.09077378	          0.00490286	         -0.45729714	          0.18817876	        -13.84320490	         29.94903850	         -1.69125194	          3.65709132	         -2.35309031	          0.01618640	          5.59595780	         -0.94313080	         -0.39895258	         -0.77972742	          1.75736605	          0.04067469	         -0.05016989	
          2.08000000	         15.95718239	         24.62558536	          6.50753247	          6.93682508	          4.85093129	          6.21906445	         15.91565264	         27.27503538	          9.84430330	          5.41290373	         21.13098733	        107.29957518	        141.20835700	        363.47378786	         20.52463313	         30.68714211	          8.98456675	        293.76105175	        144.47067178	        126.94614043	         50.34811347	         59.75597381	         70.33425473	         14.53847489	        153.41660503	         39.70672304	         72.57800486	         85.95644527	        216.93166306	        698.71386831	         25.32737016	         26.45281644	         18.59662815	        788.46510265	         97.29200506	         44.78346477	        463.38223622	         23.35175763	         62.96453280	         33.40473494	         10.71347244	         12.19928516	         11.82319247	         17.92229140	          6.89666677	         18.61857899	        127.53158296	         27.12900316	        153.34888217	         42.28711576	         17.81278008	         30.40275127	         81.61793889	        213.64822446	         36.39111937	         36.19998505	         27.04094355	         22.58388707	         26.89277874	         42.53423453	          6.40485321	          9.73868800	         15.43669570	         17.69792067	        169.92020866	         65.26730652	        190.18889932	        284.97304178	        578.55177860	        140.62017275	         57.95213301	        188.00261461	         63.07858054	        264.02321062	         34.19513084	        455.04428674	         74.48717813	         39.97501990	        239.91155950	         70.33217044	          0.07631688	          0.04429958	          0.01294985	         -0.00598164	          0.01542139	          0.00467212	          0.06157535	         -0.04475425	          0.07741239	         -0.01939270	          0.07474462	          0.04076376	         -0.35980520	          0.13754512	        -16.78940149	         28.67878038	         -1.18841013	          2.07997270	         -1.82156653	          0.33509944	          5.21035080	         -0.38850907	         -0.23766133	         -0.40312083	          1.68994961	          0.09209777	         -0.03055163	
          2.10000000	         16.06030629	         24.91779934	          6.49803728	          6.90077218	          4.85532615	          6.24092753	         15.41368033	         26.72090490	          9.50295264	          5.32503398	         42.85331263	        142.17702935	        155.31338110	        357.96686007	         22.39247679	         22.52611144	          8.93787713	        269.68699772	        160.96232172	         89.16436704	         45.75710448	         64.06218915	         51.11191943	         14.46565651	        142.50808536	         37.73472912	         69.99378748	         60.59042940	        213.80078279	        632.47338894	         21.08730937	         24.14114977	         18.15501266	        766.59867285	         93.01570328	         19.79612196	        544.85082812	         28.52560988	         98.13025828	         42.85806615	         11.58885675	         24.18229124	         11.58497028	         17.35128573	          6.89038070	         29.12079913	        121.46156640	         27.36835099	        149.04158636	         40.41820034	         17.44186697	         29.57830295	         79.66386330	        206.92687318	         28.60510130	         34.12101069	         26.23216728	         23.00397189	         26.81166067	         41.56272289	          6.59105329	          9.92602880	         15.50448201	         17.85568314	        164.40916539	         63.73449633	        187.50822300	        249.76337868	        585.81631784	        145.43993333	         54.66754395	        180.73249435	         61.65264751	        248.47266774	         27.45044501	        440.60317619	         75.16653893	         39.10483095	        231.92548776	         68.58638915	          0.07768907	          0.03866547	          0.00705411	         -0.00445639	          0.03211159	         -0.00285343	          0.05529175	         -0.05130882	          0.08089770	         -0.02085166	          0.07222406	          0.06596833	         -0.28298171	          0.10537816	        -16.23542105	         31.04442231	         -2.45395597	          1.53852462	         -0.78328408	          0.34872719	          4.38508764	         -0.64506692	         -0.16579724	          0.15627566	          1.51424841	          0.10749060	         -0.02508667	
          2.12000000	         16.13511667	         25.16386534	          6.64187398	          7.09670569	          4.90140473	          6.16426256	         17.37653116	         26.31269650	          8.89526139	          5.25190405	         58.84717416	        199.65690341	        146.20482065	        352.34920929	         16.47659482	         26.70459285	          9.46888372	        354.23809354	        111.04627752	         63.38289626	         44.92061447	         47.92635880	         37.68182734	         14.34930337	        135.23840246	         35.76503248	         67.46787361	         42.94496026	        211.56943727	        440.10335337	         18.08262766	         46.63071659	         18.77352556	       1048.40911234	         65.43738487	        115.19133611	        661.34289054	         35.36227606	        165.84172083	         56.90599947	         11.77752731	         58.87144046	         11.31219779	         16.78071540	          6.77997392	         37.15573782	        115.11225127	         27.55847551	        144.59974161	         38.79241972	         17.26109502	         29.05655775	         77.27744031	        199.03255112	         23.99050174	         33.15856601	         25.39613997	         23.48304256	         26.86415850	         40.95805108	          6.76551557	         10.13969621	         15.74263699	         17.84685003	        168.13805940	         60.72155875	        186.34503038	        246.21106078	        638.03326853	        160.81290480	         56.76442494	        172.89866023	         60.04346570	        233.11494342	         25.62815685	        424.94308905	         76.26837607	         39.06300737	        237.47774625	         68.36003974	          0.07354373	          0.03118524	         -0.00315729	          0.00048322	          0.03750167	          0.00002486	          0.04205598	         -0.05998194	          0.08668104	         -0.02165245	          0.08905347	          0.06049078	         -0.22247657	          0.10030712	        -11.68225392	         37.87744260	         -4.97379001	          2.36264340	         -0.41091183	          0.00913455	          3.38492879	         -1.59732872	         -0.25499528	          0.56144036	          1.27971870	          0.08335703	         -0.04124526	
          2.14000000	         16.48967454	         25.73222217	          6.84772750	         14.70905386	          5.04393034	          6.17952872	         15.26899371	         25.94064948	          8.67881449	          5.18304767	         73.49359306	        250.45282755	        172.66281108	        347.51672051	         12.17378336	         19.40949442	          8.95163429	        461.38855187	         77.31193199	         45.72222738	         80.04109487	         35.54246039	         28.37293968	         14.26164751	        150.67170526	         34.74902974	         66.19746192	         30.19675971	        212.52819030	        312.76330111	         16.07228464	         90.48995114	         19.55367578	       1390.44090502	         66.99290096	        204.34310325	        777.68720667	         39.37019115	        247.89689783	         67.09194997	         16.21617434	         77.65813184	         11.06534431	         16.27297129	          6.67478607	         39.18135773	        108.92645511	         27.59924304	        140.04088815	         37.13364525	         17.28509273	         28.80805886	         74.21648517	        189.29456168	         21.67498771	         32.12169161	         24.65636700	         23.99127369	         27.06317151	         40.68896685	          6.93218050	         10.39314283	         16.15034881	         17.74394697	        182.64267414	         58.00207843	        185.53682997	        250.10192823	        648.28215806	        179.19324873	         56.77794850	        164.87788839	         58.32593144	        217.33843485	         28.04991649	        405.29307746	         78.09501123	         40.52565604	        207.90690500	         71.20119241	          0.06358627	          0.02243675	         -0.01493145	          0.00778883	          0.03330876	          0.01894921	          0.02283111	         -0.07025415	          0.09734512	         -0.01764698	          0.12057828	          0.02689620	         -0.17492889	          0.11637742	         -8.08395471	         43.57543646	         -4.89066999	          3.03345279	         -0.70586438	         -0.19925991	          2.90178832	         -2.60096038	         -0.42725706	          0.67632272	          1.09893310	          0.07332694	         -0.05885370	
          2.16000000	         16.69028444	         26.21016453	          6.78550530	         11.55294288	          5.09235896	          6.19055978	         14.90371672	         25.33819796	          8.71770333	          5.14943445	         83.67782483	        287.91417202	        185.50345825	        340.33852441	         10.68702096	         14.71607421	          8.95402466	        573.30270803	         54.91613500	         33.72306932	        101.24805622	         33.72853406	         21.92161863	         14.15364295	        173.76690130	         34.72241811	         66.23973722	         21.17491691	        213.73258959	        214.43781191	         14.83639103	         62.41375897	         18.07899005	       1726.42666423	         80.31617325	        236.17610571	        862.31161042	         65.12063462	        251.23898544	        106.75309797	         20.83658895	         83.81725088	         10.86128277	         15.84455598	          6.59919028	         36.59094720	        103.19305716	         27.69621823	        135.36146013	         35.20354830	         17.49229788	         28.74697311	         70.30041086	        177.23840476	         21.23870177	         31.71554578	         24.11335030	         24.52154656	         27.38936646	         40.80465818	          7.09010816	         10.66869110	         16.74508652	         17.54339093	        193.70455064	         55.41352965	        182.75809822	        250.64880598	        612.71191311	        193.27432797	         53.47334886	        156.91103985	         56.56131522	        200.56422151	         22.68439958	        378.98911115	         80.66627860	         43.42679472	        148.23407247	         69.74718689	          0.05084747	          0.01403069	         -0.02580125	          0.01660325	          0.02502952	          0.04735620	         -0.00051358	         -0.08061984	          0.11220566	         -0.00660801	          0.15796015	         -0.01800013	         -0.13768413	          0.14268840	         -5.79516980	         46.31485423	         -3.45667671	          3.12939125	         -0.92723270	         -0.24455561	          3.03679936	         -3.13139834	         -0.57105575	          0.75307493	          1.09846670	          0.07942766	         -0.07180824	
          2.18000000	         16.99756635	         26.82426178	          6.85773453	          9.18581339	          5.21949254	          6.25559207	         14.78255431	         25.09416475	          8.90378119	          5.01817359	         87.85386548	        306.14347448	        151.25993999	        332.64573972	         10.65530192	         14.76086422	          9.01437074	        580.93731587	         40.01939621	         25.66160310	         90.44029273	         34.70214368	         17.46198677	         14.09842671	        157.45201730	         35.44413914	         67.24997669	         14.88506257	        214.72822562	        358.37518489	         14.54730739	         43.95247865	         17.72969193	       2015.69167853	         87.68719759	        230.54450051	        895.88215534	         47.41584955	        178.80446034	         77.02526090	         25.34385580	         86.57549379	         10.67860339	         15.48290371	          6.52482277	         35.63094547	         97.29145250	         25.60467514	        131.13449689	         33.00388234	         17.82313699	         28.76818145	         65.39866101	        162.79820615	         20.80226683	         31.38753724	         23.60555974	         25.09101179	         27.82543040	         41.17605941	          7.25281823	         10.97307109	         17.44686401	         16.71312654	        154.94712150	         50.75521352	        177.23698166	        242.99398364	        560.54055923	        161.42974880	         40.99386754	        148.86423246	         54.67545012	        182.89585534	         16.69036410	        344.53560563	         83.81368104	         32.93374520	        107.44881777	         51.52610242	          0.03795903	          0.00631226	         -0.03443271	          0.02536299	          0.01828367	          0.07490046	         -0.02636502	         -0.09138106	          0.12790281	          0.01106339	          0.19593610	         -0.05603456	         -0.10877461	          0.16663969	         -5.11182711	         47.35669607	         -2.44766157	          2.95742374	         -1.25193571	         -0.29841219	          3.45121211	         -2.96838237	         -0.58985040	          0.75224523	          1.23565631	          0.06987459	         -0.07329337	
          2.20000000	         17.26819206	         27.44017648	          6.89078055	          8.34747536	          5.30877841	          6.24889688	         14.51526299	         24.82290671	          9.21123090	          5.18282373	         86.21322162	        303.95985416	        286.18299186	        311.14736497	         10.48571576	         14.65788406	          9.05904497	        420.24629241	         45.75370776	         20.25284811	         90.01133043	         50.06206325	         14.01600297	         13.96835723	        165.94301441	         36.59131003	         68.73533163	         12.89288961	        214.57169549	        633.41109351	         14.16474424	         31.61828888	         17.33387326	       1996.99848564	         97.47201148	        215.33304127	        879.09246202	         35.35607597	        130.48220288	         57.02493179	         35.07444907	         87.59284359	         10.68700402	         15.23903216	          7.06756704	         32.81845565	        101.88103947	         67.78811871	        127.91246298	         30.78480984	         18.25352378	         28.83168777	         60.29944534	        147.38044450	         23.20102298	         32.88001091	         24.50648174	         25.75061425	         28.38164657	         41.89049600	          7.43907434	         11.30114981	         18.21927100	         30.46082969	        112.73838054	         49.11289352	        168.74017209	        203.79095499	        389.47129818	        131.77169337	         43.88824773	        141.50416704	         53.42955028	        165.34366332	         12.31465617	        311.05226619	         87.34490751	         24.62292225	         80.04144248	         38.52289050	          0.02706555	         -0.00171690	         -0.04101266	          0.03308186	          0.01614080	          0.09340710	         -0.05289879	         -0.10327241	          0.13967688	          0.03201062	          0.23680092	         -0.07916798	         -0.08690253	          0.18110625	         -7.45732607	         47.26811217	         -0.92030602	          2.51425605	         -1.64684769	         -0.18864246	          3.64173150	         -2.49496447	         -0.49091826	          0.57126268	          1.23976736	          0.03879384	         -0.04928746	
          2.22000000	         17.98481637	         26.95723158	          7.00659982	          7.51732256	          5.56396800	          6.58127743	         14.34511842	         35.89994704	          9.52765431	          5.29089786	         83.84353003	        297.99772954	        268.70483522	        367.50286931	         10.53847501	         14.54268652	          9.20292631	        282.68658736	         43.01789203	         18.27230561	         62.28267989	         42.84015852	         23.88365638	         14.16207624	        223.75271472	         37.92050679	         70.35836992	         11.32407410	        266.18754447	        933.61121827	         29.40071728	         23.03384280	         16.51120990	       1948.84022408	         94.98167393	        213.71220115	        846.59510743	         27.12480835	         98.41037996	         43.61596377	         33.26559306	         72.18833519	         10.67208665	         15.00699110	          7.89250212	         25.76897883	        161.67206175	         57.54920791	        127.26169532	         29.46110886	         18.71031560	         28.90411227	         54.74336648	        131.52999033	         21.23804781	         32.01693651	         23.42191610	         26.58016459	         29.12340352	         42.72254497	          7.73073340	         11.80963276	         19.28759433	         28.35041061	         86.04681754	         45.53912406	        164.42743888	        149.34688993	        303.28092250	        105.28288884	         34.54402665	        144.88749297	         55.97389784	        149.55856617	          9.60487560	        279.88903653	         91.16597335	         20.59154062	         61.61171486	         30.35264608	          0.02123053	         -0.01070972	         -0.04693993	          0.04085188	          0.01796127	          0.10156644	         -0.07693757	         -0.11493332	          0.14341981	          0.05180654	          0.29484847	         -0.09294652	         -0.07150160	          0.18738553	        -12.93317037	         46.20284327	          1.95227800	          1.62250486	         -1.09170494	          0.16126621	          3.32666268	         -2.13741198	         -0.36014109	          0.57045170	          1.02360298	          0.01683413	         -0.01720102	
          2.24000000	         19.53361734	        108.68644231	          7.15284244	          7.69665709	          5.79821406	          7.59333110	         14.33371587	         30.37820512	          9.84617850	          5.32628919	         82.65798376	        294.94879730	        240.57728653	        315.04409514	         10.53096282	         14.58385147	          9.40326988	        191.59747815	         32.96046503	         37.57293548	         43.82957840	         41.87163317	         36.95942484	         14.37699169	        250.44573808	         39.31416061	         71.96768430	         30.97971237	        369.19764701	       1189.16065213	         35.75048936	         22.47931679	         16.27384773	       1982.42332881	         94.00045338	        225.73009564	        814.52803618	         25.61364505	         77.24515316	         37.42305523	         34.28108680	         68.39129803	         10.96275122	         14.73694026	         12.87836802	         24.41861706	        143.74306236	         50.23797915	        127.50732912	         27.42761970	         19.30131045	         29.14439286	         49.91458192	        117.58848148	         26.26757561	         34.64626044	         43.04314703	         27.46706423	         29.81369276	         43.48559874	          7.95672561	         12.15134579	         20.20635291	         27.67767169	         68.64382850	         47.79579052	        157.94347531	        125.82957781	        251.08265745	         82.67774108	         28.33529143	        236.05550684	         58.16093306	        137.52754035	          8.07815480	        255.21509463	         95.54458859	         21.40586010	         63.72510757	         31.42670154	          0.02349900	         -0.02103603	         -0.05351003	          0.04965393	          0.02163617	          0.10489961	         -0.09466213	         -0.12432802	          0.13603996	          0.06920704	          0.39435745	         -0.10291923	         -0.06249784	          0.18991535	        -20.08261771	         47.30500289	          4.03146720	          0.63287181	         -0.26183125	          0.34527349	          2.56612426	         -1.90657690	         -0.24477527	          0.70927400	          0.74994231	          0.01964689	         -0.00903017	
          2.26000000	         26.33356603	        206.81004871	          7.35228069	          7.94990929	          6.03956054	         11.66082443	         14.51485324	         27.15079051	         10.22276593	          5.41365156	         81.39669031	        290.60253469	        220.37691975	        271.69948922	         10.52203413	         14.71571230	          9.68052908	        131.50612470	         25.71697037	         43.61481155	         31.55958276	         31.12377938	         35.07779389	         14.22347420	        277.84576031	         40.69433138	         73.46574205	        109.26537148	        400.21624103	       1372.05194897	         38.64596962	         22.52142011	         16.17221990	       2013.01438640	         86.49340704	        243.22866133	        777.23988710	         27.12866443	         78.93682704	         39.47902787	         36.82266148	         68.14418029	         10.93587237	         14.52489244	         16.95554196	         21.10299949	        180.71017940	         43.38497113	        131.98931490	         27.27889600	         19.89961216	         29.48806429	         46.22912669	        106.82067489	         22.92915468	         32.85173297	         56.31432481	         28.64957304	         30.73446352	         44.30034729	          8.37415763	         12.78456984	         21.58479302	         26.09826572	         57.85821269	         40.18817612	        165.03873788	         97.69794941	        204.94588504	         64.28057816	         22.47019933	        255.38411845	         59.19525337	        130.31915406	          8.51924439	        234.80518566	        100.58694078	         22.06484093	         65.63017625	         32.36038673	          0.03575917	         -0.03277984	         -0.06159210	          0.05934217	          0.02555713	          0.10581911	         -0.10165383	         -0.13113955	          0.11774930	          0.08666085	          0.56983020	         -0.11100015	         -0.05975107	          0.19443217	        -25.69248153	         50.20996566	          4.66047410	         -0.30621495	         -0.27291140	          0.22288074	          2.03062440	         -1.66662939	         -0.16570328	          0.64075644	          0.64996099	          0.03902636	         -0.02443219	
          2.28000000	         46.34030888	        220.95437404	          7.56697085	          8.24371214	          6.26106875	         50.16701327	         14.83729040	         30.88243474	         10.62753171	          5.56763368	         77.89844906	        277.82307407	        216.84288299	        250.73598795	         10.67510651	         14.93830091	         10.03357426	         91.92623590	         20.68927185	        104.57142947	         23.37561184	         23.47226045	         44.36035541	         20.81692833	        228.81375382	         41.87911305	         74.55204367	        108.97109334	        418.06469520	       1461.78100021	         44.75846268	         22.73278369	         16.14684922	       1980.56574687	         72.90710315	        200.87546227	        721.06547819	         26.96603516	         80.96739843	         39.72859980	         38.86312977	         71.92795961	         15.40515852	         14.05244800	         18.81442784	         20.78257312	        145.46114904	         39.02006911	        136.58645223	         25.66821217	         20.71106720	         30.10731632	         44.11143951	        100.07226621	         30.03894723	         44.57729935	         59.66544413	         29.91539777	         31.59019534	         45.17237724	          8.75662926	         13.38273962	         23.11520567	         25.47131494	         51.32944663	         52.41827961	        165.38520216	         95.59569768	        183.60022049	         50.03491095	         19.52948438	        277.12187792	         57.28712923	        127.82685844	          9.10982948	        225.73847460	        106.51833532	         22.56909368	         66.92814725	         33.08042031	          0.05810678	         -0.04573228	         -0.07053803	          0.06906211	          0.02816961	          0.10371499	         -0.09421578	         -0.13764321	          0.09214507	          0.10621128	          0.87961825	         -0.11396875	         -0.06272170	          0.20410319	        -26.84732148	         53.46645607	          4.06368461	         -0.82517256	         -0.88875102	         -0.03972244	          2.33847398	         -1.36605069	         -0.17678271	          0.46953752	          0.84808376	          0.06274856	         -0.05065996	
          2.30000000	         35.73244660	        153.14727412	          8.09295711	          8.60102542	         12.47762925	         34.74216857	         15.26534788	         31.24732197	         11.17958899	          5.79367063	         64.42364135	        231.89478613	        267.12326946	        253.15055287	         10.37213743	         15.18002944	         10.52514988	         65.93644687	         16.24945328	        109.37630498	         17.87955616	         18.07796820	         29.09729990	         20.20340700	        190.15097453	         42.64450733	         75.63239721	        151.13103085	        342.44780813	       1428.49819311	         33.31199711	         23.07775445	         16.17950967	       1913.80156001	         25.65699705	        142.91450723	        597.90167690	         27.27900685	         82.20769633	         40.50941785	         29.03706726	         54.75253221	         13.36395385	         13.24037233	         12.74663823	         17.54910183	        150.86247917	         37.62587768	        146.52743299	         28.25617106	         21.41798418	         30.70434183	         43.37338240	         97.21967931	         28.34472575	         37.27479432	         41.78461418	         31.35787976	         32.42322939	         45.58618427	          9.22276429	         14.09935728	         24.89958840	         26.17612777	         48.53227735	         42.41745352	        201.83422776	         81.95342740	        187.96262677	         39.49727969	         18.52172678	        198.79312442	         53.10579904	        129.06320524	          9.88648605	        222.68724882	        112.89983493	         22.68793461	         67.24090609	         33.31888467	          0.08739951	         -0.06036839	         -0.07750282	          0.07763579	          0.03014230	          0.09627316	         -0.07245601	         -0.14827334	          0.06147856	          0.12906111	          1.40460621	         -0.10660070	         -0.07019675	          0.21990842	        -22.00401309	         54.89886603	          2.87151191	         -0.29431826	         -1.44927440	         -0.23451023	          3.48311120	         -1.24081012	         -0.35989134	          0.50211290	          1.24994971	          0.06216799	         -0.07265229	
          2.32000000	         28.46825520	        107.97466912	          8.40824592	          9.17725653	          9.29963721	         24.05358614	         16.25840094	         25.78738772	         11.61572263	          5.99798522	         45.10345929	        159.09380649	         86.63276353	        492.31766939	         57.48420145	         16.90331006	         11.66630429	         46.79726085	         67.80574818	        179.19923809	         14.10006193	         18.52327475	         33.62165100	         17.13370339	        163.43923522	         42.54491367	         66.36827930	         85.95845011	        291.74538930	       1190.95026150	         25.36551215	         22.30958677	         16.36341856	       1873.70860590	         91.17666202	        102.53072163	        408.13678252	         41.60222137	        150.64336790	         60.64306583	         20.81983381	         38.58276781	         10.03696618	         11.86575784	          8.43336939	         11.90055507	         81.12538075	         33.82740361	        152.12258573	         28.43907796	         22.21547082	         31.44404361	         44.05598803	         97.73813457	         24.05842016	         30.66595834	         29.69316143	         32.94003509	         33.30816280	         45.76778576	          9.92755685	         15.14364399	         27.01812104	         22.36236235	         58.85727914	         71.29430167	        219.25986454	        107.98421389	        205.95419744	         33.84989314	         20.26192494	        178.23409436	         44.03994104	        133.57284460	         11.01211738	        228.06815885	        119.32348906	         22.34690116	         66.52267364	         32.98447208	          0.11673544	         -0.07891738	         -0.07870788	          0.08434612	          0.03283560	          0.08424800	         -0.04219937	         -0.16908310	          0.02538199	          0.15439744	          2.19601357	         -0.08436480	         -0.08044031	          0.23803663	        -13.95921752	         51.37431644	          2.05316235	          1.52079414	         -1.24089414	         -0.17747833	          4.69727214	         -1.44435298	         -0.66545487	          1.00967588	          1.61224137	          0.01246382	         -0.07234881	
          2.34000000	         23.71116856	         79.09540000	          8.55575666	         10.20918351	          7.14297579	         16.85404418	         17.83185522	         22.15403911	         12.54944321	          6.27401901	         32.30570211	        109.24431867	        220.68050433	        401.82652952	         67.96123723	         63.96900794	         11.89988222	        100.26643754	        139.98246303	        162.97776336	         33.24243610	         48.53295186	         37.15416751	         15.02708988	        144.11048059	         40.43924229	        199.07677238	         73.79543784	        256.69187300	       1174.02318380	         19.93288884	         45.63606079	         19.44012076	       1714.51829748	         81.63246611	         75.02893730	        277.06656808	         44.27374641	        159.44222722	         67.32020211	         15.32711072	         27.79588065	          7.81499590	         10.50680072	          5.66560959	          8.21236488	        165.49390073	         79.28419037	        155.17446394	         32.96086566	         22.78511924	         32.06040491	         45.67845248	        104.20771071	         24.51860497	         28.87573375	         21.66676926	         38.82787798	         41.05247146	         79.80952768	         11.94223723	         21.37099927	         39.89486372	         20.53725934	        121.44258998	         92.06614022	        236.33708740	         68.72513508	        183.73756028	         35.21895525	         36.46346105	         63.22943379	         65.94654276	        140.98360056	         16.17248603	        214.16723359	        124.81764183	         21.56850945	         65.05002300	         32.13003661	          0.13942256	         -0.10265235	         -0.07390595	          0.08980848	          0.03575194	          0.07065888	         -0.01298636	         -0.20294428	         -0.01572315	          0.18066906	          3.14427226	         -0.04653943	         -0.09030402	          0.25228268	         -6.81873645	         40.39578155	          1.92705631	          3.41310298	         -0.06191144	          0.03754536	          5.82852934	         -1.27571290	         -0.88404797	          1.83308988	          2.04379013	         -0.04394952	         -0.06190623	
          2.36000000	         20.60569944	         48.65620857	          8.99488083	         13.20230338	          7.17423785	         11.71684839	         22.68328109	         20.74341738	         17.11723169	          6.64145002	         24.36178930	         76.88035348	        121.83852165	        475.55578201	         47.95359216	         46.10177247	         13.07892135	         71.72782365	         97.71121407	        201.91033620	         24.08702833	         34.43876522	         50.01532856	         13.52983826	        125.48961315	         75.99075337	        266.24689219	         12.01064908	        226.83173714	       1367.26584731	         15.65533734	         33.17047671	         19.24042250	       1502.03417979	         69.51325664	         56.72510363	        189.58235124	         38.39360102	        128.33804535	         57.20064496	         11.93002713	         20.53749916	          7.54150116	          9.77779625	          4.38055457	          6.12766644	         23.37432070	         46.90306574	        136.97018230	         18.76041183	         23.30771297	         32.77795445	         49.25562272	         84.12068117	         20.07593717	         26.14622324	         16.33649927	         34.95887634	         36.01680754	         63.53144317	         11.20159977	         18.89332116	         35.77930117	         21.08820916	        137.47908006	         75.53529077	        225.53301012	        207.26361049	        237.16356230	         37.52730380	         33.22450879	        554.10381731	         53.00974515	        150.69476026	         15.26368177	        126.37537536	        128.61794213	         21.26159234	         63.90284039	         31.70728716	          0.15263094	         -0.13014053	         -0.06632557	          0.09481090	          0.03696246	          0.05759871	          0.01098053	         -0.24614218	         -0.05608490	          0.20635242	          3.86737729	          0.00552548	         -0.07215531	          0.25616604	         -1.57959784	         26.89388915	          2.51441226	          4.05449284	          0.60455496	          0.04978177	          7.00211173	         -0.23696450	         -0.87522552	          2.24425369	          2.65579620	         -0.06904916	         -0.05851212	
          2.38000000	         22.33531071	        206.81791210	          9.39488028	         10.98932522	          7.62717113	         44.60780694	         17.67215667	         19.08405855	         47.10174363	          7.03243331	         19.33444804	         55.60159927	         78.91951738	        396.67066446	         34.38920295	         34.05715827	         13.37798951	         52.63770580	         69.37690926	        126.69663949	         17.88418961	         24.92353895	         32.94300361	         13.65180920	        267.14377894	         82.19917545	        297.70656872	        176.29570289	        363.64660529	       1798.69994583	         53.25266185	         24.54694905	         16.37238393	       1272.70853085	         47.34642772	         44.80931551	        132.37705548	         47.70376170	        174.03543859	         72.42176903	          9.43130265	         15.39745249	          6.90136984	          8.93816434	          3.62693614	          4.60205298	        618.42286127	        189.88529540	        125.69596922	         30.69556114	         23.43733738	         33.16410341	         39.21798299	        338.38119954	         16.27915737	         22.72016689	         13.73337326	        126.71675387	         83.30603518	        114.31065372	         28.39720782	         49.13876344	         64.06205805	         37.14424558	        135.89149744	         67.41402658	        196.65696351	        146.26883855	        193.30547214	         38.92553885	         57.08902922	        768.28354266	         29.42312895	        160.69955908	         19.17176102	        131.86848357	        129.20960152	         20.60277617	         62.28560315	         30.88420341	          0.15709454	         -0.15848564	         -0.05985747	          0.09913499	          0.03615835	          0.04115418	          0.03170776	         -0.28977105	         -0.08860614	          0.22719808	          3.82662442	          0.05900121	         -0.00007754	          0.23552432	          4.85481638	         15.64333027	          4.49745799	          3.10589284	         -0.08468540	         -0.21427348	          8.17524746	          1.08528456	         -0.75558711	          1.94354277	          3.27106387	         -0.06937987	         -0.06377888	
          2.40000000	        109.69454740	        332.62955607	          9.92895203	         11.86724861	          7.58950871	        181.00837599	         18.52079979	         17.88038998	         49.80957967	          7.49387038	         16.23532119	         42.41147757	         80.67186763	        181.55314955	         25.18684701	         25.94337938	         14.40784321	         39.73990205	         50.25969929	        282.38364963	         13.64013928	         18.47778336	         72.85274752	         12.92980081	        203.93252181	         72.53110559	        309.89980882	        166.15270012	        845.13336352	       2064.27170733	         88.74191178	         24.33317529	         16.39081179	       1108.10182422	         33.29944814	         37.41416752	         95.13760099	         57.08052025	        243.08314209	         89.88477879	          8.99611999	         11.82128792	          6.69113060	          7.83333328	          3.50141123	          4.13430825	        445.96819511	        151.36244241	        105.41821420	         17.35740875	         23.05093745	         33.19681246	        213.67711804	        444.20036686	         64.66539827	        123.71076830	         12.83670554	        124.46093343	         97.55261003	        120.09637556	         22.31138645	         37.91885751	         53.19876652	         29.04559651	        108.28756327	         49.89746808	        144.05555098	        109.77632265	        166.62439862	         40.18846547	         41.11851507	       1146.37694597	        363.43278892	        170.00071604	         17.00253735	        216.23311487	        125.92790930	         19.99986946	         60.41498917	         30.05653099	          0.15415026	         -0.18187937	         -0.05434221	          0.10124207	          0.03099986	          0.01924556	          0.05434171	         -0.32409238	         -0.10991101	          0.23749080	          2.85973837	          0.09961202	          0.09301617	          0.17784428	         11.93760311	          9.61929851	          3.71620858	          1.84932018	         -1.14250212	         -0.49343889	          7.75978907	          1.42090156	         -0.61291894	          1.41895461	          3.15238818	         -0.05643353	         -0.06328911	
          2.42000000	        194.30410982	        322.28024628	         10.57132088	         12.84904136	         76.00825431	        254.12096759	         19.49485885	         16.88605448	         41.38062513	          8.21522432	         13.82512784	         31.36505101	         43.14065770	        299.67325113	         18.95144196	         20.46333446	         17.01026117	         31.00636623	         37.30208048	        409.51826538	         10.72662400	         14.10086528	         50.46678850	         58.94420362	        160.87609226	         73.30563942	        312.13564633	        195.34333853	        603.86580605	       2186.05662910	         63.14232208	         24.68751373	         16.49567014	        740.01591740	         24.38965003	         33.13157984	         71.01895101	         56.34471257	        214.50875492	         86.84263205	          9.84066935	         12.22746353	         14.40885794	         36.50327426	          4.15030412	          4.46719320	        462.00545072	        119.85352231	         70.95069881	         30.10001718	         24.39534667	         33.86635105	        258.53694538	        545.77849189	         45.26090860	        117.54255675	         36.56599599	        139.39747959	         69.97570357	         90.56874475	         20.33246417	         30.38056304	         46.43121621	         22.58537274	         91.87593639	         37.23027098	        105.65562492	         87.31603762	        151.35453188	         40.82765436	         30.66770849	       1343.05244702	        228.39982972	        178.51836216	         16.84554968	        333.80762018	        115.71270977	         19.29456191	         58.18684299	         29.07012940	          0.14658449	         -0.19303343	         -0.04616907	          0.09843708	          0.01888695	         -0.00419896	          0.07764463	         -0.34117651	         -0.11910696	          0.22984545	          1.58809090	          0.12456516	          0.09296782	          0.08614078	         18.99804346	          6.28802969	         -1.06029881	          1.26381425	         -1.56314717	         -0.60346414	          5.86874359	          0.38654676	         -0.58125386	          1.15205477	          2.35155790	         -0.03589282	         -0.06091533	
          2.44000000	        236.58217189	        262.75302108	         11.21585421	         13.79637644	         52.85458993	        447.73573108	         21.03247472	         15.78779704	          8.75189235	          8.37627394	         15.74443219	         35.30189377	         54.63495373	        178.50391655	         14.77368214	         20.38316245	         31.56148505	         25.11218700	         28.61000463	        410.80465105	          8.73270720	         11.15059412	         34.61672506	         68.31726806	        130.82108494	         79.31094219	        303.82737388	        238.91513583	        464.97175855	       2224.94000414	         56.23573447	         24.74410910	         16.52207112	        590.82250184	         18.68875721	         35.88046011	         56.35913015	         63.79133187	        241.89869657	         99.76728608	          9.39002261	         12.23818592	         10.91999126	         39.52325150	          3.57117727	          4.08639589	        488.84174643	        115.55174639	         52.06961473	         20.90326454	         22.23057501	         33.51594770	        255.86975113	        496.71087381	         32.47164937	        129.51024479	         26.16234942	        125.96645011	        116.36302519	         71.08161595	         54.16643789	         41.09115419	         42.38360244	         18.24053164	         82.61152307	         28.05967473	         78.09240024	         73.06455607	        143.34143647	         40.86748725	         23.86722482	       1446.46232156	        220.96174980	        187.63961977	         11.17361683	        319.80239257	        169.91019906	         18.58390070	         55.94240041	         28.05868200	          0.13540833	         -0.18933666	         -0.03290108	          0.08795466	         -0.00310731	         -0.02416670	          0.09630821	         -0.33944353	         -0.11726117	          0.19785774	          0.65577541	          0.14074716	          0.05733885	         -0.02891175	         27.16398380	          7.18343097	         -4.16598071	          1.33395237	         -1.69215792	         -0.62156059	          4.20342005	         -1.23320095	         -0.72844384	          1.19224372	          1.59766932	         -0.02115793	         -0.06608004	
          2.46000000	        160.12129608	        168.80440228	         11.37853470	         14.61579696	         36.34541152	        348.02004323	         20.40766991	         14.83611100	        152.27357665	          4.85119282	         14.48483189	         28.84102447	         38.10027767	        121.47010560	         13.84220437	         20.99574173	         24.44983895	         23.60334107	         22.88271654	        324.18838731	          8.41416232	          9.16455003	         30.50153650	         47.97787278	        109.51775905	         66.40063804	        304.55024704	        307.44300108	       1105.06828740	       2244.95184206	        135.90590393	         24.45567722	         16.40103919	        419.16128980	         14.92212151	         36.02192142	         47.31845788	        113.63956195	        681.27985315	        199.08120151	          9.51200270	         12.57692177	          8.30976888	         45.59581111	          3.23222814	          4.07538779	        552.89856115	         97.04353357	         37.27501915	         23.12652710	         28.56686058	         36.04619107	        264.57304541	        477.21658130	         23.99771562	        325.86468413	         19.24620515	        822.78123469	         95.01905062	         57.95475095	         52.54837434	         58.43473880	         59.28292530	         15.37504054	         77.69132489	         21.46939602	         58.46667747	         64.27089868	        139.79973163	         40.17592938	         19.46346082	       1509.96553679	        364.86260099	        179.21764741	        126.55242369	        315.20935263	         79.08053670	         17.80852170	         53.81357232	         27.01427986	          0.11981311	         -0.17440519	         -0.01649489	          0.06986195	         -0.03405535	         -0.04198927	          0.10701211	         -0.32158528	         -0.10502943	          0.13967721	          0.17102602	          0.15425622	          0.02030231	         -0.17885886	         32.81488574	         14.97982393	         -1.98249097	          2.27150328	         -1.90080835	         -0.67371845	          3.98999813	         -2.62227876	         -1.05299799	          1.58561376	          1.32804257	         -0.02539347	         -0.08197154	
          2.48000000	        108.46539053	        153.81927016	         11.89859880	         15.38974105	         25.08527166	        215.71735010	         20.96622602	         14.24015832	        198.30545296	         73.74821723	         14.31768589	         24.32417319	         28.91355649	         91.59366495	         14.49048865	         21.76185213	         19.93504131	         23.39564123	         19.18020659	        222.59828210	          8.18809945	          9.12715314	         22.16243921	         34.40484706	         92.82018864	         80.48734208	        297.16619530	        203.79983680	        636.81869615	       2263.16092500	         84.11998011	         23.99176068	         16.34850229	        342.97000152	         12.37709756	         85.01775151	         44.56872769	         92.00331723	        462.19887405	        154.07491495	          9.64037175	         12.87708616	          8.27705955	         54.21431567	          3.12208453	          4.10640218	        499.42727278	         70.61425487	         27.31217644	         17.54350325	         15.60971561	         17.95574421	         88.19368435	        297.52326455	         18.13801804	        233.70319465	         14.33376751	       1057.59615125	        428.58983622	         48.72129339	        269.58093605	         98.53760998	         44.90525497	         13.42782569	         75.53222463	         17.95703601	         45.40305848	         58.08321057	        139.01576752	         40.70235841	         16.62288642	       1570.50774748	        277.52727097	        341.28702851	        158.72580115	        107.18369502	        515.71968451	         19.50046164	         55.16265232	         28.46750899	          0.10757824	         -0.15371629	         -0.00849416	          0.04466312	         -0.04158321	         -0.07031116	          0.08791526	         -0.29798097	         -0.07963029	          0.05931180	         -0.04360377	          0.14135971	          0.02348794	         -0.32461838	         37.82962736	         19.10080153	         -2.93922265	          3.29515687	         -1.55427505	         -0.52702864	          3.00842213	         -3.68576342	         -1.18478623	          2.21463236	          1.08273078	         -0.02501315	         -0.08316510	
          2.50000000	         88.46974741	        136.48492901	         11.83869127	         15.79654424	         17.37774208	        345.19596312	         20.79831188	         13.73390015	        211.70771996	         35.56557454	         14.20006821	         23.92692526	         23.87258913	         76.45648111	         14.42122711	         22.14469195	         18.57994102	         23.04953519	         18.90764386	        154.27229679	          7.87201833	          8.95999991	         16.52583023	         25.48856626	        123.51938619	        129.76974933	        296.56465200	        361.23330720	       1044.77701222	       2294.88613994	        179.74164094	         23.18123309	         15.99253008	        289.00811313	         11.33181220	        403.47323190	         46.77533387	        111.72161306	        672.86651443	        198.15302108	          9.72522120	         13.08301967	          6.33452729	        331.04124792	          3.04600672	          4.16040691	        473.45309505	         53.52337362	         20.41125705	         12.84448541	         65.07544451	        199.18938616	        298.60002020	        359.96012656	         14.31066304	        299.39125102	         11.01681375	       1050.85788277	        707.45511033	         42.56864039	        384.27285894	        347.05973579	        139.49810237	         12.14438049	         76.92480554	         14.68054278	         36.08171713	         55.15559791	        143.06566724	         41.56826536	         14.80687723	       1570.14983431	        420.18093894	        326.06718791	        196.17880057	        226.98704675	        445.75852186	         19.33020511	         55.33396231	         28.42748226	          0.09415677	         -0.13363374	         -0.00599350	          0.01853666	         -0.05010440	         -0.09732286	          0.06253216	         -0.26530880	         -0.05109211	         -0.03410383	         -0.08269086	          0.10127401	          0.04441223	         -0.49450933	         39.24613934	         16.71740203	         -0.76635355	          1.68203795	         -1.42870893	         -0.30690524	          3.38309173	         -3.16348114	         -1.08899604	          2.14133102	          1.58064944	         -0.01717681	         -0.07926202	
          2.52000000	        162.49461058	        113.36188313	         11.97589904	         16.23215486	         27.56434960	        448.57076065	         17.60642700	         10.05979310	        215.17674701	         56.09726954	         13.91346752	         23.59965456	         20.80479458	         67.90342649	         14.74593301	         22.71921187	         52.44694723	         23.01717710	         19.31587069	        108.09755196	          7.71955714	          8.94739655	         12.61262147	         19.95636959	        100.92899450	         93.15130780	        250.14129085	        496.80818316	       1180.33481562	       2314.08761235	        180.25191947	         23.55113692	         15.94735424	        242.27951653	         10.83229846	        548.69974959	         49.45724053	        141.71979967	        547.49955619	        214.47069911	          9.75746600	         13.17891626	          7.12133836	        246.71511108	          3.00052009	          4.20033893	        468.22197967	         42.61181945	         15.85208312	         16.16856349	         55.21253114	        176.23416103	        229.42783781	        279.44951754	         14.23619392	        348.66795087	         11.05840941	       1050.65061337	        775.28543917	         38.00862079	        384.67930762	        324.58324864	         92.87567350	         12.18327184	         79.01030928	         12.74475714	         29.34237668	         56.03556686	        146.66179440	         42.44215683	         13.65298752	       1554.43926594	        498.60370410	        679.36420313	        211.35899935	        290.32990569	        487.06756055	         18.78837434	         53.24326698	         27.65319891	          0.08062420	         -0.11919384	         -0.00733814	         -0.00057876	         -0.06062381	         -0.09555009	          0.04185735	         -0.20766825	         -0.02307771	         -0.12217332	         -0.05257324	          0.07174251	          0.06268973	         -0.60540119	         34.20056400	         13.75231100	          2.54279009	         -0.32467113	         -1.82847254	         -0.23345318	          4.00839315	         -2.25457237	         -0.92042486	          1.65253689	          2.03008223	         -0.01281055	         -0.07009414	
          2.54000000	        110.99335447	         96.26552845	         12.16048008	         16.64412947	         19.64116841	        297.17799883	         80.49217206	        117.06439590	        188.32394916	         46.64583282	         13.93280701	         23.92681518	         19.37400690	         57.69496338	         15.16544236	         23.33672047	         38.94629425	         23.00300065	         19.75984942	         77.05798465	          7.61674395	          9.00944543	          9.96582987	         83.23902423	         85.02757373	         69.49437244	        189.98137785	        411.12947458	        791.28275426	       1763.42061469	        124.20322305	         24.90461715	         16.31961109	        206.82235831	         10.55750841	        455.30812384	         52.37727532	        106.47639041	        397.83513033	        160.70724108	          9.76810045	         13.22855510	          6.21867397	        165.06968381	          2.95377268	          4.24075253	        314.90360845	         35.63797789	         12.78404520	         16.64035518	         51.50611158	        161.69041458	        167.79342410	        219.04530059	         14.32143637	        236.72343847	         10.80234668	       1052.30560258	        577.48373050	         86.10806061	        336.69450108	        217.20451365	        131.01308617	         12.24869643	         82.42358808	         12.71674095	         28.87784398	         57.80602259	        149.83987324	         43.61251103	         13.64324872	       1253.73143457	        334.84335117	        775.59786385	        225.05048813	        282.02624344	        504.64132561	         29.44396720	        120.84105009	         45.35441157	          0.06864299	         -0.10519285	         -0.00983310	         -0.01149117	         -0.07029060	         -0.09091382	          0.03184351	         -0.13528406	          0.00686555	         -0.17726084	         -0.01719848	          0.05096974	          0.06491824	         -0.54760476	         29.16089721	         16.26859008	          0.77438314	         -0.11788754	         -2.03492126	         -0.18591326	          2.85894135	         -2.44753059	         -0.76950138	          1.56048083	          1.62610998	         -0.01107092	         -0.05112850	
          2.56000000	         77.66982501	         76.86045818	         12.46150238	         17.02579437	         19.24957952	        197.24071383	         58.64094805	         82.15762963	        165.70012830	         40.62177086	         13.84076187	         24.29137951	         21.66987102	         48.24711471	         15.37730930	         23.80460538	         30.59251334	         23.13699637	         20.13617404	         56.38991970	          7.58002452	          9.04359457	          8.59778133	         59.03482340	         72.25108211	         48.65486418	        153.78156789	        386.14506618	        692.70222934	       1295.07853597	         84.65388534	         26.51684245	         16.82953498	        185.61795841	         10.56096843	        380.42501047	         54.96099031	         83.80790331	        301.93109545	        125.92990060	          9.74039433	         13.23256429	          6.18446472	        110.13726487	          2.88971487	          4.24922292	        211.69149899	         31.31341575	         13.77299181	         13.35617132	         37.72190210	        111.79474227	        125.18108144	        225.86952278	         14.29425795	        161.25122958	         10.73110135	       1058.66627784	        589.28131316	        230.96405055	        256.16094312	        177.48914279	        102.15114250	         12.28976300	         83.03965653	         12.59734868	         20.48266015	         60.02629575	        152.51031019	         43.92430986	         13.87079934	       1042.38716420	        226.41725397	        749.70529808	        224.21783787	        200.06205814	        361.06438780	         28.57793731	        125.64676937	         45.78079294	          0.05967831	         -0.09255094	         -0.01308252	         -0.01557968	         -0.07269701	         -0.06921978	          0.02941515	         -0.06029337	          0.03770008	         -0.20148652	          0.03006250	          0.03332027	          0.06046283	         -0.44952684	         26.91072115	         23.21691843	          3.53684242	         -0.36349566	         -2.08857158	         -0.10330451	          2.62455844	         -2.33975241	         -0.69102902	          1.43075284	          1.47091318	         -0.01064367	         -0.03848373	
          2.58000000	         55.69929966	         55.47071234	         12.43045265	         17.37932157	         13.93647956	        131.67506567	         44.30412729	         63.61292147	        150.93867835	         39.52422655	         13.79778569	         24.71313709	         24.02029100	         51.88978340	         15.58035895	         24.20857536	         24.63206930	         23.31925796	         20.51488397	         42.86341934	          7.58874020	          9.11918384	          8.81200236	         42.70610606	        123.37871027	         60.58115189	        149.39558195	        342.56871000	        526.29208042	       1100.01897443	         80.04294973	         28.48435843	         17.29575612	        191.97277526	          5.98303071	        370.31755490	         57.41858351	         68.83786739	        239.53056080	        102.93004973	          9.70173032	         13.22711910	          6.12858194	         73.54878568	          2.81735510	          4.24488732	        142.88288383	         28.86005403	         13.90942733	         11.33050565	         29.53335012	         80.07999488	         98.16982165	        332.60922307	         34.38313594	        113.18097427	         10.65841581	       1065.31853416	        658.11762647	        400.16566452	        239.85682022	        179.37618494	        130.07893491	         12.32064171	         83.94985779	         15.66795254	         97.89105608	         62.81341394	        154.80721228	         44.17819172	         13.95531204	       1022.89401553	        154.78821342	        647.52826653	        224.79749443	        143.89892569	        241.18015624	         28.69307715	        129.17394273	         46.20937174	          0.05276847	         -0.08079072	         -0.01542947	         -0.01448242	         -0.07263997	         -0.04716358	          0.03053543	          0.01230552	          0.06263097	         -0.20145487	          0.08142014	          0.02664208	          0.05952272	         -0.35796899	         28.92965625	         31.40344802	          7.64723534	         -0.89724326	         -2.33249644	         -0.22330113	          3.22502672	         -1.77099922	         -0.66917282	          1.34757637	          1.69211526	         -0.01853651	         -0.03939194	
          2.60000000	         40.90932896	         41.04157310	         12.50088865	         17.72380727	         10.40566674	         88.19444693	         35.11127683	         66.45228433	        140.12005908	         38.41054810	         13.87929754	         25.26095718	         26.45507980	         57.83587925	         15.92598626	         24.63438678	         21.36275793	         23.58313808	         20.71887263	         33.57058620	          7.65855907	          9.15550979	         14.53466110	         31.66093534	        136.70751771	         64.95510849	        159.43592649	        288.99844329	        388.28757513	        866.06468248	         71.59028053	         30.92461697	         18.11623957	        217.36486239	         70.19150461	        370.50568372	         59.97363928	         58.20392155	        197.13539485	         86.70304117	          9.68279212	         13.24975583	          6.08072823	         49.42647217	          2.75932435	          4.25055304	         97.79417458	         28.35636550	         27.71894931	         10.11262651	         24.48915755	         58.75952788	         86.61708723	        362.28150999	         32.19611500	         78.47225853	         10.59150211	       1066.79857492	        744.25230317	        502.96325668	        268.47596795	        187.03549269	        119.17167147	         12.35376318	         85.09088165	         44.38993960	        137.63979257	         65.37984705	        156.82586210	         44.35299529	         14.04737221	       1007.99005300	        107.61909162	        638.62076038	        234.48213126	        104.37987430	        195.07110524	         27.50891447	        116.01630692	         43.79340579	          0.04652472	         -0.07068069	         -0.01471737	         -0.01212923	         -0.07599910	         -0.02668044	          0.03065984	          0.08139938	          0.07077228	         -0.18588262	          0.12621103	          0.03296283	          0.05828644	         -0.27253126	         32.34036285	         36.56905424	          8.92304855	         -0.88427171	         -2.62457104	         -0.46144385	          3.51716951	         -1.15928914	         -0.62675052	          1.42463751	          1.89935874	         -0.02888654	         -0.04402880	
          2.62000000	         30.90198859	         31.23207776	         12.59106125	         18.04987284	          8.28712516	         59.31419786	         29.27590776	         82.30589381	        129.81649749	         35.87143313	         14.09221190	         25.88625643	         29.04707413	         64.35589134	         16.36039797	         25.01621846	         21.64635643	         24.49368461	         37.51092060	         99.48647959	          8.48948044	         32.19141430	         52.67219965	         24.25725135	        215.66949802	         61.93529089	        164.90740743	        220.50191618	        288.96788618	        596.90022667	         70.06086707	         33.79863263	         19.18056123	        242.83570862	         67.24357732	        359.78992270	         62.54613163	         54.77417529	        166.72522701	         80.89262912	          9.69530010	         13.31962133	          6.04798910	         33.56437801	          2.72772318	          4.27898356	         68.35981319	         28.42593991	         21.37711885	          9.92037537	         21.81073678	         48.24739225	         89.22512200	        297.69830457	         24.09554829	         55.39257458	         10.60903013	       1060.36199073	        761.85903762	        359.02155376	        264.22583698	        245.17761804	        181.31684647	         12.39921777	         85.63577616	         30.17035223	         92.24247890	         73.48962685	        158.60477081	         44.57600976	         14.23573026	        915.47645029	         76.55964984	        676.23212476	        249.28004648	         77.36730305	        113.84633766	         28.84185711	        129.96189130	         46.69338216	          0.04037645	         -0.06142968	         -0.01029373	         -0.00985792	         -0.08490482	         -0.00987371	          0.02749154	          0.14565706	          0.05245087	         -0.15841337	          0.15560378	          0.04355575	          0.04454816	         -0.19426199	         31.48583659	         36.33296961	          6.22744989	         -0.24579579	         -2.63886524	         -0.59735113	          2.92467943	         -0.81701057	         -0.51063936	          1.61478370	          1.86619932	         -0.03166192	         -0.04316046	
          2.64000000	         24.22231018	         24.70052452	         12.68409330	         18.34284752	          8.31467504	         40.24252152	         29.97870445	        100.72895321	        121.55697654	         34.02788159	         14.33954164	         26.43030068	         31.65966536	         71.13591718	         16.54042326	         25.22823076	         21.88605857	         60.43272116	         77.35972026	        119.61449845	         15.72435886	         41.16973103	         53.86939149	         19.41247504	        201.16321528	         59.27558699	        169.81381700	        212.75514589	        289.89015773	        376.30069658	         77.16238358	         37.04963643	         20.45471654	        264.80862696	         66.67375687	        352.86300546	         64.89780606	         51.16393943	        156.80323052	         75.97360680	          9.75024988	         13.43755508	          6.06141083	         23.12698887	          2.73725302	          4.33489521	         49.05211356	         28.43636099	         16.63606506	          9.92429039	         19.21676769	         30.99131183	         87.05148326	        242.87632981	         18.33614671	         40.01473346	         10.63821863	       1049.54115216	        717.25747823	        247.90592529	        351.27711016	        221.26981006	        129.86857365	         12.46739251	        102.67328141	         21.82815694	         63.08635814	         72.81974970	        160.20386374	         44.96750637	         14.29030873	        757.98871962	         56.11660779	        600.48623189	        261.72486551	         52.43756169	        183.25099734	         33.79635356	        173.34283569	         57.21626404	          0.03376038	         -0.05160556	         -0.00380060	         -0.00541698	         -0.09407742	          0.00616799	          0.02157452	          0.20226164	          0.01218421	         -0.11639690	          0.16822429	          0.05384690	          0.01364887	         -0.13373530	         25.40723722	         32.84795190	          2.47984471	          0.07017013	         -2.36657719	         -0.56895599	          2.10761240	         -0.37675552	         -0.31584507	          1.61106802	          1.77733303	         -0.02681992	         -0.03570711	
          2.66000000	         19.85858309	         20.44150938	         12.81463446	         18.66517930	          8.39765141	         27.70787091	         32.47605350	         98.27090487	        118.12392264	         34.12554821	         14.57566704	         26.79898142	         33.97336148	         77.35208134	         16.62530137	         25.33913600	         22.08869403	         48.32063996	         83.92558636	        127.86850806	         14.44638585	         43.87016530	         56.79892723	         16.38248435	        216.63337192	         57.87717969	        179.02360604	        212.17694721	        287.16819299	        264.17587833	         78.40550253	         40.73477795	         21.90463419	        278.16496509	         66.69095680	        353.92125960	         67.00096275	         47.03841512	        145.26329036	         70.27944757	          9.78865499	         13.51456602	          6.09070220	         16.28170640	          2.76046676	          4.38504800	         36.43826233	         28.42065929	         13.82831431	         10.45840476	         27.95477581	         75.45445500	         80.60866940	        210.12888607	         14.68992571	         29.80010896	         10.75076760	       1039.32268964	        608.39719013	        176.04414540	        371.70118019	        241.09327042	         98.61910159	         12.53697608	        201.84727899	         16.54875790	         49.19568938	         76.93318019	        161.47901360	         45.00587920	         14.21485542	        754.96655536	         42.67996381	        524.79781895	        264.39622998	         81.87806883	        226.10996771	         42.71942733	        278.01958536	         76.80891494	          0.02512589	         -0.04151459	          0.00199290	          0.00407912	         -0.09975053	          0.02463336	          0.01325157	          0.24893125	         -0.03004605	         -0.05967709	          0.17261176	          0.06826627	         -0.01796974	         -0.09891324	         19.21838490	         27.02157520	         -0.55043926	         -0.46133507	         -1.64609663	         -0.30412555	          1.72340464	          0.25313448	         -0.12758789	          1.30855389	          1.74541717	         -0.01576560	         -0.02553961	
          2.68000000	         17.14210855	         20.54124559	         12.98509888	         19.03829352	          8.53901743	         19.37768184	         35.28299590	         98.38948787	        118.90311097	         34.71414949	         14.78910118	         26.98714669	         35.84041418	         82.44514984	         16.60036572	         25.33786005	         22.25141433	         37.56611164	         65.15764355	        119.35896955	         11.62018522	         36.88852481	         50.13229182	         14.64585193	        203.40069114	         58.96051807	        191.56700696	        207.38685908	        303.31107452	        253.73642651	         79.79415790	         45.14440328	         23.65026106	        278.93850910	         62.32495898	        356.60663351	         68.96403258	         42.62500599	        132.67933440	         64.12764302	          9.77254467	         13.47813150	          6.13237878	         11.74974502	          2.78575670	          4.41342760	         27.56824683	         28.41318424	         12.29521668	         11.77470740	         31.26976219	         78.48374808	         83.52443810	        191.92338442	         14.87455944	         22.98659459	         10.91149355	       1034.06084777	        624.43849643	        113.57045671	        315.15110659	        200.38739857	         77.74825883	         12.59851685	        159.00134209	         12.84995109	         29.44387046	         81.85825568	        162.30243269	         45.48026707	         14.29777759	        684.33791176	         33.79978054	        437.95921912	        242.78595487	         60.99900639	        268.04509462	         45.12956770	        294.13810876	         81.67696598	          0.01322263	         -0.03178324	          0.00483386	          0.01657072	         -0.09651908	          0.04930512	          0.00358999	          0.28680384	         -0.04829696	          0.00311596	          0.18714589	          0.08787300	         -0.03357152	         -0.08818895	         15.91582737	         20.09567729	         -0.62073136	         -1.59994224	         -0.81594706	          0.04990310	          1.97834306	          0.97390914	          0.02583797	          0.94225493	          1.89942481	         -0.00490493	         -0.01511698	
          2.70000000	         17.45118229	         21.14126775	         13.14851663	         19.40964283	          8.68287557	         13.77889577	         38.45837514	         90.18687637	        120.71790778	         34.54998753	         15.00999757	         27.04814965	         37.51961278	         86.79758498	         16.45530142	         25.22476171	         22.32390315	         30.55312197	         52.61049840	        110.04060087	          9.79793789	         33.64165464	         44.56038477	         13.87855205	        198.54155712	         67.27569461	        196.49041621	        194.68272124	        297.20117110	        264.45731460	         80.23905453	         50.58292384	         25.74586057	        267.89068564	         57.39401239	        354.10175613	         70.84645494	         38.01281686	        119.31723010	         57.64542989	          9.70554274	         13.32521573	          6.23372128	          9.76697437	          2.81285587	          4.41420687	         29.36911802	         28.39106500	         13.39431841	         10.23249976	         26.56724400	         63.15732324	         78.05411927	        168.12920486	         14.82573230	         22.51927394	         11.13707557	       1038.02263414	        548.09651319	        320.29403871	        212.68963970	        138.40098320	         85.78833757	         12.64354407	        131.11693112	          9.57695220	         54.83336066	         79.07083235	        162.48909740	         43.44791985	         14.26727922	        518.55308607	         29.49337420	        450.97369079	        169.02381764	         47.98339776	        204.63712621	         42.16115442	        257.64258010	         74.85636819	         -0.00014169	         -0.02056967	          0.00423521	          0.02675215	         -0.07734496	          0.07396011	         -0.00427590	          0.32022159	         -0.03070280	          0.05599851	          0.22872949	          0.10338431	         -0.03078163	         -0.09785571	         16.13453431	         12.96151579	          3.50998149	         -2.61930603	         -0.49190152	          0.21695034	          2.97048613	          1.64896340	          0.08620377	          0.79184929	          2.34833732	         -0.00216106	         -0.01090637	
          2.72000000	         17.73169196	         21.68612535	         13.21861420	         19.65552826	          8.73745794	         10.00731837	         41.53522215	         58.04140735	        120.17853528	         33.05388504	         15.19467786	         26.98786814	         39.02920217	         90.95318729	         16.51442712	         25.08945309	         22.24689869	         26.93376967	         40.81728515	        115.86923610	          9.17836823	         27.82421125	         47.76138594	         14.42014607	        201.00648407	         64.46635405	        185.83598208	        188.34214804	        311.78256676	        175.29002093	         76.40291386	         53.09345226	         27.88606489	        251.22344153	         52.83217603	        339.42091531	         72.22897276	         33.77777035	        106.05828744	         51.49674715	          9.64620907	         13.16183582	          6.26601362	          7.39889927	          2.83293312	          4.41124124	         22.91378897	         28.36922233	         15.87905984	          9.71411476	         22.43180421	         35.49285533	         71.29942917	        283.22206406	         70.16793033	         98.03340486	         11.14636859	       1045.06031800	        420.59076128	        264.29596268	        145.37955853	         92.53626327	        101.32285317	         12.67197168	        112.78947964	         27.45853853	         69.85609429	        247.67895034	        162.31469530	         60.74932961	         15.17179994	        331.47591453	         25.13045788	        371.12248181	        148.17481480	         40.42808750	        141.60318161	         40.82821517	        247.26286663	         71.97082394	         -0.01056706	         -0.00731116	          0.00194229	          0.02988955	         -0.04860139	          0.08476385	         -0.00795564	          0.34898093	         -0.00146197	          0.08267545	          0.28403161	          0.09505777	         -0.01736010	         -0.11671053	         18.76566485	          7.21428755	          7.65901683	         -2.92694119	         -0.67609950	          0.17221023	          4.09937581	          2.02411223	          0.00522271	          0.83957123	          2.80187878	         -0.00749188	         -0.01632996	
          2.74000000	         18.22139611	         22.36150556	         13.30721086	         19.81705410	          8.86943061	          7.77943642	         47.88276234	        137.91096744	        115.32698483	         30.50698611	         15.30272097	         26.80234339	         42.40215167	         98.37062816	         15.92243949	         24.75619547	         22.21375659	         25.54773152	         31.80465628	         82.02224393	          8.49804092	         20.50946612	         32.95052177	         16.48350186	        148.97678652	         49.88513148	        161.32904309	        135.09037407	        245.78509194	        110.13913486	         77.00963717	        128.61340015	         32.26078321	        235.58081595	         34.65094753	        327.27038657	         72.47617577	         29.24082371	         92.75307072	         45.08047616	          9.54224836	         12.99952641	          6.22287179	          7.04019462	          2.79398302	          4.34484418	         32.04543115	         28.33293779	          7.14706526	          6.55999219	         27.15608406	         86.22988367	        104.30839696	        234.41420619	         48.97420215	         68.37493280	         20.26513610	        838.46145041	        503.97583018	        185.05014480	         97.37189825	        139.62066270	         90.65214247	         12.63755857	        100.41652214	         19.85167225	         49.47158869	        181.39216550	        161.26985750	        245.78043891	         20.29511184	        270.54761074	         22.23081388	        334.44673334	        144.36132786	         30.08995784	        170.74826811	         37.31789432	        218.27473850	         64.37618288	         -0.01564471	          0.00393615	          0.00091540	          0.02557310	         -0.02595439	          0.07524545	         -0.00773431	          0.36695227	          0.00012122	          0.07959798	          0.31626982	          0.05308349	         -0.00987731	         -0.12844425	         18.70732534	          4.05799408	          5.84250504	         -1.91824086	         -0.81857017	          0.09287560	          3.82897275	          1.43202132	         -0.12503747	          1.15815877	          2.66488675	         -0.01185763	         -0.02347810	
          2.76000000	         18.10424810	         22.37405191	         13.17694499	         19.74488793	          8.69282407	          6.60121423	         45.40913573	        131.43083028	        111.23182489	         29.76335967	         15.07926175	         26.28542614	         46.68817903	        108.10848342	         19.56276726	         26.33800654	         21.95146599	         38.04602638	         31.50156077	         60.64264983	         12.34541877	         16.44248574	         24.07474091	         16.28100112	        130.99898628	         52.92635652	        140.62811823	        118.92446321	        193.16317784	         71.64745113	         72.69833905	        191.38829382	         47.69240499	        224.97800043	         24.06469621	        329.02388858	         70.95254986	         25.67316704	         81.35629484	         39.84916420	          8.99193190	         12.16259392	          6.37823626	          7.96284145	          2.94803808	          4.48010005	         25.07838304	         28.23329410	         68.42110790	         43.88376752	         18.75549687	         50.76363021	         90.92065316	        210.42161388	         34.76233214	         48.43689683	         14.86425116	        835.61932355	        339.17878319	        133.31696222	        131.78854575	         98.21131308	         74.54537222	         12.70612240	         97.08901893	         15.18374200	         37.45603085	        143.46316008	        179.95941603	        168.13810367	         17.47873434	         36.02527290	         22.12336002	        280.66290187	        117.74624494	         92.49584714	        254.13395567	         62.90086398	        315.21564647	        114.88287588	         -0.01469821	          0.01101130	          0.00085270	          0.01537610	         -0.00830898	          0.04547799	         -0.00362447	          0.36943935	         -0.04652946	          0.05409764	          0.31934837	         -0.01312036	         -0.04364210	         -0.13437522	         13.94842754	          3.87924000	          2.98091684	         -0.84213646	         -0.91445843	          0.00336978	          2.64923868	          0.74629716	         -0.09112146	          1.31890359	          2.12872302	         -0.01393423	         -0.01996558	
          2.78000000	         19.12114658	         22.21490714	         13.39894077	         19.64482505	          9.31861268	         32.96769154	        131.34902653	         92.46624275	        109.87867788	         27.96990133	         14.65009342	         25.63466173	         48.42289325	        114.50614227	         16.16839792	         24.61548632	         22.55404565	         29.90232671	         25.53215179	         45.82391875	          9.61867009	         12.66565672	         17.46477317	         39.52575709	        102.58024786	         49.22938712	        126.79069897	         74.00713281	        275.98773373	         49.11824827	         50.77067791	        148.36851889	         50.43492143	        220.76959852	         16.43863061	        328.54471592	         68.06145731	         22.86228662	         71.96426772	         35.63348238	        149.74701232	         69.65540513	          6.67190384	          1.38454500	          3.22151383	          4.43931425	         23.65206478	         28.14807196	         59.77782764	          4.51556624	         53.98582738	         75.00505114	         85.68389526	        204.44275795	         25.57528561	         35.47614512	         11.30169398	       1055.79691323	        231.77972129	        100.74786043	        149.77657071	         71.10572652	         64.74160593	         12.67469322	        751.61550142	         12.56905526	         30.87586411	        123.92214967	        177.14103326	        118.02893148	         15.60867018	        637.86475682	         22.89353747	        258.63850271	         99.66909662	        424.66246653	        368.32296987	        100.64018970	        878.59226591	        199.65523469	         -0.00890725	          0.01596814	          0.00005134	          0.00333489	         -0.02415986	         -0.00183101	          0.00113797	          0.35896840	         -0.12453388	          0.01926145	          0.25281027	         -0.07868122	         -0.08988293	         -0.13760897	         11.60158299	          2.03847510	         -4.84053522	          0.89023014	         -0.46466669	          0.04816921	          0.90846843	         -0.57060256	         -0.16495008	          1.70801651	          1.31314558	         -0.01080038	         -0.02262132	
          2.80000000	         52.27570465	         74.76609893	         13.29403561	         19.16559057	         14.93579227	         66.08272395	        101.85834345	         66.56897527	        114.35222315	         28.73743569	         14.06438624	         24.87551775	         51.65942074	        124.95691452	         15.62739382	         24.34346766	         22.86483758	         24.55910675	         21.51424127	         35.98650559	          8.00236216	         10.16417976	         13.17092439	         31.69916094	         84.67637370	         47.72433169	        113.67946407	        138.26955489	        320.87103483	         29.39602924	         44.95883662	        122.17229639	         46.08199219	        221.21819548	         11.64977559	        333.03134729	         64.45186571	         20.82948525	         64.60592669	         32.44613035	        121.38037425	         47.81687210	         12.86731181	        334.24499995	          7.47233547	          6.30094480	         23.59078383	         28.08026432	          1.33508692	        105.37967167	         32.49766441	         54.25215923	         86.22969221	        212.17945254	         19.59425747	         27.00726210	         11.28364416	       1055.92554887	        164.39220086	         80.01036470	        330.69620991	         52.60319632	         59.01905675	         12.84373278	        903.47685637	         10.90754438	         26.56444072	        114.57534359	        181.77183771	         86.21599767	         14.37778563	        691.89598461	         32.19073106	        255.92996665	        101.42942393	        598.42488734	        431.90934144	        115.33171803	        859.88457204	        226.09483576	         -0.00119391	          0.02264582	         -0.00478234	         -0.01183597	         -0.05738488	         -0.05208602	          0.00398047	          0.34097455	         -0.19188226	         -0.00986337	          0.13956233	         -0.12371191	         -0.11607931	         -0.13899105	         17.80690056	          1.01647517	         -6.91236616	          1.44675457	         -0.45487394	         -0.01439971	          1.21611162	         -0.70484996	         -0.34398608	          1.91775001	          1.34337689	         -0.01796630	         -0.03498009	
          2.82000000	         67.97708683	        103.75246724	         12.84800711	         18.46474541	         12.44841703	         92.17403215	         84.26647997	         49.98986811	        123.49902650	         30.16390478	         13.46954146	         24.14971025	         55.85308090	        137.32079248	         15.50179406	         24.12104438	         22.34896711	         23.85712825	         20.87462536	         29.47534984	          7.76057937	          9.16756106	         10.42296469	         26.85154211	         71.94759402	         46.73854325	        104.00424526	        173.40871681	        412.55898875	         83.75298022	         46.93276524	        107.96901925	         44.17758047	        223.03503442	          8.84099185	        343.07502858	         60.99231640	         19.80924640	         59.37073335	         30.51098167	         81.33518590	         33.26493971	          9.11138189	        225.62513655	          5.12771950	          4.54559682	         23.54530398	         28.06193642	        179.38186488	          0.04053765	         52.36657366	         52.51304815	         95.76456139	        239.88825166	         15.59696162	         21.35319241	         11.29799088	       1059.27185006	        102.96294480	         66.40198483	        371.78852116	         60.27449534	         55.91460419	         12.63859350	        793.92389005	         11.66505597	         26.77103080	        111.21413940	        171.40400479	         65.67454879	         14.15642221	       1022.71692084	         65.08134363	        293.12996130	        146.51030541	        711.14543964	        482.90152246	        126.97090169	        970.27234548	        251.89945858	          0.00473712	          0.03135311	         -0.00966897	         -0.02801702	         -0.07894043	         -0.09223637	          0.00496236	          0.32137259	         -0.21109986	         -0.02197014	          0.04901677	         -0.13862706	         -0.10082168	         -0.13896794	         26.30898111	         -0.29691341	         -4.23387874	          1.22410322	         -0.74564840	         -0.14029415	          2.96782624	         -0.26992978	         -0.60403288	          2.04787391	          1.97479765	         -0.03056184	         -0.05128779	
          2.84000000	         59.66148719	        122.60719201	         12.32401016	         17.64898265	          9.76417230	         71.76263298	         74.15992783	         39.69540634	        136.68349117	         32.23751160	         12.92353932	         23.47078338	         60.09090456	        150.08513989	         15.40730396	         23.92825119	         21.18318093	         23.35790686	         20.81528367	         25.28891627	          7.61240837	          9.23991433	          9.15148828	         23.86334074	        127.10344457	         48.59151966	        105.28887283	        213.64758330	        435.19959101	        254.02240131	         53.90509541	        101.00529627	         43.66809400	        223.51601267	          5.86872080	        371.16265334	         57.94751565	         17.67123218	         52.48284230	         27.33582731	         55.31557608	         23.79765599	          6.63485836	        145.91317928	          3.59506513	          4.27550625	         23.45467409	         28.06801042	        180.16628676	        121.36252018	         38.03423395	         42.95298975	        104.96044867	        268.40371135	         15.71072233	         21.46836609	         11.27145821	       1063.60171515	        227.85008383	         57.41917536	        375.68014803	        163.18656689	         54.47348278	         12.62726169	        625.65825471	          7.79031799	         29.17933417	        111.38109699	        164.62547077	         51.81751765	         14.18721607	       1297.61324697	         90.78662723	        330.29234903	        178.31721892	        654.67322052	        326.26363493	        129.16051553	        988.00367292	        256.01128316	          0.00827116	          0.03924354	         -0.01103923	         -0.04308540	         -0.07565486	         -0.11434460	          0.00594456	          0.29965824	         -0.18063620	         -0.01756702	          0.01887458	         -0.13488637	         -0.08070828	         -0.13812040	         31.19425716	          1.17377669	         -0.29980492	          0.99564360	         -1.32482903	         -0.36356829	          4.63892724	          0.09573471	         -0.80943276	          2.11094150	          2.60754273	         -0.04441499	         -0.06236384	
          2.86000000	         45.79205298	        111.42462536	         11.78738536	         16.81317175	          8.01984905	         66.93016211	         68.46313232	         33.22395432	        154.45602875	         38.02495388	         12.38858148	         22.77786206	         63.91235396	        162.04043481	         15.30018206	         23.76127122	         20.53032744	         23.10289751	         20.83025359	         24.96758201	          7.52995919	          9.32169535	          9.68404686	         21.98198927	        233.51755829	         52.84001161	        118.39051601	        292.21791292	        548.76056369	        444.79442925	         63.84447984	        104.80527733	         45.18261452	        221.37905279	         16.76316181	        428.66929558	         55.12691120	         30.52912634	        112.46231366	         49.30965622	         38.38848608	         17.65142293	          6.08652596	        118.98887228	          2.63907220	          4.28008260	         23.36081884	         28.11582081	        202.73862548	         82.84383038	         29.81009787	         36.86896503	        112.55784089	        292.36503535	         15.70155418	         21.42862722	         11.21818526	       1065.71180911	        520.76404049	         51.48688640	        377.46133520	        175.54475187	         53.85486948	         12.63101471	        534.89305557	         96.99832282	         21.41441839	        112.59290384	        160.27762694	         44.92552529	         14.20439097	       1504.03712388	        146.04793809	        360.86436733	        201.53927516	        703.21114868	        232.42515497	        125.95301718	        962.48119089	        249.72435423	          0.00972533	          0.04141336	         -0.00801469	         -0.05355278	         -0.05324879	         -0.11813875	          0.00786047	          0.27255523	         -0.12249739	         -0.00420549	          0.03502652	         -0.12809789	         -0.06675004	         -0.13691437	         30.59630916	          5.55669345	          3.43190322	          0.59590130	         -2.11071074	         -0.58451595	          5.57922863	          0.26764969	         -0.87652975	          1.97857288	          3.00822299	         -0.05172489	         -0.06494468	
          2.88000000	         35.66319628	         78.35342841	         11.43573132	         16.15222316	          7.59047626	        105.77573722	         67.98866061	         29.47399382	        175.41153801	         48.39774459	         11.75331670	         21.95247498	         67.05156868	        172.20893688	         15.31309805	         23.74258795	         20.17358669	         23.04451476	         20.94600915	         25.40353576	          7.49212331	          9.40934744	         10.03962577	         20.80096418	        312.64570011	         64.15865022	        127.12587836	        389.83479648	        984.95220607	        448.63578474	        110.40420630	        109.62494366	         46.54796583	        216.73877092	         20.92840741	        508.81305348	         52.24284103	         52.82035601	        410.45254699	        104.21216695	         27.11314681	         13.53386435	          6.08895623	        130.13470537	          2.63437484	          4.29881039	         23.34328066	         28.17597226	        193.15411151	         68.46121936	         24.64231316	         33.28722905	        117.46707183	        308.08897056	         15.66400741	         21.36308785	         11.18944050	       1063.44443344	        556.12729486	         47.57669337	        377.47072685	        232.35218137	         54.08383717	         12.65172966	        380.16707674	         63.80565274	        113.61895802	        115.44063127	        160.47319809	         44.82113221	         14.22035091	       1592.96166589	        228.50607351	        379.69568720	        218.83743881	        733.96652610	        175.38039238	        120.41472162	        920.29368674	        238.07567804	          0.00949354	          0.03554210	         -0.00311112	         -0.05716028	         -0.03427818	         -0.10898010	          0.01041441	          0.23627680	         -0.06162848	          0.00995797	          0.06635119	         -0.12644378	         -0.05944277	         -0.13577209	         25.53580784	          9.62393395	          6.81824917	         -0.35603813	         -2.76189224	         -0.63553517	          5.78938180	          0.35729527	         -0.79331798	          1.62778683	          3.17485640	         -0.04646626	         -0.05938842	
          2.90000000	         43.10182810	        117.05489508	         11.23950119	         15.72822756	          7.46197863	        121.63164264	         69.81064630	         27.68799399	        186.52264669	         50.19907826	         11.26845318	         21.21112860	         69.34874615	        179.96508305	         15.43025954	         23.87156322	         20.01555798	         23.12874592	         21.16802339	         25.89659431	          7.50022898	          9.53291763	         10.37981497	         20.51420847	        330.22703014	         62.42656007	        128.45723530	        460.48279523	       1024.51680246	        417.78328337	        114.24139641	        113.83974116	         47.67945739	        210.93887436	         15.50734727	        538.24491955	         49.46410478	         63.08322144	        501.62352831	        124.83835249	         19.40794622	         12.94013034	          6.09030346	        129.60294693	          2.63708309	          4.31679169	         23.45332110	         28.21908571	        187.31163897	         66.13940833	         21.72878412	         33.38126172	        119.79157820	        315.52629261	         15.75444391	         21.47676416	         11.24504260	       1057.62914579	        373.79669373	         47.31264888	        375.28854272	        255.70152924	         54.65613984	         12.69124625	        438.53766669	         62.81794376	        100.66031494	        118.19150879	        160.80073630	         44.59590307	         14.23921949	       1587.44254690	        209.91059805	        386.78880426	        225.63323626	        743.25094666	        143.98651079	        124.98323117	        955.78599022	        247.73451126	          0.00794533	          0.02329294	         -0.00049080	         -0.05455911	         -0.04288195	         -0.09270379	          0.01353475	          0.19021203	         -0.01460021	          0.01935734	          0.10163478	         -0.12969147	         -0.05813896	         -0.13491541	         17.27946840	         11.73279031	          6.35668174	         -0.89035480	         -2.95170774	         -0.54042390	          4.73929240	          0.17732006	         -0.59484884	          1.37348610	          2.86990894	         -0.03471933	         -0.04832580	
          2.92000000	         60.52726314	        178.86912753	         11.14888585	         15.50645913	          7.42052067	         94.10345319	         71.43233298	         27.82534573	        188.43273132	         47.98151339	         10.83623124	         20.50554209	         70.73411111	        185.14104936	         15.57070576	         24.08913763	         19.98322904	         23.31634795	         21.47468783	         26.40266823	          7.54204017	          9.70159610	         10.75269058	         20.56388241	        250.82936073	         57.49356099	        119.12138828	        476.89047082	        909.54287408	        367.57376349	         93.79707798	        117.45338838	         48.60191330	        205.39639302	         11.47749213	        529.63344657	         46.79225234	         63.48661344	        463.01625085	        123.89134798	         12.68425731	         12.81142454	          6.09917680	        161.47069768	          2.61504022	          4.31165636	         23.73291059	         28.24267264	        178.15326901	         63.75927563	         18.63796242	         33.52421806	        120.60840845	        317.65720144	         16.09029718	         21.92017182	         11.41671228	       1050.54781847	        256.53254027	         48.17007234	        371.55109822	        175.29328272	         55.61748108	         12.74223180	        791.15630098	         41.34779670	         68.84493561	        123.44908562	        160.93829177	         44.42560168	         14.26753237	       1597.51217595	        142.85912308	        386.95826567	        217.71739315	        758.64106363	        119.75915055	        138.64634983	       1052.27161781	        277.46830017	          0.00570219	          0.00819078	         -0.00254855	         -0.04908296	         -0.08686079	         -0.07358721	          0.01549141	          0.13900013	          0.01138770	          0.02206989	          0.14383365	         -0.13470778	         -0.06204048	         -0.13447545	          8.83913521	         12.84101774	          3.18048826	         -0.92650821	         -2.82185690	         -0.40374761	          3.14720590	         -0.00487861	         -0.36480837	          1.27013464	          2.36367497	         -0.02390315	         -0.03689343	
          2.94000000	        104.87370224	        242.94699879	         11.15022945	         15.42111096	          8.00450127	        128.97772305	         72.89338760	         28.22773111	        186.58799518	         45.83999348	         10.36894921	         19.83370210	         71.34056593	        188.11087934	         15.85216926	         24.41431596	         19.67477101	         23.55971290	         21.78998793	         26.96459920	          7.57501062	          9.79095023	         10.82248007	         23.59568061	        180.03497088	         54.17480988	         97.32818696	        497.42745999	        754.46478875	        314.88944677	         75.01408669	        120.40733355	         49.32867635	        201.10942050	          8.61425449	        507.33808350	         44.33266677	         58.38029307	        421.81659986	        111.99061558	        155.46672055	         12.54120793	          6.04156115	        251.74093887	          2.54707710	          4.26441219	         24.03861716	         28.26804951	        149.50176725	         61.05798089	         25.91560116	         34.40043308	        121.29541542	        318.57948322	         16.66657533	         22.69012789	         11.67473867	       1045.25221914	        180.35566101	         49.81046074	        368.11846294	        122.74373636	         57.67075750	         12.78030909	        875.10306789	         27.48155765	         48.08657844	        133.87047728	        159.92124488	         44.47917924	         14.29089935	       1521.50443430	        103.14687138	        386.89641467	        210.32835476	        808.28340606	        131.70931358	        145.79854273	       1101.76899427	        292.29650571	          0.00342951	         -0.00578075	         -0.00862402	         -0.04355027	         -0.15347932	         -0.05396366	          0.01415747	          0.09000192	          0.01486670	          0.01903741	          0.19064608	         -0.13814288	         -0.06981934	         -0.13466467	          4.49808103	          8.98348456	          1.56943639	         -1.14652950	         -2.22581617	         -0.16223113	          2.82300789	          0.07800469	         -0.32666885	          1.20002363	          2.22281632	         -0.01140300	         -0.03552388	
          2.96000000	        134.99165529	        266.72460747	         11.22471063	         15.39264601	         48.68944245	        159.22143501	         74.17770076	         28.43981622	        177.69487873	         43.11538467	          9.97898212	         19.26567011	         71.53617625	        189.79400151	         16.29664984	         24.77988034	         72.42033828	         23.90360741	         22.15813802	         27.50634587	          7.63884454	          9.91865699	         11.04449573	         35.22651964	        134.27053703	         45.41857198	         80.66738070	        521.76495440	        719.53952740	        281.74117331	         68.63707678	        122.71902044	         49.86329258	        198.64920690	          6.66854718	        485.02240191	         42.21788994	         51.61238404	        353.29453281	         96.46644828	        201.04247313	         12.17600089	          6.00902747	        309.20266575	          2.45145988	          4.19287012	         24.42299323	         28.25557730	        134.06112644	         61.00049496	         29.15305112	         35.29675021	        122.33343298	        320.64135956	         17.42772700	         23.71409004	         12.00340147	       1042.18280530	        130.01966491	         52.29895852	        366.12254629	         88.00608288	         61.09576087	         12.81276519	        865.97811307	         20.38794003	         37.07736102	        151.15470033	        418.14989099	         44.85466720	         14.32371685	       1580.55458693	         47.09615567	        389.49721163	        141.79473744	        854.04489577	        182.48711632	        154.84153427	       1200.20396578	        310.20625743	          0.00164695	         -0.01617322	         -0.01508730	         -0.04026769	         -0.22066034	         -0.03525534	          0.00873181	          0.05150278	          0.00027864	          0.01200284	          0.19104339	         -0.13772176	         -0.07969723	         -0.13544007	          5.38909261	          7.32877858	          1.62096763	         -0.97622018	         -1.88456975	         -0.10317691	          3.67142771	          0.63634644	         -0.37638130	          1.26922524	          2.54574556	         -0.01089088	         -0.03904097	
          2.98000000	        147.77568203	        305.78576228	         11.17728433	         15.37240580	         65.49550298	        149.99095513	         75.01263575	         28.56224893	        162.31999343	         39.28090476	         10.06662918	         19.16128198	         71.75255429	        191.24489591	         16.41447133	         25.02202827	        154.23685153	         24.36821964	         22.56990725	         28.04923395	          7.74834289	         10.09909328	         11.41755120	         38.63891136	        104.55163638	         40.35298267	         71.19272448	        537.36736926	        716.75272311	        264.57640189	         64.36274194	        124.53201548	         50.23873054	        198.11920171	          6.63208612	        471.03701858	         41.22119819	         43.00631156	        266.57680820	         77.68447846	        132.06532390	         11.78688462	          5.97787730	        294.16466653	          2.36997286	          4.13068297	         24.77702099	         28.19759824	        134.76962082	         63.74090677	         24.29370087	         34.73431693	        123.74749216	        324.53078466	         18.20647195	         24.77390118	         12.33880248	       1038.37871507	         96.26329979	         55.26733982	        365.82324497	         64.80504396	         65.51594086	         12.84709286	        862.41922467	         16.50886861	         31.03411128	        174.94302995	        848.60581540	         45.50882937	         14.36324475	       1592.42043695	        230.61395065	        395.51656664	         96.27828377	        877.51351889	        282.66810304	        187.23693298	       1339.94419962	        379.00322411	          0.00054228	         -0.02165209	         -0.01636055	         -0.03837485	         -0.25998760	         -0.01550701	          0.00056192	          0.02764000	         -0.02325078	          0.00329667	          0.13874702	         -0.13148503	         -0.08957818	         -0.13642532	         10.53524041	          5.83668103	          2.10601985	         -0.34690484	         -1.82170018	         -0.21436011	          5.26407713	          1.37648725	         -0.51368194	          1.46253497	          3.17171836	         -0.02124092	         -0.04738000	
          3.00000000	        168.59021878	        285.64511613	         11.47568248	         15.37839866	         59.02274277	        186.75253951	         76.81155930	         28.64628521	        159.99655639	         39.08164361	          9.78949982	         18.75741553	         72.05551910	        192.91520192	         18.65881791	         25.48296609	        106.38226620	         25.08631805	         23.11753711	         28.62361177	          7.96566691	         10.35042652	         11.79186459	         41.24466416	         85.15709767	         38.07892935	         66.36165807	        556.69702228	        666.32606073	        251.49899125	         62.93022990	        126.04544381	         50.52706195	        198.69316171	          6.70114857	        464.01160172	         39.89340510	         42.92251390	        260.78003813	         76.92721281	         89.15167323	         17.38247615	          8.12173970	        373.18553769	          4.42833369	          4.76567326	         25.04628805	         28.17911785	        141.96192085	         68.65492223	         30.07255872	         34.83599112	        125.12265362	        329.43778430	         18.82168247	         25.62155316	         12.61435420	       1031.89208430	         74.29577616	         58.09207149	        365.95832602	         49.30052225	         70.01241261	         12.90167812	        863.89988263	         14.28859695	         28.15772153	        201.84353561	        602.09435886	         46.25932221	         14.38703852	       1566.81540645	        155.39103254	        403.19044459	         66.94686320	        870.14441982	        354.78564718	        162.46011634	       1260.96059024	        325.24184623	         -0.00001032	         -0.02222527	         -0.00982418	         -0.03841229	         -0.25304048	          0.01001286	         -0.00797970	          0.01674305	         -0.04401719	         -0.00341382	          0.03330160	         -0.12331778	         -0.09810528	         -0.13720081	         15.84286826	          2.44045089	          2.79275510	          0.20193963	         -1.79116985	         -0.33264657	          6.46338500	          1.71369964	         -0.65711280	          1.62142235	          3.56185510	         -0.03224709	         -0.05491502	
          3.02000000	        134.67280943	        302.03404869	         11.00212023	         15.28666375	         39.73498183	        177.72645748	         75.69196345	         28.68050088	        164.23578060	         40.76284040	          9.52752879	         18.52660687	         72.51754920	        194.83943808	         16.82192518	         25.24947733	         73.95058335	         25.93712474	         23.61496344	         29.08941707	          8.21846842	         10.64334415	         12.27586440	         33.01557725	         71.48920110	         38.24012038	         65.54420764	        533.42756187	        730.29191292	        261.44905504	         71.47831296	        126.97260643	         50.63670994	        199.51840808	          6.98145621	        465.78714570	         39.03298531	         47.11538568	        303.31957764	         86.16431177	         62.23030561	         13.36202397	          6.10369850	        265.74938404	          3.22227507	          4.19603312	         25.22010348	         28.11665810	        156.24276451	         76.75615075	         50.98860680	         33.55451015	        126.29290401	        334.64862951	         19.07509970	         25.98206467	         12.75816348	       1023.06025777	         48.34103002	         60.02416518	        365.89965222	         38.94140730	         73.32754911	         12.96770230	        880.48569880	         13.00224829	         30.24124083	        225.32040210	        444.14558828	         46.77804852	         14.39326009	       1574.02882807	        311.75238615	        411.56894924	         48.96679301	        837.91917725	        399.76392139	        174.45143045	       1281.18678763	        350.25302180	         -0.00016172	         -0.01859559	          0.00401709	         -0.03876070	         -0.19170694	          0.03832495	         -0.01289714	          0.01405173	         -0.05376951	         -0.00585731	         -0.05413760	         -0.11615696	         -0.10514630	         -0.13773001	         18.05711992	         -3.71814959	          3.50914364	          0.28385547	         -1.47371322	         -0.29832625	          6.50186340	          1.23186189	         -0.77783656	          1.65514378	          3.30596211	         -0.03333227	         -0.05964067	
          3.04000000	         91.75668467	        202.31469375	         11.42495009	         15.19682792	         26.84071836	        117.09677310	         75.33926591	         28.76165811	        167.38908416	         41.50021119	          9.32237214	         18.30671775	         72.97691764	        196.79656962	         16.14432607	         25.09984296	         52.29147478	         27.04851378	         24.20623023	         29.22615426	          8.57467290	         11.01098932	         12.66707499	         27.40823378	        103.87210400	         42.21447614	         68.23504520	        461.34641909	        994.59012599	        246.00956005	         60.75180695	        127.51449929	         50.68431389	        199.98729506	          6.09382838	        466.94113158	         38.38561017	         52.89190878	        370.53619994	         98.96386668	         44.30385741	         12.54636254	          6.15266153	        283.49023509	          2.50624745	          4.32729078	         25.29240352	         28.07060528	        161.54540159	         77.41566782	         40.18685753	         41.81525205	        127.02484794	        339.19232321	         18.97929831	         25.87366950	         12.78261244	       1014.14396220	        315.29511648	         60.68796269	        364.41066741	         32.11045523	         74.56033635	         13.07514501	        881.97685625	         14.27754505	         32.42920634	        239.52292934	        342.47307777	         47.00908111	         14.38626688	       1573.44568914	        398.25546205	        418.41912122	         37.01364397	        802.49759487	        349.07495856	        164.02444857	       1256.68468646	        327.34640006	          0.00089979	         -0.01223778	          0.01975239	         -0.04058055	         -0.10887671	          0.06687852	         -0.01301083	          0.01677772	         -0.05066807	         -0.00496040	         -0.11349318	         -0.11349375	         -0.11090416	         -0.13802177	         18.39146677	         -6.93122730	          3.45653396	          0.26278236	         -1.31186908	         -0.26548353	          5.50703295	          0.35911947	         -0.83822620	          1.60543200	          2.61054775	         -0.03145314	         -0.06257030	
          3.06000000	         63.17626445	        136.18286744	         10.51050531	         15.01331904	         18.31170832	         77.08075641	         74.22860473	         28.86285258	        168.30854102	         41.60598546	          9.16380134	         18.12532737	         73.51180225	        198.81140576	         16.23704714	         25.05927355	         37.96093690	         28.38508206	         24.98511042	         31.60416421	          9.04624428	         11.65412059	         14.15545151	         23.57620917	        329.02376372	         45.90498397	         74.35977992	        447.22407213	        799.32051922	        303.41784259	         88.87606576	        127.61438687	         50.56091798	        200.02095507	         18.75111513	        464.03304240	         37.77385278	         53.66645743	        368.13318155	        100.76763591	         32.02165983	         13.11038524	          6.26474141	        201.46098305	          2.64841911	          4.50190818	         25.32907240	         28.02304613	        161.28031059	         66.66468715	         29.68089475	         35.31571083	        127.24228404	        342.31981551	         18.59509593	         25.37832888	         12.71905429	       1004.78279946	        709.80589142	         60.06271615	        361.47507802	         23.84792592	         73.54873427	         13.21926820	        941.88984973	         12.61930526	         35.12461404	        242.29076875	        276.58023891	         46.97803528	         14.35334823	       1581.73945179	        594.70176424	        422.52201365	         32.56729310	        763.80272323	        236.28481958	        170.10896262	       1268.31445943	        340.56719369	          0.00361075	         -0.00549426	          0.03503326	         -0.04208209	         -0.02644744	          0.09107895	         -0.01019588	          0.02201943	         -0.03832701	         -0.00242774	         -0.12699565	         -0.11419085	         -0.11576946	         -0.13810482	         18.07847492	         -8.27560566	          2.64631077	          0.17048035	         -1.24035202	         -0.21242196	          4.29186928	         -0.46086192	         -0.87370191	          1.50579927	          1.90300809	         -0.02552460	         -0.06598879	
          3.08000000	         44.13914949	         92.28373210	         10.35583207	         14.86301590	         12.69759016	         50.92927292	         73.12594390	         29.01311862	        166.10813631	         40.87198808	          9.06263326	         17.98191076	         74.07678403	        200.82188814	         16.14126301	         24.98015796	         28.52234016	         29.73470890	         25.61701132	         57.81369521	          9.48688279	         11.90687461	         35.85268332	         20.94134597	        375.20130299	         47.70567930	         79.43647447	        414.00637401	        770.70794789	        298.92043008	         89.76848232	        127.53675664	         50.44258974	        199.68476043	        105.81096211	        454.44558938	         37.28580117	         52.25024125	        363.27732026	         98.40638339	         23.51292178	         13.75222970	          6.32163111	        137.49227418	          2.86460932	          4.70726916	         25.19222936	         28.01312652	        185.61323938	         66.03635909	         23.52901147	         30.59658552	        126.97238117	        343.80392322	         18.02896200	         24.63224456	         12.59555626	        995.92951720	        696.52021844	         58.38827852	        359.92699731	        283.88089210	         70.70191494	         13.39632972	        704.98189053	         64.83543514	         29.07144571	        234.62144445	        233.92002969	         46.87695858	         14.33602530	       1588.33661473	        576.33060516	        423.98494925	         13.49584392	        718.85585195	        172.37307526	        159.27599034	       1215.30133843	        317.68552282	          0.00774736	         -0.00037978	          0.04769803	         -0.04278783	          0.04199942	          0.10344672	         -0.00751512	          0.02743485	         -0.02327146	          0.00020229	         -0.10151950	         -0.11549766	         -0.11992304	         -0.13803509	         18.10982938	        -13.47135134	          3.35969650	         -0.36048275	         -0.95857130	         -0.03729175	          4.31349374	         -0.90864761	         -1.01200648	          1.35916098	          1.72511135	         -0.01215757	         -0.07453860	
          3.10000000	         31.37579383	         62.91591898	         10.18966860	         14.70718670	          8.99486271	         33.84442206	         72.04189053	         29.18026279	        160.85226583	         38.91967767	          9.02221999	         17.89571040	         74.67447402	        202.80368043	         16.07639590	         24.96074966	         22.30414470	         31.18600146	         26.69931635	        124.29299237	         10.10416167	         34.05459293	         86.98494482	         19.10385955	        449.26262324	         47.87435032	         80.55186692	        374.53185040	        665.01301455	        300.45387422	         87.92940945	        127.50013907	         50.31997617	        199.05869401	        117.23457991	        436.78121418	         36.96632053	         47.46149817	        316.36049107	         88.43750369	         17.63825718	         14.42672546	          6.41422490	         93.38298374	          3.11923827	          4.92450125	         24.99666765	         28.01135851	        198.40561892	         67.12302466	         19.71915372	         30.22350034	        126.45018453	        343.86410217	         17.40483940	         23.80206283	         12.45613418	        988.63516131	        686.74639158	         55.94775052	        358.57509473	        266.46225833	         66.52607432	         13.59904543	        544.55522312	         65.81220325	        116.60425564	        219.51890775	        206.61954812	         46.87203819	         14.30608165	       1590.55926046	        529.33929198	        423.75309281	        227.03658270	        706.30676464	        134.62984427	        151.32851496	       1147.00376378	        301.46549203	          0.01216622	          0.00133017	          0.05642044	         -0.04315274	          0.08892988	          0.09980580	         -0.00755224	          0.03200090	         -0.01083980	          0.00275283	         -0.06388469	         -0.11468676	         -0.12329522	         -0.13775062	         16.16934418	        -16.38206364	          3.25716251	         -0.51717695	         -1.03188184	          0.01845083	          4.47782260	         -1.12629210	         -1.07688005	          1.24356101	          1.77919534	         -0.00475095	         -0.07849396	
          3.12000000	         22.84382347	         43.42145292	         10.06645571	         14.57593431	          6.55367668	         22.68736661	         71.25241015	         29.37415687	        154.56689816	         37.00252184	          9.01605697	         17.83805714	         75.17426217	        204.42171954	         16.11496538	         25.01803514	         18.42706665	         32.71813312	         50.65038796	        158.52869032	         10.98608017	         53.35317501	         96.30141580	         17.96154581	        420.62126733	         47.51646389	         79.85552361	        358.95313015	        611.91382251	        296.07765117	         86.88348331	        127.75701278	         50.26694955	        197.71908276	        128.47138673	        419.46250295	         36.76131344	         41.53788353	        260.21664184	         75.96398665	         13.65853863	         15.11595442	          6.50422968	         63.37681312	          3.38941894	          5.13779437	         24.74999982	         27.98225096	        203.15551716	         66.90768403	         17.14307157	         30.04831648	        125.64375964	        342.55244410	         16.82497582	         23.03146299	         12.34647299	        981.04862646	        680.00308291	         52.97101223	        357.44277382	        360.14934790	         61.59986487	         13.81833527	        509.58237646	         81.05847102	        175.51341333	        200.61611802	        189.55338594	         47.08793369	         14.28630201	       1586.30737795	        354.05078888	        422.43220659	        248.16571812	        698.45595205	        110.54316707	        143.57839697	       1099.93994198	        284.46187326	          0.01570372	         -0.00014058	          0.06199296	         -0.04236986	          0.11240468	          0.08516936	         -0.01125101	          0.03500918	         -0.00221724	          0.00720881	         -0.03109665	         -0.11202836	         -0.12571987	         -0.13727205	         11.14264558	        -15.73543436	          1.88991397	         -0.58801994	         -1.51129621	          0.01049051	          4.30844267	         -1.32378716	         -1.04910524	          1.05467323	          1.85725503	          0.00076323	         -0.07683032	
          3.14000000	         17.17223375	         30.63118143	          9.99011408	         14.49523620	          6.08318763	         15.39578917	         70.90811109	         29.58413301	        149.52062003	         36.49147007	          8.96859317	         17.72037096	         75.33613554	        205.03433332	         16.18329113	         25.11974448	         18.32143002	         33.92018897	         77.74866269	        188.32575943	         11.39586544	         58.20763279	        103.92973760	         17.76695601	        396.00189392	         47.76556501	         80.84474711	        359.30303973	        577.25941493	        287.25204759	         86.32783913	        128.58107377	         50.34815282	        194.66963301	        133.85562967	        409.90880680	         36.47845583	         37.76115414	        227.52095576	         68.16799036	         11.02106541	         15.81581946	          6.59237575	         43.15024471	          3.66312999	          5.34068353	         24.49984742	         27.90140253	        204.85739868	         66.20873466	         16.09023108	         30.07196306	        124.68217529	        340.23957934	         16.35178666	         22.40937383	         12.29105629	        972.41037324	        676.47057581	         78.19281006	        356.14787217	        358.96779158	        101.28591951	         14.05088602	        650.37625088	         87.88869372	        223.17587107	        181.17442726	        179.26349635	         47.55659165	         14.30241963	       1576.48808285	        237.55262345	        421.09875367	        278.96662008	        691.96187567	         95.47864415	        147.73895306	       1115.94554043	        293.07018410	          0.01836867	         -0.00378123	          0.06514929	         -0.03903791	          0.11357826	          0.06907595	         -0.01707699	          0.03790789	          0.00240967	          0.01649731	          0.00300960	         -0.10980242	         -0.12647855	         -0.13661332	          3.73578527	        -13.45316899	         -0.34180308	         -0.89894915	         -2.20574905	          0.04139845	          3.77950274	         -1.45731882	         -0.94346248	          0.73788782	          1.88139293	          0.01004698	         -0.07079748	
          3.16000000	         13.41968150	         22.30263165	          9.96718134	         14.48537040	          6.07729761	         10.62893474	         71.08043525	         29.81419365	        144.43256219	         35.87923019	          8.89922933	         17.51368493	         74.89502168	        203.85323186	         16.26529896	         25.24232093	         18.28128342	         35.38450664	         88.82031805	        207.37046769	         11.90889420	         62.13090394	        106.52261868	         17.62822772	        364.04749151	         47.77099968	         81.38779004	        358.15170918	        527.90620507	        273.02398282	         83.16728560	        130.18406957	         50.62502000	        188.83420100	        133.34375987	        401.29559119	         35.99271005	         34.62727337	        199.13177084	         61.73449281	         11.46716973	         16.53988508	          6.67747016	         29.58697230	          3.93233663	          5.53364330	         24.27720765	         27.80752917	        207.53928638	         67.16205315	         16.27203199	         30.38828917	        124.02000685	        338.07278988	         15.98660891	         21.93680193	         12.28126553	        963.55024230	        675.45616804	         64.36088189	        354.77271268	        368.25462051	         81.98219378	         14.29978903	        685.63448860	        102.95435952	        269.50488853	        163.44866928	        173.42774350	         48.16836593	         14.29982765	       1388.12026925	        160.86428761	        421.71081392	        278.44126967	        698.32710036	         86.56117480	        144.45109967	       1103.44645953	        285.18216463	          0.02103900	         -0.00807313	          0.06660013	         -0.03228927	          0.09902971	          0.05796968	         -0.02151325	          0.04116755	          0.00193748	          0.03195224	          0.04761280	         -0.11112236	         -0.12476710	         -0.13583689	         -3.87767900	         -9.80614359	         -2.39528732	         -1.33074023	         -2.94441753	          0.09660010	          3.07970383	         -1.24947000	         -0.75705202	          0.35710371	          1.84062635	          0.02023063	         -0.06137675	
          3.18000000	         11.69860451	         16.85278035	          9.98836104	         14.54388664	          6.09979014	          7.50343403	         71.70559847	         30.05116308	        138.45725577	         34.65540189	          8.77572999	         17.16846686	         73.61936383	        200.19408922	         16.30939269	         25.35658459	         18.29295125	         37.76496482	         66.26928700	        198.66837216	         12.99697529	         54.61377911	        102.26520048	         17.56673833	        342.99171777	         46.72170833	         78.44835503	        346.58868005	        479.78105806	        253.01452601	         77.65178322	        132.56533105	         51.11134743	        179.67351476	        126.99142629	        389.84323966	         35.15975897	         32.66101164	        180.81404407	         57.77766189	         11.94018591	         17.33379398	          6.75745574	         20.51810214	          4.19714775	          5.72703451	         24.08458505	         27.71801445	        209.84190324	         69.38174835	         16.63478313	         31.02510919	        124.28584889	        337.81526128	         15.70675851	         21.57501292	         12.29832445	        954.45917988	        677.44938591	         54.44785069	        353.38322575	        321.08186531	         68.08591813	         14.57768477	        695.95919582	        122.14556198	        307.35955408	        148.53872332	        170.54228980	         48.82707510	         14.29347437	       1226.39841747	        110.74288409	        426.49607757	        253.18868299	        716.10509988	         83.74472780	        141.87178363	       1085.81462296	        279.40665579	          0.02520427	         -0.01160228	          0.06771131	         -0.02325088	          0.07494933	          0.05446329	         -0.02172175	          0.04340258	         -0.00464006	          0.05180264	          0.09555754	         -0.11897553	         -0.12171027	         -0.13526828	         -7.39365359	         -5.09117023	         -2.33387789	         -1.58907035	         -3.43652241	          0.11112951	          2.91378751	         -0.55827379	         -0.55932456	          0.09480528	          1.87782184	          0.02347128	         -0.05251799	
          3.20000000	         11.68098186	         13.63935840	         10.01643197	         14.62930158	          6.12486859	          5.45240456	         72.56754947	         30.26383112	        130.66625122	         32.97787525	          8.68753458	         16.78022458	         71.54367615	        194.07404370	         16.31237211	         25.44366346	         18.30846634	         36.32744103	         51.24583192	        143.73887450	         12.00455714	         39.80467207	         79.92572937	         17.56027649	        332.38749473	         44.75491004	         74.53396448	        331.01768885	        489.10777565	        232.36331392	         73.44654336	        135.42768037	         51.74093439	        168.13666414	        114.01617989	        378.36080784	         34.12910254	         32.93476472	        183.72757780	         58.72209795	         12.49134142	         18.29680632	          6.83841843	         14.47883428	          4.47516827	          5.94380794	         23.89408492	         27.65466173	        207.78909499	         71.19756178	         17.14577765	         31.87663970	        125.89411318	        340.95025869	         15.44138803	         21.22132214	         12.31094522	        943.24564139	        676.09916122	         47.11229321	        351.75207546	        232.79539258	         57.68730772	         14.90779239	        660.38977540	        127.86536815	        324.64933784	        136.35123297	        171.57953569	         49.44964996	         14.30102618	       1179.33477713	         78.11233509	        436.62840316	        207.00624867	        735.17676677	         87.17484990	        138.67172857	       1066.34648505	        272.72458542	          0.03238360	         -0.01343477	          0.07090738	         -0.01608119	          0.05089104	          0.05692300	         -0.01695716	          0.04302841	         -0.01547904	          0.07006721	          0.13074568	         -0.13191613	         -0.11960172	         -0.13530444	         -4.82500219	         -2.31089988	          0.49442246	         -1.50686221	         -3.46877529	          0.05302417	          3.69987167	          0.33518959	         -0.42090668	          0.07134640	          2.10703554	          0.01612543	         -0.04599929	
          3.22000000	         11.63457512	         13.63643672	         10.00576000	         14.68058620	          6.10592502	          5.26398704	         73.34062526	         30.44123705	        122.74103240	         31.33675812	          8.61335676	         16.46770553	         69.04641155	        186.48470794	         16.25814957	         25.49695682	         18.27407881	         36.78277894	         41.54388396	        103.88920482	         11.80722072	         30.17761977	         57.16372785	         17.56430295	        338.40007155	         43.47074965	         72.49740489	        317.88783397	        579.25071058	        215.97112144	         72.87117407	        138.22057232	         52.37456674	        156.50089631	        100.35622029	        368.78056629	         33.21962138	         35.55920211	        209.58424504	         64.92661653	         13.19936075	         19.55430976	          6.93467045	         10.48385087	          4.79553309	          6.20853334	         23.64652373	         27.62922305	        200.14492195	         71.53205221	         17.68538528	         32.75410944	        128.80070752	        347.83827937	         15.08428150	         20.72682696	         12.27625863	        927.85061889	        677.11203636	         41.37595410	        349.66964246	        158.80931907	         49.50502478	         15.31782536	        601.92255692	        120.40472984	        321.22549048	        125.62288909	        174.91008404	         49.99659767	         14.26356993	       1254.16643128	         56.74019743	        451.51545602	        153.62990021	        745.03139950	         90.87544793	        136.21318017	       1051.54545068	        267.86485703	          0.04314721	         -0.01295649	          0.07811817	         -0.01486401	          0.03982917	          0.06109198	         -0.00905987	          0.03954702	         -0.02679597	          0.07958750	          0.14173985	         -0.14327343	         -0.11840692	         -0.13611649	          1.48095289	         -3.41188639	          4.74406296	         -0.98448715	         -3.19785335	         -0.10629583	          5.13072577	          1.14447109	         -0.32558046	          0.23561929	          2.49481236	         -0.00107276	         -0.03942016	
          3.24000000	         11.47272707	         13.43720371	          9.92109928	         14.64635242	          6.00329339	          5.40615785	         73.71626650	         30.59400233	        119.22745497	         30.23410110	          8.53192720	         16.24713127	         66.68603216	        178.98053552	         16.23291750	         25.53920798	         18.15215725	         37.74715225	         35.36194182	         79.70485250	         12.04233407	         24.04731909	         47.55362550	         17.50527271	        362.19054826	         43.00746676	         71.97885237	        319.81613638	        666.53781992	        211.80374641	         79.28733110	        140.34834623	         52.85158382	        147.08892911	         97.15163186	        359.68046394	         32.63464538	         39.01816690	        242.60317794	         72.99358451	         14.12178454	         21.20150116	          7.05611933	          7.84258610	          5.17678043	          6.52964440	         23.26235363	         27.64562892	        189.94475972	         70.94711919	         18.12478826	         33.46966858	        132.55418515	        357.60635538	         14.55746663	         19.98511332	         12.16240129	        908.22679513	        651.27870021	         38.56857457	        346.47744523	        108.79345441	         42.66723283	         15.82787290	        503.12347676	        106.03103314	        309.40931126	        114.55566544	        179.05324620	         50.57271811	         14.25129485	       1293.58265020	         44.03859078	        469.27022772	         83.61300045	        743.15513882	         94.03439597	        131.02537024	       1014.90543448	        258.03366747	          0.05662525	         -0.01005295	          0.08911655	         -0.01987558	          0.04914588	          0.06269482	         -0.00196675	          0.03417774	         -0.03609630	          0.07646805	          0.12667346	         -0.14419588	         -0.11695070	         -0.13757813	          6.94558039	         -9.12978438	          8.48049922	         -0.18746317	         -2.87955700	         -0.31754046	          6.70896361	          1.58401739	         -0.27063451	          0.44278675	          2.94448273	         -0.02112021	         -0.03225015	
          3.26000000	         11.20191632	         13.10588057	          9.77695190	         14.52074448	          5.84313290	          5.13282726	         73.55524948	         30.72776094	        121.45368965	         29.81261502	          8.45080764	         16.10775695	         64.96595437	        173.03163448	         16.21355701	         25.56184457	         17.95139973	         38.88604600	         31.54381551	         93.74408540	         12.41416482	         20.24682433	         57.51044017	         17.37121257	        397.20103719	         43.42691138	         71.87931691	        328.24605382	        698.91578579	        212.65407270	         85.52400664	        141.45522728	         53.07781637	        141.26105671	        103.65604963	        350.56939468	         32.43674879	         41.58793148	        266.64265213	         79.06139170	         15.26308783	         23.26592154	          7.20228519	          7.58295696	          5.60744777	          6.88876558	         22.71974063	         27.67826617	        182.70441841	         71.78434838	         18.39673584	         33.92714146	        136.54727108	        368.73013068	         13.86100898	         18.99755902	         11.96682206	        883.18057080	        525.11792390	         35.74183451	        348.40916383	         75.26232995	         36.58406859	         16.43851096	        356.74521944	         91.52697239	        313.15956707	        101.80561889	        184.19981968	         50.98913890	         14.25074777	       1197.69003753	         44.65653252	        487.98299557	         79.02394264	        736.02244874	         96.03263185	        124.16265340	        946.89955563	        243.44345620	          0.07043413	         -0.00517053	          0.10112650	         -0.02796430	          0.07753218	          0.05957567	         -0.00027753	          0.02965444	         -0.04314803	          0.06161244	          0.09503610	         -0.12947862	         -0.11452347	         -0.13930363	          7.30729798	        -17.03002306	          9.67299557	          0.68591614	         -2.78735492	         -0.50099248	          7.82029460	          1.40520305	         -0.28020813	          0.54182226	          3.26876340	         -0.03488805	         -0.02761961	
          3.28000000	         10.91395532	         12.76977195	          9.60505347	         14.32353951	          5.67210740	          4.71000913	         72.91539525	         30.86684753	        124.57985668	         29.73560015	          8.48055818	         16.19880264	         64.17497245	        169.56027256	         16.19436946	         25.54904811	         17.70003227	         40.10279594	         31.14872490	        125.92074718	         12.88411130	         28.79514382	         74.59350907	         17.18441764	        405.57400544	         44.47005139	         74.99265952	        336.94033244	        665.40691317	        214.37117472	         87.59201227	        141.55270735	         53.05156767	        139.08180149	        114.29852550	        346.14123127	         32.86812980	         42.05521092	        269.70578336	         80.41759568	         16.59240683	         25.72117263	          7.35620694	          7.51730818	          6.05056425	          7.25193731	         21.96286198	         27.72083366	        184.10664172	         78.10212002	         18.49649868	         34.19535050	        140.33750458	        379.90316871	         13.06155785	         17.86972400	         11.71473425	        863.95079940	        484.97358120	         32.39323093	        233.54791356	         51.81572723	         30.93026113	         17.12548592	        263.16100903	         90.16325348	        357.82489106	         87.20562704	        190.34708986	         54.79399876	         14.49232122	        815.01416423	         34.68539972	        507.14675398	         10.59490025	        737.91481447	         96.97238864	        103.45738455	        841.19882873	        204.72688839	          0.08133496	          0.00096477	          0.11037135	         -0.03489285	          0.11553633	          0.05184980	         -0.00718211	          0.02889898	         -0.04879066	          0.03991458	          0.06792600	         -0.10190732	         -0.11109743	         -0.14085366	          0.46064358	        -22.76124618	          7.61653237	          1.45584912	         -3.19072404	         -0.59072787	          8.09598497	          0.78299790	         -0.33208981	          0.40548474	          3.34002474	         -0.03529206	         -0.02720743	
          3.30000000	         10.69421630	         12.53618682	          9.44299156	         14.09549339	          5.53370732	          4.48842180	         72.04563381	         31.04291025	        126.38281573	         30.08411127	          8.59221434	         16.44269586	         64.35690055	        168.85094634	         16.17453980	         25.49728948	         17.43958594	         41.34493829	         52.36100758	        174.58764337	         13.47340352	         45.46384497	         94.97691210	         16.99182921	        395.95894755	         45.27070991	         82.17780772	        339.61120960	        610.34666554	        213.89103717	         88.02476915	        141.05885089	         52.87078712	        139.58027634	        121.92784831	        347.40959142	         33.64312378	         40.74409180	        261.08202332	         78.11129309	         18.05746524	         28.50250784	          7.54889957	          7.71568485	          6.47911368	          7.60232905	         21.32462151	         27.09500787	        194.16295573	         93.26839492	         18.55611881	         34.49591671	        143.75916298	        390.40737356	         12.41443064	         16.90597634	         11.51122637	        824.34753518	        318.35175173	         45.87499019	        155.43000511	         60.84121874	         26.87410072	         17.85954914	        203.90220988	        108.31325863	        449.99333384	         72.11591296	        197.17770395	         26.77082680	         14.61338046	        543.14195649	         28.02127989	        527.82949491	        182.33957438	        747.09490130	         97.71293641	        110.31662232	        753.95809183	        206.22608067	          0.08612357	          0.00705482	          0.11413851	         -0.03767047	          0.14680572	          0.04126363	         -0.02339380	          0.03416247	         -0.05284851	          0.01765593	          0.06751920	         -0.07214899	         -0.10711332	         -0.14195996	         -9.45174635	        -22.30067903	          3.07036413	          2.22439740	         -4.03779593	         -0.61604618	          7.42191175	          0.21995693	         -0.35235748	          0.05712090	          3.10734902	         -0.02545313	         -0.02882463	
          3.32000000	         10.57559821	         12.44628535	          9.31572007	         13.87111705	          5.45040002	          4.42665314	         71.23761166	         31.28666559	        127.10345364	         30.29463879	          8.73535570	         16.74263406	         65.46289642	        170.86205874	         16.15190995	         25.40746735	         17.20209637	         42.50348307	         74.66343966	        169.75981622	         13.99070591	         49.02048945	         89.17019008	         16.84108543	        342.53092498	         45.63280681	         86.16749783	        324.68986993	        513.16842123	        203.58006896	         77.14089274	        140.52738531	         52.67405263	        141.84702756	        120.74314446	        350.52752775	         34.51868697	         37.19176066	        230.29732322	         70.84169346	         19.57264173	         31.49566654	          7.72394591	          7.77499638	          6.84400331	          7.90547210	         20.51259505	         27.42186155	        209.68812620	        120.45910701	         18.78493319	         35.11155281	        146.78242950	        399.74501717	         12.28281757	         16.28833732	         11.38708835	        755.41360207	        204.35570662	        120.81832226	        102.99235759	         48.44147008	         32.22785118	         18.57545766	        167.19655873	        136.58579422	        574.69453032	         58.35231266	        204.15722178	        399.50627061	         17.24357458	        356.58954454	         23.50493428	        551.75821805	        123.23100635	        762.00819132	         99.61665115	         77.34755651	        520.91751997	        143.52170029	          0.08300620	          0.01242742	          0.11201116	         -0.03562344	          0.15944914	          0.02875050	         -0.04854900	          0.04532911	         -0.05288284	         -0.00172744	          0.11384761	         -0.04783878	         -0.10197479	         -0.14241680	        -17.65049680	        -19.45782301	          0.24665030	          2.25776989	         -4.71992202	         -0.45919004	          6.83667125	          0.15230624	         -0.28655781	         -0.31105632	          2.87934090	         -0.00548548	         -0.02660390	
          3.34000000	         10.53654738	         12.45745062	          9.21680801	         13.65289778	          5.40553558	          4.43976047	         70.61912699	         31.61842958	        127.74588087	         30.59104881	          8.88563420	         17.05147662	         67.38557337	        175.35234413	         16.20872234	         25.31692353	         16.98498966	         43.98896644	         80.58620439	        153.26533196	         14.56193003	         46.21456309	         75.38885415	         16.75615918	        280.74297654	         45.49044836	         88.20337476	        291.14862969	        411.23024344	        182.64413748	         62.44524657	        140.23815567	         52.54625150	        145.25800431	        110.65525583	        355.02848629	         35.39442270	         33.02003498	        196.18545139	         62.37519285	         21.03374006	         34.55217628	          7.86844457	          7.84039731	          7.11911980	          8.14290783	         19.69412149	         26.54924524	        223.37707396	        162.57614560	         19.45154453	         36.31468325	        149.09898519	        406.69540430	         11.54573317	         15.75063327	         11.36923512	        520.20739830	        252.15014585	        134.83158990	         88.50344467	         67.07549223	         36.02016299	         19.19548136	        143.82469046	        157.68613679	        706.42158268	         49.54423982	        210.63140105	        633.69798408	         26.39685744	        231.92526904	         20.36403095	        579.43462384	        112.66840418	        740.26183739	        103.89878007	         55.55099668	        365.45537614	        102.04224620	          0.07128953	          0.01762903	          0.10427891	         -0.03169452	          0.14897179	          0.01572433	         -0.08323514	          0.05982543	         -0.04464387	         -0.01699592	          0.20948939	         -0.03059271	         -0.09366924	         -0.14215128	        -20.97988381	        -14.81913617	         -0.57443588	          1.74275403	         -5.06964456	         -0.19893071	          6.18527560	          0.55463291	         -0.12994060	         -0.58697706	          2.57971760	          0.01660522	         -0.01970642	
          3.36000000	         10.48440674	         12.48162594	          9.06072789	         13.35040112	          5.31622233	          4.37060537	         69.91653829	         32.00588922	        129.28018672	         31.29285523	          9.04208839	         17.37863636	         69.99201167	        181.95028172	         15.48205198	         24.60572165	         16.67604860	         46.35639789	         64.11883828	        110.68428463	         16.40902212	         43.94366406	         69.09615212	         16.66330309	        206.00551410	         45.76627840	         89.76497571	        262.24312233	        311.20462252	        163.13333749	         52.51892739	        139.88053382	         52.39106897	        149.44611701	         96.73995443	        361.46555947	         36.32783502	         29.34194618	        164.15781130	         54.74299133	         22.08986825	         34.97463478	          7.96680522	          7.90383246	          7.27022152	          8.25255354	         19.06528154	         38.98581656	        278.66787266	        176.72198536	         20.35437825	         37.84380218	        149.54395303	        407.01492878	         55.84926760	         17.50468824	         11.51167606	        347.97966615	        180.89437781	        217.83215806	         60.27144870	         71.06636006	         61.45507056	         19.67950340	        194.24487420	        178.66860380	        729.43239097	         23.68097422	        228.30372334	        756.18337426	         35.70067216	        150.14947497	         19.81781775	        608.61558575	        109.56974483	        592.56769378	        110.65313423	         41.00360602	        260.03684498	         74.54159370	          0.05154312	          0.02377518	          0.09179499	         -0.02825954	          0.11392442	          0.00304356	         -0.12819614	          0.07453467	         -0.02381714	         -0.02819764	          0.35066139	         -0.01552682	         -0.06940512	         -0.14134935	        -21.34119012	        -12.21764413	          0.37466083	          0.68257011	         -4.92878664	          0.12400912	          5.69805628	          1.27648023	          0.09781571	         -0.62641904	          2.32348390	          0.03299275	         -0.00614604	
          3.38000000	         10.71912006	         12.73160045	          9.27502805	         13.39810726	          5.53726285	          4.80632996	         70.43875407	         32.55500708	        131.73937444	         31.80791014	          9.23225627	         17.76582746	         73.18189262	        190.29613974	         55.29701225	         59.15514219	         17.06484054	         45.82172513	         71.08726563	        122.43323273	         14.98671217	         33.69111058	         50.38861075	         16.89919581	        153.63200630	         46.08730202	         94.01703184	        178.20997595	        240.48519850	        123.60362654	         38.01162642	        140.26659525	         52.70431732	        154.27120529	         61.78230248	        369.45287769	         37.43681287	         23.35525792	        116.02671036	         42.04038798	         59.76480428	        167.85487555	          8.68219316	          8.45984331	          8.62868702	         14.29134082	         18.47495907	         31.25672429	        216.88177840	         64.58798947	         21.87449719	         40.07010724	        147.14423615	        421.09221063	         36.59316310	         14.93762062	         11.95105235	        236.12723629	        119.58234722	        138.80907792	         41.44492254	         48.30924509	         36.10912556	         19.86403834	        162.62148716	        315.94979959	        682.76431669	        499.44858309	        277.61205197	        969.40975039	         27.12026482	         97.21752744	         19.20159471	        623.16550244	         71.29688700	        529.94071438	        120.76949566	         34.84685526	        209.45160565	         58.35025076	          0.02578708	          0.03211225	          0.07444693	         -0.02542416	          0.07785035	         -0.00630576	         -0.18001796	          0.08791092	          0.01077144	         -0.03618248	          0.61898504	          0.00237928	         -0.00207476	         -0.14013598	        -25.51842223	        -20.12876399	          5.03570936	         -1.46076561	         -3.97425283	          0.55271289	          6.22980556	          2.26375375	          0.42904007	         -0.15610999	          2.40288145	          0.03689261	          0.02246104	
          3.40000000	         10.75002990	         12.93874655	          9.14777038	         13.06273562	          5.45533386	          4.74379136	         69.42079969	         32.94266336	        135.16995923	         33.23327575	          9.46501624	         18.22838558	         76.73467968	        199.78090121	         47.59751034	         45.68036949	         17.22992806	         57.78024577	         90.00507576	        156.26841658	         14.82015771	         27.17348964	         44.65671315	         16.85091169	        120.31737529	         47.36076803	        104.06035052	        175.24174537	        195.39317538	         75.84730318	         28.37239365	        138.55984333	         52.44882275	        159.72689434	         51.43489195	        383.33207729	         38.80289258	         23.02918732	        115.74521040	         42.03760728	         46.22030547	        405.47874218	          8.19104098	          8.19795017	          7.65899708	         59.81869936	         17.39688298	         42.22064585	        160.22104603	         93.47018213	         23.97459134	         42.81694924	        140.86524159	        344.25615165	        129.28600666	        123.53047499	         12.28856469	        164.32843679	        131.02082475	        260.32682077	         29.07480406	         72.89429791	         99.66263752	         46.91162896	        142.61018168	        234.61449126	        602.07671084	        389.40863118	        389.56288984	       1082.22888253	         36.42105614	         63.31964441	         18.52328802	        858.15220384	         85.02208244	        139.09633357	        134.04484520	         26.89858793	        144.23685173	         45.04573406	         -0.00174099	          0.04534216	          0.05554102	         -0.02101061	          0.07363044	         -0.00605471	         -0.23137145	          0.09623006	          0.05672817	         -0.04201450	          1.27973987	          0.02468685	          0.11299236	         -0.13902134	        -29.70275814	        -33.20639919	          9.73598490	         -3.16617365	         -3.22394673	          0.80618013	          7.28161806	          3.50655194	          0.84463457	          0.43764866	          2.69763729	          0.02520955	          0.06100882	
          3.42000000	         10.93456749	         13.42531446	          8.72892116	         12.41681031	          5.28989783	          4.67220554	         65.82506768	         33.35412373	        138.46831447	         34.73595531	          9.74771450	         18.76600935	         80.47442011	        209.83907123	         33.68926458	         33.90452898	         15.61572515	         56.13832399	         82.28070877	        131.26395757	         15.47117583	         32.91289800	         49.58120546	         16.72024203	         98.51975808	         47.94946095	        111.54170065	        178.92404518	        165.51145887	        108.05155163	         27.54860881	        134.09684991	         51.21795769	        165.82748633	         47.03175579	        400.68207510	         40.42226102	         21.44727896	         99.82854151	         38.65975762	         36.08699610	        312.85227368	         10.93397838	          8.56261146	         18.08633531	         49.53390153	         22.62394505	         33.03896694	        115.68053080	         27.07396036	         26.51309469	         45.83602848	        129.69001375	       1594.87793979	         87.42676843	         84.45979013	         24.10938973	         97.74125128	         90.12558167	        175.95028290	         20.19787734	         50.17224131	         66.42890353	         35.98579794	        121.92021757	        206.96398599	        525.72271329	        270.54774213	        326.89712815	       1279.26698396	         27.72576113	         42.09539064	         17.85189034	        630.37307813	         78.84631225	        432.31031704	        148.82707910	         52.87237302	        378.47219972	         71.69755975	         -0.02819820	          0.06053417	          0.04546324	         -0.01211915	          0.10799142	          0.00567729	         -0.27646959	          0.10088019	          0.09804336	         -0.04641118	          3.19962921	          0.04741677	          0.25297783	         -0.13833401	        -34.00874441	        -45.48852649	          3.58199028	         -2.15835999	         -3.63275384	          0.64764040	          5.74977407	          3.72436422	          0.82892693	          0.58581981	          2.22966320	          0.00816433	          0.05876141	
          3.44000000	         11.33612072	         14.15536489	          8.60626024	         12.06990093	          5.33667661	          4.92560591	         62.86328473	         33.58138933	        140.92969103	         36.00191847	         10.05509962	         19.32710560	         84.23601968	        220.04245447	         24.41789875	         26.01047946	         15.08471763	         48.85809952	         63.07583285	        111.36996451	         15.00429138	         29.04349165	         43.36875670	         16.75097540	        119.85044602	         48.04531910	        114.91192850	        166.02378453	        204.90134607	        123.92074151	         31.85213140	        128.93601598	         50.08865738	        172.79097670	         53.48979202	        418.80836347	         42.12447380	         23.37078808	        121.34446847	         44.19404160	        115.17039493	        225.13338422	          8.80313138	          9.03398642	         13.21324826	         33.97691784	         16.55396128	         26.79404475	         81.02299916	         64.00841125	         30.19376352	         50.31252498	        118.18985591	       1205.45983726	         58.51850217	         57.48615996	         17.80815349	        243.13611374	         61.15377616	        115.09656832	         42.09992809	         34.01472811	         41.05319823	         28.75847719	        397.44838710	        103.09508902	        381.99580388	        149.36494446	        296.07142328	        926.31022578	         21.86120796	         28.93228589	         16.99118727	       1803.60277067	         44.99310912	        306.33337780	        163.60565007	         69.48325884	        456.07317620	        125.00664213	         -0.05220142	          0.07282443	          0.04938284	          0.00032420	          0.17428389	          0.02349046	         -0.31121127	          0.10097564	          0.11368691	         -0.05102413	          8.19634347	          0.06123356	          0.35527883	         -0.13810557	        -37.44838249	        -54.24861247	         -3.92041905	         -0.18719675	         -4.52194756	          0.38038224	          4.13923052	          3.44848996	          0.64068078	          0.42137576	          1.76093211	         -0.00401217	          0.04249015	
          3.46000000	         11.53139021	         14.63486816	          8.43685979	         11.74687552	          5.27940779	          4.59377911	         59.26012542	         33.69236364	        142.96999873	         37.20515131	         10.33710255	         19.85768232	         87.86932750	        230.11545223	         18.27496682	         22.41713527	         14.48080744	         48.30092264	         49.60921646	        105.68242569	         16.68821454	         24.79672360	         39.09637304	         16.68421873	        127.02164555	         49.35965187	        116.74356079	        139.84903731	        245.28832689	        151.97315185	         33.94047847	        122.60732660	         48.65281298	        181.07992311	         45.20817865	        435.74169311	         43.72586453	         24.00729939	        124.82868058	         45.73078039	        107.50713874	        241.45537673	          9.10877003	          9.61534098	         10.25704902	         23.99495485	         15.63001759	         22.52112535	         55.18739392	         41.58320723	         32.37443141	         52.40641858	        107.10732308	       1122.32597132	         39.40304320	         39.63220704	         13.72859605	        249.26273737	         41.58643834	         74.69619539	         50.84718980	         23.12573403	         24.69041371	         23.91959242	        318.45273006	         96.40080316	        420.94700150	         77.51310399	        292.17754086	        900.68187191	         17.93165112	         20.41169639	         16.41612667	       1907.35126813	         47.52404603	        206.37201622	        175.26459321	         85.36435050	        583.65245105	        151.60678090	         -0.07262349	          0.07781523	          0.06730500	          0.01276301	          0.23981868	          0.04253455	         -0.33672646	          0.09012759	          0.09240032	         -0.05792607	         17.85164875	          0.06118643	          0.36986550	         -0.13800773	        -40.31783937	        -56.82589485	         -5.14448296	          1.54831229	         -5.08425215	          0.13277582	          4.56057301	          3.27115374	          0.67258838	          0.14483751	          1.86045371	         -0.01345176	          0.04918894	
          3.48000000	         20.89775943	         22.09456160	          9.50012436	         12.06100701	          8.61984818	         19.96037313	         57.82162697	         33.59952791	        144.73006747	         37.64104167	         10.59908888	         20.36504696	         91.21263195	        239.80255373	         18.87798302	         22.63069244	         17.50800626	         42.67258387	         39.71929589	         75.81004895	         14.85980162	         20.79144161	         29.77251288	         17.57839355	        105.61224698	         48.59832294	        114.41620237	         89.74580100	        202.93169491	        123.98099249	         25.80320356	        116.74834717	         47.76516305	        191.26340360	         32.23589104	        447.79208527	         45.18266939	         23.87788181	        117.76788143	         44.38947078	         97.52065533	        324.55960960	          9.65605014	         10.14176217	          9.43908479	         17.59575606	         15.61824769	         19.76839199	         37.12657684	         30.77810047	         34.75844800	         55.53855492	         91.54318005	        994.14359938	         27.16080501	         28.14659691	         12.93419765	        156.37867487	         28.82305827	         49.62532059	         36.51798169	         16.03636724	         15.04019153	         20.64136689	        258.22181482	        238.31111912	        463.08553253	         41.76557279	        289.77940797	        976.35234083	         15.67783376	         18.82154846	         15.94857116	       1716.37680246	         38.07055387	        148.77078268	        182.28053749	        101.01464636	        704.34040933	        182.36152692	         -0.08641887	          0.07371476	          0.09537912	          0.02338597	          0.26870005	          0.06076907	         -0.35446858	          0.05886165	          0.04208662	         -0.06798350	         28.72889687	          0.05012897	          0.31158634	         -0.13749632	        -43.70828503	        -56.59900074	         -5.51222758	          3.50521589	         -5.05741373	         -0.18820197	          5.06086144	          2.52320046	          0.64554141	         -0.24710287	          1.99898061	         -0.02184269	          0.05473120	
          3.50000000	         23.11618983	         24.06036110	         10.39671615	         12.32751250	          9.54411961	         14.49185915	         56.22998721	         33.24813707	        147.48754350	         38.66097595	         10.78722368	         20.79622612	         93.95641688	        248.49581301	         17.90309945	         22.79089375	         18.18223133	         41.89895804	         33.14452037	         58.45143410	         14.79228643	         18.20236245	         23.65700976	         17.84051423	         92.52745766	         49.89094331	        112.23141744	         68.76702658	        176.39114144	        100.50354122	         20.50492098	        110.46625774	         46.51754195	        203.37797132	         23.88604246	        458.67919273	         46.35078506	         24.28011645	        114.12458147	         43.68235012	         73.75095434	        425.46644931	         10.53512359	         11.53043584	         15.50640776	         13.41815965	         15.73787904	         18.39524620	         25.05659727	         10.56105646	         31.13664686	         44.97720308	         80.92488395	        710.65901140	         19.29387617	         20.69615305	         13.55213611	        177.28448991	         20.63756027	         34.30509011	         43.93236891	         11.47383418	          9.40301126	         18.39876701	        306.70203456	        194.26073188	        421.53522797	         24.58347893	        258.94661412	        937.17358444	         13.50724555	         18.44497430	         15.64855159	       1688.48211722	         27.24804665	         40.71898512	        182.78982955	        117.72236108	        819.34315176	        214.24642387	         -0.09141426	          0.06387610	          0.12201509	          0.03069382	          0.25480675	          0.07547605	         -0.36228875	          0.00407231	         -0.01113736	         -0.07846794	         31.27518307	          0.03056636	          0.24110525	         -0.13636856	        -45.89089542	        -55.44601583	         -9.13704168	          5.99659331	         -5.31737605	         -0.52284468	          4.51514098	          1.97688356	          0.53481029	         -0.88594615	          1.81059306	         -0.02211315	          0.04957715	
          3.52000000	         18.70464876	         20.28006362	          9.15430174	         11.82563421	          7.57422389	         10.50919464	         49.59337368	         32.62832676	        151.04542629	         40.41875154	         10.90236503	         21.13387787	         95.65214912	        255.01544404	         15.28133007	         21.64618122	         14.84979075	         41.68798186	         29.01428305	         52.54522239	         14.98144063	         17.12318318	         19.49963861	         17.31258195	         85.14501296	         51.38670966	        110.34330338	         51.57384720	        159.88837172	         84.94690874	         17.13547484	        101.96110244	         44.33991140	        216.52838771	         18.62928880	        467.90675456	         47.20510612	         24.95060742	        108.73175855	         42.79882045	         58.19331121	        545.75296132	         11.87855601	         15.30611332	         14.33938997	         10.80310288	         16.05784116	         17.28676218	         17.13800126	         33.03037191	        113.68975842	        254.93483299	         79.17750769	        473.69705374	         14.11937857	         15.75208060	         14.26562472	        293.78377906	         15.19278986	         24.50405775	         46.78358985	          8.43249489	          5.95538741	         16.98255328	        317.22788782	        159.99621962	        348.48233614	         15.52481358	        237.35662581	        966.62481216	         11.90197373	         18.18563030	         15.48628178	       2237.19926464	         20.10109573	        225.65282926	        176.22162883	        138.61215475	        967.71392367	        254.13132720	         -0.08837613	          0.05201469	          0.14573563	          0.03848019	          0.20530590	          0.08291439	         -0.35762135	         -0.06132859	         -0.04811338	         -0.08323555	         22.08523885	          0.01020687	          0.22244070	         -0.13482815	        -48.78235517	        -58.20982310	        -13.29339975	          8.14505415	         -6.09275539	         -0.67839981	          4.50545780	          2.08408297	          0.59044067	         -1.41235284	          1.75457192	         -0.01748983	          0.05472220	
          3.54000000	         16.35353635	         22.05967737	         11.42924191	         14.41707960	          7.95330156	          7.73100584	         53.26404971	         31.75112987	        153.51767829	         41.71391286	         10.98461692	         21.38232218	         95.70558266	        257.53183576	         22.70639992	         23.23475738	         18.27851185	         41.06066954	         26.46743199	         39.71820128	         15.02735421	         16.63232365	         16.19701882	         17.97217679	         80.71741158	         51.37926763	        106.39362405	         32.89203331	        149.29225560	         66.86089491	         14.73274516	        106.66301496	         44.57819064	        228.89555175	         14.71971449	        471.05497378	         47.79774782	         25.19024025	         92.70718784	         40.36716253	         48.50365362	        620.51944607	         11.38755679	         12.06204236	         11.69362882	          9.82912394	         16.43597157	         16.31777695	         12.70756559	         30.48825183	        107.93461620	        272.51186149	         87.39926875	        326.89698533	         10.63765787	         15.80336965	         14.99140793	        276.44486136	         11.52876518	         17.98931226	         79.21536329	          6.91286347	          3.80376987	         16.58229168	        322.64450395	        153.22125016	        291.47620145	         10.25207539	        222.33351920	       1101.49884116	         11.49932349	         17.82593108	         15.08731628	       2949.37885748	         14.82194196	        591.83964819	        171.66936223	        166.08812146	       1161.95380846	        306.91324925	         -0.08022394	          0.04186033	          0.16063665	          0.04791397	          0.14312478	          0.08029260	         -0.33797254	         -0.12094829	         -0.06503943	         -0.07649666	         10.23253100	         -0.00394131	          0.23045224	         -0.13305633	        -51.92559449	        -60.54859357	        -16.66249363	          9.81503418	         -6.88461748	         -0.72939512	          4.81350912	          2.52439808	          0.73862610	         -1.72136372	          1.70553183	         -0.01747238	          0.06317273	
          3.56000000	         13.73615872	         18.27552925	          9.03719949	         12.77266968	          6.11641382	          5.78021253	         44.17636310	         30.81936050	        153.88741026	         42.13681497	         11.01731459	         21.50134454	         93.52788021	        254.01680713	         24.73299744	         35.08843195	         14.42614929	         50.20664037	         55.36432654	         72.76773843	         16.86917822	         18.29207473	         19.53753846	         16.78578641	         80.55870642	         52.27797231	        104.92481752	         25.65914908	        143.03170940	         55.67037744	         13.16186871	        125.19700977	         41.36675939	        238.17606963	         16.53881501	        466.69098843	         48.10312182	         22.46086983	         72.69888440	         33.56749367	         42.88495446	        401.11865158	         11.84669458	         54.63216969	         10.84175817	         10.02126726	         16.72041191	         15.53354307	          5.64450957	          0.00135525	         46.58055430	        115.36942697	         70.27779164	        236.99621578	         10.55385482	         15.87223805	         15.61396900	        187.24359909	         11.96146015	         13.55118992	         52.48517616	          6.64916318	          2.60922282	         16.58646510	        697.59101070	          0.00760537	        199.48390995	          6.48362167	        211.92190415	       1160.44811464	         10.45918890	         17.96527481	         15.04674185	       2706.43421294	         12.69075732	        408.97916208	         84.58534095	        184.78701540	       1322.74113097	        343.45438817	         -0.06892746	          0.03699739	          0.15961494	          0.05666310	          0.10267024	          0.06702838	         -0.30452997	         -0.16899431	         -0.07533996	         -0.05705614	          3.71977679	         -0.01075336	          0.19796861	         -0.13111313	        -50.99988539	        -51.02576073	        -22.82503914	         11.83209835	         -7.32010006	         -0.87844694	          2.53920846	          3.15631316	          0.39406295	         -2.16547606	          0.77644334	         -0.02063308	          0.02340173	
          3.58000000	         19.37583547	         24.77929639	         11.71207271	         14.85241217	          9.11806647	         15.11267089	         45.70593500	         29.72093737	        151.33570820	         40.44409259	         11.09465388	         21.55315396	         88.85671263	        243.30759671	         18.42885991	         26.24317518	         18.09043147	         41.71290049	         38.40881627	         51.45637393	         14.54650370	         15.07498781	         12.43835957	         17.96647871	         75.99812024	         47.54429808	         95.42078395	          0.06368824	        142.81680511	         17.62848807	         11.64354620	        223.10944399	         40.50831782	        242.63792858	          0.00801685	        449.43643463	         48.24248854	         25.98628529	         81.69003494	         38.37243509	         40.13317948	        570.15570184	         15.44137784	         41.60147068	         14.36394577	         13.16971291	         17.11645175	         14.91840525	         34.22262960	        104.17392557	         62.11869171	        144.58372436	         56.56153230	        205.30874355	          9.54042193	         14.57701905	         16.14357677	         66.01363998	          4.86661758	          9.83471703	         28.63408778	          3.86423917	          2.14706689	         18.05710691	        509.34156887	        331.82610231	        561.99915912	          3.95268782	        204.80081328	       1291.48124620	          9.68497368	         14.80628629	         14.29950072	       2416.89475624	          0.00006368	        238.22004980	       2134.13413900	        217.08299299	       1459.99864938	        403.33503413	         -0.05608094	          0.03788171	          0.14941579	          0.06605798	          0.06967875	          0.04359239	         -0.26145179	         -0.20962840	         -0.07714345	         -0.02977472	          1.25806165	         -0.01136797	          0.16619252	         -0.12960088	        -52.29432761	        -55.27524191	        -21.57800307	         12.47519330	         -5.41731400	         -1.63759858	          2.23129109	          4.22394405	          0.40717557	         -1.78403844	          0.32837297	         -0.07284528	          0.01962978	
          3.60000000	         16.18426824	         20.83591363	          9.17024843	         12.04164045	          6.93638849	         11.05894965	         36.70030825	         26.26845667	        151.13524195	         40.18806798	         11.00157326	         21.38548145	         82.30530861	        225.28008192	         13.98282888	         20.20844293	         14.17807109	         67.16218904	        113.69597357	        169.59189206	         24.32784352	         69.07447499	         96.71108892	         16.57190514	        299.47368848	         53.26412759	        111.35561452	        277.73105418	        361.86771336	        243.36011576	         77.28447969	         70.84328540	         36.03851463	        241.99223286	        293.28005393	        437.46597983	         47.94126355	         29.08202512	         85.26598068	         41.79015268	         39.41610497	        204.11907671	         12.69667460	         30.60509192	         11.67528926	          7.50049799	         13.89189575	         14.34881485	        208.78275565	        158.89423973	          0.00204021	          0.00190827	         59.89195078	        130.03956592	        123.53084971	        149.56074055	         15.95698124	        692.87774281	        480.01157853	        176.49875392	        260.63249680	        173.54507700	          5.06248448	         14.44913799	        367.18087572	        441.78956209	        802.94297035	          2.17923987	        200.21014392	          0.00344477	          8.59112418	         68.76517970	         37.33982230	        828.28585951	        220.50236543	        256.38460417	          0.00135538	        168.88885574	        509.05096565	        340.61510477	         -0.03877605	          0.04046350	          0.14164985	          0.07244357	          0.01347212	          0.01341200	         -0.24555820	         -0.25267099	         -0.12301837	         -0.00324453	          1.91228303	         -0.01642465	         -0.27327493	         -0.12836462	          1.20683277	         24.06471312	         -9.30340816	         10.72757296	          2.00423541	         -3.33544154	          2.73901702	          4.98648584	          1.31496063	         -1.18140893	         -0.69167721	         -0.16319322	          0.06311217	
          3.62000000	         15.89239374	         21.82528248	          9.43332007	         12.39051320	          6.91157540	          8.35009736	         36.06747233	         64.77575489	        151.87785830	         28.73141785	         11.07260704	         21.23759914	         67.72089115	        205.48255048	         14.96585486	         20.43295624	         14.40582296	        136.89106798	        160.02197158	        247.54274939	         19.40750566	         46.33854530	         51.88711812	         16.45833366	        218.90652009	         43.58887841	        103.98424406	        144.52800836	        282.66534226	        182.20193581	         51.77010361	        541.86373037	         34.15323738	        238.10321769	        147.00143370	        403.15430909	         47.22360806	         23.16715343	         68.30118793	         33.41703815	         39.68784195	        831.08339111	         27.82744353	         23.26250618	         43.58902202	        558.52461023	         69.71082632	         14.01031492	        162.43249092	        109.41051656	        257.38058587	        387.77552782	          0.02298265	        412.75195384	         82.17513931	         99.44433619	        107.13387013	        503.58147070	        329.93704678	        117.34673805	        190.32260923	        121.89457167	         31.86963935	        296.85850956	        246.14897597	         69.58159420	        511.74252576	         35.00268710	        199.99701077	       2335.17137338	        127.34824179	         47.61414927	         27.99932447	       2124.78906726	          0.00414564	         83.46475312	        951.94916566	        195.98056239	       2195.70805467	        227.29960623	         -0.02465382	          0.02616781	          0.11162189	          0.08849999	          0.08095501	         -0.01992885	         -0.17390923	         -0.28239186	         -0.06534881	          0.01443772	          3.04940967	         -0.03520966	          0.14464917	         -0.12829163	        -63.41136080	        -67.89693686	        -34.91983970	         16.44932912	          0.97739665	         -4.54441610	         -0.76649167	          2.52256761	         -0.64499614	         -0.91764743	          0.73817423	         -0.19376459	          0.00363995	
          3.64000000	         16.97837810	         23.49140673	          9.77533919	         12.64896664	          7.36861238	          6.63926326	         33.22453263	        139.10225464	        175.40093755	         39.55353942	         10.77783524	         20.82061181	        177.51635061	        169.52801834	         13.63540151	         19.78274950	         14.76621597	        192.29122463	        134.56198404	        214.89723885	         31.23900405	         58.43340922	         83.30070158	         16.36957765	        163.07740352	         57.99826022	        115.56294530	        147.72591689	        233.95518103	        137.92167586	         83.09055983	        335.31607132	         51.06485871	        232.67838878	        148.08228572	        464.67691947	         46.28851470	         25.15717776	         75.44572970	         36.43546713	        447.40048123	        747.20869029	         21.08977350	         18.51944851	         31.31730341	        552.64385004	         49.59327486	         13.58889325	        121.76220211	         73.13966105	        312.21789673	        606.74800580	        640.06486452	        164.98525868	         55.94641276	         68.19943432	         74.57819505	        322.59682009	        219.27906876	         80.94001922	        123.13759414	         82.36348240	         18.53318009	        166.32285110	        397.71007894	        268.37224204	        492.59351221	         20.54477777	        208.20080432	       2326.99535891	         88.00966282	         34.12638122	         21.88055193	       3071.17984135	        150.71881395	        214.30892079	       1260.39346938	        403.98322759	       3260.64654131	        877.43601902	         -0.01203547	          0.02379886	          0.09565739	          0.10829037	          0.00800210	         -0.07825556	         -0.11015652	         -0.34716431	         -0.04426346	          0.02379222	          3.62004033	         -0.04093068	          0.27791955	         -0.13063092	        -84.43114131	       -115.87876543	        -34.27000618	         19.17240046	          1.16056942	         -5.73272740	          5.02030591	          2.89773983	          0.81516106	         -0.39822019	          2.44451631	         -0.23871703	          0.13001244	
          3.66000000	         18.23685876	         25.39646970	         10.22058599	         13.03469302	          7.88727108	          6.99112466	         29.73366299	        145.45617412	        209.23746523	         50.83556241	         10.43205177	         20.34112885	         39.19986385	        436.73418377	         13.29600614	         19.48309852	         15.32889640	        242.97530504	        242.47856423	        285.03347686	         40.71553797	         73.55010925	         46.03273970	         16.17699222	        211.48709056	         43.21213838	        142.03250556	        119.43363695	        203.18608770	        107.31850512	        109.38416875	        334.28888260	         40.76170980	        227.05460194	        153.16947135	        564.47153607	         45.02036609	         27.95146638	         84.43819274	         40.61871271	        271.74273934	        891.82169148	         16.56190641	         15.36218373	         22.89283129	        557.00884685	         35.86201356	         13.25257531	         87.31175354	         48.83638257	        306.61239124	        635.84652404	        173.71399144	        420.99920613	         38.78054592	         47.72137057	         52.65158725	        215.35516514	        150.12257088	         57.31434472	         82.53112092	         57.45730228	         11.65608985	        284.09728053	        408.40834222	        166.39523257	        285.06815215	         14.00385324	       1059.00268114	       2260.16145386	         69.12788597	         25.18414734	         17.79075507	       4378.25651038	        233.49140771	        148.90611658	       1442.31312930	        645.61722213	       4489.94829414	       1257.02151711	         -0.01108084	          0.01679609	          0.06648910	          0.12867209	         -0.04138998	         -0.14186172	         -0.05321702	         -0.41448314	         -0.02649187	          0.02647946	          4.56960416	         -0.05886085	          0.28636865	         -0.13425846	       -104.24183037	       -168.95016462	        -34.46820492	         23.48036997	          1.09842723	         -7.46234826	         11.06698159	          2.34089833	          2.51563117	         -0.26446068	          4.40524830	         -0.29208480	          0.26482309	
          3.68000000	         19.75853688	         27.67812351	         10.76426511	         13.50794461	          8.48930973	          7.55649747	         27.25849921	        165.74760552	        245.70291473	         60.11901487	         10.08289420	         19.81117888	        462.53898204	        109.41233037	         13.34045389	         19.31320017	         16.07762998	        420.97366475	        231.80370535	        492.63098795	         56.16026555	         92.12682925	        104.92157980	         15.98003182	        304.50446656	         94.74947689	        172.96614911	         86.77067349	        184.19324829	         88.52459050	        140.39389171	        244.42234235	         32.81021918	        221.59518465	        170.43786399	        656.39634420	         43.42348380	         31.35350942	         95.40459644	         45.82099002	        575.71301887	        838.61483536	         13.61885197	         15.20724296	         16.66785451	        549.45687692	         27.16822869	         13.04302862	         62.59414138	         33.15120013	        332.04483471	        715.81054544	        357.41423977	        304.22509378	         27.62193629	         34.52084143	         38.55914724	        142.64984463	        104.01014601	         41.80311711	         54.80713546	         40.41004489	          8.51134975	        245.50274765	        839.15099949	        112.67514676	        242.38139669	         12.59629968	       1051.00929700	       2190.43979042	         48.73924913	         19.23881368	         15.12554480	       5269.19734540	        264.74437482	        102.69132458	       1613.22882569	        950.60178018	       5119.15877109	       1821.90176266	         -0.02139875	          0.01114097	          0.03564966	          0.15026366	         -0.11508401	         -0.21512665	         -0.00409912	         -0.48227378	         -0.00491151	          0.02647736	          6.14894776	         -0.08120446	          0.23353056	         -0.13897935	       -116.72242064	       -226.01065489	        -32.01333874	         29.22421465	          2.70107749	        -10.69993379	         19.57235850	         -0.49094898	          5.34171845	          0.20662245	          7.43259799	         -0.40751750	          0.46372462	
          3.70000000	         21.72641105	         30.66103890	         11.47731230	         14.13721550	          9.26269257	          8.26566462	         25.35646645	        220.12631958	        285.24681401	         71.95510113	          9.77229001	         19.33070270	         25.49458044	        681.10773246	         62.58495458	         19.97843666	         17.10044775	        486.83784824	        508.94982399	        321.64613913	         59.89924872	        121.21871105	         60.62314774	         15.86741133	        221.71874007	         67.69640441	        180.99000780	         62.92567689	        173.01119896	         79.13801091	        187.06161213	        190.16738430	         26.92058130	        216.55034682	        186.24356683	        752.36765648	         41.99517127	         35.59967703	        108.85024929	         52.30935128	        546.71340633	        779.19400249	         13.59156279	         15.20496389	         85.17653919	        536.02908010	         21.39469404	         13.14422027	         45.12594488	         23.35013725	        347.23963289	        687.77864689	        223.61597104	        239.91514362	         20.26733406	         25.86948597	         29.36191838	         96.97151173	         73.34636470	         31.17443277	         33.06458725	         28.73328107	          7.07044005	        291.40507579	        824.12425432	         70.48618360	        174.00830203	         13.22992846	       1042.95307345	       2117.28730198	         34.81376969	         20.67571399	         15.49510702	       5702.90775772	        226.07240858	         72.79770806	       1577.21732414	       1046.54408009	       4774.24555980	       2048.10875919	         -0.04380217	          0.00818283	          0.00444268	          0.18089637	         -0.16940598	         -0.30123473	          0.03303008	         -0.54691002	          0.02461938	          0.02571740	          8.36699783	         -0.09222959	          0.13598912	         -0.14416045	       -109.50579234	       -258.22397024	        -16.36984105	         32.08126096	          3.40509065	        -13.49801735	         29.53167353	         -1.84295334	          9.53027129	          1.33862601	          9.27561920	         -0.52110786	          0.66275115	
          3.72000000	         24.17906452	         34.46499754	         12.35122139	         14.95134149	         10.18070775	          9.07737615	         23.83829156	        210.92155519	        319.70705711	         79.42461143	          9.44323873	         18.84971930	        435.98501741	        335.77572382	         43.18823013	         44.88973381	         18.41361409	        535.01443996	        527.07392733	        206.05958004	         67.77213371	        104.73244410	         34.25296029	         15.85528534	        238.80945851	         94.56029599	        187.23017784	         44.82800523	        166.94230130	         78.43965482	        205.81111266	        325.85075983	         21.59351999	        211.44183940	        188.95884140	        788.79930766	         40.49709761	         41.00954659	        125.45366845	         60.44552747	        518.25380664	        723.86360430	         10.85844089	         15.41433005	        443.80254762	        520.07991626	         21.11707582	         13.45533078	         33.11029066	         16.88795454	        378.55565325	        737.98748120	        196.99797729	        450.73274598	         15.45794007	         20.28907763	         23.54530493	         66.28245558	         52.32135874	         23.96607275	        164.07937901	         20.54541022	          6.50586873	        168.93170420	        818.18275707	         47.56030959	        264.49374952	         15.11845207	       1013.67636675	       2039.00397429	         25.38063122	         22.57648716	         15.98862260	       5768.38698004	        151.46542094	         53.64469083	       1694.37832523	       1066.77103921	       4908.47821257	       1955.38459234	         -0.07545797	          0.00561170	         -0.02425941	          0.21273065	         -0.22789883	         -0.38303342	          0.05822267	         -0.61090611	          0.07770839	          0.02680459	         11.22404065	         -0.10803783	          0.09018641	         -0.13999721	       -100.65001588	       -276.39797331	         -5.01288238	         35.36421345	         -2.17323404	        -14.99664632	         36.58033692	         -0.62210952	         13.47441924	          2.28551384	          9.98641695	         -0.58071483	          0.79353310	
          3.74000000	         26.39219000	         38.23339781	         13.26796018	         15.85861110	         11.10793576	          9.81541639	         21.67210538	        184.55647603	        347.13402408	         89.03982214	          8.96198164	         18.02534327	        169.57711754	        674.96335289	         30.23828306	         33.23472268	         19.89652426	        386.32288144	        317.07038480	        132.37574451	         59.76882990	        113.77524102	         20.33734375	         15.72721288	        407.06077298	         73.31460999	        138.68557133	         32.04708089	        163.50888065	         96.14205779	        146.05342045	        385.05423190	         48.02977717	        205.19098988	        172.31007126	        837.25232213	         38.01940763	         48.00731730	        146.19727645	         70.74830242	        487.91185635	        657.95985908	        318.29475472	          7.10369896	        519.07608991	        499.85290299	         22.87598582	         13.29074719	         24.97319058	         12.75504573	        402.39901148	        821.85499133	          0.01673255	       1215.24701771	         12.36454760	         19.16216806	         19.98167431	         45.88764610	         38.01219376	         19.26790907	        109.41599345	         14.93212260	          6.33189914	        233.31399719	        763.51118708	         30.06145360	        169.26930118	         16.78474000	       1054.89777965	       1956.11522902	         19.05762705	         24.81908196	         16.72927412	       5460.41162009	        110.12289129	         42.19525062	       1753.86466744	       1623.28632336	       4502.31822263	       2184.30383624	         -0.11324026	          0.00360973	         -0.05569680	          0.22855462	         -0.29036280	         -0.44589226	          0.07418497	         -0.68486076	          0.15950686	          0.03168750	         14.95758752	         -0.15249677	          0.06244713	         -0.15037240	       -100.03997665	       -286.63869009	         13.36973159	         35.63009462	        -14.35026604	        -14.91572330	         42.90130678	          5.64270082	         18.18317467	          3.22208787	          9.36988277	         -0.59963186	          0.89895522	
          3.76000000	        157.35674922	         88.69518831	         14.28325942	         16.91540034	         12.17189126	         18.28568709	         24.78929663	        264.34927358	        367.07332259	        103.27263885	          8.22507386	         17.02638231	        181.44577917	        740.34609935	         21.77169975	         25.51994209	         21.71756236	        214.47326258	        209.71739802	         86.45235428	         37.16664622	         70.03632527	         12.48443188	         18.54140291	        401.10638372	         61.78043647	        111.73857412	         23.12677734	        224.21173543	        160.58768635	        216.67782128	        206.75419370	         33.77041745	        197.97362667	        101.86433102	        907.43165881	         35.57335370	         56.83331933	        171.52980130	         83.45319123	        444.02847950	        598.63760078	        545.31116168	        480.58554033	        480.76262231	        466.70833958	         26.16702186	         13.54003085	         19.45620407	         10.21988893	        416.75389429	        855.17106655	        594.09174585	       1777.52335826	         13.43241266	         20.95640395	         16.38575167	         32.90169099	         28.65108552	         16.60045222	         74.40096090	         11.28748047	          6.32514510	        153.84450668	        831.48211380	         19.43122955	        145.00024641	         17.20669508	        810.74304579	       1874.68590384	         14.88352513	         27.27708386	         10.78765902	       4889.18418334	         65.88462555	         35.95987238	       1791.82270146	       1535.71240800	       4835.15887862	       2477.24237879	         -0.15586262	         -0.00601089	         -0.10399856	          0.23255340	         -0.35931305	         -0.48233988	          0.08900414	         -0.76189624	          0.27593588	          0.03789044	         20.68631293	         -0.22669240	          0.06767740	         -0.16436860	        -90.05752223	       -292.41306003	         46.87673366	         32.70403474	        -32.98449973	        -14.82227309	         49.01982665	         18.77392283	         23.76935199	          3.30110794	          7.57434397	         -0.61572265	          0.97162050	
          3.78000000	        208.28790174	         73.49880634	         15.34294531	         17.83334182	         13.08109029	         14.38173104	         19.12644539	        199.75368278	        387.72176717	        123.54865151	          8.36869020	         15.11302924	        225.93614277	        741.76934986	         16.36210914	         20.59649955	         23.67515369	        252.33764671	         78.52888501	         58.54864772	         21.90062707	         81.49728035	          7.80379091	         16.19579612	        826.01262329	         57.35868760	         99.21147021	         17.21009619	        201.31849740	        196.02748804	        144.33069471	        120.76398763	         22.89007446	        190.59921240	         71.48354870	        943.02861507	         25.85896975	         67.75002933	        202.04639640	         98.73558881	        392.19098171	        481.25477613	        552.37633622	        619.37134865	        428.70784315	        418.19881737	          1.75162929	         13.71920677	         16.74369982	          7.97185624	        426.29749943	        854.83457931	        851.94179590	       1859.83959059	         14.80378606	         23.27615664	        522.61890024	         24.66489718	         22.53390472	         18.36466161	         51.78992111	          8.84673456	          6.74207707	        100.71076061	        538.21188053	         12.11019482	        105.28014276	         22.59693136	        565.02052849	       1801.08022329	         12.07798515	         30.48165550	        372.92572741	       4017.52958782	         60.51165331	         30.58278641	       1817.06418705	       1007.61374683	       4374.41893249	       1634.31705075	         -0.20741471	         -0.03009549	         -0.16503784	          0.22184474	         -0.40470219	         -0.49471424	          0.08395916	         -0.83884497	          0.40182739	          0.04252660	         30.29276422	         -0.36249017	          0.02287413	         -0.17980413	        -43.75230645	       -295.67312086	        108.35049408	         16.74467885	        -47.30198712	        -13.73580673	         57.41822831	         30.64886435	         32.56943970	          3.56343725	          8.54568418	         -0.63122264	          1.21867675	
          3.80000000	        574.93814318	         65.84713681	         16.53133912	         36.48338790	         13.89580574	         11.91586128	          0.01549239	        268.30165500	        378.54868720	        148.93076979	          0.00990294	         16.23471263	        244.23386271	        667.82888493	         13.02188038	         22.00372538	         26.37157404	        352.19089979	        436.24561030	         40.72607174	        141.09198220	         77.61745317	          4.70741599	         13.40890008	        813.84127188	         58.23350237	         95.54673485	         14.03521665	        185.11314917	          0.00394383	         81.81288069	         55.48645417	         38.11092138	        185.91342407	         76.20621104	        897.23019899	         65.48234985	         80.99290962	        238.36616706	        116.62579631	        340.28059430	        460.14509565	        369.50514377	        425.32903876	        405.70192512	        370.58046847	        672.26967624	         13.56643992	          4.42429951	         17.52530541	        430.88398832	        828.81721168	        821.86490455	       1601.04729454	         16.40978077	         26.59383246	        644.93799696	         17.97464088	         18.27538501	         21.38987720	         33.84074985	          6.98667172	          7.98879541	         68.92013133	        353.60143854	         13.61307412	         45.55887152	          4.37985528	        405.69202798	       1744.22102638	         10.03504810	         18.84950199	        276.72467481	       3026.60087488	          0.70074294	         96.39434899	       1836.41808143	        719.92756316	       3105.62067453	       1160.89013196	         -0.29007177	         -0.06793426	         -0.21499842	          0.21040828	         -0.50128175	         -0.55253513	         -0.00790718	         -0.91194418	          0.42532988	          0.04201290	         26.96397526	         -0.59741093	          0.03764624	         -0.19288832	        -23.87028396	       -266.69685937	        119.79234790	         -1.44997861	        -54.24173290	        -13.70031350	         40.75006987	         41.92838646	         31.11752265	          2.80083492	          9.71524480	         -0.64063599	          1.16692482	
          3.82000000	        632.49847842	         45.43642911	         21.72112616	         30.74437669	         56.18475425	          8.86008207	        639.91333762	        257.43608518	        377.45743803	        182.06131922	         84.59900481	          0.00455490	        263.20392332	        572.59471378	          8.60165882	         11.76876386	         20.01295298	        287.88350763	        274.77985779	         27.78518319	        126.18195339	         41.22772517	          1.53780342	         91.37566716	        742.82322206	         64.67345950	         99.70079360	         11.30171823	        159.63061163	       1402.61636422	        181.07126198	         90.23142609	         26.95220561	        177.51223486	         32.67522626	        891.56449718	        121.49389228	         97.07031503	        278.95030244	        137.62308353	        290.63353659	        177.79150061	        263.26113352	        304.95416958	        261.50206980	        327.14281648	        738.58604836	          7.05170205	        102.45225583	        171.84607685	        374.87462012	        693.79571679	        580.84776906	        940.52295659	         67.87564475	         51.94781379	        470.30532023	         12.32979345	         15.06307531	         19.16113307	         16.62489408	          4.05621486	          0.62470559	         29.92832600	        141.84183671	         10.27953020	        110.15779359	        484.98057828	        226.10469311	       1568.28353756	          7.39960386	        277.03600554	         39.53357863	       2116.40525216	        152.38984704	          0.00001591	       1550.01202803	        501.63687388	       2142.29407808	        807.25136490	         -0.40745568	         -0.10778220	         -0.24387184	          0.21913773	         -0.57908435	         -0.65335414	         -0.09068860	         -1.00206578	          0.44531701	          0.03489164	          4.64406766	         -1.27191606	          0.42819196	         -0.21627513	        -74.09174980	       -138.80910573	        104.94848710	        -36.00477594	        -44.74553665	         -3.05664838	        -19.05999163	         48.72249737	          9.31150392	          2.47033953	         -1.38522495	         -0.23713490	          0.16854119	
          3.84000000	        701.35878991	       1079.31729407	         20.74399148	         29.10575211	        565.50068383	        656.84841973	          0.00298209	        157.95489007	        313.02540481	         45.29564609	          0.00609681	        214.32582909	         74.32527941	        150.87101821	        608.51892072	       1308.18747520	       1175.19121670	        115.54202553	        148.71745239	         16.35897711	         62.79923064	        173.03105238	         48.45245194	        259.87203285	        800.82472931	         76.56840800	        110.24039446	        474.96015100	       1079.92361196	       2233.54226896	        164.74413057	         54.33988002	         21.84915383	        246.45158115	        167.78098026	        716.47001344	        344.38450214	        116.02119098	        494.10908797	        157.56587544	        290.64160276	        334.44806421	        196.89647087	        244.62593707	        195.74325377	        319.56151874	        594.95667676	        500.68593010	        395.57206484	        296.84564205	        140.14195335	        306.90085538	        304.52945556	        591.56747997	        407.83068508	         44.41004676	        332.12222678	         10.13794215	         15.05596457	        678.74719834	        199.68013176	        284.17499404	        443.85596975	        219.92161764	        589.70616546	        440.07038467	        548.20464368	       1303.02013345	        789.92148114	        834.73896822	        209.88829533	       1538.48010608	        689.05686037	        496.02296959	        242.13568088	       1123.08843344	        364.25252146	        386.95480695	       1624.17774599	        618.04837924	         -0.49039545	         -0.16011328	         -0.22027614	          0.29883718	         -0.37652438	         -0.62112264	         -0.33292346	         -1.02206477	          0.28481620	          0.02999149	          0.63047516	         -3.72307605	         -0.88087017	         -0.24679327	        -81.03671892	         52.26029006	         48.65392203	        -69.70971777	        -17.20554439	          7.05431214	        -67.37200519	         24.62216243	         -4.17717913	        -10.64322620	        -11.21527135	          0.34161733	         -0.49812001	
          3.86000000	        469.37229578	       1065.77830574	         23.39813577	         29.40018217	        387.09050864	        665.26644550	        674.68097520	        120.49540905	         89.74617129	         93.13187213	         73.15714857	        258.54076681	         16.54509039	         80.56183631	        725.39430715	       1260.62076923	       1143.42574632	         42.25625589	         93.33868389	         10.08968345	         67.83584937	        162.83296622	         17.45754332	        282.54295866	        576.31626256	         87.40953933	        120.52836090	        493.26871018	        954.36749261	       2434.49398001	        169.24371635	         40.53082136	         18.29472263	        187.43447245	        164.32808161	        731.21953985	        467.89592130	        141.29133417	       1418.66792874	        410.11633789	        273.96387916	        155.30611364	        128.54676144	         39.02890879	        119.64331421	        297.35580321	          0.00366545	        221.81059960	        603.00366244	        362.45396935	        115.78311291	        218.86260105	        269.27744028	        473.91080541	        283.31626411	         38.69542813	        222.22809125	         10.88971494	         15.99247167	        464.38924772	        219.29339965	        321.50356914	        182.44675053	        150.66380808	        319.85479792	        511.90513932	        721.75173803	       1197.85672395	        781.47951790	       1159.98948594	        212.75892768	       2058.27380437	        551.48104830	       1181.18817445	        221.84531013	       1564.26775197	        447.17018593	        275.60739488	       1135.13195536	        439.32376468	         -0.42053154	         -0.15493784	         -0.27367265	          0.31142545	         -0.26545314	         -0.42454469	         -0.38445158	         -0.82525017	          0.16896903	          0.04354136	         -0.24768391	         -9.15078976	         -0.68964128	         -0.25335662	        -89.02488610	         69.82210011	        -22.53450133	        -62.55548805	         26.57795022	         26.49706447	        -69.49236470	         -3.52002901	        -12.48297361	         -2.36146917	        -11.91009885	          0.95228502	         -0.74032437	
          3.88000000	        320.05162023	       1039.88714454	         26.55739955	         34.53774300	        264.85199447	        673.91563837	        785.10084743	         95.31288568	        167.93989055	         39.44798434	         87.07144210	        316.81011290	          6.59422716	         33.58937726	        647.77800355	       1162.85985688	       1094.47024007	         14.13529094	         56.96503644	         32.59568329	         29.50231487	        124.11725159	          4.15996282	        304.11447502	        416.31255891	         90.13947965	        122.36362964	        275.37957512	        694.57000062	       2208.32521820	        175.47786221	         36.66453764	         15.66755433	        266.96579977	        126.30724898	        789.60284890	        611.18504585	        595.80125187	       1204.86804952	        616.16241958	        176.38643268	        275.69050347	         89.85431844	        580.32323547	         82.15356208	        211.82000247	        947.73290111	        408.79546513	        453.89434061	        208.17598380	         69.65297675	        127.18704744	        180.88853956	        225.14016222	        196.23697609	        267.72083582	        155.68905946	         11.05843267	         16.66177951	        312.26534629	        142.51114735	        206.90241986	        424.50264497	        200.59838189	        617.11843303	          0.00749153	        621.78539390	       1469.74021489	        961.63045216	       1552.07512721	        204.13245514	       1137.04681037	        345.89818036	        661.22914150	        233.58988004	        841.46301250	        279.42380407	        206.25079756	        823.32017755	        326.49169951	         -0.39777096	         -0.16253589	         -0.26785081	          0.33935693	         -0.14148676	         -0.16631773	         -0.49904368	         -0.65019280	          0.08583572	          0.05977997	         -0.28060236	        -12.32414749	         -0.54269323	         -0.23519254	        -70.78176253	         63.20097816	        -44.82225598	        -35.04111529	         27.91972466	         22.29332806	        -48.76825812	        -28.90614076	        -24.52216103	         -0.00980257	         -8.88906771	          0.77072876	         -0.99895485	
          3.90000000	        220.91625615	        944.85241466	         29.79069662	         40.39235649	        178.13263280	        663.20851524	        613.72771989	         69.44598516	         54.75397173	         60.13636327	         69.13353659	        244.71170290	          4.33262961	         21.11754569	        675.14133657	       1092.97376194	       1034.82228156	          6.50919671	         36.51856781	         22.17377346	         12.43657324	         84.67009531	          0.38752277	        310.46540482	        298.21111157	         85.92422514	        117.54366930	        150.25693639	        455.10199655	       1941.10743471	        186.95830793	         35.24273476	         13.64917761	        196.00769407	         70.17424852	        637.81192762	        494.78938151	        546.75843623	        890.29700056	        451.74237448	        162.86599803	        164.21232849	         63.75438141	        396.20943326	         60.06871398	        133.19954847	        300.27824933	        243.23457159	        350.32771476	        217.98697995	         51.59197884	        105.72384204	         95.39832372	        205.28968954	        137.83465861	        190.10730962	        114.00071217	         11.88509493	         17.79225476	        216.79804695	         95.42212559	        139.99376467	        294.24554041	        127.40209228	        411.74552387	        350.62321557	        282.10277063	        983.88890741	        583.39494506	       1457.45504665	        170.54302138	       1241.08973875	        306.35680385	        708.10470289	        119.84456558	        824.84076650	        268.81076021	        161.69771348	        616.27258814	        252.40035198	         -0.38866429	         -0.16849698	         -0.26965195	          0.35556338	         -0.01277248	          0.05224278	         -0.59637331	         -0.54722686	          0.02961149	          0.07909399	         -0.09614991	        -10.12133441	         -0.42575033	         -0.20944305	        -47.31440919	         61.59141705	        -54.68750407	        -16.96484372	         23.81492458	         21.96778134	        -19.22110486	        -26.43067165	        -22.08719110	          1.08296372	         -4.29931811	          0.69366360	         -0.79011166	
          3.92000000	        163.36099407	        600.94590714	         33.03496078	         46.84225368	        122.48872023	        665.45852250	        461.54920673	         71.83191646	        113.51203987	         32.58502507	         51.20588902	        181.89065092	          2.64803509	         12.39630553	        455.14094052	       1025.55320272	        962.95610094	          4.55992571	         24.61345573	         15.97701291	          6.07475562	         48.31437551	          0.00026512	        310.55385201	        217.11687583	         78.41149440	        109.51400611	         44.85066801	        660.83314199	       1683.94013987	        197.56902353	         33.49420563	         14.66065087	        164.26358984	         36.02653607	        457.76910199	        415.73134087	        385.03999378	        708.09779017	        355.11101603	        102.18947843	         77.30899656	         45.88252165	        267.16571443	         38.91762321	         81.30475694	        551.52839172	        147.86934345	        246.64447056	         64.86501228	         46.17433145	         91.36756881	         34.07946338	         64.03972633	         99.93404398	        141.81466296	         88.91571759	         22.62918058	         25.00886494	        154.17091840	         62.99711295	         95.19138501	        205.47847776	         82.79282929	        270.53755856	        213.92113335	        337.88277777	        761.74157877	        692.51379297	        710.12905566	        110.93706486	        385.63029110	        197.16481292	        546.73111114	        102.34818041	        646.93090620	        254.98585261	        136.23715497	        488.37550507	        207.66931099	         -0.37167749	         -0.16715801	         -0.27378965	          0.41710075	          0.01842320	          0.28413828	         -0.65654296	         -0.45654112	         -0.01358336	          0.10107656	          0.08133297	         -6.37250576	         -0.33392039	         -0.18863249	        -33.29630677	         54.61312154	        -48.01150842	         -8.39200031	         17.99513647	         20.06946517	         -4.84354142	        -15.04487830	        -13.80965082	          0.36327201	         -2.11173444	          0.56504418	         -0.47161771	
          3.94000000	        131.09413009	        408.05814153	         36.19294493	         53.77859617	         87.86582808	        436.15898887	        294.42311347	        366.54492454	         63.27496969	         44.70958281	         38.62359930	        126.14078062	         14.27842284	         31.01127500	        308.83249368	        980.72991762	        947.96934051	          4.28433859	         18.57801724	         12.48752421	          4.30174705	         18.44781209	         -0.00002096	        307.99520273	        161.74649070	         70.98762574	        101.50976755	          6.54402431	        997.76498953	       1449.31146803	        206.77783108	         30.44871046	         15.76197990	        123.37146758	         12.82324414	        374.26076503	        269.87192754	        290.39329064	        593.04614600	        294.03563781	         62.63723226	         22.97524814	         33.88906068	        179.80891546	         83.12112471	         50.87346779	        307.67567856	         93.01303303	        168.28761459	        109.82339760	         38.60943091	         71.45981006	         10.03591510	         15.90717202	         75.35790628	        112.58096742	         82.16250647	         16.39064889	         21.06437296	        114.21191162	         41.15126344	         64.14184446	        141.14032628	         55.18085123	        179.09960602	        135.81425591	        283.53737274	        492.82780981	        475.39650712	        836.39367488	         73.59496008	        613.41982392	        129.92547282	        419.29930328	         55.90352865	        406.16767254	        199.35272776	        125.08388357	        419.14880019	        184.82486301	         -0.34543193	         -0.15606485	         -0.27381583	          0.53570093	          0.01074848	          0.48264751	         -0.67702117	         -0.25767939	         -0.05406067	          0.12497846	          0.23503185	         -3.79621061	         -0.26205419	         -0.17573826	        -23.92715005	         41.04236496	        -33.39653728	         -4.76974429	         11.88413614	         15.35780380	         -1.68703107	         -7.99901028	         -7.11819029	         -0.34984680	         -2.06253069	          0.38647321	         -0.26719945	
          3.96000000	        114.47585738	        303.91855162	         39.28200222	         61.26742968	         67.04152253	        286.22696758	        445.95320335	        389.83885257	         80.70548050	         32.44572262	         20.09841925	         84.14951665	         12.72330597	         55.96485567	        211.58538457	       1000.68145916	        611.34846387	          4.81313229	         15.60496746	         10.35716582	          4.25630774	         10.28990970	          0.00003644	        308.38684865	        114.82928303	         64.77446705	         95.30245383	          0.71717385	       1192.85568489	       1283.53930731	        213.53109513	         26.65405058	         17.04468332	        105.35704032	          4.50801072	        326.59026218	        235.27587950	        231.27408980	        511.97756969	        251.33295971	         35.87721924	          3.83385536	         26.30467687	        122.52831038	         74.00827934	         29.02679016	        350.86634743	         61.15187113	        147.11251351	         67.27860772	         31.42406969	         56.45003322	          3.57884229	          5.73539304	         59.84245223	         95.92514850	         98.64537480	         12.20687179	         20.44674499	         90.18057223	         27.02869928	         43.37732722	         96.34944306	         37.41612924	        121.78609328	         60.73188542	        264.40523864	        322.92447180	        331.27417923	        621.98506889	         49.87896107	        348.39177827	         88.54719341	        330.14190297	         44.82906390	        308.27284437	        159.48546607	        123.78236176	        390.16771113	        177.13795446	         -0.30917740	         -0.13615929	         -0.26643787	          0.72667098	         -0.00138901	          0.63113729	         -0.66202865	          0.00711075	         -0.09220900	          0.14886834	          0.37659800	         -2.40167115	         -0.20540491	         -0.16861725	        -14.08368056	         28.82288894	        -19.38699296	         -4.22896556	          9.02159800	         13.90406220	         -1.23043205	         -4.20972946	         -3.00861567	         -0.98992739	         -2.77018320	          0.30310209	         -0.14591322	
          3.98000000	        106.88242950	        248.29439214	         42.11077293	         69.11688201	         54.38799908	        187.28739525	        654.21829227	        416.67747424	         59.83933177	         24.60246785	         23.86200148	         55.54424205	          9.53040380	         59.69591564	        149.62962221	        921.61345580	        405.49428164	          6.58952454	         14.08011551	          8.98610271	          5.64840641	          8.88769284	          0.62468549	        205.11856239	        191.04230776	         59.23380641	         87.96782633	          0.00086424	       1171.52958854	       1193.09484884	        219.57659651	         30.87263604	         18.47879449	         89.78526514	          3.59491131	        289.68269048	        160.59994741	        191.14579288	        449.05038936	        218.64953253	         18.14315614	          0.45658292	         20.04892656	         86.31282934	         47.61852028	         15.92524969	        205.80721519	         41.74358006	        116.50063843	         50.47846863	         27.17727316	         46.40174647	          2.12863333	          3.52767604	         50.82658821	        102.77124930	        162.38511964	         12.29330031	         21.12201837	         76.51644922	         18.01183200	         29.66279375	         65.89044625	         25.84333390	         85.52881803	         53.28843548	        225.27415236	        236.07861996	        235.94816069	        435.80826742	         34.43931579	        267.19026554	         60.55642318	        270.54621783	         30.06351225	        250.22347663	        137.49009864	        129.52482540	        387.09644665	        179.37588343	         -0.26468076	         -0.10485387	         -0.24636138	          0.98287208	         -0.00723035	          0.70920527	         -0.62698475	          0.22673340	         -0.12200335	          0.16798573	          0.58293527	         -1.74794889	         -0.16087715	         -0.16489376	         -5.49478301	         16.90379398	        -11.03478085	         -5.77881701	          9.45138178	         14.25478871	         -1.19173238	         -2.81086901	         -1.34577167	         -2.07910738	         -3.32642206	          0.23488824	         -0.07517760	
          4.00000000	        104.22680640	        221.37483911	         44.33040760	         76.65301648	         46.57465608	        122.76467095	        799.54511046	        445.72527865	         51.79737803	         19.83889569	         11.99780750	         47.40037482	          7.50794307	         45.22233283	        107.69303709	        919.16087815	        275.93603493	         11.02846540	         12.82219821	          8.82758378	          9.15057440	          9.73956515	          1.39062986	        138.13944814	        141.40334274	         55.78540385	         83.77144191	          0.09323191	       1232.62810848	       1176.36460802	        226.61655210	         16.26684725	         20.05358087	         77.00957244	          5.89545033	        247.71789101	        140.82598516	        161.21616096	        396.34479423	        191.77623654	          7.94451058	          0.01164559	         88.22094130	         62.62523591	         78.67601635	          8.59291054	        214.95083550	         29.33806522	        100.91567049	         45.15385659	         25.34051571	         40.54291279	          1.85731901	          3.32939062	         46.12454652	        161.99969248	        159.82643166	         12.17320232	         21.35063827	         69.15854540	         12.23249985	         20.58034275	         45.43965307	         18.25563483	         61.70878246	         16.94342807	        241.22941882	        198.29278619	        171.67399764	        439.40611894	         24.19408913	        105.87360223	         52.07830881	        235.45711209	         20.65919149	        213.32205328	        131.40194845	        147.28645849	        401.91015582	        198.98665221	         -0.21397613	         -0.06196851	         -0.21301267	          1.27814640	         -0.00889230	          0.73082754	         -0.59521774	          0.37143875	         -0.14095982	          0.17945055	          1.10940325	         -1.50323813	         -0.12640474	         -0.16251513	          1.11654391	          2.77278282	         -8.70915574	         -9.29702696	         12.67612356	         13.97700083	         -1.30688433	         -2.61173949	         -0.53735544	         -3.20279494	         -3.45036541	          0.17199556	         -0.02179991	
          4.02000000	        103.56182748	        210.97894066	         45.52543585	         82.82137611	         41.37179937	         81.10026374	        552.71214856	        481.19425684	         22.12437320	         17.16616904	         17.25648066	         11.38213099	          6.28579609	         35.88976617	         77.57593454	        642.22132210	        191.14523676	         16.25997416	         11.00672863	        251.30090611	         12.20591002	         13.99681996	          1.99946608	         95.67968544	        103.58993301	         53.77435925	         81.12782010	          0.39327291	        844.09232576	       1209.76684971	        235.06391657	        355.77885233	         21.73910946	         55.52772158	          6.67530145	        206.55641406	        106.89094793	        137.34854289	        349.82905632	        168.56812494	          3.28719573	          0.00468412	         40.37984316	         66.65799585	         52.66181305	          4.71841073	        206.90350592	         21.08447933	         45.84140519	          8.49183900	         25.07688095	         37.52929913	          1.95686925	          3.83910725	         41.82655787	        132.64839475	        121.28724640	         15.90354382	         25.04321798	         65.68561866	          8.63720163	         14.76075466	         32.17102104	         13.16109837	         45.55333767	         93.25657451	        250.64239083	        184.19369440	        128.29710619	        525.89020950	         17.34168520	        242.77782067	         48.87313839	        220.67986365	         14.72393306	        266.49963625	        136.51421600	        189.07838445	        745.81627914	        289.94059259	         -0.15663347	         -0.00887746	         -0.16962812	          1.54509521	         -0.00562486	          0.72754761	         -0.60495211	          0.46005256	         -0.14970880	          0.18394093	          2.64751422	         -1.52199198	         -0.09971925	         -0.16030378	          9.26215175	        -18.61160498	         -6.95925329	        -14.04422297	         16.00113535	         11.20402841	         -1.75462382	         -2.28640552	          1.33293197	         -3.73385488	         -3.31567310	          0.14818013	          0.05173353	
          4.04000000	        102.88652856	        208.62436663	         45.35455057	         86.34687170	         37.34116546	         54.73767846	        377.86869229	        485.46514419	        245.66537586	         15.87548951	          9.68836298	         87.84855309	          5.57553326	         29.83616313	         55.59813237	        442.94627740	        134.78578658	         17.07174057	         61.23000027	        620.62155586	         11.64579611	         19.90666947	          2.37021635	         69.58894815	        185.77996509	         52.92903839	         79.68883316	          0.55407838	        596.73401684	       1270.85898657	        245.83663577	        664.24705098	         23.56865360	        194.18680482	          6.47734268	        205.76955482	        140.27450849	        117.44034235	        318.94886308	        153.91637504	          1.58881417	          0.07458318	        460.40174782	         50.73090005	         35.38053002	          2.74973464	          2.59632966	         15.45551911	        171.59244103	         85.11893650	         26.42688819	         38.87550246	          2.21486150	          4.59388075	        209.43970181	        114.86025518	         93.38516409	         33.08105139	         40.61285256	         80.53293561	          7.79460294	         13.32852095	         23.56038941	          9.85045374	         34.30335618	          0.00726476	        375.93767036	        180.82043713	         91.33296324	        951.08486504	         12.53340785	        368.10370251	         35.83623623	        239.76997599	         10.75594064	        118.28885474	        147.57366323	        207.52346012	        695.09874768	        319.93673952	         -0.09079308	          0.05288998	         -0.12150527	          1.68298796	         -0.00518691	          0.68531015	         -0.67562786	          0.51347385	         -0.14862690	          0.18266605	          6.45970129	         -1.79495712	         -0.08028756	         -0.15714544	         19.57159373	        -42.25307366	         -6.05781174	        -17.57057121	         16.14909832	          7.85065183	         -4.48159837	         -1.82247985	          4.92375168	         -3.09618949	         -3.27212024	          0.16393074	          0.16930848	
          4.06000000	        101.32126137	        209.05318394	         43.75393901	         86.05327776	         34.39680784	         38.39695190	        255.24479996	        343.71050287	        294.43316436	         16.31662584	         31.18711520	         96.17413562	          5.23054558	         26.11177939	         48.79249388	        298.25546538	         96.72927366	         64.44856397	         44.32563374	        824.96674529	         24.51025946	         20.64465322	          2.31740805	         54.09542340	        272.25550627	         53.35335183	         79.01197890	          0.47637002	        439.62488254	       1345.94692322	        248.68209459	       1020.45604821	         25.13096385	         27.21616980	          6.85237990	          4.68404413	        253.87153629	        100.24042866	        288.20304425	        139.47331728	          1.11350515	          0.28812772	        303.35057780	         39.89230873	         20.19714424	          3.82916714	        879.03949976	         11.66425071	        209.11745115	          9.88429255	         27.75118285	         40.69993957	          2.65970142	          5.65176052	        147.02491926	         97.79682757	        173.36274147	         24.71618465	         32.77363482	         74.28492909	          5.92196992	         10.10200126	         18.39458163	          3.80233084	         26.52035141	        226.05734676	        376.36731482	        183.12154272	        165.27937844	       1639.65608262	         21.23095844	        248.62149908	         26.60008071	        273.08316541	          9.53084191	        173.79862816	        160.98178589	        227.27082614	       1296.19535214	        369.84339990	         -0.01558180	          0.12012153	         -0.07299776	          1.62434250	          0.00704280	          0.59663140	         -0.67339698	          0.54163791	         -0.13971395	          0.17287168	         12.83883446	         -2.49861569	         -0.06908270	         -0.15185706	         33.06214336	        -57.28618002	         -3.20953248	        -17.95321949	         12.60385873	          6.21538223	         -8.19841496	         -0.27066838	         10.19744082	         -0.60742912	         -3.06199886	          0.20949057	          0.33887813	
          4.08000000	        106.80295022	        211.95922042	         40.79233982	         87.69620542	         42.55275477	         27.92473574	        171.20859973	        242.15784658	        402.29092882	         15.75729663	          2.18776574	         12.36944042	          5.35906604	         24.76116950	         33.18193304	        195.57334504	         70.13496909	         46.51559695	         30.75034213	        718.06185532	         17.65652402	         16.27742569	          1.84125786	         44.96829993	        356.61987825	         53.86152101	         92.42459661	          0.26898493	        339.27760997	       1425.92360655	        217.94120161	       1452.44327236	         40.92907387	        864.42204185	          7.12288431	        773.53856986	         42.58708888	         88.23351073	        257.09645605	        124.67720102	          0.99331720	          0.53579900	        152.61304708	         32.24842465	        184.76606473	          7.58618799	        975.82005576	          9.33301277	        264.08486820	         88.64947681	         28.37748871	         41.60412499	          3.66880146	          7.63851399	         70.73882182	        835.08276128	        764.97713805	         20.52607889	         29.04255204	         72.24343111	          5.00766489	          8.43449723	         16.36119905	        170.14260274	         21.45673187	        244.62945307	        467.12547892	        191.63869311	        841.38247261	       2077.37426897	         64.35613820	        158.36370768	         20.51798040	        303.45684942	          7.76897903	         70.43797498	        168.84458910	        252.68646565	        870.41433302	        469.65091284	          0.06856508	          0.18934490	         -0.02338487	          1.33523922	          0.09445650	          0.45649918	         -0.32060579	          0.56659906	         -0.12828154	          0.14741714	         18.15059161	         -4.13248781	         -0.06403260	         -0.14364414	         46.16276935	        -54.68892518	         -2.44162281	        -16.57020254	         10.12522486	          7.14670471	        -14.61868946	          0.57553208	         17.75271088	          3.04887798	         -3.06472336	          0.30889106	          0.56772145	
          4.10000000	         99.39337943	        205.78211108	         40.85642376	         74.47448706	         34.02097883	         20.81729220	        113.39685976	        170.80258767	        539.31655064	         14.92079051	         46.81508022	        112.94214372	          6.24502433	         27.05981364	         22.22946021	        116.10688736	         50.82919860	         32.23582163	         20.64378445	        591.97421616	         12.42871714	         11.25181829	          1.11842001	         39.39896453	        252.69889177	        151.32267675	         91.02140123	          0.04624795	        276.14446388	       1513.13781612	        208.02847454	       1793.55028996	         34.01899973	        978.49730809	         54.60596759	        979.13295895	        178.70598766	         76.85109368	        227.35445019	        109.96991153	         49.51922821	         14.28090348	        433.13017000	         26.48979409	        334.11474689	         65.05373071	       1036.11567257	          8.25927779	        207.11707544	         48.73865787	         25.72670926	         40.72327683	          5.58403495	         10.89344578	        813.77621121	       1049.05746017	        684.48703400	         19.04331415	         28.49607573	         74.32251194	          4.73319399	          7.80463837	         16.75243870	        243.60646531	         18.59232483	        202.72860643	        426.47698670	        209.61860466	       1504.13553775	       2181.49047361	        264.16427884	        133.78128413	         16.66324594	        323.59392214	          7.11005051	        167.85449391	        151.37953007	        231.10780646	       1485.52066914	        372.55038145	          0.16035243	          0.25902538	          0.02731540	          0.85430553	          0.27446156	          0.29706376	          0.24035030	          0.59382824	         -0.11869617	          0.10042453	         15.74100999	         -8.29216375	         -0.06289368	         -0.13678216	         48.44293885	        -52.44866305	         -6.44685289	        -21.04316455	         12.99479463	         12.81886969	        -22.39343205	         -4.89122357	         23.40149408	          5.39678459	         -3.72465577	          0.42046108	          0.74929966	
          4.12000000	         91.80894640	        196.12617801	         32.52808910	         59.13777789	         27.11688230	         16.09936988	         72.39306403	        121.23054070	        642.82142460	         15.37800495	         96.26532359	        273.21402889	          9.30794247	         45.95877172	         14.67057465	        192.33122761	         36.04066746	         21.33687478	         13.33589235	        569.16465030	          8.58358276	          7.30982908	          5.47168363	         35.93486816	        191.90474267	         15.72809875	         99.27228696	          0.00023688	        240.53131818	       1619.27387342	        139.77084368	       1767.69222193	         29.22639989	        898.74689796	        101.94779085	       1064.01177486	        393.24470861	         44.64892992	        126.65290094	         71.27638147	         78.37019910	         14.25692173	        274.55703987	         21.91608402	        337.89593216	         74.01890924	       1032.22333600	          1.28761218	        141.65243191	         44.40202971	         45.88801655	         42.54920867	          7.74427097	         14.05876080	        762.56541149	        994.27440144	        659.48479024	         17.93252128	         25.04930316	         79.73792940	          6.01503764	          9.55502012	         12.52570407	        285.73757065	          8.09291078	        180.10365880	        332.11432792	        190.93990785	       1493.39560724	       2103.61937521	        288.10378866	          0.01952184	         11.79360710	        333.97739835	          0.00138337	        276.93682979	        455.14548457	        178.12914450	       1740.76653785	        409.17418646	          0.26362768	          0.33196554	          0.10362774	          0.36488124	          0.47077041	          0.14278304	          0.70534282	          0.63619543	         -0.11042967	          0.02373482	          6.05399933	        -22.41228590	         -0.06885050	         -0.16062728	         35.72249603	        -65.53695722	         -8.95762603	        -35.40662426	         15.92842705	         21.56872907	        -27.90190942	        -24.25384898	         23.78245184	          5.59237827	         -5.68809422	          0.53614944	          0.81744113	
          4.14000000	         83.88184661	        182.61564088	         24.79215576	         40.27918901	         19.66067389	          9.62124997	         54.35472151	         89.91841876	        658.51538859	         14.42196939	          0.00005568	          0.00003568	         13.65740720	         61.54598062	          9.59587183	        887.55983612	         55.42624951	         13.79210745	          8.56041853	        501.47669124	          6.00356614	          4.76503449	          8.91665581	         33.83424436	        105.18119809	        649.80475285	         48.52231854	          4.61316633	        190.83255053	       1719.28645489	        320.27015727	         -0.00003133	         25.78328883	        591.58269519	          0.00035661	          0.00004747	          0.00000402	       1259.28635286	       4228.14077070	       1377.05987569	        114.00650792	         14.97095763	        169.44815396	         19.28684628	        223.42232208	         64.36930199	        357.20330504	        576.65407049	        187.84731024	         57.92758371	         25.31664850	         31.10127995	         66.61746598	        121.98789572	        433.77158845	        483.90521844	        384.16694284	        684.68041649	        698.90638980	        324.72921620	          9.76524542	         14.99442659	        498.84179769	        212.35254119	        979.62940769	        186.03038018	        398.92125784	       1192.03709855	       1202.06935275	        990.60031895	        214.57117747	        813.98791743	        131.92563029	        294.42543773	        174.13410015	        515.13316943	        167.34467295	        133.90701808	       1051.46480121	        281.27113386	          0.38534136	          0.40541492	          0.18024994	          0.01374333	          0.63064191	          0.01600035	          1.03985263	          0.71424976	         -0.09864610	         -0.09308509	         -0.06563082	        -27.24929319	         -0.07981550	          0.49890042	        -47.03266560	         93.72075466	         31.08314698	         26.34829937	        -39.55126291	        -22.74273397	          4.72888277	        -35.61519729	         -3.26475054	          7.04766293	          5.23035008	          0.43095877	         -0.27870350	
          4.16000000	        299.14446064	        597.81835142	         68.32620444	        348.03774972	        420.44837451	        531.20589453	         -0.00004254	         17.63694481	          0.00198190	          0.00056496	        107.02372420	        287.42828104	          0.65029412	        224.08463186	         10.81974118	        436.74348989	        507.79692463	         13.31039949	          9.04977083	        249.67694519	          6.06508070	          5.01037376	          4.83264430	         31.92304324	        959.60095704	         55.14707513	       1772.16099225	          3.38500071	       1297.93610745	       1747.42179815	        208.81110690	       1011.20137485	         23.67099188	       2210.76939718	        182.25305095	        682.03887151	        475.80531615	        655.47073207	       1860.99099551	       1667.71899423	        146.42861567	         15.28855879	        111.12523014	         16.79665694	        147.79126133	         57.21485877	        525.78766613	        424.68307518	        197.68460685	         52.80869231	         20.50268092	         29.83050880	         83.32513434	        173.12097422	        304.14595747	        755.92457935	        271.24275808	        368.87348261	        383.68261858	        210.69517011	          7.98997405	         12.97115423	        283.20025006	        151.50689430	        661.63703376	        138.99775898	        262.82559356	        214.31338504	       1881.19437744	        945.80998125	        255.43084683	        657.24929203	         95.63927441	        288.79636746	          0.01493239	        503.81850651	        132.79897904	        100.67538825	        720.94205319	        204.23440340	          0.39508615	          0.41001185	          0.16903162	         -0.14832714	          0.43042241	         -0.17228190	          1.04122090	          0.55639803	         -0.09214439	         -0.38912112	         -0.59169184	        -18.36142852	         -0.09522594	          2.15072810	        -48.63338122	        183.72314620	         45.38322568	          0.82519604	        -15.24993944	         -1.56174866	         27.65237895	        -31.24920942	        -13.06511527	          7.63493864	          4.56665084	          0.56631652	         -0.47527332	
          4.18000000	        217.52422940	        375.34323014	         53.47806152	         99.96452463	        287.40163016	        367.80492022	        777.16515866	        675.44473629	        226.11059709	        249.49917766	         61.29745140	        148.98340468	        431.07958322	        476.70509140	          7.84641198	        764.65297013	        565.76614879	          6.33030776	          6.80348454	        450.59636489	          4.18341819	          2.87980933	          3.39130055	         31.40419663	        543.85827840	        576.73587432	        178.19237873	          4.20342363	        794.54813535	       1947.79216059	        310.60519345	        198.94674065	         23.32979777	       2384.36755139	          0.00078443	          0.00537401	          0.00526509	        751.21858317	       2495.39962598	        212.00063470	        145.83835969	         21.54568728	         76.13968174	         15.04022044	        101.58901500	         50.58462954	        349.19792841	        291.30420142	        215.57438512	         50.87969162	         16.72894400	         25.24852878	         74.04159338	        157.42092232	        188.96476209	        513.67665163	        185.96461035	       1246.03980577	        461.51473288	        136.82905881	         70.78540972	         85.34534555	        168.01167504	        106.38172941	        884.94087978	         98.79261238	        331.41455366	        704.47487331	       1196.43416907	        567.64073540	        163.42893179	        494.10121363	         69.30849085	        292.23290545	        196.68462205	        480.70173692	        108.79086790	         73.66133146	        499.86161258	        146.22028806	          0.37759858	          0.35922523	          0.16760181	         -0.13602986	          0.41175579	         -0.11601472	          0.95998805	          0.56573023	         -0.07815409	         -0.62234292	         -0.45966761	        -12.65686829	         -0.10670106	          1.03674737	         -4.47626216	        234.67595788	        -26.40293131	         39.74108807	        -12.75616694	        -17.51049182	         31.76375288	        -13.92927355	        -15.29457023	          6.95299758	          4.74953101	          0.47577042	         -0.54966274	
          4.20000000	        479.22682473	        698.74402793	         32.10404709	        503.97588991	        501.18346790	        264.90637831	         86.50202417	        449.98695103	         55.84859603	          0.01244872	        196.04903778	        525.34769543	        104.45272523	        432.96154771	          7.39020031	        501.99912003	        419.54037744	        434.82504480	          6.20884618	        297.91882436	        197.01341790	        136.18679663	          2.19324750	         30.74153158	        941.52896582	        164.02547037	        502.50224821	          3.39343077	       1144.98746760	       1744.03022189	        305.95874965	        641.90912935	         22.84939345	       2754.06003627	        170.83523844	        503.22352129	        555.99719999	        539.33137589	       2533.55983135	       1868.14621309	        120.15800510	         37.89758143	         53.58085136	         13.56819715	         72.10583234	         44.52683871	        246.53000628	        344.62038772	        217.21797018	         44.73753621	         14.38319571	         24.56841571	         60.84425238	        132.19746923	        255.68284263	        362.70064581	        133.65025013	        728.49774933	        285.64326369	        301.87213952	         46.14023776	        172.17650090	        135.07819216	         75.08130762	        738.14631708	         72.16781486	        240.19177131	        109.05745731	       1215.70940255	        400.61501763	        315.48820994	        358.53915153	         51.91663170	        299.01072654	        267.61697042	        424.11774015	         93.18921881	         51.89070293	        339.10454202	        101.89757772	          0.34782613	          0.30816455	          0.16913086	         -0.10055718	          0.28075545	         -0.20190663	          0.89199469	          0.44810757	         -0.05870630	         -0.73897367	         -0.27465607	         -9.15576996	         -0.12045568	          0.28773689	        -27.89325536	        263.61556355	         13.26525845	         31.15620336	         -4.93724955	        -12.38799654	         36.51399812	         -1.97801876	        -13.23510291	          5.64131765	          2.28222680	          0.38268329	         -0.37541934	
          4.22000000	        502.86757875	        523.30093315	        315.51948752	        136.49842227	        560.22388783	        141.78252240	        519.32312646	        281.87341915	         80.67005516	         82.70427569	        276.85186671	        776.91929957	        701.43413945	        158.97319011	          7.42822429	        340.60825783	        246.49165769	        434.65378522	          8.65357058	        200.22819443	        289.10722388	         97.14014256	          1.43600920	        250.96328356	        952.72345092	        390.43339256	        618.71732595	          1.94622745	       1102.57981110	       1707.90584366	        189.02678760	        300.41872308	         22.75776595	       2617.95135801	        228.77829043	        272.51271660	        970.50005034	        376.98299722	       2540.57923328	       1206.09893903	         89.03435937	         46.88919559	         38.05581788	         12.72684602	         51.29088878	         37.42208146	        172.95457522	        238.18648097	        218.33832220	         42.55851679	         13.43417406	         24.75266124	         52.34804082	        118.01125684	        169.10065537	        253.01058128	         95.09397853	        732.67425750	        144.81746403	        190.48136833	        109.74455467	        103.51225392	         74.40091781	         52.82897231	        870.95350820	         12.53087006	        326.97681106	        567.75511657	        891.10253832	        188.81296038	        205.59718194	        265.65320838	         40.60084405	        304.72993277	        258.93777479	        409.85842935	         83.57367285	         37.45770578	        229.46364476	         70.31112592	          0.30892147	          0.25976221	          0.16120874	         -0.06395712	          0.22484208	         -0.05828894	          0.81092221	          0.37417916	         -0.03869546	         -0.66232513	         -0.15123377	         -5.65614335	         -0.15906908	         -0.17441742	        -34.96489519	        280.20751580	         18.39041379	         27.89154783	         -1.70698984	         -9.93434271	         34.12109767	          7.95756818	        -12.24735773	          3.38755325	         -0.40372591	          0.25837317	         -0.29066816	
          4.24000000	        334.36938300	        436.73576069	        217.72236425	        531.41152204	        346.95013443	        563.88282686	        148.12642813	        306.67219707	         33.42123618	         24.06588729	        294.95140812	        752.26198730	        528.32684201	        926.75999459	          7.29562189	        229.36952666	        453.72832814	        282.36131208	          6.41306351	        137.80828255	        188.42806287	         66.25297481	          1.24282530	        152.85435956	        626.69277944	        229.27437941	        374.28394926	          1.78107469	       1066.03773102	       1646.40207149	        284.35954794	        380.40827781	         22.95350847	       1718.36145179	          0.01397912	        243.35996562	       1070.65978134	        256.99836289	       1299.05523011	        919.41791740	         63.59392006	         42.47247897	         27.32762175	         12.06844423	         36.72659370	         30.07561027	        123.46265786	        153.70428763	        236.44921854	         53.50231693	         10.89379645	         22.57257822	         47.96985685	        114.29233085	        174.52332968	        177.37213110	         68.45743116	        484.89977167	        329.90247244	        340.84041958	         70.64073507	        151.23269060	        112.57411749	         37.72588915	        554.70565166	        352.91727602	        429.59664466	        243.48764061	        728.03866507	        573.18935080	        189.80642108	        145.86270974	         33.66502188	        307.64960290	        255.03985917	        392.27357969	         58.26699608	         32.49290417	        156.20753881	         50.62455435	          0.27029183	          0.20817867	          0.15283612	         -0.06553816	          0.16185494	         -0.11885757	          0.71844740	          0.36015012	         -0.01908210	         -0.51858597	         -0.07474009	         -1.93419053	         -0.31530389	         -0.38660877	        -34.51767348	        289.84377188	         -0.98447915	         30.13502347	         -0.02435202	         -9.30157880	         23.58964005	         14.94666637	        -10.84673717	          0.23729019	         -1.03269636	          0.12957861	         -0.30078890	
          4.26000000	        470.63777597	        627.96732386	        147.69572541	        250.79890294	        544.24132044	        562.18507616	        349.84117845	        206.97894166	         52.57726838	         44.97227553	        343.00840471	        867.98691867	        369.13730245	        633.05727263	          7.26563197	        154.80260418	        414.93691678	        186.34059289	          6.56637593	         96.75021791	        125.28703669	         46.45547007	          1.24943221	        233.16257146	        436.59733266	        149.76652163	        242.36433922	          1.97277917	       1033.90156526	       1556.26822704	        279.81453107	        263.70608979	         23.19465641	       1780.70006473	        157.44287946	        123.59723968	       1424.92680348	        137.18943543	       1336.71469398	        348.64456815	         45.40539028	         31.47342574	         19.76280490	         11.65285973	         26.19779775	         23.11102303	         88.58135660	        210.79466937	        131.32587815	         39.78612626	         22.50229324	         35.51713745	         55.92035528	        134.58078865	        119.32923406	        123.31458181	         48.99858433	        366.20097935	        224.41439820	        243.33532578	         63.48604630	        100.29255945	         78.93997992	         27.78081226	        542.25368507	        233.82418101	        311.42701209	        203.58096349	        479.32391896	        348.56363658	        129.42466585	        325.66267309	         29.37447515	        307.07731903	        196.85590645	        476.15136697	        119.11352515	         22.75215840	        108.28695314	         35.90953326	          0.23748818	          0.16698253	          0.14061376	         -0.07420892	          0.13791400	         -0.17389630	          0.61882598	          0.33780600	         -0.00040337	         -0.36762967	         -0.02811272	         -0.43109102	         -0.36049493	         -0.39959377	        -36.07951613	        282.80064708	         -3.48163963	         25.26437755	         -4.48715401	         -5.86660331	         14.24348322	         18.22632894	         -9.55834026	         -2.92898472	         -0.68189593	          0.00347724	         -0.33809856	
          4.28000000	        473.63764951	        617.07517644	        100.30333620	        345.60157009	        484.52934565	        556.91029125	         91.83073032	        140.41996881	          0.00141155	          0.00088560	        343.09936951	        817.84649540	        260.76006149	        505.59500268	          7.31348984	        104.95253576	        377.93519387	        126.66215750	          6.84673804	         68.74425777	         85.87852685	         33.11552092	          1.29797751	        197.12462444	        324.33152879	        108.74185703	        170.76468680	          2.28530099	       1034.62958245	       1499.07037534	        281.44418257	        179.04566358	         23.33471908	       1264.76900471	         35.20331349	        150.57792813	       1422.81702204	        218.46569898	        741.82762428	        835.33755828	         33.57801731	        115.23586184	         14.84193570	         11.42077415	         19.22450912	         17.73397855	         67.46168184	        142.29842701	        125.83015588	         36.05912017	         18.46430292	         29.84326556	         67.12979039	        155.80799763	         83.03882914	         87.17017673	         36.48839154	        211.93095917	        150.18100208	        174.28910144	         40.01142529	         64.63310073	         53.89240340	         24.97237459	        407.20982682	        144.48999697	        173.12390220	        128.62194127	        491.72084303	        234.10837763	         86.55006458	        230.46053762	         40.96858106	        306.36789924	         88.43576656	        501.47661068	         96.48606618	         19.15122295	         75.87883689	         30.50041477	          0.20557678	          0.13363510	          0.14443525	         -0.08110977	          0.05957526	         -0.19813564	          0.52536650	          0.29496859	          0.00841273	         -0.28210613	          0.05716882	          0.07227534	         -0.28360520	         -0.39832654	        -42.16096687	        246.20783580	        -10.41621580	         23.71962318	         -0.26523717	         -4.96090277	          9.83532626	          8.78343264	         -5.29347144	         -3.18598003	         -0.38762441	         -0.03150655	         -0.24787234	
          4.30000000	        335.10424116	        577.87796303	         69.31906162	        233.36467139	        431.27223272	        550.93340856	        311.85363260	         96.79170111	        169.60337306	        104.96863309	        300.05071985	        775.02084019	        207.55251943	        482.90725200	          7.38685757	         71.25742164	        289.11058700	         86.93606347	          7.12788477	         48.38716493	         59.42513325	         23.59964820	          1.29968752	        138.37021294	        257.50562793	         83.51678674	        131.62351333	          2.48843489	        889.43933652	       1491.12150391	        186.66304032	        122.35529411	         23.44182086	       1074.39893469	        108.64036398	        319.69895314	       1092.13096424	        149.21543725	        848.40564645	        563.29408334	         26.51861794	        141.47267246	         11.51061256	         14.09372085	         14.27975119	         13.31302771	         53.70486998	         97.80433192	        146.85968627	         44.83767541	         15.75435860	         25.72499057	         67.40200977	        173.57590304	         56.56413529	         61.94089946	         27.62602844	        236.10955358	        103.42659647	        125.49991241	         50.73817727	         43.56183447	         38.01006741	         20.55506680	        340.24498599	         93.67243459	        186.94783547	        114.01951883	        347.70361646	        239.01523058	         59.08160863	        165.33289405	         35.55246010	        304.84861057	         90.96331495	        505.82367692	         81.63379089	         25.33008168	         80.99027031	         39.22186467	          0.17669914	          0.10899724	          0.14659377	         -0.08107705	          0.00607433	         -0.19635481	          0.43588363	          0.25276632	          0.01740200	         -0.27949804	          0.11421854	          0.21310696	         -0.22801095	         -0.37500580	        -39.92663937	        205.97588994	        -18.61377380	         23.67585401	          3.99600894	         -5.05297012	          6.23040086	          1.45810666	         -2.54198424	         -3.67447453	          0.38382476	         -0.11017123	         -0.20400193	
          4.32000000	        243.92646777	        426.81998166	         46.09626775	        157.87354630	        279.39890205	        556.18911393	        208.50508758	         74.02416618	        233.03673755	        140.20438485	        287.63245803	         37.12488706	        186.62478314	        492.91624845	          7.46919955	         48.37190278	        307.83173271	         60.32903316	          7.40570274	         47.46653432	         41.45246249	         16.84455616	          1.42639116	         99.72575917	        217.54793124	         65.57274680	        105.87861129	          2.72487084	        664.13984221	       1392.00792507	        125.11051230	         85.08696282	         23.52471258	        998.55122976	         77.02358213	        323.23353995	       1039.04394949	        103.18410932	        534.83930456	        378.33797370	         21.42979838	         98.33110917	          9.58448391	         11.54384205	         10.88502193	         37.10752283	         44.23261324	         69.71054707	        147.00266366	         42.39394073	         14.21449245	         26.31669074	         73.38766453	        191.12024103	         72.40108500	         48.14139590	         21.22280985	        154.79134839	         72.90837687	         90.80657270	         33.78031857	         30.49418437	         27.26482650	         22.38048286	        236.17263739	         57.87409584	        192.68767304	         87.27121269	        328.76942769	        158.58203231	         41.73638552	        122.20476377	         32.58365219	        301.75889924	         45.83271139	        485.31417609	         72.58244770	         19.05450646	         60.20774858	         29.47192757	          0.15228863	          0.09249575	          0.14537067	         -0.07760831	         -0.01896430	         -0.16916671	          0.35366168	          0.21901899	          0.02885843	         -0.33187268	          0.14707551	          0.23433057	         -0.19549148	         -0.33215585	        -31.35644807	        148.43440261	        -18.56099776	         20.41340933	         10.58985079	         -5.61703648	          4.16019552	         -2.29316866	         -1.04601738	         -2.68066320	          0.64808331	         -0.17298666	         -0.17412402	
          4.34000000	        208.00616284	        379.57781150	         82.21757169	        106.92538817	        292.44232244	        455.49807474	        140.64643383	         55.04720273	        225.72867691	        141.29144118	        262.46946499	        290.55657889	        179.49191799	        506.48163202	          7.51715599	         33.04906075	        206.41645090	         41.65950873	          7.58513052	         33.40606760	         28.69166767	         12.09066284	          1.35388820	        102.62494111	        191.73799575	         52.55108645	         87.72943088	          2.59789320	        540.86519412	       1209.45176051	         85.21457870	         61.05808172	         23.65745765	        951.33594913	         53.27951961	        341.63456218	        636.43595877	         64.32402729	        483.71339039	        253.57569013	         49.67575774	        131.56431993	         10.03340951	         11.58247496	         10.15328287	         58.93201406	         64.36755011	         52.26738779	        143.80129595	         40.60473606	         14.70419269	         27.03296714	         78.40565120	        205.14910268	         51.32297486	         53.12016379	         50.16913677	        103.46869297	         52.22367838	         66.15728527	         23.09307267	         21.90318409	         19.67561160	         33.36363768	        172.51786287	         48.38056321	        187.33081235	        126.88171338	        264.86049301	        114.15858685	         30.67360150	         94.83573198	         31.98782746	        296.37443419	         43.57674398	        475.67224698	         69.64183171	         16.70743748	         50.22191829	         25.90895681	          0.13127049	          0.08126175	          0.14316733	         -0.07161993	         -0.03303786	         -0.15111888	          0.28277356	          0.19627846	          0.04175079	         -0.30867242	          0.16570388	          0.21346163	         -0.17517077	         -0.27857984	        -30.88342799	        118.66164784	        -12.58441154	         14.66550703	         13.54743189	         -5.20979329	          3.69514412	         -4.00944875	         -0.37212567	         -0.97148869	          0.49707924	         -0.18145050	         -0.14602315	
          4.36000000	        217.99897439	        414.25633805	        135.18625995	         72.76423831	        266.27871593	        305.51874429	         95.98989393	         43.00538334	        235.67670525	        150.86948593	        229.39904276	        248.13999296	        177.67753008	        516.88395038	          7.49283601	         22.83808563	        138.62686190	         28.92592387	          7.73493029	         23.67244040	         19.94354999	          8.84222894	          1.30574131	         80.18952680	        220.74251342	         42.86670160	         74.37590021	          2.47147432	        495.23082190	       1015.92409942	         59.34745374	         45.32517501	         23.70639890	        909.56219055	         36.76458830	        369.80000958	        670.37296340	         98.08684485	        470.28996871	        168.09445315	         51.92371721	        117.14468083	         11.76401489	         12.21026318	         23.67816871	         41.86027746	         65.78048037	         41.38843129	        142.85334744	         40.84715580	         15.32484921	         27.70546565	         82.32712504	        215.26660858	         36.39958491	         40.99007784	         64.18870113	         70.76091729	         38.17019227	         48.79173918	         16.28900971	         16.21475090	         14.40728101	         27.77450419	        133.85767910	         61.38092423	        183.19424599	         84.50355813	        221.25613493	         84.49621914	         23.47784719	         77.28102848	         33.39757820	        289.20576513	         28.82270042	        479.36938935	         73.26384369	         20.00337052	         53.36741143	         29.62433990	          0.11478158	          0.07382725	          0.13744183	         -0.06580378	         -0.03762190	         -0.13904413	          0.22235016	          0.17961179	          0.05203772	         -0.21162940	          0.17372244	          0.18099966	         -0.16213469	         -0.23763211	        -31.64856750	        104.42803808	         -5.71284118	          9.11085445	         10.41788584	         -3.61077644	          3.38448919	         -3.98856839	         -0.21961166	          0.05942319	          0.33421877	         -0.14545651	         -0.12146178	
          4.38000000	        218.99638170	        432.14770892	        128.45937965	         49.43199821	        258.50744903	        205.60732205	         66.68213514	         35.47702265	        237.70166058	        155.42181906	        203.85517532	         82.97557405	        177.92272532	        524.74702259	          7.47507164	         16.04704191	         93.43705103	         20.37353128	          7.86356614	         16.95327145	         14.05302795	          6.65711481	          1.31053047	         65.88966178	        279.26889605	         35.71299893	         64.56041105	          2.33225869	        492.88027836	        785.52049319	         42.54707953	         34.62900922	         23.77791382	        869.63937143	         25.65278951	        399.18391762	        781.50259984	         66.71248754	        597.95341087	        139.41708551	         47.48134732	        101.27448449	         20.08064533	         14.71602905	         23.93978256	         29.90800769	         76.13659565	         34.74558435	        145.03448786	         41.63709057	         15.87535770	         28.32857074	         85.17474561	        221.74926424	         26.28935974	         31.02714465	         47.56759866	         49.49922810	         28.60710045	         36.72331280	         11.88309115	         12.46123403	         10.85030328	         24.79665366	        110.49887698	         58.13029454	        199.24049447	         58.66018047	        196.16717845	         60.84530929	         18.86169395	         72.24890886	         35.80948963	        281.32002948	         20.61970062	        481.32925977	         76.96877644	         22.91823154	         79.37021547	         35.52518003	          0.10229267	          0.06779041	          0.12739297	         -0.06000546	         -0.03850100	         -0.12604176	          0.17052208	          0.16528010	          0.05797043	         -0.11634740	          0.17864701	          0.14471830	         -0.15352404	         -0.20253172	        -31.33519815	         97.55605603	         -1.71180851	          6.18084964	          6.33644316	         -2.22599608	          2.78372571	         -3.45750034	         -0.23001909	          0.24202186	          0.37439861	         -0.11114874	         -0.10831249	
          4.40000000	        216.42785986	        455.91425335	        110.73034734	         38.18735517	        220.98911838	        139.08941539	         47.54202773	         30.90681025	        247.36563663	        163.09869769	        168.16453810	        140.96991211	        180.83834597	        534.56575798	          7.45361380	         11.52890735	         63.46581654	         14.24039610	          7.96379616	         12.34124782	          9.89779292	          5.52636288	          1.39843210	         56.66299737	        411.06891983	         30.67526639	         57.33940540	          2.18005911	        479.83809267	        518.15552195	         31.63130698	         32.81167852	         23.82094767	        831.87188507	         18.26143877	        432.61051586	        754.50707738	         93.23251676	        713.33219841	        182.46063238	         45.67686637	         98.10169764	         20.36928008	         15.82626099	         23.39151447	         23.27551174	         67.90690574	         30.80524049	        146.76656392	         41.70740830	         16.53839759	         29.02290409	         87.01519562	        225.06288351	         19.87283707	         25.80698649	         43.95382040	         35.37998034	         22.11604270	         28.52126476	          9.00452689	         10.06246721	          8.62581372	         24.24314681	         96.54681005	         63.35226787	        205.27422916	         41.03209714	        182.57711310	         48.82412333	         15.93839424	         72.75548374	         36.50326558	        273.44978855	         14.91333509	        481.13149987	         81.07216157	         24.71304555	         98.32106445	         39.21495525	          0.09208035	          0.06133180	          0.11403855	         -0.05367373	         -0.04123373	         -0.11149928	          0.12619409	          0.15152645	          0.06154147	         -0.05327562	          0.18890642	          0.10216880	         -0.14776630	         -0.16860362	        -30.61376957	         94.32461314	          0.13154423	          5.23470650	          3.85792144	         -1.47232680	          2.73321039	         -2.71775916	         -0.30036174	          0.01015132	          0.26624994	         -0.09366870	         -0.09426681	
          4.42000000	        212.82513045	        469.66496897	         85.07221340	         70.53640127	        185.51771893	         94.80784132	         34.99803296	         28.41527779	        250.84545759	        166.56876196	        140.47478827	         69.10891358	        184.83962053	        542.74173694	          7.44178258	         10.37832333	         43.55387631	         41.73798222	          8.04631693	          9.17975116	         48.49456959	          5.61632193	          1.60278499	         50.73088900	        519.22027980	         27.21548639	         55.16387232	          2.04904395	        467.51932494	        365.91513463	         24.54998220	         33.00791595	         23.85817388	        805.19353219	         13.39135790	        451.60050620	        816.50764396	        100.27949744	        797.03238583	        201.15628958	         42.12014949	         88.56035175	         17.16382361	         14.23110776	         20.60261462	         21.39928654	         56.03252182	         28.69984454	        149.00161978	         42.09005880	         17.20166330	         29.71833659	         87.88700940	        225.60264753	         16.42974763	         24.63155523	         33.34976428	         25.98915402	         17.92174494	         23.24470469	          7.25112702	          8.88417081	          7.71090982	         24.47612776	         88.59059124	         62.81881731	        217.07972549	         31.65946832	        176.20276139	         38.82775998	         14.18129603	         69.77546908	         35.98840582	        265.71225989	         11.48644120	        478.45380729	         85.52803123	         26.29828674	        112.57191043	         42.17099720	          0.08296526	          0.05419497	          0.09796916	         -0.04720860	         -0.04524385	         -0.09473327	          0.08826159	          0.13806283	          0.06434081	         -0.02102501	          0.20447007	          0.05908666	         -0.14388176	         -0.13742349	        -29.46345165	         90.75217489	          1.74980070	          4.91993560	          3.29081377	         -1.23691730	          4.66063832	         -2.27265502	         -0.36254163	         -0.14410538	         -0.58435503	         -0.08632388	         -0.05240682	
          4.44000000	        205.00959659	        464.51277501	         59.30393333	         66.81060140	        155.32466833	         65.35291101	         26.67874739	         27.86515884	        228.16844872	        145.90754168	         97.37277665	         92.90851160	        188.31978527	        550.15882538	          7.43251059	         10.33223638	         30.28685249	        124.05269451	          8.11271717	          8.77048399	         74.14966813	          5.68835429	          1.88439081	         46.92240248	        571.90763835	         25.37080002	         54.32787794	          2.03707507	        447.02875964	        224.80322176	         19.97174953	         33.21153662	         23.93126601	        781.88728633	         10.22234177	        479.87367319	        717.96149346	        109.29852032	        858.81790102	        219.61808556	         37.75555984	         78.72609154	         13.94068597	         13.18815284	         15.93151744	         18.05231788	         47.27783415	         28.60300676	        150.13594464	         42.10225184	         17.88780037	         30.38505501	         87.83216889	        223.74327767	         14.20290716	         20.47193055	         25.17555835	         19.97019379	         16.23919674	         20.15666524	          6.84084235	          8.70301505	          7.63600093	         24.36475605	         85.33812336	         68.37327172	        222.41172895	         23.65438680	        181.12885024	         87.78416073	         13.70442494	         66.67733420	         35.52530618	        258.34927281	          9.16520508	        474.40277752	         90.12424761	         24.79992395	         92.51134802	         38.48091208	          0.07403764	          0.04697591	          0.08094370	         -0.04112028	         -0.04721870	         -0.07635832	          0.05330164	          0.12515693	          0.06468198	         -0.00465085	          0.21954984	          0.02418248	         -0.14103467	         -0.10851568	        -28.04425175	         85.48259177	          1.30336875	          5.01684920	          3.87620216	         -1.31863554	          6.86183473	         -2.81741790	         -0.35412429	         -0.13729572	         -1.58998764	         -0.08547981	         -0.00803473	
          4.46000000	        185.86447907	        422.25415285	         41.62722470	         46.37228858	        110.72044998	         45.74521250	         21.82442869	         28.36427943	        208.94843061	        125.91437867	         72.23523992	         67.95245521	        191.34394075	        556.83792709	          7.42442584	         10.28313075	         21.43538285	         84.70710868	          8.16816004	          8.83362986	         50.66698986	          5.75241433	          2.16295980	         44.47003544	        586.12502488	         25.26544468	         53.99735354	          2.02874019	        442.30819704	        181.36764757	         17.04779464	         33.39737520	         23.98139777	        760.47646256	          8.09939031	        481.45303590	        621.46842408	        111.41150375	        857.03984821	        226.80269446	         36.33971443	         78.36920532	         12.08970618	         12.89279101	         12.85097668	         16.42845809	         42.68762085	         28.65486333	        150.66905209	         41.82300756	         18.51260081	         30.93124586	         86.70241236	        219.34832662	         13.78372227	         19.60236333	         19.82394284	         17.06010197	         16.00159592	         19.54498797	          6.81611803	          8.74271405	          7.84484567	         24.56346952	         92.45362910	         70.99037893	        227.63413850	         24.06055431	        189.15390898	        120.04964635	         14.27741496	         64.53585407	         35.14683378	        250.76317013	         10.63885298	        466.45988297	         94.49593605	         24.44914659	         76.12998980	         36.84518306	          0.06317139	          0.03917778	          0.06370354	         -0.03590073	         -0.04478258	         -0.05666749	          0.01875745	          0.11154068	          0.06523825	          0.00368131	          0.23871803	          0.00361050	         -0.13869576	         -0.08417267	        -28.67853409	         82.36861099	         -0.44417201	          4.84796191	          4.24562811	         -1.39092482	          7.18940422	         -3.87695000	         -0.27929232	          0.16553839	         -1.90638133	         -0.07452092	          0.00331748	
          4.48000000	        178.43403099	        399.62789577	         29.75745475	         32.01750377	        115.08457951	         32.71251094	         21.86750076	         28.84736701	        174.79436773	         95.43192969	         49.00357759	         50.94326845	        193.84445315	        562.49503871	          7.43276059	         10.26681097	         15.56414283	         58.04692562	          8.22072218	          8.87208215	         34.57448149	          5.80160468	          2.38680653	         42.87975292	        476.40373290	         25.42482804	         54.10370790	          2.02978885	        433.05251424	        218.22764343	         15.26421407	         33.60245365	         24.06230919	        741.34972792	          8.02310978	        488.36452203	        531.80855655	         98.87281027	        780.20304313	        197.74028207	         36.34946855	         81.47919620	         11.54447915	         12.46463967	         10.99352801	         16.16151797	         41.44951997	         28.78516654	        150.89096862	         41.06955708	         19.10161662	         31.37966885	         84.20818776	        211.71699540	         13.66941873	         19.25071996	         16.86250556	         16.70409529	         15.85259324	         19.47732208	          6.75459995	          8.88903946	          8.26784911	         24.97986884	         96.99705943	         71.48322408	        231.85617698	         25.89417367	        195.77890087	        145.79643651	         14.93100260	         62.32664812	         34.63266254	        241.93965359	         10.55033438	        453.85263462	         98.62189931	         21.51004334	         60.25259236	         31.11213671	          0.04847738	          0.02880661	          0.04568802	         -0.03093458	         -0.03926624	         -0.03772161	         -0.01912887	          0.09460831	          0.06970806	          0.00674509	          0.27815436	         -0.01296633	         -0.13703989	         -0.06326380	        -27.95634415	         82.77380534	         -4.40736587	          5.20851322	          3.73031197	         -1.37314047	          6.30661357	         -4.81564498	         -0.18111132	          0.21390601	         -1.77234133	         -0.05643690	         -0.00218401	
          4.50000000	        163.15747135	        358.04333365	         35.48298790	         32.11472306	        114.16130226	         23.86202642	         21.91826160	         29.22734114	        142.05039518	         75.83299410	         40.04782377	         44.68769437	        195.32135024	        566.00290997	          7.46713128	         10.29857900	         11.66007063	         40.11799824	          8.27348164	          8.88544349	         23.78062443	          5.82730099	          2.50770780	         41.92829468	        363.70583372	         25.93583060	         54.77612757	          1.96443814	        404.02156722	        194.08555915	         14.25607399	         33.81434393	         24.17624024	        724.22024591	          8.13004681	        455.88368471	        509.80851973	         92.01162545	        641.65457657	        193.51491317	         33.65805461	         82.47048579	         10.90483871	         12.01692001	          9.67348286	         13.88727528	         39.97389750	         32.02380881	        152.00422382	         40.00791942	         19.69738327	         31.82062687	         80.36248467	        200.76888420	         13.34271364	         18.83082285	         16.19932950	         17.56562731	         16.27017586	         20.10820947	          7.44418716	         11.21096968	         10.73255754	         25.02874651	        114.51051049	         70.99765327	        236.02258803	         35.68867484	        213.39052629	        149.11648333	         18.08602268	         59.91217560	         33.84011222	        232.69351828	         16.91893623	        437.44355856	        102.80174355	         20.10505783	         58.35714844	         29.31333243	          0.02848080	          0.01427110	          0.02714636	         -0.02592253	         -0.03314357	         -0.01594518	         -0.06427434	          0.07058785	          0.07348796	          0.00742924	          0.35429297	         -0.03572664	         -0.13630569	         -0.04257814	        -22.95853223	         85.90928239	        -10.78562924	          6.84196244	          1.82239697	         -1.24418999	          4.97857975	         -5.57657581	         -0.04232439	         -0.52872525	         -1.46866865	         -0.03306354	          0.00221393	
          4.52000000	        148.02059383	        288.36045762	        111.65915043	         29.94830971	        141.75206606	         35.17816856	         21.83781258	         28.82420403	        103.27874529	         52.26077412	         54.34940989	         18.56796817	        195.09694377	        564.86725311	          7.53009890	         10.38058460	         10.70541328	         28.16637834	          8.31807700	          8.84373489	         16.60339697	          5.80851390	          2.46785652	         44.50763406	        292.47543345	         26.82966757	         56.07088726	          1.69436004	        369.94445375	        285.61168640	         13.74999736	         33.94078674	         24.52334766	        704.86443823	          8.07819380	        380.05437405	        544.79469669	         81.78838020	        441.28801350	        139.17949880	         33.39854290	         64.46015777	         10.71202717	         11.87224622	          9.56805291	         14.07498479	         37.98958754	         29.34829414	        155.06980772	         38.88796012	         20.38183809	         32.39997495	         75.63455319	        187.60331051	         13.02227358	         18.69195365	         16.13322055	         16.91420051	         15.84778812	         19.47724508	          7.73134973	         12.63706789	         12.40685979	         24.70968727	        127.84459851	         69.60748967	        241.14753504	         43.15537204	        219.46885452	        115.83937019	         20.42647058	         54.78233477	         32.48176327	        225.37921086	         24.26993719	        418.83392658	        107.61894235	         22.21234973	         63.10536037	         31.95129511	          0.00369072	         -0.00510043	          0.00943065	         -0.02138719	         -0.02918327	          0.01570177	         -0.11592909	          0.03647320	          0.07084608	          0.00981741	          0.49330479	         -0.06726005	         -0.13649836	         -0.01817681	        -18.36735332	         91.76083336	        -14.69069435	          8.19508549	         -0.76398081	         -0.99776896	          3.53352860	         -5.86140208	          0.09543368	         -1.42682140	         -0.99028341	          0.00864457	          0.01466303	
          4.54000000	        164.84204870	        314.33478156	         76.66557740	         21.72062655	        211.92229269	        109.70190329	         23.39492515	         28.29346882	         73.15751476	         35.58766808	         37.17438660	        224.81551663	        184.29559206	        557.54451399	          7.63336737	         10.53978764	         13.73461875	         20.21644089	          8.34337379	          8.62933368	         11.84514859	          5.63612978	          2.12849295	         53.23776750	        245.84962400	         28.76129907	         58.92489663	          1.14307306	        345.66366063	        448.16604129	         13.53490148	         34.57414488	         26.36577535	        734.34465084	          8.18436701	        283.76230455	        483.88017649	         57.96605094	        307.90675487	         97.96615044	         28.48212369	         50.82093087	         11.11273312	         12.41339557	          9.40183784	         10.93925096	         40.25220304	         33.64436165	        161.10344406	         38.00824459	         21.22548952	         33.22601871	         70.76984584	        173.98789283	         14.31958821	         20.13473402	         16.86451404	         18.78637652	         18.26496640	         24.73624837	          7.97375805	         11.59692705	         11.50843909	         24.19221276	        108.88004534	         66.09419008	        249.17593263	         35.47852795	        200.96833859	         86.52036079	         17.20543126	         75.34211083	         33.61284228	        221.93261020	         17.78237986	        399.75048425	        113.70287685	         22.51478356	         66.08412475	         32.64802307	         -0.02108447	         -0.02837193	         -0.00722827	         -0.01673326	         -0.02791339	          0.05685584	         -0.16636490	         -0.00523416	          0.06118756	          0.01747916	          0.74871089	         -0.10910394	         -0.13758241	          0.01576911	        -19.47191653	         99.92753881	        -11.49357896	          7.22150776	         -1.67985854	         -0.75275921	          3.16094071	         -5.07900138	         -0.02203977	         -1.22653496	         -0.52400627	          0.06238613	          0.00525981	
          4.56000000	        178.37841422	        341.93148446	         53.17163527	         16.24095543	        177.48489573	        217.63975812	         21.99942367	         52.10951943	         51.55713945	         24.45866640	         37.89496354	        138.77854942	        390.48229500	        522.22343324	          7.77433775	         10.71151113	         66.75640162	         14.91838495	          8.52254366	         20.51534201	          8.69844169	         16.40598086	         10.15801601	         70.04604554	        231.58134517	         30.77184170	         62.16340888	          2.73564716	        458.27121509	        736.08473606	         28.52027961	         33.69745120	         24.13606013	        803.98608320	          5.86157813	        206.84920060	        452.41666407	         41.86290651	        217.60439844	         70.14959750	         24.98099384	         41.48213391	         10.94617662	         12.54546732	          8.80427853	          8.94466104	         44.81234153	         31.79000350	        171.35254572	         38.12206345	         22.22937870	         34.27353757	         66.40104029	        161.54845376	         21.52013013	         25.33881352	         17.08973679	         57.58340496	         36.33762450	         42.18467158	         11.94550316	         14.81437763	         14.33041883	         22.90188075	         96.17600771	         66.26621876	        263.80642855	         36.70421194	        187.69565497	         67.27707601	         15.73586961	        125.26846629	         35.92596166	        222.75535312	         15.17492582	        382.85481299	        121.25338728	         24.12751154	         70.72388723	         34.88219692	         -0.03673597	         -0.05152270	         -0.02442673	         -0.01075302	         -0.02617587	          0.10122934	         -0.20338724	         -0.04473449	          0.04657028	          0.03480004	          1.22682619	         -0.14800548	         -0.13923811	          0.05996893	        -23.06847985	        105.83373712	         -5.53190421	          5.20124809	         -0.93086986	         -0.55549773	          4.32774703	         -4.70186927	         -0.32462928	         -0.36414310	         -0.58975553	          0.09501915	         -0.00737157	
          4.58000000	        199.51149531	        422.55215589	         37.54547617	         12.62632991	        162.38981128	        265.87114769	         21.77085303	         41.96750799	         36.77125562	         17.15779325	         32.98948561	        123.69380097	        139.21319966	       1084.90977937	          7.89206615	         10.90814539	         88.32815272	         11.39734683	          8.66635017	        164.61743551	          6.61443909	         45.36683072	         10.97004827	         71.51983409	        252.63151175	         33.81070533	         61.40256610	          1.53319413	        510.54833923	        942.99029121	         38.32580697	         33.77343676	         23.97877837	        892.62817933	         79.71048940	        150.01859384	        336.95104746	         30.80233847	        155.48292483	         51.13302793	         23.46665838	         34.95110419	         10.63056830	         12.37198049	          8.32192736	          8.31721751	         38.81522923	         32.85495758	        187.89317951	         40.96421597	         23.31923695	         35.44091389	         63.03791544	        151.62692884	         31.28550993	         37.02545463	         16.88316295	        127.20147413	         66.38350895	         68.32095619	         19.20661984	         21.63973199	         20.50677795	         21.74241838	         87.92151889	         70.89922020	        292.91769723	         43.43888941	        178.11103968	         55.05822794	         16.58473486	        179.61992910	         35.88202965	        227.49346133	         21.23835695	        367.28706235	        129.96055630	         25.32037038	         74.69180705	         36.71008852	         -0.03643415	         -0.07046724	         -0.04101871	         -0.00237305	         -0.02175096	          0.13308750	         -0.21821442	         -0.07530670	          0.02822581	          0.06304966	          2.13141140	         -0.17615557	         -0.14100634	          0.11519703	        -26.02459559	        106.74681640	          0.95543350	          3.27578055	         -0.01041982	         -0.31566582	          6.05590835	         -6.09190530	         -0.54646090	          0.35210750	         -1.32709568	          0.09032008	          0.00836333	
          4.60000000	        166.42124143	        324.38854319	         27.14498594	         10.39270235	        111.27726720	        306.40181187	         21.84496819	         52.65500855	         26.84279144	         12.38241073	         14.04757765	         42.33681594	       1103.31045104	        412.79298974	          7.92213496	         11.11802611	         66.58086914	         11.62706508	          8.25925955	        234.97932067	          5.57406742	         55.31875987	          9.28343909	         69.87118610	        234.91179472	         40.12475652	        126.41358382	          1.21826703	        542.42625833	       1070.57805101	         63.17848517	         34.03582542	         23.95320391	       1109.14770186	         62.58766470	        108.75908836	        188.31569465	         23.20232830	        112.96418869	         38.23178741	         22.38534429	         31.95055751	         10.15307434	         11.87404652	          7.83517268	          7.88581538	         34.28569425	         36.23740733	        211.09151316	         47.08604821	         24.41193243	         36.63277375	         61.01220205	        145.20221375	         36.89819804	         38.38102388	         16.30129629	        196.36086094	         96.46413321	         94.06821291	         27.31925030	         29.84325526	         28.48087171	         20.55435193	         85.40500204	         92.38789567	        333.44609332	         55.60726675	        171.88527148	         49.03813230	         18.74608699	        191.28770217	         36.07066988	        235.78156817	         30.79005708	        350.83711823	        139.12697187	         26.01758591	         77.62646398	         37.98415009	         -0.01836939	         -0.08412161	         -0.05489301	          0.00850209	         -0.01384650	          0.13848233	         -0.20781852	         -0.09882334	          0.00639514	          0.09775078	          3.75156909	         -0.19028725	         -0.14229295	          0.17758008	        -23.51042529	         99.87732133	          5.88193482	          2.28265828	          0.32796250	         -0.11017739	          6.71280226	         -8.57747009	         -0.54228941	          0.58784910	         -2.23503333	          0.03572664	          0.05188076	
          4.62000000	        128.94340416	        259.65064662	         20.19885933	         10.80152706	         76.89248060	        207.20530386	         22.40553111	         42.12704512	         20.03380363	          9.43273485	         37.41451089	        103.62257881	        104.14388364	       2027.67975477	         10.58194397	         12.34363700	         59.76491577	         11.89411554	         30.89907584	        271.81982997	          5.67520124	         56.33763853	          5.14629559	         57.63890356	        205.14149307	         40.47796927	         87.64387544	          0.61517623	        450.26084223	       1060.30536505	         45.43997519	         34.39831833	         24.04922095	        769.56829897	         56.33002276	         81.47286513	        203.53136632	         20.34969815	         84.75984718	         29.96153622	         21.68475646	         30.92245364	          9.76427077	         11.33747224	          7.53160833	          7.73187988	         32.52072625	         39.83519952	        238.69218553	         55.31205380	         25.42921351	         37.78808322	         60.45638174	        142.75109542	         36.70974404	         35.72332082	         15.69418321	        227.17681445	        107.39587029	        102.50025618	         30.91278664	         33.84996413	         32.78675909	         19.52592506	         88.00005847	        139.99460194	        374.78529577	         64.26018554	        170.24078659	         53.38336651	         20.69528871	        183.52615922	         38.76159134	        247.42109589	         34.36514775	        326.45437296	        147.89389660	         26.43119560	         79.46950328	         38.84103320	          0.01206617	         -0.09631171	         -0.06397933	          0.01919827	         -0.00169512	          0.12007390	         -0.17561681	         -0.12570411	         -0.01774394	          0.13216414	          6.30429088	         -0.17932514	         -0.14150406	          0.23610231	        -16.30537513	         85.78245702	          7.42448741	          2.15246564	          1.06909418	          0.01918766	          5.56234604	        -10.25780680	         -0.34794451	          0.90678443	         -2.62030393	         -0.03077345	          0.09283344	
          4.64000000	        102.96214490	        212.74791734	         15.59243749	         11.25167809	         53.74249767	        131.01070271	         22.62379729	         32.76746508	         15.52974685	          7.47635207	         27.15532151	         72.75047690	        826.89342166	       1494.53792183	         11.93787836	         14.19459747	        103.20091806	         12.06753135	         22.03838853	        231.38660747	          5.65068557	         42.71643108	          3.36487756	         48.40674355	        183.43643392	         41.72755479	        145.06646328	          0.73514299	        381.91060834	       1030.87560888	         35.49537396	         34.36233030	         24.02201222	        685.62419230	         39.06085197	         60.09519025	        137.80908666	         23.27955807	         67.12035250	         33.15298781	         20.89435486	         29.96167309	          9.12140300	         10.58217410	          7.03449921	          7.26966262	         23.83855734	         42.17807320	        270.46459632	         66.41215032	         26.30024329	         38.87590259	         61.22287669	        144.00331341	         36.21403450	         34.14377575	         14.61151190	        166.49808194	         84.70988573	         85.25985894	         29.02170884	         33.31744907	         33.88934779	         18.25433144	         89.59155454	        180.37965689	        420.05939230	         45.25831471	        169.46869510	         57.83731715	         21.55479080	        214.20801720	         32.64919285	        262.09157252	         30.64311150	        277.05485018	        155.55998948	         26.55198408	         80.16200249	         39.23421203	          0.04567303	         -0.11269622	         -0.06819791	          0.02804349	          0.01525599	          0.08501321	         -0.13051073	         -0.16671667	         -0.04060355	          0.16166904	          9.69182165	         -0.14334443	         -0.12691208	          0.28296618	        -12.32291944	         72.34251739	          6.99799872	          2.01152942	          2.98900766	          0.05162397	          4.32544065	         -9.67375025	         -0.30003365	          1.81939047	         -2.25340895	         -0.03507932	          0.07729778	
          4.66000000	        101.79119470	        204.45380562	         12.59507526	         11.77262640	         38.37668355	        227.68162413	         22.73639849	         79.36330993	         15.51785681	          6.44554662	         21.02939140	         53.62843520	        532.24026687	       1261.13139721	          9.38103562	         12.93323155	         83.40513108	         12.21526225	         16.09852646	        285.12924383	          5.55204008	         29.56396822	          3.32729230	         58.33186324	        167.69518475	         64.17152007	        174.64818902	          1.35502295	        437.54393018	        831.88023992	         62.05209966	         34.17699089	         23.99144199	       1168.89440293	         26.20269577	         45.06142042	         99.46344385	         23.14077410	         69.23647434	         33.71716234	         22.94188782	         37.57134248	          9.59221912	         10.58768594	          7.88761843	          9.77821362	         69.31982739	         36.89165560	        301.47275508	         79.84193335	         27.04928347	         39.93420051	         63.09187372	        148.38756089	         25.73029312	         25.39795636	         14.61078836	        115.89269784	         59.57781528	         60.13015891	         21.18059550	         24.56610389	         24.85249664	         21.72510667	         88.98922157	        219.82119129	        460.09590865	         48.00052232	        183.16568858	         62.32309050	         18.15714208	        203.24883148	         45.54238826	        279.42148204	         23.43832115	        215.98281109	        161.83497518	         26.38523983	         79.80083216	         39.16160237	          0.07392220	         -0.13611770	         -0.07074958	          0.03489086	          0.03587337	          0.05086323	         -0.08161742	         -0.21966291	         -0.05893311	          0.18805844	         13.46015762	         -0.08801805	         -0.09190462	          0.31012259	        -12.11217831	         65.09200685	          4.74326673	          1.89316324	          3.95076963	         -0.01592920	          3.91785634	         -8.41515200	         -0.41754565	          2.42074092	         -1.77963448	          0.00076487	          0.03126520	
          4.68000000	         94.34448231	        173.66178456	         12.06592312	         12.46029029	         28.22515405	        235.66542295	         58.54587052	         77.43036139	          9.16993105	          6.34725717	         17.12521366	         41.20801716	        343.94742473	       1119.66161249	          9.42945909	         13.67185856	        121.30902944	         12.42786013	         12.14367885	        210.41975732	          5.48391029	         20.47425725	          2.90687183	         57.78716777	        153.22442413	         53.91546486	        224.56721288	          1.87975535	        425.87747710	        725.63550940	         69.22730875	         33.89477843	         23.83892107	       1316.18798213	         19.20665822	         34.86444523	         75.41971446	         25.14795654	         75.56038197	         36.62313855	         33.09960676	         70.34419304	         10.56970644	         10.27388162	         12.13687932	         16.12106211	        122.24534863	         37.78390165	        330.57470100	         96.13650359	         27.56006918	         40.76464695	         65.77485709	        155.30459178	         19.68535821	         24.20137515	         21.92984747	         81.89345812	         43.03680844	         43.71010384	         15.92001005	         18.79959774	         19.01070145	         23.90462236	         89.01717223	        254.06576935	        492.63592083	         45.97239013	        192.31877096	         66.34516753	         17.71590082	        156.65644760	         51.32936151	        298.68919711	         18.90023213	        163.58922090	        166.50077963	         25.97827561	         78.55111969	         38.69074705	          0.09342598	         -0.16429028	         -0.07337784	          0.04167028	          0.05613081	          0.02072944	         -0.03471332	         -0.27581984	         -0.07175138	          0.21421206	         16.88254052	         -0.03068771	         -0.05271533	          0.32686156	        -10.55758098	         58.04590546	          1.77430879	          1.52796345	          3.20176388	         -0.04539555	          3.32767968	         -7.74761212	         -0.41149949	          2.24025291	         -1.55684085	          0.03326843	          0.00864300	
          4.70000000	         78.52329804	        149.78848310	         12.65848084	         13.27129392	         21.22084554	        158.50022294	         81.83593378	         55.87045842	         52.88717792	          6.60791639	         14.47948026	         33.07932916	        232.14819027	        879.33804333	          9.82359731	         14.33810053	        118.72165438	         12.38508045	          9.33591118	        186.90008188	          5.34146595	         14.28843026	          2.73032160	         47.46858510	        139.53523688	         43.96007681	        321.20036483	          2.02025171	        359.35817770	        675.63585253	         48.57595932	         33.57025780	         23.71891276	       1400.79942661	          9.58749022	         28.27033026	         57.73413938	         27.13471166	         82.16565051	         39.74146182	         36.66051535	         83.06451248	         10.31086339	          8.98496743	         15.79452898	         24.08747178	         62.83141903	         39.88531877	        335.40463949	        104.38469589	         28.62849333	         42.61801902	         69.53487056	        164.11594318	         18.65828845	         26.82600168	         38.76454470	         59.11314760	         32.18732190	         32.95580313	         12.45017177	         15.10493544	         15.38255771	         29.19534068	         90.32076515	        268.71536475	        490.57425768	         33.45962295	        203.36916387	         70.02040697	         16.28009095	        224.90331325	         34.54142449	        318.47424586	         16.25686566	        134.18605348	        169.03296222	         25.27288144	         76.48424930	         37.79040958	          0.10400423	         -0.19016868	         -0.07637641	          0.04750550	          0.07275847	         -0.00538482	          0.00790195	         -0.32415175	         -0.07764652	          0.23693655	         19.00274311	          0.02429308	         -0.01549896	          0.32492297	         -8.09512206	         44.58644958	          0.76234700	          0.39302477	          1.89518724	          0.13995564	          2.05676294	         -7.44250501	         -0.18482415	          1.57762610	         -1.45771359	          0.04761206	          0.02292957	
          4.72000000	         67.45948247	        131.37077889	         12.58218579	         14.13741121	         16.40532811	        107.66770878	         60.79574144	         41.32173357	         26.42703687	          6.99560702	         13.71172868	         27.48481129	        125.67839812	        530.76759134	         29.80560808	         48.78912619	         84.15591215	         34.12867598	         32.38677528	        130.34321937	         13.00132909	         14.48681652	          2.09419508	         40.15525978	        127.49933344	        138.79601126	        336.72665745	          1.85844498	        311.66418658	        508.10719712	         34.77424908	         34.49046508	         23.45120462	       1440.75751346	         26.66370126	         24.80227569	         52.30633999	         37.74784201	        112.23394497	         52.13737113	         45.02422832	        107.24143510	         16.66047903	         20.45616325	         15.76657237	         16.52594522	        143.24124827	         38.84576741	        246.87827247	         61.69475877	         20.70576298	         30.44964218	         66.72717860	        173.82988455	         13.74472849	         19.56108582	         25.38100094	         43.85356981	         25.02530993	         25.74884426	         10.97811949	         12.86424136	         12.72289576	         24.65331336	        110.77742992	        202.35775648	        480.22902970	         24.62887611	        197.22559717	         71.90915438	         14.50904135	        134.29380019	         94.67578329	        336.07297580	         15.16425898	        200.22150743	        172.39826517	         24.15920726	         73.68561249	         36.38058200	          0.10843292	         -0.20364094	         -0.07749619	          0.05017830	          0.08261072	         -0.02827354	          0.04576504	         -0.35160346	         -0.07734719	          0.24933697	         18.58699081	          0.07647515	          0.01797758	          0.29216157	         -2.54195749	         25.58120500	          0.94398336	         -0.98272565	          0.77711503	          0.44064948	          0.73222978	         -6.63787207	          0.03457735	          0.79629911	         -1.29098686	          0.03610454	          0.05088192	
          4.74000000	         59.05598867	        113.09972931	         65.66697748	         23.02938595	         29.92757535	         67.64414080	         33.83007011	         31.69600382	         60.86717707	          7.23807894	         14.42554953	         27.26356576	        141.82108560	        296.82984616	         21.54704425	         35.29661692	         64.18716703	         24.06648557	         23.06785839	         90.21869601	          9.21439048	         10.23012697	          1.67923737	         34.37185578	        117.59829830	         97.80467155	        308.43943162	          1.78391492	        274.29248433	        375.02610355	         25.70132829	         41.60798978	         26.38117989	       1369.24505879	         18.09212613	         27.69360682	         14.98773644	         58.33296073	        177.47573137	         84.99024692	        120.14767371	        127.46369832	         60.15079815	         48.14681075	         61.68745072	         50.61718087	         14.58735839	         31.94986454	        178.96127709	         50.39661793	        163.09898211	        219.14159412	        147.82541641	        184.43037115	         11.60098297	         16.11274569	         69.17310030	         33.61316963	         20.25994562	         20.89521798	          9.51086288	         11.68560211	         11.65260884	         35.76111249	        107.90830821	        158.97078110	        235.18177983	         18.63214893	        195.78928046	         73.86219601	         13.39562761	        420.26300761	         51.41852375	        349.54665907	         15.67925364	        214.76228571	        109.74857875	         25.34956028	         69.34788278	         37.00592916	          0.10883305	         -0.19831524	         -0.07469646	          0.04813852	          0.08653913	         -0.04895945	          0.07619073	         -0.35046472	         -0.07331405	          0.24497506	         14.48398598	          0.12088848	          0.07015938	          0.22526566	          6.30540371	          5.39528941	          0.03441128	         -1.35553273	          0.40869801	          0.58921895	          0.78400396	         -5.23580222	         -0.09343497	          0.46747412	         -0.94829028	          0.00525437	          0.05510999	
          4.76000000	        163.76275230	        250.54596944	        103.69486385	         18.97141667	        193.88374507	        186.45397678	        182.65309793	         25.43316200	         43.61174648	          7.74850534	          6.17644874	          5.51831159	          7.87136794	        416.37736033	         15.75807259	         25.79056434	        184.49424565	         17.23331424	         16.69003226	         62.13191944	          6.68639541	          7.37849707	          1.42454359	         50.50542256	        114.80773401	         68.15930645	        179.78425454	          1.97163788	        322.57051825	        556.48154663	         19.48708185	         32.72854239	         23.70345964	       1046.69355476	         12.67268999	         20.40420869	        385.81525365	         45.76156907	        139.89376298	         67.28364889	        169.63549109	        572.60152086	         82.21877683	         68.30842023	         77.08255719	         34.06343763	        408.53052816	         27.55772054	        126.89450608	         19.84654920	        101.12811644	          3.16526036	         71.62247155	        210.64599047	         10.92223083	         15.08700448	         43.48729797	         26.87675117	         17.86614951	         19.32388099	         11.11120276	         11.82867808	         11.60955071	         28.83518337	        111.37796184	        123.95067021	        334.69332485	         16.87438253	        195.75910073	         74.07237698	         12.98766921	        555.31501948	        151.09508314	        361.95991893	         16.51109828	          0.00842840	       1961.21386622	         40.34664089	        189.78235615	         67.10890089	          0.10346875	         -0.17708413	         -0.06453163	          0.04320341	          0.07952523	         -0.06678310	          0.09557041	         -0.32500032	         -0.06340698	          0.22201132	          8.40114635	          0.14216404	          0.14057873	          0.13168324	         11.20537287	        -11.76558325	         -0.51216091	         -1.33384564	          0.29629849	          0.56701087	          1.86863482	         -3.45017990	         -0.37100225	          0.46799937	         -0.26459604	         -0.01341625	          0.02994072	
          4.78000000	        221.94335605	        505.00539970	         78.36819079	         16.58518138	        292.23473702	        353.33609719	        341.50120346	         28.00297572	         32.12260693	          9.11039182	        104.24679264	        339.61710474	        432.93053513	        178.93941395	         11.78971945	         19.26607897	        500.64393504	         12.60597646	         12.37896031	         42.87974150	          4.99277639	          5.46884915	          1.31648378	         81.10834213	        105.41018344	         50.61788770	        131.78461809	          3.17607781	        507.53882968	        684.84882954	         36.16841309	         31.91326907	         22.62880424	        673.67233366	          9.21368481	        205.14185703	        466.13635075	         37.62918082	        115.37118878	         55.71220701	        362.64241268	        786.34027896	        218.11030317	        222.13071425	        189.62660437	         74.35888237	        298.15230846	         25.08390134	         89.31972664	         37.43116737	         94.17674333	        520.08703916	        335.98529882	        202.50331627	         10.66406017	         14.70901505	        121.30715007	         23.13501153	         17.67491801	         18.85307972	         10.35366314	         11.93434622	         11.53303450	         52.88647439	        110.32866099	         98.28602120	         85.90540948	         14.44513867	        197.26922197	         72.13669767	         13.06185716	        575.63597390	        235.60113352	       1083.51506224	         17.07409235	        678.59395040	       1570.85289604	         43.87125760	        270.21598599	         77.23022156	          0.09127039	         -0.14821454	         -0.04578093	          0.03766086	          0.05992605	         -0.08122729	          0.10090771	         -0.28737041	         -0.04414837	          0.18258799	          3.93868058	          0.14563067	          0.18063789	          0.02654983	          9.98635370	        -24.44262177	         -4.09623473	         -0.32157409	         -0.03463333	          0.30147532	          2.16815687	         -2.28427044	         -0.45746493	          0.70224105	          0.31957485	         -0.02125936	          0.00422702	
          4.80000000	        229.64046894	        453.77814845	         55.06817624	         17.51749206	        244.08773344	        324.44910483	        430.45923718	         30.80842264	         24.09660075	          9.18373393	         91.72063589	        280.86456131	        227.23372919	        515.91893986	         11.15907524	         16.92606363	        555.31849078	         11.85317212	         10.12312795	         29.95571812	          4.69497328	          4.89519424	          1.28813693	         81.89387381	         98.97933107	         38.49073276	         87.88500456	          3.10209066	        387.21259663	        575.37446122	         26.76428128	         31.74297348	         26.32704801	        491.18517795	          6.80670029	        346.73665258	        560.16409742	         38.14059915	        116.32799116	         56.51880589	        316.90444138	        797.62921717	        150.72819575	        152.56175520	        147.07628895	        102.23735284	        234.28975980	         24.29518486	         59.96618330	         34.17830824	         97.42537602	        395.98399063	        313.94004046	        174.60080027	         14.13448327	         19.47072473	        112.48713497	         22.43385192	         17.35418594	         22.33713921	          9.26712589	         11.86141498	         12.38890834	         63.39570127	        108.80200851	         35.18539253	        236.05810368	         36.80199234	        288.15330938	         84.57290607	         13.94164104	        406.56347549	        162.66211912	       1239.10524421	         17.90463549	        675.13870078	       1353.61847143	         56.93693200	        381.84071613	        105.63343915	          0.07430188	         -0.11997403	         -0.01903295	          0.03424850	          0.03137749	         -0.10134606	          0.09013129	         -0.25021809	         -0.01469514	          0.12988078	          2.01107344	          0.14538739	          0.14504039	         -0.07433352	          4.55864545	        -17.23513487	         -9.73120398	          1.44489231	         -0.74893584	         -0.10812556	          0.66833948	         -2.21948161	         -0.21031691	          1.05714438	          0.40567109	         -0.02597639	          0.00148167	
          4.82000000	        167.36175945	        326.39660255	         39.55153603	         17.63472219	        164.99544691	        321.58737236	        474.26964384	         27.97748220	         20.79402768	          9.37588401	         64.40627859	        193.31475433	        190.33983464	        450.62049567	         11.25422940	         17.13834975	        493.76363187	         11.37612066	         10.04804591	         21.48948932	          4.49284049	          4.82756316	          1.33223242	         85.63217107	         94.21871447	         30.62298374	         76.98079573	          3.29184789	        501.07278742	        634.90685664	         29.58479141	         30.95178803	         27.80045273	        383.72052613	          6.15856130	        366.61062580	        533.48813386	         39.50805325	        121.24242519	         58.75147386	        214.68245481	        533.00075911	        102.33027515	        103.89543558	         99.50713165	         69.31581767	        158.93249525	         24.45830339	         43.25116931	         24.09325695	         66.06909261	        268.67958553	        137.07280190	        561.68416685	         10.63989099	         14.50533576	         77.60118100	         18.53117952	         17.33221312	         18.38033893	         50.21313502	         11.86714065	         11.27533971	         46.29229152	        263.79761759	        118.04231931	         24.42436448	         27.87062699	        258.09153629	         73.19490295	         13.46234126	        266.58658376	        111.54666177	       1377.68713433	          8.89672786	        468.01933087	        898.75484411	         60.73046126	        453.04816498	        113.09799647	          0.05617337	         -0.09739897	         -0.01068197	          0.02979564	          0.00244469	         -0.12353933	          0.06508934	         -0.21663987	          0.02117463	          0.06618554	          1.03420407	          0.12195366	          0.22003342	         -0.18573719	         -0.17330892	        -10.93041236	         -9.30614040	          1.50096138	         -2.00237979	         -0.32479661	         -0.45985904	         -1.91129809	          0.09105413	          1.13677176	          0.59713966	         -0.02235603	          0.00824332	
          4.84000000	        124.93770913	        239.75320096	         29.29738491	         17.85591634	        111.84082079	        343.03523158	        470.91161621	        103.62963502	          1.87931153	         12.39688548	         44.88355877	        132.69484068	        144.95746696	        363.26021544	         11.41061171	         18.31036734	        333.91596244	         10.88945904	          9.96048513	         14.96172134	          4.27900423	          4.75002549	          2.06008784	         93.49096485	         89.37476889	         26.58764998	         43.37436866	         10.40143352	        358.26170149	        798.52575091	         72.11327388	         33.62801801	         24.24462181	        308.80124455	          1.89235879	        426.31899709	        376.41326321	         40.80863152	        125.57929310	         60.78574309	        145.21654677	        352.58314214	         69.20336675	         70.22276915	         66.64866146	         46.75616801	        108.00756591	         24.57907262	         27.91420256	         17.36316335	         48.22853057	        183.34053817	        227.27915578	        645.89658538	         19.35106470	         38.39476137	         53.68251630	        350.98707928	         11.64988206	         28.07315937	         35.34825163	         18.80402865	         16.91448074	         35.00277440	        208.34693067	          9.46421414	        251.88712741	         22.26293935	        239.01959337	         72.39329464	         13.80597236	        302.23705502	         78.95345114	       1641.73146027	        216.53473026	        327.36441138	        596.57728025	         61.59862484	        439.32595471	        113.97274908	          0.03687500	         -0.07995306	         -0.01109381	          0.02279690	         -0.02104564	         -0.14718205	          0.04280633	         -0.18305345	          0.05355906	         -0.00389964	          0.51774775	          0.07829255	          0.30189968	         -0.30275681	          0.53953539	         -2.71604716	         -3.75003464	          0.43705571	         -3.61657837	         -0.44991863	         -0.48188455	         -1.18462535	          0.25406460	          0.89964541	          0.92182776	         -0.01844860	          0.01273979	
          4.86000000	         96.25985547	        181.59456508	         22.52900969	         18.01524156	         76.32421739	        230.67127751	        320.31627137	         53.43530672	        276.93928986	          6.96337500	         30.97011304	         89.01648270	        109.80113751	        277.86006339	         11.57685715	         18.72585455	        226.32415772	         10.48430194	          9.94004412	        103.65258095	          4.11555217	          4.85754398	          5.22980446	         68.91520988	         86.25428114	         16.18372352	        103.80088581	         20.48659655	        657.38423838	       1098.67376536	        128.83133628	         30.05387650	         21.40585226	        253.02576467	         64.42815609	        393.79784447	        259.69760555	         41.86134300	        128.78821731	         62.37453750	         99.34984413	        234.04011005	         46.87017912	         48.21460734	         44.53289277	         31.68332778	         74.08809253	         24.64666632	         29.73035130	         12.92968036	         38.40730288	        128.48374477	        184.24934497	        823.47865663	         14.53671440	         27.81361117	         37.44358707	        980.80068377	        508.69753236	         23.16207413	        161.51126347	         98.13578385	         15.14214973	         27.65049777	        173.64030479	        240.12818395	        350.20752634	         18.52869225	        226.59126880	         72.35774052	         13.75942574	        693.79034714	         56.46700323	       1899.79496978	        212.23166547	        230.84814498	        399.82305566	         59.15637920	        391.01155650	        107.58170350	          0.02033161	         -0.06605237	         -0.01497682	          0.01360534	         -0.04807729	         -0.16748741	          0.02597874	         -0.14067307	          0.07835554	         -0.07233875	          0.33068783	          0.04757355	          0.34979569	         -0.41718119	          8.16044264	          5.66674899	         14.63392028	         -4.25857032	         -5.50972852	         -0.18087895	          2.35130946	          1.31703924	          0.16730041	         -0.45477477	          2.04038070	          0.00243351	          0.00503889	
          4.88000000	         76.93528008	        142.87311958	         18.09377436	         18.17190620	         52.78353722	        154.25601230	        222.27871451	        195.02572352	        229.52868292	         80.08442262	         24.09086405	         65.31147175	         86.05743765	        217.65169401	         11.76685853	         18.15566504	        153.79818264	         10.50822065	         10.06840446	        142.05832629	          4.12482030	          5.71689028	          6.21699985	         55.84053989	        129.11480259	        120.82148692	        210.38424647	         27.40472805	        487.08972714	        996.27791058	        148.23276734	         31.44623414	         21.63360173	        217.79026217	         56.75992558	        479.67041222	        192.47689436	         41.74513721	        128.84971122	         62.35874743	         69.41666790	        157.85094826	         31.92409967	         28.47061689	         29.83661833	         21.70107399	         51.56760136	         24.68182759	         36.67565405	         10.12040564	         32.68891918	         93.57000972	        190.06498048	        876.43901618	         11.28794772	         20.63426499	         26.41687693	        987.49865486	        442.99600801	         19.87754966	        371.01945605	        201.56744194	         13.40427432	         22.84354556	        147.69123348	        177.25261228	        401.86552049	         19.90096260	        218.17689930	         72.32003024	         13.59108936	        872.60260589	         72.36349183	       1969.93311068	        227.99362537	        163.79742124	        283.90800520	         64.10025274	        465.72474679	        118.13628390	          0.00842863	         -0.05771707	         -0.01982000	          0.00409041	         -0.07484907	         -0.14639746	          0.01570139	         -0.07133355	          0.09158934	         -0.13168418	          0.31000049	          0.08783290	          0.32236520	         -0.45466154	         17.99032000	         -1.12291851	         13.42412621	         -3.40074997	         -5.57354661	         -0.30236646	          3.39535312	          1.94187117	         -0.00857435	         -0.19961999	          2.38008513	         -0.00074583	         -0.00665566	
          4.90000000	         63.53806551	        116.00586063	         15.17103092	         18.18526172	         36.93783496	        102.70963842	        154.96150876	        161.37576159	        166.44681201	         44.93362164	         19.58847124	         49.49237270	         66.97378171	        169.18955836	         12.30720949	         31.36021494	        104.85302096	         10.87365404	         10.29971507	        150.97295600	          4.25171621	          6.09584789	          7.67180998	         55.25434495	        110.46811461	         78.27666081	        156.01690074	         41.26458736	        491.73876235	        617.65907777	        141.71509942	         33.31412852	         22.21390550	        195.22958448	         46.19464881	        409.34809315	        141.73386272	         40.76259962	        126.22804036	         61.07948346	         50.01669181	        109.72662206	         21.98346685	         65.62936050	         20.18080305	         15.13907973	         36.55541703	         24.71092673	         25.73198041	          8.31896937	         29.29867803	         71.23423151	        205.44909974	        815.22351994	         11.43273890	         15.75019935	         18.93834139	        992.58080513	        302.65853435	         20.47739217	        369.94984334	        137.75307721	         13.53084848	         19.68114871	        225.94853482	        114.42135619	        327.26502791	         21.71728547	        212.33035526	         72.49072682	         13.60991385	        855.43682495	         66.46632384	       1896.78021755	        214.38834320	        116.49379132	        212.34524615	         64.96848698	        468.56132112	        119.82291110	          0.00262122	         -0.04947964	         -0.02304958	         -0.01140995	         -0.09771801	         -0.10592138	          0.01105316	          0.00380414	          0.08855595	         -0.16094421	          0.34048898	          0.07619753	          0.24576149	         -0.36346716	         26.01957179	         -4.47094115	          7.50588470	         -1.04658942	         -5.24715441	         -0.55506622	          3.97540249	          2.44106666	         -0.15180963	          0.47245453	          2.69502609	         -0.01431765	         -0.01670035	
          4.92000000	         54.23853507	         97.31355847	         15.05809354	         18.13604087	         26.59906805	         68.99635184	        110.60663388	        155.92839972	        132.94469449	         38.12876768	         16.54134563	         38.56579469	         53.26068187	        134.40667358	         12.50188438	         24.31042461	         72.81342668	         11.30755711	         10.47085283	        109.64207178	          4.40128452	          6.08481235	          8.82615387	         43.92629398	        103.86766980	         66.84188498	        126.66651001	         52.75452863	        442.48329929	        485.40972381	        129.74018478	         35.48973194	         22.80737820	        197.01132096	         51.22040001	        356.74079734	        107.37471241	         38.90513407	        120.99518594	         58.54654531	         37.41186146	         79.34816992	         15.41072727	        119.30519065	         13.88839144	         10.85435152	         26.60408463	         24.74909326	         19.11167047	          7.72140546	         27.50391410	         57.24633540	        180.53141563	        719.84569310	         11.64283144	         15.96332420	         13.92984682	        991.09767596	        206.53677460	         21.25451946	        369.13903032	         94.75313208	         14.37838431	         17.60127424	        299.49499001	         75.84731278	        243.14082003	         23.88282263	        208.33244416	         73.54388754	         13.64653202	        830.80151134	         98.89749552	       1733.44378712	        180.12729611	         83.23884014	        168.01305291	         62.17190541	        434.92716627	        113.74746847	          0.00239025	         -0.04353843	         -0.02239181	         -0.02346161	         -0.12240977	         -0.06678012	          0.00933477	          0.07774069	          0.06633947	         -0.16000115	          0.37214857	          0.04697344	          0.14506279	         -0.28477525	         25.72703269	         -8.25471768	          6.46857431	         -0.11353291	         -4.69614652	         -0.61764427	          4.90852979	          3.40950970	         -0.19710719	          0.73681391	          3.14328939	         -0.02105928	         -0.01983791	
          4.94000000	         47.64668327	         83.97410631	         14.94300642	         18.11141451	         19.87303512	         47.06446464	         81.58191270	        122.97882894	        117.82290486	         31.50896637	         14.71272598	         31.38988519	         44.02243492	        111.32515749	         13.87208544	         19.70940120	         51.99539134	         11.91502771	         17.29423040	        176.09843319	          4.84141125	         42.04118301	         10.23277708	         36.52304277	        189.40628798	         50.16011559	        133.51617170	         45.40306506	        349.38428259	        315.87578135	         96.77208642	         38.36150578	         23.74399173	        215.46446521	         62.49331092	        332.65877195	         85.61485235	         36.46956137	        113.91083359	         55.15338517	         29.07458202	         59.67612732	         11.06676272	         79.88920375	          9.76285845	          8.03099831	         19.92962346	         24.79505452	         12.58104143	          7.74584445	         26.52513740	         48.36603434	        136.71360346	        632.87020215	         11.85732179	         16.22352976	         10.59478189	        982.70638314	        142.78995140	         22.09255860	        342.25964589	         66.11451079	         15.30889582	         16.23699912	        348.38353691	         50.70837680	        248.79213459	         26.47155016	        208.16897588	         66.07979403	         13.60492758	        639.10833745	         69.51306893	       1478.06849134	        100.33046196	         60.22399142	        140.54431380	         59.45793894	        421.61999644	        108.56140335	          0.00474246	         -0.04095265	         -0.01903697	         -0.02948633	         -0.14687385	         -0.02997270	          0.00975962	          0.14115919	          0.02968627	         -0.13394931	          0.38239879	          0.02116224	          0.04647215	         -0.21981506	         16.36679851	         -6.62426311	          3.89837147	          0.47186371	         -4.11807470	         -0.60141510	          4.36418832	          3.73447990	         -0.03308153	          0.86408471	          3.06087708	         -0.02138326	         -0.01126220	
          4.96000000	         42.88396314	         74.21800573	         14.86629308	         18.13672879	         15.45464942	         32.73433193	         62.70165539	        116.28208195	        109.67071009	         30.55079999	         14.65655747	         26.47588011	         39.19585132	         96.92072512	         19.51728008	         19.93438462	         38.40816462	         12.60038003	         51.57143494	        160.92438220	          5.33560182	         39.40556356	         11.61392758	         31.79134795	        163.55475682	         48.79447152	        126.36722148	         50.97409003	        294.64031383	        220.25897653	         88.36538270	         41.71095243	         24.97058669	        229.10347334	         62.60881518	        316.47334101	         72.46235774	         33.72859326	        105.75666189	         51.27956225	         23.45527399	         46.57120268	          8.16497192	         53.63548580	          7.02232868	          6.80545084	         17.67965701	         24.85536814	         30.51664910	          7.57097146	         26.22110446	         42.77704578	        109.09743196	        619.61183591	         12.08164846	         16.49172354	         10.69846425	        982.89301076	         89.36518286	         22.98363764	        231.59485054	         46.30549202	         16.39862377	         16.00869405	        292.72392541	         47.94699495	        296.74363625	         29.32987142	        208.40690113	        141.79963643	         14.22333270	        444.04101817	         50.08341568	       1249.29513755	        127.57486884	         45.06194819	        123.99019965	         53.24863493	        351.40827211	         95.21413068	          0.00630240	         -0.04081846	         -0.01575973	         -0.03046991	         -0.15769182	          0.00569663	          0.01273362	          0.19042286	         -0.00550367	         -0.09355153	          0.38575436	          0.00888569	         -0.01599937	         -0.17120588	          6.38482376	         -1.37088426	          2.71968919	         -0.12908633	         -3.58646824	         -0.42086071	          3.65915349	          3.55508450	          0.09149492	          0.69125916	          2.72080742	         -0.01256089	         -0.00467388	
          4.98000000	         39.51607354	         66.89344129	         14.79637873	         18.19844727	         12.49075877	         23.23552651	         50.60988695	         95.13636509	        108.88085082	         30.89242711	         14.54263906	         26.00350230	         41.88083010	         98.57225499	         34.39424581	         20.33897146	         29.40006972	         14.90195717	         87.42800860	        174.12726816	          8.56949204	         43.95432684	         13.19391307	         28.86745832	        160.46406669	         49.82434209	        128.18914325	         48.24189599	        261.35647793	        139.99890251	         76.80631576	         45.48081369	         26.42541481	        236.33344405	         59.88994671	        320.97150847	         63.84150276	         30.89138364	         97.08012340	         47.21131375	         19.63426497	         37.71438763	          7.05561028	         36.42326479	          5.70047504	          6.82993489	         17.92018239	         25.01652135	         35.66924673	          7.45161970	         26.25922117	         40.25319774	         91.69996442	        679.14160039	         12.27818914	         16.72339481	         10.78424116	        961.02139278	        171.48721147	         23.51066649	        156.64143788	         72.70124067	         17.01983874	         16.07818523	        227.44272411	        117.51427467	        349.01527035	         32.10397724	        208.46211099	        306.34693102	         17.73237418	        303.97933512	         37.38392342	       1134.77545168	        131.06956401	         35.80904367	        114.61995152	         42.53773647	        248.77587318	         73.34303985	          0.00480236	         -0.04066338	         -0.01394025	         -0.03065519	         -0.13955972	          0.04394540	          0.01739852	          0.22804715	         -0.01979995	         -0.05051499	          0.41722222	          0.00634747	         -0.02333566	         -0.13384043	          1.03365619	          3.92995190	          2.93033288	         -1.12541699	         -3.31879234	         -0.24959168	          3.18354501	          3.08223163	          0.14624564	          0.47450495	          2.35113948	         -0.00549436	         -0.00020069	
          5.00000000	         38.41870784	         61.54983616	         14.67836619	         18.21206304	         12.11983539	         16.89397278	         43.11987017	         99.05172700	        111.05506016	         31.49705680	         14.43134863	         25.82575143	         44.50660009	        106.05119824	         47.36629245	         26.38243569	         23.32810044	         28.14378290	         88.38266033	        171.28526848	          9.72544490	         41.78388587	         14.53498291	         27.18665922	        136.01280848	         49.91555048	        133.51511974	         46.49748836	        236.42995827	         91.93947496	         71.61140747	         50.04140820	         28.27173317	        237.23075303	         53.72564215	        330.09564640	         63.79987106	         27.97146390	         87.99629628	         42.98933823	         18.23885751	         31.65961663	          7.06414803	         25.09918716	          5.67999902	          6.78481130	         18.02546494	         25.17468398	         55.59674081	          7.30392639	         26.59705873	         40.81195137	         76.24496280	        792.18236292	         12.35095752	         16.80819578	         10.74717866	        826.71909721	        282.67894278	         55.75748592	        109.89065838	         85.36455508	         50.97471057	         16.10079408	        185.13364945	        134.95675523	        396.77775678	         31.49624595	        208.37064632	        395.66555315	         20.60092495	        207.99080441	         29.03994215	       1236.51148388	        132.71405646	         31.09964577	        109.98309143	         36.97063059	        191.02736994	         61.47780197	          0.00081357	         -0.03617135	         -0.01458408	         -0.03342184	         -0.08372377	          0.07864730	          0.02291472	          0.26023381	         -0.00165209	         -0.01303115	          0.51764432	          0.00944574	          0.02385231	         -0.10565832	          1.74244178	          0.80955981	          4.07483969	         -1.83141764	         -3.43727027	         -0.21512246	          3.40682120	          2.53767178	          0.06645809	          0.40581855	          2.27042337	         -0.00661983	         -0.00353302	
          5.02000000	         37.31550448	         59.26577735	         14.45002462	         18.07532012	         11.82495720	         12.64420386	         40.83399110	        115.43745995	        113.60970012	         31.74455440	         14.31319177	         25.56190628	         47.28690906	        113.63802189	         54.83524901	         40.65082506	         19.91984059	         54.84974661	        103.88025233	        182.19122527	         12.45691525	         45.25299436	         17.36843899	         26.35422956	        130.67245408	         50.73233010	        137.70961271	         43.43715481	        222.52248685	         62.15254519	         74.26956165	         55.26713113	         30.29782951	        233.19290480	         50.48206613	        338.37368095	         63.78077264	         25.02098624	         78.62053254	         38.68561414	         18.07920600	         28.70944579	          7.03964159	         17.58393948	          5.62362055	          6.69701362	         18.10859853	         25.34030776	         62.05473577	          7.32742984	         27.53075200	         41.92186185	         93.23552043	        895.80319148	         22.26689542	         18.27665774	         10.58700802	        759.16778875	        267.68431485	        162.95600367	        103.97170204	         74.54098830	         94.10222267	         16.06198500	        157.61598243	        144.66286928	        415.60694705	         64.64616077	        207.91472931	        436.46544622	         20.69383363	        141.06453635	         23.53975026	       1448.70099135	        139.78185027	         32.71282512	        113.71821390	         34.38413940	        164.12012707	         56.14893297	         -0.00337037	         -0.02553961	         -0.01744487	         -0.04034767	         -0.00423405	          0.10153818	          0.02907848	          0.29113343	          0.04032999	          0.01466641	          0.72379768	          0.00961540	          0.09759641	         -0.08473262	          7.17057200	         -7.61677024	          4.57912076	         -1.83804144	         -4.28981288	         -0.43361096	          4.12854711	          2.21197532	         -0.12950923	          0.47586070	          2.57447448	         -0.01962477	         -0.01747892	
          5.04000000	         36.15425567	         57.00773514	         14.13368471	         17.78893308	         11.45651352	          9.83446947	         43.07419687	        110.12158866	        115.83263921	         31.83741150	         14.10045210	         25.14707651	         50.28760380	        121.76806174	         62.04166832	         33.97006012	         19.53419808	         77.89110639	        128.70149838	        216.40722189	         14.64833440	         53.87344023	         23.65222356	         26.26093699	        136.30313956	         52.91535238	        138.37545799	         47.04501686	        221.39625302	         45.34401065	         79.35754979	         59.62965574	         32.10318798	        226.37501705	         56.61095030	        344.89277337	         63.08459091	         22.24129548	         69.56898464	         34.58378691	         17.94314649	         28.42002910	          6.96078242	         12.55673885	          5.55340440	          6.64099281	         16.90464614	         25.46669643	         61.27826592	          7.43803552	         28.81983200	         43.22627529	        137.86650894	        925.13124507	         60.24953919	         15.96047125	         10.22278485	        685.88661235	        406.22189376	        110.08468648	         82.81821752	        144.66801412	         64.83860205	         15.99355432	        139.69956035	        129.01339099	        391.34175258	         84.99841691	        210.91350304	        415.00789670	         29.61672213	        103.04469055	         19.88691444	       1567.53974466	        155.71389306	         34.66807028	        119.20497021	         34.88433287	        174.64125985	         57.39819242	         -0.00596721	         -0.01441263	         -0.02090572	         -0.04818931	          0.05983406	          0.10228115	          0.03436602	          0.31593516	          0.07114367	          0.02982876	          1.08210413	         -0.00741587	          0.13047503	         -0.07009229	         13.23782597	        -14.26597717	          2.67857785	         -1.12408406	         -5.27670875	         -0.74807272	          4.36356017	          1.84059682	         -0.32798725	          0.67027631	          2.89137016	         -0.03523710	         -0.03380247	
          5.06000000	         34.94329608	         54.67003782	         13.83095263	         17.47193649	         11.11100980	          9.30759432	         45.64359127	        103.39601471	        117.46889628	         31.48230349	         13.71813635	         24.47638323	         53.37354747	        130.41307103	         54.70798620	         26.91132214	         19.23667723	         78.21588118	        132.68751295	        226.37419675	         14.57452842	         55.94629243	         29.59531687	         26.86298959	        131.92996447	         52.20617151	        133.93957074	         50.02426430	        219.16856734	         57.68690756	         78.93786519	         65.10979585	         34.20034402	        218.64740256	         60.95264356	        347.65230298	         61.20946293	         19.89723733	         61.70301801	         31.05812158	         17.66493967	         27.93482578	          6.90724677	          9.20286963	          5.44886465	          6.49187234	         32.89732955	         25.62263304	         41.85288426	          7.76290888	         30.20145627	         44.50827622	        158.33493650	        834.13078823	         41.60530148	         57.80690256	         18.51536226	        828.89973630	        294.08373487	         77.52171759	         54.17615616	        102.99267087	         46.74321079	         15.86497631	        126.00077013	         79.09537284	        300.94325589	         59.72252322	        206.58353141	        281.94201859	         23.61580613	         41.57446258	         18.46077223	       1522.31916247	        155.73797749	         35.88622052	        124.73178561	         34.08698341	        162.62179010	         55.84680237	         -0.00574383	         -0.01049749	         -0.02136729	         -0.05353403	          0.07297583	          0.07814351	          0.03766004	          0.32711324	          0.05795044	          0.03337397	          1.58434684	         -0.04824381	          0.07215660	         -0.06157980	         18.40016461	        -16.41871194	         -2.29773099	          0.18048560	         -5.39149515	         -0.91372476	          3.30608455	          0.92978009	         -0.42387554	          1.00451069	          2.75090677	         -0.04192182	         -0.04130744	
          5.08000000	         33.63311179	         52.06011875	         13.56983234	         17.18149738	         10.79159636	          9.12536982	         48.64960903	        106.90871515	        120.12093692	         31.48783970	         13.10095095	         23.50714871	         56.62108240	        139.68012645	         39.01779439	         21.64759373	         19.12056926	         76.43738456	        135.61556566	        232.66053631	         14.94681614	         58.82695175	         37.23003813	         27.46479384	        152.79904323	         52.54277580	        126.63912253	         57.81532426	        233.78797871	        121.47793630	         82.77981162	         71.30221851	         36.49910347	        211.31841831	         61.72641239	        349.52613216	         57.93060241	         18.11057299	         55.57868438	         28.30525062	         17.70578700	         27.86590827	          7.01379845	          6.66930793	          5.52573873	          6.54036969	         24.37862602	         25.70893230	         29.48500795	          7.78267025	         30.70358775	         44.67325660	        128.91390100	        710.82533839	         29.35806779	         40.65672523	         13.59130404	       1023.35960585	        199.49455957	         57.17009917	        158.77937961	         71.64415938	         35.84677492	         15.82099528	        200.33997530	         63.37579488	        230.00382536	         47.35241355	        206.32904950	        196.49824622	         19.61743585	        342.22638058	         19.25825746	       1408.22536360	        113.55750321	         35.20815587	        127.52797567	         38.28660621	        207.55216098	         64.88764780	         -0.00219766	         -0.01556216	         -0.01478737	         -0.05720187	          0.03388902	          0.03637362	          0.03832117	          0.32152993	          0.00200845	          0.02889681	          1.95714323	         -0.10339320	         -0.03277100	         -0.05916141	         23.84224445	        -11.06873238	         -6.46826500	          1.30086327	         -4.92161610	         -0.96469642	          1.68288480	         -0.06268894	         -0.40808112	          1.27416188	          2.31001342	         -0.04444728	         -0.03833035	
          5.10000000	         32.21123123	         49.08606490	         13.37430540	         16.96502294	         10.51043402	          8.97333825	         52.20742243	         92.32289229	        124.25723317	         31.41421439	         12.36016988	         22.41012817	         59.67570728	        149.30959199	         28.45725578	         20.20688301	         19.21664745	         58.50181258	        108.81940286	        196.10895279	         13.42025417	         51.01737813	         40.05478165	         27.99957598	        158.47761352	         49.79234251	        114.94129327	         66.98056005	        247.18695391	        146.41734677	         74.30287705	         78.23231640	         38.96139073	        205.57463711	         58.53811214	        348.83493863	         53.85524026	         16.90675399	         51.33107763	         26.36614130	         17.70360355	         27.94238269	          6.99979583	         79.42454655	          5.57008807	          6.62448041	         18.67550593	         25.79718978	         21.10787244	          7.74770700	         30.51423842	         45.16459550	        131.99045699	        575.39700796	         21.32370327	         29.40010682	         10.41857708	        998.01825524	        136.36528893	         43.84804059	        308.55113538	         50.68971707	         28.80379902	         15.88262711	        411.57482832	         47.64468724	        158.45087403	         40.39365843	        206.12437663	        142.83398760	         16.97041881	        645.56514894	         32.55833338	       1334.12550491	        111.71157917	         32.92266675	        126.87583170	         43.93685286	        272.07077238	         77.04280298	          0.00287323	         -0.02734824	         -0.00105458	         -0.05990249	         -0.03007459	         -0.01267855	          0.03529599	          0.30119546	         -0.07092789	          0.02005659	          1.76853274	         -0.15046595	         -0.11535631	         -0.06217375	         25.73622556	         -8.74953711	         -9.06277136	          1.70634741	         -3.77626099	         -0.76928337	          0.06175867	         -1.03520355	         -0.31111712	          1.40036200	          1.64683863	         -0.03788017	         -0.02605609	
          5.12000000	         30.66211528	         45.75848001	         13.21076733	         16.79966964	         10.23352784	          8.83627824	         56.15358813	         76.99968355	        130.10052633	         31.88099354	         11.62478004	         21.37855773	         62.85929220	        159.46105534	         21.49620380	         20.49902286	         19.43790225	         52.58280547	         91.63061770	        165.26796991	         12.96849389	         44.12575505	         40.87332181	         28.39156665	        153.50450479	         48.00563793	        103.59133658	         80.58662949	        242.51259916	        140.43252027	         62.48888757	         85.63352595	         41.48597819	        201.91518659	         52.26426465	        348.58665654	         49.89517940	         16.23126013	         48.87492557	         25.18125919	         17.91865206	         28.34801142	          7.09097691	        104.91598905	          5.71395082	          6.78687781	         18.61766421	         25.88270731	         14.78361668	          7.33036723	         29.24753252	         44.38965933	        112.99350879	        502.05436247	         15.93356627	         21.87173599	         10.66536727	        963.48609738	         94.28407825	         34.87996054	        342.48169432	         36.76994651	         24.11636068	         16.08235590	        591.31353811	         40.73939668	        149.43302788	         35.90346480	        206.49584016	        108.56773797	         15.22328769	        706.25992927	         26.47236406	       1316.62258521	        108.37422010	         29.43970587	        122.19085090	         49.19005234	        319.80400726	         88.01139197	          0.00644544	         -0.04064547	          0.01449717	         -0.06363727	         -0.08576815	         -0.05450982	          0.03107508	          0.26787041	         -0.12995404	          0.01082914	          1.11471772	         -0.17256770	         -0.14581042	         -0.06898764	         19.81826753	         -8.54364353	        -10.23580359	          1.60635922	         -2.65653014	         -0.51034389	         -1.33717732	         -1.37798982	         -0.03216895	          1.37909560	          0.96597212	         -0.02964745	         -0.00382469	
          5.14000000	         29.07267974	         42.34273667	         13.08171245	         16.68891567	          9.98381978	          8.69704474	         60.29116552	         67.78890270	        135.95562041	         32.71518276	         11.04647484	         20.60175111	         65.97534085	        169.45232017	         17.17644883	         20.98975992	         19.72195344	         57.59493521	         87.61642581	        155.66374961	         13.36659736	         40.95084867	         43.27460309	         28.58793478	        145.86400624	         46.80510015	         96.34485907	         99.47762912	        232.21948146	        131.91464728	         54.82251087	         93.15727496	         43.93408102	        199.70979279	         46.72260252	        350.63781863	         46.85148160	         15.97655341	         47.89437881	         24.61277842	         18.06409239	         28.76138467	          7.15866531	         37.42140426	          5.82066402	          6.90147999	         18.98316640	         25.98095139	         16.98141353	          6.49935641	         26.74764770	         39.49791676	         91.84564027	        494.20286022	         12.24476037	         16.72366668	         10.86586822	        941.47051764	         66.63431241	         28.83502945	        298.71503013	         27.71666129	         21.06309649	         16.34251540	        634.76442831	         61.51353007	        173.94589032	         35.23444570	        207.12285333	         86.20154652	         14.12917600	        587.05200231	         22.13115452	       1310.44880145	        106.98335470	         24.67281310	        110.81436386	         54.46420171	        376.13745694	         99.15878311	          0.00712709	         -0.05113857	          0.02140821	         -0.06510469	         -0.10573308	         -0.08052412	          0.02945119	          0.22489043	         -0.15609301	          0.00557886	          0.55555201	         -0.16433278	         -0.13862188	         -0.07773847	         10.26052367	         -9.29636135	         -9.87210901	          1.30244175	         -2.13299958	         -0.36323395	         -1.97345263	         -0.84845661	          0.33658525	          1.28472143	          0.67957257	         -0.02534517	          0.01829570	
          5.16000000	         27.62058951	         39.23904834	         13.01299922	         16.66542316	          9.80764484	          8.61721108	         64.41425749	         56.99823584	        139.73074523	         33.22135728	         10.67632811	         20.10211820	         68.56404335	        178.01980782	         15.19732795	         21.27955912	         20.03522522	         51.97251470	         70.42651151	        123.03498184	         13.12827241	         35.32918684	         39.63547442	         28.61629431	        144.90019738	         45.46933935	         90.03758606	        114.80137676	        233.41907297	        138.95497614	         47.24202845	        100.46891076	         46.17627482	        197.58694660	         44.25449359	        354.85661196	         44.88503975	         16.06304857	         48.00131029	         24.53548036	         23.21160435	         28.92907979	          7.07482531	        216.35926186	          5.76324007	          6.85302663	         19.01199779	         26.09341062	         11.74337640	          7.33859331	         30.62373336	         63.80724507	        146.22234677	        351.38282235	         12.24649002	         16.72176043	         10.83990855	        950.67527209	         49.32475863	         24.76116712	        356.77354794	         21.91786928	         19.10740331	         16.52433707	        864.24439484	         41.82291794	        133.79457482	         36.66628135	        207.58737874	         71.23472083	         13.94569086	        500.43849940	         19.19056362	       1460.84677584	        113.30385996	         35.13038956	        155.47602884	         58.59865437	        409.95662250	        107.65428306	          0.00615197	         -0.05802303	          0.01338850	         -0.06121031	         -0.08144016	         -0.08664571	          0.03009792	          0.17674254	         -0.15523192	          0.00686189	          0.32302337	         -0.13660438	         -0.12194699	         -0.08702267	          4.59116065	        -15.40731726	        -10.82636692	          1.67121568	         -2.44345333	         -0.44902653	         -1.72612215	         -0.03053554	          0.54860807	          1.41865843	          0.91562880	         -0.03026509	          0.02608602	
          5.18000000	         26.29674807	         36.53573632	         12.97397251	         16.71634760	          9.65840555	          8.42273644	         68.33856624	         60.82358739	        141.77664752	         33.99326749	         10.42176649	         19.74267968	         70.22024559	        183.87924777	         15.01205967	         21.49009033	         20.32069794	         54.16107232	         72.89263127	        128.35090396	         14.55509364	         39.82889157	         45.94627757	         28.46425061	        172.70788306	         45.80280626	         92.62070781	        153.78214075	        263.15304851	        183.31715351	         53.66782353	        107.34644532	         48.14879480	        194.31512908	         51.19306239	        362.69869968	         43.60300828	         16.25302485	         48.64665266	         24.67062865	         19.27166209	         28.72077196	          7.03032768	        144.44332790	          5.67452287	          6.76957571	         18.95251187	         26.22257309	         10.81855383	          6.27831418	         27.96280728	         54.10476351	        125.82235590	        401.84217369	         12.22316840	         16.66432856	         10.70926504	        978.25342455	         25.03898384	         24.96379738	        374.35952075	         17.00160949	         19.44704139	         16.63046850	        596.56489818	         32.62282238	         49.15151964	         37.46642850	        207.94337349	         63.17839041	         14.06027276	        349.25114545	         19.28372447	       1440.86965273	        119.64077556	         27.17638699	        137.42393229	         64.55297342	        475.09427881	        120.39033341	          0.00427430	         -0.06246169	         -0.00128473	         -0.05362522	         -0.04413614	         -0.07239776	          0.03261279	          0.12830837	         -0.13901368	          0.01409515	          0.30718369	         -0.10551776	         -0.11246226	         -0.09608883	          5.39559031	        -23.19220777	         -7.07095323	          1.67594831	         -4.03594351	         -0.84506556	          0.69978020	          1.53782826	          0.46816939	          1.48563562	          2.00729989	         -0.05001827	          0.01512458	
          5.20000000	         25.19255831	         34.34275265	         12.99961084	         16.88263322	          9.57278992	          8.20372621	         72.03495059	         49.70049642	        142.24579173	         34.52178574	         10.25175936	         19.47199851	         70.73330794	        186.30825422	         15.04405758	         21.71855553	         20.61293654	         53.11200873	         98.77387062	        186.49425937	         16.38484329	         52.97885823	         65.71070002	         28.22505345	        225.85580196	         47.53238704	        100.80689581	        204.25302844	        318.19906220	        233.36874542	         69.91895146	        113.79782229	         49.90148867	        189.68402775	         64.62326586	        370.01504839	         42.75267984	         16.55027352	         49.60952590	         24.98423021	         17.77041948	         28.35297265	          6.95756103	         96.29466108	          5.56622992	          6.70105618	         19.10423920	         26.36450291	          8.93576061	          6.07916919	         26.58374893	         48.03644872	        116.41543471	        346.64589725	         12.37449886	         16.83560674	         10.71448337	        992.83995290	        369.25412764	         25.47988810	        258.44254151	         97.12568212	         20.14617426	         16.68301001	        421.11921825	         23.94543165	        167.23356147	         39.09500558	        207.90890011	         62.58537285	         14.62351195	        246.71966859	         19.29308864	       1381.96841799	        148.81095142	         22.07142057	        126.11197318	         67.46493682	        492.28122506	        126.33522856	          0.00221815	         -0.06578818	         -0.00973681	         -0.04292471	         -0.04847041	         -0.04446407	          0.03521615	          0.08382057	         -0.11511964	          0.02343189	          0.35367098	         -0.07724091	         -0.11266291	         -0.10448712	          9.94894681	        -23.80121180	          0.46230972	          1.12889566	         -5.97796210	         -1.31395734	          4.38398726	          3.18504324	          0.09590850	          1.40516132	          3.38136579	         -0.07242608	         -0.01069266	
          5.22000000	         24.36339416	         32.68748712	         13.09239343	         17.16339784	          9.55465529	          8.06813603	         75.45182738	         40.69962694	        140.84893174	         34.27301481	         10.16078065	         19.29275200	         70.18765525	        185.48353957	         14.86002173	         21.94456739	         20.91616427	         39.16046911	        112.32603620	        208.39182466	         18.61170487	         61.39595439	         74.29125475	         27.99186775	        269.36754944	         47.56388235	        105.81089773	        239.70365952	        366.66699451	        284.16719292	         74.14230077	        119.80325275	         51.47830454	        184.44275904	         74.08457280	        372.35802369	         42.24767997	         17.30431700	         50.24793390	         25.73732216	         17.59148841	         28.04254117	          6.92262478	         64.50906462	          5.51077742	          6.66540889	         19.26213026	         26.51097280	         13.56889904	          6.01890325	         26.19655628	         44.21558988	        113.13670078	        353.20695425	         12.51681500	         17.00522991	         10.74864546	        997.84090767	        534.70378382	         26.06838848	        282.59618345	        132.65672043	         21.18401881	         16.71953276	        308.66529510	         54.53542001	        178.67098594	         40.99172316	        207.75383424	         61.68378638	         14.79939762	        334.24394764	         19.38209594	       1220.42102889	        167.75654102	         21.17847768	        119.66314419	         72.72584706	        552.05481028	        137.77532444	          0.00126043	         -0.06790437	         -0.01174057	         -0.03182971	         -0.05565804	         -0.01017517	          0.03626577	          0.04521621	         -0.08536463	          0.03018119	          0.41383930	         -0.05312035	         -0.11612345	         -0.11199282	         14.87672136	        -22.23680397	          5.05362274	          1.01513694	         -7.04791157	         -1.61829728	          7.11828767	          3.89767789	         -0.38263323	          1.40691852	          4.21927632	         -0.08751272	         -0.03823157	
          5.24000000	         23.71759814	         31.39287801	         13.21240244	         17.51130391	          9.55511853	          7.96386460	         78.53398919	         34.81620017	        137.82700974	         33.44688635	         10.13162664	         19.19897477	         69.05440284	        182.55237634	         14.73796678	         22.17961183	         21.20668807	         29.45068357	        100.72232411	        209.12993578	         14.41566535	         63.04501840	         77.73995058	         27.76673503	        309.83529168	         46.91770064	        105.20948803	        257.48159490	        419.94685265	        278.78818848	         81.43595246	        125.34028078	         52.89387665	        179.63071578	         78.63609714	        369.76764176	         42.00323660	         25.13201738	         86.98312772	         37.69303710	         17.50062781	         27.89340431	          6.91708158	         43.62142796	          5.50601353	          6.66794725	         19.38814641	         26.65712017	         13.38741683	          6.03644480	         26.15901565	         43.41188448	        113.82033338	        346.23197428	         12.55029265	         17.05301902	         10.77113007	        995.51764070	        524.23757175	         26.34042846	        330.15414583	        129.08662872	         21.43532439	         16.76969160	        236.74953269	         44.24281474	        189.69166003	         42.61799223	        207.60351549	         60.77119470	         14.73266615	        492.53729539	         19.48520893	       1079.50819459	        178.62895351	         21.18900260	        117.46987256	         74.00236641	        560.22368916	        140.54060099	          0.00168965	         -0.06860132	         -0.00852531	         -0.02350048	         -0.05146852	          0.02261203	          0.03549200	          0.01522329	         -0.05403606	          0.03169202	          0.46821449	         -0.03503129	         -0.11403575	         -0.11833222	         18.12857017	        -19.29253981	          6.91218629	          1.01604563	         -7.10768911	         -1.68995889	          8.42733079	          3.86671641	         -0.77141308	          1.37451958	          4.45345030	         -0.09119305	         -0.05684813	
          5.26000000	         23.14878182	         30.27047200	         13.32665542	         17.88200917	          9.53776549	          7.84987259	         81.26002496	         31.16672888	        134.10992960	         32.66290713	         10.12293950	         19.14425999	         67.71665424	        178.72524686	         14.77169372	         22.45011148	         21.47321020	         22.99326918	         86.89370590	        208.00561265	         11.08815508	         62.80433406	         80.38904740	         27.52290766	        339.34813274	         45.93988238	        103.05086805	        264.52620629	        466.71044605	        266.90002059	         88.84161106	        130.41848605	         54.15191961	        175.80538908	         80.16226213	        365.17954359	         41.87066255	         28.76854140	        130.94770578	         46.76083486	         17.51228194	         27.92634284	          6.93288800	         29.84773840	          5.53878849	          6.69852704	         19.47434005	         26.80297859	         15.53996664	          6.11755994	         26.08523257	         43.31024916	        116.90248956	        356.17335574	         12.52169023	         17.02094533	         10.78083372	        989.76434279	        497.16139831	         26.44877676	        368.39325657	        112.23641797	         21.65832081	         16.84392593	        190.66389925	         54.38073205	        199.27096878	         43.70735320	        207.58850736	         59.72020383	         14.55595238	        647.76411410	         19.39991052	        993.78517330	        179.91863279	         21.47609402	        119.14687159	         69.84587407	        522.99559154	        132.06019101	          0.00286929	         -0.06818204	         -0.00278649	         -0.01930048	         -0.03916721	          0.04774683	          0.03285602	         -0.00510511	         -0.02420898	          0.02880200	          0.51375399	         -0.02489732	         -0.10088849	         -0.12337039	         20.19629535	        -15.05430360	          7.61483148	          0.87636003	         -6.71940778	         -1.64671554	          8.85553556	          3.44452576	         -1.04915651	          1.26705194	          4.40516040	         -0.08861583	         -0.06607500	
          5.28000000	         22.59809723	         29.20257908	         13.42554536	         18.25299237	          9.49542473	          7.72790971	         83.71908075	         29.18744841	        130.21171714	         31.92247169	         10.10585984	         19.07961676	         66.39738133	        174.83574821	         14.88107009	         22.75524573	         21.72960911	         19.22495260	         77.14902601	        195.72959631	          8.94613852	         60.00068378	         78.67646297	         27.25060924	        340.71145684	         45.01391590	         98.79816421	        257.75961976	        473.44516195	        252.00920771	         89.34368193	        135.16946030	         55.28511296	        172.88636752	         79.15028746	        359.60528821	         41.68991019	         31.05285647	        152.91510106	         51.40160153	         17.59191364	         28.08885421	          6.96764836	         20.72977470	          5.59186926	          6.74436023	         19.62128540	         26.93201135	         17.22586638	          6.22088691	         26.00392605	         43.06108858	        118.28499520	        382.57774851	         12.49543256	         16.99256413	         10.80849916	        979.18768855	        425.42064890	         26.48000147	        370.63615658	         97.72460067	         21.78207221	         16.94245038	        158.09361135	         61.39770125	        206.85011930	         44.33887832	        207.72275822	         60.85225518	         14.25327108	        644.31606591	         27.96912561	        985.47877353	        167.66340548	         22.01594349	        120.30673318	         63.28630709	        458.28486162	        118.31530437	          0.00367525	         -0.06744267	          0.00333797	         -0.01887683	         -0.02876364	          0.06140958	          0.02801912	         -0.01650133	          0.00440289	          0.02423971	          0.56145752	         -0.02373042	         -0.07555612	         -0.12717185	         18.44008999	        -12.61513827	          6.31546816	          0.74152899	         -6.22268071	         -1.52896423	          8.41631915	          2.73637871	         -1.16555699	          1.16639506	          4.17679671	         -0.08095967	         -0.06647786	
          5.30000000	         22.02728362	         28.11675359	         13.50136294	         18.59703739	          9.42843617	          7.60535066	         86.02179820	         28.85643942	        126.69449443	         31.28466809	         10.05006679	         18.95517661	         65.16759596	        171.22663839	         15.10976585	         23.12042709	         21.98717408	         19.90051189	         72.39869071	        172.72131002	          8.60175418	         54.78315248	         71.72442496	         26.94950309	        311.48999442	         43.92761009	         93.65032519	        241.65905471	        430.67870380	        230.82995598	         81.11620220	        139.69348570	         56.32549124	        170.39230749	         75.31757478	        353.46797351	         41.31228639	         31.21239336	        152.75938757	         51.49398989	         17.69719416	         28.29704927	          7.00322416	         14.65617503	          5.64784227	          6.79632249	         19.69822446	         27.03489768	         14.99586610	          6.39060867	         26.12475874	         43.12172256	        125.10014007	        395.90864147	         12.50977509	         17.01859436	         10.86782058	        980.39130669	        285.10347053	         26.52512838	        305.05546199	         70.48731225	         21.87771618	         17.06269342	        183.18932752	         50.61181173	        206.65106706	         44.91975046	        208.00376108	         42.17822174	         14.54064129	        444.74729992	         23.29421761	       1041.30230294	        160.14176069	         22.94060938	        121.69842461	         56.74371965	        402.34719156	        104.80758099	          0.00348729	         -0.06598415	          0.00778498	         -0.02116333	         -0.02840845	          0.06147061	          0.02240930	         -0.02082677	          0.03248866	          0.02066666	          0.63530237	         -0.03076348	         -0.04302316	         -0.13000181	         10.00673338	        -12.66778019	          2.04063182	          0.87492046	         -5.78131460	         -1.35432460	          6.84982549	          1.93850991	         -1.02536222	          1.14499007	          3.70509145	         -0.06885805	         -0.05840880	
          5.32000000	         21.45474158	         27.04692401	         13.55739380	         18.89163742	          9.35671759	          7.50941563	         88.28506278	         28.79632585	        124.05612496	         30.79372755	          9.94842704	         18.76073013	         64.05271860	        168.00149311	         15.48469231	         23.53158041	         22.25276855	         21.07977388	         79.96801244	        165.96971064	         10.56330790	         50.46288398	         66.42598006	         26.64008178	        260.85452419	         43.33017145	         89.70970612	        224.82253363	        361.62617690	        205.39351102	         70.35357080	        144.06390928	         57.29977014	        167.86207721	         69.53634927	        346.87943157	         40.71393221	         29.63736074	        135.92272996	         47.99618747	         17.80160872	         28.46748344	          7.06135265	         10.59472475	          5.70571206	          6.85978104	         19.87414955	         27.14579558	         13.40795360	          6.56098524	         26.40675887	         43.22269242	        131.21648170	        438.52977887	         12.61202001	         17.14992936	         10.96340122	        936.70959732	        193.53983682	         26.73508951	        204.53505702	         50.43687061	         22.09834684	         17.20690865	        300.18175043	         52.41692838	        205.58543430	         45.93160432	        207.81486297	        242.28275535	         20.33821084	        296.54245528	         20.20091799	       1028.21609398	        140.56577172	         24.03884515	        123.79170656	         47.50446936	        310.43915897	         85.21708338	          0.00234243	         -0.06260786	          0.00844257	         -0.02365697	         -0.03715248	          0.04781152	          0.01868921	         -0.01874547	          0.05557163	          0.01920270	          0.77483741	         -0.04173845	         -0.01739098	         -0.13209212	         -2.48355819	        -13.05210684	         -3.26198309	          1.30972799	         -5.46855849	         -1.18212339	          4.39655397	          1.27874693	         -0.62078028	          1.21423851	          2.99474886	         -0.05767878	         -0.04345447	
          5.34000000	         20.95083637	         26.11568533	         13.61533896	         19.14309153	          9.31630280	          7.46704481	         90.63269915	         28.81440056	        122.28321548	         30.17296179	          9.83179190	         18.54625802	         63.12599549	        165.31139933	         16.01861368	         23.95793601	         22.53565208	         28.89413658	         79.26575190	        151.47305021	         10.95236413	         43.54535615	         56.95112039	         26.36780261	        203.94388953	         42.59321930	         85.71045372	        215.20140762	        293.62329643	        179.40920249	         58.30594164	        148.37422849	         58.24314595	        165.36056491	         63.11600850	        339.90505116	         40.02764382	         27.50378536	        114.44592429	         43.50219068	         17.87197524	         28.50179456	          7.06802090	          7.86237411	          5.71963137	          6.89935627	         20.03744162	         27.23837651	         11.18242094	          6.75791957	         26.86246234	         43.20089176	        119.04081118	        420.81073625	         12.74838733	         17.33101260	         11.05509306	        800.27613006	        133.49436797	         27.05071412	        135.70940516	         37.27388654	         25.09195853	         17.33398826	        347.51053248	         54.51130882	        197.94979929	         47.06018166	        297.16465506	        442.90821812	         32.10752150	        212.76617180	         19.73015180	        977.32069004	        132.56760361	         25.04920892	        127.04143416	         42.04857099	        236.40280016	         73.36244591	         -0.00040591	         -0.05715018	          0.00568176	         -0.02313096	         -0.04773858	          0.02531984	          0.01709800	         -0.01237446	          0.06044846	          0.01822174	          1.01248921	         -0.05169912	         -0.01544272	         -0.13362318	        -12.63784569	        -14.15267402	         -6.64265093	          1.49816055	         -5.10101530	         -0.99771415	          2.16471842	          0.65138996	         -0.23851856	          1.18403410	          2.23425666	         -0.04783964	         -0.02992325	
          5.36000000	         20.53714346	         25.35917696	         13.68246501	         19.36611293	          9.30896177	          7.45501114	         93.13440897	         28.78522978	        121.69026582	         29.77332082	          9.71300051	         18.35028797	         62.51406138	        163.49072628	         16.40111296	         24.31777867	         22.83216085	         26.73303676	         79.75956822	        154.92737679	          9.96424900	         41.10894936	         55.84706059	         26.15999876	        191.54175277	         42.38056093	         83.52185718	        220.11963617	        281.70285825	        164.96902729	         56.86352356	        152.68462732	         59.17841040	        163.69487306	         59.48310390	        335.24878415	         39.36882238	         27.33841726	        113.07551207	         43.15765020	         17.60092325	         29.45264941	          7.03987550	          7.23750491	          5.67924895	          6.96527156	         20.26865291	         27.26642322	          8.49889477	          6.33790613	         27.51790537	         45.84981295	        161.00504773	        424.94912220	         13.02890766	         17.61348177	         11.17776150	        750.49100163	         93.75586961	         31.64161052	        142.50189122	         28.51660010	         25.03851057	         17.46784882	        462.62921489	         41.63784653	        182.89664154	         54.38211003	        284.54238112	        302.28045147	         25.53441650	        106.82793581	         19.79743725	        746.48885067	         91.76005575	         25.04489549	        131.31538345	         52.19002250	        360.59356047	         94.98775098	         -0.00514945	         -0.05149815	          0.00250067	         -0.01944729	         -0.05945246	          0.00187888	          0.01578911	         -0.00611730	          0.03958479	          0.01392630	          1.34878942	         -0.05959966	         -0.03708561	         -0.13471643	        -15.18812761	        -13.20674163	         -8.92348637	          1.69119060	         -4.83202279	         -0.92624026	          0.64546500	         -0.05994283	         -0.06064003	          1.09726603	          1.58938667	         -0.04438570	         -0.02136093	
          5.38000000	         20.22018560	         24.77263133	         13.77570562	         19.60134701	          9.33630978	          7.46468056	         95.84645734	         28.75218944	        122.25769147	         29.55383459	          9.61222464	         18.22030797	         62.36134847	        162.96954427	         16.52694136	         24.57096191	         23.15588788	         22.25337623	         73.58549256	        159.00807549	          8.37003382	         39.64708376	         57.09925798	         26.03232121	        198.24862313	         42.44281054	         82.26887132	        233.01605126	        296.13143122	        158.34065543	         60.33256668	        157.08429504	         60.13498436	        163.87927725	         57.95356768	        333.57531723	         38.85809627	         27.94522776	        119.76486269	         44.52733453	         41.91970222	         28.35119007	          7.12042613	          5.40842816	          5.72111447	          6.83054156	         20.59176283	         27.29571851	          7.35564647	          5.71900249	         27.82094118	         44.24262984	        141.48263445	        371.10235796	         13.06047583	         17.82911826	         11.31309909	        808.45270469	         67.30949283	         27.90583998	        132.80900969	         22.67061195	         23.37934533	         17.44820646	        531.41326531	         40.31334207	        150.41648712	         51.71295272	        255.26114132	        208.06931427	         20.99385407	        201.67701528	         19.65856622	        611.49850545	         64.18378155	         25.00197064	        135.09967293	         61.56141565	        430.84840843	        114.32924546	         -0.01130399	         -0.04767334	          0.00008940	         -0.01374427	         -0.06789924	         -0.01537814	          0.01243389	         -0.00344419	         -0.00009768	          0.00389698	          1.76222377	         -0.06537920	         -0.06977266	         -0.13534657	        -11.07995630	        -12.96198033	         -9.61766490	          1.60495873	         -4.53257916	         -0.87951400	          0.15180297	         -0.63537232	         -0.09176960	          0.96006864	          1.27683354	         -0.04148511	         -0.01789244	
          5.40000000	         19.99505686	         24.33501161	         13.88600853	         19.85444834	          9.38160878	          7.49564989	         98.64718910	         28.68875669	        123.79719615	         29.49735749	          9.55141709	         18.18759203	         62.69795189	        163.91460768	         16.36724732	         24.74013348	         23.48253097	         20.42932508	         58.52637816	        131.84221462	          7.35803208	         35.40036745	         49.57032701	         25.97528902	        208.49784197	         42.37994738	         79.80025646	        247.55697263	        316.46410574	        149.30088633	         59.83180959	        161.41854524	         61.08907550	        166.29233396	         56.27681634	        334.89492413	         38.59286700	         29.26741719	        132.47833545	         47.31312071	         31.73515321	         27.89214733	          7.22688704	        102.24098482	          5.75703425	          6.77986625	         20.91238709	         27.28687639	         60.46280384	         18.55581615	         28.11225830	         44.53569080	        131.26616411	        344.23711377	         13.27194885	         18.15425290	         11.48972790	        880.55130177	         49.75182407	         28.49429462	        139.75674329	         18.79652323	         23.88043105	         17.46628972	        782.21061640	         19.15217922	         93.92480466	         54.61610545	        235.48203080	        147.32889468	         17.96890578	        381.69039797	         37.02096090	        536.14021228	         44.09658638	         24.27700374	        138.80364691	         74.97269231	        556.60488623	        141.80295833	         -0.01719093	         -0.04447231	         -0.00110213	         -0.00841491	         -0.07637767	         -0.02307334	          0.00543649	         -0.00545175	         -0.04589014	         -0.01025160	          2.18421024	         -0.06770867	         -0.09562612	         -0.13557839	         -5.71185713	        -15.31313356	         -9.79388454	          1.30892349	         -4.17488517	         -0.76056590	          0.55237768	         -1.04348231	         -0.33352812	          0.90066516	          1.35768450	         -0.03430664	         -0.02605828	
          5.42000000	         19.79864653	         23.97301471	         13.96049333	         20.06376668	          9.39407652	          7.48533050	        101.16226554	         28.59443166	        126.37726274	         30.07392637	          9.52799468	         18.25016208	         63.44317280	        166.14792572	         16.16332310	         24.86577035	         23.73371643	         19.87825555	         46.94731825	        129.27845701	          6.97415222	         34.97456701	         51.82889614	         25.93100395	        236.88280042	         42.97791568	         80.04945238	        276.16396277	        358.85745715	        148.51462146	         66.78221852	        165.17516176	         61.91966259	        170.47173156	         57.82436565	        340.05830881	         38.62535290	         31.60078998	        154.88519377	         52.22734893	         24.64433838	         31.48753793	          8.03647301	         69.02930550	          7.52952923	          6.76067847	         21.11534067	         27.21913652	          4.20239769	          5.85498014	         27.98488497	         44.66506911	        127.97016252	        336.77902929	         13.44242087	         18.42152547	         11.63206652	        959.93484811	         38.26308441	         29.06632046	        130.61854084	         16.23022887	         24.49389668	         17.45594387	        839.66427739	         52.22826240	        166.21168642	         57.66092638	        221.84280254	        108.80725608	         15.95282019	        568.53910389	         30.99405195	        502.98447976	         37.55859993	        210.66122006	        141.52018253	         89.69032522	        687.40151453	        171.98648144	         -0.02063295	         -0.03895478	         -0.00199769	         -0.00603875	         -0.07514358	         -0.02189782	         -0.00366857	         -0.00936138	         -0.08722932	         -0.02403420	          2.56800990	         -0.06384248	         -0.11231787	         -0.13551841	         -1.30170707	        -17.36333345	         -7.94886918	          0.97979443	         -4.12372985	         -0.69911616	          2.00909574	         -0.86618797	         -0.70128291	          0.94656823	          1.88058755	         -0.03192853	         -0.04498316	
          5.44000000	         19.61292613	         23.67256415	         13.97336757	         20.18232953	          9.36009172	          7.42681927	        103.00418960	         28.49079406	        129.25794054	         30.99477785	          9.55418981	         18.40548889	         64.45250161	        169.23772186	         16.03707881	         24.90716537	         23.86136871	         19.56198439	         38.53950308	        138.06106991	          6.74394123	         36.94746794	         56.34905830	         25.85863784	        287.20045812	         43.91360976	         81.73203216	        319.45111341	        436.77044579	        158.61563136	         80.90660251	        167.84076699	         62.50114508	        175.49041409	         63.98311062	        348.40603351	         38.97176207	         34.93372847	        186.83661320	         59.25883318	         19.92863240	         26.71119539	          7.08772376	         46.79573592	          5.56355774	          6.67801420	         21.27010708	         27.10732359	        130.93837522	         42.99814923	         27.98417552	         45.10027093	        129.44004841	        343.20806413	         13.57385696	         18.62772131	         11.75550660	        976.30907614	         25.13706887	         29.56429724	        336.73427664	         14.98884809	         25.03921345	         17.42174619	        701.07327668	          7.88409513	        186.11771207	         60.55968727	        212.26483230	         84.19645153	         14.63398285	        701.14895655	         25.51887732	        501.03938926	         12.89660708	        174.94736726	        144.18517327	        101.08194484	        777.61648947	        194.55655743	         -0.02146711	         -0.03014745	         -0.00111338	         -0.00622819	         -0.06713471	         -0.01531017	         -0.01303910	         -0.01174720	         -0.11315014	         -0.03316273	          2.89529732	         -0.05281593	         -0.11396915	         -0.13539245	          3.27342663	        -18.66937631	         -3.99895961	          0.91362898	         -4.51503652	         -0.79309548	          4.53649674	          0.11997640	         -1.11689146	          1.11468336	          2.83401688	         -0.04047251	         -0.06845029	
          5.46000000	         19.42765047	         23.40788826	         13.92869964	         20.20383396	          9.28632124	          7.34211085	        103.92302953	         28.38980969	        131.77130623	         32.29617939	          9.61067499	         18.60524726	         65.55749285	        172.68614484	         16.02097062	         24.90976998	         23.86703098	         19.52802968	         33.21014166	        205.56834091	          6.53487715	         42.46006073	         79.83364333	         25.73979557	        341.73884482	         45.46710498	         87.72134965	        364.35146921	        552.81522325	        175.27112728	        109.46957686	        169.10678559	         62.76232599	        180.70789383	         72.05653480	        359.55439393	         39.48946631	         38.75526536	        225.91491385	         67.41722996	         16.80432287	         26.46438317	          7.11267801	         32.08147485	          5.57807733	          6.67696061	         21.34897105	         26.97017993	         97.48836400	          6.17025203	         27.81813381	         45.47017435	        137.60278872	        357.86099637	         13.61015931	         18.70933213	         11.84443899	        973.96704669	        224.94328149	         29.82753177	        359.17596700	         15.23467786	         25.30183711	         17.38286680	        581.19036873	        148.45715166	        246.01039290	         62.62005132	        205.45476241	         68.42525749	         14.28651400	        865.69559386	         21.86610596	        520.34306384	        146.16851500	        346.78260299	        146.42126737	        110.45840071	        856.65599753	        213.44064850	         -0.02176402	         -0.02022579	          0.00223310	         -0.00855891	         -0.04630730	         -0.00494752	         -0.02266684	         -0.01332798	         -0.11730150	         -0.03703829	          3.21502998	         -0.03983041	         -0.10643442	         -0.13536001	          6.69874972	        -18.77696294	          2.52346088	          0.81867904	         -5.26000094	         -1.02741105	          7.61111793	          2.03129409	         -1.37616570	          1.24393916	          4.05260815	         -0.05807389	         -0.08369705	
          5.48000000	         19.27115204	         23.20662899	         13.86164154	         20.17005026	          9.20890475	          7.28034166	        103.90903050	         28.29634351	        132.98748484	         33.32162398	          9.69466163	         18.82130964	         66.60244610	        176.02559989	         16.01299581	         24.88512279	         23.79336207	         19.72353702	         28.77492981	        252.15136566	          6.52093703	         46.43486503	         93.31629476	         25.57473392	        369.92303080	         46.42048428	         92.23247005	        388.57889609	        635.50638515	        185.72426395	        126.64737456	        169.00944347	         62.70931436	        185.76843464	         77.46018214	        369.76925142	         40.07308220	         40.68246399	        247.14043927	         71.47898316	         16.79228923	         26.40593334	          7.18743454	         22.40126254	          5.65618378	          6.71553062	         21.45606126	         26.80741786	        110.38273038	         67.66481892	         27.35397721	         45.63058166	        145.13271897	        380.24474019	         13.57953991	         18.71729466	         11.95269058	        957.89522182	        442.63031900	         29.80085801	        359.51132663	         15.23722568	         25.13339991	         17.35099482	        409.10282189	        160.24351471	        323.91247712	         63.35990033	        200.92588191	         57.33598672	         14.16645902	        706.39629906	         23.71504557	        561.92309964	         84.84809307	        338.84652108	        148.02434094	        110.30483021	        852.96353963	        212.09249844	         -0.02350671	         -0.01190020	          0.00911917	         -0.01069839	         -0.02077265	          0.00807604	         -0.03349952	         -0.01607925	         -0.10406522	         -0.03688258	          3.49942319	         -0.02873225	         -0.08847852	         -0.13538760	          7.33377101	        -20.91961395	          7.72116549	          0.90805817	         -5.82020359	         -1.23063679	          9.84577945	          4.12467027	         -1.34912449	          1.37195474	          5.02097214	         -0.07389694	         -0.08339490	
          5.50000000	         19.14428079	         23.06864088	         13.78461606	         20.10678641	          9.13558805	          7.20609797	        103.03066682	         28.20381008	        132.28862013	         33.62295045	          9.78944078	         19.01316898	         67.42096460	        178.78538683	         16.21220451	         24.86856251	         23.65630094	         20.19409781	         25.61460030	        173.39596240	          6.79676800	         34.03859765	         77.37405628	         25.36213340	        367.14960732	         46.00527437	         89.70021086	        374.54426050	        537.40735090	        189.08821432	        118.09341506	        167.67207020	         62.37101938	        190.31950812	         78.45785276	        375.36853351	         40.59426213	         38.67446915	        222.70839526	         66.80716330	         16.93318410	         26.51705864	          7.30220802	         16.00523188	          5.78289221	          6.78975548	         21.62638347	         26.59988078	         99.11959174	         42.31211629	         27.21457545	         45.77163369	        150.54691717	        397.20866497	         13.52075377	         18.70301889	         12.10262047	        968.60164253	        293.45730166	         29.51935749	        300.70223447	         25.26903807	         24.52899949	         17.34220265	        311.01085930	        120.99151405	        311.35136830	         62.69040438	        199.74037389	         58.69799233	         14.30769562	        487.39206884	         20.78545213	        600.14296631	         83.87296911	        339.11043836	        148.40651015	        111.13156683	        861.90764221	        212.37533686	         -0.02620173	         -0.00528113	          0.01837903	         -0.01187695	          0.00159593	          0.02325967	         -0.04410332	         -0.02110929	         -0.08545189	         -0.03350870	          3.52076739	         -0.02303011	         -0.06166067	         -0.13532466	          3.16127350	        -25.63566158	          8.15646765	          1.29408513	         -5.81102946	         -1.25389764	          9.91438310	          5.55173518	         -0.98460917	          1.50705231	          5.12085645	         -0.07828802	         -0.06834533	
          5.52000000	         19.09732412	         23.06137580	         13.68669203	         19.98778472	          9.07264912	          7.34115290	        101.21376182	         28.12498499	        130.11592649	         33.41826964	          9.86099288	         19.12174722	         67.84734485	        180.50031840	         15.81051271	         24.74246071	         23.43510520	         20.52907618	         21.25541884	        119.87554340	          6.80454386	         24.41718887	         53.01570745	         25.12391733	        279.89963488	         44.41647988	         83.16594722	        299.01387815	        498.56599963	        173.22583199	         81.62124565	        164.96234128	         61.73232727	        193.72483260	         64.21815578	        376.05848802	         40.88354066	         34.72159971	        181.73456004	         58.15046990	         17.22498632	         26.81455461	          7.46473777	         11.72282890	          5.96395751	          6.91885544	         21.83167443	         26.37514238	         78.24213091	         32.79449038	         27.09015742	         45.75338834	        153.59416786	        407.71048852	         13.45624597	         18.67471804	         12.26063538	        843.71782674	        196.00068965	         29.07219892	        199.37958141	         20.13000285	         23.62032492	         17.38660535	        501.75433060	         77.31764265	        246.29581715	         60.98053687	        199.27938316	         50.41361091	         17.42992524	        321.28395084	         20.40261219	        628.85690239	         73.15812590	        309.44457869	        147.08674286	        119.68718558	        933.95611101	        230.03045830	         -0.02625079	          0.00294412	          0.02642144	         -0.01353156	          0.01618008	          0.03954395	         -0.04903764	         -0.02626698	         -0.06913583	         -0.02633768	          3.16385559	         -0.02510644	         -0.03613404	         -0.13504736	         -4.00689575	        -28.97715775	          5.41449023	          1.51502088	         -5.29550840	         -1.10539015	          7.88214327	          5.69600468	         -0.47243470	          1.52205643	          4.20553698	         -0.07153614	         -0.04897682	
          5.54000000	         19.21035083	         23.27572917	         13.52058204	         19.73230079	          8.99726207	          8.64078144	         98.24199552	         28.03612084	        127.60018857	         32.96482404	          9.88464292	         19.11187149	         67.76810217	        180.79306295	         15.67927484	         24.54016558	         23.06593642	         21.03911388	         19.41415119	         84.54551314	          6.96759407	         18.03098277	         36.61665737	         24.86710891	        208.86916478	         42.79300477	         77.07022330	        226.56207470	        449.93200770	        157.62846766	         58.01211385	        160.54276618	         60.71166169	        195.08834043	         41.56781840	        372.88765020	         40.84326442	         31.80378377	        151.93348345	         51.76419105	         18.27717640	         27.82814094	          7.56160288	          8.80276105	          6.13324683	          7.10572481	         21.94175376	         26.20518315	         77.02820826	         29.18389685	         26.67055581	         45.45117210	        155.08849630	        413.78423887	         13.38781104	         18.60888330	         12.35956921	        643.04988743	        133.00644580	         28.60475681	        133.22692036	         22.36864516	         22.90470554	         17.48794281	        517.57766854	         75.83559537	        226.03156426	         58.84474568	        219.72485938	        152.08806722	         22.80688848	        236.44414303	         20.41202211	        649.87746682	         82.67349563	        320.58034118	        144.71268634	        112.52972055	        886.58303813	        215.16943380	         -0.02081816	          0.01549540	          0.03068965	         -0.01776865	          0.02197637	          0.05353982	         -0.04496526	         -0.02745677	         -0.05593735	         -0.01436734	          2.65208305	         -0.03314901	         -0.02276592	         -0.13452211	         -8.55719078	        -29.30385771	          4.03066622	          0.92320498	         -4.52491342	         -0.86418651	          5.39539135	          4.55088530	         -0.19049515	          1.27941873	          2.86958105	         -0.05855951	         -0.03971994	
          5.56000000	         18.91161839	         23.04926494	         13.18839065	         19.24639890	          8.74017081	          7.61404595	         93.95566338	         27.99630829	        125.76442817	         32.74656133	          9.82903806	         18.96703098	         67.08669176	        179.34154504	         15.75911009	         24.29619484	         22.43928185	         21.75911164	         20.12636332	         59.57143483	          7.30878910	         14.01356991	         28.81111080	         24.39400001	        195.11564217	         42.57837477	         76.17818203	        220.11060058	        364.14048946	        178.90623928	         58.01399042	        154.21503010	         59.21242469	        193.63068673	         52.03690626	        367.87963036	         40.46593629	         29.20568787	        124.77957333	         46.13047998	         17.99818857	         27.87169183	          7.62569536	          7.88971226	          6.22485905	          7.15204987	         21.97293030	         26.09766077	         81.38021552	         35.06172277	         26.19440242	         45.16024170	        155.95689346	        417.73890709	         13.28084629	         18.47985263	         12.38980395	        664.57472970	         92.24362451	         28.04486629	         98.63028768	         18.13811883	         21.79045648	         17.58208727	        373.42210353	         94.35531590	        232.24951957	         56.57128235	        209.61892910	        112.43522756	         19.10196520	         99.99713166	         20.46283832	        665.87324317	         57.81618887	        322.49094747	        142.30198718	        100.46330516	        783.43141044	        190.70890211	         -0.01122895	          0.03063531	          0.03239481	         -0.02581774	          0.02241344	          0.06215179	         -0.03560031	         -0.02400020	         -0.04396561	          0.00210063	          2.20902530	         -0.04220554	         -0.01663756	         -0.13389694	         -8.72171397	        -25.97263371	          2.34813188	          0.36093316	         -4.13711360	         -0.74121554	          2.86462411	          2.15086876	         -0.22281926	          1.03717107	          1.44438667	         -0.05113631	         -0.04279117	
          5.58000000	         18.64620997	         22.87721967	         12.78226017	         18.60047853	          8.45536797	          7.17079601	         88.75155062	         28.10714101	        123.93460351	         32.45534425	          9.74083112	         18.74308045	         65.88227378	        176.01346468	         15.67260577	         23.94250047	         21.69910827	         22.28178797	         20.61204581	        105.63422685	          7.51310193	         19.63226856	         49.66420164	         23.85440184	        210.28761475	         43.06751395	         78.62506018	        241.99585956	        373.02513990	        221.10135214	         66.95362592	        146.45943907	         57.33702851	        188.93230836	         64.78070379	        360.26628751	         39.91160980	         26.81928156	        102.35767803	         41.26772339	         18.25891882	         28.50049446	          7.69807431	          8.98312577	          6.32169367	          7.21589978	         21.94065423	         26.01484242	         70.88927391	         28.33247111	         25.80276166	         44.60904865	        156.16082870	        419.93779492	         13.12647817	         18.28629883	         12.38179802	        912.36565881	         63.07286785	         27.38816877	         80.02005022	         15.15517417	         20.74756707	         17.71825248	        371.02558617	         82.48591391	        213.72694904	         54.24380195	        203.30550631	         87.13845549	         16.56738883	        247.54267891	         20.99372326	        672.29486629	         40.33285082	        257.14916249	        139.95953801	         95.52773242	        737.49278360	        180.75975871	         -0.00110485	          0.04375228	          0.03456334	         -0.03491993	          0.02260717	          0.06316695	         -0.02687449	         -0.01796996	         -0.03106791	          0.02171564	          1.85638442	         -0.04639954	         -0.00481999	         -0.13337428	         -5.94854338	        -22.88457001	         -0.56237370	          0.06100162	         -4.23589511	         -0.72802002	          0.57134260	         -0.92593043	         -0.43757483	          0.86453276	          0.17057810	         -0.04711223	         -0.05062526	
          5.60000000	         18.28992882	         22.59598563	         12.34876399	         17.89342837	          8.14748840	          6.69263714	         83.25203810	         24.96742535	        120.23456496	         30.70825747	          9.68645364	         18.48736510	         62.89073757	        169.72588426	         16.17805973	         23.59969418	         20.92191390	         28.07627582	         29.77070348	        135.54879546	          9.51963407	         18.70850217	         54.97888936	         23.20710640	        240.80505697	         41.86983441	         76.85677827	        274.43561480	        420.69986541	        195.77788079	         86.64279401	        138.48584839	         55.22637474	        181.01815605	         58.88196318	        344.80403513	         39.33273826	         33.06399865	        102.91706961	         49.93616859	         18.62692653	         29.33952879	          7.69523450	          8.01919624	          6.40076988	          7.29641360	         21.83063158	         25.92259734	         49.10985281	         19.44194810	         25.99694222	         46.10451513	        156.70353890	        418.05164549	         12.94193910	         18.04718620	         12.36787626	        890.96531951	         73.67603960	         26.65290627	        274.93770890	         13.59903246	         19.76707639	         17.89616670	        426.74435161	         56.80515274	        170.80662668	         51.60606037	        199.66086284	         70.80534579	         14.87169273	        487.06970304	         20.96334876	        760.23817537	         32.59759791	        173.74014344	        138.47634183	         95.98431069	        750.64384453	        182.83006955	          0.00579701	          0.05071948	          0.03837074	         -0.04106957	          0.02930580	          0.05801321	         -0.02368001	         -0.01347027	         -0.01638782	          0.04264695	          1.53611210	         -0.04417010	          0.01948518	         -0.13309248	         -2.29289235	        -22.99112905	         -2.29125603	         -0.59612107	         -4.55760600	         -0.69292440	         -0.63177491	         -3.11622502	         -0.64543023	          0.60107278	         -0.44750903	         -0.03750663	         -0.05685466	
          5.62000000	         18.19420860	         22.55516098	         12.07191461	         17.31747236	          8.02671644	          7.03194971	         76.84755722	        108.73880239	        113.51759763	         29.25109091	          9.60775477	         18.32886201	         69.78486852	        167.96219519	         15.34453321	         23.36029850	         20.37751336	         23.46181733	         24.24187589	         95.13301475	          7.92377185	         14.33235809	         38.32663825	         22.74705320	        174.77298584	         39.13003757	         70.54235915	        250.09352818	        359.14012519	        161.51264423	         76.39502239	        123.94762786	         53.16056280	        170.53527989	         41.49481851	        333.98513655	         38.72111101	         23.99505313	         74.75480521	         36.45939801	         19.18249033	         30.35496384	          7.80587460	         11.28139635	          6.56005550	          7.42256587	         21.76166106	         25.81932106	         34.03385137	         13.67891558	         25.77891969	         45.84448782	        177.43537333	        509.27510611	         12.72053729	         17.77236014	         12.37990566	        931.72385880	         52.25832785	         25.74340656	        203.63252470	         12.66499348	         18.59199491	         18.11175588	        389.25706028	         40.30902952	        135.01608339	         48.28355554	        199.81416193	         61.72175775	         13.74834787	        422.52175203	         25.55134463	        861.41778325	         18.21369753	        118.16511853	        135.69401378	         88.47945946	        684.56787026	        167.31057135	          0.00748607	          0.05047463	          0.04311997	         -0.04372930	          0.04502366	          0.05181010	         -0.02857377	         -0.01541400	          0.00039370	          0.06196817	          1.21514737	         -0.04045046	          0.05821042	         -0.13342479	          3.32852219	        -21.45482149	         -2.56311423	         -0.80672932	         -5.16907122	         -0.74058128	          0.06528070	         -2.91231114	         -0.77776746	          0.56464441	          0.20742800	         -0.03252478	         -0.06329984	
          5.64000000	         18.62115271	         21.42863426	         11.92866068	         16.84650209	          8.42759711	         75.59293930	        108.32376637	         99.10446878	         99.86501818	         28.91205995	         10.02530167	         17.62086499	        108.11759003	        161.91052706	         15.67477374	         23.34436442	         21.21941452	         23.96152533	         20.65781690	         68.54162299	          8.01854011	         11.47192362	         27.21420863	         36.15902190	        132.04071575	         36.91207192	         65.82821476	        240.49590442	        386.38563851	        127.76853000	         63.78221011	        260.23935034	         66.53762960	        158.97408500	         28.97724063	        346.05857897	         38.50103248	         19.07917707	         57.23676971	         28.33525104	         19.69425866	         31.46801065	          7.93572233	          8.66168493	          6.74822402	          7.56965819	         21.66234919	         25.68445772	         23.76346425	          9.89450300	         25.69001897	         45.71787161	        154.08846478	        401.81988104	         12.51172154	         17.52747108	         12.44382107	        711.17431878	         38.03503044	         24.74796159	        135.42630061	         12.59730389	         17.29993938	         18.33651485	        414.70053028	         29.33248647	         95.31499230	         44.56076824	        200.90599449	         44.10642098	         14.30953502	        282.80379401	         21.93936855	       1343.94431917	         48.87408773	         81.38066521	        132.81185205	         73.76865381	        548.98115659	        137.02079363	          0.00453684	          0.04365724	          0.04849670	         -0.04416061	          0.06124259	          0.04796272	         -0.04153805	         -0.02391397	          0.01754179	          0.07542106	          0.90436585	         -0.03885120	          0.10818452	         -0.13465316	         10.87003498	        -18.72629245	         -1.88627478	         -0.01414185	         -5.84548441	         -0.89198735	          2.94356171	         -0.29224971	         -0.93404074	          0.92836871	          2.13324794	         -0.03914055	         -0.07515590	
          5.66000000	         43.15731579	         78.36650400	         11.68724184	         16.45967101	          8.26398877	         58.39911441	        393.93034133	         99.10635262	         70.61544453	         30.11577854	          6.24207512	         19.68550161	        106.16406623	        205.99911526	         15.01867812	         23.07660544	         18.91006730	         24.68333394	         20.81611843	         51.12967401	          8.28700533	          9.77881953	         19.98596110	         34.10162625	        104.65118987	         34.81618646	         61.10432497	        216.26380599	        438.02864836	         97.11873946	         63.04679176	        198.75199016	         61.84349973	        148.36446607	         20.48817572	        383.67042545	         32.78179145	         19.45870476	         58.28932635	         28.83054932	         43.22823484	         33.23490822	          8.29678031	          9.29849931	          7.16182877	          7.82258717	         21.83930806	         25.13966012	         16.86488119	          7.44426634	         25.60858649	         46.58935308	        221.84837160	        838.39386418	         12.31756574	         17.34344803	         12.55308643	        469.05261180	         28.54585302	         23.68969518	         90.14506058	         12.18115194	         15.84707307	         18.54102332	        300.50746065	         21.90217645	         74.48820543	         38.25828483	        238.35015200	        243.25779040	         14.11403227	        191.29980273	         20.63793258	       1107.56411491	         34.68364153	         57.07357508	        129.42622512	         74.36486014	        512.88947136	        133.97071996	         -0.00152459	          0.03224932	          0.05392726	         -0.04603421	          0.07294292	          0.04625118	         -0.06140372	         -0.03648538	          0.03159840	          0.07879912	          0.64680768	         -0.04143584	          0.15500897	         -0.13668132	         16.54836603	        -14.60653168	         -0.02852381	          1.29761572	         -6.17343976	         -1.04983845	          6.99414438	          3.73219919	         -1.01398275	          1.44538880	          4.55552962	         -0.05280822	         -0.08433707	
          5.68000000	         80.82913747	        131.45587947	         11.66485964	         16.15450027	         36.08809804	        108.18572913	        383.53446333	         86.90379925	         51.00417571	         26.93216405	         31.37208566	         11.16192549	        157.13238067	        170.48787250	         15.34192040	         23.23863968	         91.85721029	         25.39350519	         21.20278300	         39.69108134	          8.48733165	          9.95268866	         15.29386216	         50.32079598	         86.92140713	         33.87560097	         59.87868397	        240.61703842	        433.18710777	         72.94571014	         61.38054003	        168.89587011	         67.84872204	        141.37154672	         14.86511559	        414.70926685	         83.47773053	         19.86469029	         59.53479156	         29.38773869	         48.55708543	         90.43445295	         13.65559054	          8.74483648	         21.27779901	         24.64841726	         19.46512722	         26.88502850	         12.29764674	          5.96365783	         25.61500695	         46.27375350	        149.51271430	        617.41430865	         16.66019153	         19.42026187	         17.91698720	        311.26688937	         22.28592779	         27.17502881	         60.26506341	         13.21134272	         19.05950655	         25.52509127	        226.99864886	         19.24634286	         65.25834334	         68.06498123	        227.34390213	        194.82961755	         16.51380133	        123.97984453	         20.31910173	       1693.65936284	         26.58966044	         40.88198766	        125.55363750	         53.84779825	        356.92725870	         95.97450388	         -0.01000273	          0.01964680	          0.05834015	         -0.04942901	          0.07437653	          0.04094830	         -0.08692534	         -0.04991758	          0.04018102	          0.06914574	          0.47103286	         -0.04115224	          0.18684206	         -0.12627957	         19.42885279	         -9.94631677	          4.48090405	          1.91971813	         -5.98364290	         -1.11012430	         11.11426724	          7.67080530	         -1.00222323	          1.72408062	          6.68775285	         -0.06455743	         -0.08648906	
          5.70000000	        105.70503273	        185.36538588	         19.84983607	         15.85188348	         58.11928350	        119.44297316	        261.85117990	         64.00206491	         37.15276601	         20.08993994	          7.32138308	         91.96050349	        113.03554066	        145.05990170	         15.67028643	         23.42386014	        122.72840665	         26.11882738	         21.67618471	         32.16184299	          8.70627179	         10.25454494	         12.28206937	         39.60821302	         75.50558759	         33.60236204	         59.35153055	        242.76312315	        412.71133975	         49.20866599	         43.58273726	        138.45150966	         58.37578446	        133.93716172	         11.14941017	        357.37772323	        263.83547684	         20.20416805	         60.52462057	         29.89567952	         37.67608678	         68.61205617	         15.08352574	         23.66595343	         15.33100459	         17.61471511	         69.33542624	         24.87963036	          9.30308324	          5.34851904	         25.84474527	         46.46250665	        271.91885677	        478.94243890	         14.73003310	         23.13892634	         22.64031778	        196.07447460	         17.08719956	         22.88359490	         40.64874616	         11.30050122	         15.40073776	         22.54899556	        179.37983798	         17.81242284	         76.35043492	         51.73419868	        216.47129217	        145.29175688	         14.75900298	        102.46299099	         35.53442865	       1848.35693019	         19.77619307	         30.26702417	        122.73666136	         43.11471187	        267.31214407	         73.57723874	         -0.02082812	          0.01047050	          0.06040467	         -0.05337068	          0.06538260	          0.02994953	         -0.11709588	         -0.06337167	          0.04676935	          0.04782698	          0.38569415	         -0.02476535	          0.19991704	         -0.05504535	         21.64679188	         -5.05785477	         10.88506129	          1.05683435	         -5.34277979	         -0.99791128	         13.54908964	         10.12156413	         -0.82179368	          1.51541088	          7.76798469	         -0.06360047	         -0.07566368	
          5.72000000	         72.62298641	        123.47137335	         20.48347945	         16.49314660	         39.01377585	         79.20415124	        182.96380654	         48.90069760	         30.42003058	         15.64893320	         48.80509280	        106.16485020	         86.82629682	        123.21858656	         15.05267341	         23.25040494	         84.91298862	         26.77508588	         21.89731320	         26.58583353	          8.88694249	         10.45995543	          9.89244843	         31.76373070	         67.80262710	         32.52186098	         57.79737496	        180.59795776	        377.39892901	         69.68014960	         31.66554013	        116.47041191	         51.41732393	        174.39708509	          9.29723628	        262.43388123	        302.23057737	         27.51506442	         80.70655746	         39.68295004	         30.49943376	         54.37779055	         11.41609819	         17.51246607	         11.19971530	         12.83024580	         48.89824447	         23.97851480	          8.60943926	          5.38130465	         26.05305970	         45.72600564	        159.61797814	        594.79875311	         13.35613010	         18.33627672	         17.33695920	        209.60345664	         72.05603402	         33.96767250	         27.99401371	         17.02204566	         13.44401333	         20.49500369	        148.15863964	         46.89394966	         88.16570034	         40.86440325	        208.59906930	        113.86215393	         13.73713627	        231.37949620	         28.91113937	       1866.54307010	         21.40899066	         23.64685251	        119.93096464	         44.88594579	        238.89957746	         74.23635256	         -0.03303362	          0.00777656	          0.05817742	         -0.05803700	          0.05244541	          0.01722557	         -0.14929780	         -0.07063897	          0.06095591	          0.02065346	          0.39872837	          0.00979253	          0.20033907	          0.04907755	         22.67370761	         -5.83617767	         11.05534680	          0.43849685	         -4.23378463	         -0.72303247	         12.58063188	          9.88036204	         -0.51640402	          1.36056223	          7.31663010	         -0.05081360	         -0.05435182	
          5.74000000	         50.60121248	         83.26854371	         15.16841124	         15.09010563	         26.14693914	         52.47498102	        131.65218401	         39.37238995	         11.92122821	         11.12631181	         35.08708236	         75.86960357	         70.75622333	        148.79789563	         17.34551074	         24.89569885	         59.16695403	         28.53508053	         36.34525337	         79.78492828	          9.91483701	         17.37099300	         32.98905632	         26.24195977	         88.62980892	         30.99118783	         56.72197913	        158.19211557	        287.62446119	        251.90378192	         28.12073102	         99.91354595	         46.15244093	        187.78752340	          2.00848733	        258.36574695	        215.92235007	         21.51262550	         63.39401386	         31.47905908	         25.77375083	         45.01292772	          9.33801903	         14.01558156	          8.39081351	          9.60108227	         38.12950698	         23.30461598	          8.72453595	          5.50794058	         26.89203991	         46.54558775	        217.23064289	        458.82435689	         26.08017543	         57.05396197	         14.29058631	        290.62706585	         98.87847295	         39.01399031	         29.43948223	         14.69133035	         12.07081649	         19.01183516	        127.26515344	         14.75976607	        202.57870945	         33.62592387	        202.43794116	         97.45633966	         13.15519006	        217.67589085	         32.82886711	       1918.81099803	         17.33580647	         20.86367107	        121.40851928	         43.01411718	        206.87377578	         69.12597337	         -0.04461538	          0.01304193	          0.04979455	         -0.06541042	          0.04061573	          0.00379159	         -0.17904793	         -0.06504955	          0.09226065	         -0.00460147	          0.52427288	          0.05048587	          0.20415345	          0.06649645	         17.23861718	        -12.45491123	          8.62172592	         -0.34176990	         -3.36770351	         -0.45460119	          9.51863168	          8.19859863	         -0.12088605	          1.03841165	          5.97301227	         -0.03613414	         -0.02611588	
          5.76000000	         36.19825340	         57.67696277	         11.53701443	         14.42436402	         17.68400170	         35.08155780	         98.34648870	         33.15349082	        140.62597366	         20.46037239	         25.86096586	         55.02594735	         59.38930520	        131.34259485	         25.17678100	         24.90955813	         41.81554140	         34.90575244	         77.43429781	        151.36014583	         10.56928826	         33.86732263	         58.44917598	         22.38376846	         99.67720489	         29.99652792	         44.25414295	        201.55118812	        230.14554942	        389.61648067	         34.22984274	         89.43428026	         42.05369396	        158.23468177	        105.83108497	        145.62209278	        156.30861413	         22.94754936	         64.99335466	         33.15781186	         22.66994992	         38.61409561	          9.02827026	         10.87561357	          7.58413367	          8.05200665	         27.76881453	         22.48305639	          7.89501269	          5.83140787	         28.34054808	         47.85348335	        124.63862593	        542.44681647	         40.17322841	         41.36018881	         14.02080664	        346.05268945	        166.30186821	        108.62488449	         41.17451729	         29.05714012	         21.36508595	         18.34928739	        112.91828284	         80.55968442	        209.20667421	         27.62345644	        198.81984972	         70.54327533	         13.61341412	        141.84174267	         26.07829087	       1907.61107055	         16.93887445	         23.25253036	        126.37949899	         46.69702894	        235.76813521	         75.89281960	         -0.05510193	          0.02635789	          0.03519324	         -0.07162178	          0.03720680	         -0.01355392	         -0.20470707	         -0.04304430	          0.14195278	         -0.02320449	          0.83965361	          0.09891616	          0.21734399	          0.02602735	          6.24058151	        -23.43510212	          3.16199608	         -0.72175653	         -2.97043354	         -0.30848493	          5.37890453	          5.72529214	          0.23041803	          0.73783447	          4.21691436	         -0.02904719	         -0.00233632	
          5.78000000	         26.84806465	         41.54467610	          9.79344829	         13.63211259	         12.18859473	         23.83672925	         76.19922964	         29.59158364	        118.19453610	         17.08761750	         19.43400757	         40.66338481	         52.06710700	        124.86268127	         19.50293035	         23.15523168	         30.16051525	        117.90444939	        131.74817704	        205.69043995	         20.01037437	         55.04728864	         86.58776571	         19.67945723	        108.13098646	         33.39359951	        193.16496456	        238.00859550	        193.48075137	        471.38132636	         44.69812311	         84.17809652	         39.68400984	        153.19664676	         91.33673643	        267.59866941	        116.98088464	         21.38422443	         62.38264744	         31.39250003	         22.26851470	         34.88465457	          9.01904197	          9.75028531	          7.45381253	          7.87088562	         26.22254297	         21.63011483	         17.26247307	          5.97534036	         30.07801758	         48.99804234	        180.42754742	        483.91207971	         30.95289318	         40.92755924	         18.19786497	        349.70342465	        123.97085166	         78.35288163	         30.81748399	         43.48943942	         30.81099076	         17.77380053	        101.57309277	         50.66581965	        224.66271022	         48.98724009	        195.48132602	        216.90682001	         16.54232576	         92.94708658	         21.53580798	       1865.45871726	         78.21647115	         26.17753502	        135.05575264	         49.14952757	        248.17631970	         80.01590232	         -0.06815845	          0.04630856	          0.01708015	         -0.07280264	          0.04931378	         -0.03158061	         -0.22851310	         -0.00828484	          0.19973883	         -0.03438691	          1.61918028	          0.13808049	          0.22966154	         -0.01659929	         -5.89191776	        -34.73891413	         -3.50561080	         -0.59836464	         -3.37171262	         -0.38086745	          1.76540720	          3.40256921	          0.42559463	          0.51560910	          2.73739395	         -0.03453667	          0.00908557	
          5.80000000	         20.78024331	         31.30984450	          9.47668835	         12.93342409	          8.65200060	         16.55313152	         60.91605424	         28.99456790	        133.53048293	         41.37338637	         16.49318764	         33.11851901	         52.23526781	        129.70721041	         50.33314401	         26.08215965	         22.36178282	        185.46199610	        137.58205819	        189.49066482	         26.64983122	         50.99385645	         74.36832192	         17.81823286	         92.01840995	         53.34282706	        159.45050767	        215.16165569	        170.26150282	        427.76381971	         33.03277854	         80.31640675	         38.32764209	        159.44707138	         75.72481942	        279.25206210	         87.46967809	         20.72580306	         59.83131449	         30.42628132	         21.85199972	         32.99289875	          9.13458702	         10.04662666	          7.43524949	          7.73372807	         20.01787822	         20.69538747	         12.06567280	          6.67075640	         33.28992647	         52.36594090	         83.24439612	        494.36397435	         22.53699352	         30.14791629	         14.52707910	        242.59437695	         86.97782541	         57.04189232	         46.93899874	         30.98633850	         22.49453446	         16.98534274	        144.85810781	         25.99248793	        138.04889835	         37.24211746	        192.79551049	        420.07841143	         15.87500640	         62.46194205	         18.39062250	       1859.76372968	         54.29752080	         29.98899053	        147.97932391	         50.88601741	        237.33882503	         82.12629245	         -0.08977343	          0.06877651	          0.00310591	         -0.06655242	          0.07501258	         -0.04542627	         -0.25592202	          0.03103092	          0.24755551	         -0.04137581	          3.76432342	          0.13633850	          0.22604365	         -0.03648144	        -13.55137079	        -40.62859031	         -7.81418614	         -0.13589558	         -4.55860788	         -0.65990397	         -0.04295702	          2.07073408	          0.44427916	          0.34847012	          2.00140358	         -0.04923381	          0.00883487	
          5.82000000	         16.80768368	         24.76718661	          9.06867633	         11.52414787	          6.37435806	         11.77569749	         51.33979408	         27.28559984	        121.25203703	         30.78713105	          7.56680534	         15.33040741	         55.07997563	        136.89423056	         52.20954380	         88.34742567	         17.15687012	        224.51178962	        119.02732894	        130.18385483	         19.99233446	         46.63514159	         54.74380713	         16.78743754	         81.57744895	         43.03688648	        115.53042724	        145.87653419	        156.24654598	        324.94150835	         25.21339384	         65.88096758	         36.88721941	        166.49078749	         61.34765215	        305.23005691	         75.59367241	         24.35759510	         70.07812328	         35.89524655	         31.29922322	         56.77334177	          9.60755123	         10.64843155	          7.94178290	          7.89601037	         20.00863381	         19.57771176	         17.41364686	          7.03025349	         35.75111139	         53.39155650	        198.05915193	        299.59956576	         17.00099718	         23.16086639	         15.06555564	        166.54949530	         61.56598595	         42.55749198	         32.30095259	         22.16284789	         16.41374782	         16.15909558	        284.42951514	         25.17924439	        104.70610755	         28.75186250	        229.79496757	        408.15911114	         13.72337949	         43.83908742	         17.87067627	       1773.70034779	         37.91899586	         33.53207046	        160.42481463	         67.09407715	        387.10117335	        114.06930784	         -0.12262254	          0.08708957	          0.00160488	         -0.05340514	          0.10030277	         -0.05038239	         -0.29137349	          0.06578106	          0.26186707	         -0.05002110	          9.17469327	          0.07899599	          0.19217670	         -0.03792616	        -16.37277368	        -41.57715834	         -9.92484398	          0.73659528	         -5.53409677	         -0.92243668	         -0.61275651	          1.37014609	          0.36105124	          0.36181813	          1.66427765	         -0.06176689	          0.00283644	
          5.84000000	         14.50553847	         17.13318831	          9.23477944	         34.95308376	          6.15472449	          8.52970484	         32.06722212	         27.12920273	         46.95512285	         20.82231482	         44.32027126	         91.27279551	         58.65562825	        146.45006657	         36.24602835	         60.83788062	         14.85190084	        156.30024605	         82.65738119	         90.29072144	         33.03116428	         33.40465670	         38.07078839	         16.91775187	         97.29168036	         37.18205816	         91.98596183	         97.24224520	        148.66059784	        224.59348264	         19.92412687	        239.46580767	         36.61188711	        174.84665101	         42.62571522	        384.90248083	         12.48737109	         30.61082298	        146.36305124	         50.31944048	        122.32070691	        150.62274973	          9.65998498	         21.42261948	          7.83111307	          6.94107186	         19.60653738	         18.37704388	         15.63166037	          7.34679741	         37.33144892	         53.40052269	         35.06137734	        426.54263500	         13.41538178	         19.93143207	         15.02779233	        113.19810851	         44.26581989	         32.89741073	         22.02260109	         16.02679594	         12.09358605	         14.73653250	        233.51874879	         59.52704109	        189.49321412	         23.54667541	        232.68076156	        472.44667346	         11.98012473	         32.30377463	         17.69324278	       1538.68364838	         26.68971026	         36.41558230	        169.53402896	         80.07392312	        496.66307959	        138.78337744	         -0.16179754	          0.09617688	          0.01321299	         -0.03790083	          0.10990489	         -0.04439049	         -0.33155437	          0.08963580	          0.22812513	         -0.06309036	         17.38070459	         -0.01344592	          0.12326688	         -0.03091267	        -15.26706502	        -34.68465237	        -10.31140759	          1.86547074	         -5.74495160	         -1.05641001	         -0.68012256	          0.69653564	          0.21692445	          0.62788578	          1.36530462	         -0.06827350	         -0.00667170	
          5.86000000	         65.07308098	        154.26307736	         38.40286342	         53.78765517	         31.99804031	         17.32616399	        293.41022429	         27.47964922	         78.35611591	         30.38580694	          2.45886626	          2.42547747	         62.46688720	        158.15256655	         25.90893342	         43.14490740	         44.35289353	        108.68902331	         59.29268875	         64.64946976	         23.95877077	         24.75846113	         27.41196049	         24.44244771	         87.17311047	         33.54929403	         77.22734144	         65.20813535	        146.20900554	        152.83785647	         16.47686753	        257.08198896	         56.73320945	        184.49218731	         30.12587203	        374.47801499	        530.24702232	         32.31476666	        167.49660156	         54.92341593	        126.46416949	        351.37569574	         67.47618005	         17.38398631	         93.39325564	         90.38886428	         35.96330213	         17.12537092	         12.21056460	          7.58267837	         36.83199919	         50.97471362	        351.76224801	        251.23154492	         15.17214570	         22.40546345	        126.11314787	         76.84796422	         32.70629496	         26.63471977	         15.07114690	         11.86214382	          9.59074013	         43.32702428	        172.44798323	         51.10414740	        140.48945496	         14.04823601	        271.67745241	        794.91738763	         13.98765198	         24.94941733	         17.84867686	        991.53120284	         19.16767572	         38.78254466	        143.17764592	        103.96377850	        513.46948516	        186.66953637	         -0.19808281	          0.09382565	          0.03014037	         -0.02405597	          0.10071869	         -0.03233755	         -0.36637464	          0.09990650	          0.14923753	         -0.07820675	         19.62824764	         -0.10532712	         -0.00867144	         -0.02025042	        -12.42852871	        -17.54572960	         -8.90996727	          2.82239819	         -5.33160293	         -1.08892152	         -0.67392096	         -0.19679087	          0.04263086	          1.02123583	          0.93763425	         -0.07146317	         -0.01863276	
          5.88000000	        129.22712356	        289.60919295	         87.77323685	         27.91209050	         72.09386221	         42.83368399	        255.18148055	         27.84341023	         51.70149577	         36.46460346	        103.27843617	        275.72292603	         66.91137859	        172.13021281	         19.18176433	         31.71123886	        140.61126061	         77.59719746	         44.23492567	         48.09770167	         17.66226358	         19.12302130	         20.64274355	         37.38411449	         79.80557198	         31.87454474	         68.32382222	         44.54254901	        167.53907129	         99.05231377	         14.26716354	        466.97473787	         86.15683974	        196.02862720	         21.49361343	        459.48683905	        546.70342956	         40.03782534	        237.86126958	         71.79941087	        264.91755447	        563.09094443	         73.25772244	         17.20290767	        187.54142062	        140.63540270	         23.94404289	         15.74647282	         11.34836289	          9.95419842	         43.24284090	         71.30455281	        151.71730189	        168.89966675	         14.62852696	         22.08505320	        304.67117925	         52.66194091	         25.05327146	         22.60339782	         10.50885680	          9.07896252	          8.16591760	         48.09442735	        132.02948918	         40.58250185	        123.22133247	        218.88050003	        335.51054297	        986.18260445	         11.81798575	         25.42200138	         17.61598063	        694.82708269	         14.06973574	         21.13148836	        771.43046202	        109.72029431	        382.37826600	        179.67171446	         -0.22140621	          0.08165079	          0.04420397	         -0.01394984	          0.07576958	         -0.02027644	         -0.38247633	          0.09865793	          0.04818072	         -0.09011356	         12.16693506	         -0.16369344	         -0.20411164	         -0.01061589	        -11.38230207	          1.66594807	         -5.49226205	          2.81398576	         -4.40274327	         -0.96464799	         -0.41861200	         -1.14278044	         -0.18709773	          1.22500734	          0.43909060	         -0.06613240	         -0.03352795	
          5.90000000	         89.25813427	        201.82644377	         60.44434922	        116.43320409	         49.04438313	         29.25331981	        177.54748446	         28.22887813	         42.30845455	         11.63554648	         87.62708918	        262.56211357	         71.98352927	        187.92573928	         14.16629414	         21.24826650	         96.59096874	         60.74327382	         33.40477812	         37.25950313	         44.70068217	         15.40823753	         16.37838426	         29.80770191	        159.81807643	         31.93147117	         64.05811148	         33.39916561	        160.10327527	         77.85845082	         12.83991170	        529.16443970	         74.49156328	        209.00130449	         17.82016848	        526.10214177	        620.20753097	         47.89980454	        353.89769684	         90.13689493	        221.57379237	        515.58784964	         52.20596454	         17.69174661	        130.09901929	        171.46345918	        107.02687328	         14.23772948	          0.36090553	          4.56061689	         35.25384162	         55.27615374	        134.90661277	        125.94269722	         21.48230839	         53.44333515	        290.52191833	         36.78817566	         19.96571353	         22.56810877	          7.51822861	          7.45278764	          7.51439166	         82.20969801	         99.13507834	         32.95963889	         64.39461887	        245.27141856	        383.69949574	       1105.28016792	          9.98919960	         26.43628519	         18.30875243	        564.06674829	         11.35874007	        409.38481760	        413.70651587	         85.48383901	        291.82782470	        138.31030240	         -0.22480129	          0.06490022	          0.05323588	         -0.00809005	          0.04172229	         -0.01050920	         -0.37050080	          0.09072288	         -0.04070457	         -0.09400090	          4.61882130	         -0.18019859	         -0.35838601	         -0.01031623	         -9.39849134	         19.89778200	         -3.48272337	          2.46327623	         -3.27486259	         -0.77913375	         -0.28649988	         -2.22095252	         -0.42941689	          1.29430278	         -0.08589317	         -0.05699854	         -0.04577768	
          5.92000000	         62.15213922	        136.87655225	         41.73322597	         79.78253533	         33.37636575	         20.09271149	        126.85601091	         28.60750414	         12.80335928	         45.84432465	         66.85615663	        208.87963883	         76.72750287	        204.30495684	         62.15042809	        230.45336603	         67.01588246	        358.85380184	         56.26465181	         28.46140845	         42.82463981	         20.38396587	         11.84106211	         24.77228699	        128.76009307	         34.90750509	         63.27749516	         15.93066103	        154.81375584	          5.82076279	         12.25470738	        388.06785827	         59.43181830	        221.39401951	          3.57676692	        506.49176759	        587.04795233	         43.55672236	        280.43515140	         80.32820634	        153.24220838	        350.55414581	         37.55497365	         15.36403238	         89.46526385	        116.52994805	         77.27662827	         15.23594749	        173.90709951	         65.64594731	         28.76759173	         44.21891426	         94.36488787	         99.30939041	         16.89680604	         40.15217917	        201.70397697	         20.05402548	         14.46926821	         21.26959476	          5.43602023	          6.75077026	          6.07055722	         58.98969102	        171.18645738	          8.30294636	        128.95498203	        182.76958521	        419.81613638	       1029.71316223	         31.24919708	         27.83946788	         17.59281489	        452.05027999	          3.38806255	        449.84759559	        294.68675399	         69.53455138	        232.42486920	        110.76172967	         -0.21180642	          0.04910186	          0.05570488	         -0.00583792	          0.01098117	         -0.00664042	         -0.32618103	          0.07979502	         -0.09524849	         -0.08807197	          1.20854796	         -0.18904878	         -0.43022382	         -0.01508328	         -1.56068700	         30.69533195	         -9.21985836	          3.73153466	         -2.47059517	         -0.73431055	         -0.60942734	         -3.56294499	         -0.70328377	          1.80916964	         -0.45528333	         -0.05818802	         -0.05753561	
          5.94000000	         44.18309013	         93.48165841	         29.13421677	         54.86644353	         22.87293513	         13.96336636	         93.12170255	         28.95199368	        102.83863941	         31.16522578	         44.56901889	        109.58802058	         81.63048524	        219.39590589	         42.56400505	        149.38497866	         47.04424022	        538.66459270	        233.85442598	        172.21356531	         79.06031109	         81.65220901	         83.01362690	         21.49117917	        109.39197793	         38.34319307	         67.62794261	         94.96510684	        152.40299986	        385.89044864	         17.81239485	        313.00761152	         49.32598717	        231.95248000	        137.77163580	        507.30230707	        501.01209471	         38.65180909	        242.17026446	         69.60743823	        106.97698965	        240.66165056	         27.68525223	         16.30774017	         61.67224361	         79.42101835	         58.55984978	         52.08030031	        198.61327145	         57.55454305	         24.26928318	         37.48783251	         79.63990422	         81.53228681	         17.20307154	         31.38701089	        140.66808659	        307.73910390	        175.04384433	        178.87192990	         35.13052981	         49.06709887	         52.06378424	         43.54606345	        167.57174343	        158.47129043	        233.02957259	        140.78905269	        316.67920737	        363.37657971	         44.44434689	         15.56669402	         17.81318369	        366.76513568	        113.44825378	        456.69459172	        193.74149644	         59.16506679	        193.91715090	         92.65838782	         -0.19355004	          0.03514758	          0.05518020	         -0.00472264	         -0.02068344	         -0.00069123	         -0.24445615	          0.06999830	         -0.12261397	         -0.07609149	          0.24234310	         -0.18729633	         -0.37054721	         -0.02488289	          6.48684398	         35.26868434	         -6.14150168	          2.30410999	         -2.22250654	         -0.60082337	          0.16880475	         -3.26421348	         -0.75729239	          1.42479346	         -0.08186810	         -0.04823879	         -0.05332388	
          5.96000000	         32.46859793	         68.72630566	         20.88801533	         40.26736229	         15.92659708	          9.90502869	         70.13215664	         29.28733953	        102.56342129	         45.63964434	         42.03658480	        109.80956007	         80.86322842	        246.97429734	         78.64699853	        207.58745343	         34.00483528	        529.63314455	        197.16105891	        159.77830926	         68.81099401	         64.05769240	         57.43686160	         19.40926668	         97.33540753	         42.34138487	         76.60195752	         48.12373106	        152.87703092	        262.13517498	         15.47788292	         99.97291278	         43.09031750	        251.46429670	         81.76923738	        542.24636070	        473.82381430	         44.40807804	        238.36951242	         82.59421569	         76.03862806	        161.33556236	         21.25127748	         17.49345680	         43.03097792	         54.76570166	         44.23931718	        111.39276760	        180.10455890	         48.56315260	         21.49965995	         34.00444345	         56.71652852	         81.46829686	         16.64574079	         26.04090192	        101.15632419	        216.94868782	        125.64458577	        128.17676666	         26.86966152	         37.69624398	         38.33391096	         33.65944535	        226.92961032	        109.53870519	        236.84942955	        151.50456298	        275.02324819	        484.53549936	         60.64980480	        268.90184517	         41.23254683	        356.13940113	         68.49736163	        421.93557762	        174.69518635	         56.10563854	        171.09087913	         82.80251225	         -0.17623558	          0.02332924	          0.05071617	         -0.00460854	         -0.05429732	          0.01232808	         -0.14134385	          0.05875949	         -0.13847692	         -0.06262335	          0.05477955	         -0.20869906	         -0.28868786	         -0.02969275	         12.72418469	         36.89866310	         -4.54187155	          1.47216102	         -2.31908192	         -0.52728521	          1.40187654	         -2.42793059	         -0.82229315	          1.28923076	          0.75486551	         -0.04119291	         -0.05164517	
          5.98000000	         14.38543018	          4.94609895	          5.47832755	         10.10935308	          4.49504020	          2.58147566	         59.99001881	         24.73073863	          0.11378165	          8.12524028	         43.75308558	        145.12970193	        149.98016029	          1.80914117	         23.45395594	         77.59009817	          7.39230246	        393.33486441	        162.59265565	         75.44465417	         41.47604718	         38.71054481	         47.72607977	         14.87255010	         79.14245261	         26.56389333	          0.07243760	         81.26913835	        143.00958067	        182.62183018	         12.05533557	        467.70962037	         29.73558403	        130.36275480	         73.40013971	        316.48636111	        444.63570232	         25.72621407	        351.78550293	         30.15032747	         36.49675265	        123.39355302	          9.53800406	          9.14230099	         16.86930951	         21.80287571	         69.92318744	         41.12284494	         18.34996287	          9.55226974	         21.01596884	         32.13487130	         74.29250486	          0.50495324	          8.66310682	         11.87393950	         29.49832845	         40.89575352	         32.97290870	         46.54475118	         11.48029812	         13.68566137	          9.61559098	         17.91665048	        112.15573155	         67.19578867	        126.72765877	         41.67709692	        201.03579652	        283.55508580	         32.90068210	          0.90205532	         16.10328463	          1.04943243	         44.00801806	        184.07535551	        132.38329695	         34.16155177	         73.47687648	         43.05710861	         -0.16153496	          0.01344362	          0.04225793	         -0.00445945	         -0.08561028	          0.02635719	         -0.03657721	          0.04740183	         -0.15575193	         -0.05117267	          0.02016148	         -0.27322939	         -0.27061708	         -0.07546460	         18.22565858	         40.10370127	         -5.45814281	          1.34085987	         -2.19566192	         -0.44537472	          2.17325909	         -1.84723304	         -0.84372860	          1.35231809	          1.43385533	         -0.03310087	         -0.04810981	
