GRF_treadmill_walk01_pre_control_belt0.mot
version=1
nRows=200
nColumns=109
inDegrees=yes
endheader 
time	ground_force_SmoothSphereHalfSpaceForce_s1_r_vx	ground_force_SmoothSphereHalfSpaceForce_s1_r_vy	ground_force_SmoothSphereHalfSpaceForce_s1_r_vz	ground_force_SmoothSphereHalfSpaceForce_s1_r_px	ground_force_SmoothSphereHalfSpaceForce_s1_r_py	ground_force_SmoothSphereHalfSpaceForce_s1_r_pz	ground_torque_SmoothSphereHalfSpaceForce_s1_r_x	ground_torque_SmoothSphereHalfSpaceForce_s1_r_y	ground_torque_SmoothSphereHalfSpaceForce_s1_r_z	ground_force_SmoothSphereHalfSpaceForce_s2_r_vx	ground_force_SmoothSphereHalfSpaceForce_s2_r_vy	ground_force_SmoothSphereHalfSpaceForce_s2_r_vz	ground_force_SmoothSphereHalfSpaceForce_s2_r_px	ground_force_SmoothSphereHalfSpaceForce_s2_r_py	ground_force_SmoothSphereHalfSpaceForce_s2_r_pz	ground_torque_SmoothSphereHalfSpaceForce_s2_r_x	ground_torque_SmoothSphereHalfSpaceForce_s2_r_y	ground_torque_SmoothSphereHalfSpaceForce_s2_r_z	ground_force_SmoothSphereHalfSpaceForce_s3_r_vx	ground_force_SmoothSphereHalfSpaceForce_s3_r_vy	ground_force_SmoothSphereHalfSpaceForce_s3_r_vz	ground_force_SmoothSphereHalfSpaceForce_s3_r_px	ground_force_SmoothSphereHalfSpaceForce_s3_r_py	ground_force_SmoothSphereHalfSpaceForce_s3_r_pz	ground_torque_SmoothSphereHalfSpaceForce_s3_r_x	ground_torque_SmoothSphereHalfSpaceForce_s3_r_y	ground_torque_SmoothSphereHalfSpaceForce_s3_r_z	ground_force_SmoothSphereHalfSpaceForce_s4_r_vx	ground_force_SmoothSphereHalfSpaceForce_s4_r_vy	ground_force_SmoothSphereHalfSpaceForce_s4_r_vz	ground_force_SmoothSphereHalfSpaceForce_s4_r_px	ground_force_SmoothSphereHalfSpaceForce_s4_r_py	ground_force_SmoothSphereHalfSpaceForce_s4_r_pz	ground_torque_SmoothSphereHalfSpaceForce_s4_r_x	ground_torque_SmoothSphereHalfSpaceForce_s4_r_y	ground_torque_SmoothSphereHalfSpaceForce_s4_r_z	ground_force_SmoothSphereHalfSpaceForce_s5_r_vx	ground_force_SmoothSphereHalfSpaceForce_s5_r_vy	ground_force_SmoothSphereHalfSpaceForce_s5_r_vz	ground_force_SmoothSphereHalfSpaceForce_s5_r_px	ground_force_SmoothSphereHalfSpaceForce_s5_r_py	ground_force_SmoothSphereHalfSpaceForce_s5_r_pz	ground_torque_SmoothSphereHalfSpaceForce_s5_r_x	ground_torque_SmoothSphereHalfSpaceForce_s5_r_y	ground_torque_SmoothSphereHalfSpaceForce_s5_r_z	ground_force_SmoothSphereHalfSpaceForce_s6_r_vx	ground_force_SmoothSphereHalfSpaceForce_s6_r_vy	ground_force_SmoothSphereHalfSpaceForce_s6_r_vz	ground_force_SmoothSphereHalfSpaceForce_s6_r_px	ground_force_SmoothSphereHalfSpaceForce_s6_r_py	ground_force_SmoothSphereHalfSpaceForce_s6_r_pz	ground_torque_SmoothSphereHalfSpaceForce_s6_r_x	ground_torque_SmoothSphereHalfSpaceForce_s6_r_y	ground_torque_SmoothSphereHalfSpaceForce_s6_r_z	ground_force_SmoothSphereHalfSpaceForce_s1_l_vx	ground_force_SmoothSphereHalfSpaceForce_s1_l_vy	ground_force_SmoothSphereHalfSpaceForce_s1_l_vz	ground_force_SmoothSphereHalfSpaceForce_s1_l_px	ground_force_SmoothSphereHalfSpaceForce_s1_l_py	ground_force_SmoothSphereHalfSpaceForce_s1_l_pz	ground_torque_SmoothSphereHalfSpaceForce_s1_l_x	ground_torque_SmoothSphereHalfSpaceForce_s1_l_y	ground_torque_SmoothSphereHalfSpaceForce_s1_l_z	ground_force_SmoothSphereHalfSpaceForce_s2_l_vx	ground_force_SmoothSphereHalfSpaceForce_s2_l_vy	ground_force_SmoothSphereHalfSpaceForce_s2_l_vz	ground_force_SmoothSphereHalfSpaceForce_s2_l_px	ground_force_SmoothSphereHalfSpaceForce_s2_l_py	ground_force_SmoothSphereHalfSpaceForce_s2_l_pz	ground_torque_SmoothSphereHalfSpaceForce_s2_l_x	ground_torque_SmoothSphereHalfSpaceForce_s2_l_y	ground_torque_SmoothSphereHalfSpaceForce_s2_l_z	ground_force_SmoothSphereHalfSpaceForce_s3_l_vx	ground_force_SmoothSphereHalfSpaceForce_s3_l_vy	ground_force_SmoothSphereHalfSpaceForce_s3_l_vz	ground_force_SmoothSphereHalfSpaceForce_s3_l_px	ground_force_SmoothSphereHalfSpaceForce_s3_l_py	ground_force_SmoothSphereHalfSpaceForce_s3_l_pz	ground_torque_SmoothSphereHalfSpaceForce_s3_l_x	ground_torque_SmoothSphereHalfSpaceForce_s3_l_y	ground_torque_SmoothSphereHalfSpaceForce_s3_l_z	ground_force_SmoothSphereHalfSpaceForce_s4_l_vx	ground_force_SmoothSphereHalfSpaceForce_s4_l_vy	ground_force_SmoothSphereHalfSpaceForce_s4_l_vz	ground_force_SmoothSphereHalfSpaceForce_s4_l_px	ground_force_SmoothSphereHalfSpaceForce_s4_l_py	ground_force_SmoothSphereHalfSpaceForce_s4_l_pz	ground_torque_SmoothSphereHalfSpaceForce_s4_l_x	ground_torque_SmoothSphereHalfSpaceForce_s4_l_y	ground_torque_SmoothSphereHalfSpaceForce_s4_l_z	ground_force_SmoothSphereHalfSpaceForce_s5_l_vx	ground_force_SmoothSphereHalfSpaceForce_s5_l_vy	ground_force_SmoothSphereHalfSpaceForce_s5_l_vz	ground_force_SmoothSphereHalfSpaceForce_s5_l_px	ground_force_SmoothSphereHalfSpaceForce_s5_l_py	ground_force_SmoothSphereHalfSpaceForce_s5_l_pz	ground_torque_SmoothSphereHalfSpaceForce_s5_l_x	ground_torque_SmoothSphereHalfSpaceForce_s5_l_y	ground_torque_SmoothSphereHalfSpaceForce_s5_l_z	ground_force_SmoothSphereHalfSpaceForce_s6_l_vx	ground_force_SmoothSphereHalfSpaceForce_s6_l_vy	ground_force_SmoothSphereHalfSpaceForce_s6_l_vz	ground_force_SmoothSphereHalfSpaceForce_s6_l_px	ground_force_SmoothSphereHalfSpaceForce_s6_l_py	ground_force_SmoothSphereHalfSpaceForce_s6_l_pz	ground_torque_SmoothSphereHalfSpaceForce_s6_l_x	ground_torque_SmoothSphereHalfSpaceForce_s6_l_y	ground_torque_SmoothSphereHalfSpaceForce_s6_l_z	
          2.00000000	         -0.00329157	          0.00401385	         -0.00150431	          0.18198122	          0.00933300	         -0.90077948	          0.00000000	          0.00000000	          0.00000000	         -0.00000000	         -0.00000000	         -0.00000000	          0.32263379	          0.05016091	         -0.96979957	          0.00000000	          0.00000000	          0.00000000	         -0.00000000	         -0.00000000	         -0.00000000	          0.33336806	          0.04469052	         -0.87373793	          0.00000000	          0.00000000	          0.00000000	         -0.00000000	          0.00000000	         -0.00000000	          0.25724568	          0.02663844	         -0.88411205	          0.00000000	          0.00000000	          0.00000000	         -0.00000000	          0.00000000	          0.00000000	          0.38281200	          0.08404753	         -0.97545156	          0.00000000	          0.00000000	          0.00000000	         -0.00000000	          0.00000000	          0.00000000	          0.37088990	          0.08937505	         -0.87926711	          0.00000000	          0.00000000	          0.00000000	         23.37724752	        183.17911574	         11.76732600	         -0.31781649	         -0.00822621	         -0.95298429	          0.00000000	          0.00000000	          0.00000000	          9.07872487	         70.62407071	          0.54338073	         -0.14191319	         -0.00388919	         -0.93893497	          0.00000000	          0.00000000	          0.00000000	         33.10987508	        319.07472898	          3.87051445	         -0.16799081	         -0.01114336	         -1.03152130	          0.00000000	          0.00000000	          0.00000000	         29.28804026	        254.74278902	          9.83587173	         -0.24458475	         -0.00991780	         -0.99500954	          0.00000000	          0.00000000	          0.00000000	        -28.07454618	         65.88836408	         39.82912693	         -0.05440370	         -0.00591536	         -0.95849823	          0.00000000	          0.00000000	          0.00000000	         -6.30016604	         19.35704923	         12.52067532	         -0.08001398	         -0.01421320	         -1.05110391	          0.00000000	          0.00000000	          0.00000000	
          2.02000000	         -0.00874477	          0.01049690	         -0.00404856	          0.18593250	          0.00834554	         -0.89970301	          0.00000000	          0.00000000	          0.00000000	         -0.00000000	         -0.00000000	         -0.00000000	          0.32746241	          0.04860938	         -0.96825351	          0.00000000	          0.00000000	          0.00000000	         -0.00000000	         -0.00000000	         -0.00000000	          0.33685875	          0.04403902	         -0.87186409	          0.00000000	          0.00000000	          0.00000000	         -0.00000000	          0.00000000	         -0.00000000	          0.26092328	          0.02584801	         -0.88262987	          0.00000000	          0.00000000	          0.00000000	         -0.00000000	          0.00000000	          0.00000000	          0.39374945	          0.08009850	         -0.97385042	          0.00000000	          0.00000000	          0.00000000	         -0.00000000	          0.00000000	          0.00000000	          0.38659256	          0.08479869	         -0.87706443	          0.00000000	          0.00000000	          0.00000000	         13.20323634	        158.36965070	          0.55316363	         -0.31818375	         -0.00805168	         -0.95319543	          0.00000000	          0.00000000	          0.00000000	          5.31939667	         69.33786492	          2.48363449	         -0.14224983	         -0.00407590	         -0.93910216	          0.00000000	          0.00000000	          0.00000000	         30.26007409	        301.20547127	          8.36157682	         -0.16835641	         -0.01138531	         -1.03166295	          0.00000000	          0.00000000	          0.00000000	         21.42641130	        231.28790738	          3.52090131	         -0.24495218	         -0.00995121	         -0.99518543	          0.00000000	          0.00000000	          0.00000000	        -15.41673548	         54.65291930	         25.83317781	         -0.05425193	         -0.00465270	         -0.95964106	          0.00000000	          0.00000000	          0.00000000	        -13.82236320	         88.31710592	         42.26844398	         -0.07997324	         -0.01146221	         -1.05270046	          0.00000000	          0.00000000	          0.00000000	
          2.04000000	         -0.01743145	          0.02153241	         -0.00932023	          0.19018480	          0.00759155	         -0.89830147	          0.00000000	          0.00000000	          0.00000000	         -0.00000000	         -0.00000000	         -0.00000000	          0.33280342	          0.04721244	         -0.96608982	          0.00000000	          0.00000000	          0.00000000	         -0.00000000	         -0.00000000	         -0.00000000	          0.34072572	          0.04348486	         -0.86942327	          0.00000000	          0.00000000	          0.00000000	         -0.00000000	          0.00000000	         -0.00000000	          0.26493447	          0.02522174	         -0.88070466	          0.00000000	          0.00000000	          0.00000000	         -0.00000000	          0.00000000	         -0.00000000	          0.40346069	          0.07644481	         -0.97162639	          0.00000000	          0.00000000	          0.00000000	         -0.00000000	          0.00000000	         -0.00000000	          0.39929927	          0.08047287	         -0.87454448	          0.00000000	          0.00000000	          0.00000000	          5.22263217	        129.95432555	         -2.25578155	         -0.31833207	         -0.00754820	         -0.95320616	          0.00000000	          0.00000000	          0.00000000	          1.82037736	         64.12497347	          4.85779035	         -0.14233726	         -0.00402135	         -0.93939804	          0.00000000	          0.00000000	          0.00000000	         23.90423117	        276.95865273	         16.62143951	         -0.16866376	         -0.01133954	         -1.03189375	          0.00000000	          0.00000000	          0.00000000	         13.16774534	        202.61363143	          4.12965921	         -0.24518671	         -0.00967448	         -0.99530281	          0.00000000	          0.00000000	          0.00000000	         -9.64607426	         40.88290433	         18.22976038	         -0.05412761	         -0.00360350	         -0.96072126	          0.00000000	          0.00000000	          0.00000000	         -7.91527304	         86.38621680	         37.45642604	         -0.08022204	         -0.00928379	         -1.05397968	          0.00000000	          0.00000000	          0.00000000	
          2.06000000	         -0.03320676	          0.04384250	         -0.02146085	          0.19411858	          0.00690089	         -0.89667272	          0.00000000	          0.00000000	          0.00000000	         -0.00000000	         -0.00000000	         -0.00000000	          0.33810891	          0.04576415	         -0.96330578	          0.00000000	          0.00000000	          0.00000000	         -0.00000000	         -0.00000000	         -0.00000000	          0.34443581	          0.04274608	         -0.86642286	          0.00000000	          0.00000000	          0.00000000	         -0.00000000	          0.00000000	         -0.00000000	          0.26870297	          0.02453156	         -0.87838989	          0.00000000	          0.00000000	          0.00000000	         -0.00000000	          0.00000000	         -0.00000000	          0.41199750	          0.07293320	         -0.96856112	          0.00000000	          0.00000000	          0.00000000	         -0.00000000	          0.00000000	         -0.00000000	          0.40951790	          0.07630372	         -0.87132159	          0.00000000	          0.00000000	          0.00000000	         -0.51909397	        113.28518139	         -6.87894288	         -0.31825671	         -0.00688845	         -0.95302194	          0.00000000	          0.00000000	          0.00000000	         -1.38844845	         63.44378495	          6.90390173	         -0.14217653	         -0.00391100	         -0.93979688	          0.00000000	          0.00000000	          0.00000000	         20.70542177	        263.38663234	         22.65071940	         -0.16890082	         -0.01113021	         -1.03220959	          0.00000000	          0.00000000	          0.00000000	          7.44793415	        186.11401649	          2.06298908	         -0.24527953	         -0.00923418	         -0.99536315	          0.00000000	          0.00000000	          0.00000000	         -6.95774952	         33.71993348	         14.71189681	         -0.05390440	         -0.00278712	         -0.96185711	          0.00000000	          0.00000000	          0.00000000	         -3.19917331	         83.43004572	         34.18424006	         -0.08055803	         -0.00748254	         -1.05517652	          0.00000000	          0.00000000	          0.00000000	
          2.08000000	         -0.05246237	          0.10697718	         -0.04796450	          0.19718939	          0.00605052	         -0.89501882	          0.00000000	          0.00000000	          0.00000000	         -0.00000000	         -0.00000000	         -0.00000000	          0.34285433	          0.04402238	         -0.96004855	          0.00000000	          0.00000000	          0.00000000	         -0.00000000	         -0.00000000	         -0.00000000	          0.34747447	          0.04154536	         -0.86300796	          0.00000000	          0.00000000	          0.00000000	         -0.00000000	          0.00000000	         -0.00000000	          0.27169944	          0.02352638	         -0.87585936	          0.00000000	          0.00000000	          0.00000000	         -0.00000000	          0.00000000	         -0.00000000	          0.41923474	          0.06930935	         -0.96471926	          0.00000000	          0.00000000	          0.00000000	         -0.00000000	          0.00000000	         -0.00000000	          0.41746220	          0.07204459	         -0.86738454	          0.00000000	          0.00000000	          0.00000000	         -3.69611577	        104.40353279	         -9.39475032	         -0.31798927	         -0.00628643	         -0.95258180	          0.00000000	          0.00000000	          0.00000000	         -3.74298277	         68.50510868	          8.62328685	         -0.14180885	         -0.00395054	         -0.94020332	          0.00000000	          0.00000000	          0.00000000	         18.33030180	        256.03617833	         25.97223405	         -0.16908730	         -0.01089127	         -1.03253942	          0.00000000	          0.00000000	          0.00000000	          3.87969092	        177.52664260	          0.68942909	         -0.24525564	         -0.00880226	         -0.99530131	          0.00000000	          0.00000000	          0.00000000	         -5.52450649	         31.69391984	         12.87117986	         -0.05356924	         -0.00235325	         -0.96298179	          0.00000000	          0.00000000	          0.00000000	         -0.04835040	         77.49890809	         28.85161217	         -0.08090988	         -0.00610403	         -1.05627344	          0.00000000	          0.00000000	          0.00000000	
          2.10000000	         -0.04152218	          0.33220565	         -0.12884515	          0.19894605	          0.00492472	         -0.89349290	          0.00000000	          0.00000000	          0.00000000	         -0.00000000	         -0.00000000	         -0.00000000	          0.34658777	          0.04184628	         -0.95645090	          0.00000000	          0.00000000	          0.00000000	         -0.00000000	         -0.00000000	         -0.00000000	          0.34934927	          0.03978027	         -0.85930119	          0.00000000	          0.00000000	          0.00000000	         -0.00000000	          0.00000000	         -0.00000000	          0.27345091	          0.02209838	         -0.87325075	          0.00000000	          0.00000000	          0.00000000	         -0.00000000	          0.00000000	         -0.00000000	          0.42496674	          0.06540421	         -0.96022530	          0.00000000	          0.00000000	          0.00000000	         -0.00000000	          0.00000000	         -0.00000000	          0.42311977	          0.06756468	         -0.86283416	          0.00000000	          0.00000000	          0.00000000	         -2.73422148	        100.79086657	         -8.61583120	         -0.31765510	         -0.00584717	         -0.95199554	          0.00000000	          0.00000000	          0.00000000	         -3.40344485	         80.00335328	          8.34782320	         -0.14138278	         -0.00421815	         -0.94050438	          0.00000000	          0.00000000	          0.00000000	         18.07884021	        258.98029965	         22.42385535	         -0.16924246	         -0.01071403	         -1.03279640	          0.00000000	          0.00000000	          0.00000000	          4.35836068	        176.61893883	         -0.16987631	         -0.24518346	         -0.00847740	         -0.99513073	          0.00000000	          0.00000000	          0.00000000	         -4.47939803	         34.78335685	         11.31335953	         -0.05321015	         -0.00231456	         -0.96390869	          0.00000000	          0.00000000	          0.00000000	          1.16232779	         71.03892184	         20.91574959	         -0.08122481	         -0.00512160	         -1.05713303	          0.00000000	          0.00000000	          0.00000000	
          2.12000000	          0.28395679	          1.18727979	         -0.36610179	          0.19918552	          0.00353089	         -0.89223244	          0.00000000	          0.00000000	          0.00000000	         -0.00000000	         -0.00000000	         -0.00000000	          0.34911464	          0.03918573	         -0.95265411	          0.00000000	          0.00000000	          0.00000000	         -0.00000000	          0.00000000	         -0.00000000	          0.34978534	          0.03750038	         -0.85543810	          0.00000000	          0.00000000	          0.00000000	          0.00000001	          0.00000003	         -0.00000002	          0.27371606	          0.02027921	         -0.87070040	          0.00000000	          0.00000000	          0.00000000	         -0.00000000	          0.00000000	         -0.00000000	          0.42915730	          0.06112924	         -0.95524026	          0.00000000	          0.00000000	          0.00000000	         -0.00000000	          0.00000000	         -0.00000000	          0.42654275	          0.06285781	         -0.85783221	          0.00000000	          0.00000000	          0.00000000	          2.21189204	         98.71120323	         -3.13811420	         -0.31743240	         -0.00557498	         -0.95152112	          0.00000000	          0.00000000	          0.00000000	          1.53450204	         97.84935716	          4.76003346	         -0.14110105	         -0.00470680	         -0.94062015	          0.00000000	          0.00000000	          0.00000000	         19.57871809	        279.46647751	         12.69741526	         -0.16938176	         -0.01071821	         -1.03291542	          0.00000000	          0.00000000	          0.00000000	          8.75858418	        183.06705907	          1.15433663	         -0.24515427	         -0.00832535	         -0.99495002	          0.00000000	          0.00000000	          0.00000000	         -3.35415052	         43.08530713	          8.75408080	         -0.05296419	         -0.00259662	         -0.96443973	          0.00000000	          0.00000000	          0.00000000	          0.24675335	         67.50313339	         12.57176300	         -0.08146539	         -0.00449607	         -1.05760821	          0.00000000	          0.00000000	          0.00000000	
          2.14000000	          1.93209329	          3.68426200	         -0.69866910	          0.19807610	          0.00201512	         -0.89144621	          0.00000000	          0.00000000	          0.00000000	         -0.00000000	          0.00000000	         -0.00000000	          0.35059801	          0.03610700	         -0.94891475	          0.00000000	          0.00000000	          0.00000000	         -0.00000000	          0.00000000	         -0.00000000	          0.34889570	          0.03488689	         -0.85168352	          0.00000000	          0.00000000	          0.00000000	          0.00000018	          0.00000030	         -0.00000017	          0.27263413	          0.01823629	         -0.86844509	          0.00000000	          0.00000000	          0.00000000	         -0.00000000	          0.00000000	         -0.00000000	          0.43207666	          0.05650306	         -0.95006007	          0.00000000	          0.00000000	          0.00000000	         -0.00000000	          0.00000000	         -0.00000000	          0.42807485	          0.05803432	         -0.85268593	          0.00000000	          0.00000000	          0.00000000	          6.51224641	         92.40116208	          4.80275022	         -0.31739122	         -0.00535695	         -0.95144107	          0.00000000	          0.00000000	          0.00000000	          8.78654101	        119.94012987	          0.76991284	         -0.14104678	         -0.00534963	         -0.94061390	          0.00000000	          0.00000000	          0.00000000	         19.85241309	        316.80482028	          5.27491762	         -0.16947878	         -0.01100486	         -1.03295273	          0.00000000	          0.00000000	          0.00000000	         12.70958461	        191.84379536	          6.68574121	         -0.24518665	         -0.00834481	         -0.99492952	          0.00000000	          0.00000000	          0.00000000	         -2.89070869	         56.40368121	          6.32665070	         -0.05287255	         -0.00310295	         -0.96458129	          0.00000000	          0.00000000	          0.00000000	         -2.34738268	         68.44689272	          7.58455938	         -0.08158185	         -0.00420240	         -1.05773738	          0.00000000	          0.00000000	          0.00000000	
          2.16000000	          5.59244717	          7.46246005	         -0.58746338	          0.19593406	          0.00061347	         -0.89125571	          0.00000000	          0.00000000	          0.00000000	         -0.00000000	          0.00000000	         -0.00000000	          0.35130627	          0.03275727	         -0.94548830	          0.00000000	          0.00000000	          0.00000000	         -0.00000000	          0.00000000	         -0.00000000	          0.34700354	          0.03217232	         -0.84831380	          0.00000000	          0.00000000	          0.00000000	          0.00000219	          0.00000282	         -0.00000130	          0.27052668	          0.01620683	         -0.86668365	          0.00000000	          0.00000000	          0.00000000	         -0.00000000	          0.00000000	         -0.00000000	          0.43407190	          0.05161367	         -0.94502051	          0.00000000	          0.00000000	          0.00000000	         -0.00000000	          0.00000000	         -0.00000000	          0.42820905	          0.05324349	         -0.84774710	          0.00000000	          0.00000000	          0.00000000	          7.61138832	         76.32682254	          9.99423296	         -0.31745320	         -0.00498668	         -0.95188319	          0.00000000	          0.00000000	          0.00000000	         15.80033381	        141.26131404	         -1.35991873	         -0.14114735	         -0.00603639	         -0.94063900	          0.00000000	          0.00000000	          0.00000000	         20.18039516	        362.08071656	          2.70986908	         -0.16949624	         -0.01156629	         -1.03303373	          0.00000000	          0.00000000	          0.00000000	         14.75277502	        194.01880152	         13.66812832	         -0.24522375	         -0.00843120	         -0.99519490	          0.00000000	          0.00000000	          0.00000000	         -3.51027705	         73.32466074	          5.43068313	         -0.05286226	         -0.00373849	         -0.96453683	          0.00000000	          0.00000000	          0.00000000	         -5.42808557	         73.00039665	          6.09233390	         -0.08154319	         -0.00418523	         -1.05772332	          0.00000000	          0.00000000	          0.00000000	
          2.18000000	         11.11965365	         12.29208017	          0.06089443	          0.19298254	         -0.00042973	         -0.89159556	          0.00000000	          0.00000000	          0.00000000	          0.00000000	          0.00000000	         -0.00000000	          0.35136736	          0.02930981	         -0.94249818	          0.00000000	          0.00000000	          0.00000000	          0.00000000	          0.00000000	         -0.00000000	          0.34438848	          0.02956539	         -0.84547345	          0.00000000	          0.00000000	          0.00000000	          0.00001619	          0.00001891	         -0.00000640	          0.26764999	          0.01441877	         -0.86545526	          0.00000000	          0.00000000	          0.00000000	         -0.00000000	          0.00000000	         -0.00000000	          0.43532502	          0.04657398	         -0.94035297	          0.00000000	          0.00000000	          0.00000000	         -0.00000000	          0.00000000	         -0.00000000	          0.42734441	          0.04861090	         -0.84326111	          0.00000000	          0.00000000	          0.00000000	          4.96721053	         50.11737259	          8.93704679	         -0.31746926	         -0.00422897	         -0.95277905	          0.00000000	          0.00000000	          0.00000000	         18.85231930	        155.54231301	         -1.19302649	         -0.14126566	         -0.00663832	         -0.94079319	          0.00000000	          0.00000000	          0.00000000	         19.79423968	        400.45642044	          3.39491041	         -0.16941610	         -0.01227296	         -1.03322327	          0.00000000	          0.00000000	          0.00000000	         13.01350035	        180.55657180	         17.12514354	         -0.24518542	         -0.00840156	         -0.99574252	          0.00000000	          0.00000000	          0.00000000	         -5.74063069	         91.72257101	          6.88939009	         -0.05282234	         -0.00441643	         -0.96450284	          0.00000000	          0.00000000	          0.00000000	         -8.35953017	         79.19899555	          6.97624585	         -0.08134535	         -0.00434109	         -1.05774194	          0.00000000	          0.00000000	          0.00000000	
          2.20000000	         14.23394062	         15.35185304	          1.07165489	          0.18924175	         -0.00095251	         -0.89238343	          0.00000000	          0.00000000	          0.00000000	          0.00000000	          0.00000000	         -0.00000000	          0.35066743	          0.02590652	         -0.94003540	          0.00000000	          0.00000000	          0.00000000	          0.00000000	          0.00000000	         -0.00000000	          0.34112519	          0.02719148	         -0.84326193	          0.00000000	          0.00000000	          0.00000000	          0.00007317	          0.00008003	         -0.00001741	          0.26405768	          0.01301541	         -0.86476782	          0.00000000	          0.00000000	          0.00000000	         -0.00000000	          0.00000000	         -0.00000000	          0.43574561	          0.04148279	         -0.93624703	          0.00000000	          0.00000000	          0.00000000	         -0.00000000	          0.00000000	         -0.00000000	          0.42562426	          0.04419861	         -0.83942157	          0.00000000	          0.00000000	          0.00000000	          1.56031375	         22.38772340	          4.45166830	         -0.31726993	         -0.00290575	         -0.95397041	          0.00000000	          0.00000000	          0.00000000	         16.67139989	        159.27605625	          0.07562940	         -0.14125872	         -0.00704963	         -0.94108790	          0.00000000	          0.00000000	          0.00000000	         15.87209050	        420.48347545	          4.85416643	         -0.16921640	         -0.01294669	         -1.03351101	          0.00000000	          0.00000000	          0.00000000	          7.76830362	        150.55447879	         16.04287809	         -0.24497931	         -0.00807530	         -0.99648658	          0.00000000	          0.00000000	          0.00000000	         -9.70496104	        109.94162269	          9.68931181	         -0.05264109	         -0.00507711	         -0.96457281	          0.00000000	          0.00000000	          0.00000000	        -11.28609475	         85.11261768	          8.55984077	         -0.08096957	         -0.00456188	         -1.05786564	          0.00000000	          0.00000000	          0.00000000	
          2.22000000	         12.95021444	         13.43322119	          1.53298207	          0.18434133	         -0.00096043	         -0.89361256	          0.00000000	          0.00000000	          0.00000000	          0.00000000	          0.00000000	         -0.00000000	          0.34869231	          0.02258101	         -0.93818331	          0.00000000	          0.00000000	          0.00000000	          0.00000000	          0.00000000	         -0.00000000	          0.33684198	          0.02504121	         -0.84175654	          0.00000000	          0.00000000	          0.00000000	          0.00021893	          0.00022554	         -0.00002316	          0.25938359	          0.01198782	         -0.86465594	          0.00000000	          0.00000000	          0.00000000	         -0.00000000	          0.00000000	         -0.00000000	          0.43481099	          0.03636051	         -0.93283925	          0.00000000	          0.00000000	          0.00000000	         -0.00000000	          0.00000000	         -0.00000000	          0.42269948	          0.03996730	         -0.83635925	          0.00000000	          0.00000000	          0.00000000	          0.11865854	          4.78939498	          1.04106698	         -0.31673255	         -0.00097048	         -0.95536157	          0.00000000	          0.00000000	          0.00000000	         11.95465311	        153.73209524	          1.36293956	         -0.14104552	         -0.00722221	         -0.94149357	          0.00000000	          0.00000000	          0.00000000	          7.84813757	        424.17325131	          6.49688904	         -0.16887267	         -0.01346525	         -1.03386516	          0.00000000	          0.00000000	          0.00000000	          2.22928992	        113.49153435	         13.34964623	         -0.24453327	         -0.00736588	         -0.99736293	          0.00000000	          0.00000000	          0.00000000	        -14.66088513	        127.08349605	         11.98001496	         -0.05225896	         -0.00569106	         -0.96474102	          0.00000000	          0.00000000	          0.00000000	        -14.65726697	         90.16994196	          9.63260948	         -0.08038399	         -0.00478012	         -1.05808329	          0.00000000	          0.00000000	          0.00000000	
          2.24000000	         10.16614670	          9.89323851	          1.37394213	          0.17745541	         -0.00063130	         -0.89531840	          0.00000000	          0.00000000	          0.00000000	          0.00000011	          0.00000012	         -0.00000003	          0.34449048	          0.01925017	         -0.93694514	          0.00000000	          0.00000000	          0.00000000	          0.00000000	          0.00000000	         -0.00000000	          0.33062711	          0.02299424	         -0.84095296	          0.00000000	          0.00000000	          0.00000000	          0.00053830	          0.00051766	         -0.00000958	          0.25276074	          0.01118536	         -0.86513515	          0.00000000	          0.00000000	          0.00000000	          0.00000000	          0.00000000	         -0.00000000	          0.43153322	          0.03114798	         -0.93012097	          0.00000000	          0.00000000	          0.00000000	         -0.00000000	          0.00000000	         -0.00000000	          0.41764404	          0.03580743	         -0.83406180	          0.00000000	          0.00000000	          0.00000000	         -0.02231134	          0.65719869	          0.13700093	         -0.31578462	          0.00149476	         -0.95687386	          0.00000000	          0.00000000	          0.00000000	          5.69159800	        143.38315725	          1.38170250	         -0.14059348	         -0.00717324	         -0.94197027	          0.00000000	          0.00000000	          0.00000000	         -0.34074786	        420.78362286	          3.65781067	         -0.16838319	         -0.01380594	         -1.03424446	          0.00000000	          0.00000000	          0.00000000	         -1.49773687	         79.07539919	          8.66635736	         -0.24381087	         -0.00630218	         -0.99831135	          0.00000000	          0.00000000	          0.00000000	        -21.06449036	        143.75879083	         14.32223576	         -0.05166455	         -0.00625729	         -0.96498114	          0.00000000	          0.00000000	          0.00000000	        -17.80172158	         95.01805295	         10.42040607	         -0.07959174	         -0.00498015	         -1.05836563	          0.00000000	          0.00000000	          0.00000000	
          2.26000000	          8.39966439	          7.53269757	          1.29729642	          0.16755281	         -0.00021517	         -0.89765154	          0.00000000	          0.00000000	          0.00000000	          0.00000613	          0.00000566	         -0.00000067	          0.33692749	          0.01580844	         -0.93637860	          0.00000000	          0.00000000	          0.00000000	          0.00000002	          0.00000002	         -0.00000000	          0.32132198	          0.02090770	         -0.84090493	          0.00000000	          0.00000000	          0.00000000	          0.00135642	          0.00120108	          0.00006470	          0.24309409	          0.01040972	         -0.86630799	          0.00000000	          0.00000000	          0.00000000	          0.00000000	          0.00000000	         -0.00000000	          0.42473141	          0.02579491	         -0.92810551	          0.00000000	          0.00000000	          0.00000000	          0.00000000	          0.00000000	         -0.00000000	          0.40926980	          0.03162172	         -0.83254271	          0.00000000	          0.00000000	          0.00000000	         -0.00320152	          0.03320086	          0.00566435	         -0.31437952	          0.00436375	         -0.95837945	          0.00000000	          0.00000000	          0.00000000	         -0.04512692	        132.21728320	          0.55671328	         -0.13988500	         -0.00696472	         -0.94247603	          0.00000000	          0.00000000	          0.00000000	         -3.79129840	        417.38875367	         -3.19867035	         -0.16778297	         -0.01401085	         -1.03459484	          0.00000000	          0.00000000	          0.00000000	         -2.71149292	         50.66789796	          4.15496150	         -0.24280768	         -0.00496813	         -0.99924010	          0.00000000	          0.00000000	          0.00000000	        -28.66578925	        161.89148796	         18.21559055	         -0.05086765	         -0.00680322	         -0.96529390	          0.00000000	          0.00000000	          0.00000000	        -19.95421786	        100.29842630	         11.66390744	         -0.07864971	         -0.00517486	         -1.05869983	          0.00000000	          0.00000000	          0.00000000	
          2.28000000	          8.11509698	          6.68516060	          1.42779870	          0.15385008	          0.00008378	         -0.90085280	          0.00000000	          0.00000000	          0.00000000	          0.00034661	          0.00028988	         -0.00000389	          0.32514433	          0.01222662	         -0.93667284	          0.00000000	          0.00000000	          0.00000000	          0.00000023	          0.00000019	          0.00000000	          0.30804299	          0.01869791	         -0.84178977	          0.00000000	          0.00000000	          0.00000000	          0.00394456	          0.00320955	          0.00038327	          0.22954978	          0.00951448	         -0.86838344	          0.00000000	          0.00000000	          0.00000000	          0.00000005	          0.00000005	         -0.00000001	          0.41351395	          0.02034178	         -0.92695699	          0.00000000	          0.00000000	          0.00000000	          0.00000000	          0.00000000	         -0.00000000	          0.39667455	          0.02738915	         -0.83195758	          0.00000000	          0.00000000	          0.00000000	         -0.00000007	          0.00000046	          0.00000005	         -0.31250174	          0.00755021	         -0.95975644	          0.00000000	          0.00000000	          0.00000000	         -3.48575787	        122.26232164	         -0.59448249	         -0.13893857	         -0.00667014	         -0.94297711	          0.00000000	          0.00000000	          0.00000000	          2.40159783	        413.40750393	        -12.36862343	         -0.16714681	         -0.01412583	         -1.03487222	          0.00000000	          0.00000000	          0.00000000	         -2.00188993	         27.77840106	          1.10924812	         -0.24155480	         -0.00342903	         -1.00006541	          0.00000000	          0.00000000	          0.00000000	        -36.03029030	        183.95210162	         24.87282680	         -0.04991282	         -0.00737359	         -0.96569013	          0.00000000	          0.00000000	          0.00000000	        -19.88582001	        105.40571068	         13.61664638	         -0.07765288	         -0.00536914	         -1.05907928	          0.00000000	          0.00000000	          0.00000000	
          2.30000000	          8.97307682	          6.87776524	          1.72300401	          0.13621373	          0.00016447	         -0.90500346	          0.00000000	          0.00000000	          0.00000000	          0.01740546	          0.01344204	          0.00082168	          0.30897489	          0.00859605	         -0.93792467	          0.00000000	          0.00000000	          0.00000000	          0.00000335	          0.00000251	          0.00000022	          0.29060720	          0.01637461	         -0.84367305	          0.00000000	          0.00000000	          0.00000000	          0.01328350	          0.01006235	          0.00172523	          0.21196930	          0.00845057	         -0.87143397	          0.00000000	          0.00000000	          0.00000000	          0.00002385	          0.00001835	         -0.00000056	          0.39770685	          0.01495244	         -0.92677791	          0.00000000	          0.00000000	          0.00000000	          0.00000000	          0.00000000	          0.00000000	          0.37967953	          0.02318665	         -0.83238022	          0.00000000	          0.00000000	          0.00000000	          0.00000031	         -0.00000162	         -0.00000008	         -0.31014886	          0.01105119	         -0.96092538	          0.00000000	          0.00000000	          0.00000000	         -3.45030037	        113.62478863	         -1.68071226	         -0.13781738	         -0.00634697	         -0.94344201	          0.00000000	          0.00000000	          0.00000000	         19.47818024	        402.25765284	        -20.59318567	         -0.16657271	         -0.01415401	         -1.03505039	          0.00000000	          0.00000000	          0.00000000	         -0.71107336	         10.36187466	         -0.02511141	         -0.24010068	         -0.00168610	         -1.00073436	          0.00000000	          0.00000000	          0.00000000	        -40.54476358	        212.56241088	         33.97315109	         -0.04888423	         -0.00801707	         -0.96615566	          0.00000000	          0.00000000	          0.00000000	        -17.05527310	        108.49256792	         15.54474154	         -0.07670139	         -0.00553736	         -1.05947622	          0.00000000	          0.00000000	          0.00000000	
          2.32000000	         10.82490853	          7.91315212	          2.11493186	          0.11532510	          0.00002429	         -0.90982199	          0.00000000	          0.00000000	          0.00000000	          0.54674203	          0.40095180	          0.04022888	          0.28912451	          0.00511959	         -0.93989708	          0.00000000	          0.00000000	          0.00000000	          0.00004649	          0.00003332	          0.00000413	          0.26968141	          0.01402550	         -0.84626231	          0.00000000	          0.00000000	          0.00000000	          0.04788311	          0.03460750	          0.00681739	          0.19102547	          0.00725615	         -0.87517071	          0.00000000	          0.00000000	          0.00000000	          0.00555058	          0.00404970	          0.00007241	          0.37803048	          0.00989975	         -0.92734585	          0.00000000	          0.00000000	          0.00000000	          0.00000020	          0.00000014	          0.00000001	          0.35897688	          0.01916738	         -0.83353476	          0.00000000	          0.00000000	          0.00000000	          0.00000000	         -0.00000000	          0.00000000	         -0.30726617	          0.01496213	         -0.96186169	          0.00000000	          0.00000000	          0.00000000	         -1.25211715	        104.28847274	         -2.50618686	         -0.13658893	         -0.00600929	         -0.94384308	          0.00000000	          0.00000000	          0.00000000	         39.71467601	        372.75081808	        -25.12434019	         -0.16613021	         -0.01403278	         -1.03512600	          0.00000000	          0.00000000	          0.00000000	         -0.11790821	          2.08549775	         -0.07787437	         -0.23845216	          0.00034252	         -1.00123371	          0.00000000	          0.00000000	          0.00000000	        -41.05392979	        249.34526858	         44.24919182	         -0.04786860	         -0.00877080	         -0.96664309	          0.00000000	          0.00000000	          0.00000000	        -12.71219275	        107.34182272	         16.28729115	         -0.07584166	         -0.00562713	         -1.05983694	          0.00000000	          0.00000000	          0.00000000	
          2.34000000	         13.86606635	          9.92772062	          2.57430463	          0.09243191	         -0.00027936	         -0.91472705	          0.00000000	          0.00000000	          0.00000000	          6.43596259	          4.61169340	          0.48728864	          0.26692144	          0.00203654	         -0.94204993	          0.00000000	          0.00000000	          0.00000000	          0.00053806	          0.00037765	          0.00004729	          0.24651864	          0.01176502	         -0.84894828	          0.00000000	          0.00000000	          0.00000000	          0.16672202	          0.11803164	          0.02282544	          0.16796605	          0.00601254	         -0.87899616	          0.00000000	          0.00000000	          0.00000000	          0.44375143	          0.31625907	          0.00901201	          0.35584602	          0.00547937	         -0.92812954	          0.00000000	          0.00000000	          0.00000000	          0.00001132	          0.00000790	          0.00000039	          0.33586093	          0.01549957	         -0.83482309	          0.00000000	          0.00000000	          0.00000000	          0.00000000	         -0.00000000	          0.00000000	         -0.30367822	          0.01945033	         -0.96259751	          0.00000000	          0.00000000	          0.00000000	          0.97970991	         91.33094486	         -2.58731826	         -0.13526574	         -0.00561004	         -0.94416548	          0.00000000	          0.00000000	          0.00000000	         48.85835056	        315.93101083	        -22.62749304	         -0.16579616	         -0.01363519	         -1.03512177	          0.00000000	          0.00000000	          0.00000000	         -0.01579260	          0.25901352	         -0.01347604	         -0.23650791	          0.00280688	         -1.00159221	          0.00000000	          0.00000000	          0.00000000	        -37.96725141	        293.73361306	         52.51312657	         -0.04690234	         -0.00964292	         -0.96708485	          0.00000000	          0.00000000	          0.00000000	         -9.83232389	        100.51000410	         14.91168919	         -0.07500751	         -0.00557751	         -1.06009617	          0.00000000	          0.00000000	          0.00000000	
          2.36000000	         18.35138637	         13.21628455	          3.15294839	          0.06897577	         -0.00067083	         -0.91916801	          0.00000000	          0.00000000	          0.00000000	         23.43025277	         16.86362690	          1.72369701	          0.24390477	         -0.00046945	         -0.94395260	          0.00000000	          0.00000000	          0.00000000	          0.00480502	          0.00339500	          0.00039304	          0.22261793	          0.00966766	         -0.85122401	          0.00000000	          0.00000000	          0.00000000	          0.51824380	          0.36925248	          0.06572556	          0.14425969	          0.00479109	         -0.88237867	          0.00000000	          0.00000000	          0.00000000	          7.12393597	          5.11022268	          0.15074695	          0.33275257	          0.00193343	         -0.92875429	          0.00000000	          0.00000000	          0.00000000	          0.00032127	          0.00022625	          0.00001014	          0.31189510	          0.01234659	         -0.83581158	          0.00000000	          0.00000000	          0.00000000	          0.00000000	         -0.00000000	          0.00000000	         -0.29906462	          0.02466824	         -0.96316064	          0.00000000	          0.00000000	          0.00000000	          0.44760656	         73.72205290	         -2.80890413	         -0.13375864	         -0.00506325	         -0.94438087	          0.00000000	          0.00000000	          0.00000000	         36.87949246	        233.68808364	        -17.28964834	         -0.16540680	         -0.01280480	         -1.03505298	          0.00000000	          0.00000000	          0.00000000	          0.00008039	         -0.00069061	          0.00004084	         -0.23402247	          0.00586382	         -1.00183297	          0.00000000	          0.00000000	          0.00000000	        -38.09974956	        343.65221003	         51.73026726	         -0.04593049	         -0.01061052	         -0.96738666	          0.00000000	          0.00000000	          0.00000000	        -10.97207705	         88.05249502	         10.57086265	         -0.07399386	         -0.00533663	         -1.06016763	          0.00000000	          0.00000000	          0.00000000	
          2.38000000	         24.22129024	         18.04379121	          4.35932176	          0.04640657	         -0.00109918	         -0.92302191	          0.00000000	          0.00000000	          0.00000000	         65.79804079	         48.90277685	          7.16091727	          0.22158834	         -0.00232461	         -0.94582388	          0.00000000	          0.00000000	          0.00000000	          0.03541522	          0.02597680	          0.00385282	          0.19959515	          0.00768691	         -0.85320563	          0.00000000	          0.00000000	          0.00000000	          1.43647816	          1.06102164	          0.20729283	          0.12144191	          0.00359041	         -0.88531005	          0.00000000	          0.00000000	          0.00000000	         24.10317561	         17.93955872	          1.54449795	          0.31036678	         -0.00060190	         -0.92961455	          0.00000000	          0.00000000	          0.00000000	          0.00418092	          0.00307559	          0.00027858	          0.28880352	          0.00980200	         -0.83682890	          0.00000000	          0.00000000	          0.00000000	          0.00000000	         -0.00000000	         -0.00000000	         -0.29299178	          0.03064560	         -0.96367385	          0.00000000	          0.00000000	          0.00000000	         -3.68854487	         51.47915829	         -1.66403343	         -0.13183394	         -0.00426351	         -0.94448641	          0.00000000	          0.00000000	          0.00000000	          6.35040475	        142.05877380	         -6.76629259	         -0.16456694	         -0.01140748	         -1.03496939	          0.00000000	          0.00000000	          0.00000000	          0.00000007	         -0.00000026	          0.00000000	         -0.23057573	          0.00959572	         -1.00204445	          0.00000000	          0.00000000	          0.00000000	        -59.24205276	        392.55099948	         35.21883584	         -0.04475021	         -0.01161708	         -0.96744720	          0.00000000	          0.00000000	          0.00000000	        -18.99883406	         74.05412115	          5.31240103	         -0.07238837	         -0.00490707	         -1.05998450	          0.00000000	          0.00000000	          0.00000000	
          2.40000000	         31.35170231	         25.10534214	          6.84023875	          0.02628792	         -0.00156866	         -0.92646694	          0.00000000	          0.00000000	          0.00000000	         88.97580589	         71.13031589	         17.69023341	          0.20156468	         -0.00352087	         -0.94831651	          0.00000000	          0.00000000	          0.00000000	          0.23147718	          0.18423030	          0.04332216	          0.17924199	          0.00570944	         -0.85545281	          0.00000000	          0.00000000	          0.00000000	          3.52052965	          2.80996891	          0.71248375	          0.10119595	          0.00234812	         -0.88815406	          0.00000000	          0.00000000	          0.00000000	         46.17466564	         37.27314566	          8.03136251	          0.29038909	         -0.00206667	         -0.93159654	          0.00000000	          0.00000000	          0.00000000	          0.02479175	          0.01999233	          0.00410771	          0.26848848	          0.00787832	         -0.83868869	          0.00000000	          0.00000000	          0.00000000	          0.00000000	         -0.00000000	         -0.00000000	         -0.28516310	          0.03727547	         -0.96449582	          0.00000000	          0.00000000	          0.00000000	         -5.33332642	         26.69100008	          0.39290660	         -0.12925124	         -0.00306803	         -0.94460375	          0.00000000	          0.00000000	          0.00000000	        -10.15058395	         59.91328473	          2.03844079	         -0.16278187	         -0.00934694	         -1.03505132	          0.00000000	          0.00000000	          0.00000000	          0.00000000	         -0.00000000	         -0.00000000	         -0.22576437	          0.01399458	         -1.00249908	          0.00000000	          0.00000000	          0.00000000	        -93.46749884	        426.38217450	          8.73559113	         -0.04313856	         -0.01255367	         -0.96725838	          0.00000000	          0.00000000	          0.00000000	        -27.90248058	         62.00439343	          1.84355431	         -0.06973961	         -0.00436724	         -1.05962412	          0.00000000	          0.00000000	          0.00000000	
          2.42000000	         42.81076100	         38.09018453	         10.76503191	          0.01009207	         -0.00218491	         -0.92931678	          0.00000000	          0.00000000	          0.00000000	         85.71522258	         76.82584695	         26.03732729	          0.18533793	         -0.00412545	         -0.95141697	          0.00000000	          0.00000000	          0.00000000	          1.27697982	          1.14989990	          0.36370958	          0.16314831	          0.00369339	         -0.85800473	          0.00000000	          0.00000000	          0.00000000	          7.18138360	          6.42788372	          1.91828186	          0.08505521	          0.00099101	         -0.89083772	          0.00000000	          0.00000000	          0.00000000	         45.29992058	         41.29425042	         14.40670598	          0.27431560	         -0.00262787	         -0.93474003	          0.00000000	          0.00000000	          0.00000000	          0.10064164	          0.09243051	          0.03037756	          0.25252473	          0.00632133	         -0.84140236	          0.00000000	          0.00000000	          0.00000000	          0.00000000	         -0.00000000	         -0.00000000	         -0.27574012	          0.04432960	         -0.96601250	          0.00000000	          0.00000000	          0.00000000	         -2.43288270	          7.54333973	          0.95660294	         -0.12598841	         -0.00134973	         -0.94497415	          0.00000000	          0.00000000	          0.00000000	         -3.16534440	          7.73426510	          1.45546834	         -0.15980158	         -0.00658227	         -1.03558273	          0.00000000	          0.00000000	          0.00000000	          0.00000000	         -0.00000000	         -0.00000000	         -0.21953851	          0.01896237	         -1.00353382	          0.00000000	          0.00000000	          0.00000000	       -110.95693223	        434.50020397	         -0.61900551	         -0.04109539	         -0.01328302	         -0.96700055	          0.00000000	          0.00000000	          0.00000000	        -31.45042409	         52.41582858	          2.04506145	         -0.06595755	         -0.00381296	         -1.05935996	          0.00000000	          0.00000000	          0.00000000	
          2.44000000	         65.96979548	         65.98795702	         12.24533673	         -0.00123584	         -0.00314193	         -0.93074079	          0.00000000	          0.00000000	          0.00000000	         74.38950950	         76.86941364	         27.81614178	          0.17387121	         -0.00434488	         -0.95411436	          0.00000000	          0.00000000	          0.00000000	          4.82670847	          5.07683629	          1.72699002	          0.15225088	          0.00165814	         -0.86003365	          0.00000000	          0.00000000	          0.00000000	         15.96538885	         16.32968456	          4.25663974	          0.07395977	         -0.00056162	         -0.89253812	          0.00000000	          0.00000000	          0.00000000	         34.73509946	         37.26805401	         16.15082526	          0.26303337	         -0.00264655	         -0.93793937	          0.00000000	          0.00000000	          0.00000000	          0.35791364	          0.39212725	          0.16336103	          0.24176989	          0.00480361	         -0.84395554	          0.00000000	          0.00000000	          0.00000000	          0.00000000	         -0.00000000	         -0.00000000	         -0.26527307	          0.05143622	         -0.96820264	          0.00000000	          0.00000000	          0.00000000	         -0.56892994	          1.21625904	          0.28818871	         -0.12212818	          0.00089305	         -0.94571520	          0.00000000	          0.00000000	          0.00000000	          0.10892255	         -0.16177450	         -0.05448637	         -0.15560309	         -0.00318127	         -1.03668660	          0.00000000	          0.00000000	          0.00000000	          0.00000000	         -0.00000000	         -0.00000000	         -0.21216118	          0.02427533	         -1.00519897	          0.00000000	          0.00000000	          0.00000000	       -119.64357862	        417.94533873	         -2.45989996	         -0.03872504	         -0.01370829	         -0.96686655	          0.00000000	          0.00000000	          0.00000000	        -30.81608997	         44.87662796	          2.46769032	         -0.06129404	         -0.00331004	         -1.05941525	          0.00000000	          0.00000000	          0.00000000	
          2.46000000	         78.35060891	        119.57682539	        -33.53856863	         -0.00723561	         -0.00456398	         -0.92982063	          0.00000000	          0.00000000	          0.00000000	         56.84587233	         77.16638044	         21.16685463	          0.16759611	         -0.00441204	         -0.95528374	          0.00000000	          0.00000000	          0.00000000	          6.49381657	         14.50907634	          2.53655606	          0.14697895	         -0.00032085	         -0.86056972	          0.00000000	          0.00000000	          0.00000000	         28.30753332	         52.17061428	         -3.05861264	          0.06835443	         -0.00232466	         -0.89231672	          0.00000000	          0.00000000	          0.00000000	         20.49220999	         30.69899817	         16.11582157	          0.25694329	         -0.00237805	         -0.94001918	          0.00000000	          0.00000000	          0.00000000	          0.52852431	          1.38354405	          0.57435430	          0.23662883	          0.00332506	         -0.84533900	          0.00000000	          0.00000000	          0.00000000	          0.00000000	         -0.00000000	         -0.00000000	         -0.25433183	          0.05815207	         -0.97071132	          0.00000000	          0.00000000	          0.00000000	         -0.09430677	          0.12852077	          0.04935157	         -0.11752265	          0.00354546	         -0.94683006	          0.00000000	          0.00000000	          0.00000000	          0.00053782	         -0.00064367	         -0.00026316	         -0.15003022	          0.00071190	         -1.03833910	          0.00000000	          0.00000000	          0.00000000	          0.00000000	         -0.00000000	         -0.00000000	         -0.20384276	          0.02963717	         -1.00730247	          0.00000000	          0.00000000	          0.00000000	       -151.71058554	        389.04536441	         17.57126646	         -0.03588180	         -0.01381874	         -0.96702913	          0.00000000	          0.00000000	          0.00000000	        -31.45864317	         41.18066733	          4.65501106	         -0.05592846	         -0.00294017	         -1.05993700	          0.00000000	          0.00000000	          0.00000000	
          2.48000000	         63.82546491	        181.89168309	        -70.71475720	         -0.00976720	         -0.00620715	         -0.92737845	          0.00000000	          0.00000000	          0.00000000	         40.96504143	         88.89855584	         23.12768716	          0.16462993	         -0.00460086	         -0.95548383	          0.00000000	          0.00000000	          0.00000000	          5.64399002	         54.12667891	          9.17482156	          0.14541287	         -0.00231599	         -0.86023370	          0.00000000	          0.00000000	          0.00000000	         24.31020894	        112.19580362	        -12.97821624	          0.06634845	         -0.00420381	         -0.89089819	          0.00000000	          0.00000000	          0.00000000	         12.39120809	         32.41074962	         18.18229105	          0.25417345	         -0.00222439	         -0.94144526	          0.00000000	          0.00000000	          0.00000000	          0.13268963	          4.45856946	          2.05100190	          0.23520633	          0.00176560	         -0.84613690	          0.00000000	          0.00000000	          0.00000000	          0.00000000	         -0.00000000	         -0.00000000	         -0.24370367	          0.06422930	         -0.97365355	          0.00000000	          0.00000000	          0.00000000	         -0.00071622	          0.00090138	          0.00042092	         -0.11221823	          0.00658835	         -0.94842947	          0.00000000	          0.00000000	          0.00000000	          0.00000124	         -0.00000143	         -0.00000064	         -0.14309153	          0.00497894	         -1.04062081	          0.00000000	          0.00000000	          0.00000000	          0.00000000	         -0.00000000	         -0.00000000	         -0.19498397	          0.03486075	         -1.00994127	          0.00000000	          0.00000000	          0.00000000	       -133.41316492	        313.39514713	         28.38208948	         -0.03256219	         -0.01350542	         -0.96760513	          0.00000000	          0.00000000	          0.00000000	        -27.79184918	         37.21073941	          6.29045924	         -0.05014843	         -0.00268553	         -1.06103724	          0.00000000	          0.00000000	          0.00000000	
          2.50000000	         64.31960912	        228.14441177	        -76.37555751	         -0.01134132	         -0.00765734	         -0.92500118	          0.00000000	          0.00000000	          0.00000000	         40.10266303	        104.89658908	         21.46338123	          0.16257061	         -0.00502174	         -0.95568420	          0.00000000	          0.00000000	          0.00000000	          8.68103146	        111.43493111	         15.97981372	          0.14481621	         -0.00424705	         -0.86005395	          0.00000000	          0.00000000	          0.00000000	         28.91274030	        169.51165593	        -17.00127598	          0.06530800	         -0.00594362	         -0.88959511	          0.00000000	          0.00000000	          0.00000000	         10.85525487	         37.61703652	         16.41266497	          0.25231354	         -0.00239039	         -0.94287433	          0.00000000	          0.00000000	          0.00000000	         -0.09300574	          9.32819163	          3.43228494	          0.23475838	          0.00022907	         -0.84710645	          0.00000000	          0.00000000	          0.00000000	          0.00000000	         -0.00000000	         -0.00000000	         -0.23386568	          0.06954738	         -0.97758505	          0.00000000	          0.00000000	          0.00000000	          0.00000354	         -0.00000410	         -0.00000188	         -0.10601654	          0.01007420	         -0.95073451	          0.00000000	          0.00000000	          0.00000000	          0.00000000	         -0.00000000	         -0.00000000	         -0.13463449	          0.00948081	         -1.04369885	          0.00000000	          0.00000000	          0.00000000	          0.00000000	         -0.00000000	         -0.00000000	         -0.18575197	          0.03980980	         -1.01347700	          0.00000000	          0.00000000	          0.00000000	       -140.84734740	        223.86744782	         28.75140287	         -0.02852201	         -0.01262689	         -0.96867808	          0.00000000	          0.00000000	          0.00000000	        -30.55167639	         37.81034902	          8.07929115	         -0.04403807	         -0.00256679	         -1.06281386	          0.00000000	          0.00000000	          0.00000000	
          2.52000000	         54.57226486	        236.79774139	        -57.38650138	         -0.01253223	         -0.00863850	         -0.92320608	          0.00000000	          0.00000000	          0.00000000	         35.30041120	        115.45234970	         16.81115768	          0.16098018	         -0.00548131	         -0.95588886	          0.00000000	          0.00000000	          0.00000000	         12.68446532	        149.27008235	         16.17907440	          0.14439491	         -0.00574522	         -0.86003786	          0.00000000	          0.00000000	          0.00000000	         29.51265555	        195.54596717	        -13.70732759	          0.06453787	         -0.00721612	         -0.88867259	          0.00000000	          0.00000000	          0.00000000	          8.42113798	         41.66919819	         11.94094095	          0.25089495	         -0.00263868	         -0.94403109	          0.00000000	          0.00000000	          0.00000000	         -0.15406309	         16.24910572	          3.99457005	          0.23445262	         -0.00083975	         -0.84799036	          0.00000000	          0.00000000	          0.00000000	         -0.00000000	         -0.00000000	          0.00000000	         -0.22354122	          0.07360491	         -0.98211649	          0.00000000	          0.00000000	          0.00000000	          0.00000019	         -0.00000018	         -0.00000006	         -0.09683045	          0.01370712	         -0.95369126	          0.00000000	          0.00000000	          0.00000000	          0.00000000	         -0.00000000	         -0.00000000	         -0.12298249	          0.01386036	         -1.04738619	          0.00000000	          0.00000000	          0.00000000	          0.00000000	         -0.00000000	         -0.00000000	         -0.17468630	          0.04405221	         -1.01761584	          0.00000000	          0.00000000	          0.00000000	       -143.71873391	        145.85512545	         16.79151517	         -0.02150620	         -0.01121710	         -0.97034109	          0.00000000	          0.00000000	          0.00000000	        -36.03496596	         37.00827942	          5.60882498	         -0.03592482	         -0.00254374	         -1.06520051	          0.00000000	          0.00000000	          0.00000000	
          2.54000000	         28.40521051	        215.33482476	        -45.46555118	         -0.01329802	         -0.00902904	         -0.92190373	          0.00000000	          0.00000000	          0.00000000	         23.18381406	        119.98576233	         12.72249785	          0.15991575	         -0.00581438	         -0.95611257	          0.00000000	          0.00000000	          0.00000000	          2.35841078	        162.63615842	         12.76178417	          0.14421796	         -0.00667832	         -0.86012633	          0.00000000	          0.00000000	          0.00000000	         13.03941013	        192.59086220	        -13.25077634	          0.06409379	         -0.00789563	         -0.88805371	          0.00000000	          0.00000000	          0.00000000	          4.13136415	         44.83705727	          9.46226609	          0.24998113	         -0.00283267	         -0.94497430	          0.00000000	          0.00000000	          0.00000000	         -1.61870879	         21.01441850	          3.83693546	          0.23437120	         -0.00137441	         -0.84877170	          0.00000000	          0.00000000	          0.00000000	         -0.00000000	         -0.00000000	          0.00000000	         -0.21129638	          0.07581891	         -0.98664022	          0.00000000	          0.00000000	          0.00000000	         -0.00000013	          0.00000010	          0.00000003	         -0.08296007	          0.01692972	         -0.95709977	          0.00000000	          0.00000000	          0.00000000	          0.00000000	         -0.00000000	         -0.00000000	         -0.10681631	          0.01763701	         -1.05139528	          0.00000000	          0.00000000	          0.00000000	         -0.00000000	         -0.00000000	          0.00000000	         -0.16042282	          0.04705828	         -1.02190552	          0.00000000	          0.00000000	          0.00000000	        -92.73208653	         81.13131874	         10.92686202	         -0.00918561	         -0.00933755	         -0.97258065	          0.00000000	          0.00000000	          0.00000000	        -27.27857752	         24.18963971	          3.60568489	         -0.02347360	         -0.00215970	         -1.06795824	          0.00000000	          0.00000000	          0.00000000	
          2.56000000	         12.02409568	        188.29079469	        -26.28565185	         -0.01361285	         -0.00893249	         -0.92100348	          0.00000000	          0.00000000	          0.00000000	         11.94422665	        129.27692182	          2.77848209	          0.15941699	         -0.00608665	         -0.95625784	          0.00000000	          0.00000000	          0.00000000	          0.66913120	        164.36515914	          1.27176288	          0.14430696	         -0.00716963	         -0.86018621	          0.00000000	          0.00000000	          0.00000000	          5.60862949	        179.44328989	        -12.05465758	          0.06399887	         -0.00809741	         -0.88762554	          0.00000000	          0.00000000	          0.00000000	          0.32104787	         52.38740603	          2.75811909	          0.24961135	         -0.00308668	         -0.94560797	          0.00000000	          0.00000000	          0.00000000	         -1.71491838	         22.88549801	          0.94973956	          0.23454929	         -0.00159247	         -0.84932028	          0.00000000	          0.00000000	          0.00000000	         -0.00000000	         -0.00000000	          0.00000000	         -0.19660264	          0.07593061	         -0.99073087	          0.00000000	          0.00000000	          0.00000000	         -0.00000003	          0.00000002	          0.00000001	         -0.06441285	          0.01931076	         -0.96044523	          0.00000000	          0.00000000	          0.00000000	         -0.00000001	          0.00000001	          0.00000000	         -0.08632751	          0.02040256	         -1.05519618	          0.00000000	          0.00000000	          0.00000000	         -0.00000000	         -0.00000000	          0.00000000	         -0.14279556	          0.04849611	         -1.02586842	          0.00000000	          0.00000000	          0.00000000	        -72.11207870	         55.08328871	          4.99536908	          0.00896740	         -0.00722881	         -0.97494133	          0.00000000	          0.00000000	          0.00000000	        -17.06206519	         13.19379432	          1.26073026	         -0.00565222	         -0.00132120	         -1.07061673	          0.00000000	          0.00000000	          0.00000000	
          2.58000000	          4.45838058	        166.50682187	         -9.08481403	         -0.01362563	         -0.00855558	         -0.92062230	          0.00000000	          0.00000000	          0.00000000	          3.06462264	        146.20324617	         -8.58382357	          0.15937463	         -0.00645317	         -0.95622878	          0.00000000	          0.00000000	          0.00000000	          4.30271277	        161.24596668	         -9.56048207	          0.14443833	         -0.00738124	         -0.86012349	          0.00000000	          0.00000000	          0.00000000	          4.45623465	        165.49637989	         -9.42025509	          0.06406336	         -0.00800636	         -0.88740077	          0.00000000	          0.00000000	          0.00000000	         -3.57697232	         66.19996430	         -7.16095257	          0.24966452	         -0.00353634	         -0.94573310	          0.00000000	          0.00000000	          0.00000000	         -0.98637814	         22.64359306	         -2.29626472	          0.23475455	         -0.00164272	         -0.84944985	          0.00000000	          0.00000000	          0.00000000	         -0.00000000	         -0.00000000	          0.00000000	         -0.17921227	          0.07391572	         -0.99402988	          0.00000000	          0.00000000	          0.00000000	         -0.00000001	          0.00000001	          0.00000000	         -0.04168131	          0.02062967	         -0.96333441	          0.00000000	          0.00000000	          0.00000000	         -0.00000000	          0.00000000	          0.00000000	         -0.06212922	          0.02195947	         -1.05840056	          0.00000000	          0.00000000	          0.00000000	         -0.00000000	         -0.00000000	          0.00000000	         -0.12198683	          0.04825647	         -1.02913140	          0.00000000	          0.00000000	          0.00000000	        -64.38996310	         44.57554979	          4.00716801	          0.03241298	         -0.00527691	         -0.97709568	          0.00000000	          0.00000000	          0.00000000	        -10.41012040	          7.28166684	          0.66387066	          0.01724617	         -0.00041807	         -1.07292183	          0.00000000	          0.00000000	          0.00000000	
          2.60000000	          0.15833501	        154.59910111	         -1.44525618	         -0.01346862	         -0.00809747	         -0.92068594	          0.00000000	          0.00000000	          0.00000000	         -3.16474383	        166.44937282	        -15.43862637	          0.15960473	         -0.00694344	         -0.95611026	          0.00000000	          0.00000000	          0.00000000	          4.57810550	        153.31783228	        -13.24545770	          0.14453923	         -0.00739616	         -0.86001149	          0.00000000	          0.00000000	          0.00000000	          2.60982302	        153.84660030	         -7.26881658	          0.06418819	         -0.00776601	         -0.88737773	          0.00000000	          0.00000000	          0.00000000	         -7.09304153	         82.55263227	        -14.58019243	          0.24995972	         -0.00412722	         -0.94552471	          0.00000000	          0.00000000	          0.00000000	         -0.67326408	         19.61045523	         -3.10143779	          0.23490903	         -0.00151800	         -0.84933032	          0.00000000	          0.00000000	          0.00000000	         -0.00000000	         -0.00000000	          0.00000000	         -0.15909145	          0.06995247	         -0.99682110	          0.00000000	          0.00000000	          0.00000000	         -0.00000002	          0.00000001	          0.00000000	         -0.01543111	          0.02086593	         -0.96618869	          0.00000000	          0.00000000	          0.00000000	         -0.00000000	          0.00000000	          0.00000000	         -0.03490213	          0.02238627	         -1.06144833	          0.00000000	          0.00000000	          0.00000000	         -0.00000000	         -0.00000000	          0.00000000	         -0.09831682	          0.04647168	         -1.03205617	          0.00000000	          0.00000000	          0.00000000	        -52.88604724	         33.92310704	          4.33800580	          0.06022498	         -0.00367449	         -0.97956012	          0.00000000	          0.00000000	          0.00000000	         -7.20475989	          4.66504490	          0.59296465	          0.04442104	          0.00038129	         -1.07543271	          0.00000000	          0.00000000	          0.00000000	
          2.62000000	         -4.44252981	        156.52381785	         -4.77493431	         -0.01323550	         -0.00775804	         -0.92090856	          0.00000000	          0.00000000	          0.00000000	         -7.19678266	        179.85218096	        -15.29910919	          0.15991275	         -0.00744059	         -0.95603507	          0.00000000	          0.00000000	          0.00000000	         -1.31693321	        139.76781149	        -11.11039457	          0.14466985	         -0.00722693	         -0.85996096	          0.00000000	          0.00000000	          0.00000000	         -2.63459760	        146.73580254	         -8.00450035	          0.06436452	         -0.00748797	         -0.88746606	          0.00000000	          0.00000000	          0.00000000	         -8.17139083	         91.33652866	        -12.61385850	          0.25030926	         -0.00463859	         -0.94533857	          0.00000000	          0.00000000	          0.00000000	         -0.80217653	         14.05047428	         -1.66189801	          0.23506816	         -0.00115379	         -0.84928521	          0.00000000	          0.00000000	          0.00000000	         -0.00000000	         -0.00000000	          0.00000000	         -0.13619157	          0.06434893	         -0.99946768	          0.00000000	          0.00000000	          0.00000000	         -0.00000005	          0.00000003	          0.00000001	          0.01382490	          0.02015457	         -0.96951634	          0.00000000	          0.00000000	          0.00000000	         -0.00000001	          0.00000000	          0.00000000	         -0.00517981	          0.02189241	         -1.06485523	          0.00000000	          0.00000000	          0.00000000	         -0.00000000	         -0.00000000	          0.00000000	         -0.07202565	          0.04340354	         -1.03508162	          0.00000000	          0.00000000	          0.00000000	        -37.74392659	         22.88719581	          4.36300436	          0.09160074	         -0.00240474	         -0.98292777	          0.00000000	          0.00000000	          0.00000000	         -5.27814955	          3.23060682	          0.60906131	          0.07508399	          0.00112706	         -1.07876314	          0.00000000	          0.00000000	          0.00000000	
          2.64000000	         -9.96204028	        174.50925137	        -13.90578777	         -0.01300580	         -0.00772028	         -0.92100246	          0.00000000	          0.00000000	          0.00000000	         -9.83559994	        179.78972127	        -12.22047662	          0.16016258	         -0.00777803	         -0.95603517	          0.00000000	          0.00000000	          0.00000000	         -7.55668279	        124.06629305	         -8.22718213	          0.14486732	         -0.00688735	         -0.85998494	          0.00000000	          0.00000000	          0.00000000	         -8.66645746	        146.41890505	        -10.69041474	          0.06457648	         -0.00727771	         -0.88752619	          0.00000000	          0.00000000	          0.00000000	         -5.96489544	         86.23213549	         -5.37864723	          0.25057323	         -0.00483674	         -0.94536233	          0.00000000	          0.00000000	          0.00000000	         -0.62217425	          8.57991061	         -0.42115672	          0.23525682	         -0.00055743	         -0.84944949	          0.00000000	          0.00000000	          0.00000000	         -0.00000000	         -0.00000000	          0.00000000	         -0.11071342	          0.05755563	         -1.00243028	          0.00000000	          0.00000000	          0.00000000	         -0.00000029	          0.00000017	          0.00000005	          0.04533819	          0.01869476	         -0.97376294	          0.00000000	          0.00000000	          0.00000000	         -0.00000003	          0.00000002	          0.00000000	          0.02631201	          0.02070394	         -1.06907622	          0.00000000	          0.00000000	          0.00000000	         -0.00000000	         -0.00000000	          0.00000000	         -0.04357304	          0.03939246	         -1.03866592	          0.00000000	          0.00000000	          0.00000000	        -25.41910593	         14.96420043	          3.97284852	          0.12543142	         -0.00143311	         -0.98762790	          0.00000000	          0.00000000	          0.00000000	         -3.74699363	          2.22906347	          0.58474087	          0.10810250	          0.00184087	         -1.08335641	          0.00000000	          0.00000000	          0.00000000	
          2.66000000	        -13.72606889	        208.06887515	        -21.45065960	         -0.01285754	         -0.00807736	         -0.92089442	          0.00000000	          0.00000000	          0.00000000	         -9.19582849	        172.57615512	         -7.25133949	          0.16027769	         -0.00789117	         -0.95608879	          0.00000000	          0.00000000	          0.00000000	         -9.39568642	        111.68643490	         -4.89428432	          0.14505891	         -0.00645408	         -0.86005290	          0.00000000	          0.00000000	          0.00000000	        -11.68456403	        153.72891002	        -11.35002582	          0.06474880	         -0.00722506	         -0.88750571	          0.00000000	          0.00000000	          0.00000000	         -2.26611807	         73.17496114	          0.71415973	          0.25066466	         -0.00465577	         -0.94557510	          0.00000000	          0.00000000	          0.00000000	         -0.30178011	          5.31543324	          0.07616187	          0.23539126	          0.00016003	         -0.84975719	          0.00000000	          0.00000000	          0.00000000	         -0.00000000	         -0.00000000	          0.00000000	         -0.08319131	          0.05010988	         -1.00618855	          0.00000000	          0.00000000	          0.00000000	         -0.00000312	          0.00000184	          0.00000065	          0.07810989	          0.01664856	         -0.97939538	          0.00000000	          0.00000000	          0.00000000	         -0.00000020	          0.00000012	          0.00000004	          0.05860952	          0.01902487	         -1.07457896	          0.00000000	          0.00000000	          0.00000000	         -0.00000000	         -0.00000000	          0.00000000	         -0.01370459	          0.03481228	         -1.04328280	          0.00000000	          0.00000000	          0.00000000	        -20.01023731	         11.75404260	          4.30613380	          0.16033302	         -0.00084049	         -0.99409239	          0.00000000	          0.00000000	          0.00000000	         -2.75024737	          1.63762171	          0.59289096	          0.14202449	          0.00242393	         -1.08963969	          0.00000000	          0.00000000	          0.00000000	
          2.68000000	        -15.26084585	        247.73926461	        -16.92882349	         -0.01280456	         -0.00875422	         -0.92075973	          0.00000000	          0.00000000	          0.00000000	         -9.14950522	        172.45196543	         -6.06944103	          0.16027884	         -0.00789535	         -0.95616845	          0.00000000	          0.00000000	          0.00000000	         -6.89155314	        104.71316199	         -3.55958168	          0.14514068	         -0.00604433	         -0.86014816	          0.00000000	          0.00000000	          0.00000000	        -10.58498676	        165.07657387	         -8.46891871	          0.06481878	         -0.00735015	         -0.88748532	          0.00000000	          0.00000000	          0.00000000	         -0.57825014	         64.51925009	          0.73482963	          0.25060278	         -0.00428102	         -0.94582950	          0.00000000	          0.00000000	          0.00000000	         -0.06446817	          3.92012903	          0.06199186	          0.23537558	          0.00084306	         -0.85006822	          0.00000000	          0.00000000	          0.00000000	         -0.00000000	         -0.00000000	          0.00000000	         -0.05423293	          0.04250832	         -1.01093049	          0.00000000	          0.00000000	          0.00000000	         -0.00005103	          0.00003037	          0.00001332	          0.11134080	          0.01416153	         -0.98672780	          0.00000000	          0.00000000	          0.00000000	         -0.00000184	          0.00000111	          0.00000048	          0.09087869	          0.01705746	         -1.08165156	          0.00000000	          0.00000000	          0.00000000	         -0.00000000	          0.00000000	          0.00000000	          0.01685884	          0.03001594	         -1.04916892	          0.00000000	          0.00000000	          0.00000000	        -20.83881621	         12.41104076	          5.88840245	          0.19524691	         -0.00070948	         -1.00266705	          0.00000000	          0.00000000	          0.00000000	         -2.23556425	          1.35827291	          0.63646032	          0.17565293	          0.00278917	         -1.09792580	          0.00000000	          0.00000000	          0.00000000	
          2.70000000	        -17.35663667	        273.64613998	         11.30339822	         -0.01274208	         -0.00950506	         -0.92094078	          0.00000000	          0.00000000	          0.00000000	        -16.37424830	        187.97288629	        -15.84878576	          0.16036329	         -0.00800985	         -0.95615699	          0.00000000	          0.00000000	          0.00000000	         -1.15848191	        101.46969990	         -6.82249371	          0.14506608	         -0.00573906	         -0.86019797	          0.00000000	          0.00000000	          0.00000000	         -6.06682772	        172.82312757	         -2.04092123	          0.06480800	         -0.00756413	         -0.88760354	          0.00000000	          0.00000000	          0.00000000	         -2.59882090	         67.36473578	         -8.18163084	          0.25059452	         -0.00406486	         -0.94577880	          0.00000000	          0.00000000	          0.00000000	          0.13186282	          3.30909104	         -0.33108305	          0.23518847	          0.00134737	         -0.85010958	          0.00000000	          0.00000000	          0.00000000	         -0.00000000	         -0.00000000	          0.00000000	         -0.02431812	          0.03511380	         -1.01642622	          0.00000000	          0.00000000	          0.00000000	         -0.00092803	          0.00055922	          0.00028219	          0.14464277	          0.01147976	         -0.99562859	          0.00000000	          0.00000000	          0.00000000	         -0.00001669	          0.00001030	          0.00000510	          0.12267119	          0.01503539	         -1.09012432	          0.00000000	          0.00000000	          0.00000000	         -0.00000000	          0.00000000	          0.00000000	          0.04765094	          0.02530196	         -1.05612285	          0.00000000	          0.00000000	          0.00000000	        -24.45787134	         14.82575213	          8.35568234	          0.22972380	         -0.00089493	         -1.01324411	          0.00000000	          0.00000000	          0.00000000	         -1.81363749	          1.13052006	          0.62843661	          0.20840971	          0.00303239	         -1.10806568	          0.00000000	          0.00000000	          0.00000000	
          2.72000000	        -20.78635283	        277.46369286	         44.13764338	         -0.01255147	         -0.01007539	         -0.92165210	          0.00000000	          0.00000000	          0.00000000	        -27.56499183	        209.66547282	        -26.57625234	          0.16072423	         -0.00833266	         -0.95597377	          0.00000000	          0.00000000	          0.00000000	          3.06528961	         98.94770179	         -9.12822501	          0.14488408	         -0.00553622	         -0.86015846	          0.00000000	          0.00000000	          0.00000000	         -2.93706966	        173.13997774	          6.21827942	          0.06479568	         -0.00773395	         -0.88794831	          0.00000000	          0.00000000	          0.00000000	         -7.17200307	         77.91112433	        -19.86958419	          0.25085057	         -0.00420053	         -0.94520080	          0.00000000	          0.00000000	          0.00000000	          0.21081760	          2.99280292	         -0.64000457	          0.23490158	          0.00163832	         -0.84972108	          0.00000000	          0.00000000	          0.00000000	         -0.00000000	          0.00000000	          0.00000000	          0.00606048	          0.02817132	         -1.02245878	          0.00000000	          0.00000000	          0.00000000	         -0.01134082	          0.00692722	          0.00370585	          0.17770951	          0.00902035	         -1.00560158	          0.00000000	          0.00000000	          0.00000000	         -0.00011051	          0.00006955	          0.00003639	          0.15377515	          0.01322892	         -1.09951144	          0.00000000	          0.00000000	          0.00000000	         -0.00000003	          0.00000002	          0.00000001	          0.07832120	          0.02092282	         -1.06379498	          0.00000000	          0.00000000	          0.00000000	        -21.38256107	         13.17514912	          7.99676552	          0.26355759	         -0.00092498	         -1.02517071	          0.00000000	          0.00000000	          0.00000000	         -1.06896586	          0.68038587	          0.40658512	          0.24015239	          0.00348225	         -1.11941304	          0.00000000	          0.00000000	          0.00000000	
          2.74000000	        -28.01930567	        278.06620108	         45.95471727	         -0.01220834	         -0.01042018	         -0.92261375	          0.00000000	          0.00000000	          0.00000000	        -32.28298275	        213.83844263	        -20.81815686	          0.16130066	         -0.00867816	         -0.95573591	          0.00000000	          0.00000000	          0.00000000	         -0.27651569	         94.58873944	         -6.13193675	          0.14476386	         -0.00536835	         -0.86010392	          0.00000000	          0.00000000	          0.00000000	         -8.09281832	        171.13123693	          8.99178994	          0.06488571	         -0.00780752	         -0.88841349	          0.00000000	          0.00000000	          0.00000000	         -9.89201936	         81.47379384	        -17.94260826	          0.25132698	         -0.00445085	         -0.94440874	          0.00000000	          0.00000000	          0.00000000	          0.07020974	          2.63561429	         -0.48065719	          0.23468826	          0.00184453	         -0.84916305	          0.00000000	          0.00000000	          0.00000000	         -0.00000001	          0.00000001	          0.00000000	          0.03625783	          0.02188087	         -1.02897467	          0.00000000	          0.00000000	          0.00000000	         -0.05481374	          0.03407811	          0.01774575	          0.21001065	          0.00727769	         -1.01587743	          0.00000000	          0.00000000	          0.00000000	         -0.00041579	          0.00026601	          0.00013540	          0.18397787	          0.01188009	         -1.10915300	          0.00000000	          0.00000000	          0.00000000	         -0.00000216	          0.00000136	          0.00000061	          0.10844937	          0.01709067	         -1.07183554	          0.00000000	          0.00000000	          0.00000000	         -8.43085460	          5.28090955	          3.10916354	          0.29637250	         -0.00019407	         -1.03731181	          0.00000000	          0.00000000	          0.00000000	         -0.31181954	          0.20127068	          0.11655973	          0.27080638	          0.00451636	         -1.13093198	          0.00000000	          0.00000000	          0.00000000	
          2.76000000	        -38.28161001	        300.06714888	         40.61384325	         -0.01181341	         -0.01073735	         -0.92342365	          0.00000000	          0.00000000	          0.00000000	        -29.60847197	        177.29993701	        -17.56536545	          0.16188541	         -0.00865071	         -0.95545329	          0.00000000	          0.00000000	          0.00000000	         -2.40123451	         79.93590598	         -5.80353635	          0.14469706	         -0.00506438	         -0.85997619	          0.00000000	          0.00000000	          0.00000000	        -12.54389291	        168.07609754	          5.60932476	          0.06502990	         -0.00780793	         -0.88876481	          0.00000000	          0.00000000	          0.00000000	         -5.81163021	         60.96654219	        -11.57562048	          0.25178587	         -0.00427276	         -0.94359553	          0.00000000	          0.00000000	          0.00000000	          0.08657319	          1.93239173	         -0.32176021	          0.23450128	          0.00219013	         -0.84850987	          0.00000000	          0.00000000	          0.00000000	         -0.00000564	          0.00000363	          0.00000137	          0.06541540	          0.01639525	         -1.03591366	          0.00000000	          0.00000000	          0.00000000	         -0.07888909	          0.05049244	          0.02318375	          0.24069139	          0.00659310	         -1.02549306	          0.00000000	          0.00000000	          0.00000000	         -0.00080098	          0.00052245	          0.00023612	          0.21290885	          0.01111423	         -1.11827847	          0.00000000	          0.00000000	          0.00000000	         -0.00006140	          0.00003977	          0.00001645	          0.13743492	          0.01393732	         -1.07983949	          0.00000000	          0.00000000	          0.00000000	         -1.30585675	          0.83857734	          0.41917676	          0.32742776	          0.00166174	         -1.04825191	          0.00000000	          0.00000000	          0.00000000	         -0.03837722	          0.02512787	          0.01240373	          0.30008615	          0.00626692	         -1.14139009	          0.00000000	          0.00000000	          0.00000000	
          2.78000000	        -39.89196256	        364.49880195	         -4.10539031	         -0.01160284	         -0.01133944	         -0.92367992	          0.00000000	          0.00000000	          0.00000000	         -8.81276840	        115.94349502	          9.10825941	          0.16207282	         -0.00793477	         -0.95538154	          0.00000000	          0.00000000	          0.00000000	         -7.05043876	         63.27085073	          4.09939937	          0.14460179	         -0.00452124	         -0.85993041	          0.00000000	          0.00000000	          0.00000000	        -19.69850611	        176.44612497	          4.56865160	          0.06507948	         -0.00784934	         -0.88887253	          0.00000000	          0.00000000	          0.00000000	          1.00998077	         25.70209453	          4.69229557	          0.25180016	         -0.00319615	         -0.94332800	          0.00000000	          0.00000000	          0.00000000	          0.01119742	          1.09013183	          0.16791900	          0.23423652	          0.00282533	         -0.84817758	          0.00000000	          0.00000000	          0.00000000	         -0.00082031	          0.00055382	          0.00021848	          0.09249775	          0.01171292	         -1.04326022	          0.00000000	          0.00000000	          0.00000000	         -0.03839062	          0.02576779	          0.00980393	          0.26865733	          0.00695513	         -1.03367662	          0.00000000	          0.00000000	          0.00000000	         -0.00085496	          0.00057498	          0.00022021	          0.23998380	          0.01089646	         -1.12629657	          0.00000000	          0.00000000	          0.00000000	         -0.00079327	          0.00053457	          0.00020789	          0.16448310	          0.01144393	         -1.08751262	          0.00000000	          0.00000000	          0.00000000	          0.00145556	         -0.00097368	         -0.00036307	          0.35570908	          0.00457496	         -1.05684775	          0.00000000	          0.00000000	          0.00000000	         -0.00221849	          0.00148708	          0.00055826	          0.32746327	          0.00860104	         -1.14982330	          0.00000000	          0.00000000	          0.00000000	
          2.80000000	        -14.40856837	        458.04982676	        -45.42720579	         -0.01182456	         -0.01238321	         -0.92322900	          0.00000000	          0.00000000	          0.00000000	          7.02770960	         62.84838289	         26.00326481	          0.16134801	         -0.00651807	         -0.95621766	          0.00000000	          0.00000000	          0.00000000	         -7.86506826	         48.29072973	         17.04590483	          0.14447593	         -0.00381638	         -0.86056778	          0.00000000	          0.00000000	          0.00000000	        -20.39950468	        192.67343766	         23.59202860	          0.06492570	         -0.00805236	         -0.88895323	          0.00000000	          0.00000000	          0.00000000	          0.97264864	          3.88429346	          2.95536296	          0.25088567	         -0.00112759	         -0.94475792	          0.00000000	          0.00000000	          0.00000000	         -0.01039715	          0.44897737	          0.30493787	          0.23392963	          0.00376813	         -0.84923968	          0.00000000	          0.00000000	          0.00000000	         -0.04862467	          0.03491911	          0.01283260	          0.11662998	          0.00768453	         -1.05045257	          0.00000000	          0.00000000	          0.00000000	         -0.00996167	          0.00709460	          0.00162625	          0.29296507	          0.00802622	         -1.03949536	          0.00000000	          0.00000000	          0.00000000	         -0.00065460	          0.00045717	          0.00011277	          0.26460745	          0.01104344	         -1.13235113	          0.00000000	          0.00000000	          0.00000000	         -0.00581186	          0.00411097	          0.00126649	          0.18886928	          0.00944961	         -1.09415013	          0.00000000	          0.00000000	          0.00000000	          0.00003407	         -0.00002403	         -0.00000378	          0.38032264	          0.00813301	         -1.06198577	          0.00000000	          0.00000000	          0.00000000	         -0.00011179	          0.00007735	          0.00001363	          0.35238514	          0.01124154	         -1.15519500	          0.00000000	          0.00000000	          0.00000000	
          2.82000000	         16.92565381	        543.99042848	        -60.07438976	         -0.01245062	         -0.01369462	         -0.92244963	          0.00000000	          0.00000000	          0.00000000	          9.32726013	         35.24159035	         22.68864038	          0.15964650	         -0.00469479	         -0.95813137	          0.00000000	          0.00000000	          0.00000000	         -5.88031521	         35.87571067	         20.31723742	          0.14426128	         -0.00304774	         -0.86213550	          0.00000000	          0.00000000	          0.00000000	        -16.55781432	        206.85787606	         45.86696403	          0.06455408	         -0.00837081	         -0.88932321	          0.00000000	          0.00000000	          0.00000000	          0.13201083	          0.42788605	          0.37607237	          0.24897879	          0.00158474	         -0.94800845	          0.00000000	          0.00000000	          0.00000000	         -0.00534773	          0.13460390	          0.12285891	          0.23353493	          0.00498953	         -0.85197599	          0.00000000	          0.00000000	          0.00000000	         -1.21809625	          0.92379397	          0.25204021	          0.13762024	          0.00418638	         -1.05624060	          0.00000000	          0.00000000	          0.00000000	         -0.00210348	          0.00159423	          0.00001352	          0.31340392	          0.00940378	         -1.04189465	          0.00000000	          0.00000000	          0.00000000	         -0.00043137	          0.00031395	          0.00001522	          0.28658483	          0.01136180	         -1.13531930	          0.00000000	          0.00000000	          0.00000000	         -0.02852051	          0.02111304	          0.00341088	          0.21040058	          0.00780338	         -1.09856255	          0.00000000	          0.00000000	          0.00000000	          0.00000101	         -0.00000076	          0.00000010	          0.40104240	          0.01184155	         -1.06269924	          0.00000000	          0.00000000	          0.00000000	         -0.00000690	          0.00000499	         -0.00000040	          0.37463984	          0.01389972	         -1.15647065	          0.00000000	          0.00000000	          0.00000000	
          2.84000000	         39.40395433	        588.15778970	        -55.03323199	         -0.01322692	         -0.01494020	         -0.92170005	          0.00000000	          0.00000000	          0.00000000	          7.06871158	         22.56495732	         13.66209709	          0.15746530	         -0.00291805	         -0.96043806	          0.00000000	          0.00000000	          0.00000000	         -2.63104242	         26.17378395	         14.25438734	          0.14392089	         -0.00230536	         -0.86411666	          0.00000000	          0.00000000	          0.00000000	         -6.38173369	        212.37845655	         46.73969775	          0.06405647	         -0.00866828	         -0.88991349	          0.00000000	          0.00000000	          0.00000000	          0.03806749	          0.10833923	          0.09274297	          0.24656693	          0.00427995	         -0.95189221	          0.00000000	          0.00000000	          0.00000000	         -0.00001363	          0.04126250	          0.03746364	          0.23300887	          0.00628791	         -0.85541855	          0.00000000	          0.00000000	          0.00000000	         -9.03997460	          7.15693869	          0.68452717	          0.15591181	          0.00123343	         -1.05950171	          0.00000000	          0.00000000	          0.00000000	         -0.00041905	          0.00034314	         -0.00009165	          0.33050018	          0.01085324	         -1.04044047	          0.00000000	          0.00000000	          0.00000000	         -0.00026022	          0.00019989	         -0.00003936	          0.30613428	          0.01176319	         -1.13459861	          0.00000000	          0.00000000	          0.00000000	         -0.09574245	          0.07423948	         -0.00386172	          0.22939846	          0.00647406	         -1.09987882	          0.00000000	          0.00000000	          0.00000000	          0.00000003	         -0.00000002	          0.00000001	          0.41833789	          0.01537279	         -1.05887949	          0.00000000	          0.00000000	          0.00000000	         -0.00000054	          0.00000042	         -0.00000015	          0.39438744	          0.01639253	         -1.15337463	          0.00000000	          0.00000000	          0.00000000	
          2.86000000	         53.09361256	        593.28332141	        -40.72147166	         -0.01397214	         -0.01589061	         -0.92114364	          0.00000000	          0.00000000	          0.00000000	          4.05345436	         15.24616253	          5.73790544	          0.15545297	         -0.00158658	         -0.96226910	          0.00000000	          0.00000000	          0.00000000	         -0.07788277	         20.13068801	          6.90553865	          0.14342831	         -0.00170235	         -0.86573870	          0.00000000	          0.00000000	          0.00000000	          7.29843969	        214.23660182	         28.68465838	          0.06348827	         -0.00887509	         -0.89042769	          0.00000000	          0.00000000	          0.00000000	          0.01261369	          0.03437086	          0.02315667	          0.24433413	          0.00630783	         -0.95499470	          0.00000000	          0.00000000	          0.00000000	          0.00145929	          0.01847197	          0.01172012	          0.23235993	          0.00730229	         -0.85824875	          0.00000000	          0.00000000	          0.00000000	        -30.59299376	         25.32132130	         -2.83114977	          0.17210310	         -0.00109146	         -1.05979896	          0.00000000	          0.00000000	          0.00000000	         -0.00007825	          0.00007083	         -0.00003624	          0.34503242	          0.01231540	         -1.03548710	          0.00000000	          0.00000000	          0.00000000	         -0.00014651	          0.00012082	         -0.00005068	          0.32362830	          0.01221571	         -1.13037961	          0.00000000	          0.00000000	          0.00000000	         -0.21495105	          0.17654335	         -0.04766251	          0.24633567	          0.00548870	         -1.09796685	          0.00000000	          0.00000000	          0.00000000	         -0.00000001	          0.00000001	         -0.00000001	          0.43295672	          0.01859626	         -1.05126155	          0.00000000	          0.00000000	          0.00000000	         -0.00000005	          0.00000005	         -0.00000003	          0.41196831	          0.01861542	         -1.14648025	          0.00000000	          0.00000000	          0.00000000	
          2.88000000	         62.19519835	        579.37467573	        -27.90563871	         -0.01463382	         -0.01650611	         -0.92080360	          0.00000000	          0.00000000	          0.00000000	          2.48732065	         12.27692254	          2.38325709	          0.15396891	         -0.00089398	         -0.96338009	          0.00000000	          0.00000000	          0.00000000	          1.03784479	         17.51933300	          3.11746933	          0.14286987	         -0.00134161	         -0.86674276	          0.00000000	          0.00000000	          0.00000000	         17.05805836	        216.91559434	         13.69737876	          0.06290936	         -0.00901897	         -0.89074897	          0.00000000	          0.00000000	          0.00000000	          0.00540881	          0.01918509	          0.00719073	          0.24270320	          0.00735513	         -0.95690394	          0.00000000	          0.00000000	          0.00000000	          0.00166602	          0.01380998	          0.00491435	          0.23172875	          0.00779283	         -0.86002303	          0.00000000	          0.00000000	          0.00000000	        -64.76512716	         56.75619825	        -15.07367862	          0.18655455	         -0.00273290	         -1.05773357	          0.00000000	          0.00000000	          0.00000000	         -0.00001382	          0.00001393	         -0.00000918	          0.35758568	          0.01379943	         -1.02824337	          0.00000000	          0.00000000	          0.00000000	         -0.00007899	          0.00007058	         -0.00003950	          0.33931771	          0.01270404	         -1.12376429	          0.00000000	          0.00000000	          0.00000000	         -0.32656380	          0.28748068	         -0.12030764	          0.26150696	          0.00486685	         -1.09367195	          0.00000000	          0.00000000	          0.00000000	         -0.00000000	          0.00000000	         -0.00000000	          0.44550194	          0.02148645	         -1.04135266	          0.00000000	          0.00000000	          0.00000000	         -0.00000001	          0.00000001	         -0.00000000	          0.42765085	          0.02051727	         -1.13718949	          0.00000000	          0.00000000	          0.00000000	
          2.90000000	         55.90321083	        556.68299740	        -30.95468285	         -0.01518832	         -0.01683725	         -0.92058836	          0.00000000	          0.00000000	          0.00000000	          2.21850400	         12.61188226	          2.66400865	          0.15293937	         -0.00074596	         -0.96431426	          0.00000000	          0.00000000	          0.00000000	          0.49112618	         16.17398781	          3.15631082	          0.14248584	         -0.00117347	         -0.86760461	          0.00000000	          0.00000000	          0.00000000	         13.03131487	        214.40422232	         14.55825814	          0.06246130	         -0.00910241	         -0.89106413	          0.00000000	          0.00000000	          0.00000000	          0.00441096	          0.01913526	          0.00755050	          0.24162952	          0.00756497	         -0.95847707	          0.00000000	          0.00000000	          0.00000000	          0.00099526	          0.01436064	          0.00542194	          0.23137359	          0.00784347	         -0.86151511	          0.00000000	          0.00000000	          0.00000000	        -76.69666064	         72.30966900	        -25.10404379	          0.19906675	         -0.00370530	         -1.05450293	          0.00000000	          0.00000000	          0.00000000	         -0.00000247	          0.00000281	         -0.00000205	          0.36818350	          0.01527765	         -1.02025814	          0.00000000	          0.00000000	          0.00000000	         -0.00004315	          0.00004232	         -0.00002655	          0.35300019	          0.01318721	         -1.11625163	          0.00000000	          0.00000000	          0.00000000	         -0.35835665	          0.34301476	         -0.16966949	          0.27470375	          0.00458051	         -1.08833900	          0.00000000	          0.00000000	          0.00000000	         -0.00000000	          0.00000000	         -0.00000000	          0.45604876	          0.02400284	         -1.03087931	          0.00000000	          0.00000000	          0.00000000	         -0.00000000	          0.00000000	         -0.00000000	          0.44128456	          0.02204358	         -1.12717978	          0.00000000	          0.00000000	          0.00000000	
          2.92000000	         45.14938694	        538.53198007	        -51.39471953	         -0.01562970	         -0.01696500	         -0.92034430	          0.00000000	          0.00000000	          0.00000000	          3.12966122	         14.16921187	          6.06240645	          0.15199983	         -0.00086454	         -0.96592976	          0.00000000	          0.00000000	          0.00000000	         -0.85884283	         13.64828189	          5.45603764	          0.14250074	         -0.00099242	         -0.86911826	          0.00000000	          0.00000000	          0.00000000	          0.30746958	        203.50240878	         30.23949610	          0.06227833	         -0.00906712	         -0.89168619	          0.00000000	          0.00000000	          0.00000000	          0.00614235	          0.02404114	          0.01773389	          0.24072255	          0.00737826	         -0.96109929	          0.00000000	          0.00000000	          0.00000000	         -0.00058372	          0.01421733	          0.01009459	          0.23148521	          0.00781316	         -0.86403730	          0.00000000	          0.00000000	          0.00000000	        -71.71503526	         74.58393891	        -30.35603334	          0.20908818	         -0.00413919	         -1.05109905	          0.00000000	          0.00000000	          0.00000000	         -0.00000051	          0.00000070	         -0.00000055	          0.37645333	          0.01663199	         -1.01265779	          0.00000000	          0.00000000	          0.00000000	         -0.00002742	          0.00003052	         -0.00002067	          0.36417060	          0.01354927	         -1.10895880	          0.00000000	          0.00000000	          0.00000000	         -0.32998408	          0.35374718	         -0.19532042	          0.28539294	          0.00450644	         -1.08302164	          0.00000000	          0.00000000	          0.00000000	         -0.00000000	          0.00000000	         -0.00000000	          0.46428202	          0.02603383	         -1.02104043	          0.00000000	          0.00000000	          0.00000000	         -0.00000000	          0.00000000	         -0.00000000	          0.45242203	          0.02308457	         -1.11764096	          0.00000000	          0.00000000	          0.00000000	
          2.94000000	         40.07262827	        532.53457362	        -67.08078454	         -0.01602658	         -0.01699316	         -0.92000103	          0.00000000	          0.00000000	          0.00000000	          4.99645635	         14.46492688	         11.50026920	          0.15067249	         -0.00095896	         -0.96896665	          0.00000000	          0.00000000	          0.00000000	         -1.52124426	          9.23076039	          6.97217393	          0.14293754	         -0.00059028	         -0.87200072	          0.00000000	          0.00000000	          0.00000000	        -11.33903490	        185.94010004	         57.39608230	          0.06235431	         -0.00886540	         -0.89293353	          0.00000000	          0.00000000	          0.00000000	          0.00640942	          0.02458773	          0.02249392	          0.23943774	          0.00726938	         -0.96594463	          0.00000000	          0.00000000	          0.00000000	         -0.00099487	          0.00919559	          0.00860666	          0.23201675	          0.00808820	         -0.86873680	          0.00000000	          0.00000000	          0.00000000	        -60.59965547	         73.34821433	        -37.10733672	          0.21619875	         -0.00426063	         -1.04794063	          0.00000000	          0.00000000	          0.00000000	         -0.00000013	          0.00000025	         -0.00000021	          0.38207673	          0.01770134	         -1.00587195	          0.00000000	          0.00000000	          0.00000000	         -0.00002288	          0.00003104	         -0.00002325	          0.37243984	          0.01363234	         -1.10232747	          0.00000000	          0.00000000	          0.00000000	         -0.29627234	          0.37967188	         -0.24306630	          0.29316733	          0.00445240	         -1.07815033	          0.00000000	          0.00000000	          0.00000000	         -0.00000000	          0.00000000	         -0.00000000	          0.46991896	          0.02745406	         -1.01227714	          0.00000000	          0.00000000	          0.00000000	         -0.00000000	          0.00000000	         -0.00000000	          0.46071002	          0.02351799	         -1.10902599	          0.00000000	          0.00000000	          0.00000000	
          2.96000000	         45.26711512	        540.04416505	        -87.07032853	         -0.01646909	         -0.01701801	         -0.91950669	          0.00000000	          0.00000000	          0.00000000	          4.73625153	         12.14430196	         10.72981866	          0.14842011	         -0.00083423	         -0.97408217	          0.00000000	          0.00000000	          0.00000000	         -1.17605853	          6.02195930	          5.60075214	          0.14377288	          0.00000896	         -0.87693114	          0.00000000	          0.00000000	          0.00000000	        -22.06650991	        175.96039979	        100.72910992	          0.06264972	         -0.00856524	         -0.89511668	          0.00000000	          0.00000000	          0.00000000	          0.00492609	          0.01666055	          0.01687340	          0.23715605	          0.00752110	         -0.97407047	          0.00000000	          0.00000000	          0.00000000	         -0.00050873	          0.00433459	          0.00448882	          0.23286459	          0.00872869	         -0.87669046	          0.00000000	          0.00000000	          0.00000000	        -43.85655019	         73.74042085	        -51.67905879	          0.22051982	         -0.00428575	         -1.04489907	          0.00000000	          0.00000000	          0.00000000	         -0.00000004	          0.00000013	         -0.00000012	          0.38519865	          0.01841676	         -0.99980074	          0.00000000	          0.00000000	          0.00000000	         -0.00002408	          0.00004568	         -0.00003875	          0.37788614	          0.01336521	         -1.09627466	          0.00000000	          0.00000000	          0.00000000	         -0.26055572	          0.46639775	         -0.36364116	          0.29812468	          0.00427391	         -1.07361961	          0.00000000	          0.00000000	          0.00000000	         -0.00000000	          0.00000000	         -0.00000000	          0.47310095	          0.02827409	         -1.00451185	          0.00000000	          0.00000000	          0.00000000	         -0.00000000	          0.00000000	         -0.00000000	          0.46622284	          0.02335237	         -1.10127400	          0.00000000	          0.00000000	          0.00000000	
          2.98000000	         53.99488543	        556.09110853	       -109.52374355	         -0.01698605	         -0.01710027	         -0.91876808	          0.00000000	          0.00000000	          0.00000000	          3.92030534	          8.57029767	          7.90907023	          0.14483801	         -0.00045368	         -0.98137105	          0.00000000	          0.00000000	          0.00000000	         -0.79284688	          4.72494935	          4.70118577	          0.14487897	          0.00056874	         -0.88411582	          0.00000000	          0.00000000	          0.00000000	        -26.06875723	        176.23415126	        144.21945854	          0.06309626	         -0.00832372	         -0.89829446	          0.00000000	          0.00000000	          0.00000000	          0.00293700	          0.00797211	          0.00868912	          0.23335291	          0.00813603	         -0.98572078	          0.00000000	          0.00000000	          0.00000000	         -0.00017992	          0.00208157	          0.00235279	          0.23378426	          0.00946029	         -0.88825327	          0.00000000	          0.00000000	          0.00000000	        -25.79728007	         75.05813216	        -62.45928420	          0.22281796	         -0.00432038	         -1.04177432	          0.00000000	          0.00000000	          0.00000000	         -0.00000001	          0.00000008	         -0.00000008	          0.38657138	          0.01888201	         -0.99438226	          0.00000000	          0.00000000	          0.00000000	         -0.00002869	          0.00008173	         -0.00007330	          0.38115181	          0.01286085	         -1.09075848	          0.00000000	          0.00000000	          0.00000000	         -0.21932791	          0.61889658	         -0.53345133	          0.30096631	          0.00397369	         -1.06930838	          0.00000000	          0.00000000	          0.00000000	         -0.00000000	          0.00000000	         -0.00000000	          0.47454465	          0.02871565	         -0.99776602	          0.00000000	          0.00000000	          0.00000000	         -0.00000000	          0.00000000	         -0.00000000	          0.46956591	          0.02281972	         -1.09442667	          0.00000000	          0.00000000	          0.00000000	
          3.00000000	         62.92009468	        569.15913063	       -123.52571623	         -0.01753504	         -0.01723961	         -0.91777586	          0.00000000	          0.00000000	          0.00000000	          3.14373411	          5.89431838	          5.45273144	          0.13994869	          0.00008437	         -0.98997686	          0.00000000	          0.00000000	          0.00000000	         -0.54225648	          4.70540713	          4.87870386	          0.14593533	          0.00084554	         -0.89289645	          0.00000000	          0.00000000	          0.00000000	        -19.75067462	        187.38425149	        169.06924310	          0.06354507	         -0.00826613	         -0.90214324	          0.00000000	          0.00000000	          0.00000000	          0.00160880	          0.00355207	          0.00396969	          0.22792939	          0.00891309	         -0.99964643	          0.00000000	          0.00000000	          0.00000000	         -0.00004034	          0.00148287	          0.00175910	          0.23433575	          0.00993217	         -0.90237402	          0.00000000	          0.00000000	          0.00000000	        -19.04114050	         74.11937704	        -63.92530112	          0.22416521	         -0.00433740	         -1.03854255	          0.00000000	          0.00000000	          0.00000000	         -0.00000001	          0.00000005	         -0.00000004	          0.38727140	          0.01930965	         -0.98981645	          0.00000000	          0.00000000	          0.00000000	         -0.00003939	          0.00013916	         -0.00012412	          0.38317527	          0.01234427	         -1.08600335	          0.00000000	          0.00000000	          0.00000000	         -0.21572782	          0.77895333	         -0.68175131	          0.30269341	          0.00367719	         -1.06531647	          0.00000000	          0.00000000	          0.00000000	         -0.00000000	          0.00000000	         -0.00000000	          0.47529234	          0.02909750	         -0.99237096	          0.00000000	          0.00000000	          0.00000000	         -0.00000000	          0.00000000	         -0.00000000	          0.47164195	          0.02225265	         -1.08884055	          0.00000000	          0.00000000	          0.00000000	
          3.02000000	         65.36925332	        569.80937243	       -125.00286932	         -0.01805445	         -0.01737951	         -0.91662588	          0.00000000	          0.00000000	          0.00000000	          2.65586183	          4.52309687	          3.88850384	          0.13447758	          0.00063075	         -0.99818012	          0.00000000	          0.00000000	          0.00000000	         -0.24730264	          5.36366821	          5.45221360	          0.14659335	          0.00076571	         -0.90166121	          0.00000000	          0.00000000	          0.00000000	         -6.17185712	        199.91325037	        172.43935168	          0.06381802	         -0.00839774	         -0.90591769	          0.00000000	          0.00000000	          0.00000000	          0.00094190	          0.00184544	          0.00193195	          0.22163736	          0.00960797	         -1.01316760	          0.00000000	          0.00000000	          0.00000000	          0.00007201	          0.00162058	          0.00185728	          0.23419717	          0.00997001	         -0.91647818	          0.00000000	          0.00000000	          0.00000000	        -22.29674954	         68.27949613	        -57.27211971	          0.22545901	         -0.00424082	         -1.03528579	          0.00000000	          0.00000000	          0.00000000	         -0.00000001	          0.00000002	         -0.00000002	          0.38821868	          0.01988485	         -0.98633999	          0.00000000	          0.00000000	          0.00000000	         -0.00006383	          0.00018781	         -0.00015792	          0.38479117	          0.01200399	         -1.08227010	          0.00000000	          0.00000000	          0.00000000	         -0.27897536	          0.83238852	         -0.69858861	          0.30416946	          0.00352630	         -1.06181518	          0.00000000	          0.00000000	          0.00000000	         -0.00000000	          0.00000000	         -0.00000000	          0.47625346	          0.02965517	         -0.98865593	          0.00000000	          0.00000000	          0.00000000	         -0.00000000	          0.00000000	         -0.00000000	          0.47327431	          0.02189084	         -1.08486975	          0.00000000	          0.00000000	          0.00000000	
          3.04000000	         63.50020364	        557.25521795	       -108.77252407	         -0.01851052	         -0.01745207	         -0.91547298	          0.00000000	          0.00000000	          0.00000000	          2.37686785	          3.87455589	          2.99721694	          0.12950412	          0.00106253	         -1.00455215	          0.00000000	          0.00000000	          0.00000000	          0.09713897	          6.96750924	          6.74149934	          0.14681481	          0.00038990	         -0.90883750	          0.00000000	          0.00000000	          0.00000000	          7.10989726	        214.06032735	        140.09089095	          0.06387501	         -0.00864799	         -0.90891310	          0.00000000	          0.00000000	          0.00000000	          0.00069790	          0.00130925	          0.00123378	          0.21578218	          0.01004394	         -1.02393787	          0.00000000	          0.00000000	          0.00000000	          0.00027237	          0.00276113	          0.00293797	          0.23355629	          0.00957558	         -0.92807172	          0.00000000	          0.00000000	          0.00000000	        -25.79849660	         57.91395020	        -45.89533042	          0.22722938	         -0.00395352	         -1.03203517	          0.00000000	          0.00000000	          0.00000000	         -0.00000000	          0.00000001	         -0.00000001	          0.38994195	          0.02070210	         -0.98399755	          0.00000000	          0.00000000	          0.00000000	         -0.00008328	          0.00018883	         -0.00012657	          0.38653245	          0.01192423	         -1.07961625	          0.00000000	          0.00000000	          0.00000000	         -0.33307844	          0.72549360	         -0.55555237	          0.30592606	          0.00360128	         -1.05884914	          0.00000000	          0.00000000	          0.00000000	         -0.00000000	          0.00000000	         -0.00000000	          0.47795849	          0.03048955	         -0.98667654	          0.00000000	          0.00000000	          0.00000000	         -0.00000000	          0.00000000	         -0.00000000	          0.47499756	          0.02182488	         -1.08258296	          0.00000000	          0.00000000	          0.00000000	
          3.06000000	         61.16577223	        538.56522534	        -83.92483470	         -0.01890563	         -0.01742371	         -0.91446300	          0.00000000	          0.00000000	          0.00000000	          2.32518555	          3.71836602	          2.49404903	          0.12580083	          0.00129382	         -1.00866092	          0.00000000	          0.00000000	          0.00000000	          0.73642697	         10.25132728	          9.22108046	          0.14681518	         -0.00020519	         -0.91372845	          0.00000000	          0.00000000	          0.00000000	         16.24005230	        226.77484710	         86.42816511	          0.06380237	         -0.00895636	         -0.91084932	          0.00000000	          0.00000000	          0.00000000	          0.00072770	          0.00137209	          0.00112387	          0.21139050	          0.01011547	         -1.03112053	          0.00000000	          0.00000000	          0.00000000	          0.00091481	          0.00667401	          0.00638236	          0.23288349	          0.00880251	         -0.93605071	          0.00000000	          0.00000000	          0.00000000	        -27.07205926	         44.56425763	        -30.71681753	          0.22981981	         -0.00344514	         -1.02887064	          0.00000000	          0.00000000	          0.00000000	         -0.00000000	          0.00000000	         -0.00000000	          0.39273627	          0.02179155	         -0.98277014	          0.00000000	          0.00000000	          0.00000000	         -0.00008308	          0.00013874	         -0.00005721	          0.38876652	          0.01212526	         -1.07802378	          0.00000000	          0.00000000	          0.00000000	         -0.32686836	          0.50515959	         -0.30869288	          0.30832100	          0.00392719	         -1.05644987	          0.00000000	          0.00000000	          0.00000000	         -0.00000000	          0.00000000	         -0.00000000	          0.48069854	          0.03162759	         -0.98635960	          0.00000000	          0.00000000	          0.00000000	         -0.00000000	          0.00000000	         -0.00000000	          0.47717536	          0.02207181	         -1.08190776	          0.00000000	          0.00000000	          0.00000000	
          3.08000000	         59.75261960	        520.00463836	        -40.62985277	         -0.01926977	         -0.01730316	         -0.91376680	          0.00000000	          0.00000000	          0.00000000	          1.31970320	          4.07294913	          1.05206879	          0.12379992	          0.00127262	         -1.01054189	          0.00000000	          0.00000000	          0.00000000	          1.37073737	         16.76872953	          5.41635877	          0.14676642	         -0.00089960	         -0.91611504	          0.00000000	          0.00000000	          0.00000000	         21.30616545	        236.19618759	         28.94337813	          0.06366110	         -0.00926205	         -0.91169561	          0.00000000	          0.00000000	          0.00000000	          0.00079216	          0.00213186	          0.00099294	          0.20907240	          0.00979701	         -1.03459235	          0.00000000	          0.00000000	          0.00000000	          0.00247071	          0.01940076	          0.01031717	          0.23252889	          0.00779564	         -0.94003609	          0.00000000	          0.00000000	          0.00000000	        -24.14726058	         30.32967720	        -14.58130532	          0.23353939	         -0.00271617	         -1.02625296	          0.00000000	          0.00000000	          0.00000000	         -0.00000000	          0.00000000	         -0.00000000	          0.39680689	          0.02314219	         -0.98285137	          0.00000000	          0.00000000	          0.00000000	         -0.00006098	          0.00007241	         -0.00000636	          0.39184880	          0.01262528	         -1.07769735	          0.00000000	          0.00000000	          0.00000000	         -0.23225128	          0.27379833	         -0.08923031	          0.31169145	          0.00451377	         -1.05495180	          0.00000000	          0.00000000	          0.00000000	         -0.00000000	         -0.00000000	          0.00000000	          0.48466823	          0.03306125	         -0.98775724	          0.00000000	          0.00000000	          0.00000000	         -0.00000000	          0.00000000	          0.00000000	          0.48015285	          0.02265279	         -1.08290651	          0.00000000	          0.00000000	          0.00000000	
          3.10000000	         53.16132986	        504.96015881	         -1.76098555	         -0.01960331	         -0.01712143	         -0.91348808	          0.00000000	          0.00000000	          0.00000000	         -0.05901363	          5.02842543	         -0.62740802	          0.12345909	          0.00099275	         -1.01062329	          0.00000000	          0.00000000	          0.00000000	          1.75355209	         26.97580672	         -3.77849241	          0.14676674	         -0.00160689	         -0.91632331	          0.00000000	          0.00000000	          0.00000000	         21.45922489	        243.90817180	        -17.45984590	          0.06350441	         -0.00953479	         -0.91166216	          0.00000000	          0.00000000	          0.00000000	         -0.00021523	          0.00467886	         -0.00090624	          0.20881033	          0.00912320	         -1.03492495	          0.00000000	          0.00000000	          0.00000000	          0.00177157	          0.06003873	         -0.01255707	          0.23261581	          0.00668181	         -0.94049734	          0.00000000	          0.00000000	          0.00000000	        -16.03089592	         17.15501404	         -3.53115274	          0.23871370	         -0.00178303	         -1.02469999	          0.00000000	          0.00000000	          0.00000000	         -0.00000000	          0.00000000	          0.00000000	          0.40234199	          0.02473193	         -0.98434898	          0.00000000	          0.00000000	          0.00000000	         -0.00002325	          0.00002543	          0.00000498	          0.39618290	          0.01345765	         -1.07877563	          0.00000000	          0.00000000	          0.00000000	         -0.10458539	          0.11109847	         -0.00242840	          0.31640895	          0.00537112	         -1.05468626	          0.00000000	          0.00000000	          0.00000000	         -0.00000000	         -0.00000000	          0.00000000	          0.49004648	          0.03478203	         -0.99076482	          0.00000000	          0.00000000	          0.00000000	         -0.00000000	          0.00000000	          0.00000000	          0.48432486	          0.02361500	         -1.08550429	          0.00000000	          0.00000000	          0.00000000	
          3.12000000	         42.08097169	        493.02358150	         21.83942414	         -0.01986666	         -0.01690991	         -0.91355703	          0.00000000	          0.00000000	          0.00000000	         -1.47185813	          6.81726553	         -2.31896425	          0.12432218	          0.00048308	         -1.00954716	          0.00000000	          0.00000000	          0.00000000	          1.81536848	         39.97078371	        -16.04744419	          0.14684876	         -0.00230263	         -0.91507877	          0.00000000	          0.00000000	          0.00000000	         18.74944666	        251.52798063	        -44.85883739	          0.06338518	         -0.00977850	         -0.91107552	          0.00000000	          0.00000000	          0.00000000	         -0.00399654	          0.01351575	         -0.00768191	          0.21002874	          0.00815429	         -1.03317612	          0.00000000	          0.00000000	          0.00000000	         -0.00655405	          0.18708196	         -0.11800674	          0.23305813	          0.00551689	         -0.93857728	          0.00000000	          0.00000000	          0.00000000	         -7.34596616	          7.37877326	          0.46721144	          0.24556118	         -0.00065848	         -1.02466518	          0.00000000	          0.00000000	          0.00000000	         -0.00000000	          0.00000000	          0.00000000	          0.40946056	          0.02653297	         -0.98732769	          0.00000000	          0.00000000	          0.00000000	         -0.00000537	          0.00000587	          0.00000221	          0.40208031	          0.01464474	         -1.08136479	          0.00000000	          0.00000000	          0.00000000	         -0.03172277	          0.03285926	          0.00716332	          0.32274459	          0.00650559	         -1.05593629	          0.00000000	          0.00000000	          0.00000000	         -0.00000000	         -0.00000000	          0.00000000	          0.49695604	          0.03676898	         -0.99524926	          0.00000000	          0.00000000	          0.00000000	         -0.00000000	          0.00000000	          0.00000000	          0.49000718	          0.02498790	         -1.08960843	          0.00000000	          0.00000000	          0.00000000	
          3.14000000	         29.25986971	        482.26225411	         32.85451495	         -0.02003431	         -0.01668643	         -0.91385472	          0.00000000	          0.00000000	          0.00000000	         -3.25804754	         10.41071447	         -4.51802110	          0.12583357	         -0.00020017	         -1.00792896	          0.00000000	          0.00000000	          0.00000000	          1.71806406	         52.99888932	        -27.18687761	          0.14698224	         -0.00294966	         -0.91313836	          0.00000000	          0.00000000	          0.00000000	         14.94551150	        255.40101279	        -56.71682727	          0.06331934	         -0.00998445	         -0.91025489	          0.00000000	          0.00000000	          0.00000000	         -0.01862168	          0.04557412	         -0.03342386	          0.21201624	          0.00698199	         -1.03040725	          0.00000000	          0.00000000	          0.00000000	         -0.03326131	          0.52563973	         -0.42784575	          0.23367027	          0.00437443	         -0.93548085	          0.00000000	          0.00000000	          0.00000000	         -3.02007821	          3.00681807	          0.91540736	          0.25409094	          0.00066464	         -1.02665379	          0.00000000	          0.00000000	          0.00000000	         -0.00000000	          0.00000000	          0.00000000	          0.41815800	          0.02850842	         -0.99207796	          0.00000000	          0.00000000	          0.00000000	         -0.00000082	          0.00000091	          0.00000049	          0.40962679	          0.01617136	         -1.08578587	          0.00000000	          0.00000000	          0.00000000	         -0.00668235	          0.00696511	          0.00293108	          0.33074847	          0.00791403	         -1.05911706	          0.00000000	          0.00000000	          0.00000000	         -0.00000000	         -0.00000000	          0.00000000	          0.50541075	          0.03896750	         -1.00139376	          0.00000000	          0.00000000	          0.00000000	         -0.00000000	          0.00000000	          0.00000000	          0.49730448	          0.02673853	         -1.09543211	          0.00000000	          0.00000000	          0.00000000	
          3.16000000	         16.72952676	        473.07533187	         39.05239312	         -0.02011735	         -0.01646079	         -0.91431398	          0.00000000	          0.00000000	          0.00000000	         -6.53551413	         17.86459298	         -8.69566616	          0.12761126	         -0.00096598	         -1.00613169	          0.00000000	          0.00000000	          0.00000000	          1.69892408	         60.29938031	        -34.51134106	          0.14709320	         -0.00343030	         -0.91095330	          0.00000000	          0.00000000	          0.00000000	         11.32675264	        250.05561067	        -61.10763108	          0.06327521	         -0.01009847	         -0.90939263	          0.00000000	          0.00000000	          0.00000000	         -0.06584490	          0.14844938	         -0.11715525	          0.21428513	          0.00576227	         -1.02724267	          0.00000000	          0.00000000	          0.00000000	         -0.07470681	          1.08524939	         -0.97580865	          0.23427223	          0.00343903	         -0.93192194	          0.00000000	          0.00000000	          0.00000000	         -1.09825296	          1.12343565	          0.58113257	          0.26409028	          0.00220552	         -1.03115662	          0.00000000	          0.00000000	          0.00000000	         -0.00000000	          0.00000000	          0.00000000	          0.42828032	          0.03060695	         -0.99906832	          0.00000000	          0.00000000	          0.00000000	         -0.00000009	          0.00000011	          0.00000007	          0.41865658	          0.01797397	         -1.09251230	          0.00000000	          0.00000000	          0.00000000	         -0.00101216	          0.00108938	          0.00065908	          0.34023073	          0.00957426	         -1.06471096	          0.00000000	          0.00000000	          0.00000000	         -0.00000000	         -0.00000000	          0.00000000	          0.51528282	          0.04128379	         -1.00965535	          0.00000000	          0.00000000	          0.00000000	         -0.00000000	          0.00000000	          0.00000000	          0.50607755	          0.02876054	         -1.10343729	          0.00000000	          0.00000000	          0.00000000	
          3.18000000	         11.05505918	        470.16433246	         40.75624200	         -0.02017370	         -0.01625597	         -0.91489628	          0.00000000	          0.00000000	          0.00000000	        -10.70072665	         28.61214408	        -14.70175715	          0.12940539	         -0.00170428	         -1.00430366	          0.00000000	          0.00000000	          0.00000000	          2.47575444	         58.11849350	        -34.70290793	          0.14707391	         -0.00360750	         -0.90872072	          0.00000000	          0.00000000	          0.00000000	         11.16346730	        236.42151323	        -60.16080072	          0.06317511	         -0.01006345	         -0.90856845	          0.00000000	          0.00000000	          0.00000000	         -0.16483925	          0.38424540	         -0.30826715	          0.21652741	          0.00468592	         -1.02394757	          0.00000000	          0.00000000	          0.00000000	         -0.06512484	          1.42229217	         -1.28748187	          0.23469809	          0.00292868	         -0.92821571	          0.00000000	          0.00000000	          0.00000000	         -0.23061404	          0.25047870	          0.17581337	          0.27505567	          0.00396246	         -1.03847870	          0.00000000	          0.00000000	          0.00000000	         -0.00000000	         -0.00000000	          0.00000000	          0.43941708	          0.03273785	         -1.00868220	          0.00000000	          0.00000000	          0.00000000	         -0.00000001	          0.00000001	          0.00000001	          0.42870398	          0.01992179	         -1.10190767	          0.00000000	          0.00000000	          0.00000000	         -0.00012258	          0.00014044	          0.00010823	          0.35070466	          0.01141937	         -1.07305130	          0.00000000	          0.00000000	          0.00000000	         -0.00000000	         -0.00000000	          0.00000000	          0.52619318	          0.04356582	         -1.02045195	          0.00000000	          0.00000000	          0.00000000	         -0.00000000	          0.00000000	          0.00000000	          0.51589251	          0.03086106	         -1.11402207	          0.00000000	          0.00000000	          0.00000000	
          3.20000000	         16.13048574	        476.15878638	         37.66062373	         -0.02029710	         -0.01611199	         -0.91553492	          0.00000000	          0.00000000	          0.00000000	        -12.81026609	         39.25524597	        -19.62823254	          0.13097377	         -0.00233235	         -1.00255332	          0.00000000	          0.00000000	          0.00000000	          3.76770167	         49.52770721	        -28.28352848	          0.14682062	         -0.00344605	         -0.90660188	          0.00000000	          0.00000000	          0.00000000	         15.18556234	        221.59042524	        -54.28922261	          0.06292508	         -0.00988379	         -0.90783024	          0.00000000	          0.00000000	          0.00000000	         -0.28196996	          0.72406259	         -0.59045607	          0.21846286	          0.00388419	         -1.02074555	          0.00000000	          0.00000000	          0.00000000	          0.00124155	          1.23255373	         -1.11129880	          0.23480724	          0.00292360	         -0.92463995	          0.00000000	          0.00000000	          0.00000000	         -0.03191433	          0.03739705	          0.03146129	          0.28637882	          0.00590463	         -1.04850371	          0.00000000	          0.00000000	          0.00000000	         -0.00000000	         -0.00000000	          0.00000000	          0.45103353	          0.03481203	         -1.02091993	          0.00000000	          0.00000000	          0.00000000	         -0.00000000	          0.00000000	          0.00000000	          0.43918100	          0.02187079	         -1.11393809	          0.00000000	          0.00000000	          0.00000000	         -0.00001338	          0.00001658	          0.00001490	          0.36157018	          0.01336063	         -1.08406137	          0.00000000	          0.00000000	          0.00000000	         -0.00000000	         -0.00000000	          0.00000000	          0.53762934	          0.04567521	         -1.03383392	          0.00000000	          0.00000000	          0.00000000	         -0.00000000	         -0.00000000	          0.00000000	          0.52618426	          0.03284562	         -1.12720271	          0.00000000	          0.00000000	          0.00000000	
          3.22000000	         29.68391254	        486.47199202	         32.33138343	         -0.02055974	         -0.01605359	         -0.91615294	          0.00000000	          0.00000000	          0.00000000	        -11.88679326	         48.28824938	        -21.95527706	          0.13215556	         -0.00283276	         -1.00096726	          0.00000000	          0.00000000	          0.00000000	          4.70035248	         40.57384379	        -20.64561105	          0.14630486	         -0.00305869	         -0.90472612	          0.00000000	          0.00000000	          0.00000000	         21.29735571	        211.83233067	        -46.60683865	          0.06247909	         -0.00963224	         -0.90720457	          0.00000000	          0.00000000	          0.00000000	         -0.32398641	          1.06143473	         -0.80706551	          0.21992022	          0.00335484	         -1.01783087	          0.00000000	          0.00000000	          0.00000000	          0.04911352	          0.85056069	         -0.69385826	          0.23456207	          0.00328824	         -0.92143215	          0.00000000	          0.00000000	          0.00000000	         -0.00339246	          0.00420598	          0.00387866	          0.29770434	          0.00799638	         -1.06059968	          0.00000000	          0.00000000	          0.00000000	         -0.00000000	         -0.00000000	          0.00000000	          0.46278014	          0.03682470	         -1.03529584	          0.00000000	          0.00000000	          0.00000000	         -0.00000000	          0.00000000	          0.00000000	          0.44969138	          0.02377166	         -1.12808550	          0.00000000	          0.00000000	          0.00000000	         -0.00000136	          0.00000180	          0.00000176	          0.37245010	          0.01535412	         -1.09716444	          0.00000000	          0.00000000	          0.00000000	         -0.00000000	         -0.00000000	          0.00000000	          0.54923148	          0.04760999	         -1.04938329	          0.00000000	          0.00000000	          0.00000000	         -0.00000000	         -0.00000000	          0.00000000	          0.53654643	          0.03466704	         -1.14252902	          0.00000000	          0.00000000	          0.00000000	
          3.24000000	         44.65623827	        491.58371801	         28.07220146	         -0.02096711	         -0.01605648	         -0.91670209	          0.00000000	          0.00000000	          0.00000000	         -9.46432019	         56.48057695	        -22.46299493	          0.13295581	         -0.00324438	         -0.99956177	          0.00000000	          0.00000000	          0.00000000	          5.04848440	         34.70704482	        -15.15431704	          0.14560324	         -0.00264348	         -0.90311820	          0.00000000	          0.00000000	          0.00000000	         26.80269701	        208.45032027	        -39.29283387	          0.06187473	         -0.00939998	         -0.90667961	          0.00000000	          0.00000000	          0.00000000	         -0.30226375	          1.40643312	         -0.93100280	          0.22092764	          0.00297701	         -1.01526281	          0.00000000	          0.00000000	          0.00000000	          0.05920178	          0.59801060	         -0.41975415	          0.23406283	          0.00374278	         -0.91865930	          0.00000000	          0.00000000	          0.00000000	         -0.00029591	          0.00036948	          0.00035257	          0.30912946	          0.01022154	         -1.07393757	          0.00000000	          0.00000000	          0.00000000	         -0.00000000	         -0.00000000	          0.00000000	          0.47468707	          0.03888431	         -1.05115485	          0.00000000	          0.00000000	          0.00000000	         -0.00000000	          0.00000000	          0.00000000	          0.46020593	          0.02572838	         -1.14367916	          0.00000000	          0.00000000	          0.00000000	         -0.00000012	          0.00000016	          0.00000016	          0.38337705	          0.01744295	         -1.11160926	          0.00000000	          0.00000000	          0.00000000	         -0.00000000	         -0.00000000	          0.00000000	          0.56097851	          0.04954543	         -1.06653552	          0.00000000	          0.00000000	          0.00000000	         -0.00000000	         -0.00000000	          0.00000000	          0.54689788	          0.03649641	         -1.15942117	          0.00000000	          0.00000000	          0.00000000	
          3.26000000	         52.59353505	        482.61002219	         26.99688878	         -0.02145862	         -0.01604736	         -0.91717662	          0.00000000	          0.00000000	          0.00000000	         -8.09949536	         64.84974680	        -23.54987605	          0.13353244	         -0.00361884	         -0.99825985	          0.00000000	          0.00000000	          0.00000000	          5.04446179	         32.30462211	        -12.69202253	          0.14485668	         -0.00236507	         -0.90167705	          0.00000000	          0.00000000	          0.00000000	         29.50892473	        207.89805069	        -34.74600958	          0.06121173	         -0.00923527	         -0.90620161	          0.00000000	          0.00000000	          0.00000000	         -0.32150150	          1.90466739	         -1.15140124	          0.22168640	          0.00259850	         -1.01292146	          0.00000000	          0.00000000	          0.00000000	          0.05823128	          0.51484359	         -0.32704474	          0.23349393	          0.00402336	         -0.91617656	          0.00000000	          0.00000000	          0.00000000	         -0.00002098	          0.00002507	          0.00002407	          0.32112802	          0.01258826	         -1.08796830	          0.00000000	          0.00000000	          0.00000000	         -0.00000000	         -0.00000000	          0.00000000	          0.48711462	          0.04117507	         -1.06811333	          0.00000000	          0.00000000	          0.00000000	         -0.00000000	          0.00000000	          0.00000000	          0.47101557	          0.02796634	         -1.16033969	          0.00000000	          0.00000000	          0.00000000	         -0.00000001	          0.00000001	          0.00000001	          0.39473201	          0.01974416	         -1.12693086	          0.00000000	          0.00000000	          0.00000000	         -0.00000000	         -0.00000000	          0.00000000	          0.57315248	          0.05177515	         -1.08500195	          0.00000000	          0.00000000	          0.00000000	         -0.00000000	         -0.00000000	          0.00000000	          0.55744991	          0.03866970	         -1.17759533	          0.00000000	          0.00000000	          0.00000000	
          3.28000000	         49.33673839	        457.66454149	         32.53727279	         -0.02194238	         -0.01593961	         -0.91762855	          0.00000000	          0.00000000	          0.00000000	        -10.66746879	         73.58843858	        -28.70555347	          0.13414278	         -0.00398444	         -0.99687696	          0.00000000	          0.00000000	          0.00000000	          4.90794251	         31.80230268	        -13.28827610	          0.14417822	         -0.00225225	         -0.90018130	          0.00000000	          0.00000000	          0.00000000	         28.75965836	        203.87375464	        -35.01550775	          0.06058752	         -0.00910864	         -0.90568608	          0.00000000	          0.00000000	          0.00000000	         -0.52626120	          2.71570055	         -1.77506275	          0.22249773	          0.00212916	         -1.01048157	          0.00000000	          0.00000000	          0.00000000	          0.05817263	          0.54682266	         -0.37320670	          0.23301221	          0.00404009	         -0.91362108	          0.00000000	          0.00000000	          0.00000000	         -0.00000118	          0.00000132	          0.00000128	          0.33423173	          0.01510673	         -1.10266107	          0.00000000	          0.00000000	          0.00000000	         -0.00000000	         -0.00000000	          0.00000000	          0.50046527	          0.04387652	         -1.08622331	          0.00000000	          0.00000000	          0.00000000	         -0.00000000	          0.00000000	          0.00000000	          0.48248387	          0.03072145	         -1.17813201	          0.00000000	          0.00000000	          0.00000000	         -0.00000000	          0.00000000	          0.00000000	          0.40696218	          0.02238154	         -1.14314621	          0.00000000	          0.00000000	          0.00000000	         -0.00000000	         -0.00000000	          0.00000000	          0.58607786	          0.05458931	         -1.10488825	          0.00000000	          0.00000000	          0.00000000	         -0.00000000	         -0.00000000	          0.00000000	          0.56848672	          0.04153505	         -1.19717050	          0.00000000	          0.00000000	          0.00000000	
          3.30000000	         41.02295393	        423.74452446	         40.38795178	         -0.02235527	         -0.01568151	         -0.91814800	          0.00000000	          0.00000000	          0.00000000	        -17.26676102	         83.01556537	        -39.87040504	          0.13501063	         -0.00435205	         -0.99520084	          0.00000000	          0.00000000	          0.00000000	          4.84896704	         30.45515554	        -15.47776493	          0.14357154	         -0.00219010	         -0.89839806	          0.00000000	          0.00000000	          0.00000000	         26.92378938	        191.95939718	        -39.20439240	          0.06002827	         -0.00893277	         -0.90506264	          0.00000000	          0.00000000	          0.00000000	         -1.03934971	          3.92863348	         -3.16959186	          0.22360682	          0.00156220	         -1.00755478	          0.00000000	          0.00000000	          0.00000000	          0.06405532	          0.61816756	         -0.51683038	          0.23264236	          0.00391208	         -0.91058372	          0.00000000	          0.00000000	          0.00000000	         -0.00000006	          0.00000006	          0.00000006	          0.34869283	          0.01775802	         -1.11843710	          0.00000000	          0.00000000	          0.00000000	          0.00000000	         -0.00000000	         -0.00000000	          0.51487000	          0.04708753	         -1.10583318	          0.00000000	          0.00000000	          0.00000000	          0.00000000	         -0.00000000	         -0.00000000	          0.49477975	          0.03412316	         -1.19741290	          0.00000000	          0.00000000	          0.00000000	         -0.00000000	          0.00000000	          0.00000000	          0.42027986	          0.02541062	         -1.16064498	          0.00000000	          0.00000000	          0.00000000	          0.00000000	         -0.00000000	         -0.00000000	          0.59983331	          0.05816133	         -1.12650878	          0.00000000	          0.00000000	          0.00000000	          0.00000000	         -0.00000000	         -0.00000000	          0.58012416	          0.04529763	         -1.21846946	          0.00000000	          0.00000000	          0.00000000	
          3.32000000	         34.20993865	        388.79443130	         55.80327041	         -0.02270083	         -0.01527421	         -0.91887865	          0.00000000	          0.00000000	          0.00000000	        -27.83465845	         95.22288447	        -58.34858456	          0.13623666	         -0.00475507	         -0.99311381	          0.00000000	          0.00000000	          0.00000000	          4.78837717	         25.34274322	        -16.12659139	          0.14292221	         -0.00199231	         -0.89622451	          0.00000000	          0.00000000	          0.00000000	         26.31008601	        170.38756723	        -41.42286190	          0.05946822	         -0.00860855	         -0.90435350	          0.00000000	          0.00000000	          0.00000000	         -1.67823558	          5.61123502	         -4.89316906	          0.22510841	          0.00091450	         -1.00387734	          0.00000000	          0.00000000	          0.00000000	          0.06457422	          0.59542425	         -0.54331843	          0.23226304	          0.00387701	         -0.90681643	          0.00000000	          0.00000000	          0.00000000	         -0.00000000	          0.00000000	          0.00000000	          0.36437411	          0.02048396	         -1.13597075	          0.00000000	          0.00000000	          0.00000000	          0.00000000	         -0.00000000	         -0.00000000	          0.53009826	          0.05080101	         -1.12739151	          0.00000000	          0.00000000	          0.00000000	          0.00000000	         -0.00000000	         -0.00000000	          0.50778076	          0.03816470	         -1.21863836	          0.00000000	          0.00000000	          0.00000000	          0.00000000	         -0.00000000	         -0.00000000	          0.43455884	          0.02879867	         -1.17999371	          0.00000000	          0.00000000	          0.00000000	          0.00000000	         -0.00000000	         -0.00000000	          0.61417027	          0.06251288	         -1.15019227	          0.00000000	          0.00000000	          0.00000000	          0.00000000	         -0.00000000	         -0.00000000	          0.59222164	          0.04998003	         -1.24182787	          0.00000000	          0.00000000	          0.00000000	
          3.34000000	         34.14775731	        352.89843029	         69.65799303	         -0.02304248	         -0.01473838	         -0.91997652	          0.00000000	          0.00000000	          0.00000000	        -39.30750786	        115.25029969	        -83.59773430	          0.13775524	         -0.00528088	         -0.99069362	          0.00000000	          0.00000000	          0.00000000	          4.14715471	         16.89382932	        -12.32379024	          0.14207938	         -0.00151246	         -0.89380574	          0.00000000	          0.00000000	          0.00000000	         27.05542284	        142.08058702	        -37.12751466	          0.05879776	         -0.00806598	         -0.90371160	          0.00000000	          0.00000000	          0.00000000	         -2.56237998	          8.69537548	         -7.80592321	          0.22691158	          0.00013817	         -0.99949689	          0.00000000	          0.00000000	          0.00000000	          0.05823740	          0.42965840	         -0.39950848	          0.23169654	          0.00412484	         -0.90243688	          0.00000000	          0.00000000	          0.00000000	         -0.00000000	          0.00000000	          0.00000000	          0.38075758	          0.02317906	         -1.15571939	          0.00000000	          0.00000000	          0.00000000	          0.00000000	         -0.00000000	         -0.00000000	          0.54559449	          0.05488882	         -1.15109865	          0.00000000	          0.00000000	          0.00000000	          0.00000000	         -0.00000000	         -0.00000000	          0.52103869	          0.04270044	         -1.24201372	          0.00000000	          0.00000000	          0.00000000	          0.00000000	         -0.00000000	         -0.00000000	          0.44931935	          0.03241974	         -1.20152527	          0.00000000	          0.00000000	          0.00000000	          0.00000000	         -0.00000000	         -0.00000000	          0.62854338	          0.06749882	         -1.17599985	          0.00000000	          0.00000000	          0.00000000	          0.00000000	         -0.00000000	         -0.00000000	          0.60434137	          0.05541966	         -1.26731116	          0.00000000	          0.00000000	          0.00000000	
          3.36000000	         37.24909814	        308.71415958	         73.53979219	         -0.02344167	         -0.01405934	         -0.92149779	          0.00000000	          0.00000000	          0.00000000	        -44.50152582	        151.48784844	       -102.69188716	          0.13929044	         -0.00606366	         -0.98840913	          0.00000000	          0.00000000	          0.00000000	          2.60702113	          9.17058226	         -5.90077830	          0.14104461	         -0.00075583	         -0.89172927	          0.00000000	          0.00000000	          0.00000000	         24.99309717	        112.88666133	        -22.21595883	          0.05799613	         -0.00729585	         -0.90346005	          0.00000000	          0.00000000	          0.00000000	         -5.27963861	         19.20504731	        -17.21182617	          0.22870840	         -0.00091962	         -0.99514230	          0.00000000	          0.00000000	          0.00000000	          0.04280018	          0.24817471	         -0.22671616	          0.23090768	          0.00465128	         -0.89830151	          0.00000000	          0.00000000	          0.00000000	         -0.00000000	          0.00000000	          0.00000000	          0.39704231	          0.02568839	         -1.17761760	          0.00000000	          0.00000000	          0.00000000	          0.00000000	         -0.00000000	         -0.00000000	          0.56059399	          0.05909744	         -1.17673262	          0.00000000	          0.00000000	          0.00000000	          0.00000000	         -0.00000000	         -0.00000000	          0.53382643	          0.04745597	         -1.26730947	          0.00000000	          0.00000000	          0.00000000	          0.00000000	         -0.00000000	         -0.00000000	          0.46379826	          0.03605908	         -1.22509280	          0.00000000	          0.00000000	          0.00000000	          0.00000000	         -0.00000000	         -0.00000000	          0.64221576	          0.07280554	         -1.20362032	          0.00000000	          0.00000000	          0.00000000	          0.00000000	         -0.00000000	         -0.00000000	          0.61578448	          0.06128154	         -1.29459995	          0.00000000	          0.00000000	          0.00000000	
          3.38000000	         34.70030653	        248.38440566	         99.52538928	         -0.02388120	         -0.01315512	         -0.92373040	          0.00000000	          0.00000000	          0.00000000	        -51.75431418	        211.38260628	       -105.69472859	          0.14068342	         -0.00721010	         -0.98691033	          0.00000000	          0.00000000	          0.00000000	          1.34652786	          4.41853002	         -1.81797942	          0.13997349	          0.00022042	         -0.89077808	          0.00000000	          0.00000000	          0.00000000	         19.43636777	         80.92653361	          0.15607393	          0.05715977	         -0.00628332	         -0.90413626	          0.00000000	          0.00000000	          0.00000000	        -15.65958969	         51.30808968	        -44.36957483	          0.23034565	         -0.00237616	         -0.99171995	          0.00000000	          0.00000000	          0.00000000	          0.01980142	          0.10273385	         -0.09050276	          0.23004147	          0.00545423	         -0.89548189	          0.00000000	          0.00000000	          0.00000000	         -0.00000000	          0.00000000	          0.00000000	          0.41235055	          0.02783806	         -1.20126051	          0.00000000	          0.00000000	          0.00000000	          0.00000000	         -0.00000000	         -0.00000000	          0.57431274	          0.06310792	         -1.20390374	          0.00000000	          0.00000000	          0.00000000	          0.00000000	         -0.00000000	         -0.00000000	          0.54529605	          0.05210294	         -1.29410550	          0.00000000	          0.00000000	          0.00000000	         -0.00000000	         -0.00000000	          0.00000000	          0.47713038	          0.03946605	         -1.25028283	          0.00000000	          0.00000000	          0.00000000	          0.00000000	         -0.00000000	         -0.00000000	          0.65443106	          0.07803180	         -1.23266166	          0.00000000	          0.00000000	          0.00000000	          0.00000000	         -0.00000000	         -0.00000000	          0.62573107	          0.06715417	         -1.32327146	          0.00000000	          0.00000000	          0.00000000	
          3.40000000	         33.61996769	        168.76407071	        119.78311764	         -0.02436799	         -0.01187241	         -0.92726672	          0.00000000	          0.00000000	          0.00000000	        -48.70997243	        301.94156866	        -67.47944061	          0.14192254	         -0.00874317	         -0.98662060	          0.00000000	          0.00000000	          0.00000000	          0.85834514	          2.40280745	         -0.16576042	          0.13894743	          0.00134855	         -0.89150729	          0.00000000	          0.00000000	          0.00000000	         14.90186843	         50.49051267	         16.65061690	          0.05632863	         -0.00498597	         -0.90631868	          0.00000000	          0.00000000	          0.00000000	        -40.36252547	        114.37508308	        -83.00687346	          0.23185745	         -0.00421357	         -0.98968222	          0.00000000	          0.00000000	          0.00000000	          0.00381054	          0.02709511	         -0.01455794	          0.22919703	          0.00663443	         -0.89465948	          0.00000000	          0.00000000	          0.00000000	         -0.00000000	          0.00000000	          0.00000000	          0.42547228	          0.02940407	         -1.22598401	          0.00000000	          0.00000000	          0.00000000	         -0.00000000	         -0.00000000	          0.00000000	          0.58568474	          0.06650966	         -1.23224998	          0.00000000	          0.00000000	          0.00000000	          0.00000000	         -0.00000000	         -0.00000000	          0.55417590	          0.05621665	         -1.32195045	          0.00000000	          0.00000000	          0.00000000	         -0.00000000	         -0.00000000	          0.00000000	          0.48806817	          0.04231688	         -1.27653347	          0.00000000	          0.00000000	          0.00000000	          0.00000000	         -0.00000000	         -0.00000000	          0.66413470	          0.08265984	         -1.26289808	          0.00000000	          0.00000000	          0.00000000	          0.00000000	         -0.00000000	         -0.00000000	          0.63292116	          0.07250456	         -1.35301086	          0.00000000	          0.00000000	          0.00000000	
          3.42000000	         19.48006324	         84.03556237	         74.19998787	         -0.02488598	         -0.01002787	         -0.93226609	          0.00000000	          0.00000000	          0.00000000	        -20.08380529	        418.12313539	         14.56920756	          0.14292267	         -0.01058253	         -0.98752566	          0.00000000	          0.00000000	          0.00000000	          0.50263856	          1.28020640	          0.31472405	          0.13807700	          0.00245983	         -0.89393682	          0.00000000	          0.00000000	          0.00000000	          8.82024407	         25.95961395	         16.24240030	          0.05557223	         -0.00340318	         -0.91009884	          0.00000000	          0.00000000	          0.00000000	        -74.09966676	        204.51596844	        -89.28807758	          0.23320501	         -0.00629045	         -0.98913555	          0.00000000	          0.00000000	          0.00000000	         -0.00003689	          0.00419715	         -0.00058672	          0.22850584	          0.00824505	         -0.89618443	          0.00000000	          0.00000000	          0.00000000	         -0.00000000	          0.00000000	          0.00000000	          0.43512512	          0.03019672	         -1.25122822	          0.00000000	          0.00000000	          0.00000000	         -0.00000000	         -0.00000000	          0.00000000	          0.59355281	          0.06894405	         -1.26170844	          0.00000000	          0.00000000	          0.00000000	         -0.00000000	         -0.00000000	          0.00000000	          0.55903755	          0.05941077	         -1.35063497	          0.00000000	          0.00000000	          0.00000000	         -0.00000000	         -0.00000000	          0.00000000	          0.49524768	          0.04432365	         -1.30345324	          0.00000000	          0.00000000	          0.00000000	         -0.00000000	         -0.00000000	          0.00000000	          0.67015115	          0.08622902	         -1.29449196	          0.00000000	          0.00000000	          0.00000000	          0.00000000	         -0.00000000	         -0.00000000	          0.63590831	          0.07684293	         -1.38383483	          0.00000000	          0.00000000	          0.00000000	
          3.44000000	          3.67439401	         17.36553208	         16.12292230	         -0.02533662	         -0.00746765	         -0.93870653	          0.00000000	          0.00000000	          0.00000000	         13.13957220	        507.39051182	         99.44486273	          0.14368712	         -0.01242644	         -0.98917643	          0.00000000	          0.00000000	          0.00000000	          0.26309453	          0.55650903	          0.24828956	          0.13735447	          0.00352435	         -0.89749791	          0.00000000	          0.00000000	          0.00000000	          2.76765079	          7.47240017	          6.21071866	          0.05493616	         -0.00148336	         -0.91518017	          0.00000000	          0.00000000	          0.00000000	       -102.07388305	        290.59216221	        -84.28203979	          0.23438077	         -0.00830599	         -0.98961026	          0.00000000	          0.00000000	          0.00000000	         -0.00003121	          0.00038821	          0.00004206	          0.22797476	          0.01026307	         -0.89968341	          0.00000000	          0.00000000	          0.00000000	         -0.00000000	          0.00000000	          0.00000000	          0.44069222	          0.03025381	         -1.27674052	          0.00000000	          0.00000000	          0.00000000	         -0.00000000	         -0.00000000	          0.00000000	          0.59733221	          0.07037367	         -1.29223549	          0.00000000	          0.00000000	          0.00000000	         -0.00000000	          0.00000000	          0.00000000	          0.55923050	          0.06161520	         -1.38000894	          0.00000000	          0.00000000	          0.00000000	         -0.00000000	         -0.00000000	          0.00000000	          0.49803319	          0.04546964	         -1.33083658	          0.00000000	          0.00000000	          0.00000000	         -0.00000000	         -0.00000000	          0.00000000	          0.67189066	          0.08865003	         -1.32747961	          0.00000000	          0.00000000	          0.00000000	         -0.00000000	          0.00000000	          0.00000000	          0.63403749	          0.08004664	         -1.41567359	          0.00000000	          0.00000000	          0.00000000	
          3.46000000	         -0.02937589	         -0.18208568	         -0.17723044	         -0.02555877	         -0.00413953	         -0.94660833	          0.00000000	          0.00000000	          0.00000000	         16.20856184	        503.72062136	        138.40224247	          0.14433173	         -0.01377946	         -0.99110663	          0.00000000	          0.00000000	          0.00000000	          0.08893984	          0.16811873	          0.08981609	          0.13661012	          0.00474528	         -0.90149370	          0.00000000	          0.00000000	          0.00000000	          0.32955121	          1.00499566	          0.87651458	          0.05440810	          0.00089037	         -0.92122023	          0.00000000	          0.00000000	          0.00000000	       -102.23386243	        333.56799050	        -86.06954038	          0.23541526	         -0.00990282	         -0.99031094	          0.00000000	          0.00000000	          0.00000000	         -0.00000175	          0.00003305	          0.00000605	          0.22745852	          0.01250144	         -0.90407868	          0.00000000	          0.00000000	          0.00000000	         -0.00000000	          0.00000000	          0.00000000	          0.44224049	          0.02979139	         -1.30220121	          0.00000000	          0.00000000	          0.00000000	         -0.00000000	          0.00000000	          0.00000000	          0.59707337	          0.07101296	         -1.32328437	          0.00000000	          0.00000000	          0.00000000	         -0.00000000	          0.00000000	          0.00000000	          0.55501812	          0.06300462	         -1.40952581	          0.00000000	          0.00000000	          0.00000000	         -0.00000000	          0.00000000	          0.00000000	          0.49659608	          0.04594908	         -1.35825157	          0.00000000	          0.00000000	          0.00000000	         -0.00000000	          0.00000000	          0.00000000	          0.66945862	          0.09012441	         -1.36118718	          0.00000000	          0.00000000	          0.00000000	         -0.00000000	          0.00000000	          0.00000000	          0.62762780	          0.08227758	         -1.44785324	          0.00000000	          0.00000000	          0.00000000	
          3.48000000	         -0.00002732	         -0.00036474	         -0.00035652	         -0.02516696	         -0.00018284	         -0.95494982	          0.00000000	          0.00000000	          0.00000000	         -3.39280042	        427.45887340	        130.83806773	          0.14502444	         -0.01432445	         -0.99302265	          0.00000000	          0.00000000	          0.00000000	          0.01840421	          0.04415657	          0.02248174	          0.13613113	          0.00613399	         -0.90521899	          0.00000000	          0.00000000	          0.00000000	          0.02399443	          0.10204986	          0.09115183	          0.05432898	          0.00364279	         -0.92733985	          0.00000000	          0.00000000	          0.00000000	        -89.73135421	        345.29474464	        -63.45043461	          0.23640944	         -0.01095985	         -0.99086214	          0.00000000	          0.00000000	          0.00000000	         -0.00000054	          0.00000575	          0.00000105	          0.22730553	          0.01448944	         -0.90819674	          0.00000000	          0.00000000	          0.00000000	          0.00000000	          0.00000000	          0.00000000	          0.44019421	          0.02898654	         -1.32715252	          0.00000000	          0.00000000	          0.00000000	         -0.00000000	          0.00000000	          0.00000000	          0.59317987	          0.07107070	         -1.35409081	          0.00000000	          0.00000000	          0.00000000	         -0.00000000	          0.00000000	          0.00000000	          0.54707418	          0.06374219	         -1.43848394	          0.00000000	          0.00000000	          0.00000000	         -0.00000000	          0.00000000	          0.00000000	          0.49149333	          0.04593060	         -1.38512192	          0.00000000	          0.00000000	          0.00000000	         -0.00000000	          0.00000000	          0.00000000	          0.66332996	          0.09086512	         -1.39469830	          0.00000000	          0.00000000	          0.00000000	         -0.00000000	          0.00000000	          0.00000000	          0.61742458	          0.08370384	         -1.47951973	          0.00000000	          0.00000000	          0.00000000	
          3.50000000	          0.00000029	         -0.00000677	         -0.00000633	         -0.02383946	          0.00409048	         -0.96192371	          0.00000000	          0.00000000	          0.00000000	        -18.04656398	        350.78860524	         99.94527874	          0.14589421	         -0.01415700	         -0.99468331	          0.00000000	          0.00000000	          0.00000000	          0.00297100	          0.01501446	          0.00574591	          0.13646104	          0.00738257	         -0.90797710	          0.00000000	          0.00000000	          0.00000000	          0.00075824	          0.00977275	          0.00795489	          0.05514445	          0.00645667	         -0.93226560	          0.00000000	          0.00000000	          0.00000000	        -82.14822114	        356.13172264	        -23.12748065	          0.23748810	         -0.01165171	         -0.99131873	          0.00000000	          0.00000000	          0.00000000	         -0.00000049	          0.00000221	          0.00000033	          0.22808002	          0.01575020	         -0.91122414	          0.00000000	          0.00000000	          0.00000000	          0.00000000	          0.00000000	          0.00000000	          0.43486046	          0.02777965	         -1.35084546	          0.00000000	          0.00000000	          0.00000000	         -0.00000000	          0.00000000	          0.00000000	          0.58600484	          0.07047773	         -1.38367026	          0.00000000	          0.00000000	          0.00000000	         -0.00000000	          0.00000000	          0.00000000	          0.53597708	          0.06371746	         -1.46599390	          0.00000000	          0.00000000	          0.00000000	         -0.00000000	          0.00000000	          0.00000000	          0.48317394	          0.04532802	         -1.41063243	          0.00000000	          0.00000000	          0.00000000	         -0.00000000	          0.00000000	          0.00000000	          0.65395198	          0.09078569	         -1.42692451	          0.00000000	          0.00000000	          0.00000000	         -0.00000000	          0.00000000	          0.00000000	          0.60410069	          0.08419815	         -1.50967946	          0.00000000	          0.00000000	          0.00000000	
          3.52000000	          0.00000014	         -0.00000062	         -0.00000027	         -0.02151790	          0.00833232	         -0.96560324	          0.00000000	          0.00000000	          0.00000000	        -20.53108227	        326.24968241	         42.90959053	          0.14692916	         -0.01367851	         -0.99564106	          0.00000000	          0.00000000	          0.00000000	         -0.00107486	          0.01102913	          0.00101084	          0.13801125	          0.00801679	         -0.90903569	          0.00000000	          0.00000000	          0.00000000	         -0.00025966	          0.00160463	          0.00042273	          0.05710203	          0.00891902	         -0.93465191	          0.00000000	          0.00000000	          0.00000000	        -89.51458463	        398.46878563	         26.34212921	          0.23867145	         -0.01229472	         -0.99183202	          0.00000000	          0.00000000	          0.00000000	         -0.00000114	          0.00000234	          0.00000026	          0.23012470	          0.01602357	         -0.91292469	          0.00000000	          0.00000000	          0.00000000	          0.00000000	          0.00000000	          0.00000000	          0.42631249	          0.02597981	         -1.37256972	          0.00000000	          0.00000000	          0.00000000	         -0.00000000	          0.00000000	          0.00000000	          0.57579367	          0.06895137	         -1.41108921	          0.00000000	          0.00000000	          0.00000000	         -0.00000000	          0.00000000	          0.00000000	          0.52215054	          0.06265054	         -1.49125390	          0.00000000	          0.00000000	          0.00000000	         -0.00000000	          0.00000000	          0.00000000	          0.47189067	          0.04390652	         -1.43403205	          0.00000000	          0.00000000	          0.00000000	         -0.00000000	          0.00000000	          0.00000000	          0.64171814	          0.08955351	         -1.45684684	          0.00000000	          0.00000000	          0.00000000	         -0.00000000	          0.00000000	          0.00000000	          0.58822926	          0.08343052	         -1.53744517	          0.00000000	          0.00000000	          0.00000000	
          3.54000000	          0.00000006	         -0.00000017	          0.00000007	         -0.01827115	          0.01230449	         -0.96486307	          0.00000000	          0.00000000	          0.00000000	        -22.80403358	        321.73639610	        -25.71594131	          0.14807955	         -0.01322299	         -0.99544788	          0.00000000	          0.00000000	          0.00000000	         -0.00685767	          0.01873362	         -0.00423498	          0.14088301	          0.00774615	         -0.90797128	          0.00000000	          0.00000000	          0.00000000	         -0.00013482	          0.00035971	         -0.00011413	          0.06022220	          0.01076724	         -0.93372150	          0.00000000	          0.00000000	          0.00000000	       -105.06240045	        451.52239658	         67.31145812	          0.23992357	         -0.01307440	         -0.99241849	          0.00000000	          0.00000000	          0.00000000	         -0.00000466	          0.00000624	          0.00000040	          0.23344616	          0.01532890	         -0.91343641	          0.00000000	          0.00000000	          0.00000000	          0.00000000	          0.00000000	          0.00000000	          0.41446606	          0.02354866	         -1.39207563	          0.00000000	          0.00000000	          0.00000000	         -0.00000000	          0.00000000	          0.00000000	          0.56274243	          0.06629057	         -1.43590741	          0.00000000	          0.00000000	          0.00000000	         -0.00000000	          0.00000000	          0.00000000	          0.50589173	          0.06040998	         -1.51396147	          0.00000000	          0.00000000	          0.00000000	         -0.00000000	          0.00000000	          0.00000000	          0.45775145	          0.04158405	         -1.45504968	          0.00000000	          0.00000000	          0.00000000	         -0.00000000	          0.00000000	          0.00000000	          0.62700667	          0.08689863	         -1.48396125	          0.00000000	          0.00000000	          0.00000000	         -0.00000000	          0.00000000	          0.00000000	          0.57029150	          0.08120016	         -1.56245083	          0.00000000	          0.00000000	          0.00000000	
          3.56000000	         -0.00000000	          0.00000001	         -0.00000001	         -0.01451249	          0.01586664	         -0.96117414	          0.00000000	          0.00000000	          0.00000000	        -31.82979347	        290.62702676	        -47.41404047	          0.14931526	         -0.01273896	         -0.99436958	          0.00000000	          0.00000000	          0.00000000	         -0.01817582	          0.04229347	         -0.01351835	          0.14436263	          0.00696603	         -0.90557156	          0.00000000	          0.00000000	          0.00000000	         -0.00004261	          0.00009740	         -0.00004730	          0.06391963	          0.01213782	         -0.93062515	          0.00000000	          0.00000000	          0.00000000	       -106.51270586	        453.76472906	         54.63482568	          0.24117007	         -0.01376345	         -0.99285803	          0.00000000	          0.00000000	          0.00000000	         -0.00001626	          0.00002187	          0.00000000	          0.23726370	          0.01419872	         -0.91308131	          0.00000000	          0.00000000	          0.00000000	          0.00000003	          0.00000003	          0.00000002	          0.39896430	          0.02058805	         -1.40908718	          0.00000000	          0.00000000	          0.00000000	         -0.00000000	          0.00000000	          0.00000000	          0.54683870	          0.06236886	         -1.45772059	          0.00000000	          0.00000000	          0.00000000	         -0.00000000	          0.00000000	          0.00000000	          0.48724436	          0.05696380	         -1.53384168	          0.00000000	          0.00000000	          0.00000000	         -0.00000000	          0.00000000	          0.00000000	          0.44059950	          0.03839949	         -1.47341428	          0.00000000	          0.00000000	          0.00000000	         -0.00000000	          0.00000000	          0.00000000	          0.61000698	          0.08259754	         -1.50783125	          0.00000000	          0.00000000	          0.00000000	         -0.00000000	          0.00000000	          0.00000000	          0.55053495	          0.07737773	         -1.58438977	          0.00000000	          0.00000000	          0.00000000	
          3.58000000	         -0.00000001	          0.00000003	         -0.00000001	         -0.01075043	          0.01877883	         -0.95693700	          0.00000000	          0.00000000	          0.00000000	        -43.20154171	        289.10915372	        -20.45008709	          0.15062525	         -0.01225606	         -0.99326641	          0.00000000	          0.00000000	          0.00000000	         -0.04761385	          0.10848922	         -0.02263308	          0.14771782	          0.00604600	         -0.90318617	          0.00000000	          0.00000000	          0.00000000	         -0.00001899	          0.00004209	         -0.00001664	          0.06755042	          0.01310603	         -0.92726024	          0.00000000	          0.00000000	          0.00000000	       -113.56440985	        466.49178764	         97.16868936	          0.24239859	         -0.01425427	         -0.99333552	          0.00000000	          0.00000000	          0.00000000	         -0.00005372	          0.00007794	          0.00000701	          0.24083930	          0.01303925	         -0.91255843	          0.00000000	          0.00000000	          0.00000000	          0.00000161	          0.00000124	          0.00000087	          0.37916398	          0.01718525	         -1.42348047	          0.00000000	          0.00000000	          0.00000000	         -0.00000000	          0.00000000	          0.00000000	          0.52774327	          0.05702742	         -1.47629325	          0.00000000	          0.00000000	          0.00000000	         -0.00000000	          0.00000000	          0.00000000	          0.46591276	          0.05225248	         -1.55078185	          0.00000000	          0.00000000	          0.00000000	         -0.00000000	          0.00000000	          0.00000000	          0.41996503	          0.03437089	         -1.48901172	          0.00000000	          0.00000000	          0.00000000	         -0.00000000	          0.00000000	          0.00000000	          0.59055563	          0.07638608	         -1.52819647	          0.00000000	          0.00000000	          0.00000000	         -0.00000000	          0.00000000	          0.00000000	          0.52884198	          0.07179754	         -1.60312524	          0.00000000	          0.00000000	          0.00000000	
          3.60000000	         -0.00000000	          0.00000000	         -0.00000000	         -0.00790696	          0.02115534	         -0.95055032	          0.00000000	          0.00000000	          0.00000000	        -20.14764366	         70.49962169	        -86.32200051	          0.15318021	         -0.01085279	         -0.98471804	          0.00000000	          0.00000000	          0.00000000	          0.00000000	         -0.00000000	          0.00000000	          0.15009097	          0.00840728	         -0.89544643	          0.00000000	          0.00000000	          0.00000000	          0.00000000	         -0.00000000	          0.00000000	          0.07015498	          0.01550780	         -0.92023183	          0.00000000	          0.00000000	          0.00000000	        -25.75878463	        121.56773678	       -157.87748377	          0.24490684	         -0.01340554	         -0.98397635	          0.00000000	          0.00000000	          0.00000000	          0.00000000	         -0.00000000	          0.00000000	          0.24342253	          0.01456288	         -0.90412660	          0.00000000	          0.00000000	          0.00000000	          0.00013433	          0.00008946	          0.00003974	          0.35443192	          0.01335927	         -1.43471001	          0.00000000	          0.00000000	          0.00000000	         -0.00000000	          0.00000000	          0.00000000	          0.50497755	          0.05006713	         -1.49093046	          0.00000000	          0.00000000	          0.00000000	         -0.00000000	          0.00000000	          0.00000000	          0.44151351	          0.04611452	         -1.56422839	          0.00000000	          0.00000000	          0.00000000	          0.00000000	          0.00000000	          0.00000000	          0.39534170	          0.02942924	         -1.50129733	          0.00000000	          0.00000000	          0.00000000	         -0.00000000	          0.00000000	          0.00000000	          0.56828509	          0.06795719	         -1.54432069	          0.00000000	          0.00000000	          0.00000000	         -0.00000000	          0.00000000	          0.00000000	          0.50494190	          0.06418927	         -1.61806327	          0.00000000	          0.00000000	          0.00000000	
          3.62000000	         -0.00000000	          0.00000000	          0.00000000	         -0.00662937	          0.02193090	         -0.94887553	          0.00000000	          0.00000000	          0.00000000	        -63.73757726	        341.72928006	         54.00300675	          0.15551755	         -0.01016658	         -0.97719467	          0.00000000	          0.00000000	          0.00000000	          0.00007316	          0.00047424	          0.00012999	          0.15057184	          0.01117806	         -0.88992537	          0.00000000	          0.00000000	          0.00000000	          0.00000003	          0.00000059	          0.00000036	          0.07097484	          0.01734185	         -0.91672270	          0.00000000	          0.00000000	          0.00000000	       -117.14346307	        415.55517142	        -49.19573903	          0.24723023	         -0.01256009	         -0.97432459	          0.00000000	          0.00000000	          0.00000000	         -0.00000005	          0.00000059	          0.00000006	          0.24400228	          0.01705920	         -0.89694573	          0.00000000	          0.00000000	          0.00000000	          0.00998663	          0.00653602	          0.00390066	          0.32622985	          0.00934142	         -1.44575338	          0.00000000	          0.00000000	          0.00000000	         -0.00000000	          0.00000000	          0.00000000	          0.47976009	          0.04192197	         -1.50403795	          0.00000000	          0.00000000	          0.00000000	         -0.00000000	          0.00000000	          0.00000000	          0.41544320	          0.03901193	         -1.57678566	          0.00000000	          0.00000000	          0.00000000	          0.00000000	          0.00000000	          0.00000000	          0.36816509	          0.02392094	         -1.51307085	          0.00000000	          0.00000000	          0.00000000	         -0.00000000	          0.00000000	          0.00000000	          0.54434069	          0.05786565	         -1.55836314	          0.00000000	          0.00000000	          0.00000000	         -0.00000000	          0.00000000	          0.00000000	          0.48015827	          0.05513543	         -1.63156092	          0.00000000	          0.00000000	          0.00000000	
          3.64000000	         -0.00000000	          0.00000003	          0.00000000	         -0.00615313	          0.02039122	         -0.95238877	          0.00000000	          0.00000000	          0.00000000	        -54.22768380	        567.56427123	        -46.03166788	          0.15618870	         -0.01206802	         -0.97779182	          0.00000000	          0.00000000	          0.00000000	         -0.00005272	          0.00222627	          0.00000225	          0.15036000	          0.01004931	         -0.89135060	          0.00000000	          0.00000000	          0.00000000	         -0.00000017	          0.00000349	          0.00000032	          0.07108043	          0.01603192	         -0.91923127	          0.00000000	          0.00000000	          0.00000000	       -151.60931106	        563.78398713	         29.34347379	          0.24792216	         -0.01368949	         -0.97491456	          0.00000000	          0.00000000	          0.00000000	         -0.00000022	          0.00000056	          0.00000017	          0.24366797	          0.01727603	         -0.89972437	          0.00000000	          0.00000000	          0.00000000	          0.47145272	          0.26551938	          0.12997188	          0.29295618	          0.00557335	         -1.45801601	          0.00000000	          0.00000000	          0.00000000	         -0.00000000	          0.00000000	          0.00000000	          0.45044740	          0.03286698	         -1.51659366	          0.00000000	          0.00000000	          0.00000000	          0.00000000	          0.00000000	          0.00000000	          0.38618639	          0.03133427	         -1.58955865	          0.00000000	          0.00000000	          0.00000000	          0.00000084	          0.00000048	          0.00000024	          0.33688063	          0.01826580	         -1.52559341	          0.00000000	          0.00000000	          0.00000000	         -0.00000000	          0.00000000	          0.00000000	          0.51709103	          0.04632940	         -1.57111157	          0.00000000	          0.00000000	          0.00000000	         -0.00000000	          0.00000000	          0.00000000	          0.45298945	          0.04496598	         -1.64453274	          0.00000000	          0.00000000	          0.00000000	
          3.66000000	         -0.00000004	          0.00000064	         -0.00000000	         -0.00595555	          0.01770548	         -0.95374701	          0.00000000	          0.00000000	          0.00000000	        -77.90289631	        802.30776300	        -94.64578539	          0.15658424	         -0.01477946	         -0.97771209	          0.00000000	          0.00000000	          0.00000000	         -0.00149561	          0.01629069	         -0.00009174	          0.15052598	          0.00813848	         -0.89212510	          0.00000000	          0.00000000	          0.00000000	         -0.00000346	          0.00004587	         -0.00000008	          0.07125451	          0.01375697	         -0.92032996	          0.00000000	          0.00000000	          0.00000000	       -152.00928962	        653.49916349	        107.62353458	          0.24829123	         -0.01520276	         -0.97618519	          0.00000000	          0.00000000	          0.00000000	         -0.00000020	          0.00000050	          0.00000024	          0.24330475	          0.01730528	         -0.90369271	          0.00000000	          0.00000000	          0.00000000	          3.02891846	          1.50128091	          0.63378412	          0.25111248	          0.00316503	         -1.46942677	          0.00000000	          0.00000000	          0.00000000	          0.00000000	          0.00000000	          0.00000000	          0.41334949	          0.02347350	         -1.52638297	          0.00000000	          0.00000000	          0.00000000	          0.00000000	          0.00000000	          0.00000000	          0.35020133	          0.02368121	         -1.60037555	          0.00000000	          0.00000000	          0.00000000	          0.00018474	          0.00009433	          0.00003748	          0.29797353	          0.01332229	         -1.53674555	          0.00000000	          0.00000000	          0.00000000	         -0.00000000	          0.00000000	          0.00000000	          0.48277388	          0.03363573	         -1.58028337	          0.00000000	          0.00000000	          0.00000000	         -0.00000000	          0.00000000	          0.00000000	          0.41982119	          0.03399444	         -1.65473845	          0.00000000	          0.00000000	          0.00000000	
          3.68000000	         -0.00000241	          0.00001950	         -0.00001031	         -0.00589989	          0.01462681	         -0.95356712	          0.00000000	          0.00000000	          0.00000000	       -115.51559366	        995.86677259	       -204.48314597	          0.15693843	         -0.01752053	         -0.97732562	          0.00000000	          0.00000000	          0.00000000	         -0.03267600	          0.10434304	         -0.01224248	          0.15114034	          0.00626316	         -0.89267050	          0.00000000	          0.00000000	          0.00000000	         -0.00014501	          0.00064682	         -0.00020841	          0.07159549	          0.01130329	         -0.92054080	          0.00000000	          0.00000000	          0.00000000	       -134.81496829	        737.84805045	        215.46552206	          0.24849022	         -0.01666587	         -0.97792448	          0.00000000	          0.00000000	          0.00000000	         -0.00000024	          0.00000054	          0.00000030	          0.24297734	          0.01730893	         -0.90821381	          0.00000000	          0.00000000	          0.00000000	          0.25954131	          0.11345949	          0.04376859	          0.19997555	          0.00380911	         -1.48048544	          0.00000000	          0.00000000	          0.00000000	          0.00003482	          0.00001569	          0.00000296	          0.36690505	          0.01526774	         -1.53362615	          0.00000000	          0.00000000	          0.00000000	          0.00000220	          0.00000102	          0.00000028	          0.30612567	          0.01751666	         -1.60944436	          0.00000000	          0.00000000	          0.00000000	          0.00210882	          0.00095194	          0.00031900	          0.25041119	          0.01066776	         -1.54688227	          0.00000000	          0.00000000	          0.00000000	          0.00000006	          0.00000003	          0.00000000	          0.43942456	          0.02120707	         -1.58594520	          0.00000000	          0.00000000	          0.00000000	          0.00000000	          0.00000000	          0.00000000	          0.37888362	          0.02358110	         -1.66222997	          0.00000000	          0.00000000	          0.00000000	
          3.70000000	         -0.00005567	          0.00034157	         -0.00024515	         -0.00568604	          0.01189244	         -0.95165717	          0.00000000	          0.00000000	          0.00000000	       -136.51669388	       1033.18197045	       -208.09436274	          0.15735373	         -0.01975754	         -0.97667196	          0.00000000	          0.00000000	          0.00000000	         -0.14609742	          0.35407448	         -0.04169027	          0.15240220	          0.00480738	         -0.89285963	          0.00000000	          0.00000000	          0.00000000	         -0.00150420	          0.00508027	         -0.00212366	          0.07235682	          0.00922823	         -0.91969821	          0.00000000	          0.00000000	          0.00000000	       -101.10375722	        738.83500006	        232.94448485	          0.24865297	         -0.01786664	         -0.97980573	          0.00000000	          0.00000000	          0.00000000	         -0.00000023	          0.00000056	          0.00000029	          0.24309910	          0.01723789	         -0.91237460	          0.00000000	          0.00000000	          0.00000000	         -0.00000000	         -0.00000000	         -0.00000000	          0.13853344	          0.00949090	         -1.49275813	          0.00000000	          0.00000000	          0.00000000	          0.00714886	          0.00279968	          0.00055916	          0.30879951	          0.01002011	         -1.53990616	          0.00000000	          0.00000000	          0.00000000	          0.00002696	          0.00001098	          0.00000323	          0.25175520	          0.01466717	         -1.61815149	          0.00000000	          0.00000000	          0.00000000	         -0.00000000	         -0.00000000	         -0.00000000	          0.19259557	          0.01221090	         -1.55747403	          0.00000000	          0.00000000	          0.00000000	          0.00633906	          0.00253304	          0.00022468	          0.38404183	          0.01072165	         -1.58963915	          0.00000000	          0.00000000	          0.00000000	          0.00002794	          0.00001162	          0.00000212	          0.32728051	          0.01546055	         -1.66835027	          0.00000000	          0.00000000	          0.00000000	
          3.72000000	         -0.00050705	          0.00225478	         -0.00200956	         -0.00507682	          0.00995672	         -0.94847168	          0.00000000	          0.00000000	          0.00000000	       -147.55709622	       1049.54680631	       -261.37059205	          0.15784138	         -0.02135420	         -0.97587162	          0.00000000	          0.00000000	          0.00000000	         -0.42304777	          0.73674249	         -0.13589863	          0.15430776	          0.00389200	         -0.89280059	          0.00000000	          0.00000000	          0.00000000	         -0.00818049	          0.01895399	         -0.01165348	          0.07365594	          0.00782064	         -0.91808487	          0.00000000	          0.00000000	          0.00000000	        -86.97358579	        787.13884012	        283.56549212	          0.24884903	         -0.01880917	         -0.98168529	          0.00000000	          0.00000000	          0.00000000	         -0.00000033	          0.00000068	          0.00000034	          0.24389095	          0.01712197	         -0.91597116	          0.00000000	          0.00000000	          0.00000000	         -0.00000000	         -0.00000000	         -0.00000000	          0.06700542	          0.02238741	         -1.50818316	          0.00000000	          0.00000000	          0.00000000	          0.00024864	          0.00008522	          0.00002422	          0.23734730	          0.00983953	         -1.54778668	          0.00000000	          0.00000000	          0.00000000	         -0.00000000	         -0.00000000	         -0.00000000	          0.18542528	          0.01727832	         -1.62869110	          0.00000000	          0.00000000	          0.00000000	         -0.00000000	         -0.00000000	         -0.00000000	          0.12381463	          0.02011443	         -1.57057310	          0.00000000	          0.00000000	          0.00000000	          2.57353568	          0.88969835	          0.14954951	          0.31390842	          0.00428366	         -1.59417190	          0.00000000	          0.00000000	          0.00000000	          0.00074031	          0.00026686	          0.00006811	          0.26231106	          0.01178404	         -1.67553408	          0.00000000	          0.00000000	          0.00000000	
          3.74000000	         -0.00116251	          0.00420810	         -0.00384304	         -0.00365290	          0.00908392	         -0.94388033	          0.00000000	          0.00000000	          0.00000000	       -152.00303976	       1034.27969818	       -310.01912204	          0.15841401	         -0.02250189	         -0.97483601	          0.00000000	          0.00000000	          0.00000000	         -0.74295973	          0.97827214	         -0.20499389	          0.15722199	          0.00339497	         -0.89250282	          0.00000000	          0.00000000	          0.00000000	         -0.01661178	          0.02979635	         -0.02137342	          0.07589734	          0.00715602	         -0.91564298	          0.00000000	          0.00000000	          0.00000000	        -73.43102975	        874.62521641	        371.64240961	          0.24908275	         -0.01979281	         -0.98373876	          0.00000000	          0.00000000	          0.00000000	         -0.00000059	          0.00000097	          0.00000056	          0.24574653	          0.01683683	         -0.91948098	          0.00000000	          0.00000000	          0.00000000	         -0.00000000	         -0.00000000	         -0.00000000	         -0.01195851	          0.04461760	         -1.52635541	          0.00000000	          0.00000000	          0.00000000	         -0.00000000	         -0.00000000	         -0.00000000	          0.15291247	          0.01706109	         -1.55789442	          0.00000000	          0.00000000	          0.00000000	         -0.00000000	         -0.00000000	         -0.00000000	          0.10740283	          0.02742292	         -1.64133402	          0.00000000	          0.00000000	          0.00000000	         -0.00000000	         -0.00000000	         -0.00000000	          0.04553603	          0.03646549	         -1.58609657	          0.00000000	          0.00000000	          0.00000000	         -0.00009559	         -0.00002895	         -0.00000600	          0.22811436	          0.00426096	         -1.60062069	          0.00000000	          0.00000000	          0.00000000	         -0.00000000	         -0.00000000	         -0.00000000	          0.18295859	          0.01464189	         -1.68450762	          0.00000000	          0.00000000	          0.00000000	
          3.76000000	         -0.00051157	          0.00152444	         -0.00145537	         -0.00098712	          0.00955204	         -0.93775506	          0.00000000	          0.00000000	          0.00000000	       -159.01861075	       1032.76970548	       -457.85483034	          0.15906794	         -0.02333419	         -0.97340548	          0.00000000	          0.00000000	          0.00000000	         -0.80688165	          0.91068371	         -0.22480426	          0.16152756	          0.00333985	         -0.89209929	          0.00000000	          0.00000000	          0.00000000	         -0.01045407	          0.01727832	         -0.01267295	          0.07949941	          0.00739189	         -0.91238364	          0.00000000	          0.00000000	          0.00000000	        -35.42144758	       1059.95082501	        534.29185280	          0.24926697	         -0.02107555	         -0.98612909	          0.00000000	          0.00000000	          0.00000000	         -0.00000128	          0.00000186	          0.00000114	          0.24895094	          0.01632373	         -0.92358156	          0.00000000	          0.00000000	          0.00000000	         -0.00000000	         -0.00000000	         -0.00000000	         -0.09255363	          0.07768280	         -1.54406547	          0.00000000	          0.00000000	          0.00000000	         -0.00000000	         -0.00000000	         -0.00000000	          0.05913824	          0.03402256	         -1.56813426	          0.00000000	          0.00000000	          0.00000000	         -0.00000000	         -0.00000000	         -0.00000000	          0.02082599	          0.04697434	         -1.65371429	          0.00000000	          0.00000000	          0.00000000	         -0.00000000	         -0.00000000	         -0.00000000	         -0.03777205	          0.06293357	         -1.60124306	          0.00000000	          0.00000000	          0.00000000	         -0.00000000	         -0.00000000	         -0.00000000	          0.12896860	          0.01330656	         -1.60739858	          0.00000000	          0.00000000	          0.00000000	         -0.00000000	         -0.00000000	         -0.00000000	          0.09099837	          0.02621287	         -1.69341651	          0.00000000	          0.00000000	          0.00000000	
          3.78000000	          0.00000035	         -0.00000085	          0.00000082	          0.00329721	          0.01195897	         -0.93050923	          0.00000000	          0.00000000	          0.00000000	       -108.06748149	        771.40139361	       -397.93417497	          0.15977966	         -0.02353345	         -0.97160654	          0.00000000	          0.00000000	          0.00000000	         -0.25995173	          0.28203738	         -0.05111404	          0.16735570	          0.00411184	         -0.89193021	          0.00000000	          0.00000000	          0.00000000	         -0.00063126	          0.00093419	         -0.00065433	          0.08472270	          0.00902320	         -0.90869476	          0.00000000	          0.00000000	          0.00000000	         53.67360663	       1136.83949772	        577.57456276	          0.24928425	         -0.02252947	         -0.98878357	          0.00000000	          0.00000000	          0.00000000	         -0.00000235	          0.00000339	          0.00000214	          0.25362763	          0.01573732	         -0.92852695	          0.00000000	          0.00000000	          0.00000000	         -0.00000000	         -0.00000000	         -0.00000000	         -0.16587696	          0.12159900	         -1.55701843	          0.00000000	          0.00000000	          0.00000000	         -0.00000000	         -0.00000000	          0.00000000	         -0.03607165	          0.06234083	         -1.57488047	          0.00000000	          0.00000000	          0.00000000	         -0.00000000	         -0.00000000	         -0.00000000	         -0.06738268	          0.07713743	         -1.66209645	          0.00000000	          0.00000000	          0.00000000	         -0.00000000	         -0.00000000	         -0.00000000	         -0.11822004	          0.10010874	         -1.61199068	          0.00000000	          0.00000000	          0.00000000	         -0.00000000	         -0.00000000	          0.00000000	          0.02357515	          0.03380974	         -1.61119681	          0.00000000	          0.00000000	          0.00000000	         -0.00000000	         -0.00000000	          0.00000000	         -0.00745485	          0.04849565	         -1.69884127	          0.00000000	          0.00000000	          0.00000000	
          3.80000000	          0.00000000	         -0.00000000	          0.00000000	          0.01142204	          0.01733120	         -0.91893982	          0.00000000	          0.00000000	          0.00000000	        -85.18916644	        333.17937553	       -293.11339601	          0.16114545	         -0.02242897	         -0.96867922	          0.00000000	          0.00000000	          0.00000000	         -0.10875329	          0.11239062	         -0.04333590	          0.17650163	          0.00532042	         -0.89027745	          0.00000000	          0.00000000	          0.00000000	          0.00000001	         -0.00000001	          0.00000001	          0.09361908	          0.01233908	         -0.90207514	          0.00000000	          0.00000000	          0.00000000	        128.80678885	       1152.61727923	        552.38884682	          0.24933248	         -0.02378078	         -0.99149511	          0.00000000	          0.00000000	          0.00000000	         -0.00001336	          0.00001482	          0.00000568	          0.26127233	          0.01464411	         -0.93268469	          0.00000000	          0.00000000	          0.00000000	         -0.00000000	         -0.00000000	          0.00000000	         -0.22315804	          0.17507754	         -1.56348686	          0.00000000	          0.00000000	          0.00000000	         -0.00000000	         -0.00000000	          0.00000000	         -0.12347013	          0.10245204	         -1.57686822	          0.00000000	          0.00000000	          0.00000000	         -0.00000000	         -0.00000000	          0.00000000	         -0.14877520	          0.11853467	         -1.66511680	          0.00000000	          0.00000000	          0.00000000	         -0.00000000	         -0.00000000	          0.00000000	         -0.18722435	          0.14765422	         -1.61678857	          0.00000000	          0.00000000	          0.00000000	         -0.00000000	         -0.00000000	          0.00000000	         -0.07874802	          0.06720989	         -1.61097049	          0.00000000	          0.00000000	          0.00000000	         -0.00000000	         -0.00000000	          0.00000000	         -0.10387523	          0.08313060	         -1.69963763	          0.00000000	          0.00000000	          0.00000000	
          3.82000000	          0.00000000	         -0.00000000	          0.00000000	          0.02922285	          0.02577028	         -0.89721664	          0.00000000	          0.00000000	          0.00000000	        -47.36329742	        101.25890427	        -94.04626230	          0.16524959	         -0.02027485	         -0.96226050	          0.00000000	          0.00000000	          0.00000000	         -0.55268687	          0.52011597	         -0.30875347	          0.19251358	          0.00461039	         -0.88325202	          0.00000000	          0.00000000	          0.00000000	          0.00000000	         -0.00000000	          0.00000000	          0.11094256	          0.01615367	         -0.88760273	          0.00000000	          0.00000000	          0.00000000	        -74.97058586	       1087.78505328	        336.56349551	          0.25001692	         -0.02485461	         -0.99369698	          0.00000000	          0.00000000	          0.00000000	         -0.00042282	          0.00039660	          0.00008478	          0.27375970	          0.01189832	         -0.93419668	          0.00000000	          0.00000000	          0.00000000	         -0.00000000	         -0.00000000	          0.00000000	         -0.25822666	          0.23657726	         -1.56298184	          0.00000000	          0.00000000	          0.00000000	         -0.00000000	         -0.00000000	          0.00000000	         -0.19581425	          0.15415387	         -1.57501609	          0.00000000	          0.00000000	          0.00000000	         -0.00000000	         -0.00000000	          0.00000000	         -0.21629034	          0.17174306	         -1.66336752	          0.00000000	          0.00000000	          0.00000000	         -0.00000000	         -0.00000000	          0.00000000	         -0.23818019	          0.20510348	         -1.61567148	          0.00000000	          0.00000000	          0.00000000	         -0.00000000	         -0.00000000	          0.00000000	         -0.17020263	          0.11426329	         -1.60830428	          0.00000000	          0.00000000	          0.00000000	         -0.00000000	         -0.00000000	          0.00000000	         -0.19065139	          0.13165919	         -1.69706517	          0.00000000	          0.00000000	          0.00000000	
          3.84000000	          0.00000000	         -0.00000000	          0.00000000	          0.04790997	          0.03945083	         -0.86627412	          0.00000000	          0.00000000	          0.00000000	          0.00000000	         -0.00000000	          0.00000000	          0.16927734	         -0.01278053	         -0.94092058	          0.00000000	          0.00000000	          0.00000000	          0.00000000	         -0.00000000	          0.00000000	          0.20594012	          0.00920072	         -0.86227007	          0.00000000	          0.00000000	          0.00000000	          0.00000000	         -0.00000000	          0.00000000	          0.12734887	          0.02523752	         -0.86160035	          0.00000000	          0.00000000	          0.00000000	         -0.00000011	         -0.00000338	          0.00000579	          0.25123820	         -0.02233819	         -0.97587532	          0.00000000	          0.00000000	          0.00000000	         -0.00001435	          0.00019391	         -0.00034399	          0.28687135	          0.01125578	         -0.91485750	          0.00000000	          0.00000000	          0.00000000	         -0.00000000	         -0.00000000	          0.00000000	         -0.26718765	          0.30087034	         -1.54988992	          0.00000000	          0.00000000	          0.00000000	         -0.00000000	         -0.00000000	          0.00000000	         -0.24454510	          0.21365492	         -1.56649688	          0.00000000	          0.00000000	          0.00000000	         -0.00000000	         -0.00000000	          0.00000000	         -0.26241902	          0.23385853	         -1.65316027	          0.00000000	          0.00000000	          0.00000000	         -0.00000000	         -0.00000000	          0.00000000	         -0.26544038	          0.26840872	         -1.60394893	          0.00000000	          0.00000000	          0.00000000	         -0.00000000	         -0.00000000	          0.00000000	         -0.23997392	          0.17219986	         -1.60158843	          0.00000000	          0.00000000	          0.00000000	         -0.00000000	         -0.00000000	          0.00000000	         -0.25801266	          0.19221022	         -1.68865198	          0.00000000	          0.00000000	          0.00000000	
          3.86000000	         -0.00000000	         -0.00000000	          0.00000000	          0.05407051	          0.05740665	         -0.83710939	          0.00000000	          0.00000000	          0.00000000	         -0.00000000	         -0.00000000	          0.00000000	          0.16424592	          0.00002028	         -0.91394160	          0.00000000	          0.00000000	          0.00000000	         -0.00000000	         -0.00000000	          0.00000000	          0.20587531	          0.01998045	         -0.83560818	          0.00000000	          0.00000000	          0.00000000	         -0.00000000	         -0.00000000	          0.00000000	          0.13059953	          0.03957385	         -0.83368473	          0.00000000	          0.00000000	          0.00000000	         -0.00000000	         -0.00000000	          0.00000000	          0.24401184	         -0.01608257	         -0.94580488	          0.00000000	          0.00000000	          0.00000000	          0.00002431	          0.00002690	         -0.00003577	          0.28826977	          0.01302378	         -0.88130967	          0.00000000	          0.00000000	          0.00000000	         -0.00000000	         -0.00000000	          0.00000000	         -0.25656957	          0.35494207	         -1.52030971	          0.00000000	          0.00000000	          0.00000000	         -0.00000000	         -0.00000000	         -0.00000000	         -0.26708335	          0.26783820	         -1.54780002	          0.00000000	          0.00000000	          0.00000000	         -0.00000000	         -0.00000000	          0.00000000	         -0.28379125	          0.29212098	         -1.63041356	          0.00000000	          0.00000000	          0.00000000	         -0.00000000	         -0.00000000	          0.00000000	         -0.27060923	          0.32469342	         -1.57761085	          0.00000000	          0.00000000	          0.00000000	         -0.00000000	         -0.00000000	         -0.00000000	         -0.28022461	          0.22788367	         -1.58738363	          0.00000000	          0.00000000	          0.00000000	         -0.00000000	         -0.00000000	         -0.00000000	         -0.29723307	          0.25200492	         -1.67039259	          0.00000000	          0.00000000	          0.00000000	
          3.88000000	         -0.00000000	         -0.00000000	          0.00000000	          0.04897965	          0.07732100	         -0.81649139	          0.00000000	          0.00000000	          0.00000000	         -0.00000000	         -0.00000000	          0.00000000	          0.14823991	          0.01557234	         -0.89466043	          0.00000000	          0.00000000	          0.00000000	         -0.00000000	         -0.00000000	          0.00000000	          0.19274146	          0.03265366	         -0.81519164	          0.00000000	          0.00000000	          0.00000000	         -0.00000000	         -0.00000000	          0.00000000	          0.12162783	          0.05580716	         -0.81312752	          0.00000000	          0.00000000	          0.00000000	         -0.00000000	         -0.00000000	          0.00000000	          0.22385934	         -0.00630365	         -0.92316070	          0.00000000	          0.00000000	          0.00000000	         -0.00000000	         -0.00000000	          0.00000000	          0.27314982	          0.01780932	         -0.85422722	          0.00000000	          0.00000000	          0.00000000	         -0.00000000	         -0.00000000	          0.00000000	         -0.24277197	          0.39060718	         -1.48255561	          0.00000000	          0.00000000	          0.00000000	         -0.00000000	         -0.00000000	         -0.00000000	         -0.27484754	          0.30613187	         -1.52307031	          0.00000000	          0.00000000	          0.00000000	         -0.00000000	         -0.00000000	          0.00000000	         -0.29036685	          0.33466337	         -1.60030843	          0.00000000	          0.00000000	          0.00000000	         -0.00000000	         -0.00000000	          0.00000000	         -0.26685035	          0.36390646	         -1.54345696	          0.00000000	          0.00000000	          0.00000000	         -0.00000000	         -0.00000000	         -0.00000000	         -0.29927269	          0.26900351	         -1.56796275	          0.00000000	          0.00000000	          0.00000000	         -0.00000000	         -0.00000000	         -0.00000000	         -0.31512255	          0.29740712	         -1.64560833	          0.00000000	          0.00000000	          0.00000000	
          3.90000000	         -0.00000000	         -0.00000000	          0.00000000	          0.03490613	          0.10007648	         -0.80352033	          0.00000000	          0.00000000	          0.00000000	         -0.00000000	         -0.00000000	          0.00000000	          0.12649875	          0.03458652	         -0.87881737	          0.00000000	          0.00000000	          0.00000000	         -0.00000000	         -0.00000000	          0.00000000	          0.17118319	          0.04995509	         -0.79806285	          0.00000000	          0.00000000	          0.00000000	         -0.00000000	         -0.00000000	          0.00000000	          0.10385758	          0.07580566	         -0.79805545	          0.00000000	          0.00000000	          0.00000000	         -0.00000000	         -0.00000000	          0.00000000	          0.19771771	          0.00814644	         -0.90257372	          0.00000000	          0.00000000	          0.00000000	         -0.00000000	         -0.00000000	          0.00000000	          0.24801427	          0.02873030	         -0.82989229	          0.00000000	          0.00000000	          0.00000000	         -0.00000000	         -0.00000000	          0.00000000	         -0.23668096	          0.40889234	         -1.44717553	          0.00000000	          0.00000000	          0.00000000	         -0.00000000	         -0.00000000	          0.00000000	         -0.27925389	          0.32699398	         -1.49789801	          0.00000000	          0.00000000	          0.00000000	         -0.00000000	         -0.00000000	          0.00000000	         -0.29448074	          0.35854731	         -1.57034424	          0.00000000	          0.00000000	          0.00000000	         -0.00000000	         -0.00000000	          0.00000000	         -0.26579808	          0.38506502	         -1.51059226	          0.00000000	          0.00000000	          0.00000000	         -0.00000000	         -0.00000000	          0.00000000	         -0.30919907	          0.29221312	         -1.54681168	          0.00000000	          0.00000000	          0.00000000	         -0.00000000	         -0.00000000	          0.00000000	         -0.32472696	          0.32365747	         -1.61968836	          0.00000000	          0.00000000	          0.00000000	
          3.92000000	         -0.00000000	         -0.00000000	          0.00000000	          0.01604648	          0.12507271	         -0.79625556	          0.00000000	          0.00000000	          0.00000000	         -0.00000000	         -0.00000000	          0.00000000	          0.10255946	          0.05622478	         -0.86532039	          0.00000000	          0.00000000	          0.00000000	         -0.00000000	         -0.00000000	          0.00000000	          0.14625124	          0.07135458	         -0.78384555	          0.00000000	          0.00000000	          0.00000000	         -0.00000000	         -0.00000000	          0.00000000	          0.08195973	          0.09901428	         -0.78732633	          0.00000000	          0.00000000	          0.00000000	         -0.00000000	         -0.00000000	          0.00000000	          0.16973377	          0.02638931	         -0.88345031	          0.00000000	          0.00000000	          0.00000000	         -0.00000000	         -0.00000000	          0.00000000	          0.21897254	          0.04528668	         -0.80825578	          0.00000000	          0.00000000	          0.00000000	         -0.00000000	         -0.00000000	         -0.00000000	         -0.24083731	          0.41250027	         -1.41953161	          0.00000000	          0.00000000	          0.00000000	         -0.00000000	         -0.00000000	         -0.00000000	         -0.28468038	          0.33155865	         -1.47508517	          0.00000000	          0.00000000	          0.00000000	         -0.00000000	         -0.00000000	         -0.00000000	         -0.30163635	          0.36439415	         -1.54481737	          0.00000000	          0.00000000	          0.00000000	         -0.00000000	         -0.00000000	         -0.00000000	         -0.27149749	          0.38982452	         -1.48390281	          0.00000000	          0.00000000	          0.00000000	         -0.00000000	         -0.00000000	         -0.00000000	         -0.31576607	          0.29766720	         -1.52577458	          0.00000000	          0.00000000	          0.00000000	         -0.00000000	         -0.00000000	         -0.00000000	         -0.33297504	          0.33039731	         -1.59595953	          0.00000000	          0.00000000	          0.00000000	
          3.94000000	         -0.00000000	         -0.00000000	          0.00000000	         -0.00383654	          0.15138576	         -0.79045208	          0.00000000	          0.00000000	          0.00000000	         -0.00000000	         -0.00000000	          0.00000000	          0.07906755	          0.07948169	         -0.85095599	          0.00000000	          0.00000000	          0.00000000	         -0.00000000	         -0.00000000	          0.00000000	          0.12211808	          0.09577844	         -0.77004196	          0.00000000	          0.00000000	          0.00000000	         -0.00000000	         -0.00000000	          0.00000000	          0.05995205	          0.12443263	         -0.77758409	          0.00000000	          0.00000000	          0.00000000	         -0.00000000	         -0.00000000	          0.00000000	          0.14281579	          0.04726843	         -0.86318066	          0.00000000	          0.00000000	          0.00000000	         -0.00000000	         -0.00000000	          0.00000000	          0.19085571	          0.06622928	         -0.78727791	          0.00000000	          0.00000000	          0.00000000	         -0.00000000	         -0.00000000	         -0.00000000	         -0.25303686	          0.40354202	         -1.39843635	          0.00000000	          0.00000000	          0.00000000	         -0.00000000	         -0.00000000	         -0.00000000	         -0.29026785	          0.32162594	         -1.45309408	          0.00000000	          0.00000000	          0.00000000	         -0.00000000	         -0.00000000	         -0.00000000	         -0.31194534	          0.35400004	         -1.52237987	          0.00000000	          0.00000000	          0.00000000	         -0.00000000	         -0.00000000	         -0.00000000	         -0.28292336	          0.38014009	         -1.46212820	          0.00000000	          0.00000000	          0.00000000	         -0.00000000	         -0.00000000	         -0.00000000	         -0.31914373	          0.28700934	         -1.50314247	          0.00000000	          0.00000000	          0.00000000	         -0.00000000	         -0.00000000	         -0.00000000	         -0.34102981	          0.31926991	         -1.57289301	          0.00000000	          0.00000000	          0.00000000	
          3.96000000	         -0.00000000	         -0.00000000	          0.00000000	         -0.02316317	          0.17769555	         -0.78445679	          0.00000000	          0.00000000	          0.00000000	         -0.00000000	         -0.00000000	          0.00000000	          0.05744298	          0.10324052	         -0.83488529	          0.00000000	          0.00000000	          0.00000000	         -0.00000000	         -0.00000000	          0.00000000	          0.10069500	          0.12178985	         -0.75604548	          0.00000000	          0.00000000	          0.00000000	         -0.00000000	         -0.00000000	          0.00000000	          0.03959512	          0.15067192	         -0.76770132	          0.00000000	          0.00000000	          0.00000000	         -0.00000000	         -0.00000000	          0.00000000	          0.11872329	          0.06958432	         -0.84122890	          0.00000000	          0.00000000	          0.00000000	         -0.00000000	         -0.00000000	          0.00000000	          0.16621185	          0.08998444	         -0.76648070	          0.00000000	          0.00000000	          0.00000000	         -0.00000000	         -0.00000000	         -0.00000000	         -0.26831736	          0.38374186	         -1.38042379	          0.00000000	          0.00000000	          0.00000000	         -0.00000000	         -0.00000000	         -0.00000000	         -0.29216223	          0.29974026	         -1.42962683	          0.00000000	          0.00000000	          0.00000000	         -0.00000000	         -0.00000000	         -0.00000000	         -0.32126428	          0.33000736	         -1.49999333	          0.00000000	          0.00000000	          0.00000000	         -0.00000000	         -0.00000000	         -0.00000000	         -0.29550864	          0.35819359	         -1.44198867	          0.00000000	          0.00000000	          0.00000000	         -0.00000000	         -0.00000000	         -0.00000000	         -0.31597631	          0.26326732	         -1.47700521	          0.00000000	          0.00000000	          0.00000000	         -0.00000000	         -0.00000000	         -0.00000000	         -0.34524981	          0.29340517	         -1.54783613	          0.00000000	          0.00000000	          0.00000000	
          3.98000000	         -0.00000000	         -0.00000000	          0.00000000	         -0.04160333	          0.20266132	         -0.77799241	          0.00000000	          0.00000000	          0.00000000	         -0.00000000	         -0.00000000	          0.00000000	          0.03805336	          0.12635137	         -0.81769843	          0.00000000	          0.00000000	          0.00000000	         -0.00000000	         -0.00000000	          0.00000000	          0.08223535	          0.14778536	         -0.74237876	          0.00000000	          0.00000000	          0.00000000	         -0.00000000	         -0.00000000	          0.00000000	          0.02117716	          0.17624590	         -0.75779419	          0.00000000	          0.00000000	          0.00000000	         -0.00000000	         -0.00000000	          0.00000000	          0.09796093	          0.09206355	         -0.81847578	          0.00000000	          0.00000000	          0.00000000	         -0.00000000	         -0.00000000	          0.00000000	          0.14561746	          0.11476242	         -0.74653819	          0.00000000	          0.00000000	          0.00000000	         -0.00000000	         -0.00000000	         -0.00000000	         -0.28090146	          0.35531094	         -1.36166399	          0.00000000	          0.00000000	          0.00000000	         -0.00000000	         -0.00000000	         -0.00000000	         -0.28599723	          0.26941811	         -1.40263115	          0.00000000	          0.00000000	          0.00000000	         -0.00000000	         -0.00000000	         -0.00000000	         -0.32424590	          0.29605569	         -1.47447515	          0.00000000	          0.00000000	          0.00000000	         -0.00000000	         -0.00000000	         -0.00000000	         -0.30365518	          0.32690708	         -1.41993582	          0.00000000	          0.00000000	          0.00000000	         -0.00000000	         -0.00000000	         -0.00000000	         -0.30234320	          0.23071322	         -1.44592142	          0.00000000	          0.00000000	          0.00000000	         -0.00000000	         -0.00000000	         -0.00000000	         -0.34072970	          0.25720213	         -1.51821903	          0.00000000	          0.00000000	          0.00000000	
          4.00000000	         -0.00000000	         -0.00000000	          0.00000000	         -0.05905661	          0.22508564	         -0.77097058	          0.00000000	          0.00000000	          0.00000000	         -0.00000000	         -0.00000000	          0.00000000	          0.02093226	          0.14767921	         -0.80011424	          0.00000000	          0.00000000	          0.00000000	         -0.00000000	         -0.00000000	          0.00000000	          0.06645800	          0.17221989	         -0.72953668	          0.00000000	          0.00000000	          0.00000000	         -0.00000000	         -0.00000000	          0.00000000	          0.00459904	          0.19977112	         -0.74805521	          0.00000000	          0.00000000	          0.00000000	         -0.00000000	         -0.00000000	          0.00000000	          0.08048628	          0.11340838	         -0.79591860	          0.00000000	          0.00000000	          0.00000000	         -0.00000000	         -0.00000000	          0.00000000	          0.12880675	          0.13879758	         -0.72814101	          0.00000000	          0.00000000	          0.00000000	         -0.00000000	         -0.00000000	         -0.00000000	         -0.28654602	          0.32118440	         -1.33995385	          0.00000000	          0.00000000	          0.00000000	         -0.00000000	         -0.00000000	         -0.00000000	         -0.26949498	          0.23470834	         -1.37175666	          0.00000000	          0.00000000	          0.00000000	         -0.00000000	         -0.00000000	         -0.00000000	         -0.31727676	          0.25642745	         -1.44450819	          0.00000000	          0.00000000	          0.00000000	         -0.00000000	         -0.00000000	         -0.00000000	         -0.30338565	          0.28989024	         -1.39417179	          0.00000000	          0.00000000	          0.00000000	         -0.00000000	         -0.00000000	         -0.00000000	         -0.27661093	          0.19408437	         -1.41025334	          0.00000000	          0.00000000	          0.00000000	         -0.00000000	         -0.00000000	         -0.00000000	         -0.32449595	          0.21563506	         -1.48344085	          0.00000000	          0.00000000	          0.00000000	
          4.02000000	         -0.00000000	         -0.00000000	          0.00000000	         -0.07522308	          0.24370277	         -0.76326896	          0.00000000	          0.00000000	          0.00000000	         -0.00000000	         -0.00000000	          0.00000000	          0.00627939	          0.16594225	         -0.78289415	          0.00000000	          0.00000000	          0.00000000	         -0.00000000	         -0.00000000	          0.00000000	          0.05320269	          0.19346808	         -0.71785352	          0.00000000	          0.00000000	          0.00000000	         -0.00000000	         -0.00000000	          0.00000000	         -0.01007932	          0.21979214	         -0.73857334	          0.00000000	          0.00000000	          0.00000000	         -0.00000000	         -0.00000000	          0.00000000	          0.06633874	          0.13217302	         -0.77462412	          0.00000000	          0.00000000	          0.00000000	         -0.00000000	         -0.00000000	          0.00000000	          0.11549178	          0.16025736	         -0.71188518	          0.00000000	          0.00000000	          0.00000000	         -0.00000000	         -0.00000000	         -0.00000000	         -0.28361929	          0.28416286	         -1.31461753	          0.00000000	          0.00000000	          0.00000000	         -0.00000000	         -0.00000000	         -0.00000000	         -0.24297028	          0.19898480	         -1.33787792	          0.00000000	          0.00000000	          0.00000000	         -0.00000000	         -0.00000000	         -0.00000000	         -0.29960979	          0.21482505	         -1.41034222	          0.00000000	          0.00000000	          0.00000000	         -0.00000000	         -0.00000000	         -0.00000000	         -0.29346962	          0.25040109	         -1.36445726	          0.00000000	          0.00000000	          0.00000000	         -0.00000000	         -0.00000000	         -0.00000000	         -0.23982084	          0.15717727	         -1.37153405	          0.00000000	          0.00000000	          0.00000000	         -0.00000000	         -0.00000000	         -0.00000000	         -0.29652537	          0.17283162	         -1.44441393	          0.00000000	          0.00000000	          0.00000000	
          4.04000000	         -0.00000000	         -0.00000000	          0.00000000	         -0.08936030	          0.25691500	         -0.75430883	          0.00000000	          0.00000000	          0.00000000	         -0.00000000	         -0.00000000	          0.00000000	         -0.00522466	          0.17947909	         -0.76657707	          0.00000000	          0.00000000	          0.00000000	         -0.00000000	         -0.00000000	          0.00000000	          0.04281445	          0.20959059	         -0.70717843	          0.00000000	          0.00000000	          0.00000000	         -0.00000000	         -0.00000000	          0.00000000	         -0.02232357	          0.23453273	         -0.72895792	          0.00000000	          0.00000000	          0.00000000	         -0.00000000	         -0.00000000	          0.00000000	          0.05604235	          0.14654029	         -0.75551140	          0.00000000	          0.00000000	          0.00000000	         -0.00000000	         -0.00000000	          0.00000000	          0.10586245	          0.17701638	         -0.69797963	          0.00000000	          0.00000000	          0.00000000	         -0.00000000	         -0.00000000	         -0.00000000	         -0.27300083	          0.24693643	         -1.28658511	          0.00000000	          0.00000000	          0.00000000	         -0.00000000	         -0.00000000	         -0.00000000	         -0.20927656	          0.16495782	         -1.30307275	          0.00000000	          0.00000000	          0.00000000	         -0.00000000	         -0.00000000	         -0.00000000	         -0.27334953	          0.17440141	         -1.37378833	          0.00000000	          0.00000000	          0.00000000	         -0.00000000	         -0.00000000	         -0.00000000	         -0.27536706	          0.21137387	         -1.33214907	          0.00000000	          0.00000000	          0.00000000	         -0.00000000	         -0.00000000	         -0.00000000	         -0.19567320	          0.12285783	         -1.33239476	          0.00000000	          0.00000000	          0.00000000	         -0.00000000	         -0.00000000	         -0.00000000	         -0.25976937	          0.13210228	         -1.40350705	          0.00000000	          0.00000000	          0.00000000	
          4.06000000	         -0.00000000	         -0.00000000	         -0.00000000	         -0.10025979	          0.26247068	         -0.74304355	          0.00000000	          0.00000000	          0.00000000	         -0.00000000	         -0.00000000	         -0.00000000	         -0.01222162	          0.18600007	         -0.75157934	          0.00000000	          0.00000000	          0.00000000	          0.00000000	         -0.00000000	          0.00000000	          0.03628957	          0.21809727	         -0.69691209	          0.00000000	          0.00000000	          0.00000000	         -0.00000000	         -0.00000000	         -0.00000000	         -0.03104261	          0.24161637	         -0.71834885	          0.00000000	          0.00000000	          0.00000000	          0.00000000	         -0.00000000	          0.00000000	          0.05089221	          0.15410753	         -0.73947344	          0.00000000	          0.00000000	          0.00000000	          0.00000000	         -0.00000000	          0.00000000	          0.10083577	          0.18644917	         -0.68628668	          0.00000000	          0.00000000	          0.00000000	         -0.00000000	         -0.00000000	         -0.00000000	         -0.25845810	          0.21202268	         -1.25858858	          0.00000000	          0.00000000	          0.00000000	         -0.00000000	         -0.00000000	         -0.00000000	         -0.17415620	          0.13462120	         -1.27058121	          0.00000000	          0.00000000	          0.00000000	         -0.00000000	         -0.00000000	         -0.00000000	         -0.24372898	          0.13772384	         -1.33828561	          0.00000000	          0.00000000	          0.00000000	         -0.00000000	         -0.00000000	         -0.00000000	         -0.25355305	          0.17537039	         -1.30033583	          0.00000000	          0.00000000	          0.00000000	         -0.00000000	         -0.00000000	         -0.00000000	         -0.15084322	          0.09301775	         -1.29642949	          0.00000000	          0.00000000	          0.00000000	         -0.00000000	         -0.00000000	         -0.00000000	         -0.22039513	          0.09591372	         -1.36451840	          0.00000000	          0.00000000	          0.00000000	
          4.08000000	         -0.00000000	         -0.00000000	         -0.00000000	         -0.10728588	          0.25726125	         -0.73029448	          0.00000000	          0.00000000	          0.00000000	         -0.00000000	         -0.00000000	         -0.00000000	         -0.01374625	          0.18250248	         -0.74075578	          0.00000000	          0.00000000	          0.00000000	         -0.00000000	         -0.00000000	         -0.00000000	          0.03409049	          0.21574024	         -0.68826374	          0.00000000	          0.00000000	          0.00000000	         -0.00000000	         -0.00000000	         -0.00000000	         -0.03570368	          0.23785718	         -0.70770303	          0.00000000	          0.00000000	          0.00000000	         -0.00000000	         -0.00000000	         -0.00000000	          0.05184776	          0.15182332	         -0.72997034	          0.00000000	          0.00000000	          0.00000000	         -0.00000000	         -0.00000000	         -0.00000000	          0.10085295	          0.18524346	         -0.67860903	          0.00000000	          0.00000000	          0.00000000	         -0.00000000	         -0.00000000	         -0.00000000	         -0.24578583	          0.18069689	         -1.23357115	          0.00000000	          0.00000000	          0.00000000	         -0.00000000	         -0.00000000	         -0.00000000	         -0.14463201	          0.10841490	         -1.24272269	          0.00000000	          0.00000000	          0.00000000	         -0.00000000	         -0.00000000	         -0.00000000	         -0.21749940	          0.10575413	         -1.30694720	          0.00000000	          0.00000000	          0.00000000	         -0.00000000	         -0.00000000	         -0.00000000	         -0.23428625	          0.14352870	         -1.27207203	          0.00000000	          0.00000000	          0.00000000	         -0.00000000	         -0.00000000	         -0.00000000	         -0.11296490	          0.06780452	         -1.26588065	          0.00000000	          0.00000000	          0.00000000	         -0.00000000	         -0.00000000	         -0.00000000	         -0.18576599	          0.06493577	         -1.33048869	          0.00000000	          0.00000000	          0.00000000	
          4.10000000	         -0.00000000	         -0.00000000	          0.00000000	         -0.11215941	          0.23925358	         -0.72154157	          0.00000000	          0.00000000	          0.00000000	         -0.00000000	         -0.00000000	          0.00000000	         -0.01229212	          0.16704727	         -0.74119125	          0.00000000	          0.00000000	          0.00000000	         -0.00000000	         -0.00000000	          0.00000000	          0.03344543	          0.19992855	         -0.68599954	          0.00000000	          0.00000000	          0.00000000	         -0.00000000	         -0.00000000	          0.00000000	         -0.03855710	          0.22092374	         -0.70206791	          0.00000000	          0.00000000	          0.00000000	         -0.00000000	         -0.00000000	          0.00000000	          0.05588220	          0.13756700	         -0.73428352	          0.00000000	          0.00000000	          0.00000000	         -0.00000000	         -0.00000000	          0.00000000	          0.10260678	          0.17060896	         -0.67990666	          0.00000000	          0.00000000	          0.00000000	         -0.00000000	         -0.00000000	         -0.00000000	         -0.24008333	          0.15260350	         -1.21193656	          0.00000000	          0.00000000	          0.00000000	         -0.00000000	         -0.00000000	         -0.00000000	         -0.12576149	          0.08532610	         -1.21827048	          0.00000000	          0.00000000	          0.00000000	         -0.00000000	         -0.00000000	         -0.00000000	         -0.19975615	          0.07768096	         -1.27953843	          0.00000000	          0.00000000	          0.00000000	         -0.00000000	         -0.00000000	         -0.00000000	         -0.22266532	          0.11527466	         -1.24747950	          0.00000000	          0.00000000	          0.00000000	         -0.00000000	         -0.00000000	         -0.00000000	         -0.08711516	          0.04590486	         -1.23894067	          0.00000000	          0.00000000	          0.00000000	         -0.00000000	         -0.00000000	         -0.00000000	         -0.16100043	          0.03805397	         -1.30059726	          0.00000000	          0.00000000	          0.00000000	
          4.12000000	         -0.00000000	         -0.00000000	          0.00000000	         -0.11728899	          0.20874205	         -0.72459162	          0.00000000	          0.00000000	          0.00000000	         -0.00000000	         -0.00000000	          0.00000000	         -0.01143022	          0.14029928	         -0.76024081	          0.00000000	          0.00000000	          0.00000000	         -0.00000000	         -0.00000000	          0.00000000	          0.03060368	          0.17014854	         -0.69596016	          0.00000000	          0.00000000	          0.00000000	         -0.00000000	         -0.00000000	          0.00000000	         -0.04268160	          0.19067031	         -0.70822570	          0.00000000	          0.00000000	          0.00000000	         -0.00000000	         -0.00000000	          0.00000000	          0.05868817	          0.11181878	         -0.75911165	          0.00000000	          0.00000000	          0.00000000	         -0.00000000	         -0.00000000	          0.00000000	          0.10159752	          0.14182218	         -0.69535361	          0.00000000	          0.00000000	          0.00000000	         -0.00000000	         -0.00000000	         -0.00000000	         -0.24373310	          0.12660891	         -1.19221145	          0.00000000	          0.00000000	          0.00000000	         -0.00000000	         -0.00000000	         -0.00000000	         -0.11851209	          0.06429786	         -1.19411469	          0.00000000	          0.00000000	          0.00000000	         -0.00000000	         -0.00000000	         -0.00000000	         -0.19174633	          0.05208469	         -1.25329968	          0.00000000	          0.00000000	          0.00000000	         -0.00000000	         -0.00000000	         -0.00000000	         -0.22052060	          0.08932073	         -1.22446053	          0.00000000	          0.00000000	          0.00000000	         -0.00000000	          0.00000000	         -0.00000000	         -0.07361702	          0.02617675	         -1.21164480	          0.00000000	          0.00000000	          0.00000000	         -0.00013394	          0.00021301	         -0.00033359	         -0.14672839	          0.01374567	         -1.27117393	          0.00000000	          0.00000000	          0.00000000	
          4.14000000	         -0.00000000	         -0.00000000	          0.00000000	         -0.12139780	          0.16800132	         -0.74477451	          0.00000000	          0.00000000	          0.00000000	         -0.00000000	         -0.00000000	          0.00000000	         -0.00974913	          0.10572943	         -0.80167804	          0.00000000	          0.00000000	          0.00000000	         -0.00000000	          0.00000000	          0.00000000	          0.02639994	          0.12817336	         -0.72331294	          0.00000000	          0.00000000	          0.00000000	         -0.00000000	          0.00000000	          0.00000000	         -0.04703887	          0.14906531	         -0.73147360	          0.00000000	          0.00000000	          0.00000000	         -0.00000000	         -0.00000000	          0.00000000	          0.06152904	          0.07817948	         -0.80787861	          0.00000000	          0.00000000	          0.00000000	         -0.00000000	          0.00000000	          0.00000000	          0.09847955	          0.10075960	         -0.72976121	          0.00000000	          0.00000000	          0.00000000	         -0.00000000	          0.00000000	         -0.00000000	         -0.25617653	          0.10091509	         -1.17336587	          0.00000000	          0.00000000	          0.00000000	         -0.00000000	          0.00000000	         -0.00000000	         -0.12426061	          0.04215120	         -1.17344179	          0.00000000	          0.00000000	          0.00000000	          0.00000000	          0.00000000	         -0.00000000	         -0.19472356	          0.02821069	         -1.23443675	          0.00000000	          0.00000000	          0.00000000	         -0.00000000	          0.00000000	         -0.00000000	         -0.22818585	          0.06446811	         -1.20566833	          0.00000000	          0.00000000	          0.00000000	          0.54726606	          0.81873289	         -0.56441881	         -0.07378694	          0.00577425	         -1.19241968	          0.00000000	          0.00000000	          0.00000000	        -14.30155791	       1178.75036655	        363.41697688	         -0.14320457	         -0.00784903	         -1.25523635	          0.00000000	          0.00000000	          0.00000000	
          4.16000000	         -0.00000000	         -0.00000000	          0.00000000	         -0.11775933	          0.12622753	         -0.76842324	          0.00000000	          0.00000000	          0.00000000	         -0.00000000	         -0.00000000	          0.00000000	          0.00274279	          0.07349545	         -0.84306332	          0.00000000	          0.00000000	          0.00000000	         -0.00000000	         -0.00000000	          0.00000000	          0.03149726	          0.08696002	         -0.75412083	          0.00000000	          0.00000000	          0.00000000	         -0.00000000	         -0.00000000	          0.00000000	         -0.04293181	          0.10726137	         -0.75830209	          0.00000000	          0.00000000	          0.00000000	         -0.00000000	         -0.00000000	          0.00000000	          0.07644343	          0.04823605	         -0.85591467	          0.00000000	          0.00000000	          0.00000000	         -0.00000000	         -0.00000000	          0.00000000	          0.10592232	          0.06179973	         -0.76702026	          0.00000000	          0.00000000	          0.00000000	         -0.00000000	          0.00000000	         -0.00000000	         -0.27990695	          0.07797109	         -1.15325662	          0.00000000	          0.00000000	          0.00000000	          0.00000002	          0.00000002	         -0.00000002	         -0.14323242	          0.02199302	         -1.15255623	          0.00000000	          0.00000000	          0.00000000	          0.03759902	          0.03848661	         -0.03832050	         -0.20886145	          0.00858283	         -1.21916149	          0.00000000	          0.00000000	          0.00000000	         -0.00000000	          0.00000000	         -0.00000000	         -0.24700497	          0.04318289	         -1.18814273	          0.00000000	          0.00000000	          0.00000000	        507.62846321	        718.35638000	       -463.37765410	         -0.08289064	         -0.00942297	         -1.18139973	          0.00000000	          0.00000000	          0.00000000	       -443.43561814	        636.30999292	        458.03565473	         -0.14290733	         -0.01860306	         -1.25601888	          0.00000000	          0.00000000	          0.00000000	
          4.18000000	         -0.00000000	         -0.00000000	          0.00000000	         -0.10667268	          0.09041243	         -0.78369791	          0.00000000	          0.00000000	          0.00000000	         -0.00000000	         -0.00000000	          0.00000000	          0.02505163	          0.04848433	         -0.86635043	          0.00000000	          0.00000000	          0.00000000	         -0.00000000	         -0.00000000	          0.00000000	          0.04700326	          0.05537613	         -0.77259061	          0.00000000	          0.00000000	          0.00000000	         -0.00000000	         -0.00000000	          0.00000000	         -0.02989166	          0.07331457	         -0.77499258	          0.00000000	          0.00000000	          0.00000000	         -0.00000000	          0.00000000	          0.00000000	          0.10276530	          0.02697932	         -0.88233350	          0.00000000	          0.00000000	          0.00000000	         -0.00000000	         -0.00000000	          0.00000000	          0.12537309	          0.03393825	         -0.78851295	          0.00000000	          0.00000000	          0.00000000	         -0.00000000	          0.00000000	         -0.00000000	         -0.30662616	          0.05752172	         -1.13592489	          0.00000000	          0.00000000	          0.00000000	          0.17449404	          0.19151875	         -0.09465558	         -0.16187428	          0.00687370	         -1.13515367	          0.00000000	          0.00000000	          0.00000000	        309.64168050	        525.81829764	         77.78750359	         -0.22082385	         -0.00583986	         -1.20823701	          0.00000000	          0.00000000	          0.00000000	          0.00000000	          0.00000000	         -0.00000000	         -0.26619473	          0.02573901	         -1.17420271	          0.00000000	          0.00000000	          0.00000000	       -161.39446150	        924.06079985	        -43.41022538	         -0.08978327	         -0.01478050	         -1.17130974	          0.00000000	          0.00000000	          0.00000000	        -30.52170443	         34.57981677	         16.81570034	         -0.13996937	         -0.01666905	         -1.25482144	          0.00000000	          0.00000000	          0.00000000	
          4.20000000	         -0.00000000	         -0.00000000	          0.00000000	         -0.08999235	          0.06052180	         -0.78972103	          0.00000000	          0.00000000	          0.00000000	         -0.00000000	          0.00000000	         -0.00000000	          0.05290681	          0.02909592	         -0.87245000	          0.00000000	          0.00000000	          0.00000000	         -0.00000000	         -0.00000000	         -0.00000000	          0.06886189	          0.03203990	         -0.77667145	          0.00000000	          0.00000000	          0.00000000	         -0.00000000	         -0.00000000	          0.00000000	         -0.01085473	          0.04653149	         -0.77998566	          0.00000000	          0.00000000	          0.00000000	         -0.00146982	          0.00082688	         -0.00014012	          0.13495166	          0.01201580	         -0.88805086	          0.00000000	          0.00000000	          0.00000000	         -0.00006002	          0.00003653	         -0.00000845	          0.15151292	          0.01500950	         -0.79214992	          0.00000000	          0.00000000	          0.00000000	         -0.00000000	          0.00000000	          0.00000000	         -0.32840680	          0.03857935	         -1.12803360	          0.00000000	          0.00000000	          0.00000000	        172.14989865	        186.14658415	        -65.92944715	         -0.17321025	         -0.00363609	         -1.12780877	          0.00000000	          0.00000000	          0.00000000	        -21.30146557	       1358.10581302	        634.40757044	         -0.22447426	         -0.01524368	         -1.20715498	          0.00000000	          0.00000000	          0.00000000	          0.00109692	          0.00130215	          0.00063284	         -0.27874251	          0.01155359	         -1.16989465	          0.00000000	          0.00000000	          0.00000000	        112.55791073	        374.61781295	       -343.92911527	         -0.09365510	         -0.01608784	         -1.16409144	          0.00000000	          0.00000000	          0.00000000	         -2.51520575	          3.60693090	         -2.21728308	         -0.13798707	         -0.01322389	         -1.25074583	          0.00000000	          0.00000000	          0.00000000	
          4.22000000	         -0.00000000	         -0.00000000	         -0.00000000	         -0.06759565	          0.03672449	         -0.78210416	          0.00000000	          0.00000000	          0.00000000	         -0.00005688	          0.00003430	         -0.00002690	          0.08466752	          0.01487032	         -0.86033523	          0.00000000	          0.00000000	          0.00000000	         -0.00001106	          0.00000726	         -0.00000611	          0.09563865	          0.01631307	         -0.76372223	          0.00000000	          0.00000000	          0.00000000	         -0.00000000	          0.00000000	         -0.00000000	          0.01353832	          0.02667556	         -0.76970210	          0.00000000	          0.00000000	          0.00000000	         -9.64063385	          5.73790449	         -5.21972717	          0.17040392	          0.00244632	         -0.87334073	          0.00000000	          0.00000000	          0.00000000	         -2.97420368	          1.92973092	         -1.86860359	          0.18192983	          0.00390417	         -0.77656384	          0.00000000	          0.00000000	          0.00000000	          0.00000000	          0.00000000	         -0.00000000	         -0.34486642	          0.02307094	         -1.12280217	          0.00000000	          0.00000000	          0.00000000	        297.23008540	        565.64231482	        -81.06536704	         -0.18076969	         -0.00966601	         -1.12295068	          0.00000000	          0.00000000	          0.00000000	       -184.13809097	       1038.16393600	        396.71261402	         -0.22539694	         -0.01957019	         -1.20708630	          0.00000000	          0.00000000	          0.00000000	          6.17182314	         10.79470568	          1.12642184	         -0.28728817	          0.00163562	         -1.16738141	          0.00000000	          0.00000000	          0.00000000	         82.12208716	        281.42948395	       -149.56187751	         -0.09730484	         -0.01507221	         -1.15716887	          0.00000000	          0.00000000	          0.00000000	          0.01532323	         -0.23857542	          0.10433470	         -0.13829688	         -0.00967132	         -1.24497599	          0.00000000	          0.00000000	          0.00000000	
          4.24000000	         -0.00000026	          0.00000019	         -0.00000020	         -0.04282388	          0.01967831	         -0.76370921	          0.00000000	          0.00000000	          0.00000000	         -0.29505077	          0.20289930	         -0.25483405	          0.11610699	          0.00619535	         -0.83601696	          0.00000000	          0.00000000	          0.00000000	         -0.05910856	          0.04445832	         -0.05769918	          0.12289369	          0.00765715	         -0.73902130	          0.00000000	          0.00000000	          0.00000000	         -0.00013457	          0.00009970	         -0.00011883	          0.03939539	          0.01378102	         -0.74817424	          0.00000000	          0.00000000	          0.00000000	        -60.43961377	         41.77719512	        -56.71827728	          0.20425754	         -0.00187240	         -0.84573019	          0.00000000	          0.00000000	          0.00000000	        -20.98837243	         15.92610292	        -22.28654942	          0.21153319	         -0.00054233	         -0.74853397	          0.00000000	          0.00000000	          0.00000000	          0.00239722	          0.00302076	         -0.00013951	         -0.35475345	          0.01069707	         -1.11625566	          0.00000000	          0.00000000	          0.00000000	        174.83370607	        648.51676117	        -33.89429701	         -0.18475545	         -0.01328936	         -1.11998094	          0.00000000	          0.00000000	          0.00000000	       -110.73236958	        531.64492612	        153.05706455	         -0.22588015	         -0.02009411	         -1.20708033	          0.00000000	          0.00000000	          0.00000000	         59.36217302	        210.83364022	         27.56494336	         -0.29240284	         -0.00476950	         -1.16417223	          0.00000000	          0.00000000	          0.00000000	         54.71373177	        186.90951914	        -98.42787112	         -0.09990386	         -0.01356218	         -1.15332701	          0.00000000	          0.00000000	          0.00000000	         -0.04697825	         -0.85083253	          0.41644042	         -0.14000368	         -0.00593573	         -1.24088538	          0.00000000	          0.00000000	          0.00000000	
          4.26000000	         -0.02931058	          0.02519967	         -0.03064619	         -0.01982316	          0.00852100	         -0.73952945	          0.00000000	          0.00000000	          0.00000000	         -4.95585274	          4.10509742	         -5.69659346	          0.14341961	          0.00208416	         -0.80586691	          0.00000000	          0.00000000	          0.00000000	         -0.58989403	          0.54948386	         -0.78278840	          0.14640952	          0.00437396	         -0.70874404	          0.00000000	          0.00000000	          0.00000000	         -0.14207060	          0.12763453	         -0.16890364	          0.06252096	          0.00654770	         -0.72097345	          0.00000000	          0.00000000	          0.00000000	        -19.00283149	         15.82312230	        -23.53828832	          0.23290895	         -0.00203309	         -0.81228390	          0.00000000	          0.00000000	          0.00000000	         -1.77217034	          1.65853958	         -2.52415082	          0.23638758	          0.00003603	         -0.71492944	          0.00000000	          0.00000000	          0.00000000	          5.91692927	         12.75172846	          2.22350934	         -0.36082020	          0.00134368	         -1.11240821	          0.00000000	          0.00000000	          0.00000000	        100.91917775	        605.40894943	        -31.45627646	         -0.18731016	         -0.01508660	         -1.11779736	          0.00000000	          0.00000000	          0.00000000	        -59.59246249	        300.04837843	         48.67357875	         -0.22613457	         -0.01879398	         -1.20668184	          0.00000000	          0.00000000	          0.00000000	         47.69001237	        385.59448458	         67.74550315	         -0.29551525	         -0.00874613	         -1.16209224	          0.00000000	          0.00000000	          0.00000000	         38.80600884	        142.46891073	        -79.61312058	         -0.10187408	         -0.01175575	         -1.14991774	          0.00000000	          0.00000000	          0.00000000	          0.15511903	          2.58313862	         -1.35431594	         -0.14126051	         -0.00256826	         -1.23719995	          0.00000000	          0.00000000	          0.00000000	
          4.28000000	         -6.29826347	          6.72979778	         -9.60854710	         -0.00060830	          0.00186238	         -0.71237801	          0.00000000	          0.00000000	          0.00000000	         -3.47614198	          3.60401507	         -5.65645515	          0.16530226	          0.00117553	         -0.77309367	          0.00000000	          0.00000000	          0.00000000	         -0.06330784	          0.07582880	         -0.12073387	          0.16460896	          0.00493446	         -0.67611035	          0.00000000	          0.00000000	          0.00000000	         -0.99484541	          1.13017599	         -1.70851222	          0.08110735	          0.00351096	         -0.69111450	          0.00000000	          0.00000000	          0.00000000	          0.00452208	         -0.00474924	          0.00784936	          0.25535454	          0.00069513	         -0.77641926	          0.00000000	          0.00000000	          0.00000000	          0.00000000	         -0.00000000	          0.00000000	          0.25517436	          0.00431563	         -0.67918423	          0.00000000	          0.00000000	          0.00000000	         72.54745673	        272.75324247	         48.05475689	         -0.36445201	         -0.00544221	         -1.11049022	          0.00000000	          0.00000000	          0.00000000	         56.27051171	        493.90696607	        -38.84504375	         -0.18905915	         -0.01571010	         -1.11598735	          0.00000000	          0.00000000	          0.00000000	        -20.43924308	        165.00541799	          5.42998079	         -0.22640512	         -0.01675279	         -1.20578542	          0.00000000	          0.00000000	          0.00000000	         27.28136193	        419.93731285	         45.82321746	         -0.29743350	         -0.01107369	         -1.16071093	          0.00000000	          0.00000000	          0.00000000	         30.71228945	        107.40911328	        -57.56291947	         -0.10342110	         -0.00989197	         -1.14680489	          0.00000000	          0.00000000	          0.00000000	          0.18246632	          1.32697294	         -0.67870834	         -0.14215833	          0.00032820	         -1.23391824	          0.00000000	          0.00000000	          0.00000000	
          4.30000000	        -16.34939952	         22.27989994	        -33.39978503	          0.01473996	         -0.00110256	         -0.68284461	          0.00000000	          0.00000000	          0.00000000	         -0.22431037	          0.29827060	         -0.48244619	          0.18213646	          0.00276759	         -0.73881865	          0.00000000	          0.00000000	          0.00000000	          0.00000000	         -0.00000000	          0.00000000	          0.17793589	          0.00858891	         -0.64233254	          0.00000000	          0.00000000	          0.00000000	         -0.18338393	          0.27188173	         -0.42551729	          0.09533550	          0.00389149	         -0.65949826	          0.00000000	          0.00000000	          0.00000000	          0.00000000	         -0.00000000	          0.00000000	          0.27211446	          0.00547711	         -0.73960593	          0.00000000	          0.00000000	          0.00000000	          0.00000000	         -0.00000000	          0.00000000	          0.26842607	          0.01125027	         -0.64285783	          0.00000000	          0.00000000	          0.00000000	         83.48663194	        458.99665155	         54.03122464	         -0.36665347	         -0.00980753	         -1.10938566	          0.00000000	          0.00000000	          0.00000000	         42.37517240	        350.88843431	        -26.56378419	         -0.19039848	         -0.01535731	         -1.11444250	          0.00000000	          0.00000000	          0.00000000	         -0.44116857	         79.01598539	         -2.77054344	         -0.22696341	         -0.01424429	         -1.20455806	          0.00000000	          0.00000000	          0.00000000	         28.37701661	        334.58133140	         14.56154831	         -0.29879527	         -0.01196446	         -1.15955649	          0.00000000	          0.00000000	          0.00000000	         26.50579706	         80.46691821	        -36.15922208	         -0.10474492	         -0.00802576	         -1.14426952	          0.00000000	          0.00000000	          0.00000000	          0.12282518	          0.50618736	         -0.21921631	         -0.14296871	          0.00276953	         -1.23133217	          0.00000000	          0.00000000	          0.00000000	
          4.32000000	         -6.12655390	         11.31739303	        -16.79095079	          0.02596169	         -0.00117219	         -0.65405925	          0.00000000	          0.00000000	          0.00000000	          0.00000697	         -0.00001251	          0.00001989	          0.19417607	          0.00618066	         -0.70604247	          0.00000000	          0.00000000	          0.00000000	          0.00000000	         -0.00000000	          0.00000000	          0.18656710	          0.01424612	         -0.61041475	          0.00000000	          0.00000000	          0.00000000	          0.00004206	         -0.00008806	          0.00013550	          0.10515890	          0.00673199	         -0.62919255	          0.00000000	          0.00000000	          0.00000000	          0.00000000	         -0.00000000	          0.00000000	          0.28369136	          0.01153708	         -0.70480401	          0.00000000	          0.00000000	          0.00000000	          0.00000000	         -0.00000000	          0.00000000	          0.27657856	          0.01962209	         -0.60891317	          0.00000000	          0.00000000	          0.00000000	         58.19276702	        434.13864770	         20.05761695	         -0.36803842	         -0.01199013	         -1.10858028	          0.00000000	          0.00000000	          0.00000000	         30.21213664	        255.39113041	          2.61274477	         -0.19148722	         -0.01431217	         -1.11334450	          0.00000000	          0.00000000	          0.00000000	          5.20775064	         49.49377865	         -0.28247002	         -0.22783194	         -0.01150151	         -1.20340129	          0.00000000	          0.00000000	          0.00000000	         27.52359022	        230.64138177	          4.60690395	         -0.29991719	         -0.01165216	         -1.15857525	          0.00000000	          0.00000000	          0.00000000	         22.72391278	         65.60832556	        -16.07028812	         -0.10588419	         -0.00630126	         -1.14266253	          0.00000000	          0.00000000	          0.00000000	          0.04476069	          0.13044214	         -0.03313934	         -0.14378064	          0.00476760	         -1.22973088	          0.00000000	          0.00000000	          0.00000000	
          4.34000000	         -0.47998922	          1.32826412	         -1.94860225	          0.03328667	          0.00065226	         -0.62720412	          0.00000000	          0.00000000	          0.00000000	          0.00000000	         -0.00000000	          0.00000000	          0.20202874	          0.01050860	         -0.67570274	          0.00000000	          0.00000000	          0.00000000	          0.00000000	         -0.00000000	          0.00000000	          0.19112882	          0.02080560	         -0.58125782	          0.00000000	          0.00000000	          0.00000000	          0.00000000	         -0.00000000	          0.00000000	          0.11100412	          0.01097545	         -0.60123913	          0.00000000	          0.00000000	          0.00000000	          0.00000000	         -0.00000000	          0.00000000	          0.29091595	          0.01796532	         -0.67281697	          0.00000000	          0.00000000	          0.00000000	          0.00000000	         -0.00000000	          0.00000000	          0.28049036	          0.02833321	         -0.57811507	          0.00000000	          0.00000000	          0.00000000	         39.37276243	        372.42068607	         13.68310880	         -0.36896304	         -0.01272766	         -1.10796681	          0.00000000	          0.00000000	          0.00000000	         23.46516392	        225.70217524	          3.62922122	         -0.19235019	         -0.01304551	         -1.11266664	          0.00000000	          0.00000000	          0.00000000	          6.08554710	         56.77617933	         -0.54088028	         -0.22876119	         -0.00890325	         -1.20249074	          0.00000000	          0.00000000	          0.00000000	         19.08412688	        179.10023199	          2.32363872	         -0.30084638	         -0.01069376	         -1.15780684	          0.00000000	          0.00000000	          0.00000000	         18.11446459	         58.25922232	        -11.25955746	         -0.10679543	         -0.00492510	         -1.14182014	          0.00000000	          0.00000000	          0.00000000	          0.01359300	          0.04304271	         -0.00858128	         -0.14448422	          0.00626125	         -1.22891855	          0.00000000	          0.00000000	          0.00000000	
          4.36000000	         -0.00601856	          0.03333346	         -0.04764248	          0.03716285	          0.00351358	         -0.60239322	          0.00000000	          0.00000000	          0.00000000	          0.00000000	         -0.00000000	          0.00000000	          0.20634844	          0.01500726	         -0.64780698	          0.00000000	          0.00000000	          0.00000000	          0.00000000	         -0.00000000	          0.00000000	          0.19238119	          0.02745822	         -0.55481465	          0.00000000	          0.00000000	          0.00000000	          0.00000000	         -0.00000000	          0.00000000	          0.11347718	          0.01578621	         -0.57567041	          0.00000000	          0.00000000	          0.00000000	          0.00000000	         -0.00000000	          0.00000000	          0.29459650	          0.02406013	         -0.64358059	          0.00000000	          0.00000000	          0.00000000	          0.00000000	         -0.00000000	          0.00000000	          0.28108171	          0.03662003	         -0.55034185	          0.00000000	          0.00000000	          0.00000000	         29.99545002	        326.45545948	         17.70060261	         -0.36963214	         -0.01275157	         -1.10760022	          0.00000000	          0.00000000	          0.00000000	         19.04917950	        207.00908415	         -4.76558387	         -0.19302151	         -0.01185748	         -1.11208125	          0.00000000	          0.00000000	          0.00000000	          3.58636389	         53.76990610	         -1.92925276	         -0.22945058	         -0.00668885	         -1.20168498	          0.00000000	          0.00000000	          0.00000000	         11.84829591	        150.82651595	          1.38823426	         -0.30152613	         -0.00957514	         -1.15721543	          0.00000000	          0.00000000	          0.00000000	         13.37826759	         49.49422549	        -11.44165373	         -0.10746088	         -0.00394083	         -1.14111964	          0.00000000	          0.00000000	          0.00000000	          0.00482731	          0.01946287	         -0.00426537	         -0.14486940	          0.00725382	         -1.22833453	          0.00000000	          0.00000000	          0.00000000	
          4.38000000	          0.00001535	          0.00081161	         -0.00110958	          0.03776127	          0.00674134	         -0.58011340	          0.00000000	          0.00000000	          0.00000000	          0.00000000	         -0.00000000	          0.00000000	          0.20742334	          0.01913523	         -0.62271551	          0.00000000	          0.00000000	          0.00000000	         -0.00000000	         -0.00000000	          0.00000000	          0.19068317	          0.03361568	         -0.53137112	          0.00000000	          0.00000000	          0.00000000	         -0.00000000	         -0.00000000	          0.00000000	          0.11284452	          0.02053290	         -0.55287128	          0.00000000	          0.00000000	          0.00000000	          0.00000000	         -0.00000000	          0.00000000	          0.29511424	          0.02933723	         -0.61736534	          0.00000000	          0.00000000	          0.00000000	         -0.00000000	         -0.00000000	          0.00000000	          0.27880755	          0.04395436	         -0.52578715	          0.00000000	          0.00000000	          0.00000000	         26.75465719	        303.56768021	         22.21883494	         -0.37017815	         -0.01248668	         -1.10746455	          0.00000000	          0.00000000	          0.00000000	         17.01997290	        194.25078677	        -13.36800775	         -0.19357799	         -0.01081347	         -1.11143656	          0.00000000	          0.00000000	          0.00000000	          1.26483112	         45.26603270	         -2.89564886	         -0.22986823	         -0.00487774	         -1.20090639	          0.00000000	          0.00000000	          0.00000000	          7.63885392	        135.65323982	          0.74596229	         -0.30200388	         -0.00851901	         -1.15675709	          0.00000000	          0.00000000	          0.00000000	          9.97232577	         41.97681078	        -11.92686107	         -0.10796188	         -0.00324352	         -1.14028592	          0.00000000	          0.00000000	          0.00000000	          0.00222523	          0.01204548	         -0.00305243	         -0.14496652	          0.00785360	         -1.22772269	          0.00000000	          0.00000000	          0.00000000	
          4.40000000	          0.00005262	          0.00022212	         -0.00028446	          0.03521278	          0.00983273	         -0.56070325	          0.00000000	          0.00000000	          0.00000000	          0.00000000	          0.00000000	         -0.00000000	          0.20543362	          0.02249686	         -0.60067748	          0.00000000	          0.00000000	          0.00000000	         -0.00000000	         -0.00000000	          0.00000000	          0.18625913	          0.03888531	         -0.51111868	          0.00000000	          0.00000000	          0.00000000	         -0.00000000	         -0.00000000	          0.00000000	          0.10928478	          0.02476727	         -0.53310555	          0.00000000	          0.00000000	          0.00000000	         -0.00000000	         -0.00000000	          0.00000000	          0.29269554	          0.03346152	         -0.59435373	          0.00000000	          0.00000000	          0.00000000	         -0.00000000	         -0.00000000	          0.00000000	          0.27393958	          0.05000662	         -0.50457418	          0.00000000	          0.00000000	          0.00000000	         27.74700170	        298.54724019	         30.52594241	         -0.37068561	         -0.01218704	         -1.10755884	          0.00000000	          0.00000000	          0.00000000	         17.18412707	        187.61659490	        -23.58644650	         -0.19409293	         -0.00995969	         -1.11068495	          0.00000000	          0.00000000	          0.00000000	         -0.50187257	         36.87121881	         -3.54913148	         -0.23005664	         -0.00350432	         -1.20014270	          0.00000000	          0.00000000	          0.00000000	          4.75673819	        129.88405316	          0.65570221	         -0.30234231	         -0.00767034	         -1.15642650	          0.00000000	          0.00000000	          0.00000000	          7.71181581	         37.21808802	        -13.32199456	         -0.10837882	         -0.00277749	         -1.13921789	          0.00000000	          0.00000000	          0.00000000	          0.00115606	          0.01034083	         -0.00313820	         -0.14484494	          0.00811151	         -1.22698495	          0.00000000	          0.00000000	          0.00000000	
          4.42000000	          0.00001504	          0.00003221	         -0.00003726	          0.02976897	          0.01246415	         -0.54435066	          0.00000000	          0.00000000	          0.00000000	          0.00000000	          0.00000000	         -0.00000000	          0.20063520	          0.02484621	         -0.58184818	          0.00000000	          0.00000000	          0.00000000	         -0.00000000	         -0.00000000	          0.00000000	          0.17940744	          0.04304110	         -0.49416733	          0.00000000	          0.00000000	          0.00000000	          0.00000000	          0.00000000	         -0.00000000	          0.10307414	          0.02821471	         -0.51652103	          0.00000000	          0.00000000	          0.00000000	         -0.00000000	          0.00000000	         -0.00000000	          0.28761588	          0.03623668	         -0.57466860	          0.00000000	          0.00000000	          0.00000000	         -0.00000000	         -0.00000000	          0.00000000	          0.26679603	          0.05460226	         -0.48677963	          0.00000000	          0.00000000	          0.00000000	         31.31563594	        305.94503810	         41.54714870	         -0.37120781	         -0.01199224	         -1.10790729	          0.00000000	          0.00000000	          0.00000000	         18.72329314	        183.71652133	        -30.42462855	         -0.19462294	         -0.00931639	         -1.10984030	          0.00000000	          0.00000000	          0.00000000	         -1.27402584	         30.14805958	         -3.43333249	         -0.23006744	         -0.00258634	         -1.19942422	          0.00000000	          0.00000000	          0.00000000	          3.36278212	        129.96887555	          1.82515877	         -0.30259373	         -0.00710836	         -1.15625141	          0.00000000	          0.00000000	          0.00000000	          6.39158752	         34.60899773	        -14.19410203	         -0.10876991	         -0.00250570	         -1.13790690	          0.00000000	          0.00000000	          0.00000000	          0.00060931	          0.01186335	         -0.00398011	         -0.14455871	          0.00805839	         -1.22611051	          0.00000000	          0.00000000	          0.00000000	
          4.44000000	          0.00000428	          0.00000611	         -0.00000602	          0.02173792	          0.01446327	         -0.53115856	          0.00000000	          0.00000000	          0.00000000	          0.00000000	          0.00000000	         -0.00000000	          0.19330865	          0.02605930	         -0.56637505	          0.00000000	          0.00000000	          0.00000000	         -0.00000000	          0.00000000	         -0.00000000	          0.17049124	          0.04594468	         -0.48058219	          0.00000000	          0.00000000	          0.00000000	          0.00000000	          0.00000000	         -0.00000000	          0.09455074	          0.03071918	         -0.50319911	          0.00000000	          0.00000000	          0.00000000	         -0.00000000	          0.00000000	         -0.00000000	          0.28016902	          0.03756155	         -0.55845769	          0.00000000	          0.00000000	          0.00000000	         -0.00000000	          0.00000000	         -0.00000000	          0.25775312	          0.05762720	         -0.47246861	          0.00000000	          0.00000000	          0.00000000	         37.58159827	        320.43458968	         51.86008021	         -0.37177750	         -0.01195662	         -1.10848429	          0.00000000	          0.00000000	          0.00000000	         21.96885251	        184.22925543	        -30.08930716	         -0.19520885	         -0.00888175	         -1.10901835	          0.00000000	          0.00000000	          0.00000000	         -1.04542458	         26.68508976	         -2.70657097	         -0.23001323	         -0.00208174	         -1.19883182	          0.00000000	          0.00000000	          0.00000000	          4.64143503	        134.71972077	          4.54176535	         -0.30283284	         -0.00683832	         -1.15625772	          0.00000000	          0.00000000	          0.00000000	          6.04347024	         34.37122567	        -13.68656894	         -0.10919487	         -0.00239488	         -1.13652003	          0.00000000	          0.00000000	          0.00000000	          0.00046384	          0.01709050	         -0.00541407	         -0.14422976	          0.00775721	         -1.22521846	          0.00000000	          0.00000000	          0.00000000	
          4.46000000	          0.00000174	          0.00000193	         -0.00000148	          0.01151838	          0.01580296	         -0.52109442	          0.00000000	          0.00000000	          0.00000000	          0.00000000	          0.00000000	         -0.00000000	          0.18381970	          0.02612255	         -0.55427382	          0.00000000	          0.00000000	          0.00000000	         -0.00000000	          0.00000000	         -0.00000000	          0.15996167	          0.04754720	         -0.47026491	          0.00000000	          0.00000000	          0.00000000	         -0.00000000	          0.00000000	         -0.00000000	          0.08414219	          0.03224160	         -0.49307082	          0.00000000	          0.00000000	          0.00000000	         -0.00000000	          0.00000000	         -0.00000000	          0.27073056	          0.03741955	         -0.54573046	          0.00000000	          0.00000000	          0.00000000	         -0.00000000	          0.00000000	         -0.00000000	          0.24727173	          0.05903067	         -0.46153642	          0.00000000	          0.00000000	          0.00000000	         41.24407215	        337.06287280	         50.52703711	         -0.37238489	         -0.01206792	         -1.10915279	          0.00000000	          0.00000000	          0.00000000	         23.59004881	        186.42496107	        -22.31459550	         -0.19584365	         -0.00863400	         -1.10836667	          0.00000000	          0.00000000	          0.00000000	         -0.13864670	         25.80506327	         -1.71839691	         -0.23003185	         -0.00188746	         -1.19843258	          0.00000000	          0.00000000	          0.00000000	          7.72574463	        141.36555473	          6.30680768	         -0.30312784	         -0.00680027	         -1.15640662	          0.00000000	          0.00000000	          0.00000000	          6.08915890	         35.61022085	        -11.06129683	         -0.10968430	         -0.00240897	         -1.13532702	          0.00000000	          0.00000000	          0.00000000	          0.00127719	          0.02733931	         -0.00661935	         -0.14402115	          0.00731144	         -1.22449064	          0.00000000	          0.00000000	          0.00000000	
          4.48000000	          0.00000110	          0.00000103	         -0.00000053	         -0.00050590	          0.01655345	         -0.51413565	          0.00000000	          0.00000000	          0.00000000	          0.00000000	          0.00000000	         -0.00000000	          0.17253941	          0.02507580	         -0.54543084	          0.00000000	          0.00000000	          0.00000000	         -0.00000000	          0.00000000	         -0.00000000	          0.14819386	          0.04788724	         -0.46303782	          0.00000000	          0.00000000	          0.00000000	         -0.00000000	          0.00000000	         -0.00000000	          0.07222810	          0.03283651	         -0.48603462	          0.00000000	          0.00000000	          0.00000000	         -0.00000000	          0.00000000	         -0.00000000	          0.25966609	          0.03583343	         -0.53630417	          0.00000000	          0.00000000	          0.00000000	         -0.00000000	          0.00000000	         -0.00000000	          0.23572142	          0.05883440	         -0.45373547	          0.00000000	          0.00000000	          0.00000000	         45.01437387	        350.02564567	         43.45739335	         -0.37300805	         -0.01226651	         -1.10976994	          0.00000000	          0.00000000	          0.00000000	         25.18923179	        188.82586032	        -14.49367066	         -0.19649996	         -0.00851959	         -1.10794532	          0.00000000	          0.00000000	          0.00000000	          0.93417515	         26.96044252	         -0.95553118	         -0.23020065	         -0.00188627	         -1.19822834	          0.00000000	          0.00000000	          0.00000000	         11.70705585	        148.68026163	          6.93008409	         -0.30350952	         -0.00690389	         -1.15662483	          0.00000000	          0.00000000	          0.00000000	          6.36591421	         37.74281947	         -8.27632066	         -0.11023508	         -0.00249642	         -1.13448140	          0.00000000	          0.00000000	          0.00000000	          0.00337584	          0.04477371	         -0.00743770	         -0.14402507	          0.00682078	         -1.22402531	          0.00000000	          0.00000000	          0.00000000	
          4.50000000	          0.00000104	          0.00000088	         -0.00000022	         -0.01413651	          0.01681876	         -0.51033429	          0.00000000	          0.00000000	          0.00000000	          0.00000000	          0.00000000	         -0.00000000	          0.15964650	          0.02300248	         -0.53967882	          0.00000000	          0.00000000	          0.00000000	         -0.00000000	          0.00000000	         -0.00000000	          0.13527672	          0.04709088	         -0.45875990	          0.00000000	          0.00000000	          0.00000000	         -0.00000000	          0.00000000	         -0.00000000	          0.05894964	          0.03262028	         -0.48204796	          0.00000000	          0.00000000	          0.00000000	         -0.00000000	          0.00000000	         -0.00000000	          0.24711553	          0.03288834	         -0.52989708	          0.00000000	          0.00000000	          0.00000000	         -0.00000000	          0.00000000	         -0.00000000	          0.22315206	          0.05716594	         -0.44880910	          0.00000000	          0.00000000	          0.00000000	         51.06318304	        352.32753977	         36.52212922	         -0.37365958	         -0.01245973	         -1.11031815	          0.00000000	          0.00000000	          0.00000000	         28.63522916	        192.61842535	         -9.39230559	         -0.19718006	         -0.00849632	         -1.10772246	          0.00000000	          0.00000000	          0.00000000	          2.17323319	         30.57118478	         -0.41712218	         -0.23050628	         -0.00203281	         -1.19819356	          0.00000000	          0.00000000	          0.00000000	         16.51239737	        156.15768054	          7.31241625	         -0.30397710	         -0.00707983	         -1.15689105	          0.00000000	          0.00000000	          0.00000000	          7.03229644	         41.54251624	         -6.28891089	         -0.11083502	         -0.00264981	         -1.13395149	          0.00000000	          0.00000000	          0.00000000	          0.00728409	          0.07681783	         -0.00822982	         -0.14420762	          0.00628940	         -1.22380553	          0.00000000	          0.00000000	          0.00000000	
          4.52000000	          0.00000132	          0.00000107	         -0.00000001	         -0.02921356	          0.01672242	         -0.50970285	          0.00000000	          0.00000000	          0.00000000	          0.00000005	          0.00000004	         -0.00000001	          0.14524328	          0.02010476	         -0.53678866	          0.00000000	          0.00000000	          0.00000000	         -0.00000000	          0.00000000	         -0.00000000	          0.12115151	          0.04541600	         -0.45729203	          0.00000000	          0.00000000	          0.00000000	         -0.00000000	          0.00000000	         -0.00000000	          0.04435303	          0.03178485	         -0.48105140	          0.00000000	          0.00000000	          0.00000000	          0.00000000	          0.00000000	         -0.00000000	          0.23310130	          0.02884735	         -0.52617200	          0.00000000	          0.00000000	          0.00000000	         -0.00000000	          0.00000000	         -0.00000000	          0.20942404	          0.05434425	         -0.44650936	          0.00000000	          0.00000000	          0.00000000	         51.73504379	        338.57312117	         26.21986008	         -0.37431875	         -0.01253965	         -1.11082038	          0.00000000	          0.00000000	          0.00000000	         30.88050423	        201.57934140	         -4.17126381	         -0.19784848	         -0.00856936	         -1.10769270	          0.00000000	          0.00000000	          0.00000000	          3.74385658	         38.54240615	          0.35109356	         -0.23087868	         -0.00235980	         -1.19834332	          0.00000000	          0.00000000	          0.00000000	         20.22454049	        163.96961597	          7.32216660	         -0.30448426	         -0.00729068	         -1.15722504	          0.00000000	          0.00000000	          0.00000000	          7.62757486	         49.70013472	         -3.78941974	         -0.11142469	         -0.00293635	         -1.13372801	          0.00000000	          0.00000000	          0.00000000	          0.01481885	          0.15199584	         -0.00603614	         -0.14447052	          0.00563025	         -1.22384761	          0.00000000	          0.00000000	          0.00000000	
          4.54000000	          0.00000200	          0.00000159	          0.00000032	         -0.04558083	          0.01640152	         -0.51216484	          0.00000000	          0.00000000	          0.00000000	          0.00000269	          0.00000215	         -0.00000001	          0.12941066	          0.01669108	         -0.53650068	          0.00000000	          0.00000000	          0.00000000	         -0.00000000	          0.00000000	          0.00000000	          0.10571884	          0.04321821	         -0.45848332	          0.00000000	          0.00000000	          0.00000000	          0.00000000	          0.00000000	          0.00000000	          0.02846183	          0.03057700	         -0.48293537	          0.00000000	          0.00000000	          0.00000000	          0.00000000	          0.00000000	         -0.00000000	          0.21761052	          0.02412828	         -0.52479923	          0.00000000	          0.00000000	          0.00000000	         -0.00000000	          0.00000000	         -0.00000000	          0.19434259	          0.05083496	         -0.44661526	          0.00000000	          0.00000000	          0.00000000	         41.53523645	        308.02063159	         15.10043718	         -0.37487979	         -0.01240904	         -1.11129905	          0.00000000	          0.00000000	          0.00000000	         28.67753485	        219.73589024	          1.00863546	         -0.19838461	         -0.00878844	         -1.10789202	          0.00000000	          0.00000000	          0.00000000	          5.18651315	         55.32406448	          1.71731643	         -0.23118282	         -0.00295750	         -1.19872726	          0.00000000	          0.00000000	          0.00000000	         19.68045364	        173.77216068	          7.13035868	         -0.30491026	         -0.00753336	         -1.15766317	          0.00000000	          0.00000000	          0.00000000	          6.59536422	         66.54978180	          0.30568479	         -0.11186355	         -0.00346798	         -1.13386251	          0.00000000	          0.00000000	          0.00000000	          0.02242410	          0.38329907	          0.01350614	         -0.14465767	          0.00471794	         -1.22421528	          0.00000000	          0.00000000	          0.00000000	
          4.56000000	          0.00000327	          0.00000258	          0.00000098	         -0.06327304	          0.01597845	         -0.51767405	          0.00000000	          0.00000000	          0.00000000	          0.00015149	          0.00011777	          0.00002042	          0.11204173	          0.01306126	         -0.53877584	          0.00000000	          0.00000000	          0.00000000	         -0.00000000	          0.00000000	          0.00000000	          0.08878702	          0.04079954	         -0.46232760	          0.00000000	          0.00000000	          0.00000000	          0.00000000	          0.00000000	          0.00000000	          0.01116079	          0.02920810	         -0.48767460	          0.00000000	          0.00000000	          0.00000000	          0.00000022	          0.00000017	          0.00000001	          0.20047419	          0.01912955	         -0.52575304	          0.00000000	          0.00000000	          0.00000000	         -0.00000000	          0.00000000	          0.00000000	          0.17765260	          0.04703957	         -0.44913441	          0.00000000	          0.00000000	          0.00000000	         26.40037658	        263.16215167	         -0.99231419	         -0.37522199	         -0.01199532	         -1.11172112	          0.00000000	          0.00000000	          0.00000000	         22.68126315	        248.14075672	         15.05679637	         -0.19866510	         -0.00920028	         -1.10840324	          0.00000000	          0.00000000	          0.00000000	          8.91588308	         85.84326147	          6.17595731	         -0.23135229	         -0.00389371	         -1.19940694	          0.00000000	          0.00000000	          0.00000000	         18.84614434	        183.86668953	          6.26512805	         -0.30516320	         -0.00780545	         -1.15821846	          0.00000000	          0.00000000	          0.00000000	          2.68817465	         96.38269325	         14.53734280	         -0.11203326	         -0.00431771	         -1.13450015	          0.00000000	          0.00000000	          0.00000000	          0.03730937	          1.18405431	          0.19342647	         -0.14470788	          0.00349861	         -1.22502698	          0.00000000	          0.00000000	          0.00000000	
          4.58000000	          0.00000491	          0.00000383	          0.00000199	         -0.08247350	          0.01559197	         -0.52602867	          0.00000000	          0.00000000	          0.00000000	          0.00682067	          0.00519436	          0.00172009	          0.09289538	          0.00949059	         -0.54367642	          0.00000000	          0.00000000	          0.00000000	         -0.00000000	          0.00000000	          0.00000000	          0.07015943	          0.03837794	         -0.46879034	          0.00000000	          0.00000000	          0.00000000	          0.00000000	          0.00000000	          0.00000000	         -0.00773849	          0.02785411	         -0.49514672	          0.00000000	          0.00000000	          0.00000000	          0.00005362	          0.00004039	          0.00000962	          0.18143717	          0.01418374	         -0.52921290	          0.00000000	          0.00000000	          0.00000000	         -0.00000000	          0.00000000	          0.00000000	          0.15914273	          0.04323422	         -0.45415058	          0.00000000	          0.00000000	          0.00000000	         12.98563809	        201.79559909	        -14.55133464	         -0.37527875	         -0.01121364	         -1.11199353	          0.00000000	          0.00000000	          0.00000000	         15.68522745	        282.25103540	         30.29431485	         -0.19864640	         -0.00979060	         -1.10925425	          0.00000000	          0.00000000	          0.00000000	         16.49167877	        132.53737662	         13.12270198	         -0.23143012	         -0.00513739	         -1.20036617	          0.00000000	          0.00000000	          0.00000000	         18.12845667	        187.99233911	          2.30589103	         -0.30523369	         -0.00804817	         -1.15883437	          0.00000000	          0.00000000	          0.00000000	         -6.21947985	        140.38920262	         41.74176498	         -0.11191230	         -0.00545619	         -1.13573205	          0.00000000	          0.00000000	          0.00000000	          0.03224425	          3.56199961	          1.02350202	         -0.14468266	          0.00206190	         -1.22632527	          0.00000000	          0.00000000	          0.00000000	
          4.60000000	          0.00000556	          0.00000426	          0.00000259	         -0.10327639	          0.01541903	         -0.53660241	          0.00000000	          0.00000000	          0.00000000	          0.16751791	          0.12516553	          0.05635887	          0.07186428	          0.00627870	         -0.55096061	          0.00000000	          0.00000000	          0.00000000	         -0.00000000	          0.00000000	          0.00000000	          0.04979209	          0.03616176	         -0.47745146	          0.00000000	          0.00000000	          0.00000000	          0.00000000	          0.00000000	          0.00000000	         -0.02830317	          0.02670439	         -0.50482136	          0.00000000	          0.00000000	          0.00000000	          0.00681691	          0.00502953	          0.00187327	          0.16040893	          0.00962911	         -0.53509652	          0.00000000	          0.00000000	          0.00000000	         -0.00000000	          0.00000000	          0.00000000	          0.13878564	          0.03966691	         -0.46140480	          0.00000000	          0.00000000	          0.00000000	          6.02196442	        122.72893799	        -12.17674640	         -0.37505727	         -0.00990552	         -1.11216312	          0.00000000	          0.00000000	          0.00000000	         15.44548020	        309.18597838	         35.39105766	         -0.19839388	         -0.01044812	         -1.11030275	          0.00000000	          0.00000000	          0.00000000	         26.18800511	        188.30416056	         18.33551609	         -0.23142670	         -0.00654351	         -1.20146532	          0.00000000	          0.00000000	          0.00000000	         16.86368005	        174.48611828	         -0.44353019	         -0.30512862	         -0.00810852	         -1.15946558	          0.00000000	          0.00000000	          0.00000000	        -18.51977540	        191.81725014	         70.33161139	         -0.11155543	         -0.00674702	         -1.13732969	          0.00000000	          0.00000000	          0.00000000	         -0.24658987	          7.62806083	          2.63763545	         -0.14456949	          0.00061542	         -1.22788556	          0.00000000	          0.00000000	          0.00000000	
          4.62000000	          0.00000418	          0.00000317	          0.00000208	         -0.12547021	          0.01558320	         -0.54854174	          0.00000000	          0.00000000	          0.00000000	          1.59837162	          1.18064773	          0.62328814	          0.04922285	          0.00369930	         -0.56003166	          0.00000000	          0.00000000	          0.00000000	         -0.00000000	          0.00000000	          0.00000000	          0.02790096	          0.03432966	         -0.48753845	          0.00000000	          0.00000000	          0.00000000	          0.00000000	          0.00000000	          0.00000000	         -0.05032156	          0.02590652	         -0.51587904	          0.00000000	          0.00000000	          0.00000000	          0.29438446	          0.21474114	          0.09935031	          0.13768549	          0.00579234	         -0.54289902	          0.00000000	          0.00000000	          0.00000000	         -0.00000000	          0.00000000	          0.00000000	          0.11681893	          0.03657119	         -0.47021922	          0.00000000	          0.00000000	          0.00000000	          1.75627756	         43.20795136	         -4.99046032	         -0.37457175	         -0.00785147	         -1.11233070	          0.00000000	          0.00000000	          0.00000000	         20.02076473	        317.33221723	         32.20960981	         -0.19801016	         -0.01100120	         -1.11137428	          0.00000000	          0.00000000	          0.00000000	         37.35398760	        231.04640354	         17.71345135	         -0.23135188	         -0.00785030	         -1.20254105	          0.00000000	          0.00000000	          0.00000000	         13.99580180	        134.70637941	         -2.86621987	         -0.30485687	         -0.00774301	         -1.16008260	          0.00000000	          0.00000000	          0.00000000	        -29.40739523	        239.71219627	         93.80913017	         -0.11105125	         -0.00801223	         -1.13898298	          0.00000000	          0.00000000	          0.00000000	         -0.89451999	         14.07333365	          5.07944595	         -0.14433490	         -0.00056628	         -1.22941277	          0.00000000	          0.00000000	          0.00000000	
          4.64000000	          0.00000232	          0.00000177	          0.00000124	         -0.14848430	          0.01604202	         -0.56124424	          0.00000000	          0.00000000	          0.00000000	          5.32694823	          3.94963925	          2.29702170	          0.02567520	          0.00187867	         -0.57022537	          0.00000000	          0.00000000	          0.00000000	         -0.00000000	          0.00000000	          0.00000000	          0.00495904	          0.03294180	         -0.49829531	          0.00000000	          0.00000000	          0.00000000	          0.00000000	          0.00000000	          0.00000000	         -0.07327920	          0.02546652	         -0.52763824	          0.00000000	          0.00000000	          0.00000000	          3.23750492	          2.36917520	          1.22889765	          0.11398370	          0.00288256	         -0.55191257	          0.00000000	          0.00000000	          0.00000000	         -0.00000000	          0.00000000	          0.00000000	          0.09373067	          0.03410099	         -0.47981145	          0.00000000	          0.00000000	          0.00000000	         -0.01108473	         -0.61725162	          0.07636583	         -0.37372957	         -0.00484792	         -1.11249761	          0.00000000	          0.00000000	          0.00000000	         24.23936155	        306.60149228	         23.30564877	         -0.19752801	         -0.01132053	         -1.11233824	          0.00000000	          0.00000000	          0.00000000	         42.83414121	        240.62015682	         10.96468071	         -0.23120168	         -0.00877578	         -1.20345874	          0.00000000	          0.00000000	          0.00000000	          7.77392072	         77.32714622	         -3.17105885	         -0.30436840	         -0.00670406	         -1.16061937	          0.00000000	          0.00000000	          0.00000000	        -37.60531745	        282.34407926	        106.19172779	         -0.11044318	         -0.00915708	         -1.14047616	          0.00000000	          0.00000000	          0.00000000	         -1.97282576	         20.13641758	          6.79372766	         -0.14393191	         -0.00126976	         -1.23068027	          0.00000000	          0.00000000	          0.00000000	
          4.66000000	          0.00000124	          0.00000098	          0.00000075	         -0.17145395	          0.01659127	         -0.57469263	          0.00000000	          0.00000000	          0.00000000	          8.27316793	          6.32705500	          4.09743562	          0.00223215	          0.00074511	         -0.58127486	          0.00000000	          0.00000000	          0.00000000	         -0.00000000	          0.00000000	          0.00000000	         -0.01829931	          0.03190431	         -0.50945817	          0.00000000	          0.00000000	          0.00000000	          0.00000000	          0.00000000	          0.00000000	         -0.09638536	          0.02523405	         -0.53995977	          0.00000000	          0.00000000	          0.00000000	          9.03100216	          6.79976373	          3.94115708	          0.09032647	          0.00091287	         -0.56176098	          0.00000000	          0.00000000	          0.00000000	         -0.00000000	          0.00000000	          0.00000000	          0.07027391	          0.03226482	         -0.48983581	          0.00000000	          0.00000000	          0.00000000	          0.00000074	         -0.00001527	          0.00000342	         -0.37229434	         -0.00079418	         -1.11242256	          0.00000000	          0.00000000	          0.00000000	         21.38353205	        285.59689013	         10.08027129	         -0.19689068	         -0.01137380	         -1.11308306	          0.00000000	          0.00000000	          0.00000000	         45.30142783	        215.21730734	         -3.04302072	         -0.23097941	         -0.00913891	         -1.20408166	          0.00000000	          0.00000000	          0.00000000	          2.25319148	         26.74148533	         -3.25370710	         -0.30354748	         -0.00484612	         -1.16088545	          0.00000000	          0.00000000	          0.00000000	        -43.17870709	        328.84323696	        118.44873638	         -0.10972871	         -0.01022153	         -1.14172293	          0.00000000	          0.00000000	          0.00000000	         -1.92890817	         19.77184309	          5.90669848	         -0.14333908	         -0.00145560	         -1.23155662	          0.00000000	          0.00000000	          0.00000000	
          4.68000000	          0.00000080	          0.00000067	          0.00000058	         -0.19339662	          0.01699804	         -0.58920200	          0.00000000	          0.00000000	          0.00000000	          9.76671289	          7.95851616	          5.89884386	         -0.02002817	          0.00011060	         -0.59335303	          0.00000000	          0.00000000	          0.00000000	          0.00000000	          0.00000000	          0.00000000	         -0.04094225	          0.03102914	         -0.52123131	          0.00000000	          0.00000000	          0.00000000	          0.00000000	          0.00000000	          0.00000000	         -0.11868758	          0.02499835	         -0.55310498	          0.00000000	          0.00000000	          0.00000000	         14.10942825	         11.25921886	          7.51026538	          0.06780420	         -0.00027834	         -0.57254813	          0.00000000	          0.00000000	          0.00000000	          0.00000000	          0.00000000	          0.00000000	          0.04739662	          0.03090351	         -0.50042729	          0.00000000	          0.00000000	          0.00000000	          0.00000000	         -0.00000000	          0.00000000	         -0.36997390	          0.00433064	         -1.11182968	          0.00000000	          0.00000000	          0.00000000	         18.37600269	        251.33325745	         -4.41672131	         -0.19603973	         -0.01115004	         -1.11352921	          0.00000000	          0.00000000	          0.00000000	         40.02469847	        165.00486239	        -14.01870759	         -0.23068728	         -0.00886248	         -1.20431125	          0.00000000	          0.00000000	          0.00000000	          0.05426621	          1.00339620	         -0.21674959	         -0.30224966	         -0.00211819	         -1.16069207	          0.00000000	          0.00000000	          0.00000000	        -42.75796278	        376.88135511	        120.81676155	         -0.10892308	         -0.01126220	         -1.14270330	          0.00000000	          0.00000000	          0.00000000	         -1.41998707	         14.31105618	          3.40826551	         -0.14254465	         -0.00118532	         -1.23198114	          0.00000000	          0.00000000	          0.00000000	
          4.70000000	          0.00000076	          0.00000071	          0.00000070	         -0.21338596	          0.01706522	         -0.60501871	          0.00000000	          0.00000000	          0.00000000	         10.78120327	          9.77173798	          8.41098246	         -0.04015362	         -0.00027138	         -0.60672582	          0.00000000	          0.00000000	          0.00000000	          0.00000000	          0.00000000	          0.00000000	         -0.06200684	          0.03006543	         -0.53389785	          0.00000000	          0.00000000	          0.00000000	          0.00000000	          0.00000000	          0.00000000	         -0.13924104	          0.02453559	         -0.56733900	          0.00000000	          0.00000000	          0.00000000	         19.09664800	         16.81919427	         13.18657476	          0.04738208	         -0.00097075	         -0.58454125	          0.00000000	          0.00000000	          0.00000000	          0.00000000	          0.00000000	          0.00000000	          0.02607433	          0.02972926	         -0.51185610	          0.00000000	          0.00000000	          0.00000000	          0.00000000	         -0.00000000	          0.00000000	         -0.36652644	          0.01050230	         -1.11079797	          0.00000000	          0.00000000	          0.00000000	         14.75467892	        200.86772449	         -8.51587567	         -0.19497825	         -0.01057664	         -1.11371756	          0.00000000	          0.00000000	          0.00000000	         25.50255154	        100.73708720	        -12.11613677	         -0.23024977	         -0.00788191	         -1.20421418	          0.00000000	          0.00000000	          0.00000000	         -0.00000025	         -0.00041753	          0.00010959	         -0.30031270	          0.00149918	         -1.16011299	          0.00000000	          0.00000000	          0.00000000	        -33.61815056	        415.96628373	        116.27445619	         -0.10807884	         -0.01224147	         -1.14341796	          0.00000000	          0.00000000	          0.00000000	         -0.89655175	          7.58741961	          1.40745491	         -0.14145005	         -0.00050300	         -1.23197478	          0.00000000	          0.00000000	          0.00000000	
          4.72000000	          0.00000118	          0.00000132	          0.00000143	         -0.23057572	          0.01664437	         -0.62191020	          0.00000000	          0.00000000	          0.00000000	         12.74022739	         13.56876888	         13.31436981	         -0.05733129	         -0.00068081	         -0.62135137	          0.00000000	          0.00000000	          0.00000000	          0.00000000	          0.00000000	          0.00000000	         -0.08053059	          0.02869766	         -0.54737719	          0.00000000	          0.00000000	          0.00000000	          0.00000000	          0.00000000	          0.00000000	         -0.15713687	          0.02361345	         -0.58250312	          0.00000000	          0.00000000	          0.00000000	         24.01814183	         24.68403971	         22.50085522	          0.02990207	         -0.00151858	         -0.59778802	          0.00000000	          0.00000000	          0.00000000	          0.00000000	          0.00000000	          0.00000000	          0.00729966	          0.02835940	         -0.52413021	          0.00000000	          0.00000000	          0.00000000	          0.00000000	         -0.00000000	          0.00000000	         -0.36180409	          0.01755692	         -1.10956964	          0.00000000	          0.00000000	          0.00000000	          8.83759935	        140.11032963	         -5.07162861	         -0.19370683	         -0.00955548	         -1.11376200	          0.00000000	          0.00000000	          0.00000000	          8.52041562	         39.98759464	         -4.47385684	         -0.22950470	         -0.00610382	         -1.20394859	          0.00000000	          0.00000000	          0.00000000	          0.00000000	         -0.00000001	          0.00000000	         -0.29757608	          0.00596921	         -1.15935035	          0.00000000	          0.00000000	          0.00000000	        -19.70267285	        433.12632956	         99.89682544	         -0.10723036	         -0.01305187	         -1.14390566	          0.00000000	          0.00000000	          0.00000000	         -0.55411967	          3.36391061	          0.46107903	         -0.13990361	          0.00057717	         -1.23163576	          0.00000000	          0.00000000	          0.00000000	
          4.74000000	          0.00000327	          0.00000460	          0.00000535	         -0.24432710	          0.01564475	         -0.63905812	          0.00000000	          0.00000000	          0.00000000	         19.15686152	         25.91047338	         28.36153149	         -0.07099659	         -0.00143148	         -0.63688170	          0.00000000	          0.00000000	          0.00000000	          0.00000000	          0.00000000	          0.00000000	         -0.09563891	          0.02649238	         -0.56114166	          0.00000000	          0.00000000	          0.00000000	          0.00000000	          0.00000000	          0.00000000	         -0.17160898	          0.02196754	         -0.59791666	          0.00000000	          0.00000000	          0.00000000	         33.56951698	         44.40320082	         46.57023549	          0.01601595	         -0.00233764	         -0.61218226	          0.00000000	          0.00000000	          0.00000000	          0.00000000	          0.00000000	          0.00000000	         -0.00795180	          0.02630676	         -0.53701143	          0.00000000	          0.00000000	          0.00000000	          0.00000000	         -0.00000000	          0.00000000	         -0.35584480	          0.02510863	         -1.10842472	          0.00000000	          0.00000000	          0.00000000	          1.82317030	         86.76901991	          0.52977107	         -0.19218745	         -0.00806645	         -1.11376545	          0.00000000	          0.00000000	          0.00000000	          0.46878127	          5.73134890	         -0.27127986	         -0.22817353	         -0.00351042	         -1.20368061	          0.00000000	          0.00000000	          0.00000000	          0.00000000	         -0.00000000	          0.00000000	         -0.29391295	          0.01110566	         -1.15863000	          0.00000000	          0.00000000	          0.00000000	        -15.37935869	        431.04432482	         74.15963195	         -0.10633479	         -0.01360870	         -1.14417811	          0.00000000	          0.00000000	          0.00000000	         -0.35784240	          1.36543570	          0.12802383	         -0.13769280	          0.00199521	         -1.23106805	          0.00000000	          0.00000000	          0.00000000	
          4.76000000	          0.00001417	          0.00002796	          0.00003260	         -0.25414526	          0.01409662	         -0.65489140	          0.00000000	          0.00000000	          0.00000000	         29.80809122	         57.74621323	         65.96071180	         -0.08070519	         -0.00268225	         -0.65224326	          0.00000000	          0.00000000	          0.00000000	          0.00000000	          0.00000000	          0.00000000	         -0.10654966	          0.02321810	         -0.57406708	          0.00000000	          0.00000000	          0.00000000	          0.00000005	          0.00000008	          0.00000009	         -0.18200884	          0.01949614	         -0.61222790	          0.00000000	          0.00000000	          0.00000000	         40.96350915	         83.45735516	         94.02719995	          0.00630228	         -0.00360133	         -0.62696366	          0.00000000	          0.00000000	          0.00000000	          0.00000000	          0.00000000	          0.00000000	         -0.01874336	          0.02342068	         -0.54976861	          0.00000000	          0.00000000	          0.00000000	          0.00000000	         -0.00000000	          0.00000000	         -0.34889815	          0.03262992	         -1.10759945	          0.00000000	          0.00000000	          0.00000000	         -3.64892337	         48.24324321	          0.68066940	         -0.19032002	         -0.00619741	         -1.11370868	          0.00000000	          0.00000000	          0.00000000	          0.01155965	         -0.07321388	         -0.00022848	         -0.22589595	         -0.00027019	         -1.20346719	          0.00000000	          0.00000000	          0.00000000	          0.00000000	         -0.00000000	          0.00000000	         -0.28926222	          0.01655589	         -1.15810207	          0.00000000	          0.00000000	          0.00000000	        -32.86535872	        417.86268893	         18.16807576	         -0.10523988	         -0.01390859	         -1.14412222	          0.00000000	          0.00000000	          0.00000000	         -0.17621884	          0.42642174	         -0.00087224	         -0.13458085	          0.00355777	         -1.23029604	          0.00000000	          0.00000000	          0.00000000	
          4.78000000	          0.00006579	          0.00021975	          0.00023514	         -0.25978797	          0.01222894	         -0.66693320	          0.00000000	          0.00000000	          0.00000000	         31.07949967	        106.17913117	        113.89459397	         -0.08621375	         -0.00422067	         -0.66487854	          0.00000000	          0.00000000	          0.00000000	          0.00000004	          0.00000012	          0.00000012	         -0.11288862	          0.01933235	         -0.58405629	          0.00000000	          0.00000000	          0.00000000	          0.00000077	          0.00000232	          0.00000243	         -0.18802445	          0.01654967	         -0.62316361	          0.00000000	          0.00000000	          0.00000000	         27.98258094	        127.86520262	        137.37973283	          0.00102026	         -0.00500823	         -0.63961265	          0.00000000	          0.00000000	          0.00000000	          0.00000001	          0.00000004	          0.00000004	         -0.02470882	          0.02026637	         -0.56030371	          0.00000000	          0.00000000	          0.00000000	          0.00000000	         -0.00000000	         -0.00000000	         -0.34144804	          0.03967638	         -1.10701365	          0.00000000	          0.00000000	          0.00000000	         -3.99915276	         22.27198072	         -1.09837026	         -0.18807000	         -0.00405412	         -1.11336534	          0.00000000	          0.00000000	          0.00000000	          0.00065143	         -0.00158859	          0.00002790	         -0.22252937	          0.00336923	         -1.20311438	          0.00000000	          0.00000000	          0.00000000	          0.00000000	         -0.00000000	         -0.00000000	         -0.28379417	          0.02196798	         -1.15763121	          0.00000000	          0.00000000	          0.00000000	        -46.95257965	        391.06888406	        -57.61635838	         -0.10385973	         -0.01396356	         -1.14350599	          0.00000000	          0.00000000	          0.00000000	         -0.06250350	          0.12098540	         -0.01945887	         -0.13060123	          0.00506192	         -1.22920391	          0.00000000	          0.00000000	          0.00000000	
          4.80000000	          0.00014249	          0.00149410	          0.00112136	         -0.26188186	          0.01039614	         -0.67252365	          0.00000000	          0.00000000	          0.00000000	         11.69112054	        149.09105121	         97.25121370	         -0.08815075	         -0.00565009	         -0.67105064	          0.00000000	          0.00000000	          0.00000000	          0.00000102	          0.00000475	          0.00000241	         -0.11551099	          0.01588808	         -0.58823391	          0.00000000	          0.00000000	          0.00000000	          0.00000650	          0.00004075	          0.00002547	         -0.19040326	          0.01385063	         -0.62798679	          0.00000000	          0.00000000	          0.00000000	        -10.34813024	        154.25838375	         82.38398461	         -0.00067471	         -0.00613577	         -0.64590243	          0.00000000	          0.00000000	          0.00000000	         -0.00000003	          0.00000051	          0.00000020	         -0.02698298	          0.01774628	         -0.56507186	          0.00000000	          0.00000000	          0.00000000	          0.00000000	         -0.00000000	         -0.00000000	         -0.33423474	          0.04605084	         -1.10666636	          0.00000000	          0.00000000	          0.00000000	         -1.18840194	          5.92014564	         -0.07561373	         -0.18568948	         -0.00167666	         -1.11276898	          0.00000000	          0.00000000	          0.00000000	          0.00000200	         -0.00000337	         -0.00000020	         -0.21832719	          0.00730125	         -1.20263072	          0.00000000	          0.00000000	          0.00000000	          0.00000000	         -0.00000000	         -0.00000000	         -0.27800822	          0.02718730	         -1.15722031	          0.00000000	          0.00000000	          0.00000000	        -27.36007472	        338.56346579	        -79.84144862	         -0.10239871	         -0.01371518	         -1.14240637	          0.00000000	          0.00000000	          0.00000000	         -0.01516267	          0.02932289	         -0.00664297	         -0.12615778	          0.00652028	         -1.22787407	          0.00000000	          0.00000000	          0.00000000	
          4.82000000	          0.00045146	          0.00751918	         -0.00036946	         -0.26224383	          0.00880120	         -0.67245453	          0.00000000	          0.00000000	          0.00000000	         17.71754418	        235.76095923	         39.20253044	         -0.08850014	         -0.00722510	         -0.67185919	          0.00000000	          0.00000000	          0.00000000	          0.00000388	          0.00017425	         -0.00000449	         -0.11605845	          0.01267824	         -0.58748661	          0.00000000	          0.00000000	          0.00000000	          0.00002341	          0.00059225	         -0.00002614	         -0.19086378	          0.01140077	         -0.62752888	          0.00000000	          0.00000000	          0.00000000	        -44.04188509	        232.69923392	         46.31182548	         -0.00070086	         -0.00740679	         -0.64712871	          0.00000000	          0.00000000	          0.00000000	         -0.00000262	          0.00000638	          0.00000017	         -0.02711361	          0.01554096	         -0.56525633	          0.00000000	          0.00000000	          0.00000000	          0.00000000	         -0.00000000	         -0.00000000	         -0.32778180	          0.05170499	         -1.10709590	          0.00000000	          0.00000000	          0.00000000	         -0.24480120	          0.81465658	          0.08025212	         -0.18327538	          0.00094809	         -1.11233378	          0.00000000	          0.00000000	          0.00000000	          0.00000001	         -0.00000001	         -0.00000000	         -0.21340241	          0.01144926	         -1.20241167	          0.00000000	          0.00000000	          0.00000000	          0.00000000	         -0.00000000	         -0.00000000	         -0.27222536	          0.03214845	         -1.15733637	          0.00000000	          0.00000000	          0.00000000	        -27.37296346	        276.98067880	        -71.42905194	         -0.10090652	         -0.01310438	         -1.14122491	          0.00000000	          0.00000000	          0.00000000	         -0.00407202	          0.00764130	         -0.00164263	         -0.12147786	          0.00793155	         -1.22674622	          0.00000000	          0.00000000	          0.00000000	
          4.84000000	          0.00187786	          0.02652474	         -0.01087841	         -0.26223033	          0.00749966	         -0.66988095	          0.00000000	          0.00000000	          0.00000000	         39.32666609	        347.27758824	        -24.86369944	         -0.08873597	         -0.00917888	         -0.67114664	          0.00000000	          0.00000000	          0.00000000	         -0.00022319	          0.00721576	         -0.00184174	         -0.11571117	          0.00918205	         -0.58520126	          0.00000000	          0.00000000	          0.00000000	          0.00011746	          0.00756245	         -0.00256960	         -0.19066518	          0.00896064	         -0.62504405	          0.00000000	          0.00000000	          0.00000000	        -74.14007507	        316.88944415	         12.58598911	         -0.00038687	         -0.00905124	         -0.64753609	          0.00000000	          0.00000000	          0.00000000	         -0.00003892	          0.00006544	         -0.00000707	         -0.02610842	          0.01335006	         -0.56484242	          0.00000000	          0.00000000	          0.00000000	          0.00000000	         -0.00000000	         -0.00000000	         -0.32221141	          0.05665582	         -1.10885348	          0.00000000	          0.00000000	          0.00000000	         -0.01798566	          0.03694919	          0.00690262	         -0.18056680	          0.00388359	         -1.11228305	          0.00000000	          0.00000000	          0.00000000	          0.00000000	         -0.00000000	         -0.00000000	         -0.20761096	          0.01569452	         -1.20268982	          0.00000000	          0.00000000	          0.00000000	          0.00000000	         -0.00000000	         -0.00000000	         -0.26644005	          0.03679505	         -1.15837328	          0.00000000	          0.00000000	          0.00000000	        -33.94359628	        200.18769188	        -61.38192180	         -0.09911541	         -0.01207616	         -1.14013733	          0.00000000	          0.00000000	          0.00000000	         -0.00125625	          0.00229360	         -0.00050194	         -0.11654782	          0.00918541	         -1.22613157	          0.00000000	          0.00000000	          0.00000000	
          4.86000000	          0.00633484	          0.05771074	         -0.03523383	         -0.26213047	          0.00660373	         -0.66635592	          0.00000000	          0.00000000	          0.00000000	         77.83773125	        446.48311103	       -101.97360140	         -0.08909315	         -0.01115135	         -0.66977707	          0.00000000	          0.00000000	          0.00000000	         -0.00328440	          0.16540661	         -0.06213700	         -0.11509000	          0.00598226	         -0.58252637	          0.00000000	          0.00000000	          0.00000000	          0.00219835	          0.05638320	         -0.02815615	         -0.19027392	          0.00688288	         -0.62189492	          0.00000000	          0.00000000	          0.00000000	        -71.71023808	        370.55817535	        -19.18718206	         -0.00012180	         -0.01056948	         -0.64771611	          0.00000000	          0.00000000	          0.00000000	         -0.00017283	          0.00027832	         -0.00003968	         -0.02478974	          0.01183525	         -0.56470575	          0.00000000	          0.00000000	          0.00000000	          0.00000000	         -0.00000000	         -0.00000000	         -0.31724543	          0.06090947	         -1.11234489	          0.00000000	          0.00000000	          0.00000000	          0.00018306	         -0.00022583	         -0.00009454	         -0.17700207	          0.00718347	         -1.11302378	          0.00000000	          0.00000000	          0.00000000	          0.00000000	         -0.00000000	         -0.00000000	         -0.20060220	          0.02005265	         -1.20381660	          0.00000000	          0.00000000	          0.00000000	          0.00000000	         -0.00000000	         -0.00000000	         -0.26034551	          0.04113663	         -1.16070803	          0.00000000	          0.00000000	          0.00000000	        -50.79886242	        118.12470303	        -17.58016415	         -0.09647661	         -0.01052501	         -1.13957852	          0.00000000	          0.00000000	          0.00000000	         -0.00044892	          0.00064114	         -0.00002296	         -0.11111464	          0.01037481	         -1.22644412	          0.00000000	          0.00000000	          0.00000000	
          4.88000000	          0.00523941	          0.07161792	         -0.05155266	         -0.26194772	          0.00622995	         -0.66256524	          0.00000000	          0.00000000	          0.00000000	         76.71692086	        498.76643224	       -135.08423106	         -0.08951418	         -0.01280379	         -0.66823383	          0.00000000	          0.00000000	          0.00000000	         -0.12463239	          1.25788862	         -0.48407776	         -0.11426369	          0.00356408	         -0.58003747	          0.00000000	          0.00000000	          0.00000000	         -0.00390396	          0.18847218	         -0.10516687	         -0.18973007	          0.00547144	         -0.61871591	          0.00000000	          0.00000000	          0.00000000	        -64.75176729	        391.22277721	         -4.39550149	          0.00002682	         -0.01170493	         -0.64800821	          0.00000000	          0.00000000	          0.00000000	         -0.00028447	          0.00045994	         -0.00002607	         -0.02339150	          0.01118050	         -0.56516061	          0.00000000	          0.00000000	          0.00000000	         -0.00000000	         -0.00000000	          0.00000000	         -0.31118546	          0.06387280	         -1.11689984	          0.00000000	          0.00000000	          0.00000000	         -0.00001612	          0.00001647	          0.00000708	         -0.17034361	          0.01054515	         -1.11522328	          0.00000000	          0.00000000	          0.00000000	          0.00000000	         -0.00000000	         -0.00000000	         -0.19077333	          0.02453415	         -1.20612224	          0.00000000	          0.00000000	          0.00000000	         -0.00000000	         -0.00000000	          0.00000000	         -0.25231237	          0.04488940	         -1.16415379	          0.00000000	          0.00000000	          0.00000000	        -39.94014624	         41.46051485	         10.04218174	         -0.09055076	         -0.00831041	         -1.14071374	          0.00000000	          0.00000000	          0.00000000	         -0.00004958	          0.00005135	          0.00001335	         -0.10333202	          0.01211024	         -1.22832506	          0.00000000	          0.00000000	          0.00000000	
          4.90000000	          0.00115228	          0.05308832	         -0.04509932	         -0.26157743	          0.00637904	         -0.65861881	          0.00000000	          0.00000000	          0.00000000	         55.76110476	        493.24664227	       -141.09917132	         -0.08982445	         -0.01392487	         -0.66677443	          0.00000000	          0.00000000	          0.00000000	         -0.66496208	          3.13882808	         -1.21218746	         -0.11304564	          0.00209021	         -0.57790593	          0.00000000	          0.00000000	          0.00000000	         -0.03070617	          0.29252966	         -0.18245628	         -0.18888803	          0.00480550	         -0.61564436	          0.00000000	          0.00000000	          0.00000000	        -51.34697196	        385.19868486	         22.32565586	          0.00019264	         -0.01242090	         -0.64858037	          0.00000000	          0.00000000	          0.00000000	         -0.00025203	          0.00042124	          0.00000959	         -0.02176225	          0.01114008	         -0.56609024	          0.00000000	          0.00000000	          0.00000000	         -0.00000000	         -0.00000000	          0.00000000	         -0.30222076	          0.06477845	         -1.12030347	          0.00000000	          0.00000000	          0.00000000	         -0.00001249	          0.00001043	          0.00000160	         -0.15854933	          0.01339010	         -1.11713099	          0.00000000	          0.00000000	          0.00000000	          0.00000000	         -0.00000000	         -0.00000000	         -0.17678344	          0.02850280	         -1.20777704	          0.00000000	          0.00000000	          0.00000000	         -0.00000000	         -0.00000000	          0.00000000	         -0.24078634	          0.04734890	         -1.16668355	          0.00000000	          0.00000000	          0.00000000	        -14.55722565	         12.51622176	         -0.09736576	         -0.07879492	         -0.00554928	         -1.14194168	          0.00000000	          0.00000000	          0.00000000	         -0.00000245	          0.00000211	         -0.00000000	         -0.09096190	          0.01457986	         -1.22990958	          0.00000000	          0.00000000	          0.00000000	
          4.92000000	         -0.00035636	          0.02830479	         -0.02596273	         -0.26111313	          0.00691454	         -0.65414051	          0.00000000	          0.00000000	          0.00000000	         36.89977272	        442.17617237	       -136.94046543	         -0.09003946	         -0.01443354	         -0.66534011	          0.00000000	          0.00000000	          0.00000000	         -1.28619516	          3.85970774	         -1.60721447	         -0.11141312	          0.00144272	         -0.57591021	          0.00000000	          0.00000000	          0.00000000	         -0.04940703	          0.26497477	         -0.19701988	         -0.18778251	          0.00475098	         -0.61237507	          0.00000000	          0.00000000	          0.00000000	        -32.19641633	        356.79703224	         43.56410516	          0.00038627	         -0.01272510	         -0.64932563	          0.00000000	          0.00000000	          0.00000000	         -0.00017630	          0.00030790	          0.00001825	         -0.01983086	          0.01139030	         -0.56703242	          0.00000000	          0.00000000	          0.00000000	         -0.00000000	         -0.00000000	          0.00000000	         -0.28946141	          0.06349506	         -1.12144595	          0.00000000	          0.00000000	          0.00000000	         -0.00000344	          0.00000253	         -0.00000011	         -0.14140981	          0.01534819	         -1.11666769	          0.00000000	          0.00000000	          0.00000000	         -0.00000000	          0.00000000	         -0.00000000	         -0.15849712	          0.03119637	         -1.20703433	          0.00000000	          0.00000000	          0.00000000	         -0.00000000	         -0.00000000	          0.00000000	         -0.22525333	          0.04805825	         -1.16688379	          0.00000000	          0.00000000	          0.00000000	         -9.25330758	          6.98108142	         -1.20021823	         -0.06086266	         -0.00271766	         -1.14075627	          0.00000000	          0.00000000	          0.00000000	         -0.00000026	          0.00000020	         -0.00000003	         -0.07331900	          0.01707973	         -1.22898443	          0.00000000	          0.00000000	          0.00000000	
          4.94000000	         -0.00076715	          0.01516095	         -0.01435052	         -0.26063604	          0.00756041	         -0.64864905	          0.00000000	          0.00000000	          0.00000000	         13.07802016	        380.82852039	       -137.08868402	         -0.09017090	         -0.01439223	         -0.66376709	          0.00000000	          0.00000000	          0.00000000	         -1.74057805	          3.62345045	         -1.75284356	         -0.10935666	          0.00135018	         -0.57374833	          0.00000000	          0.00000000	          0.00000000	         -0.05367696	          0.19529824	         -0.16873322	         -0.18644913	          0.00502696	         -0.60851073	          0.00000000	          0.00000000	          0.00000000	        -23.84221022	        318.64653389	         50.67719792	          0.00062852	         -0.01265405	         -0.65007905	          0.00000000	          0.00000000	          0.00000000	         -0.00013592	          0.00023429	          0.00001108	         -0.01755112	          0.01167055	         -0.56755710	          0.00000000	          0.00000000	          0.00000000	         -0.00000000	         -0.00000000	         -0.00000000	         -0.27240522	          0.06030901	         -1.12065458	          0.00000000	          0.00000000	          0.00000000	         -0.00000185	          0.00000125	         -0.00000021	         -0.11929726	          0.01635531	         -1.11395875	          0.00000000	          0.00000000	          0.00000000	         -0.00000000	         -0.00000000	         -0.00000000	         -0.13608376	          0.03250636	         -1.20416713	          0.00000000	          0.00000000	          0.00000000	         -0.00000000	         -0.00000000	         -0.00000000	         -0.20553644	          0.04710694	         -1.16506001	          0.00000000	          0.00000000	          0.00000000	         -3.69673588	          2.53749756	         -0.67073939	         -0.03744824	         -0.00019236	         -1.13720461	          0.00000000	          0.00000000	          0.00000000	         -0.00000005	          0.00000003	         -0.00000001	         -0.05078188	          0.01909763	         -1.22575355	          0.00000000	          0.00000000	          0.00000000	
          4.96000000	         -0.00095531	          0.01168395	         -0.01115420	         -0.26016944	          0.00796102	         -0.64233212	          0.00000000	          0.00000000	          0.00000000	         -5.71084852	        347.92032369	       -134.13952635	         -0.09019282	         -0.01403430	         -0.66201381	          0.00000000	          0.00000000	          0.00000000	         -1.79113932	          3.28657285	         -1.65673641	         -0.10704368	          0.00148734	         -0.57137647	          0.00000000	          0.00000000	          0.00000000	         -0.05023542	          0.16224411	         -0.13960750	         -0.18498911	          0.00528966	         -0.60412439	          0.00000000	          0.00000000	          0.00000000	        -20.49288016	        285.88044418	         41.69893113	          0.00093085	         -0.01231075	         -0.65068633	          0.00000000	          0.00000000	          0.00000000	         -0.00010646	          0.00019592	          0.00000313	         -0.01510811	          0.01186399	         -0.56754672	          0.00000000	          0.00000000	          0.00000000	         -0.00000000	         -0.00000000	         -0.00000000	         -0.25125004	          0.05567657	         -1.11832189	          0.00000000	          0.00000000	          0.00000000	         -0.00000215	          0.00000137	         -0.00000030	         -0.09313180	          0.01649955	         -1.10972778	          0.00000000	          0.00000000	          0.00000000	         -0.00000000	         -0.00000000	         -0.00000000	         -0.11027170	          0.03263690	         -1.19987949	          0.00000000	          0.00000000	          0.00000000	         -0.00000000	         -0.00000000	         -0.00000000	         -0.18208942	          0.04483046	         -1.16175819	          0.00000000	          0.00000000	          0.00000000	         -1.93310581	          1.24427438	         -0.36508227	         -0.00982327	          0.00187053	         -1.13215547	          0.00000000	          0.00000000	          0.00000000	         -0.00000001	          0.00000001	         -0.00000000	         -0.02441777	          0.02051816	         -1.22105530	          0.00000000	          0.00000000	          0.00000000	
          4.98000000	         -0.00156852	          0.01539293	         -0.01418359	         -0.25979646	          0.00785648	         -0.63648679	          0.00000000	          0.00000000	          0.00000000	        -18.30821265	        361.17755401	       -127.32387873	         -0.09012693	         -0.01370688	         -0.66029712	          0.00000000	          0.00000000	          0.00000000	         -1.42445828	          3.22863226	         -1.38797527	         -0.10500407	          0.00159309	         -0.56916492	          0.00000000	          0.00000000	          0.00000000	         -0.05370505	          0.18193872	         -0.14370712	         -0.18372402	          0.00528157	         -0.60005989	          0.00000000	          0.00000000	          0.00000000	        -20.26913517	        273.55754919	         14.40683645	          0.00122014	         -0.01187894	         -0.65100182	          0.00000000	          0.00000000	          0.00000000	         -0.00006666	          0.00016389	         -0.00000590	         -0.01306763	          0.01202288	         -0.56722959	          0.00000000	          0.00000000	          0.00000000	         -0.00000000	         -0.00000000	         -0.00000000	         -0.22665931	          0.05003831	         -1.11467061	          0.00000000	          0.00000000	          0.00000000	         -0.00000484	          0.00000297	         -0.00000074	         -0.06398153	          0.01594412	         -1.10462677	          0.00000000	          0.00000000	          0.00000000	         -0.00000000	         -0.00000000	         -0.00000000	         -0.08202648	          0.03187869	         -1.19474615	          0.00000000	          0.00000000	          0.00000000	         -0.00000000	         -0.00000000	         -0.00000000	         -0.15572165	          0.04159960	         -1.15737257	          0.00000000	          0.00000000	          0.00000000	         -0.80450423	          0.49730738	         -0.14837053	          0.02069030	          0.00347074	         -1.12645694	          0.00000000	          0.00000000	          0.00000000	         -0.00000001	          0.00000000	         -0.00000000	          0.00451676	          0.02141621	         -1.21566104	          0.00000000	          0.00000000	          0.00000000	
          5.00000000	         -0.00167476	          0.03251504	         -0.01248705	         -0.25966806	          0.00723056	         -0.63312613	          0.00000000	          0.00000000	          0.00000000	        -23.85729010	        422.91599287	        -90.52295711	         -0.09001481	         -0.01374733	         -0.65905060	          0.00000000	          0.00000000	          0.00000000	         -0.47650479	          3.59140682	         -0.77949807	         -0.10395934	          0.00151968	         -0.56774897	          0.00000000	          0.00000000	          0.00000000	         -0.02606836	          0.27650703	         -0.08337339	         -0.18311034	          0.00492787	         -0.59765555	          0.00000000	          0.00000000	          0.00000000	        -22.58525524	        289.26805943	        -29.72210824	          0.00141407	         -0.01159896	         -0.65090503	          0.00000000	          0.00000000	          0.00000000	         -0.00001711	          0.00011922	         -0.00001069	         -0.01215361	          0.01227094	         -0.56697682	          0.00000000	          0.00000000	          0.00000000	         -0.00000000	         -0.00000000	         -0.00000000	         -0.19948759	          0.04378716	         -1.10982408	          0.00000000	          0.00000000	          0.00000000	         -0.00001620	          0.00000975	         -0.00000256	         -0.03285221	          0.01493246	         -1.09901358	          0.00000000	          0.00000000	          0.00000000	         -0.00000000	          0.00000000	         -0.00000000	         -0.05228596	          0.03054387	         -1.18907039	          0.00000000	          0.00000000	          0.00000000	         -0.00000000	         -0.00000000	         -0.00000000	         -0.12732660	          0.03776969	         -1.15211364	          0.00000000	          0.00000000	          0.00000000	         -0.29315817	          0.17717439	         -0.05158271	          0.05295692	          0.00476249	         -1.12057419	          0.00000000	          0.00000000	          0.00000000	         -0.00000000	          0.00000000	         -0.00000000	          0.03490510	          0.02198404	         -1.20998851	          0.00000000	          0.00000000	          0.00000000	
          5.02000000	          0.00397643	          0.08225285	          0.04835871	         -0.25986489	          0.00631868	         -0.63388393	          0.00000000	          0.00000000	          0.00000000	        -25.87522655	        513.14392520	        -18.77225149	         -0.08986524	         -0.01430807	         -0.65863995	          0.00000000	          0.00000000	          0.00000000	          1.13742884	          4.26430073	          0.22675537	         -0.10442924	          0.00126894	         -0.56764499	          0.00000000	          0.00000000	          0.00000000	          0.07993025	          0.47791415	          0.15600930	         -0.18346348	          0.00435370	         -0.59799750	          0.00000000	          0.00000000	          0.00000000	        -26.83675910	        322.35390833	        -96.02303127	          0.00148472	         -0.01163300	         -0.65030889	          0.00000000	          0.00000000	          0.00000000	          0.00001134	          0.00006653	         -0.00000995	         -0.01285789	          0.01272692	         -0.56707559	          0.00000000	          0.00000000	          0.00000000	         -0.00000000	         -0.00000000	         -0.00000000	         -0.17059646	          0.03733367	         -1.10396168	          0.00000000	          0.00000000	          0.00000000	         -0.00005458	          0.00003262	         -0.00000949	         -0.00065400	          0.01381339	         -1.09294629	          0.00000000	          0.00000000	          0.00000000	         -0.00000000	          0.00000000	         -0.00000000	         -0.02180775	          0.02898990	         -1.18291282	          0.00000000	          0.00000000	          0.00000000	         -0.00000000	         -0.00000000	         -0.00000000	         -0.09770917	          0.03372529	         -1.14610212	          0.00000000	          0.00000000	          0.00000000	         -0.08153338	          0.04891490	         -0.01497974	          0.08602700	          0.00604418	         -1.11450206	          0.00000000	          0.00000000	          0.00000000	         -0.00000000	          0.00000000	         -0.00000000	          0.06590425	          0.02250780	         -1.20404527	          0.00000000	          0.00000000	          0.00000000	
          5.04000000	          0.00975329	          0.17590434	          0.16544079	         -0.26021048	          0.00546969	         -0.63857547	          0.00000000	          0.00000000	          0.00000000	        -32.64049431	        572.53664545	         51.23888933	         -0.08964639	         -0.01517577	         -0.65900936	          0.00000000	          0.00000000	          0.00000000	          2.43706103	          4.60170947	          1.19032667	         -0.10625076	          0.00103226	         -0.56880816	          0.00000000	          0.00000000	          0.00000000	          0.22921884	          0.71596878	          0.55793333	         -0.18460913	          0.00382925	         -0.60097059	          0.00000000	          0.00000000	          0.00000000	        -24.33924431	        341.39090755	       -148.40536618	          0.00145935	         -0.01188748	         -0.64922440	          0.00000000	          0.00000000	          0.00000000	          0.00001136	          0.00002834	         -0.00000520	         -0.01497538	          0.01343000	         -0.56753525	          0.00000000	          0.00000000	          0.00000000	         -0.00000000	          0.00000000	         -0.00000000	         -0.14088156	          0.03117634	         -1.09734065	          0.00000000	          0.00000000	          0.00000000	         -0.00010948	          0.00006607	         -0.00002245	          0.03166989	          0.01303531	         -1.08619611	          0.00000000	          0.00000000	          0.00000000	         -0.00000000	          0.00000000	         -0.00000000	          0.00875243	          0.02760174	         -1.17613403	          0.00000000	          0.00000000	          0.00000000	         -0.00000000	          0.00000000	         -0.00000000	         -0.06763646	          0.02990657	         -1.13940206	          0.00000000	          0.00000000	          0.00000000	         -0.01094554	          0.00663252	         -0.00236822	          0.11897406	          0.00770423	         -1.10777815	          0.00000000	          0.00000000	          0.00000000	         -0.00000000	          0.00000000	         -0.00000000	          0.09683983	          0.02329820	         -1.19746931	          0.00000000	          0.00000000	          0.00000000	
          5.06000000	          0.00531851	          0.28323582	          0.26654489	         -0.26044646	          0.00488224	         -0.64480713	          0.00000000	          0.00000000	          0.00000000	        -40.30559053	        548.51108501	         67.46155844	         -0.08936277	         -0.01586692	         -0.65973544	          0.00000000	          0.00000000	          0.00000000	          2.10926848	          4.25723223	          1.26201807	         -0.10853952	          0.00101944	         -0.57054789	          0.00000000	          0.00000000	          0.00000000	          0.23298828	          0.83984193	          0.66771495	         -0.18594877	          0.00354932	         -0.60501463	          0.00000000	          0.00000000	          0.00000000	        -12.47609918	        325.92595443	       -132.64958803	          0.00139332	         -0.01206615	         -0.64789616	          0.00000000	          0.00000000	          0.00000000	          0.00000564	          0.00001280	         -0.00000230	         -0.01754844	          0.01419583	         -0.56796144	          0.00000000	          0.00000000	          0.00000000	         -0.00000000	          0.00000000	         -0.00000000	         -0.11128180	          0.02582958	         -1.09046036	          0.00000000	          0.00000000	          0.00000000	         -0.00008310	          0.00005154	         -0.00002100	          0.06311960	          0.01301250	         -1.07855930	          0.00000000	          0.00000000	          0.00000000	         -0.00000000	          0.00000000	         -0.00000000	          0.03880932	          0.02669328	         -1.16868765	          0.00000000	          0.00000000	          0.00000000	         -0.00000000	          0.00000000	         -0.00000000	         -0.03785823	          0.02672528	         -1.13224823	          0.00000000	          0.00000000	          0.00000000	         -0.00038692	          0.00024114	         -0.00010704	          0.15085750	          0.01006207	         -1.09986540	          0.00000000	          0.00000000	          0.00000000	         -0.00000000	          0.00000000	         -0.00000000	          0.12716055	          0.02456364	         -1.18988978	          0.00000000	          0.00000000	          0.00000000	
          5.08000000	         -0.00227974	          0.42878364	          0.22965573	         -0.26061893	          0.00442979	         -0.64909658	          0.00000000	          0.00000000	          0.00000000	        -32.22112441	        473.99985782	         17.59366248	         -0.08911567	         -0.01605029	         -0.66020915	          0.00000000	          0.00000000	          0.00000000	          0.85467487	          4.04501571	          0.42032041	         -0.11023540	          0.00113736	         -0.57169327	          0.00000000	          0.00000000	          0.00000000	          0.10801981	          0.96957939	          0.31444669	         -0.18694146	          0.00338936	         -0.60777158	          0.00000000	          0.00000000	          0.00000000	         -1.32650769	        289.22501168	        -68.20215761	          0.00134416	         -0.01195320	         -0.64666506	          0.00000000	          0.00000000	          0.00000000	          0.00000263	          0.00000951	         -0.00000170	         -0.01945369	          0.01463840	         -0.56763272	          0.00000000	          0.00000000	          0.00000000	         -0.00000001	          0.00000001	         -0.00000000	         -0.08256369	          0.02155108	         -1.08372213	          0.00000000	          0.00000000	          0.00000000	         -0.00002235	          0.00001447	         -0.00000723	          0.09289234	          0.01386833	         -1.06980542	          0.00000000	          0.00000000	          0.00000000	         -0.00000000	          0.00000000	         -0.00000000	          0.06799077	          0.02632161	         -1.16048253	          0.00000000	          0.00000000	          0.00000000	         -0.00000000	          0.00000000	         -0.00000000	         -0.00893113	          0.02433762	         -1.12480306	          0.00000000	          0.00000000	          0.00000000	          0.00000046	         -0.00000030	          0.00000017	          0.18095839	          0.01313981	         -1.09023047	          0.00000000	          0.00000000	          0.00000000	         -0.00000000	          0.00000000	         -0.00000000	          0.15655932	          0.02625105	         -1.18091776	          0.00000000	          0.00000000	          0.00000000	
          5.10000000	         -0.00221989	          0.84686749	         -0.45036015	         -0.26098008	          0.00376500	         -0.64887724	          0.00000000	          0.00000000	          0.00000000	        -17.47615290	        413.46052656	        -44.23804649	         -0.08903818	         -0.01578107	         -0.65993973	          0.00000000	          0.00000000	          0.00000000	         -0.85099057	          4.83386804	         -0.98919179	         -0.11066497	          0.00102709	         -0.57125495	          0.00000000	          0.00000000	          0.00000000	         -0.13985507	          1.50378092	         -0.56133259	         -0.18735381	          0.00298592	         -0.60743812	          0.00000000	          0.00000000	          0.00000000	          2.22257545	        253.20215220	          5.57813854	          0.00133664	         -0.01155199	         -0.64586359	          0.00000000	          0.00000000	          0.00000000	         -0.00000035	          0.00001438	         -0.00000208	         -0.02001943	          0.01444891	         -0.56619649	          0.00000000	          0.00000000	          0.00000000	         -0.00000050	          0.00000033	         -0.00000012	         -0.05505359	          0.01827273	         -1.07741161	          0.00000000	          0.00000000	          0.00000000	         -0.00000275	          0.00000186	         -0.00000107	          0.12066671	          0.01543401	         -1.05995496	          0.00000000	          0.00000000	          0.00000000	         -0.00000000	          0.00000000	         -0.00000000	          0.09624843	          0.02636947	         -1.15154193	          0.00000000	          0.00000000	          0.00000000	         -0.00000000	          0.00000000	         -0.00000000	          0.01896537	          0.02265291	         -1.11722248	          0.00000000	          0.00000000	          0.00000000	          0.00000000	         -0.00000000	          0.00000000	          0.20901734	          0.01672265	         -1.07874958	          0.00000000	          0.00000000	          0.00000000	         -0.00000000	          0.00000000	         -0.00000000	          0.18503465	          0.02818929	         -1.17043389	          0.00000000	          0.00000000	          0.00000000	
          5.12000000	         -0.07123192	          2.43506589	         -2.34702535	         -0.26149359	          0.00259950	         -0.64370597	          0.00000000	          0.00000000	          0.00000000	        -11.18392727	        391.50925712	       -101.03812909	         -0.08915236	         -0.01532935	         -0.65878295	          0.00000000	          0.00000000	          0.00000000	         -4.07773683	          7.58086320	         -3.65993920	         -0.10964672	          0.00041153	         -0.56905200	          0.00000000	          0.00000000	          0.00000000	         -0.90925547	          3.37188335	         -2.94977692	         -0.18707073	          0.00205596	         -0.60369957	          0.00000000	          0.00000000	          0.00000000	         -0.99502177	        227.92140418	         57.11152763	          0.00137767	         -0.01099001	         -0.64570392	          0.00000000	          0.00000000	          0.00000000	         -0.00001516	          0.00004206	         -0.00000322	         -0.01909404	          0.01359772	         -0.56403507	          0.00000000	          0.00000000	          0.00000000	         -0.00000722	          0.00000492	         -0.00000184	         -0.02886163	          0.01574948	         -1.07146608	          0.00000000	          0.00000000	          0.00000000	         -0.00000025	          0.00000018	         -0.00000012	          0.14637363	          0.01739834	         -1.04918784	          0.00000000	          0.00000000	          0.00000000	         -0.00000000	          0.00000000	         -0.00000000	          0.12349151	          0.02668811	         -1.14189152	          0.00000000	          0.00000000	          0.00000000	         -0.00000001	          0.00000001	         -0.00000000	          0.04572995	          0.02147930	         -1.10948224	          0.00000000	          0.00000000	          0.00000000	          0.00000000	         -0.00000000	          0.00000000	          0.23496031	          0.02050706	         -1.06569140	          0.00000000	          0.00000000	          0.00000000	         -0.00000000	          0.00000000	         -0.00000000	          0.21247815	          0.03023079	         -1.15855401	          0.00000000	          0.00000000	          0.00000000	
          5.14000000	         -0.54195588	          7.65776836	         -7.62769231	         -0.26184985	          0.00086326	         -0.63553389	          0.00000000	          0.00000000	          0.00000000	        -15.76187417	        399.80334299	       -127.30699225	         -0.08936000	         -0.01494471	         -0.65703445	          0.00000000	          0.00000000	          0.00000000	        -10.81620945	         15.79167040	         -8.76299880	         -0.10762015	         -0.00065040	         -0.56586416	          0.00000000	          0.00000000	          0.00000000	         -2.58419354	          8.13759467	         -7.19675503	         -0.18617162	          0.00060380	         -0.59794411	          0.00000000	          0.00000000	          0.00000000	         -2.93631873	        209.67968139	         69.55225825	          0.00141886	         -0.01038193	         -0.64605184	          0.00000000	          0.00000000	          0.00000000	         -0.00008335	          0.00016344	         -0.00000147	         -0.01717827	          0.01237726	         -0.56185363	          0.00000000	          0.00000000	          0.00000000	         -0.00006017	          0.00004293	         -0.00001714	         -0.00437336	          0.01371569	         -1.06544228	          0.00000000	          0.00000000	          0.00000000	         -0.00000003	          0.00000002	         -0.00000002	          0.16973751	          0.01939253	         -1.03767380	          0.00000000	          0.00000000	          0.00000000	         -0.00000000	          0.00000000	         -0.00000000	          0.14915274	          0.02711189	         -1.13148573	          0.00000000	          0.00000000	          0.00000000	         -0.00000002	          0.00000002	         -0.00000001	          0.07087718	          0.02060760	         -1.10132844	          0.00000000	          0.00000000	          0.00000000	          0.00000000	         -0.00000000	          0.00000000	          0.25846461	          0.02412477	         -1.05150191	          0.00000000	          0.00000000	          0.00000000	         -0.00000000	         -0.00000000	         -0.00000000	          0.23826502	          0.03220526	         -1.14551209	          0.00000000	          0.00000000	          0.00000000	
          5.16000000	         -2.83811719	         32.52737463	        -30.22450764	         -0.26208132	         -0.00134869	         -0.62812011	          0.00000000	          0.00000000	          0.00000000	        -16.15679917	        421.98837290	        -76.52237345	         -0.08961168	         -0.01475583	         -0.65550274	          0.00000000	          0.00000000	          0.00000000	        -16.04154505	         33.96106177	        -11.30532180	         -0.10579306	         -0.00182019	         -0.56313606	          0.00000000	          0.00000000	          0.00000000	         -7.71468059	         25.27403446	        -19.55194584	         -0.18531347	         -0.00113907	         -0.59280756	          0.00000000	          0.00000000	          0.00000000	          4.02738908	        192.12667452	         52.11334857	          0.00129987	         -0.00977056	         -0.64653470	          0.00000000	          0.00000000	          0.00000000	         -0.00015145	          0.00050958	          0.00001884	         -0.01556585	          0.01125170	         -0.56019281	          0.00000000	          0.00000000	          0.00000000	         -0.00035317	          0.00026864	         -0.00011679	          0.01777767	          0.01198350	         -1.05909180	          0.00000000	          0.00000000	          0.00000000	         -0.00000001	          0.00000000	         -0.00000000	          0.19034095	          0.02108002	         -1.02584242	          0.00000000	          0.00000000	          0.00000000	         -0.00000000	          0.00000000	         -0.00000000	          0.17239943	          0.02747346	         -1.12059136	          0.00000000	          0.00000000	          0.00000000	         -0.00000005	          0.00000004	         -0.00000002	          0.09366078	          0.01986588	         -1.09276200	          0.00000000	          0.00000000	          0.00000000	         -0.00000000	          0.00000000	         -0.00000000	          0.27908874	          0.02720393	         -1.03694007	          0.00000000	          0.00000000	          0.00000000	         -0.00000000	         -0.00000000	         -0.00000000	          0.26153030	          0.03390497	         -1.13190954	          0.00000000	          0.00000000	          0.00000000	
          5.18000000	         -1.67122173	        113.20386333	        -36.15184837	         -0.26256430	         -0.00385722	         -0.62429574	          0.00000000	          0.00000000	          0.00000000	        -18.04996329	        444.40557253	        -27.53392527	         -0.08989782	         -0.01476680	         -0.65470630	          0.00000000	          0.00000000	          0.00000000	         -4.70662200	         50.82735151	         -5.55726019	         -0.10531357	         -0.00276268	         -0.56170779	          0.00000000	          0.00000000	          0.00000000	         -3.67070577	         66.67723010	        -14.47369034	         -0.18529406	         -0.00290471	         -0.59014700	          0.00000000	          0.00000000	          0.00000000	         10.13013501	        174.46699608	          5.98649985	          0.00093817	         -0.00915835	         -0.64659030	          0.00000000	          0.00000000	          0.00000000	          0.00008307	          0.00094432	         -0.00006308	         -0.01542911	          0.01055108	         -0.55892399	          0.00000000	          0.00000000	          0.00000000	         -0.00163081	          0.00134959	         -0.00068623	          0.03710784	          0.01044277	         -1.05216903	          0.00000000	          0.00000000	          0.00000000	         -0.00000000	          0.00000000	         -0.00000000	          0.20798668	          0.02223451	         -1.01397434	          0.00000000	          0.00000000	          0.00000000	         -0.00000000	          0.00000000	         -0.00000000	          0.19265134	          0.02759430	         -1.10943471	          0.00000000	          0.00000000	          0.00000000	         -0.00000010	          0.00000009	         -0.00000005	          0.11353620	          0.01911180	         -1.08376893	          0.00000000	          0.00000000	          0.00000000	         -0.00000000	          0.00000000	         -0.00000000	          0.29666379	          0.02946272	         -1.02256359	          0.00000000	          0.00000000	          0.00000000	         -0.00000000	         -0.00000000	         -0.00000000	          0.28171649	          0.03509051	         -1.11825584	          0.00000000	          0.00000000	          0.00000000	
          5.20000000	          6.33031482	        217.88248545	        -11.94330121	         -0.26331825	         -0.00636161	         -0.62330422	          0.00000000	          0.00000000	          0.00000000	        -14.07195551	        447.59009557	        -47.88287518	         -0.09020270	         -0.01486077	         -0.65423404	          0.00000000	          0.00000000	          0.00000000	          3.92699664	         58.57419485	         -6.24087350	         -0.10603125	         -0.00333559	         -0.56106269	          0.00000000	          0.00000000	          0.00000000	          5.65598542	        110.42445523	         -8.87745409	         -0.18604421	         -0.00446992	         -0.58932095	          0.00000000	          0.00000000	          0.00000000	         13.46296650	        158.05301486	        -23.14864676	          0.00041118	         -0.00854796	         -0.64592373	          0.00000000	          0.00000000	          0.00000000	          0.00028380	          0.00114271	         -0.00020908	         -0.01654956	          0.01028103	         -0.55759861	          0.00000000	          0.00000000	          0.00000000	         -0.00540631	          0.00493422	         -0.00290861	          0.05352891	          0.00914123	         -1.04454514	          0.00000000	          0.00000000	          0.00000000	         -0.00000000	          0.00000000	         -0.00000000	          0.22286958	          0.02289952	         -1.00234128	          0.00000000	          0.00000000	          0.00000000	         -0.00000000	          0.00000000	         -0.00000000	          0.20978673	          0.02746990	         -1.09829986	          0.00000000	          0.00000000	          0.00000000	         -0.00000021	          0.00000019	         -0.00000013	          0.13038779	          0.01836561	         -1.07442509	          0.00000000	          0.00000000	          0.00000000	         -0.00000000	          0.00000000	         -0.00000000	          0.31143657	          0.03092170	         -1.00886935	          0.00000000	          0.00000000	          0.00000000	         -0.00000000	         -0.00000000	         -0.00000000	          0.29875007	          0.03572976	         -1.10506550	          0.00000000	          0.00000000	          0.00000000	
          5.22000000	         14.32141306	        295.12812117	          0.36902544	         -0.26409310	         -0.00847440	         -0.62318804	          0.00000000	          0.00000000	          0.00000000	         -3.99428515	        423.55492505	        -62.88166703	         -0.09053497	         -0.01485906	         -0.65366941	          0.00000000	          0.00000000	          0.00000000	          7.12289933	         56.34010026	         -7.26720116	         -0.10716157	         -0.00352402	         -0.56054376	          0.00000000	          0.00000000	          0.00000000	         12.48991003	        136.17724818	         -8.51337964	         -0.18702224	         -0.00563717	         -0.58900707	          0.00000000	          0.00000000	          0.00000000	         16.09379744	        142.17321776	        -31.86495681	         -0.00018059	         -0.00794079	         -0.64479925	          0.00000000	          0.00000000	          0.00000000	          0.00032799	          0.00109228	         -0.00025655	         -0.01803148	          0.01027236	         -0.55613366	          0.00000000	          0.00000000	          0.00000000	         -0.01027410	          0.01032794	         -0.00659898	          0.06725733	          0.00829160	         -1.03663702	          0.00000000	          0.00000000	          0.00000000	         -0.00000000	          0.00000000	         -0.00000000	          0.23542862	          0.02339331	         -0.99168415	          0.00000000	          0.00000000	          0.00000000	         -0.00000000	          0.00000000	         -0.00000000	          0.22397976	          0.02735711	         -1.08795897	          0.00000000	          0.00000000	          0.00000000	         -0.00000030	          0.00000031	         -0.00000021	          0.14440201	          0.01785976	         -1.06532421	          0.00000000	          0.00000000	          0.00000000	         -0.00000000	         -0.00000000	         -0.00000000	          0.32388540	          0.03193389	         -0.99678616	          0.00000000	          0.00000000	          0.00000000	         -0.00000000	         -0.00000000	         -0.00000000	          0.31284186	          0.03611135	         -1.09330223	          0.00000000	          0.00000000	          0.00000000	
          5.24000000	         18.88519370	        315.86547663	          1.53684071	         -0.26477485	         -0.00991190	         -0.62326038	          0.00000000	          0.00000000	          0.00000000	          5.49825351	        386.96626674	        -63.20372679	         -0.09088140	         -0.01465577	         -0.65302012	          0.00000000	          0.00000000	          0.00000000	          6.95737368	         48.40508404	         -6.75475023	         -0.10831681	         -0.00336994	         -0.56001856	          0.00000000	          0.00000000	          0.00000000	         14.68308981	        138.84264506	         -9.13116397	         -0.18796593	         -0.00628893	         -0.58878803	          0.00000000	          0.00000000	          0.00000000	         17.02029683	        129.82877753	        -31.42204470	         -0.00075106	         -0.00735961	         -0.64350435	          0.00000000	          0.00000000	          0.00000000	          0.00029024	          0.00097228	         -0.00023931	         -0.01940741	          0.01037201	         -0.55461445	          0.00000000	          0.00000000	          0.00000000	         -0.01002855	          0.01087578	         -0.00718417	          0.07879620	          0.00805986	         -1.02897209	          0.00000000	          0.00000000	          0.00000000	         -0.00000000	          0.00000000	         -0.00000000	          0.24626055	          0.02405992	         -0.98264419	          0.00000000	          0.00000000	          0.00000000	         -0.00000000	          0.00000000	         -0.00000000	          0.23570278	          0.02753931	         -1.07909559	          0.00000000	          0.00000000	          0.00000000	         -0.00000025	          0.00000028	         -0.00000019	          0.15606250	          0.01781623	         -1.05707241	          0.00000000	          0.00000000	          0.00000000	         -0.00000000	         -0.00000000	         -0.00000000	          0.33462231	          0.03291982	         -0.98703071	          0.00000000	          0.00000000	          0.00000000	         -0.00000000	         -0.00000000	         -0.00000000	          0.32447755	          0.03659373	         -1.08372719	          0.00000000	          0.00000000	          0.00000000	
          5.26000000	         20.59597121	        294.53347053	          0.28276071	         -0.26534048	         -0.01062221	         -0.62333543	          0.00000000	          0.00000000	          0.00000000	         12.30000310	        359.85806960	        -60.89511903	         -0.09121391	         -0.01429081	         -0.65233017	          0.00000000	          0.00000000	          0.00000000	          5.83346355	         39.49116469	         -5.72877392	         -0.10933514	         -0.00299225	         -0.55946599	          0.00000000	          0.00000000	          0.00000000	         14.34567119	        127.74476171	         -9.00051956	         -0.18877902	         -0.00646054	         -0.58855728	          0.00000000	          0.00000000	          0.00000000	         16.65976837	        124.05246646	        -30.51204355	         -0.00123660	         -0.00687735	         -0.64218029	          0.00000000	          0.00000000	          0.00000000	          0.00024430	          0.00089546	         -0.00022015	         -0.02049884	          0.01046434	         -0.55311209	          0.00000000	          0.00000000	          0.00000000	         -0.00551615	          0.00624478	         -0.00413885	          0.08887798	          0.00842441	         -1.02175775	          0.00000000	          0.00000000	          0.00000000	         -0.00000000	          0.00000000	         -0.00000000	          0.25603872	          0.02507520	         -0.97525093	          0.00000000	          0.00000000	          0.00000000	         -0.00000000	          0.00000000	         -0.00000000	          0.24570381	          0.02812747	         -1.07178428	          0.00000000	          0.00000000	          0.00000000	         -0.00000012	          0.00000014	         -0.00000009	          0.16611196	          0.01827678	         -1.04981290	          0.00000000	          0.00000000	          0.00000000	         -0.00000000	         -0.00000000	         -0.00000000	          0.34431491	          0.03414222	         -0.97954812	          0.00000000	          0.00000000	          0.00000000	         -0.00000000	         -0.00000000	         -0.00000000	          0.33439839	          0.03737416	         -1.07633136	          0.00000000	          0.00000000	          0.00000000	
          5.28000000	         17.73125376	        258.21533022	         -1.54334198	         -0.26577774	         -0.01073431	         -0.62338938	          0.00000000	          0.00000000	          0.00000000	         14.77880204	        354.35205795	        -57.39804284	         -0.09149152	         -0.01391025	         -0.65164817	          0.00000000	          0.00000000	          0.00000000	          4.16298904	         31.82868782	         -4.35967552	         -0.11013328	         -0.00252972	         -0.55892718	          0.00000000	          0.00000000	          0.00000000	         11.56309781	        112.86099795	         -7.89233216	         -0.18941264	         -0.00628554	         -0.58832288	          0.00000000	          0.00000000	          0.00000000	         14.43681932	        126.88962319	        -29.11885775	         -0.00159054	         -0.00659456	         -0.64094073	          0.00000000	          0.00000000	          0.00000000	          0.00019014	          0.00088090	         -0.00019411	         -0.02125343	          0.01049862	         -0.55176799	          0.00000000	          0.00000000	          0.00000000	         -0.00204215	          0.00231011	         -0.00146905	          0.09826020	          0.00924203	         -1.01507029	          0.00000000	          0.00000000	          0.00000000	         -0.00000000	          0.00000000	         -0.00000000	          0.26536602	          0.02644658	         -0.96917639	          0.00000000	          0.00000000	          0.00000000	         -0.00000000	          0.00000000	         -0.00000000	          0.25481538	          0.02907421	         -1.06573637	          0.00000000	          0.00000000	          0.00000000	         -0.00000004	          0.00000005	         -0.00000003	          0.17535289	          0.01914374	         -1.04344276	          0.00000000	          0.00000000	          0.00000000	         -0.00000000	         -0.00000000	         -0.00000000	          0.35355522	          0.03567315	         -0.97379999	          0.00000000	          0.00000000	          0.00000000	         -0.00000000	         -0.00000000	         -0.00000000	          0.34342602	          0.03846935	         -1.07061548	          0.00000000	          0.00000000	          0.00000000	
          5.30000000	          9.74435666	        221.09666144	         -6.26428757	         -0.26602858	         -0.01042439	         -0.62341214	          0.00000000	          0.00000000	          0.00000000	         10.64972970	        366.17499518	        -51.15700468	         -0.09164892	         -0.01365871	         -0.65106146	          0.00000000	          0.00000000	          0.00000000	          1.98490207	         25.19381083	         -2.84106840	         -0.11060043	         -0.00206544	         -0.55850883	          0.00000000	          0.00000000	          0.00000000	          6.12213704	         97.25688538	         -6.72863271	         -0.18978110	         -0.00589197	         -0.58813316	          0.00000000	          0.00000000	          0.00000000	          8.98194459	        137.50041938	        -24.98609577	         -0.00175235	         -0.00657725	         -0.63996758	          0.00000000	          0.00000000	          0.00000000	          0.00010261	          0.00087444	         -0.00013892	         -0.02160017	          0.01050346	         -0.55082625	          0.00000000	          0.00000000	          0.00000000	         -0.00057688	          0.00063909	         -0.00037824	          0.10746460	          0.01036315	         -1.00900519	          0.00000000	          0.00000000	          0.00000000	         -0.00000000	          0.00000000	         -0.00000000	          0.27458861	          0.02809054	         -0.96398169	          0.00000000	          0.00000000	          0.00000000	         -0.00000000	          0.00000000	         -0.00000000	          0.26369807	          0.03026392	         -1.06054911	          0.00000000	          0.00000000	          0.00000000	         -0.00000001	          0.00000001	         -0.00000001	          0.18438649	          0.02028325	         -1.03781221	          0.00000000	          0.00000000	          0.00000000	         -0.00000000	         -0.00000000	         -0.00000000	          0.36269152	          0.03745430	         -0.96906525	          0.00000000	          0.00000000	          0.00000000	         -0.00000000	         -0.00000000	         -0.00000000	          0.35222398	          0.03978806	         -1.06589376	          0.00000000	          0.00000000	          0.00000000	
          5.32000000	          0.50247800	        188.53864623	         -7.15778857	         -0.26603719	         -0.00984194	         -0.62344306	          0.00000000	          0.00000000	          0.00000000	         -1.69673660	        378.40006580	        -47.24179631	         -0.09162303	         -0.01356904	         -0.65062259	          0.00000000	          0.00000000	          0.00000000	          0.37218919	         18.00259132	         -1.58818908	         -0.11069031	         -0.00155879	         -0.55830673	          0.00000000	          0.00000000	          0.00000000	          0.99221174	         79.78371375	         -4.91259435	         -0.18983388	         -0.00533274	         -0.58805691	          0.00000000	          0.00000000	          0.00000000	          0.78040775	        149.37128847	        -22.09808439	         -0.00167833	         -0.00677259	         -0.63934967	          0.00000000	          0.00000000	          0.00000000	          0.00001877	          0.00074436	         -0.00007684	         -0.02153077	          0.01060226	         -0.55043705	          0.00000000	          0.00000000	          0.00000000	         -0.00013738	          0.00014991	         -0.00008144	          0.11656583	          0.01166515	         -1.00364439	          0.00000000	          0.00000000	          0.00000000	         -0.00000000	          0.00000000	         -0.00000000	          0.28363510	          0.02987450	         -0.95919073	          0.00000000	          0.00000000	          0.00000000	         -0.00000000	          0.00000000	         -0.00000000	          0.27260263	          0.03156595	         -1.05578061	          0.00000000	          0.00000000	          0.00000000	         -0.00000000	          0.00000000	         -0.00000000	          0.19338556	          0.02156876	         -1.03274522	          0.00000000	          0.00000000	          0.00000000	         -0.00000000	         -0.00000000	         -0.00000000	          0.37167141	          0.03934725	         -0.96457305	          0.00000000	          0.00000000	          0.00000000	         -0.00000000	         -0.00000000	         -0.00000000	          0.36106325	          0.04119287	         -1.06142839	          0.00000000	          0.00000000	          0.00000000	
          5.34000000	         -6.07013685	        166.78029040	         -1.42178276	         -0.26583670	         -0.00913746	         -0.62361996	          0.00000000	          0.00000000	          0.00000000	        -16.65128774	        370.76390595	        -41.62821029	         -0.09141043	         -0.01352334	         -0.65032437	          0.00000000	          0.00000000	          0.00000000	         -0.13253646	         10.46389992	         -0.64251911	         -0.11053659	         -0.00088744	         -0.55835541	          0.00000000	          0.00000000	          0.00000000	         -1.46462817	         62.18725802	         -2.04870642	         -0.18965855	         -0.00462323	         -0.58818225	          0.00000000	          0.00000000	          0.00000000	         -5.20152233	        151.00213947	        -20.60135536	         -0.00140867	         -0.00698285	         -0.63897997	          0.00000000	          0.00000000	          0.00000000	         -0.00000310	          0.00047220	         -0.00003417	         -0.02122355	          0.01093818	         -0.55049363	          0.00000000	          0.00000000	          0.00000000	         -0.00003191	          0.00003486	         -0.00001697	          0.12521070	          0.01302262	         -0.99912943	          0.00000000	          0.00000000	          0.00000000	         -0.00000000	          0.00000000	         -0.00000000	          0.29206135	          0.03163383	         -0.95452062	          0.00000000	          0.00000000	          0.00000000	         -0.00000000	         -0.00000000	         -0.00000000	          0.28131324	          0.03285649	         -1.05117082	          0.00000000	          0.00000000	          0.00000000	         -0.00000000	          0.00000000	         -0.00000000	          0.20207269	          0.02287706	         -1.02818541	          0.00000000	          0.00000000	          0.00000000	         -0.00000000	         -0.00000000	         -0.00000000	          0.38007055	          0.04117771	         -0.95981691	          0.00000000	          0.00000000	          0.00000000	         -0.00000000	         -0.00000000	         -0.00000000	          0.36974878	          0.04254974	         -1.05673464	          0.00000000	          0.00000000	          0.00000000	
          5.36000000	         -8.86823429	        161.34512818	         -5.24802646	         -0.26556503	         -0.00850925	         -0.62386627	          0.00000000	          0.00000000	          0.00000000	        -21.22332242	        341.35615792	        -34.81593280	         -0.09111835	         -0.01335089	         -0.65011856	          0.00000000	          0.00000000	          0.00000000	         -0.19705824	          5.41102386	         -0.28152755	         -0.11033335	         -0.00001746	         -0.55856296	          0.00000000	          0.00000000	          0.00000000	         -2.19639928	         48.91004985	         -1.97911305	         -0.18942377	         -0.00385153	         -0.58842354	          0.00000000	          0.00000000	          0.00000000	         -4.07451589	        137.45781606	        -14.77365447	         -0.00109049	         -0.00697889	         -0.63872564	          0.00000000	          0.00000000	          0.00000000	          0.00000097	          0.00023647	         -0.00001201	         -0.02091165	          0.01151908	         -0.55071691	          0.00000000	          0.00000000	          0.00000000	         -0.00000913	          0.00001025	         -0.00000454	          0.13282348	          0.01425072	         -0.99554688	          0.00000000	          0.00000000	          0.00000000	         -0.00000000	         -0.00000000	         -0.00000000	          0.29925604	          0.03316624	         -0.94990032	          0.00000000	          0.00000000	          0.00000000	         -0.00000000	         -0.00000000	         -0.00000000	          0.28928883	          0.03397861	         -1.04665144	          0.00000000	          0.00000000	          0.00000000	         -0.00000000	          0.00000000	         -0.00000000	          0.20989170	          0.02403869	         -1.02414283	          0.00000000	          0.00000000	          0.00000000	         -0.00000000	         -0.00000000	         -0.00000000	          0.38727957	          0.04274727	         -0.95464228	          0.00000000	          0.00000000	          0.00000000	         -0.00000000	         -0.00000000	         -0.00000000	          0.37774184	          0.04370533	         -1.05166019	          0.00000000	          0.00000000	          0.00000000	
          5.38000000	         -7.62404609	        174.53477150	        -10.71395155	         -0.26540795	         -0.00817998	         -0.62397647	          0.00000000	          0.00000000	          0.00000000	        -16.09246483	        304.34871227	        -28.38455604	         -0.09091234	         -0.01297104	         -0.64993907	          0.00000000	          0.00000000	          0.00000000	         -0.07883189	          3.22105856	         -0.17038438	         -0.11028184	          0.00095267	         -0.55876831	          0.00000000	          0.00000000	          0.00000000	         -1.36336338	         41.05690901	         -2.29114000	         -0.18932421	         -0.00318499	         -0.58859399	          0.00000000	          0.00000000	          0.00000000	          1.70299306	        113.59474307	         -9.52026573	         -0.00091537	         -0.00664004	         -0.63848228	          0.00000000	          0.00000000	          0.00000000	          0.00000752	          0.00010758	         -0.00000535	         -0.02082622	          0.01222914	         -0.55080966	          0.00000000	          0.00000000	          0.00000000	         -0.00000409	          0.00000475	         -0.00000191	          0.13900775	          0.01512297	         -0.99284702	          0.00000000	          0.00000000	          0.00000000	         -0.00000000	         -0.00000000	         -0.00000000	          0.30482363	          0.03428007	         -0.94539486	          0.00000000	          0.00000000	          0.00000000	         -0.00000000	         -0.00000000	         -0.00000000	          0.29605795	          0.03475921	         -1.04227112	          0.00000000	          0.00000000	          0.00000000	         -0.00000000	          0.00000000	         -0.00000000	          0.21640646	          0.02485418	         -1.02061586	          0.00000000	          0.00000000	          0.00000000	         -0.00000000	         -0.00000000	         -0.00000000	          0.39288097	          0.04388881	         -0.94917290	          0.00000000	          0.00000000	          0.00000000	         -0.00000000	         -0.00000000	         -0.00000000	          0.38454870	          0.04451109	         -1.04631269	          0.00000000	          0.00000000	          0.00000000	
          5.40000000	         -3.75747949	        208.43093578	        -23.40242800	         -0.26549092	         -0.00831974	         -0.62383380	          0.00000000	          0.00000000	          0.00000000	         -5.85876481	        276.32048341	        -17.46239729	         -0.09092541	         -0.01243672	         -0.64978908	          0.00000000	          0.00000000	          0.00000000	         -0.02183630	          2.09521219	         -0.09107753	         -0.11051215	          0.00186015	         -0.55889617	          0.00000000	          0.00000000	          0.00000000	         -0.54510617	         39.22859787	         -3.04260241	         -0.18948752	         -0.00279386	         -0.58859467	          0.00000000	          0.00000000	          0.00000000	          6.76756306	         89.40709801	         -1.62982232	         -0.00102567	         -0.00599471	         -0.63826642	          0.00000000	          0.00000000	          0.00000000	          0.00000675	          0.00005224	         -0.00000091	         -0.02111165	          0.01292695	         -0.55067902	          0.00000000	          0.00000000	          0.00000000	         -0.00000343	          0.00000417	         -0.00000160	          0.14365767	          0.01543737	         -0.99089572	          0.00000000	          0.00000000	          0.00000000	         -0.00000000	         -0.00000000	         -0.00000000	          0.30870351	          0.03482981	         -0.94119462	          0.00000000	          0.00000000	          0.00000000	         -0.00000000	         -0.00000000	         -0.00000000	          0.30137336	          0.03504917	         -1.03819379	          0.00000000	          0.00000000	          0.00000000	         -0.00000000	          0.00000000	         -0.00000000	          0.22143478	          0.02514760	         -1.01761694	          0.00000000	          0.00000000	          0.00000000	         -0.00000000	         -0.00000000	         -0.00000000	          0.39678292	          0.04448652	         -0.94376864	          0.00000000	          0.00000000	          0.00000000	         -0.00000000	         -0.00000000	         -0.00000000	          0.38989013	          0.04484768	         -1.04102646	          0.00000000	          0.00000000	          0.00000000	
          5.42000000	          5.82280136	        264.89900594	        -27.98531671	         -0.26585568	         -0.00898148	         -0.62350493	          0.00000000	          0.00000000	          0.00000000	          4.62016056	        257.17816842	        -14.96823266	         -0.09121902	         -0.01185345	         -0.64965131	          0.00000000	          0.00000000	          0.00000000	          0.06909727	          1.38231557	         -0.06612687	         -0.11112051	          0.00259012	         -0.55891968	          0.00000000	          0.00000000	          0.00000000	          1.59463518	         43.17652236	         -3.31124147	         -0.18998357	         -0.00276204	         -0.58844566	          0.00000000	          0.00000000	          0.00000000	          9.65832007	         67.91754434	         -1.06854454	         -0.00148774	         -0.00514599	         -0.63803871	          0.00000000	          0.00000000	          0.00000000	          0.00000634	          0.00002816	         -0.00000091	         -0.02186446	          0.01352927	         -0.55030706	          0.00000000	          0.00000000	          0.00000000	         -0.00000431	          0.00000780	         -0.00000287	          0.14677228	          0.01505284	         -0.98934659	          0.00000000	          0.00000000	          0.00000000	         -0.00000000	         -0.00000000	         -0.00000000	          0.31099565	          0.03470515	         -0.93738100	          0.00000000	          0.00000000	          0.00000000	         -0.00000000	         -0.00000000	         -0.00000000	          0.30509219	          0.03472364	         -1.03447843	          0.00000000	          0.00000000	          0.00000000	         -0.00000000	          0.00000000	         -0.00000000	          0.22489716	          0.02478538	         -1.01499946	          0.00000000	          0.00000000	          0.00000000	         -0.00000000	         -0.00000000	         -0.00000000	          0.39906677	          0.04444221	         -0.93873755	          0.00000000	          0.00000000	          0.00000000	         -0.00000000	         -0.00000000	         -0.00000000	          0.39360398	          0.04460219	         -1.03608832	          0.00000000	          0.00000000	          0.00000000	
          5.44000000	         22.60482944	        341.98712673	        -32.22351433	         -0.26648187	         -0.01008969	         -0.62314997	          0.00000000	          0.00000000	          0.00000000	         15.94985185	        252.85486404	        -19.47104071	         -0.09178884	         -0.01133737	         -0.64943138	          0.00000000	          0.00000000	          0.00000000	          0.12486478	          1.04092251	         -0.07299262	         -0.11216565	          0.00308839	         -0.55879397	          0.00000000	          0.00000000	          0.00000000	          5.12424823	         54.11538057	         -4.44097127	         -0.19083330	         -0.00307608	         -0.58820734	          0.00000000	          0.00000000	          0.00000000	         10.65601380	         53.33140833	         -2.60493033	         -0.00229524	         -0.00424613	         -0.63763311	          0.00000000	          0.00000000	          0.00000000	          0.00000557	          0.00001820	         -0.00000129	         -0.02312740	          0.01398743	         -0.54963717	          0.00000000	          0.00000000	          0.00000000	         -0.00000782	          0.00003084	         -0.00001121	          0.14845187	          0.01394361	         -0.98785657	          0.00000000	          0.00000000	          0.00000000	         -0.00000000	         -0.00000000	         -0.00000000	          0.31192854	          0.03387294	         -0.93399327	          0.00000000	          0.00000000	          0.00000000	         -0.00000000	         -0.00000000	         -0.00000000	          0.30721914	          0.03374251	         -1.03115560	          0.00000000	          0.00000000	          0.00000000	         -0.00000000	          0.00000000	         -0.00000000	          0.22683896	          0.02373443	         -1.01260489	          0.00000000	          0.00000000	          0.00000000	         -0.00000000	         -0.00000000	         -0.00000000	          0.39996235	          0.04371613	         -0.93432508	          0.00000000	          0.00000000	          0.00000000	         -0.00000000	         -0.00000000	         -0.00000000	          0.39569593	          0.04372756	         -1.03173613	          0.00000000	          0.00000000	          0.00000000	
          5.46000000	         43.91743517	        422.89590001	        -17.84521209	         -0.26728084	         -0.01145007	         -0.62291204	          0.00000000	          0.00000000	          0.00000000	         22.47441689	        260.11399639	        -44.79701827	         -0.09253461	         -0.01099873	         -0.64894145	          0.00000000	          0.00000000	          0.00000000	          0.19334581	          0.89258173	         -0.13014275	         -0.11361366	          0.00335825	         -0.55842104	          0.00000000	          0.00000000	          0.00000000	         11.46835874	         69.88785886	         -6.46824258	         -0.19197742	         -0.00363227	         -0.58790663	          0.00000000	          0.00000000	          0.00000000	         10.28353707	         44.89188197	         -9.63076212	         -0.00333165	         -0.00348688	         -0.63676121	          0.00000000	          0.00000000	          0.00000000	          0.00000569	          0.00001423	         -0.00000304	         -0.02483407	          0.01426495	         -0.54853280	          0.00000000	          0.00000000	          0.00000000	         -0.00000665	          0.00021476	         -0.00007980	          0.14897130	          0.01224559	         -0.98631291	          0.00000000	          0.00000000	          0.00000000	         -0.00000000	          0.00000000	         -0.00000000	          0.31187859	          0.03243589	         -0.93112945	          0.00000000	          0.00000000	          0.00000000	         -0.00000000	         -0.00000000	         -0.00000000	          0.30800473	          0.03220146	         -1.02832790	          0.00000000	          0.00000000	          0.00000000	         -0.00000000	          0.00000000	         -0.00000000	          0.22751868	          0.02211051	         -1.01042721	          0.00000000	          0.00000000	          0.00000000	         -0.00000000	          0.00000000	         -0.00000000	          0.39986226	          0.04239020	         -0.93074561	          0.00000000	          0.00000000	          0.00000000	         -0.00000000	         -0.00000000	         -0.00000000	          0.39643269	          0.04229811	         -1.02818954	          0.00000000	          0.00000000	          0.00000000	
          5.48000000	         57.08013459	        482.15028732	         -2.50785623	         -0.26811113	         -0.01279616	         -0.62287080	          0.00000000	          0.00000000	          0.00000000	         25.28967064	        278.96564793	        -66.66711772	         -0.09328553	         -0.01090301	         -0.64809514	          0.00000000	          0.00000000	          0.00000000	          0.23558652	          0.90935263	         -0.18081053	         -0.11527206	          0.00341980	         -0.55776915	          0.00000000	          0.00000000	          0.00000000	         17.00726817	         87.77737108	         -8.74478952	         -0.19324848	         -0.00428312	         -0.58756993	          0.00000000	          0.00000000	          0.00000000	          9.48329252	         43.41764608	        -14.49725041	         -0.00438626	         -0.00304621	         -0.63529515	          0.00000000	          0.00000000	          0.00000000	          0.00000620	          0.00001490	         -0.00000468	         -0.02674398	          0.01430519	         -0.54696077	          0.00000000	          0.00000000	          0.00000000	          0.00018815	          0.00187768	         -0.00055393	          0.14873153	          0.01024078	         -0.98489325	          0.00000000	          0.00000000	          0.00000000	          0.00000000	          0.00000000	         -0.00000000	          0.31129820	          0.03063450	         -0.92900895	          0.00000000	          0.00000000	          0.00000000	          0.00000000	          0.00000000	         -0.00000000	          0.30787927	          0.03032581	         -1.02622363	          0.00000000	          0.00000000	          0.00000000	          0.00000000	          0.00000003	         -0.00000001	          0.22735104	          0.02016705	         -1.00866940	          0.00000000	          0.00000000	          0.00000000	         -0.00000000	          0.00000000	         -0.00000000	          0.39923910	          0.04067739	         -0.92824347	          0.00000000	          0.00000000	          0.00000000	         -0.00000000	          0.00000000	         -0.00000000	          0.39626504	          0.04051132	         -1.02570197	          0.00000000	          0.00000000	          0.00000000	
          5.50000000	         53.15243572	        498.74044593	         -3.77541354	         -0.26881654	         -0.01387614	         -0.62287255	          0.00000000	          0.00000000	          0.00000000	         25.10210702	        300.45699642	        -62.54428128	         -0.09390598	         -0.01103869	         -0.64713535	          0.00000000	          0.00000000	          0.00000000	          0.23881773	          1.13008819	         -0.20452254	         -0.11670923	          0.00324121	         -0.55698485	          0.00000000	          0.00000000	          0.00000000	         16.97809526	        104.30486530	         -9.64105593	         -0.19434388	         -0.00491861	         -0.58718880	          0.00000000	          0.00000000	          0.00000000	          8.32435352	         48.43506719	        -14.27635096	         -0.00524440	         -0.00301267	         -0.63367926	          0.00000000	          0.00000000	          0.00000000	          0.00000719	          0.00002266	         -0.00000641	         -0.02835747	          0.01401453	         -0.54528696	          0.00000000	          0.00000000	          0.00000000	          0.00295562	          0.01447264	         -0.00254508	          0.14802682	          0.00825072	         -0.98390107	          0.00000000	          0.00000000	          0.00000000	          0.00000000	          0.00000000	         -0.00000000	          0.31049890	          0.02873748	         -0.92787800	          0.00000000	          0.00000000	          0.00000000	          0.00000000	          0.00000000	         -0.00000000	          0.30719610	          0.02836275	         -1.02509576	          0.00000000	          0.00000000	          0.00000000	          0.00000006	          0.00000031	         -0.00000005	          0.22666096	          0.01818809	         -1.00761020	          0.00000000	          0.00000000	          0.00000000	         -0.00000000	          0.00000000	         -0.00000000	          0.39842506	          0.03881109	         -0.92703477	          0.00000000	          0.00000000	          0.00000000	         -0.00000000	          0.00000000	         -0.00000000	          0.39556719	          0.03857900	         -1.02449622	          0.00000000	          0.00000000	          0.00000000	
          5.52000000	         39.18929394	        470.93718046	        -10.75052224	         -0.26931966	         -0.01451936	         -0.62277743	          0.00000000	          0.00000000	          0.00000000	         20.63123441	        307.46716500	        -47.42822421	         -0.09433717	         -0.01126084	         -0.64629865	          0.00000000	          0.00000000	          0.00000000	          0.20772802	          1.49293309	         -0.21858161	         -0.11765018	          0.00290661	         -0.55620757	          0.00000000	          0.00000000	          0.00000000	         12.75046666	        112.48710757	         -9.41524393	         -0.19508107	         -0.00541299	         -0.58675823	          0.00000000	          0.00000000	          0.00000000	          6.41681069	         55.73566356	        -12.03418019	         -0.00580204	         -0.00325595	         -0.63232812	          0.00000000	          0.00000000	          0.00000000	          0.00000824	          0.00004211	         -0.00000921	         -0.02936943	          0.01347773	         -0.54383163	          0.00000000	          0.00000000	          0.00000000	          0.03260324	          0.08153010	         -0.01380579	          0.14675804	          0.00647706	         -0.98321927	          0.00000000	          0.00000000	          0.00000000	          0.00000000	          0.00000000	         -0.00000000	          0.30937639	          0.02687285	         -0.92748857	          0.00000000	          0.00000000	          0.00000000	          0.00000000	          0.00000000	         -0.00000000	          0.30595089	          0.02639440	         -1.02470026	          0.00000000	          0.00000000	          0.00000000	          0.00000098	          0.00000243	         -0.00000030	          0.22539964	          0.01631456	         -1.00706983	          0.00000000	          0.00000000	          0.00000000	         -0.00000000	          0.00000000	         -0.00000000	          0.39734108	          0.03686525	         -0.92679909	          0.00000000	          0.00000000	          0.00000000	         -0.00000000	          0.00000000	         -0.00000000	          0.39436057	          0.03652910	         -1.02425564	          0.00000000	          0.00000000	          0.00000000	
          5.54000000	         28.24499026	        420.94032601	         -6.71613534	         -0.26965682	         -0.01468858	         -0.62263270	          0.00000000	          0.00000000	          0.00000000	         14.81450448	        294.65208315	        -41.16491240	         -0.09460195	         -0.01137296	         -0.64557640	          0.00000000	          0.00000000	          0.00000000	          0.18620313	          1.71436845	         -0.23062314	         -0.11820762	          0.00264623	         -0.55546876	          0.00000000	          0.00000000	          0.00000000	          9.71010765	        108.32899213	         -8.06380440	         -0.19553723	         -0.00563239	         -0.58631902	          0.00000000	          0.00000000	          0.00000000	          4.74657819	         59.49911611	        -11.97507037	         -0.00611349	         -0.00351227	         -0.63120172	          0.00000000	          0.00000000	          0.00000000	          0.00000995	          0.00007017	         -0.00001428	         -0.02992707	          0.01296594	         -0.54257947	          0.00000000	          0.00000000	          0.00000000	          0.25632360	          0.34824252	         -0.11898281	          0.14445550	          0.00491846	         -0.98224510	          0.00000000	          0.00000000	          0.00000000	          0.00000000	          0.00000000	         -0.00000000	          0.30744236	          0.02495731	         -0.92707577	          0.00000000	          0.00000000	          0.00000000	          0.00000000	          0.00000000	         -0.00000000	          0.30378010	          0.02427740	         -1.02427404	          0.00000000	          0.00000000	          0.00000000	          0.00001373	          0.00001874	         -0.00000531	          0.22315418	          0.01447280	         -1.00636629	          0.00000000	          0.00000000	          0.00000000	         -0.00000000	          0.00000000	         -0.00000000	          0.39552404	          0.03469351	         -0.92668071	          0.00000000	          0.00000000	          0.00000000	         -0.00000000	          0.00000000	         -0.00000000	          0.39230744	          0.03415490	         -1.02412613	          0.00000000	          0.00000000	          0.00000000	
          5.56000000	         26.04899996	        374.04417969	         -6.37821498	         -0.26992560	         -0.01447992	         -0.62250801	          0.00000000	          0.00000000	          0.00000000	         14.25230189	        278.85275513	        -41.30486148	         -0.09478544	         -0.01130959	         -0.64487567	          0.00000000	          0.00000000	          0.00000000	          0.18048140	          1.65755102	         -0.22855494	         -0.11862075	          0.00260124	         -0.55476131	          0.00000000	          0.00000000	          0.00000000	          8.90689436	         97.84084737	         -7.48319531	         -0.19588529	         -0.00555293	         -0.58590578	          0.00000000	          0.00000000	          0.00000000	          4.42031804	         60.41143239	        -12.87189797	         -0.00631135	         -0.00364841	         -0.63012714	          0.00000000	          0.00000000	          0.00000000	          0.00001234	          0.00009320	         -0.00001939	         -0.03031247	          0.01265019	         -0.54142266	          0.00000000	          0.00000000	          0.00000000	          1.06712593	          1.29112461	         -0.59465700	          0.14066033	          0.00342738	         -0.98032645	          0.00000000	          0.00000000	          0.00000000	          0.00000000	          0.00000000	         -0.00000000	          0.30421774	          0.02278026	         -0.92587071	          0.00000000	          0.00000000	          0.00000000	          0.00000001	          0.00000001	         -0.00000000	          0.30028603	          0.02176085	         -1.02304658	          0.00000000	          0.00000000	          0.00000000	          0.00014827	          0.00017660	         -0.00007526	          0.21949874	          0.01246275	         -1.00478883	          0.00000000	          0.00000000	          0.00000000	         -0.00000000	          0.00000000	         -0.00000000	          0.39250671	          0.03203842	         -0.92584444	          0.00000000	          0.00000000	          0.00000000	          0.00000000	          0.00000000	         -0.00000000	          0.38902248	          0.03115815	         -1.02327070	          0.00000000	          0.00000000	          0.00000000	
          5.58000000	         29.82048445	        338.68277756	        -17.20347042	         -0.27020837	         -0.01404235	         -0.62232378	          0.00000000	          0.00000000	          0.00000000	         20.43455528	        278.10947764	        -39.79314564	         -0.09498291	         -0.01119061	         -0.64418926	          0.00000000	          0.00000000	          0.00000000	          0.16302143	          1.55246363	         -0.20987494	         -0.11896285	          0.00268047	         -0.55408877	          0.00000000	          0.00000000	          0.00000000	          8.66195330	         88.82355062	         -8.19640793	         -0.19620236	         -0.00529401	         -0.58548044	          0.00000000	          0.00000000	          0.00000000	          4.99965421	         64.34747976	        -12.24958233	         -0.00649246	         -0.00376305	         -0.62913907	          0.00000000	          0.00000000	          0.00000000	          0.00001219	          0.00011379	         -0.00002098	         -0.03060149	          0.01245733	         -0.54040651	          0.00000000	          0.00000000	          0.00000000	          3.49502594	          4.08259671	         -2.03429191	          0.13536996	          0.00187571	         -0.97733732	          0.00000000	          0.00000000	          0.00000000	          0.00000003	          0.00000004	         -0.00000002	          0.29967653	          0.02018431	         -0.92369851	          0.00000000	          0.00000000	          0.00000000	          0.00000019	          0.00000022	         -0.00000010	          0.29544830	          0.01870163	         -1.02083807	          0.00000000	          0.00000000	          0.00000000	          0.00192307	          0.00222141	         -0.00104316	          0.21442216	          0.01014938	         -1.00218466	          0.00000000	          0.00000000	          0.00000000	          0.00000000	          0.00000000	         -0.00000000	          0.38825173	          0.02873073	         -0.92408761	          0.00000000	          0.00000000	          0.00000000	          0.00000000	          0.00000000	         -0.00000000	          0.38447418	          0.02738351	         -1.02148158	          0.00000000	          0.00000000	          0.00000000	
          5.60000000	         32.17305449	        307.48208369	        -26.50025027	         -0.27051535	         -0.01347761	         -0.62199073	          0.00000000	          0.00000000	          0.00000000	         28.53153819	        296.82455920	        -35.80961895	         -0.09522099	         -0.01119970	         -0.64357131	          0.00000000	          0.00000000	          0.00000000	          0.14188065	          1.63537219	         -0.19813968	         -0.11915625	          0.00268239	         -0.55346572	          0.00000000	          0.00000000	          0.00000000	          7.94636083	         83.23492374	         -8.61526479	         -0.19645162	         -0.00500734	         -0.58500374	          0.00000000	          0.00000000	          0.00000000	          5.06236832	         76.33909065	        -11.10629281	         -0.00665547	         -0.00404921	         -0.62837577	          0.00000000	          0.00000000	          0.00000000	          0.00000725	          0.00015426	         -0.00002193	         -0.03069540	          0.01221133	         -0.53965386	          0.00000000	          0.00000000	          0.00000000	          8.36027886	          9.43701603	         -4.46257559	          0.12915750	          0.00028155	         -0.97388148	          0.00000000	          0.00000000	          0.00000000	          0.00000104	          0.00000117	         -0.00000049	          0.29435518	          0.01718541	         -0.92114290	          0.00000000	          0.00000000	          0.00000000	          0.00001047	          0.00001156	         -0.00000470	          0.28976459	          0.01518545	         -1.01822890	          0.00000000	          0.00000000	          0.00000000	          0.02909205	          0.03247363	         -0.01430999	          0.20845889	          0.00758661	         -0.99914587	          0.00000000	          0.00000000	          0.00000000	          0.00000000	          0.00000000	         -0.00000000	          0.38326475	          0.02480647	         -0.92198467	          0.00000000	          0.00000000	          0.00000000	          0.00000000	          0.00000000	         -0.00000000	          0.37912923	          0.02293666	         -1.01932957	          0.00000000	          0.00000000	          0.00000000	
          5.62000000	         29.01015646	        269.01311799	        -27.66244811	         -0.27078154	         -0.01278928	         -0.62152874	          0.00000000	          0.00000000	          0.00000000	         34.50434822	        332.31663552	        -34.27148772	         -0.09543849	         -0.01145852	         -0.64303045	          0.00000000	          0.00000000	          0.00000000	          0.12626771	          2.06759889	         -0.22968966	         -0.11910300	          0.00246207	         -0.55287711	          0.00000000	          0.00000000	          0.00000000	          6.59420698	         79.22252158	         -8.49176803	         -0.19655050	         -0.00476724	         -0.58447747	          0.00000000	          0.00000000	          0.00000000	          2.69204336	        100.16882181	        -12.11200213	         -0.00671905	         -0.00464003	         -0.62786053	          0.00000000	          0.00000000	          0.00000000	         -0.00000992	          0.00025005	         -0.00002909	         -0.03048251	          0.01180721	         -0.53920182	          0.00000000	          0.00000000	          0.00000000	         22.57571090	         24.93448549	        -10.35367027	          0.12276756	         -0.00123164	         -0.97069653	          0.00000000	          0.00000000	          0.00000000	          0.00004041	          0.00004432	         -0.00001520	          0.28894863	          0.01391787	         -0.91892382	          0.00000000	          0.00000000	          0.00000000	          0.00066774	          0.00072033	         -0.00023992	          0.28390018	          0.01140919	         -1.01593982	          0.00000000	          0.00000000	          0.00000000	          0.39095723	          0.42637990	         -0.16006593	          0.20231327	          0.00493638	         -0.99640175	          0.00000000	          0.00000000	          0.00000000	          0.00000003	          0.00000004	         -0.00000001	          0.37820573	          0.02042471	         -0.92024850	          0.00000000	          0.00000000	          0.00000000	          0.00000054	          0.00000058	         -0.00000017	          0.37361772	          0.01803892	         -1.01752798	          0.00000000	          0.00000000	          0.00000000	
          5.64000000	         20.17594606	        217.12301980	        -22.69016342	         -0.27090653	         -0.01189623	         -0.62100100	          0.00000000	          0.00000000	          0.00000000	         36.21346327	        376.89896166	        -30.75714977	         -0.09554973	         -0.01197710	         -0.64255467	          0.00000000	          0.00000000	          0.00000000	          0.07017035	          2.99160953	         -0.28686698	         -0.11872603	          0.00199970	         -0.55230934	          0.00000000	          0.00000000	          0.00000000	          4.12544812	         73.57834732	         -7.41165800	         -0.19641043	         -0.00454284	         -0.58392678	          0.00000000	          0.00000000	          0.00000000	         -4.85835786	        136.68403562	        -13.21120138	         -0.00659223	         -0.00554168	         -0.62757052	          0.00000000	          0.00000000	          0.00000000	         -0.00006840	          0.00044980	         -0.00003909	         -0.02988243	          0.01127748	         -0.53906545	          0.00000000	          0.00000000	          0.00000000	         43.88394457	         48.89412942	        -17.64736518	          0.11693732	         -0.00250571	         -0.96816432	          0.00000000	          0.00000000	          0.00000000	          0.00142901	          0.00157500	         -0.00042515	          0.28411543	          0.01059718	         -0.91737725	          0.00000000	          0.00000000	          0.00000000	          0.03488764	          0.03783135	         -0.00988965	          0.27852861	          0.00760354	         -1.01430869	          0.00000000	          0.00000000	          0.00000000	          3.09465090	          3.39709390	         -1.06259449	          0.19669152	          0.00239323	         -0.99431244	          0.00000000	          0.00000000	          0.00000000	          0.00000584	          0.00000637	         -0.00000134	          0.37369636	          0.01583638	         -0.91919077	          0.00000000	          0.00000000	          0.00000000	          0.00014811	          0.00015921	         -0.00003253	          0.36857609	          0.01295595	         -1.01639010	          0.00000000	          0.00000000	          0.00000000	
          5.66000000	         11.16652735	        152.96028342	        -10.80981114	         -0.27082191	         -0.01067255	         -0.62052652	          0.00000000	          0.00000000	          0.00000000	         34.49621046	        413.73583574	        -30.25888207	         -0.09551578	         -0.01264037	         -0.64213354	          0.00000000	          0.00000000	          0.00000000	          0.03243357	          4.19279712	         -0.35097608	         -0.11805250	          0.00142848	         -0.55178349	          0.00000000	          0.00000000	          0.00000000	          2.35850842	         61.86617078	         -4.79360216	         -0.19601256	         -0.00420402	         -0.58342330	          0.00000000	          0.00000000	          0.00000000	        -16.07286367	        179.02790348	        -18.09045421	         -0.00625531	         -0.00662348	         -0.62745360	          0.00000000	          0.00000000	          0.00000000	         -0.00017019	          0.00073207	         -0.00005519	         -0.02893252	          0.01078471	         -0.53924544	          0.00000000	          0.00000000	          0.00000000	         53.32981311	         64.42481495	        -26.31396819	          0.11248155	         -0.00339328	         -0.96617221	          0.00000000	          0.00000000	          0.00000000	          0.03037212	          0.03599831	         -0.01184620	          0.28055056	          0.00752110	         -0.91626323	          0.00000000	          0.00000000	          0.00000000	          0.91744634	          1.06800644	         -0.33798515	          0.27442878	          0.00403949	         -1.01309712	          0.00000000	          0.00000000	          0.00000000	          9.24384961	         10.94852406	         -3.98665910	          0.19239353	          0.00016480	         -0.99270316	          0.00000000	          0.00000000	          0.00000000	          0.00064787	          0.00075498	         -0.00020634	          0.37039480	          0.01141323	         -0.91850129	          0.00000000	          0.00000000	          0.00000000	          0.02431138	          0.02789912	         -0.00736005	          0.36474587	          0.00803280	         -1.01560689	          0.00000000	          0.00000000	          0.00000000	
          5.68000000	          5.15148888	         89.63632524	         -0.43646421	         -0.27052472	         -0.00901141	         -0.62028556	          0.00000000	          0.00000000	          0.00000000	         33.63396089	        431.09772078	        -24.78252167	         -0.09536789	         -0.01327050	         -0.64178242	          0.00000000	          0.00000000	          0.00000000	          0.07526510	          4.99543061	         -0.28350157	         -0.11722034	          0.00097113	         -0.55137259	          0.00000000	          0.00000000	          0.00000000	          1.50631240	         43.86895297	         -1.33855594	         -0.19542727	         -0.00358506	         -0.58309621	          0.00000000	          0.00000000	          0.00000000	        -24.97516926	        217.38812413	        -21.63912135	         -0.00577849	         -0.00769950	         -0.62745212	          0.00000000	          0.00000000	          0.00000000	         -0.00023691	          0.00088722	         -0.00004579	         -0.02778796	          0.01052173	         -0.53973299	          0.00000000	          0.00000000	          0.00000000	         32.38367818	         66.82338275	        -29.76829497	          0.11001432	         -0.00382731	         -0.96444050	          0.00000000	          0.00000000	          0.00000000	          0.16111985	          0.38525239	         -0.14680333	          0.27875206	          0.00496818	         -0.91511784	          0.00000000	          0.00000000	          0.00000000	          3.82480521	          8.20864832	         -3.23140487	          0.27221758	          0.00098304	         -1.01184705	          0.00000000	          0.00000000	          0.00000000	         15.12448069	         31.70654574	        -13.32537217	          0.19003884	         -0.00158389	         -0.99120614	          0.00000000	          0.00000000	          0.00000000	          0.01490341	          0.03790130	         -0.01311472	          0.36877995	          0.00756105	         -0.91762274	          0.00000000	          0.00000000	          0.00000000	          0.69988479	          1.58331694	         -0.56673245	          0.36272184	          0.00367731	         -1.01462832	          0.00000000	          0.00000000	          0.00000000	
          5.70000000	          2.03596522	         37.56321405	          2.57030170	         -0.27005241	         -0.00684371	         -0.62041914	          0.00000000	          0.00000000	          0.00000000	         37.94281885	        424.80196684	        -19.52851635	         -0.09518361	         -0.01371959	         -0.64154695	          0.00000000	          0.00000000	          0.00000000	          0.20530848	          4.67235862	         -0.12085976	         -0.11636504	          0.00084669	         -0.55118432	          0.00000000	          0.00000000	          0.00000000	          1.08311362	         22.76816396	          0.51146260	         -0.19474251	         -0.00254025	         -0.58307218	          0.00000000	          0.00000000	          0.00000000	        -25.44898924	        246.00912372	        -24.04495310	         -0.00527131	         -0.00863810	         -0.62756847	          0.00000000	          0.00000000	          0.00000000	         -0.00018056	          0.00070171	         -0.00001436	         -0.02658786	          0.01062155	         -0.54056857	          0.00000000	          0.00000000	          0.00000000	          6.82202225	         60.44074102	        -19.90748209	          0.10940780	         -0.00385092	         -0.96302260	          0.00000000	          0.00000000	          0.00000000	          0.13259515	          1.76711408	         -0.54686102	          0.27857583	          0.00305826	         -0.91397339	          0.00000000	          0.00000000	          0.00000000	          3.07848065	         30.39822501	         -9.70074687	          0.27176837	         -0.00136946	         -1.01060674	          0.00000000	          0.00000000	          0.00000000	          5.71008213	         52.85605378	        -17.15874380	          0.18950080	         -0.00277484	         -0.98987282	          0.00000000	          0.00000000	          0.00000000	         -0.00094814	          0.56658771	         -0.14499765	          0.36873209	          0.00459137	         -0.91661607	          0.00000000	          0.00000000	          0.00000000	          0.39073927	         11.13265542	         -2.92397466	          0.36239416	          0.00035116	         -1.01354402	          0.00000000	          0.00000000	          0.00000000	
          5.72000000	          0.24977991	          5.24003057	          0.95391583	         -0.26940408	         -0.00409641	         -0.62112769	          0.00000000	          0.00000000	          0.00000000	         40.31002224	        402.14861192	        -18.22688819	         -0.09500215	         -0.01391575	         -0.64144720	          0.00000000	          0.00000000	          0.00000000	          0.27206672	          3.07347703	          0.03498494	         -0.11556965	          0.00125370	         -0.55134008	          0.00000000	          0.00000000	          0.00000000	          0.39996462	          5.92731814	          0.59008103	         -0.19400040	         -0.00093013	         -0.58351599	          0.00000000	          0.00000000	          0.00000000	        -21.19291338	        268.07114647	        -32.74207857	         -0.00479504	         -0.00940846	         -0.62776207	          0.00000000	          0.00000000	          0.00000000	         -0.00007171	          0.00032692	          0.00000147	         -0.02540321	          0.01117231	         -0.54180774	          0.00000000	          0.00000000	          0.00000000	         -4.47062910	         50.89693386	         -8.20407848	          0.10993369	         -0.00357821	         -0.96211778	          0.00000000	          0.00000000	          0.00000000	         -0.49619884	          3.86041304	         -0.34222062	          0.27940018	          0.00176027	         -0.91331508	          0.00000000	          0.00000000	          0.00000000	         -4.23719034	         59.41409359	         -5.67906790	          0.27231231	         -0.00292019	         -1.00988060	          0.00000000	          0.00000000	          0.00000000	         -4.67363868	         60.14634459	         -7.75706861	          0.19002602	         -0.00341291	         -0.98905408	          0.00000000	          0.00000000	          0.00000000	         -0.64031849	          2.32823799	          0.11283307	          0.36968132	          0.00264860	         -0.91617183	          0.00000000	          0.00000000	          0.00000000	         -5.84769957	         29.84791824	          1.41989515	          0.36304426	         -0.00158724	         -1.01308052	          0.00000000	          0.00000000	          0.00000000	
          5.74000000	         -0.00058045	         -0.01617205	         -0.00591945	         -0.26849292	         -0.00067366	         -0.62279694	          0.00000000	          0.00000000	          0.00000000	         43.28489441	        374.48538600	        -17.59820816	         -0.09480504	         -0.01387181	         -0.64151455	          0.00000000	          0.00000000	          0.00000000	          0.17339531	          1.13600154	          0.07729985	         -0.11485615	          0.00234310	         -0.55202140	          0.00000000	          0.00000000	          0.00000000	          0.06759660	          0.71215297	          0.15848536	         -0.19316935	          0.00137401	         -0.58471750	          0.00000000	          0.00000000	          0.00000000	        -14.53448934	        291.15772569	        -50.11889912	         -0.00434772	         -0.01006983	         -0.62797240	          0.00000000	          0.00000000	          0.00000000	         -0.00001391	          0.00008083	          0.00000276	         -0.02423280	          0.01224326	         -0.54359111	          0.00000000	          0.00000000	          0.00000000	         -8.61095553	         41.90537409	         -5.23383475	          0.11099849	         -0.00314943	         -0.96150660	          0.00000000	          0.00000000	          0.00000000	         -1.35453271	          5.18357956	          0.17122936	          0.28074635	          0.00099387	         -0.91322007	          0.00000000	          0.00000000	          0.00000000	        -10.60241730	         66.78419543	          1.86724858	          0.27323553	         -0.00368292	         -1.00975433	          0.00000000	          0.00000000	          0.00000000	        -10.12705243	         56.62138175	         -2.79972614	          0.19100629	         -0.00357349	         -0.98868173	          0.00000000	          0.00000000	          0.00000000	         -1.49977080	          3.89505059	          0.79863169	          0.37114396	          0.00160556	         -0.91648910	          0.00000000	          0.00000000	          0.00000000	         -9.24791677	         35.02135546	          7.15825334	          0.36406274	         -0.00228879	         -1.01342366	          0.00000000	          0.00000000	          0.00000000	
          5.76000000	          0.00000000	         -0.00000109	         -0.00000071	         -0.26713728	          0.00351218	         -0.62599383	          0.00000000	          0.00000000	          0.00000000	         43.33720601	        346.68508299	        -14.08906044	         -0.09454794	         -0.01364218	         -0.64181868	          0.00000000	          0.00000000	          0.00000000	          0.03152326	          0.13991350	          0.02268020	         -0.11419302	          0.00421831	         -0.55349627	          0.00000000	          0.00000000	          0.00000000	         -0.00030075	         -0.00264421	         -0.00110188	         -0.19214242	          0.00447303	         -0.58710252	          0.00000000	          0.00000000	          0.00000000	         -8.68938003	        319.35533462	        -77.05878898	         -0.00390681	         -0.01070769	         -0.62816748	          0.00000000	          0.00000000	          0.00000000	         -0.00000123	          0.00000916	          0.00000079	         -0.02301983	          0.01389958	         -0.54619347	          0.00000000	          0.00000000	          0.00000000	        -12.01785296	         35.49293969	         -2.40277841	          0.11242752	         -0.00271134	         -0.96091919	          0.00000000	          0.00000000	          0.00000000	         -2.32257332	          5.52537193	          1.15023361	          0.28250897	          0.00065612	         -0.91357437	          0.00000000	          0.00000000	          0.00000000	        -14.16471061	         55.34973782	         11.26458039	          0.27437103	         -0.00372835	         -1.01011267	          0.00000000	          0.00000000	          0.00000000	        -13.81013620	         47.28513768	          3.13610096	          0.19226863	         -0.00336461	         -0.98856236	          0.00000000	          0.00000000	          0.00000000	         -1.99109377	          4.29170683	          1.68180246	          0.37296240	          0.00118220	         -0.91744934	          0.00000000	          0.00000000	          0.00000000	         -8.03194995	         27.49027411	         10.64694653	          0.36523966	         -0.00219438	         -1.01441258	          0.00000000	          0.00000000	          0.00000000	
          5.78000000	          0.00000000	         -0.00000000	         -0.00000000	         -0.26501191	          0.00847889	         -0.63134296	          0.00000000	          0.00000000	          0.00000000	         34.08323185	        313.06667929	          3.14531390	         -0.09412771	         -0.01325015	         -0.64250439	          0.00000000	          0.00000000	          0.00000000	          0.00050578	          0.00192048	          0.00061693	         -0.11341756	          0.00692097	         -0.55611475	          0.00000000	          0.00000000	          0.00000000	         -0.00000001	         -0.00000010	         -0.00000007	         -0.19067274	          0.00839874	         -0.59116686	          0.00000000	          0.00000000	          0.00000000	         -7.44747709	        352.45898931	        -98.28081924	         -0.00340491	         -0.01137446	         -0.62839242	          0.00000000	          0.00000000	          0.00000000	         -0.00000007	          0.00000049	          0.00000009	         -0.02157969	          0.01612508	         -0.54995841	          0.00000000	          0.00000000	          0.00000000	        -14.79461159	         33.73041348	          1.55387475	          0.11417168	         -0.00243180	         -0.96052095	          0.00000000	          0.00000000	          0.00000000	         -2.90865567	          5.38650976	          2.25548827	          0.28466203	          0.00059563	         -0.91457563	          0.00000000	          0.00000000	          0.00000000	        -12.52854463	         38.50620765	         15.84708107	          0.27568113	         -0.00320095	         -1.01113883	          0.00000000	          0.00000000	          0.00000000	        -14.38814926	         38.34422426	          8.69025908	          0.19376919	         -0.00294232	         -0.98886968	          0.00000000	          0.00000000	          0.00000000	         -2.01684821	          3.94765559	          2.39749717	          0.37509115	          0.00116197	         -0.91923693	          0.00000000	          0.00000000	          0.00000000	         -4.92919451	         16.58234177	          9.90080837	          0.36651843	         -0.00158355	         -1.01620843	          0.00000000	          0.00000000	          0.00000000	
          5.80000000	          0.00000000	         -0.00000000	         -0.00000000	         -0.26169977	          0.01418631	         -0.63895789	          0.00000000	          0.00000000	          0.00000000	         19.15625924	        262.13735115	         25.19017484	         -0.09342590	         -0.01262786	         -0.64370085	          0.00000000	          0.00000000	          0.00000000	         -0.00000052	         -0.00000238	         -0.00000117	         -0.11216656	          0.01033876	         -0.56002475	          0.00000000	          0.00000000	          0.00000000	          0.00000000	         -0.00000000	         -0.00000000	         -0.18836153	          0.01306910	         -0.59704173	          0.00000000	          0.00000000	          0.00000000	         -7.77147453	        388.61865451	        -98.65153250	         -0.00276287	         -0.01207789	         -0.62875425	          0.00000000	          0.00000000	          0.00000000	         -0.00000000	          0.00000003	          0.00000001	         -0.01953490	          0.01866513	         -0.55496210	          0.00000000	          0.00000000	          0.00000000	        -16.18943524	         39.03549993	          6.69006682	          0.11591147	         -0.00248305	         -0.96055828	          0.00000000	          0.00000000	          0.00000000	         -2.60480357	          5.24115119	          2.60727638	          0.28679294	          0.00063884	         -0.91611583	          0.00000000	          0.00000000	          0.00000000	         -8.45360650	         27.11439021	         13.25706212	          0.27694355	         -0.00243291	         -1.01269746	          0.00000000	          0.00000000	          0.00000000	        -12.33759608	         34.51497894	         11.32763435	          0.19524307	         -0.00256341	         -0.98966029	          0.00000000	          0.00000000	          0.00000000	         -1.45650702	          3.32265029	          2.13011939	          0.37714322	          0.00138574	         -0.92157372	          0.00000000	          0.00000000	          0.00000000	         -2.25505359	          8.78966680	          5.53119326	          0.36769818	         -0.00071649	         -1.01852850	          0.00000000	          0.00000000	          0.00000000	
          5.82000000	          0.00000000	         -0.00000000	         -0.00000000	         -0.25684023	          0.02058424	         -0.64780780	          0.00000000	          0.00000000	          0.00000000	          2.91890207	        190.08284563	         34.49266151	         -0.09234313	         -0.01162258	         -0.64532235	          0.00000000	          0.00000000	          0.00000000	         -0.00000000	         -0.00000002	         -0.00000001	         -0.10995246	          0.01412865	         -0.56469871	          0.00000000	          0.00000000	          0.00000000	          0.00000000	         -0.00000000	         -0.00000000	         -0.18477206	          0.01827207	         -0.60393014	          0.00000000	          0.00000000	          0.00000000	         -9.53328092	        424.22157059	        -75.60212053	         -0.00192573	         -0.01279636	         -0.62925933	          0.00000000	          0.00000000	          0.00000000	         -0.00000000	          0.00000000	          0.00000000	         -0.01643739	          0.02098639	         -0.56047394	          0.00000000	          0.00000000	          0.00000000	        -15.49595814	         55.76557297	         14.75299331	          0.11717798	         -0.00298517	         -0.96118531	          0.00000000	          0.00000000	          0.00000000	         -1.54043966	          5.25097366	          1.85682797	          0.28824450	          0.00066740	         -0.91762531	          0.00000000	          0.00000000	          0.00000000	         -5.76066698	         23.46907501	          8.27320348	          0.27790283	         -0.00187160	         -1.01421738	          0.00000000	          0.00000000	          0.00000000	        -10.17401022	         39.10107814	         12.04446045	          0.19634072	         -0.00252117	         -0.99072942	          0.00000000	          0.00000000	          0.00000000	         -0.64711030	          2.65510810	          0.98832516	          0.37851265	          0.00173636	         -0.92353216	          0.00000000	          0.00000000	          0.00000000	         -1.17827450	          5.92702166	          2.18953491	          0.36857154	          0.00005156	         -1.02046996	          0.00000000	          0.00000000	          0.00000000	
          5.84000000	          0.00000000	         -0.00000000	         -0.00000000	         -0.25030706	          0.02758809	         -0.65592546	          0.00000000	          0.00000000	          0.00000000	         -9.52608666	        109.64867103	         28.06695825	         -0.09074181	         -0.01007809	         -0.64706208	          0.00000000	          0.00000000	          0.00000000	          0.00000000	         -0.00000000	         -0.00000000	         -0.10647106	          0.01777735	         -0.56888502	          0.00000000	          0.00000000	          0.00000000	          0.00000000	         -0.00000000	         -0.00000000	         -0.17968434	          0.02368805	         -0.61018658	          0.00000000	          0.00000000	          0.00000000	        -20.26812408	        448.30942617	        -41.87707851	         -0.00083463	         -0.01347373	         -0.62970141	          0.00000000	          0.00000000	          0.00000000	         -0.00000000	          0.00000000	          0.00000000	         -0.01214549	          0.02248643	         -0.56484273	          0.00000000	          0.00000000	          0.00000000	         -8.47152969	         90.90990791	         20.72107985	          0.11766717	         -0.00397956	         -0.96223263	          0.00000000	          0.00000000	          0.00000000	         -0.09350253	          5.37395864	         -0.05560423	          0.28855358	          0.00064699	         -0.91833721	          0.00000000	          0.00000000	          0.00000000	         -4.69666408	         28.94277775	          0.03524555	          0.27845370	         -0.00187540	         -1.01495660	          0.00000000	          0.00000000	          0.00000000	         -7.61728712	         57.56422347	          6.68680559	          0.19686871	         -0.00302491	         -0.99162525	          0.00000000	          0.00000000	          0.00000000	          0.01191334	          2.01220417	         -0.31370322	          0.37877757	          0.00214946	         -0.92404066	          0.00000000	          0.00000000	          0.00000000	         -0.83352682	          5.91944919	         -0.85401112	          0.36907288	          0.00039031	         -1.02099713	          0.00000000	          0.00000000	          0.00000000	
          5.86000000	          0.00000000	         -0.00000000	         -0.00000000	         -0.24227319	          0.03502561	         -0.66164237	          0.00000000	          0.00000000	          0.00000000	        -11.19367918	         36.76987845	         15.36026837	         -0.08834198	         -0.00785191	         -0.64876416	          0.00000000	          0.00000000	          0.00000000	         -0.00000000	          0.00000000	          0.00000000	         -0.10184804	          0.02089404	         -0.57146583	          0.00000000	          0.00000000	          0.00000000	          0.00000000	         -0.00000000	         -0.00000000	         -0.17326184	          0.02901837	         -0.61438202	          0.00000000	          0.00000000	          0.00000000	        -53.69438873	        437.51438470	          6.88781644	          0.00064824	         -0.01396726	         -0.62983680	          0.00000000	          0.00000000	          0.00000000	         -0.00000000	          0.00000000	         -0.00000000	         -0.00708741	          0.02279835	         -0.56627239	          0.00000000	          0.00000000	          0.00000000	          6.99846284	        149.04466701	         18.60582177	          0.11740321	         -0.00540293	         -0.96332410	          0.00000000	          0.00000000	          0.00000000	          1.12527677	          5.31792920	         -2.09716851	          0.28768953	          0.00063236	         -0.91781081	          0.00000000	          0.00000000	          0.00000000	         -5.05067036	         47.12262842	        -17.83157018	          0.27865290	         -0.00251741	         -1.01446183	          0.00000000	          0.00000000	          0.00000000	         -3.83676536	         95.40301838	        -11.79116549	          0.19687030	         -0.00408319	         -0.99193303	          0.00000000	          0.00000000	          0.00000000	          0.27923810	          1.33090435	         -0.90392336	          0.37790860	          0.00266158	         -0.92261932	          0.00000000	          0.00000000	          0.00000000	         -0.79539009	          7.30203488	         -4.83119516	          0.36925786	          0.00023058	         -1.01961748	          0.00000000	          0.00000000	          0.00000000	
          5.88000000	          0.00000000	         -0.00000000	         -0.00000000	         -0.23313922	          0.04264280	         -0.66444990	          0.00000000	          0.00000000	          0.00000000	          0.32524138	         -0.50730151	         -0.32422682	         -0.08470730	         -0.00476829	         -0.65061831	          0.00000000	          0.00000000	          0.00000000	         -0.00000000	          0.00000000	          0.00000000	         -0.09639452	          0.02350477	         -0.57233222	          0.00000000	          0.00000000	          0.00000000	          0.00000000	         -0.00000000	         -0.00000000	         -0.16588646	          0.03414248	         -0.61619538	          0.00000000	          0.00000000	          0.00000000	        -97.61388002	        368.61198031	         64.55107445	          0.00277727	         -0.01401566	         -0.62968812	          0.00000000	          0.00000000	          0.00000000	         -0.00000000	          0.00000000	         -0.00000000	         -0.00201525	          0.02194321	         -0.56402240	          0.00000000	          0.00000000	          0.00000000	         15.93600047	        224.05740841	         21.02085826	          0.11675422	         -0.00707544	         -0.96437172	          0.00000000	          0.00000000	          0.00000000	          1.35845787	          4.69463939	         -2.50196086	          0.28609015	          0.00075365	         -0.91646811	          0.00000000	          0.00000000	          0.00000000	         -8.24705363	         75.13233504	        -39.72678447	          0.27870069	         -0.00353120	         -1.01308446	          0.00000000	          0.00000000	          0.00000000	         -4.71751454	        147.26212082	        -31.52153201	          0.19662243	         -0.00546867	         -0.99177972	          0.00000000	          0.00000000	          0.00000000	          0.17810120	          0.65110802	         -0.55920502	          0.37630485	          0.00341531	         -0.91994764	          0.00000000	          0.00000000	          0.00000000	         -1.09460470	          9.17318373	         -7.91537824	          0.36928524	         -0.00015091	         -1.01693717	          0.00000000	          0.00000000	          0.00000000	
          5.90000000	          0.00000000	         -0.00000000	         -0.00000000	         -0.22355260	          0.05019154	         -0.66441952	          0.00000000	          0.00000000	          0.00000000	          0.00001057	         -0.00001350	         -0.00000706	         -0.07961803	         -0.00068257	         -0.65238910	          0.00000000	          0.00000000	          0.00000000	         -0.00000000	          0.00000000	          0.00000000	         -0.09032966	          0.02605521	         -0.57183856	          0.00000000	          0.00000000	          0.00000000	          0.00000000	         -0.00000000	         -0.00000000	         -0.15800878	          0.03916580	         -0.61585826	          0.00000000	          0.00000000	          0.00000000	        -96.38963553	        227.92659411	         56.39863256	          0.00570692	         -0.01325185	         -0.62933361	          0.00000000	          0.00000000	          0.00000000	          0.00000000	          0.00000002	         -0.00000001	          0.00243277	          0.02046467	         -0.55898320	          0.00000000	          0.00000000	          0.00000000	          7.71891769	        297.96036489	         35.20372528	          0.11613930	         -0.00875766	         -0.96548272	          0.00000000	          0.00000000	          0.00000000	          0.85342962	          3.53619978	         -1.46102002	          0.28436441	          0.00112899	         -0.91524410	          0.00000000	          0.00000000	          0.00000000	        -11.84554344	         98.44434678	        -42.15836684	          0.27874685	         -0.00450495	         -1.01170260	          0.00000000	          0.00000000	          0.00000000	        -11.46566621	        194.91458039	        -29.76152785	          0.19639523	         -0.00684657	         -0.99165201	          0.00000000	          0.00000000	          0.00000000	          0.05098520	          0.21239170	         -0.14965747	          0.37452925	          0.00452181	         -0.91739227	          0.00000000	          0.00000000	          0.00000000	         -1.15518143	          9.75370505	         -6.98444813	          0.36925981	         -0.00037664	         -1.01426007	          0.00000000	          0.00000000	          0.00000000	
          5.92000000	          0.00000000	         -0.00000000	         -0.00000000	         -0.21391845	          0.05728489	         -0.66196643	          0.00000000	          0.00000000	          0.00000000	          0.00000001	         -0.00000001	         -0.00000000	         -0.07298594	          0.00417766	         -0.65353393	          0.00000000	          0.00000000	          0.00000000	         -0.00000000	          0.00000000	          0.00000000	         -0.08347606	          0.02883023	         -0.57033703	          0.00000000	          0.00000000	          0.00000000	          0.00000000	         -0.00000000	         -0.00000000	         -0.14974269	          0.04405132	         -0.61378534	          0.00000000	          0.00000000	          0.00000000	        -81.95697555	        112.62142620	         37.88693438	          0.00973509	         -0.01156267	         -0.62890411	          0.00000000	          0.00000000	          0.00000000	         -0.00000001	          0.00000011	         -0.00000003	          0.00643763	          0.01901026	         -0.55302639	          0.00000000	          0.00000000	          0.00000000	          6.59451463	        357.90427518	         57.41985534	          0.11565651	         -0.01026552	         -0.96671282	          0.00000000	          0.00000000	          0.00000000	          0.52774409	          2.33584288	         -0.66765594	          0.28275355	          0.00175075	         -0.91460130	          0.00000000	          0.00000000	          0.00000000	        -11.37448869	        114.22741708	        -36.10355717	          0.27877108	         -0.00523943	         -1.01078578	          0.00000000	          0.00000000	          0.00000000	        -11.85221441	        231.94154703	        -17.70761482	          0.19621927	         -0.00801824	         -0.99181056	          0.00000000	          0.00000000	          0.00000000	          0.01291600	          0.05388110	         -0.02917753	          0.37281424	          0.00589892	         -0.91563070	          0.00000000	          0.00000000	          0.00000000	         -0.76809209	          9.06111293	         -5.14978999	          0.36915923	         -0.00035150	         -1.01226137	          0.00000000	          0.00000000	          0.00000000	
          5.94000000	          0.00000000	         -0.00000000	          0.00000000	         -0.20343551	          0.06309195	         -0.65722011	          0.00000000	          0.00000000	          0.00000000	          0.00000000	         -0.00000000	          0.00000000	         -0.06358893	          0.00915670	         -0.65258534	          0.00000000	          0.00000000	          0.00000000	         -0.00000000	         -0.00000000	         -0.00000000	         -0.07436438	          0.03187995	         -0.56725498	          0.00000000	          0.00000000	          0.00000000	          0.00000000	         -0.00000000	          0.00000000	         -0.13994794	          0.04842816	         -0.60978935	          0.00000000	          0.00000000	          0.00000000	        -17.18302235	         17.26398803	         -2.99379736	          0.01678236	         -0.00897065	         -0.62724918	          0.00000000	          0.00000000	          0.00000000	         -0.00000010	          0.00000012	         -0.00000006	          0.01232531	          0.01851527	         -0.54684180	          0.00000000	          0.00000000	          0.00000000	        -20.51923715	        397.25456124	         79.39992860	          0.11538524	         -0.01151002	         -0.96805394	          0.00000000	          0.00000000	          0.00000000	          0.16455290	          1.30576286	         -0.15606458	          0.28141115	          0.00254483	         -0.91457653	          0.00000000	          0.00000000	          0.00000000	        -15.76338452	        119.23295959	        -18.92519294	          0.27885163	         -0.00570788	         -1.01040859	          0.00000000	          0.00000000	          0.00000000	        -25.33684684	        252.49256531	          5.33212372	          0.19617078	         -0.00892203	         -0.99228949	          0.00000000	          0.00000000	          0.00000000	          0.00188304	          0.01186472	         -0.00379563	          0.37132946	          0.00739654	         -0.91472595	          0.00000000	          0.00000000	          0.00000000	         -0.77047816	          7.44638650	         -2.65956047	          0.36908508	         -0.00014053	         -1.01103196	          0.00000000	          0.00000000	          0.00000000	
          5.96000000	         -0.00000000	         -0.00000000	         -0.00000000	         -0.19046042	          0.06663616	         -0.64955669	          0.00000000	          0.00000000	          0.00000000	          0.00000006	         -0.00000005	          0.00000002	         -0.04938258	          0.01346626	         -0.64769070	          0.00000000	          0.00000000	          0.00000000	         -0.00000000	         -0.00000000	         -0.00000000	         -0.06066371	          0.03501793	         -0.56121757	          0.00000000	          0.00000000	          0.00000000	         -0.00000000	         -0.00000000	         -0.00000000	         -0.12663119	          0.05173127	         -0.60289126	          0.00000000	          0.00000000	          0.00000000	          1.01688657	         -0.88109988	          0.37794994	          0.02976579	         -0.00569339	         -0.62225484	          0.00000000	          0.00000000	          0.00000000	         -0.00000002	          0.00000002	         -0.00000001	          0.02368751	          0.01963623	         -0.53916566	          0.00000000	          0.00000000	          0.00000000	        -28.09352068	        421.76299061	         67.41457592	          0.11535413	         -0.01248081	         -0.96933309	          0.00000000	          0.00000000	          0.00000000	          0.05355690	          0.63766205	         -0.04133658	          0.28042954	          0.00343922	         -0.91501080	          0.00000000	          0.00000000	          0.00000000	        -15.46128628	        124.35377330	        -14.08715500	          0.27903666	         -0.00598725	         -1.01043297	          0.00000000	          0.00000000	          0.00000000	        -27.47092704	        268.53250319	          6.19139376	          0.19628654	         -0.00959094	         -0.99293383	          0.00000000	          0.00000000	          0.00000000	          0.00031761	          0.00261244	         -0.00057534	          0.37019066	          0.00890288	         -0.91453206	          0.00000000	          0.00000000	          0.00000000	         -0.58923275	          6.32780981	         -1.69278142	          0.36911035	          0.00014561	         -1.01044446	          0.00000000	          0.00000000	          0.00000000	
          5.98000000	         -0.00000000	         -0.00000000	         -0.00000000	         -0.17368691	          0.06745899	         -0.63878555	          0.00000000	          0.00000000	          0.00000000	         -0.00000029	          0.00000021	         -0.00000011	         -0.02911804	          0.01667922	         -0.63909677	          0.00000000	          0.00000000	          0.00000000	         -0.00000000	         -0.00000000	         -0.00000000	         -0.04090786	          0.03776186	         -0.55222989	          0.00000000	          0.00000000	          0.00000000	         -0.00000000	         -0.00000000	         -0.00000000	         -0.10839962	          0.05348849	         -0.59298899	          0.00000000	          0.00000000	          0.00000000	          0.35931287	         -0.26400443	          0.12999905	          0.05011005	         -0.00222653	         -0.61397044	          0.00000000	          0.00000000	          0.00000000	         -0.00000000	          0.00000000	         -0.00000000	          0.04233807	          0.02179636	         -0.52948189	          0.00000000	          0.00000000	          0.00000000	        -13.80562928	        421.15548846	         56.31257075	          0.11534261	         -0.01316299	         -0.97046928	          0.00000000	          0.00000000	          0.00000000	          0.03238361	          0.25004601	         -0.02972848	          0.27952079	          0.00444454	         -0.91551460	          0.00000000	          0.00000000	          0.00000000	        -13.33053389	        128.82005995	        -23.51364291	          0.27922899	         -0.00619910	         -1.01043315	          0.00000000	          0.00000000	          0.00000000	        -20.85877640	        275.41340959	         -6.86485950	          0.19641357	         -0.01008210	         -0.99349075	          0.00000000	          0.00000000	          0.00000000	          0.00014375	          0.00062483	         -0.00021695	          0.36912710	          0.01032520	         -0.91443666	          0.00000000	          0.00000000	          0.00000000	         -0.24480277	          6.79185134	         -2.83539031	          0.36917641	          0.00022667	         -1.00982634	          0.00000000	          0.00000000	          0.00000000	
