Coordinates
version=1
nRows=201
nColumns=114
inDegrees=yes

Units are S.I. units (second, meters, Newtons, ...)
If the header above contains a line with 'inDegrees', this indicates whether rotational values are in degrees (yes) or radians (no).

endheader 
time	pelvis_tilt	pelvis_list	pelvis_rotation	pelvis_tx	pelvis_ty	pelvis_tz	hip_flexion_l	hip_adduction_l	hip_rotation_l	hip_flexion_r	hip_adduction_r	hip_rotation_r	knee_angle_l	knee_angle_r	ankle_angle_l	ankle_angle_r	subtalar_angle_l	subtalar_angle_r	mtp_angle_l	mtp_angle_r	lumbar_extension	lumbar_bending	lumbar_rotation	arm_flex_l	arm_add_l	arm_rot_l	arm_flex_r	arm_add_r	arm_rot_r	elbow_flex_l	elbow_flex_r	pro_sup_l	pro_sup_r	addbrev_l/activation	addlong_l/activation	addmagDist_l/activation	addmagIsch_l/activation	addmagMid_l/activation	addmagProx_l/activation	bflh_l/activation	bfsh_l/activation	edl_l/activation	ehl_l/activation	fdl_l/activation	fhl_l/activation	gaslat_l/activation	gasmed_l/activation	glmax1_l/activation	glmax2_l/activation	glmax3_l/activation	glmed1_l/activation	glmed2_l/activation	glmed3_l/activation	glmin1_l/activation	glmin2_l/activation	glmin3_l/activation	grac_l/activation	iliacus_l/activation	perbrev_l/activation	perlong_l/activation	piri_l/activation	psoas_l/activation	recfem_l/activation	sart_l/activation	semimem_l/activation	semiten_l/activation	soleus_l/activation	tfl_l/activation	tibant_l/activation	tibpost_l/activation	vasint_l/activation	vaslat_l/activation	vasmed_l/activation	addbrev_r/activation	addlong_r/activation	addmagDist_r/activation	addmagIsch_r/activation	addmagMid_r/activation	addmagProx_r/activation	bflh_r/activation	bfsh_r/activation	edl_r/activation	ehl_r/activation	fdl_r/activation	fhl_r/activation	gaslat_r/activation	gasmed_r/activation	glmax1_r/activation	glmax2_r/activation	glmax3_r/activation	glmed1_r/activation	glmed2_r/activation	glmed3_r/activation	glmin1_r/activation	glmin2_r/activation	glmin3_r/activation	grac_r/activation	iliacus_r/activation	perbrev_r/activation	perlong_r/activation	piri_r/activation	psoas_r/activation	recfem_r/activation	sart_r/activation	semimem_r/activation	semiten_r/activation	soleus_r/activation	tfl_r/activation	tibant_r/activation	tibpost_r/activation	vasint_r/activation	vaslat_r/activation	vasmed_r/activation	
          2.00000000	         -2.88931941	          4.70751043	          9.89552217	         -0.07755061	          0.97544931	         -0.87990053	          1.79697143	          5.10573096	         -3.25352208	         36.07483111	          1.77960054	          5.82613948	         12.74096904	         16.91998163	         15.90584270	         10.23439830	         11.96570928	         -1.97733646	          2.89377952	        -44.99597695	          2.84333094	        -12.48160774	         -0.07700701	         10.05395224	        -20.49915181	        108.15474462	         15.29473455	          5.07298249	         21.47031814	         10.90011962	         20.19536527	          0.85368456	        106.15468483	          0.01025713	          0.01014550	          0.01065302	          0.01174744	          0.01045565	          0.01043016	          0.01117154	          0.01221848	          0.01223717	          0.01326623	          0.03848000	          0.08914631	          0.01111141	          0.01101767	          0.10295710	          0.13070425	          0.01082570	          0.51403395	          0.26481218	          0.18377601	          0.13480813	          0.11107462	          0.09944127	          0.01058391	          0.01133972	          0.01197623	          0.01125735	          0.07736886	          0.01060477	          0.13290045	          0.01211743	          0.01299655	          0.01171550	          0.12861710	          0.29401890	          0.01263620	          0.28780203	          0.02492137	          0.03463211	          0.02698255	          0.01231683	          0.01526630	          0.01025222	          0.01017053	          0.01056307	          0.04273018	          0.01022991	          0.01313403	          0.28119572	          0.10516323	          0.01205725	          0.01094092	          0.01020583	          0.01013691	          0.01074552	          0.01032981	          0.01029234	          0.01011234	          0.01022511	          0.01045500	          0.01032942	          0.01047709	          0.01076305	          0.01122776	          0.28460554	          0.01183601	          0.23131782	          0.51493328	          0.67339224	          0.27780146	          0.21440399	          0.01010222	          0.01028632	          0.01006765	          0.14881200	          0.50783561	          0.01045014	          0.03558610	          0.10205243	          0.04638047	
          2.02000000	         -2.54041168	          4.63771020	          9.69613332	         -0.07330428	          0.97515004	         -0.88392283	          1.26603608	          5.17198822	         -3.31515961	         35.36414670	          1.77015110	          6.50526755	         13.13872652	         16.38809642	         16.24882305	          9.69343842	         11.81579876	         -3.31861577	         -1.45988874	        -35.38036712	          2.59962540	        -12.69736592	          0.22327624	         10.64826418	        -20.73510227	        100.35297661	         15.57097425	          4.93282216	         21.14895248	         12.81141815	         20.42604361	          0.85806594	        103.81160306	          0.01023375	          0.01013592	          0.01045910	          0.01082372	          0.01038114	          0.01039639	          0.01069642	          0.01766615	          0.01143548	          0.01340802	          0.07309175	          0.12147566	          0.07130385	          0.02906370	          0.07123957	          0.08743059	          0.01039001	          0.46211062	          0.25899425	          0.20435301	          0.15715227	          0.13843056	          0.12347906	          0.01060062	          0.01249865	          0.01115351	          0.01055025	          0.11529202	          0.01083591	          0.22127520	          0.02746242	          0.01168254	          0.01146214	          0.12945188	          0.22403330	          0.06560242	          0.26336094	          0.01710199	          0.02321681	          0.01830892	          0.01047116	          0.01074335	          0.01016618	          0.01011837	          0.01027426	          0.02958660	          0.01016840	          0.01335294	          0.29306248	          0.14201389	          0.01144883	          0.01046236	          0.01012028	          0.01007972	          0.01239627	          0.01076409	          0.01020913	          0.01009750	          0.01022622	          0.01090117	          0.01029198	          0.01052377	          0.01132234	          0.01063712	          0.23716337	          0.11077190	          0.20037035	          0.42271076	          0.55560223	          0.29677165	          0.30144737	          0.01007320	          0.01021034	          0.01003830	          0.15825858	          0.46236767	          0.01021584	          0.03535370	          0.08852631	          0.04513626	
          2.04000000	         -2.16279946	          4.59074549	          9.53137214	         -0.06886240	          0.97537304	         -0.88762136	          0.73075791	          5.23324084	         -3.44092291	         34.58909709	          1.68225578	          7.01125449	         13.58930218	         15.77289242	         16.56363927	          9.02990105	         11.61995597	         -4.58464508	         -4.65996449	        -27.81714996	          2.31378885	        -12.92554865	          0.37026195	         11.04039177	        -21.00844997	         91.92665649	         15.89645859	          4.72458023	         21.12812962	         14.73107643	         20.81893944	          0.82277613	        101.65247777	          0.01025609	          0.01015951	          0.01037147	          0.01048662	          0.01036729	          0.01044201	          0.01031175	          0.01534773	          0.01101079	          0.01336702	          0.06896180	          0.11742348	          0.04935304	          0.02103766	          0.04844240	          0.05841470	          0.01026118	          0.39432126	          0.21896739	          0.18348993	          0.14989256	          0.13390148	          0.11340636	          0.01062192	          0.02398357	          0.01071332	          0.01035175	          0.11306286	          0.01199789	          0.27790652	          0.03974548	          0.01028699	          0.01058140	          0.11074522	          0.19969848	          0.07728545	          0.26020865	          0.01270753	          0.01570132	          0.01297863	          0.01034904	          0.01033215	          0.01015936	          0.01011695	          0.01024939	          0.02089315	          0.01016788	          0.01333274	          0.29317266	          0.14679093	          0.01102670	          0.01033868	          0.01009900	          0.01006572	          0.04959122	          0.01218560	          0.01020860	          0.01010340	          0.01025608	          0.01163847	          0.01030533	          0.01060567	          0.01185553	          0.01056133	          0.19837092	          0.13693675	          0.19538421	          0.34745518	          0.47186086	          0.27461334	          0.28491279	          0.01007334	          0.01020637	          0.01003163	          0.13835080	          0.43032515	          0.01017144	          0.03237236	          0.07732105	          0.04116588	
          2.06000000	         -1.76116203	          4.55381364	          9.36340274	         -0.06434773	          0.97583568	         -0.89092085	          0.18927111	          5.29045101	         -3.58729512	         33.74505785	          1.54231955	          7.25977044	         14.05681813	         15.09471911	         16.82570911	          8.25434106	         11.26733130	         -5.66236878	         -7.14818563	        -21.86693973	          1.97352857	        -13.15731616	          0.45386060	         11.32843953	        -21.25728610	         83.62371438	         16.26619391	          4.47446402	         21.17159091	         16.56835914	         21.34275970	          0.75866725	         99.73695196	          0.01031667	          0.01020498	          0.01038906	          0.01045756	          0.01042234	          0.01055895	          0.01028904	          0.01474086	          0.01125632	          0.01341258	          0.05367684	          0.10725031	          0.04050125	          0.01604543	          0.03322586	          0.03905907	          0.01025284	          0.32250128	          0.18316294	          0.16548428	          0.12815509	          0.11981014	          0.10525042	          0.01075361	          0.05197155	          0.01088708	          0.01044060	          0.10881387	          0.01326234	          0.31524981	          0.04713950	          0.01024584	          0.01049425	          0.09325972	          0.19737207	          0.05792388	          0.28138442	          0.01252506	          0.01132080	          0.01202664	          0.01051326	          0.01058725	          0.01020170	          0.01014357	          0.01033488	          0.02270000	          0.01020898	          0.01338167	          0.28518767	          0.13713088	          0.01097075	          0.01033201	          0.01010645	          0.01007081	          0.04215723	          0.01299709	          0.01028489	          0.01010874	          0.01026363	          0.01147846	          0.01031938	          0.01061017	          0.01171396	          0.01081574	          0.15679343	          0.12867982	          0.18876801	          0.29129166	          0.41737971	          0.25260696	          0.23417984	          0.01008818	          0.01024760	          0.01003421	          0.11181441	          0.40631715	          0.01017146	          0.02952206	          0.06781423	          0.03692370	
          2.08000000	         -1.34710546	          4.51420866	          9.16826946	         -0.05984539	          0.97612782	         -0.89377869	         -0.33774385	          5.35404212	         -3.68407156	         32.84119080	          1.38897150	          7.22229151	         14.54905495	         14.39002409	         17.05211318	          7.39719076	         10.61969782	         -6.51640774	         -9.01462328	        -17.18519622	          1.57771617	        -13.38538715	          0.52221934	         11.58751792	        -21.44408041	         76.11682300	         16.69690087	          4.22472200	         21.18735870	         18.24532879	         21.92733050	          0.71140032	         98.11134276	          0.01037369	          0.01025966	          0.01034509	          0.01034595	          0.01043219	          0.01075082	          0.01022778	          0.01462375	          0.01163400	          0.01346973	          0.05742359	          0.13272933	          0.03219608	          0.01783486	          0.02383258	          0.02618693	          0.01022095	          0.26600681	          0.18827085	          0.14054978	          0.11170174	          0.12412234	          0.12764204	          0.01092136	          0.06003198	          0.01124924	          0.01064250	          0.07849048	          0.02379405	          0.29363197	          0.05991068	          0.01016789	          0.01035637	          0.08183296	          0.19265301	          0.04034931	          0.34634191	          0.01250769	          0.01085766	          0.01197181	          0.01098573	          0.01160862	          0.01025194	          0.01017152	          0.01047652	          0.04523524	          0.01025129	          0.01341118	          0.27369083	          0.12777139	          0.01105339	          0.01035670	          0.01011490	          0.01007566	          0.02959076	          0.01272198	          0.01040485	          0.01010987	          0.01026054	          0.01114761	          0.01032121	          0.01057725	          0.01144600	          0.01130510	          0.13721559	          0.12401240	          0.18357147	          0.25175647	          0.37839027	          0.23588206	          0.19918505	          0.01010282	          0.01029022	          0.01003673	          0.08927138	          0.38583380	          0.01019095	          0.02750651	          0.06071389	          0.03395450	
          2.10000000	         -0.93866543	          4.45773192	          8.92709286	         -0.05540438	          0.97600507	         -0.89614232	         -0.81594386	          5.41309821	         -3.69449107	         31.90674658	          1.27421845	          6.94994530	         15.09958748	         13.72063393	         17.27745843	          6.49019542	          9.69847381	         -7.23929254	        -10.40648483	        -13.50226945	          1.13858139	        -13.59954489	          0.58906850	         11.86379157	        -21.56220927	         69.85849278	         17.21401951	          4.01129800	         21.26558115	         19.71314311	         22.49757349	          0.79411777	         96.78785209	          0.01035564	          0.01023901	          0.01035149	          0.01034392	          0.01043497	          0.01074209	          0.01020789	          0.01398428	          0.01150325	          0.01340679	          0.11625623	          0.21303746	          0.04196041	          0.01493301	          0.02631588	          0.01805456	          0.01021878	          0.25645627	          0.19967198	          0.09386333	          0.10008038	          0.13259055	          0.08594115	          0.01089692	          0.04070516	          0.01118506	          0.01058816	          0.05240705	          0.01702148	          0.23199922	          0.04123656	          0.01014211	          0.01032648	          0.10440272	          0.16103682	          0.02805138	          0.44504622	          0.01605111	          0.01970517	          0.01660918	          0.01227714	          0.02817285	          0.01029465	          0.01018805	          0.01068363	          0.07292450	          0.01027490	          0.01341852	          0.26278023	          0.12021312	          0.01108867	          0.01037036	          0.01012188	          0.01007961	          0.02092445	          0.01172074	          0.01052302	          0.01010393	          0.01024273	          0.01090473	          0.01030366	          0.01052463	          0.01126322	          0.01188057	          0.13150905	          0.11986457	          0.18317669	          0.23843061	          0.39023803	          0.23638796	          0.18704068	          0.01010905	          0.01031389	          0.01003859	          0.07050846	          0.36526714	          0.01020354	          0.02698519	          0.05906329	          0.03319563	
          2.12000000	         -0.55488382	          4.37518969	          8.61669931	         -0.05100965	          0.97537015	         -0.89797950	         -1.21889455	          5.43510441	         -3.67828376	         30.99226638	          1.25175995	          6.55108859	         15.73732958	         13.16317131	         17.51487623	          5.53011074	          8.73738512	         -8.01465528	        -11.58496988	        -10.60619739	          0.68328624	        -13.78804579	          0.66502891	         12.14935428	        -21.62637128	         64.82692599	         17.80172777	          3.82976149	         21.55380602	         21.00018214	         23.05595917	          1.20329097	         95.68670050	          0.01023590	          0.01013299	          0.01062201	          0.01111407	          0.01045257	          0.01047011	          0.01229893	          0.01371169	          0.01070868	          0.01343611	          0.16041837	          0.28390946	          0.03976170	          0.01233779	          0.01802191	          0.02220298	          0.01106886	          0.34635713	          0.13356695	          0.06262601	          0.10063239	          0.09270361	          0.05747329	          0.01070086	          0.02742075	          0.01047000	          0.01023422	          0.03497002	          0.01168208	          0.15471873	          0.02799990	          0.02802609	          0.01217298	          0.18699469	          0.12481022	          0.17225367	          0.53796360	          0.02052395	          0.03643812	          0.02327921	          0.01268133	          0.07420470	          0.01028707	          0.01017654	          0.01075250	          0.09472415	          0.01025758	          0.01345616	          0.25279880	          0.11295793	          0.01108206	          0.01037463	          0.01012823	          0.01008328	          0.01577909	          0.01147624	          0.01053550	          0.01009089	          0.01021658	          0.01082459	          0.01026482	          0.01045750	          0.01113543	          0.01212638	          0.13564924	          0.11782602	          0.18849774	          0.23567320	          0.42801956	          0.25205173	          0.19517793	          0.01009945	          0.01029320	          0.01004009	          0.06612644	          0.34102862	          0.01020862	          0.02690593	          0.05930454	          0.03305854	
          2.14000000	         -0.21063994	          4.27239362	          8.21452956	         -0.04656843	          0.97430894	         -0.89932986	         -1.52877566	          5.38695355	         -3.78699638	         30.16214628	          1.35526505	          6.14537282	         16.48358955	         12.79178617	         17.73293490	          4.47580854	          8.05106931	         -9.02227424	        -12.82646998	         -8.32926705	          0.25192820	        -13.93972596	          0.75321929	         12.36725009	        -21.66127704	         60.47390235	         18.38395421	          3.64206010	         22.09794863	         22.21520654	         23.69680018	          2.18244459	         94.62492202	          0.01046756	          0.01028159	          0.01094762	          0.02689757	          0.01063361	          0.01040579	          0.01044073	          0.01358841	          0.01038854	          0.01341641	          0.19089057	          0.33428330	          0.06425037	          0.01118521	          0.01209550	          0.01487479	          0.01020688	          0.45757942	          0.08914269	          0.04177492	          0.19642625	          0.06274818	          0.03840243	          0.01062281	          0.05121052	          0.01024021	          0.01012859	          0.02333230	          0.01084739	          0.10337116	          0.01921009	          0.05040311	          0.01410021	          0.26797712	          0.14724813	          0.26047019	          0.60286142	          0.02361626	          0.05430395	          0.02850940	          0.02086066	          0.10016002	          0.01029180	          0.01017563	          0.01087682	          0.10144244	          0.01024037	          0.01339275	          0.24266531	          0.10485462	          0.01102713	          0.01036834	          0.01013451	          0.01008731	          0.01320649	          0.01098203	          0.01049836	          0.01008987	          0.01021482	          0.01078419	          0.01026317	          0.01045704	          0.01109575	          0.01239018	          0.15011629	          0.11949577	          0.19645966	          0.22873319	          0.43639978	          0.26318712	          0.19532131	          0.01009515	          0.01028360	          0.01004201	          0.06618800	          0.31103666	          0.01020416	          0.02776457	          0.04986554	          0.03412803	
          2.16000000	          0.09017729	          4.16086544	          7.71473877	         -0.04195761	          0.97310825	         -0.90026565	         -1.74030729	          5.24646231	         -4.16689747	         29.46496597	          1.58849204	          5.81111739	         17.34807273	         12.66436639	         17.86393241	          3.27528681	          7.83789591	        -10.34548983	        -14.31079118	         -6.53850860	         -0.12368615	        -14.04945317	          0.85879055	         12.45333782	        -21.67806036	         56.30546741	         18.85891332	          3.40779039	         22.78318393	         23.42195920	         24.52754976	          3.93294669	         93.46339027	          0.01034766	          0.01021569	          0.01061936	          0.01974437	          0.01045294	          0.01031326	          0.01029509	          0.01309713	          0.01027070	          0.01332388	          0.20490956	          0.35946918	          0.06776793	          0.01059201	          0.01017758	          0.01023293	          0.01017178	          0.55536136	          0.05961576	          0.02787825	          0.25186596	          0.05958213	          0.02572573	          0.01046210	          0.08532399	          0.01016531	          0.01008885	          0.01558371	          0.01078931	          0.11329603	          0.01395657	          0.03384827	          0.01192906	          0.33626577	          0.17502523	          0.27898819	          0.63056370	          0.03931948	          0.05251137	          0.04552167	          0.02995402	          0.11143326	          0.01032617	          0.01019156	          0.01107968	          0.09649321	          0.01026442	          0.01358712	          0.23218038	          0.09553902	          0.01096658	          0.01036167	          0.01014931	          0.01009703	          0.01272963	          0.01084214	          0.01052557	          0.01009727	          0.01023047	          0.01085233	          0.01028283	          0.01048985	          0.01120595	          0.01261364	          0.15778728	          0.12054308	          0.20322358	          0.21544828	          0.41388994	          0.23719153	          0.18158025	          0.01010631	          0.01031770	          0.01004515	          0.05043532	          0.27562188	          0.01019759	          0.02883618	          0.03365422	          0.03225232	
          2.18000000	          0.35544667	          4.04667335	          7.13282661	         -0.03708374	          0.97216401	         -0.90083162	         -1.85941429	          5.00531889	         -4.86737539	         28.91684340	          1.93342072	          5.56294955	         18.33358796	         12.81881622	         17.83017654	          1.89971976	          8.09871484	        -11.95468225	        -16.08308481	         -5.12869424	         -0.43537608	        -14.12110992	          0.99137509	         12.40332184	        -21.67056666	         52.20916076	         19.14988350	          3.10667957	         23.43419192	         24.59276171	         25.60136807	          6.59868905	         92.17826370	          0.01030880	          0.01019109	          0.01055135	          0.01443449	          0.01042092	          0.01033483	          0.01037318	          0.01339807	          0.01022604	          0.01273928	          0.20385815	          0.36005436	          0.09223176	          0.01211304	          0.01032823	          0.01038877	          0.01020258	          0.53894878	          0.04076289	          0.01862881	          0.22435162	          0.06517481	          0.01741482	          0.01050506	          0.05890469	          0.01014816	          0.01008149	          0.01047687	          0.01087332	          0.28126893	          0.01304540	          0.02280458	          0.01175221	          0.33205409	          0.20155511	          0.26154911	          0.62360062	          0.02667007	          0.03509930	          0.03060707	          0.03953627	          0.11888276	          0.01035107	          0.01020315	          0.01128322	          0.09587295	          0.01013245	          0.01110153	          0.22236780	          0.08565070	          0.01091351	          0.01035527	          0.01011029	          0.01007180	          0.01222167	          0.01067274	          0.01047074	          0.01010668	          0.01025575	          0.01092084	          0.01032186	          0.01056124	          0.01131974	          0.01123899	          0.12130968	          0.11963179	          0.20497641	          0.18695581	          0.36665195	          0.15850442	          0.13465165	          0.01006051	          0.01019320	          0.01004943	          0.03473628	          0.23852175	          0.01019069	          0.02021744	          0.02253070	          0.02199450	
          2.20000000	          0.59625503	          3.93075684	          6.49963377	         -0.03192041	          0.97179969	         -0.90105664	         -1.88827735	          4.66981778	         -5.83170526	         28.50661123	          2.36545918	          5.36571042	         19.44888253	         13.27334044	         17.57587838	          0.36681026	          8.68802132	        -13.74950457	        -18.07547996	         -4.01706850	         -0.69445098	        -14.16065594	          1.13743734	         12.21891500	        -21.63914739	         48.15071284	         19.24176408	          2.74759253	         23.97657633	         25.69766918	         26.89389165	         10.23733935	         90.78075687	          0.01018043	          0.01010497	          0.01037220	          0.01232333	          0.01025804	          0.01019348	          0.01027480	          0.01417907	          0.01028235	          0.01309489	          0.20067335	          0.35757003	          0.16824011	          0.01129142	          0.01023302	          0.01033819	          0.01014492	          0.38541516	          0.04984547	          0.01248680	          0.22144147	          0.10648237	          0.01215394	          0.01028720	          0.07501993	          0.01018130	          0.01010108	          0.01010907	          0.01034881	          0.47001552	          0.01220625	          0.01535866	          0.01144670	          0.33715907	          0.20660143	          0.24147643	          0.61246801	          0.01801932	          0.02344772	          0.02054236	          0.05895885	          0.12126679	          0.01071478	          0.01033147	          0.01298365	          0.08989363	          0.02783248	          0.09384695	          0.21607654	          0.07680183	          0.01092870	          0.01037336	          0.01038591	          0.01024989	          0.01486806	          0.01186077	          0.01200388	          0.01012930	          0.01031024	          0.01116389	          0.01038178	          0.01063146	          0.01136723	          0.07175493	          0.08149969	          0.11950843	          0.20857704	          0.14371820	          0.24535776	          0.10570097	          0.14536204	          0.01094513	          0.01211138	          0.01005459	          0.02334124	          0.20584792	          0.01019793	          0.01352487	          0.01503304	          0.01469479	
          2.22000000	          0.81552243	          3.80636748	          5.85113320	         -0.02652419	          0.97212895	         -0.90097709	         -1.81961621	          4.24564258	         -6.94881943	         28.19341073	          2.86910108	          5.17031856	         20.69911547	         14.01751568	         17.08972293	         -1.25492165	          9.44840309	        -15.63503009	        -20.18670996	         -3.13923023	         -0.91980286	        -14.16449810	          1.26795807	         11.92839848	        -21.59527173	         44.25905258	         19.17860280	          2.35926277	         24.46398663	         26.69464323	         28.29439285	         14.50030198	         89.36815369	          0.01070284	          0.01071502	          0.01032457	          0.01028317	          0.01047105	          0.01082375	          0.01018834	          0.03681519	          0.01028607	          0.01309811	          0.20037674	          0.35904607	          0.15674351	          0.05375450	          0.01038012	          0.01019996	          0.01014475	          0.25698212	          0.04624470	          0.01103170	          0.14776269	          0.08946565	          0.04518635	          0.01134106	          0.16933290	          0.01019574	          0.01010856	          0.01234701	          0.08233093	          0.58307545	          0.08230987	          0.01032241	          0.01035013	          0.36286831	          0.20554814	          0.23768081	          0.60217778	          0.01214726	          0.01566145	          0.01377904	          0.05706936	          0.10333678	          0.01107733	          0.01048573	          0.01556279	          0.07202241	          0.09027460	          0.07520191	          0.21399263	          0.07020444	          0.01089309	          0.01036549	          0.01032816	          0.01020902	          0.01264030	          0.01122602	          0.01143794	          0.01019931	          0.01047614	          0.01136478	          0.01062639	          0.01100874	          0.01173547	          0.06519424	          0.05525865	          0.11961517	          0.20684810	          0.10107788	          0.18072565	          0.07050724	          0.10832552	          0.02528448	          0.02425413	          0.01005671	          0.01595267	          0.17910977	          0.01019227	          0.01015481	          0.01007249	          0.01011905	
          2.24000000	          1.00204335	          3.65631463	          5.21987380	         -0.02099991	          0.97306690	         -0.90064992	         -1.64029303	          3.72659670	         -8.13178010	         27.90160538	          3.44427573	          4.94344064	         22.06998485	         15.00087288	         16.39232165	         -2.85569675	         10.28621472	        -17.57736520	        -22.34835853	         -2.44544896	         -1.12593443	        -14.11527098	          1.37540022	         11.62345856	        -21.54084199	         40.99297439	         19.00867202	          1.96361416	         24.95968314	         27.49679766	         29.65973062	         18.57706748	         88.15708753	          0.01247804	          0.10549282	          0.01027439	          0.01021157	          0.01054921	          0.01300893	          0.01013191	          0.02684053	          0.01024626	          0.01278982	          0.19946364	          0.35789201	          0.14514184	          0.03683554	          0.01037542	          0.01015373	          0.01012532	          0.17135252	          0.03230107	          0.03878756	          0.09861483	          0.08762445	          0.08335504	          0.01241011	          0.21472758	          0.01018651	          0.01010218	          0.07894835	          0.21446373	          0.64609909	          0.11165963	          0.01008686	          0.01021289	          0.38384617	          0.19572469	          0.24577288	          0.58249270	          0.01068550	          0.01054158	          0.01046593	          0.06051743	          0.10039243	          0.01217157	          0.01072820	          0.02895115	          0.07013073	          0.09273933	          0.06167578	          0.22045435	          0.06376916	          0.01094816	          0.01038955	          0.01031477	          0.01019894	          0.01831226	          0.01337273	          0.03628062	          0.01018449	          0.01044938	          0.01136963	          0.01054721	          0.01082388	          0.01144631	          0.06457513	          0.03738867	          0.12036587	          0.22244748	          0.07637943	          0.13882970	          0.04704541	          0.08304356	          0.09188294	          0.03579398	          0.01005960	          0.01150237	          0.15963938	          0.01020542	          0.01024177	          0.01007504	          0.01017219	
          2.26000000	          1.13539138	          3.45952297	          4.63348620	         -0.01545900	          0.97445558	         -0.90017102	         -1.33457385	          3.10169696	         -9.33910580	         27.52758248	          4.10330980	          4.67304175	         23.53370744	         16.12576905	         15.49684671	         -4.30923514	         11.14886960	        -19.57637898	        -24.55028495	         -1.89801775	         -1.32578294	        -13.98316379	          1.46186619	         11.34839782	        -21.45874573	         38.58433520	         18.74423203	          1.56650283	         25.47530986	         28.07746988	         30.89453023	         21.97336963	         87.23980327	          0.02231301	          0.19646732	          0.01026071	          0.01019099	          0.01056756	          0.02274650	          0.01011804	          0.02169899	          0.01022697	          0.01261616	          0.19147303	          0.34373095	          0.14483333	          0.02698240	          0.01030882	          0.01013246	          0.01011492	          0.11426101	          0.02229100	          0.05094870	          0.06583019	          0.06013799	          0.08656351	          0.01230978	          0.25052451	          0.01018328	          0.01009972	          0.19411793	          0.25450916	          0.67241751	          0.12632698	          0.01008312	          0.01018970	          0.38796090	          0.17193398	          0.23213012	          0.54090796	          0.01109587	          0.01033048	          0.01080191	          0.06688321	          0.10222202	          0.01298219	          0.01138175	          0.04111154	          0.06249837	          0.11813978	          0.04894013	          0.23388622	          0.06179972	          0.01078912	          0.01033073	          0.01023449	          0.01014719	          0.01476862	          0.01234784	          0.05413610	          0.01026171	          0.01060354	          0.01140837	          0.01076833	          0.01106651	          0.01161394	          0.06054878	          0.02562788	          0.12077403	          0.22857984	          0.05222480	          0.10154979	          0.03141094	          0.05895361	          0.11456740	          0.04479945	          0.01005092	          0.01124233	          0.14703139	          0.01017583	          0.01029759	          0.01009602	          0.01021323	
          2.28000000	          1.19950813	          3.20001498	          4.11512825	         -0.00999578	          0.97616809	         -0.89966851	         -0.88744548	          2.36568967	        -10.53964278	         26.95667275	          4.85978743	          4.36520912	         25.07371970	         17.24806476	         14.39050651	         -5.51109328	         11.97595228	        -21.61072490	        -26.83332476	         -1.46860784	         -1.54054114	        -13.73127547	          1.50268521	         11.00592971	        -21.32350756	         36.61104027	         18.38499572	          1.17034867	         26.02662192	         28.53405597	         31.96185583	         25.10891398	         86.41623750	          0.05114350	          0.19765983	          0.01021350	          0.01015477	          0.01054543	          0.10774209	          0.01011570	          0.03016299	          0.01019056	          0.01259655	          0.16062698	          0.29116965	          0.18751683	          0.03259592	          0.01039939	          0.01013032	          0.01011180	          0.07619496	          0.01537233	          0.13472735	          0.04395115	          0.04067255	          0.10884213	          0.03774378	          0.17632162	          0.01016144	          0.01008834	          0.25432789	          0.26951617	          0.65061500	          0.15238991	          0.01007507	          0.01017671	          0.38981020	          0.11488278	          0.17502889	          0.44363656	          0.01043755	          0.01014591	          0.01031393	          0.07140880	          0.10506196	          0.02338503	          0.01197669	          0.04844696	          0.06382258	          0.10439921	          0.04090342	          0.26003232	          0.05974834	          0.01085105	          0.01035287	          0.01021560	          0.01013212	          0.02328262	          0.02221453	          0.06038625	          0.01023531	          0.01058470	          0.01159417	          0.01067451	          0.01094293	          0.01151720	          0.06068198	          0.01776872	          0.13698487	          0.29210931	          0.04653602	          0.08339815	          0.02100545	          0.04638741	          0.11370952	          0.04695543	          0.01004989	          0.01096897	          0.14361100	          0.01019066	          0.01040202	          0.01012807	          0.01028653	
          2.30000000	          1.19306917	          2.87154837	          3.68248840	         -0.00466596	          0.97813284	         -0.89927935	         -0.28237697	          1.52496399	        -11.68548371	         26.09190215	          5.70726697	          4.03110555	         26.71190103	         18.20304799	         13.04192795	         -6.39036310	         12.66723973	        -23.59891875	        -29.26199167	         -1.13536347	         -1.79677424	        -13.32590220	          1.44772515	         10.42611046	        -21.11197142	         34.33188393	         17.95988818	          0.78236117	         26.67081961	         29.01412227	         32.84398783	         28.97505915	         85.34054706	          0.03453506	          0.13189178	          0.01070793	          0.01014817	          0.02362578	          0.07248002	          0.01014892	          0.03162083	          0.01030256	          0.01268323	          0.11910105	          0.21653282	          0.12526484	          0.10318326	          0.01028222	          0.01007186	          0.01019832	          0.05081672	          0.01046801	          0.14785790	          0.02935774	          0.02733363	          0.07392663	          0.03507028	          0.11780297	          0.01028525	          0.01013810	          0.23131821	          0.17992371	          0.55769525	          0.10275623	          0.01006279	          0.01018372	          0.40735868	          0.07675355	          0.11677200	          0.32160307	          0.01021101	          0.01006696	          0.01015131	          0.05185496	          0.07772262	          0.02063718	          0.01227793	          0.03405709	          0.05532963	          0.09608699	          0.03807078	          0.28363960	          0.06804735	          0.01054954	          0.01023488	          0.01013272	          0.01007977	          0.02193440	          0.01719800	          0.04070208	          0.01021804	          0.01053204	          0.01144876	          0.01058979	          0.01082340	          0.01138151	          0.06487144	          0.01336728	          0.15005950	          0.31928553	          0.03714810	          0.08501049	          0.01411551	          0.04149538	          0.08543228	          0.04325491	          0.01003320	          0.01079452	          0.14754757	          0.01013003	          0.01045318	          0.01014456	          0.01032333	
          2.32000000	          1.12823801	          2.48077496	          3.34324857	          0.00051977	          0.98030280	         -0.89912780	          0.51264488	          0.59676542	        -12.71978483	         24.89389596	          6.60134626	          3.67026792	         28.53021950	         18.85998962	         11.41762447	         -6.88696634	         13.09212578	        -25.38206223	        -31.88438561	         -0.88070109	         -2.11095655	        -12.74901750	          1.25652711	          9.51693698	        -20.81205593	         31.31551912	         17.52920430	          0.41085774	         27.43827789	         29.61284588	         33.52650895	         34.22902896	         83.80872948	          0.02305167	          0.08794114	          0.01070554	          0.01041852	          0.01582899	          0.04835596	          0.01065488	          0.02204473	          0.01022813	          0.01254467	          0.07980364	          0.14460696	          0.08549586	          0.17651402	          0.07542708	          0.01171363	          0.01101170	          0.03409763	          0.09567339	          0.23214181	          0.01991502	          0.03180640	          0.08932343	          0.02344802	          0.07861043	          0.01023764	          0.01029425	          0.15427906	          0.11998899	          0.51665604	          0.06867741	          0.01024161	          0.01052843	          0.39009752	          0.20344202	          0.07789870	          0.21449649	          0.01782481	          0.02277787	          0.01761058	          0.03498551	          0.05209117	          0.01472558	          0.01151562	          0.02316103	          0.03767064	          0.06449636	          0.03416317	          0.30186489	          0.07633966	          0.01055271	          0.01023073	          0.01011908	          0.01007252	          0.01773398	          0.01278673	          0.02727240	          0.01029820	          0.01080169	          0.01187631	          0.01095667	          0.01133655	          0.01200021	          0.05039015	          0.02228041	          0.23285949	          0.33873993	          0.05443929	          0.09481040	          0.01041050	          0.04824057	          0.06302021	          0.03079074	          0.01003004	          0.01161058	          0.15301046	          0.01013072	          0.01038058	          0.01012282	          0.01027205	
          2.34000000	          1.02438920	          2.04597313	          3.08286964	          0.00556664	          0.98260776	         -0.89925679	          1.54967855	         -0.40107704	        -13.60732440	         23.40097598	          7.47455487	          3.27728952	         30.66177930	         19.17619145	          9.49779108	         -6.94117370	         13.12866702	        -26.76522363	        -34.69077617	         -0.69460403	         -2.48186965	        -12.01246049	          0.94896840	          8.39654086	        -20.43786523	         27.94073466	         17.13706136	          0.05248582	         28.22227765	         30.31068646	         34.03875282	         40.27097588	         82.01674241	          0.01538937	          0.05863880	          0.01029863	          0.01134508	          0.01062877	          0.03226277	          0.01174954	          0.01634392	          0.01134665	          0.01246434	          0.05327867	          0.09644345	          0.14303514	          0.22665512	          0.08629791	          0.05426862	          0.01042007	          0.08573018	          0.18470480	          0.21112398	          0.07616773	          0.11486399	          0.10447160	          0.01568454	          0.05247884	          0.01236906	          0.25290196	          0.10294102	          0.08002550	          0.64439488	          0.04593167	          0.02319309	          0.01572110	          0.36678712	          0.17762673	          0.05196034	          0.14301473	          0.01788351	          0.02261717	          0.01873985	          0.02353673	          0.03486299	          0.01078507	          0.01057636	          0.01573810	          0.02554812	          0.10296332	          0.11304947	          0.27982069	          0.07725400	          0.01038464	          0.01016081	          0.01010573	          0.01005339	          0.01920582	          0.01243821	          0.01828490	          0.01399307	          0.02039860	          0.05629355	          0.01433140	          0.02318638	          0.03573401	          0.04397264	          0.07938641	          0.22954888	          0.30427657	          0.04310479	          0.07676037	          0.01008815	          0.11000227	          0.04265450	          0.08601970	          0.01001887	          0.01914264	          0.13116375	          0.01009556	          0.01010939	          0.01003446	          0.01007806	
          2.36000000	          0.90602274	          1.58895455	          2.86918463	          0.01043673	          0.98492151	         -0.89955575	          2.87983439	         -1.45877135	        -14.34217209	         21.70568504	          8.27651186	          2.86066605	         33.23485510	         19.18769383	          7.28034751	         -6.52865128	         12.68874242	        -27.56693986	        -37.59778998	         -0.66308307	         -2.90986110	        -11.16570540	          0.60051171	          7.33078579	        -20.03253599	         25.09179439	         16.79539796	         -0.30284354	         28.82859059	         31.02789378	         34.48141553	         45.56646931	         80.43522040	          0.01029083	          0.03910988	          0.01031714	          0.01502796	          0.01010397	          0.02154031	          0.01500724	          0.01535740	          0.02535623	          0.01242919	          0.03562920	          0.06435493	          0.09552532	          0.23188579	          0.05763810	          0.03621282	          0.01087381	          0.05717354	          0.12319757	          0.24230773	          0.05085493	          0.07674063	          0.12829872	          0.01053747	          0.03507875	          0.13054316	          0.30884930	          0.06872436	          0.05339189	          0.99957140	          0.03077949	          0.01552937	          0.01516312	          0.33952307	          0.13552550	          0.03466610	          0.09537853	          0.01326355	          0.01541424	          0.01341335	          0.01645750	          0.02350892	          0.01106153	          0.01069342	          0.01240046	          0.01845462	          0.06877118	          0.07579135	          0.25838873	          0.05239990	          0.01063666	          0.01026988	          0.01014672	          0.01019570	          0.01455241	          0.01119110	          0.01239930	          0.01037990	          0.01420996	          0.03838852	          0.01134156	          0.01643111	          0.02496061	          0.04929066	          0.09148632	          0.18239667	          0.25314064	          0.15227994	          0.11328962	          0.01021673	          0.09903445	          0.49600065	          0.05771399	          0.01003562	          0.01566342	          0.08764145	          0.01015300	          0.01018792	          0.01006038	          0.01013407	
          2.38000000	          0.80076413	          1.13148205	          2.67584716	          0.01502026	          0.98705978	         -0.89979131	          4.52937450	         -2.56978177	        -14.90796768	         19.91226261	          8.99763703	          2.44171411	         36.30541155	         18.94311852	          4.79635754	         -5.69867188	         11.76004431	        -27.59928318	        -40.40205609	         -1.00807970	         -3.41562126	        -10.28673790	          0.27412210	          6.50416843	        -19.64944204	         23.24063791	         16.53709026	         -0.64419991	         29.18250516	         31.74662202	         34.96862675	         49.11433720	         79.35566270	          0.01372653	          0.23971198	          0.01014262	          0.01010367	          0.01038716	          0.10225261	          0.01007953	          0.01409374	          0.06671982	          0.01219194	          0.02385204	          0.04294906	          0.07998466	          0.15528501	          0.03845339	          0.02415094	          0.01007336	          0.03812145	          0.08214887	          0.16211233	          0.03392322	          0.05120269	          0.10041563	          0.01196822	          0.26947987	          0.14956199	          0.34069563	          0.41349731	          0.30438188	          0.99975131	          0.21676497	          0.01036514	          0.01017166	          0.32520078	          0.09041264	          0.02313766	          0.06360241	          0.01663096	          0.02213983	          0.01742467	          0.01141740	          0.01580877	          0.01028098	          0.01022934	          0.01056547	          0.01316362	          0.54582201	          0.31201600	          0.22322046	          0.07749194	          0.01059061	          0.01023178	          0.01266888	          0.09429255	          0.01114284	          0.01020706	          0.01014854	          0.08911163	          0.08124379	          0.10754385	          0.05042717	          0.08327610	          0.08650722	          0.10758469	          0.08670159	          0.14246436	          0.18822358	          0.10199443	          0.07579477	          0.01004989	          0.18832532	          0.81856139	          0.03876608	          0.01002489	          0.02033967	          0.13480846	          0.01015029	          0.01005543	          0.01001751	          0.01003936	
          2.40000000	          0.73579361	          0.69635257	          2.48998400	          0.01919124	          0.98885675	         -0.89971780	          6.47463551	         -3.71749530	        -15.25401386	         18.11289157	          9.64973413	          2.05692546	         39.82258955	         18.45010463	          2.13401682	         -4.56046951	         10.44209773	        -26.69242176	        -42.74577998	         -1.93754305	         -4.02680765	         -9.45874723	         -0.00756460	          5.91044055	        -19.33218709	         22.12002794	         16.44382279	         -0.93181614	         29.40728546	         32.54228601	         35.54301256	         51.08433481	         78.70386113	          0.15678987	          0.35564404	          0.01011165	          0.01005660	          0.01028966	          0.40613284	          0.01005412	          0.01389624	          0.06422199	          0.01194634	          0.01604863	          0.02869624	          0.08231202	          0.16260525	          0.02567216	          0.01611124	          0.01005916	          0.02541899	          0.05477977	          0.34868713	          0.02263179	          0.03416568	          0.18388625	          0.01297693	          0.17987408	          0.14488327	          0.35842984	          0.41521072	          0.77589597	          0.99966161	          0.37192788	          0.01002544	          0.01007281	          0.24375542	          0.06031583	          0.01545952	          0.04243201	          0.01943585	          0.03146085	          0.02149974	          0.01038122	          0.01069020	          0.01051443	          0.01049065	          0.01088086	          0.01154370	          0.51170392	          0.24120905	          0.16707197	          0.05669895	          0.01091118	          0.01028913	          0.11884797	          0.12370765	          0.07409196	          0.10601945	          0.01055675	          0.08796589	          0.09806251	          0.11405688	          0.03498353	          0.05673482	          0.05913815	          0.07579544	          0.05787848	          0.09514609	          0.12553541	          0.06810453	          0.05058475	          0.01003885	          0.12570145	          0.95853046	          0.62849690	          0.01002739	          0.01380375	          0.27787068	          0.01018921	          0.01006243	          0.01001982	          0.01004413	
          2.42000000	          0.73358684	          0.30441375	          2.29119834	          0.02291594	          0.99018422	         -0.89919059	          8.61687127	         -4.86103108	        -15.34020465	         16.37606058	         10.22301469	          1.77109474	         43.63429870	         17.69389804	         -0.54339185	         -3.24768760	          8.88472826	        -24.88209043	        -44.21886021	         -3.12221462	         -4.75013565	         -8.74014165	         -0.24369514	          5.41899133	        -19.09865750	         21.14096480	         16.59856168	         -1.12428430	         29.71576652	         33.51103430	         36.13230410	         52.24890995	         78.21927115	          0.29082927	          0.33654080	          0.01024508	          0.01007583	          0.13746662	          0.58986520	          0.01018303	          0.01407631	          0.04370745	          0.01219283	          0.01106509	          0.01922890	          0.05624487	          0.18107641	          0.01720740	          0.01076433	          0.01184636	          0.01695064	          0.03653177	          0.47677805	          0.01510550	          0.02280233	          0.12315491	          0.20053995	          0.11999880	          0.16215794	          0.35390366	          0.50225590	          0.51761053	          0.99985185	          0.26093830	          0.01004762	          0.01012748	          0.19471882	          0.04023575	          0.01038889	          0.02831850	          0.01724096	          0.02476240	          0.01855654	          0.01163869	          0.01073664	          0.02939020	          0.07883279	          0.01417491	          0.01261794	          0.52726346	          0.18780697	          0.11211779	          0.08711150	          0.01683392	          0.01169919	          0.12990749	          0.12670260	          0.04970473	          0.10253695	          0.04898104	          0.10081769	          0.06600081	          0.07627728	          0.03010367	          0.03873070	          0.04005956	          0.05083182	          0.03864789	          0.06351034	          0.08372035	          0.04544965	          0.03376308	          0.01003983	          0.08387956	          0.99738781	          0.41957886	          0.01004329	          0.01041516	          0.32390542	          0.01297619	          0.01008329	          0.01002650	          0.01005862	
          2.44000000	          0.80815880	         -0.03135360	          2.04398935	          0.02631892	          0.99089136	         -0.89820813	         10.80060273	         -5.92821799	        -15.17766171	         14.74851162	         10.67307383	          1.68068376	         47.53396252	         16.69725497	         -2.99355601	         -1.89294097	          7.19309761	        -22.44168002	        -44.49810421	         -4.01365697	         -5.56105549	         -8.15125137	         -0.45254001	          4.87503790	        -18.93516086	         19.83325547	         17.02307248	         -1.21092638	         30.27292499	         34.70489337	         36.59959333	         53.33326099	         77.65660904	          0.34900634	          0.26428437	          0.01045724	          0.01007209	          0.09264435	          0.97031178	          0.01083386	          0.01380308	          0.02928829	          0.01021072	          0.01446384	          0.02230420	          0.06975163	          0.12096985	          0.01164561	          0.01006799	          0.02628103	          0.01130674	          0.02436586	          0.45962245	          0.01010860	          0.01522861	          0.08276613	          0.22512499	          0.08010380	          0.16183197	          0.36294048	          0.65498870	          0.50594346	          0.99997663	          0.25344387	          0.01004628	          0.01013823	          0.14051072	          0.02685348	          0.01004900	          0.01900568	          0.01990024	          0.03167278	          0.02223123	          0.01043468	          0.01023127	          0.02102261	          0.08681843	          0.01218587	          0.01094841	          0.57510990	          0.17547457	          0.07820419	          0.06604670	          0.01846424	          0.01299014	          0.12933864	          0.11413030	          0.03337645	          0.12791204	          0.03302512	          0.15876045	          0.12797403	          0.05136982	          0.11374601	          0.06602035	          0.02938764	          0.03397917	          0.02582613	          0.04242551	          0.05584490	          0.03034168	          0.02254435	          0.01004342	          0.05597713	          0.99976972	          0.49002709	          0.01004862	          0.01100055	          0.32628819	          0.04820101	          0.01010220	          0.01003253	          0.01007176	
          2.46000000	          0.96304632	         -0.30548264	          1.72194932	          0.02964419	          0.99091159	         -0.89687481	         12.87614253	         -6.83143665	        -14.79859756	         13.27586930	         10.95281602	          1.89360978	         51.32137492	         15.53237951	         -4.92686920	         -0.61896404	          5.39992209	        -19.73273121	        -43.26415767	         -4.47046805	         -6.40939780	         -7.68844710	         -0.65222694	          4.18674709	        -18.80840766	         18.03423866	         17.65494047	         -1.22333676	         31.09653601	         36.10210976	         36.85946479	         54.74730707	         76.87976729	          0.23278014	          0.17624128	          0.01004894	          0.01002210	          0.06181479	          0.74432555	          0.01003906	          0.01354073	          0.31557428	          0.01127098	          0.01105228	          0.01497445	          0.04652180	          0.08065506	          0.01013098	          0.01003391	          0.01755458	          0.01001121	          0.01625858	          0.35204695	          0.01003698	          0.01020908	          0.06874773	          0.15023057	          0.05392637	          0.15708651	          0.34836692	          0.61440716	          0.97253245	          0.99962265	          0.57893056	          0.01001401	          0.01003740	          0.09367600	          0.01796504	          0.01007733	          0.01272413	          0.04157255	          0.09727182	          0.05240604	          0.01021531	          0.01012468	          0.01473213	          0.10098878	          0.01075342	          0.01041791	          0.50969963	          0.13962129	          0.05292173	          0.06540209	          0.03039032	          0.01443325	          0.10469574	          0.09393390	          0.02238896	          0.29140262	          0.02218236	          0.80833989	          0.15859854	          0.03460138	          0.12884688	          0.11575705	          0.07268207	          0.02270541	          0.01728261	          0.02839760	          0.03726542	          0.02026165	          0.01506845	          0.01003154	          0.03735979	          0.99969661	          0.60196574	          0.01002915	          0.32802373	          0.21786486	          0.03242334	          0.01005476	          0.01001754	          0.01003868	
          2.48000000	          1.18340185	         -0.50942229	          1.31963053	          0.03314189	          0.99039562	         -0.89535729	         14.74597742	         -7.48637570	        -14.15514739	         11.96387872	         11.09253316	          2.32698637	         54.87122049	         14.41565347	         -6.06614616	          0.43932745	          3.64721960	        -17.02147342	        -40.35254941	         -4.72889079	         -7.22858344	         -7.33957891	         -0.81289201	          3.39850664	        -18.68499039	         15.92912299	         18.36865225	         -1.22416833	         32.00707095	         37.59288966	         36.93846479	         56.50722938	         75.90868962	          0.15551505	          0.16292930	          0.01043787	          0.01016534	          0.04131118	          0.49627473	          0.01036969	          0.01378821	          0.35489386	          0.18566516	          0.01029228	          0.01016596	          0.03102715	          0.05377658	          0.01052631	          0.01017775	          0.01191691	          0.01007931	          0.01089987	          0.23473763	          0.01021500	          0.01042157	          0.04592783	          0.10042502	          0.03708846	          0.24087506	          0.33207702	          0.53730554	          0.64838641	          0.99997127	          0.38601127	          0.01011858	          0.01027019	          0.06245399	          0.01228677	          0.14903780	          0.01006025	          0.03037480	          0.06597666	          0.03725578	          0.01009744	          0.01005198	          0.01464322	          0.26445634	          0.01034540	          0.01015295	          0.47209268	          0.09322463	          0.03541638	          0.04382889	          0.02095093	          0.01166711	          0.07003765	          0.06336552	          0.01499572	          0.21909296	          0.01491611	          0.99992500	          0.68457375	          0.02315921	          0.70429372	          0.27518792	          0.04923397	          0.01517191	          0.01160547	          0.02029845	          0.02492429	          0.01353489	          0.01011611	          0.01005325	          0.02493496	          0.99990290	          0.57982911	          0.03482765	          0.43294494	          0.14531737	          0.29449150	          0.01146730	          0.01046326	          0.01095808	
          2.50000000	          1.43905627	         -0.63741163	          0.82592078	          0.03690484	          0.98970035	         -0.89378069	         16.38052139	         -7.84706232	        -13.19466204	         10.79983536	         11.17198124	          2.85231716	         58.09861852	         13.55387397	         -6.20961500	          1.18853325	          2.22440784	        -14.65620879	        -35.64816221	         -5.12306006	         -7.95774637	         -7.09217522	         -0.87662912	          2.63970926	        -18.54904318	         13.89118609	         19.02241971	         -1.28049666	         32.75355046	         39.04704347	         36.93602711	         58.35272249	         74.88151117	          0.13315939	          0.14649238	          0.01006485	          0.01003103	          0.02761886	          0.79718777	          0.01004115	          0.01373803	          0.37911245	          0.13591789	          0.01036033	          0.01017816	          0.02069851	          0.03585751	          0.01009151	          0.01003548	          0.01004312	          0.01002017	          0.01005432	          0.15654436	          0.01005882	          0.01012735	          0.03071282	          0.06753720	          0.08353624	          0.22608920	          0.25060845	          0.80904103	          0.99989595	          0.99998220	          0.77160639	          0.01001909	          0.01004935	          0.04163799	          0.01050842	          0.45027504	          0.01007765	          0.03974451	          0.09629060	          0.05111571	          0.01004300	          0.01002439	          0.01022597	          0.71360927	          0.01012853	          0.01007088	          0.46124537	          0.06243025	          0.02373750	          0.03072833	          0.13017123	          0.21012796	          0.14046145	          0.06976530	          0.01018416	          0.27947201	          0.01011293	          0.99996743	          0.99979479	          0.01555452	          0.99979136	          0.85911035	          0.27501691	          0.01016993	          0.01020818	          0.01385162	          0.01665480	          0.01005797	          0.01005148	          0.01003388	          0.01665259	          0.99997710	          0.80133001	          0.05544378	          0.46376842	          0.25264955	          0.34674618	          0.01119788	          0.01039220	          0.01086567	
          2.52000000	          1.70360229	         -0.70190898	          0.24188685	          0.04081647	          0.98930709	         -0.89214376	         17.81555777	         -7.94844212	        -12.08957135	          9.79097731	         11.24473406	          3.48674240	         60.80855148	         12.95610062	         -5.31332046	          1.61369028	          1.21553000	        -12.98293554	        -29.34311017	         -5.73958772	         -8.57426764	         -6.94165993	         -0.82458475	          1.95371588	        -18.40990128	         12.12025894	         19.53431194	         -1.43155709	         33.23969511	         40.44333559	         36.97666087	         60.09263228	         73.89369723	          0.25445149	          0.12302631	          0.01007628	          0.01002512	          0.04785356	          0.99954030	          0.01005044	          0.01024678	          0.35892389	          0.16536759	          0.01043525	          0.01017153	          0.01381207	          0.02391040	          0.01012419	          0.01003799	          0.04543275	          0.01000972	          0.01002952	          0.10442663	          0.01002710	          0.01005220	          0.02055270	          0.06014115	          0.05576444	          0.15109738	          0.18619124	          0.80275267	          0.99971125	          0.82654310	          0.73723666	          0.01001129	          0.01002901	          0.02776077	          0.01008217	          0.47521796	          0.01008423	          0.05286034	          0.07483612	          0.05504085	          0.01003279	          0.01001718	          0.01212898	          0.51659653	          0.01012273	          0.01005165	          0.36849057	          0.04210057	          0.01593853	          0.04139370	          0.11150992	          0.18477988	          0.10378067	          0.04667225	          0.01011406	          0.30649431	          0.01033606	          0.99997719	          0.99978027	          0.01046537	          0.99989043	          0.77960277	          0.18358298	          0.01007240	          0.01007364	          0.01023852	          0.01113951	          0.01003412	          0.01003029	          0.01001268	          0.01114108	          0.83794773	          0.79820571	          0.10960196	          0.49945975	          0.25566370	          0.32538169	          0.01090685	          0.01024875	          0.01059758	
          2.54000000	          1.95949859	         -0.73195856	         -0.39167831	          0.04467559	          0.98953161	         -0.89040247	         19.08592955	         -7.87776895	        -11.02120424	          8.92889287	         11.33940544	          4.23682584	         62.77348298	         12.53427471	         -3.59700406	          1.70676378	          0.50396085	        -11.98071775	        -22.73629023	         -6.47202298	         -9.09622431	         -6.87814840	         -0.68123285	          1.28357669	        -18.29238118	         10.57526247	         19.90630549	         -1.68829763	         33.53051840	         41.84842031	         37.17269215	         61.73082878	         72.94236639	          0.16979159	          0.10304132	          0.01020386	          0.01008335	          0.03287432	          0.66641332	          0.05588433	          0.22093409	          0.33622331	          0.14984688	          0.01083571	          0.01029254	          0.01031932	          0.01596347	          0.01030117	          0.01011318	          0.03048702	          0.01003560	          0.01009915	          0.06966571	          0.01009822	          0.01018685	          0.01390663	          0.27980159	          0.03753662	          0.10251762	          0.13774299	          0.53628754	          0.66658312	          0.61938833	          0.49171371	          0.01014666	          0.01035163	          0.01851010	          0.01033638	          0.44450918	          0.01014892	          0.03525202	          0.04989490	          0.03670253	          0.01006329	          0.01003834	          0.01014674	          0.34441884	          0.01016256	          0.01010347	          0.24566969	          0.02865932	          0.01081718	          0.03898904	          0.08541243	          0.14230484	          0.07197105	          0.03127610	          0.01018430	          0.20437082	          0.01007003	          0.99988282	          0.77962823	          0.07887368	          0.86995103	          0.52033474	          0.25496261	          0.01013325	          0.01204445	          0.01013109	          0.01004841	          0.01014391	          0.01010821	          0.01021143	          0.01054047	          0.67937707	          0.53215486	          0.11996056	          0.50070663	          0.20628003	          0.22541084	          0.01912114	          0.02814065	          0.02020240	
          2.56000000	          2.19374732	         -0.75459247	         -1.04845366	          0.04831627	          0.99025203	         -0.88860135	         20.20196152	         -7.72119237	        -10.10370049	          8.18728797	         11.46687975	          5.05608335	         63.89400490	         12.18385133	         -1.42648300	          1.45160948	          0.01846848	        -11.56635847	        -17.02303800	         -7.19093314	         -9.54735186	         -6.86534582	         -0.47392271	          0.62086848	        -18.22191831	          9.29049273	         20.15370351	         -2.06486859	         33.69200953	         43.26386093	         37.57200405	         63.23571109	         72.05609817	          0.11338251	          0.07867421	          0.01053087	          0.01011778	          0.03221521	          0.44434539	          0.03735070	          0.14784611	          0.32374025	          0.14874934	          0.01079541	          0.01026752	          0.01012734	          0.01066077	          0.01028747	          0.01012315	          0.02102474	          0.01003499	          0.01008816	          0.04649505	          0.01009853	          0.01016535	          0.01040299	          0.18687773	          0.02561021	          0.07510569	          0.11658446	          0.44745519	          0.55074367	          0.51231639	          0.32873027	          0.01013063	          0.01052820	          0.01234456	          0.01017129	          0.45173052	          0.01014819	          0.02352098	          0.03327016	          0.02448235	          0.01006859	          0.01004078	          0.01019999	          0.22965702	          0.01018671	          0.01011772	          0.16386501	          0.02007312	          0.01206029	          0.02656180	          0.05706291	          0.09493835	          0.04884148	          0.04970359	          0.01033970	          0.13659145	          0.01010754	          0.99990882	          0.80671552	          0.26954995	          0.66268794	          0.42586143	          0.19857503	          0.01014993	          0.01089096	          0.01095095	          0.01095304	          0.01022238	          0.01012072	          0.01013052	          0.01101016	          0.63207395	          0.35482580	          0.11339494	          0.50242043	          0.13755779	          0.15030721	          0.01855510	          0.02954278	          0.02053894	
          2.58000000	          2.39609651	         -0.78153771	         -1.71269767	          0.05166510	          0.99113959	         -0.88691821	         21.17654840	         -7.54754132	         -9.43686826	          7.53701764	         11.62627219	          5.88880142	         64.16889316	         11.84105080	          0.88248751	          0.87696044	         -0.32360603	        -11.73458087	        -12.39640173	         -7.87861977	         -9.93459675	         -6.84939534	         -0.20679192	          0.02871363	        -18.21082235	          8.44290565	         20.27452738	         -2.58809235	         33.72639889	         44.60379110	         38.17280302	         64.47056439	         71.32429448	          0.07564590	          0.05250080	          0.01027631	          0.01012191	          0.02158661	          0.29627663	          0.02493715	          0.11063628	          0.31236355	          0.15208360	          0.01073670	          0.01024326	          0.01009297	          0.01003918	          0.01031471	          0.01014029	          0.01412106	          0.01005466	          0.01013721	          0.03110221	          0.01015349	          0.01026411	          0.01081572	          0.12468986	          0.09228038	          0.09454639	          0.11941665	          0.36799793	          0.39101560	          0.43098686	          0.30356231	          0.01010393	          0.01030410	          0.01001223	          0.01118216	          0.46588069	          0.01014046	          0.01571117	          0.02218977	          0.01634232	          0.01006372	          0.01003750	          0.01020237	          0.15315049	          0.01018585	          0.01011480	          0.10925968	          0.01504830	          0.01469788	          0.01858097	          0.03828349	          0.06342120	          0.03391471	          0.08912405	          0.03530727	          0.09340759	          0.01014043	          0.99988956	          0.90141039	          0.46696917	          0.62432671	          0.43149407	          0.25604290	          0.01014719	          0.01036007	          0.02604786	          0.11949214	          0.01049639	          0.01011018	          0.01011197	          0.01089924	          0.61855067	          0.23661908	          0.10982897	          0.52670300	          0.09175880	          0.10026600	          0.01877298	          0.03045866	          0.02089030	
          2.60000000	          2.55880822	         -0.80877521	         -2.33962025	          0.05474313	          0.99196714	         -0.88561866	         22.02427815	         -7.39372110	         -9.01376911	          6.96242755	         11.79485729	          6.74043869	         63.63194328	         11.49127624	          3.10194461	          0.11285332	         -0.66031636	        -12.39261569	         -8.78391545	         -8.55370927	        -10.24957989	         -6.78020393	          0.11914683	         -0.45495608	        -18.24653978	          8.10334127	         20.27401653	         -3.27654957	         33.62047554	         45.80462426	         38.96238399	         65.37845566	         70.78189170	          0.05046733	          0.03503013	          0.01020075	          0.01013039	          0.01448026	          0.19755340	          0.01666041	          0.11385682	          0.29615000	          0.14738852	          0.01071472	          0.01023716	          0.01008578	          0.01004428	          0.01054118	          0.01021470	          0.01016353	          0.01010532	          0.01029328	          0.02157946	          0.01030306	          0.01074833	          0.02734392	          0.08319738	          0.11597696	          0.10045930	          0.12759624	          0.29096863	          0.26219368	          0.32825647	          0.26656284	          0.01012263	          0.01032404	          0.01001582	          0.18488574	          0.45463953	          0.01013960	          0.01053806	          0.01480895	          0.01093276	          0.01005825	          0.01003428	          0.01017941	          0.10215110	          0.01017141	          0.01010409	          0.07285949	          0.01379163	          0.03439933	          0.01373868	          0.02572591	          0.04238072	          0.02829497	          0.08372526	          0.03221919	          0.06232079	          0.01011683	          0.99991774	          0.99420557	          0.55152272	          0.69828786	          0.46578301	          0.26159898	          0.01013223	          0.01038355	          0.08058778	          0.11151091	          0.01041167	          0.01010348	          0.01010617	          0.01086274	          0.56731052	          0.15783831	          0.11679522	          0.56807684	          0.06122227	          0.06688267	          0.01805130	          0.02745508	          0.01979403	
          2.62000000	          2.67711824	         -0.82166080	         -2.88334176	          0.05762732	          0.99260991	         -0.88492641	         22.75962597	         -7.26644794	         -8.80432551	          6.45910262	         11.93384679	          7.66234786	         62.33095501	         11.15913124	          5.07472724	         -0.59288633	         -1.09012809	        -13.33614811	         -6.10999167	         -9.14294711	        -10.47433096	         -6.62669441	          0.48253952	         -0.84575487	        -18.30200020	          8.15785665	         20.16598623	         -4.11888037	         33.37930126	         46.86954186	         39.91060739	         66.05042322	         70.37440871	          0.03367906	          0.02338143	          0.01018010	          0.01014752	          0.01022362	          0.13173625	          0.01116164	          0.13900100	          0.27799147	          0.13800955	          0.01077979	          0.01025461	          0.01009102	          0.01004599	          0.01089934	          0.01029313	          0.01013432	          0.01118037	          0.03379453	          0.09676074	          0.01263212	          0.07003941	          0.11097765	          0.05553199	          0.19884285	          0.09715130	          0.13559817	          0.23818008	          0.17581189	          0.22910000	          0.25856488	          0.01015915	          0.01038976	          0.01001710	          0.18429398	          0.43134013	          0.01015238	          0.01015288	          0.01005558	          0.01010476	          0.01004331	          0.01002596	          0.01012639	          0.06815088	          0.01013142	          0.01008401	          0.04858620	          0.01368108	          0.02436695	          0.01269505	          0.01765212	          0.02849462	          0.02926896	          0.06078555	          0.02196457	          0.04156558	          0.01011754	          0.99993397	          0.99989299	          0.38418676	          0.70839190	          0.60144500	          0.37481922	          0.01010760	          0.01016429	          0.05403673	          0.07459214	          0.01536243	          0.01008789	          0.01012544	          0.01129810	          0.48185061	          0.10530262	          0.10612401	          0.60465380	          0.04090117	          0.04470925	          0.01933455	          0.03191193	          0.02166739	
          2.64000000	          2.74618910	         -0.80828538	         -3.33961431	          0.06036961	          0.99297256	         -0.88488518	         23.38435113	         -7.17767088	         -8.78308964	          6.02913072	         12.01016507	          8.68783746	         60.33749065	         10.87924579	          6.64934792	         -0.96290827	         -1.63459301	        -14.30903888	         -4.23707948	         -9.47640994	        -10.59545622	         -6.38259898	          0.85998618	         -1.17257770	        -18.35988161	          8.45042984	         19.95779665	         -5.07629556	         33.02102686	         47.83273735	         40.97701658	         66.62905249	         70.02379308	          0.02249214	          0.01562228	          0.01016541	          0.01013812	          0.01021894	          0.08786227	          0.01015653	          0.16317050	          0.26207349	          0.13027008	          0.01086037	          0.01028017	          0.01011135	          0.01005693	          0.01101578	          0.01030342	          0.01012486	          0.04495782	          0.08570829	          0.12011906	          0.03270344	          0.09232012	          0.11497608	          0.03709829	          0.18384674	          0.09567262	          0.14852435	          0.23812579	          0.17566311	          0.16555595	          0.28212593	          0.01017541	          0.01043639	          0.01002015	          0.18785202	          0.40376147	          0.01016894	          0.01014939	          0.01005438	          0.01010851	          0.01005345	          0.01003207	          0.01012328	          0.04551449	          0.01014267	          0.01008728	          0.03240104	          0.01351553	          0.01724675	          0.01316233	          0.01396728	          0.02020247	          0.02553786	          0.04087545	          0.01467388	          0.02771754	          0.01005180	          0.99994188	          0.92399817	          0.25614646	          0.94607700	          0.55599276	          0.25003746	          0.01010617	          0.03554265	          0.03617834	          0.04979538	          0.01029729	          0.01011263	          0.01019040	          0.01121266	          0.44340814	          0.07027663	          0.08451941	          0.61610375	          0.02770880	          0.08689674	          0.02353403	          0.04551049	          0.02786652	
          2.66000000	          2.75906889	         -0.76550769	         -3.75123883	          0.06292844	          0.99295154	         -0.88535471	         23.89379965	         -7.16876390	         -8.95956466	          5.68671247	         12.01603837	          9.79838572	         57.75232196	         10.68113585	          7.65822865	         -0.86024901	         -2.31394776	        -15.12614930	         -2.93824381	         -9.45166690	        -10.61876415	         -6.06105120	          1.24217984	         -1.46154326	        -18.41473526	          8.85851280	         19.66022463	         -6.09386645	         32.58285392	         48.72430817	         42.12319325	         67.23324088	         69.67351843	          0.01505304	          0.01048319	          0.01015788	          0.01013368	          0.01020261	          0.05861897	          0.01016639	          0.15452650	          0.24867711	          0.12353062	          0.01091039	          0.01030333	          0.01012018	          0.01006199	          0.01109604	          0.01031809	          0.01012125	          0.03302167	          0.09263567	          0.13032451	          0.02872535	          0.09839165	          0.12125177	          0.02482418	          0.19519061	          0.09927571	          0.16943805	          0.24484857	          0.17358243	          0.15572123	          0.28445283	          0.01014617	          0.01037843	          0.01002378	          0.18372500	          0.36908548	          0.01018170	          0.01015516	          0.01005577	          0.01011095	          0.01005599	          0.01003211	          0.01011594	          0.03052154	          0.01013507	          0.01007657	          0.02161198	          0.01338316	          0.01326799	          0.01654410	          0.03635226	          0.06423076	          0.01992557	          0.02757111	          0.01003895	          0.01848450	          0.01003351	          0.99995968	          0.81413186	          0.17078177	          0.99980725	          0.59764075	          0.16686428	          0.01008910	          0.15903234	          0.02425540	          0.03327114	          0.01004675	          0.01010681	          0.01010986	          0.01064173	          0.41125285	          0.04696477	          0.06518732	          0.57226981	          0.04936156	          0.11497053	          0.03041795	          0.07258588	          0.03844270	
          2.68000000	          2.70991455	         -0.69729325	         -4.17350334	          0.06520315	          0.99249254	         -0.88611784	         24.28869768	         -7.28581852	         -9.38319695	          5.46209121	         11.97246185	         10.92292223	         54.68277219	         10.58619722	          7.98233977	         -0.41107594	         -3.17884816	        -15.78843451	         -1.98550817	         -9.15637573	        -10.56507002	         -5.68393971	          1.62418383	         -1.74201723	        -18.45082647	          9.29195266	         19.31369512	         -7.09698410	         32.13057237	         49.51983304	         43.26714144	         67.91732662	         69.30676511	          0.01028344	          0.01015261	          0.01015622	          0.01013052	          0.01020056	          0.03913317	          0.01015958	          0.14944104	          0.23597478	          0.11514206	          0.01088871	          0.01031510	          0.01013423	          0.01007122	          0.01111743	          0.01032470	          0.01012511	          0.02241007	          0.06857188	          0.12252483	          0.02043663	          0.08108168	          0.10900947	          0.01668382	          0.17881729	          0.11506990	          0.18719972	          0.24874940	          0.18533076	          0.17686322	          0.28790788	          0.01012991	          0.01034825	          0.01002896	          0.17407916	          0.33232536	          0.01018262	          0.01016415	          0.01005834	          0.01011666	          0.01005912	          0.01003412	          0.01011408	          0.02059559	          0.01013961	          0.01008174	          0.01442870	          0.01336222	          0.01158540	          0.02144334	          0.03851947	          0.05980026	          0.01953004	          0.01869829	          0.01004366	          0.01233399	          0.01003240	          0.99995095	          0.80962773	          0.11389252	          0.84060107	          0.48660225	          0.11197168	          0.01009416	          0.10607902	          0.01631187	          0.02225501	          0.01005518	          0.01012243	          0.01014651	          0.01087678	          0.33726824	          0.03150396	          0.05246377	          0.45063647	          0.03421181	          0.10430321	          0.03186267	          0.07490975	          0.04053303	
          2.70000000	          2.60304776	         -0.61399584	         -4.63319468	          0.06711035	          0.99169487	         -0.88698816	         24.56284209	         -7.53271547	        -10.08945006	          5.38230808	         11.91609582	         11.91908253	         51.20476534	         10.59172478	          7.64367866	          0.04183265	         -4.23112930	        -16.47524812	         -1.23748824	         -8.78769056	        -10.46341820	         -5.27283256	          1.99586349	         -2.04118098	        -18.43441453	          9.69789691	         18.98000139	         -8.00690028	         31.74657083	         50.14089710	         44.28517472	         68.66578006	         68.94498770	          0.01025875	          0.01016959	          0.01016069	          0.01013302	          0.01020657	          0.02615813	          0.01018057	          0.12937530	          0.22302339	          0.10544389	          0.01087384	          0.01033076	          0.01018812	          0.01010528	          0.01106058	          0.01032311	          0.01013187	          0.01533300	          0.05200803	          0.11474095	          0.01492121	          0.07239138	          0.10115256	          0.01144496	          0.17164008	          0.13246944	          0.18697564	          0.25641315	          0.17979152	          0.15000618	          0.28710173	          0.01014270	          0.01039124	          0.01003725	          0.16285803	          0.29939379	          0.01018450	          0.01014864	          0.01005182	          0.01010468	          0.01006987	          0.01003961	          0.01024753	          0.01603539	          0.01021408	          0.01012019	          0.01517976	          0.01338335	          0.01444061	          0.01591911	          0.02598705	          0.04002826	          0.01495539	          0.01411962	          0.01039001	          0.01244807	          0.01013886	          0.99979205	          0.69247867	          0.34517509	          0.56047322	          0.32478931	          0.13989268	          0.01015173	          0.07074593	          0.01313959	          0.05237774	          0.01056109	          0.01011256	          0.01006190	          0.01074245	          0.23804849	          0.02368683	          0.05086838	          0.35143335	          0.02288133	          0.06958602	          0.02930923	          0.06512687	          0.03659040	
          2.72000000	          2.45666140	         -0.53238019	         -5.09475427	          0.06862698	          0.99080368	         -0.88788589	         24.69630538	         -7.85581676	        -10.99886561	          5.43883479	         11.87635238	         12.64069289	         47.37051371	         10.66336817	          6.84918491	          0.22637847	         -5.30545195	        -17.30395810	         -0.68261980	         -8.51190733	        -10.34886960	         -4.84183580	          2.34214587	         -2.36732995	        -18.33951453	         10.06447091	         18.69824664	         -8.78138619	         31.49015043	         50.53709444	         45.11771947	         69.44636453	         68.61299937	          0.01017028	          0.01010439	          0.01012562	          0.01010784	          0.01015067	          0.01754203	          0.01006635	          0.08679766	          0.20877472	          0.09529556	          0.01093896	          0.01036273	          0.01011246	          0.01006071	          0.01128078	          0.01036605	          0.01011003	          0.01155620	          0.03633908	          0.12076705	          0.01276802	          0.05715483	          0.10514116	          0.01022931	          0.16594127	          0.11657192	          0.16429812	          0.21976426	          0.18466977	          0.10544207	          0.27118963	          0.01003850	          0.01011751	          0.01004616	          0.12879488	          0.27500831	          0.01019479	          0.01040319	          0.01013904	          0.01028031	          0.01012022	          0.01007634	          0.01024362	          0.01089045	          0.01030837	          0.01021527	          0.01028012	          0.01342806	          0.01658256	          0.01271455	          0.01771019	          0.02692107	          0.01263681	          0.04907852	          0.07577935	          0.07574567	          0.01011474	          0.95801427	          0.57508103	          0.27741500	          0.37372482	          0.21804501	          0.18085530	          0.01025703	          0.04719138	          0.05147690	          0.05697837	          0.17577921	          0.01031575	          0.04372940	          0.01499848	          0.15871480	          0.01586927	          0.04064399	          0.33468746	          0.01530969	          0.04645791	          0.02800285	          0.06151244	          0.03469836	
          2.74000000	          2.29067544	         -0.47360776	         -5.46615211	          0.06979948	          0.99004643	         -0.88885590	         24.68921436	         -8.17203376	        -11.91564402	          5.58414403	         11.85566436	         13.06785553	         43.26851695	         10.75475338	          5.91949083	          0.23431048	         -6.07092705	        -18.09046293	         -0.37633846	         -8.35591272	        -10.24632101	         -4.39083312	          2.63291447	         -2.70418896	        -18.16843362	         10.41592457	         18.46787659	         -9.41853675	         31.35966036	         50.71601915	         45.79774113	         70.23534086	         68.31786004	          0.01051190	          0.01030945	          0.01025449	          0.01018606	          0.01037279	          0.01250595	          0.01161426	          0.20472654	          0.19615137	          0.08756558	          0.01122122	          0.01047143	          0.01083166	          0.01059626	          0.01074295	          0.01026747	          0.01022301	          0.01017693	          0.02447974	          0.08081521	          0.01068882	          0.03859560	          0.07057285	          0.01388665	          0.11222178	          0.09007792	          0.13479479	          0.17494861	          0.12579535	          0.07031323	          0.27077081	          0.03751016	          0.01327301	          0.01005654	          0.08599119	          0.26813882	          0.01026099	          0.01012499	          0.01004228	          0.01008707	          0.01002663	          0.01001802	          0.01008704	          0.01006654	          0.01009985	          0.01009251	          0.01689663	          0.01342804	          0.01138595	          0.01101501	          0.02407590	          0.06149268	          0.03263394	          0.03340936	          0.05059826	          0.05054867	          0.02260786	          0.78952787	          0.62536464	          0.18499604	          0.24922460	          0.32945433	          0.14703661	          0.01016925	          0.03148294	          0.03446822	          0.03803502	          0.11724740	          0.01008414	          0.09982622	          0.03785742	          0.10583599	          0.01067129	          0.03366684	          0.28703220	          0.01028140	          0.09183170	          0.02638450	          0.05674591	          0.03204864	
          2.76000000	          2.11262752	         -0.45845764	         -5.66568710	          0.07070400	          0.98947698	         -0.89000324	         24.57728131	         -8.40497613	        -12.60732935	          5.75305501	         11.84123903	         13.26415877	         39.04930302	         10.82125455	          5.15355068	          0.50045310	         -6.20487744	        -18.56834548	         -0.26612952	         -8.04935725	        -10.16111737	         -3.90358289	          2.82044561	         -3.02055978	        -17.94061041	         10.80507911	         18.26102757	         -9.93680204	         31.30433875	         50.70700740	         46.38001174	         71.00709961	         68.05719382	          0.01013685	          0.01008575	          0.01013826	          0.01015703	          0.01013289	          0.01018399	          0.01029414	          0.18788109	          0.18930649	          0.08530306	          0.01144222	          0.01054316	          0.01156351	          0.01115048	          0.01524040	          0.01169549	          0.01010542	          0.02199875	          0.02403896	          0.05478546	          0.02106540	          0.02829850	          0.04876424	          0.01048833	          0.09170659	          0.08299305	          0.10867918	          0.13111035	          0.08413808	          0.04693799	          0.25000322	          0.05427600	          0.03390347	          0.01005386	          0.05870555	          0.27820248	          0.01031464	          0.01012096	          0.01004031	          0.01008360	          0.01063559	          0.01059047	          0.01041549	          0.01160939	          0.01082606	          0.01054008	          0.01128916	          0.01325182	          0.11975134	          0.10551766	          0.01807814	          0.04122195	          0.02177925	          0.02228485	          0.03373577	          0.03370174	          0.01508458	          0.82721311	          0.41691916	          0.12333467	          0.34080594	          0.21969578	          0.09804629	          0.01045142	          0.06158000	          0.02307141	          0.02538668	          0.07816830	          0.03173544	          0.06656539	          0.02536090	          0.07065638	          0.01034850	          0.02245032	          0.23647964	          0.22856599	          0.19218841	          0.04846857	          0.10623142	          0.06295117	
          2.78000000	          1.91840929	         -0.50216302	         -5.67014105	          0.07142028	          0.98892052	         -0.89142170	         24.39674616	         -8.51042587	        -12.85739796	          5.88329760	         11.83177780	         13.45017953	         34.87583375	         10.83688690	          4.73332486	          1.48078782	         -5.59024336	        -18.50012769	         -0.23050444	         -7.28450554	        -10.08920931	         -3.35449965	          2.87297802	         -3.28406902	        -17.66773708	         11.28280225	         18.03666359	        -10.36796575	         31.28114785	         50.52673642	         46.89445005	         71.75422018	         67.82333092	          0.01208456	          0.01126783	          0.01074204	          0.01037000	          0.01160662	          0.07080005	          0.06044055	          0.12637915	          0.19361412	          0.08480825	          0.01173425	          0.01064808	          0.01058807	          0.01030984	          0.01116457	          0.01037576	          0.01098715	          0.01470441	          0.01608984	          0.03660567	          0.01415201	          0.01896168	          0.03263063	          0.09016818	          0.06145648	          0.06933532	          0.08861140	          0.12728487	          0.15851512	          0.03133581	          0.16845129	          0.03626414	          0.03439166	          0.01005467	          0.03918912	          0.29810653	          0.01040287	          0.01014833	          0.01004878	          0.01010224	          0.26740110	          0.08185326	          0.01121810	          0.01101757	          0.01226514	          0.01042691	          0.01007830	          0.01305774	          0.07993598	          0.07053483	          0.07997955	          0.05380212	          0.01460243	          0.01489610	          0.02249353	          0.02247007	          0.01008418	          0.99916517	          0.27795588	          0.08222630	          0.41486310	          0.14652994	          0.06538303	          0.01030602	          0.89327284	          0.01550018	          0.01695901	          0.05211548	          0.02919096	          0.04438904	          0.01700724	          0.37162890	          0.01197342	          0.01498486	          0.22387059	          0.66003892	          0.24132299	          0.07837354	          0.24268936	          0.10923091	
          2.80000000	          1.70473160	         -0.61075841	         -5.53233950	          0.07205805	          0.98813851	         -0.89310027	         24.15003352	         -8.45994915	        -12.54846603	          5.93612578	         11.85459545	         13.91738339	         30.86545592	         10.80895123	          4.67957357	          3.29387986	         -4.36335064	        -17.75225313	         -0.21576006	         -6.10515464	        -10.01933880	         -2.73058311	          2.79454838	         -3.47381269	        -17.34036737	         11.87837417	         17.75764292	        -10.73725126	         31.26932125	         50.16581276	         47.30847248	         72.49516448	         67.60216818	          0.06635630	          0.07317983	          0.01096073	          0.01032390	          0.02322965	          0.14645757	          0.04033972	          0.08469779	          0.21039643	          0.09213095	          0.01184531	          0.01064021	          0.01017393	          0.01009553	          0.01057022	          0.01027487	          0.01160902	          0.01010080	          0.01082397	          0.02448434	          0.01026517	          0.01277260	          0.02189463	          0.06096287	          0.04179506	          0.06187428	          0.07349667	          0.18542663	          0.20306614	          0.02470175	          0.14644578	          0.02419559	          0.02303645	          0.01004651	          0.02623094	          0.32632905	          0.01042232	          0.01030833	          0.01009884	          0.01020999	          0.21560503	          0.05467802	          0.02539401	          0.70534841	          0.03365219	          0.01620586	          0.01003220	          0.01287835	          0.05976284	          0.27466273	          0.08670170	          0.03612380	          0.01005087	          0.01003050	          0.01499866	          0.01498228	          0.01001866	          0.99972732	          0.18531295	          0.05482028	          0.89215052	          0.09775161	          0.04360551	          0.01090402	          0.99996463	          0.01052373	          0.01134182	          0.03474644	          0.03424704	          0.02960242	          0.01145858	          0.59010560	          0.03116200	          0.01001544	          0.34933461	          0.96052532	          0.28566959	          0.09064017	          0.24727942	          0.12493865	
          2.82000000	          1.48159647	         -0.77332566	         -5.34468273	          0.07280021	          0.98710345	         -0.89492538	         23.81581409	         -8.22990361	        -11.72155090	          5.91077139	         11.93304896	         14.69845442	         27.07048629	         10.75913595	          4.86206056	          5.60290148	         -2.81796320	        -16.54447038	         -0.21151241	         -4.86567465	         -9.92545336	         -2.04951089	          2.62232926	         -3.59293091	        -16.94181369	         12.59676829	         17.41070578	        -11.03559149	         31.24133499	         49.60678827	         47.53629393	         73.22639637	         67.38087647	          0.09294245	          0.10921803	          0.01075580	          0.01026372	          0.01888772	          0.20269334	          0.02692480	          0.05691645	          0.23648038	          0.10080251	          0.01176614	          0.01056621	          0.01012235	          0.01006753	          0.01048627	          0.01023256	          0.01138445	          0.01009129	          0.01019238	          0.01642868	          0.01024052	          0.01033501	          0.01482426	          0.04116749	          0.02938813	          0.05802553	          0.06559950	          0.21945113	          0.27810502	          0.13726294	          0.15370934	          0.01614782	          0.01545574	          0.01003949	          0.01763028	          0.36281526	          0.01038470	          0.01091964	          0.01030468	          0.01064513	          0.14374570	          0.03645752	          0.01697937	          0.47030305	          0.02248080	          0.01086546	          0.01005306	          0.01279316	          0.46352945	          0.18319825	          0.08625240	          0.03186920	          0.01013307	          0.01005778	          0.01001929	          0.01001238	          0.01002614	          0.99994830	          0.12359315	          0.03655128	          0.99481558	          0.13125919	          0.02910553	          0.01013005	          0.85476600	          0.01004567	          0.01002212	          0.02316869	          0.02285785	          0.01974509	          0.01036229	          0.78975732	          0.09262320	          0.01003197	          0.42285394	          0.95660864	          0.20242459	          0.09951630	          0.27416225	          0.13843501	
          2.84000000	          1.26836926	         -0.96305387	         -5.16845529	          0.07385649	          0.98602659	         -0.89679116	         23.38731575	         -7.82095047	        -10.53792234	          5.83120939	         12.04724055	         15.58420094	         23.51224213	         10.69811483	          5.08868193	          7.84744236	         -1.22954473	        -15.31543448	         -0.21397984	         -3.83770356	         -9.77511074	         -1.35134056	          2.41244582	         -3.66344027	        -16.46857129	         13.42017144	         17.01026199	        -11.23559308	         31.16281796	         48.85944256	         47.52123315	         73.90330910	         67.15474509	          0.08111972	          0.13058460	          0.01052939	          0.01023810	          0.01403493	          0.15953104	          0.01797793	          0.03862972	          0.27047398	          0.11588830	          0.01158778	          0.01048432	          0.01011483	          0.01006486	          0.01041990	          0.01020360	          0.01049188	          0.01010048	          0.01023339	          0.01117939	          0.01027483	          0.01046750	          0.01119655	          0.02783467	          0.09749125	          0.06017654	          0.06901920	          0.28932293	          0.30802021	          0.42251908	          0.18013367	          0.01079346	          0.01056571	          0.01003400	          0.01243389	          0.42009070	          0.01032875	          0.01051949	          0.01014013	          0.01032423	          0.09583668	          0.02430915	          0.01137620	          0.31405975	          0.01503170	          0.01008364	          0.01006496	          0.01274804	          0.54000898	          0.44704875	          0.05753295	          0.02127034	          0.01003952	          0.01002443	          0.01002359	          0.01001781	          0.01002676	          0.99995620	          0.35761147	          0.02437393	          0.99939910	          0.39629756	          0.01947507	          0.01009356	          0.67054274	          0.01123661	          0.01030504	          0.01545217	          0.01526108	          0.01317730	          0.01036648	          0.93713490	          0.14979544	          0.01001033	          0.47196314	          0.99984393	          0.13495678	          0.10092514	          0.27676786	          0.14018676	
          2.86000000	          1.07754966	         -1.14851555	         -5.01915284	          0.07535772	          0.98511998	         -0.89866459	         22.90212283	         -7.26587764	         -9.20588598	          5.72310844	         12.15182439	         16.32274070	         20.23370345	         10.62055055	          5.21351575	          9.58428995	          0.28196837	        -14.43505467	         -0.21999495	         -3.02768065	         -9.54400330	         -0.67389839	          2.20804636	         -3.70433223	        -15.93586656	         14.32342851	         16.57723610	        -11.33433432	         31.00881086	         47.97623337	         47.29330665	         74.48487062	         66.92257024	          0.05965464	          0.11691162	          0.01025150	          0.01014446	          0.01093777	          0.15470167	          0.01201541	          0.02627601	          0.30864119	          0.14843835	          0.01131739	          0.01040688	          0.01008600	          0.01005006	          0.01028546	          0.01013621	          0.01020250	          0.01008353	          0.01019033	          0.01043333	          0.01023213	          0.01041297	          0.01150568	          0.01881468	          0.21610391	          0.06868946	          0.07847228	          0.39356115	          0.46203794	          0.51521252	          0.22485745	          0.01004163	          0.01017388	          0.01003035	          0.04398639	          0.49878919	          0.01026875	          0.02440101	          0.03688214	          0.02679885	          0.06389675	          0.01621039	          0.01013285	          0.27031223	          0.01018162	          0.01007892	          0.01006600	          0.01276470	          0.48399887	          0.32294852	          0.03844032	          0.01421575	          0.01002702	          0.01001687	          0.01002285	          0.01001704	          0.01002490	          0.99996430	          0.69618209	          0.01625822	          0.99965744	          0.44275692	          0.01313016	          0.01007740	          0.54722106	          0.15780237	          0.01327050	          0.01031332	          0.01021639	          0.01003580	          0.01031601	          0.99946171	          0.26594502	          0.01000709	          0.51205554	          0.95101208	          0.08999245	          0.09828228	          0.26860702	          0.13644009	
          2.88000000	          0.90540253	         -1.30174809	         -4.87858553	          0.07731662	          0.98444648	         -0.90060000	         22.43908193	         -6.63036722	         -7.90458739	          5.60805262	         12.21088458	         16.82420544	         17.31832808	         10.51746046	          5.18064211	         10.63923367	          1.73026415	        -14.03161450	         -0.22696062	         -2.38579122	         -9.21930730	         -0.03347181	          2.02606481	         -3.72450196	        -15.37432773	         15.28642219	         16.12197421	        -11.36160755	         30.77173761	         47.02138031	         46.95544823	         74.96932902	         66.68076632	          0.04412357	          0.08936998	          0.01016019	          0.01009085	          0.01047291	          0.24757067	          0.01006361	          0.01836096	          0.32568341	          0.16699444	          0.01089891	          0.01027146	          0.01006232	          0.01003698	          0.01023091	          0.01010238	          0.01014548	          0.01005356	          0.01013052	          0.01046551	          0.01014833	          0.01028205	          0.01137971	          0.01291879	          0.29502153	          0.08333517	          0.08268634	          0.47213541	          0.78082887	          0.52613749	          0.39915960	          0.01003305	          0.01012179	          0.01002127	          0.04858441	          0.52884289	          0.01018477	          0.04537299	          0.13339685	          0.06199031	          0.04260351	          0.01081291	          0.01011667	          0.28999408	          0.01011635	          0.01005838	          0.01006802	          0.01277867	          0.44786415	          0.27545897	          0.02569089	          0.01016476	          0.01004254	          0.01002712	          0.01002286	          0.01001724	          0.01002267	          0.99997311	          0.69304621	          0.01085577	          0.99980487	          0.59057362	          0.01103742	          0.01006076	          0.40053863	          0.11536328	          0.08760823	          0.01003530	          0.01006524	          0.01003501	          0.01027479	          0.99984116	          0.36755500	          0.01001163	          0.52740448	          0.86527916	          0.06000711	          0.09518723	          0.26271604	          0.13186534	
          2.90000000	          0.73322615	         -1.40827679	         -4.71210369	          0.07963390	          0.98401217	         -0.90267914	         22.08065159	         -5.98928125	         -6.74902136	          5.50324315	         12.22679002	         17.26626896	         14.87480495	         10.38197817	          5.01276545	         11.07593872	          3.17147337	        -14.06226765	         -0.23297118	         -1.87226136	         -8.80029353	          0.57593959	          1.86688382	         -3.72936331	        -14.82028118	         16.31308857	         15.64052953	        -11.35949715	         30.45995663	         46.03659345	         46.62688631	         75.39081800	         66.42282496	          0.05865685	          0.14805382	          0.01014957	          0.01008274	          0.01048207	          0.28257740	          0.01007577	          0.01391748	          0.32661543	          0.16371028	          0.01092887	          0.01028873	          0.01007074	          0.01004274	          0.01024504	          0.01010272	          0.01014779	          0.01004674	          0.01011700	          0.01048890	          0.01012949	          0.01024566	          0.01128997	          0.01122994	          0.30181922	          0.07764979	          0.07918948	          0.50331113	          0.79679470	          0.49360479	          0.41354647	          0.01003075	          0.01011388	          0.01002396	          0.03398991	          0.52387561	          0.01019376	          0.05320698	          0.15102762	          0.07283291	          0.02840982	          0.01001631	          0.01010084	          0.30625422	          0.01010612	          0.01005234	          0.01005679	          0.01272653	          0.41133440	          0.25054770	          0.01723123	          0.01017979	          0.01004853	          0.01003166	          0.01001935	          0.01001444	          0.01001941	          0.99997627	          0.46206939	          0.01004468	          0.99985480	          0.62690495	          0.01077198	          0.01005378	          0.55220681	          0.10760980	          0.07220403	          0.01003808	          0.01006824	          0.01003079	          0.01024727	          0.99987781	          0.31687546	          0.01001364	          0.50972688	          0.81452793	          0.04002717	          0.10070847	          0.28004677	          0.13994941	
          2.92000000	          0.53614413	         -1.47183073	         -4.49703197	          0.08214404	          0.98378676	         -0.90495613	         21.87945421	         -5.39463357	         -5.79624225	          5.42019691	         12.23945445	         18.00960324	         12.98881406	         10.21756883	          4.77549672	         11.09427854	          4.63909145	        -14.47445878	         -0.23693586	         -1.46085941	         -8.29850512	          1.17592366	          1.72288041	         -3.72845652	        -14.30169099	         17.43001195	         15.11759190	        -11.36074366	         30.08833964	         45.05061708	         46.38503415	         75.79025684	         66.14157886	          0.09211919	          0.23561292	          0.01016462	          0.01009371	          0.01056386	          0.22631730	          0.01007619	          0.01316531	          0.32064925	          0.15468060	          0.01105178	          0.01032659	          0.01008393	          0.01005149	          0.01024618	          0.01010580	          0.01013682	          0.01005885	          0.01014325	          0.01047498	          0.01016947	          0.01033923	          0.01131711	          0.01158046	          0.21998981	          0.06725398	          0.06669098	          0.51878610	          0.69948505	          0.42927825	          0.33859438	          0.01003500	          0.01012805	          0.01002753	          0.02330557	          0.50419504	          0.01021362	          0.05151277	          0.13404688	          0.06975080	          0.01895622	          0.01002505	          0.01014596	          0.42852759	          0.01013918	          0.01006371	          0.01005807	          0.01261962	          0.35146243	          0.23254296	          0.01171259	          0.01016233	          0.01005582	          0.01003720	          0.01001716	          0.01001263	          0.01001994	          0.99996709	          0.30805899	          0.01004133	          0.99976277	          0.41857953	          0.01032554	          0.01006275	          0.91513103	          0.07185079	          0.04819564	          0.01003382	          0.01006059	          0.01003077	          0.01024215	          0.95585078	          0.21151204	          0.01001614	          0.49255769	          0.82460058	          0.02671711	          0.11219305	          0.30773636	          0.15696789	
          2.94000000	          0.29546891	         -1.50727677	         -4.23867206	          0.08468030	          0.98366890	         -0.90745684	         21.84505253	         -4.86318772	         -5.06542815	          5.36305434	         12.29867378	         19.38660150	         11.67734095	         10.04978794	          4.54006600	         10.94378959	          6.12539823	        -15.21471904	         -0.23778444	         -1.13532271	         -7.73715617	          1.79589854	          1.57796516	         -3.73743224	        -13.83063455	         18.66400001	         14.53675264	        -11.37774609	         29.66859280	         44.10098345	         46.24548237	         76.19095576	         65.83095912	          0.17130484	          0.31248705	          0.01025427	          0.01011498	          0.01252483	          0.31390790	          0.01013143	          0.01325734	          0.30594367	          0.14590309	          0.01099486	          0.01031571	          0.01008522	          0.01005231	          0.01039892	          0.01015990	          0.01031400	          0.01004850	          0.01012149	          0.01049169	          0.01013574	          0.01023637	          0.01075308	          0.02657323	          0.14679918	          0.05759905	          0.04761206	          0.54308922	          0.58782394	          0.36709178	          0.26985302	          0.01004645	          0.01017341	          0.01002621	          0.01566437	          0.48356982	          0.01020101	          0.04536127	          0.11613724	          0.06061372	          0.29877195	          0.01007631	          0.01009281	          0.63720908	          0.01017593	          0.01006537	          0.01001256	          0.01253562	          0.30330276	          0.22650275	          0.03084778	          0.01072695	          0.01007968	          0.01005047	          0.01000537	          0.01000370	          0.01000690	          0.99998640	          0.20538026	          0.01001112	          0.99995202	          0.27932374	          0.01007932	          0.01004369	          0.99998030	          0.04794195	          0.03215257	          0.01001209	          0.01190549	          0.01002818	          0.01018755	          0.97989868	          0.14105826	          0.01002317	          0.38375541	          0.86466948	          0.04170537	          0.11888575	          0.32847498	          0.16642154	
          2.96000000	          0.00860371	         -1.53288269	         -3.95330717	          0.08713485	          0.98354502	         -0.91016694	         21.95018181	         -4.38234966	         -4.55423974	          5.32916591	         12.42961348	         21.53018434	         10.86767518	          9.92092788	          4.36231976	         10.85695825	          7.58565724	        -15.95034055	         -0.23496707	         -0.88517601	         -7.14427620	          2.45569269	          1.42023914	         -3.77307594	        -13.40275604	         20.03644020	         13.90032340	        -11.40517277	         29.20330434	         43.22377184	         46.19226978	         76.59771212	         65.48692353	          0.22465820	          0.35456811	          0.01045777	          0.01012853	          0.10326927	          0.38617938	          0.01024891	          0.01329417	          0.28165570	          0.13491798	          0.01113411	          0.01032994	          0.01008511	          0.01005256	          0.01073772	          0.01023524	          0.07619194	          0.01003792	          0.01009980	          0.01045131	          0.01010656	          0.01017900	          0.01046978	          0.07946245	          0.09797025	          0.03923380	          0.03200246	          0.56287960	          0.56483637	          0.33010954	          0.24680083	          0.01005450	          0.01021729	          0.01002519	          0.01063024	          0.47090267	          0.01020036	          0.03841753	          0.09296199	          0.05017088	          0.38473747	          0.01009930	          0.01012042	          0.73377511	          0.01024237	          0.01007482	          0.01001365	          0.01243803	          0.29570855	          0.23792573	          0.03382253	          0.01136319	          0.01008636	          0.01005372	          0.01000481	          0.01000330	          0.01000653	          0.99998289	          0.13692844	          0.01001054	          0.99993432	          0.18627450	          0.01007208	          0.01004244	          0.99996090	          0.03200656	          0.02146523	          0.01001218	          0.35233963	          0.01002002	          0.01015938	          0.99977057	          0.09427730	          0.01002477	          0.25586721	          0.92014280	          0.11189595	          0.12991438	          0.36336333	          0.18227789	
          2.98000000	         -0.30869324	         -1.55641393	         -3.65756986	          0.08948972	          0.98337233	         -0.91306649	         22.14597081	         -3.93124726	         -4.26339184	          5.31183090	         12.60467892	         24.28393986	         10.41578276	          9.87008807	          4.27476436	         10.98852260	          8.94673132	        -16.18231286	         -0.22971239	         -0.70174382	         -6.54297587	          3.15729892	          1.25392957	         -3.84067847	        -13.00120334	         21.55543071	         13.24158177	        -11.42967256	         28.69940534	         42.43743481	         46.21132389	         77.00790915	         65.10813213	          0.24978056	          0.38985125	          0.01045500	          0.01012295	          0.13934019	          0.37508847	          0.01025738	          0.01333824	          0.27013809	          0.12782409	          0.01202128	          0.01063550	          0.01010542	          0.01006150	          0.01074081	          0.01024101	          0.16456913	          0.01003119	          0.01007996	          0.01041851	          0.01008780	          0.01017725	          0.01045719	          0.09570909	          0.06543878	          0.02649273	          0.02145784	          0.58603312	          0.55568604	          0.30924597	          0.23123220	          0.01005401	          0.01023282	          0.01002954	          0.01036046	          0.46670863	          0.01048874	          0.03117360	          0.06990964	          0.03944012	          0.25652245	          0.01009469	          0.01013802	          0.78188544	          0.01035876	          0.01007941	          0.01001734	          0.01233840	          0.31188182	          0.26575919	          0.02918606	          0.01089043	          0.01007343	          0.01004608	          0.01000543	          0.01000369	          0.01000768	          0.99997644	          0.09129551	          0.01001308	          0.99989199	          0.12421635	          0.01008638	          0.01004982	          0.99994818	          0.02138848	          0.01435643	          0.01001646	          0.69011918	          0.01002072	          0.01017710	          0.99364750	          0.35068784	          0.01002093	          0.17059317	          0.97025833	          0.18889667	          0.14877969	          0.38580092	          0.20957866	
          3.00000000	         -0.62602658	         -1.56572376	         -3.37188766	          0.09180539	          0.98322287	         -0.91616218	         22.37603859	         -3.49084743	         -4.23191169	          5.30399667	         12.74937089	         27.22304727	         10.16339948	          9.91500236	          4.27554095	         11.37386582	         10.14536185	        -15.58891022	         -0.22441760	         -0.57438488	         -5.94853892	          3.88724489	          1.09388548	         -3.92896362	        -12.60725631	         23.20045735	         12.61903708	        -11.43353914	         28.17951050	         41.74513340	         46.29700761	         77.41724288	         64.69461969	          0.28205451	          0.37833499	          0.01114003	          0.01018364	          0.12498748	          0.46658959	          0.01132037	          0.01337405	          0.27776339	          0.13165057	          0.01174942	          0.01044959	          0.01008504	          0.01005281	          0.01325043	          0.01047471	          0.11022379	          0.01006046	          0.01014688	          0.01045112	          0.01014213	          0.01019059	          0.01035270	          0.10551794	          0.04376701	          0.01857959	          0.01470388	          0.57900155	          0.52777931	          0.30912955	          0.22787541	          0.01009971	          0.01031003	          0.01002462	          0.01025543	          0.46996583	          0.01029057	          0.03111957	          0.06933549	          0.03912562	          0.17102492	          0.01748463	          0.01505077	          0.84062098	          0.02297531	          0.01214226	          0.01001631	          0.01240158	          0.34316041	          0.31123994	          0.08175572	          0.01165747	          0.01007674	          0.01004664	          0.01000472	          0.01000318	          0.01000747	          0.99995750	          0.06087593	          0.01001159	          0.99910821	          0.08283839	          0.01006922	          0.01007814	          0.99996911	          0.01432036	          0.01010066	          0.01001747	          0.46082041	          0.01002063	          0.01017694	          0.99992539	          0.32523743	          0.01002094	          0.11374166	          0.99980914	          0.23945976	          0.13152730	          0.36640749	          0.18422515	
          3.02000000	         -0.90878700	         -1.54065619	         -3.11455953	          0.09418043	          0.98324303	         -0.91944233	         22.58817430	         -3.04830212	         -4.50886592	          5.30019854	         12.77718681	         29.77060528	          9.98912570	         10.03691629	          4.32876531	         11.93402850	         11.16008198	        -14.25250444	         -0.22048547	         -0.48826258	         -5.36998858	          4.61864710	          0.95843064	         -4.01807418	        -12.20738657	         24.93533917	         12.09047084	        -11.39777657	         27.66493782	         41.13897399	         46.42500447	         77.82049208	         64.24371276	          0.22178895	          0.36259654	          0.01046437	          0.01012726	          0.08347885	          0.44120635	          0.01024404	          0.01331614	          0.28625226	          0.13691715	          0.01141005	          0.01039238	          0.01010468	          0.01006307	          0.01104657	          0.01022776	          0.07355391	          0.01002810	          0.01008365	          0.01043351	          0.01008453	          0.01015386	          0.01039632	          0.07085252	          0.02966856	          0.01596404	          0.01191970	          0.52557700	          0.61879451	          0.31249771	          0.25923312	          0.01005566	          0.01022218	          0.01002756	          0.01029868	          0.47249644	          0.01022122	          0.03469982	          0.08248472	          0.04458041	          0.11401997	          0.01166713	          0.01019336	          0.64419997	          0.01537360	          0.01007398	          0.01002135	          0.01241787	          0.35613717	          0.32717760	          0.09010641	          0.01253956	          0.01005105	          0.01003108	          0.01000577	          0.01000387	          0.01000800	          0.99997865	          0.04071891	          0.01001860	          0.99965565	          0.05527341	          0.01011347	          0.01004365	          0.99990483	          0.01013855	          0.01006973	          0.01002574	          0.30722431	          0.01001517	          0.01017364	          0.99960715	          0.57110518	          0.01001372	          0.07584258	          0.99989254	          0.20470355	          0.13774674	          0.36649506	          0.19317072	
          3.04000000	         -1.13128944	         -1.46804783	         -2.88979649	          0.09670956	          0.98355341	         -0.92286046	         22.74273204	         -2.59339476	         -5.11163621	          5.29118856	         12.63562111	         31.49170948	          9.81488894	         10.18747900	          4.39084960	         12.53223086	         12.01075809	        -12.49842413	         -0.21801321	         -0.42855630	         -4.81130892	          5.32004435	          0.86469194	         -4.08741436	        -11.79108850	         26.74194326	         11.68115938	        -11.30972351	         27.15179750	         40.59675152	         46.50957876	         78.21499932	         63.74649994	          0.14802418	          0.24185971	          0.01152411	          0.01015561	          0.05571321	          0.29459231	          0.01029382	          0.01330911	          0.28940113	          0.13852054	          0.01119240	          0.01034097	          0.01008519	          0.01005229	          0.01026392	          0.01011526	          0.04905830	          0.01002573	          0.01006357	          0.01013673	          0.01007620	          0.01011385	          0.01017533	          0.04740239	          0.08222144	          0.02224154	          0.01327132	          0.49549324	          0.76497031	          0.35119908	          0.22244376	          0.01005916	          0.01025885	          0.01002369	          0.01016288	          0.46964078	          0.01022053	          0.03945574	          0.09976743	          0.05177899	          0.07601547	          0.01002010	          0.01009965	          0.61670456	          0.01034336	          0.01006465	          0.01001780	          0.01245560	          0.35226526	          0.29439039	          0.06563564	          0.02215865	          0.01004795	          0.01002881	          0.01000560	          0.01000371	          0.01000725	          0.99997815	          0.55640810	          0.01002092	          0.99961455	          0.03690426	          0.01012543	          0.01003766	          0.99996402	          0.01010214	          0.01005102	          0.01002883	          0.20482235	          0.01001393	          0.01017369	          0.99998095	          0.80283442	          0.01001290	          0.05057577	          0.96908921	          0.15170127	          0.13074268	          0.36076137	          0.18279298	
          3.06000000	         -1.28134497	         -1.34217060	         -2.68966085	          0.09947710	          0.98418181	         -0.92638211	         22.82199610	         -2.11951599	         -6.01666433	          5.26057222	         12.31665655	         32.26554886	          9.59530008	         10.32239230	          4.43328271	         13.04186417	         12.73417495	        -10.64450483	         -0.21687703	         -0.38466198	         -4.26928149	          5.96888910	          0.82274208	         -4.12256206	        -11.34956103	         28.62872981	         11.37512062	        -11.16536329	         26.59662119	         40.08798637	         46.41038711	         78.60408007	         63.18789228	          0.09871170	          0.16125822	          0.01011734	          0.01007947	          0.03716594	          0.19644662	          0.01007098	          0.01328406	          0.28605519	          0.13700581	          0.01108366	          0.01033217	          0.01009207	          0.01005674	          0.01043055	          0.01013368	          0.03271773	          0.01006905	          0.01023492	          0.01286824	          0.01019887	          0.01056644	          0.01313737	          0.03165707	          0.31749204	          0.02821182	          0.01857767	          0.47457092	          0.62028238	          0.41991563	          0.33210545	          0.01003718	          0.01012556	          0.01002530	          0.17120158	          0.45956032	          0.01020890	          0.04036596	          0.09980474	          0.05307437	          0.05067847	          0.01001130	          0.01012512	          0.42365336	          0.01010382	          0.01003730	          0.01004851	          0.01245577	          0.40323245	          0.27285450	          0.04386558	          0.01513519	          0.01008390	          0.01005011	          0.01000580	          0.01000400	          0.01000812	          0.99998007	          0.99949353	          0.01002134	          0.99831693	          0.02466411	          0.01010041	          0.01002803	          0.97776258	          0.01017366	          0.01006372	          0.01002961	          0.13655183	          0.01000778	          0.01009940	          0.99996269	          0.99996583	          0.01002352	          0.03373250	          0.90462620	          0.10115073	          0.13356726	          0.35874691	          0.18702262	
          3.08000000	         -1.35757837	         -1.15771931	         -2.50452766	          0.10256640	          0.98507465	         -0.93001039	         22.83322975	         -1.63304729	         -7.13121233	          5.19074328	         11.83807223	         32.17479923	          9.31508572	         10.42568415	          4.44613515	         13.39443201	         13.34800601	         -9.04724382	         -0.21681909	         -0.35036888	         -3.73129589	          6.55554189	          0.83139491	         -4.12120285	        -10.87932411	         30.62094067	         11.13137611	        -10.96482824	         25.92697755	         39.58657668	         45.98985275	         78.99749903	         62.55068127	          0.06583484	          0.10752508	          0.01014155	          0.01008736	          0.02480216	          0.13101522	          0.01008061	          0.01330106	          0.27696876	          0.13166615	          0.01108048	          0.01034219	          0.01009451	          0.01005799	          0.01037913	          0.01012332	          0.02182567	          0.01007172	          0.01022414	          0.04568941	          0.01019615	          0.01044599	          0.06424603	          0.02116907	          0.37028941	          0.03012614	          0.02257691	          0.43756967	          0.58141833	          0.41836275	          0.33454809	          0.01003985	          0.01013658	          0.01002595	          0.30072064	          0.44140062	          0.01021442	          0.03943157	          0.09766836	          0.05187907	          0.03378680	          0.01000516	          0.01002759	          0.28245008	          0.01003263	          0.01001663	          0.01002194	          0.01250462	          0.43600851	          0.27099778	          0.02932468	          0.01027582	          0.01005477	          0.01003637	          0.01000683	          0.01000445	          0.01000607	          0.99999166	          0.99998100	          0.01006567	          0.99994483	          0.76510797	          0.01033904	          0.01001608	          0.71958954	          0.09627687	          0.01259549	          0.01003780	          0.09103740	          0.01000785	          0.01011926	          0.99997859	          0.95014823	          0.01001563	          0.02266656	          0.85969998	          0.06744848	          0.12485904	          0.34109847	          0.17433361	
          3.10000000	         -1.36556487	         -0.91355426	         -2.31775951	          0.10604741	          0.98613264	         -0.93372470	         22.80537872	         -1.14049896	         -8.29576073	          5.07193446	         11.23754597	         31.42315025	          8.97831665	         10.51372884	          4.42930515	         13.58943483	         13.84523865	         -7.90779860	         -0.21784986	         -0.32323049	         -3.17777141	          7.06814530	          0.88272815	         -4.09166943	        -10.38551901	         32.76693901	         10.91311629	        -10.70986952	         25.06180698	         39.07739010	         45.17884240	         79.40998481	         61.82100513	          0.04391382	          0.07169959	          0.01011375	          0.01008359	          0.01656230	          0.08738526	          0.01006446	          0.01330721	          0.26535597	          0.12395556	          0.01114885	          0.01036692	          0.01010219	          0.01006349	          0.01032706	          0.01011828	          0.01456977	          0.01021067	          0.01125246	          0.12444693	          0.01069614	          0.06123260	          0.16050031	          0.01419971	          0.43067993	          0.02872779	          0.02261566	          0.41192029	          0.49726518	          0.42192472	          0.32688440	          0.01003813	          0.01012575	          0.01002837	          0.33072212	          0.42025040	          0.01022836	          0.03577531	          0.08463999	          0.04645724	          0.02252577	          0.01000418	          0.01002418	          0.18831174	          0.01002518	          0.01001336	          0.01002132	          0.01257562	          0.45168948	          0.26822804	          0.01967561	          0.01021908	          0.01005661	          0.01003766	          0.01000613	          0.01000398	          0.01000530	          0.99999181	          0.99997004	          0.01005721	          0.99994314	          0.76373903	          0.01025257	          0.01001337	          0.55873282	          0.10874773	          0.12124797	          0.01003181	          0.06069443	          0.01000630	          0.01009855	          0.99997384	          0.81098821	          0.01001633	          0.63646950	          0.82893111	          0.04498231	          0.11800291	          0.32122894	          0.16456289	
          3.12000000	         -1.31539648	         -0.61195221	         -2.10544907	          0.10994357	          0.98725934	         -0.93749440	         22.77621341	         -0.65039803	         -9.35558660	          4.90759747	         10.55572753	         30.26842685	          8.59904730	         10.62308149	          4.37233161	         13.66376359	         14.21549577	         -7.21785418	         -0.22009203	         -0.30297589	         -2.59151809	          7.49344082	          0.96174864	         -4.04217919	         -9.88235324	         35.11914384	         10.69940364	        -10.41205512	         23.93989051	         38.56026519	         44.00425914	         79.85666282	         60.99195638	          0.02930102	          0.04781587	          0.01010881	          0.01008328	          0.01108799	          0.05829969	          0.01006330	          0.01333807	          0.25448258	          0.11828465	          0.01122927	          0.01039540	          0.01011336	          0.01007049	          0.01035226	          0.01012460	          0.01006159	          0.01052882	          0.04292531	          0.16464981	          0.01197999	          0.10450999	          0.17835359	          0.01025788	          0.40305545	          0.02673014	          0.02141717	          0.40329938	          0.45392682	          0.41621072	          0.32273201	          0.01003866	          0.01012569	          0.01003125	          0.35047501	          0.40302948	          0.01024668	          0.03124402	          0.06983849	          0.03973125	          0.01501887	          0.01000423	          0.01002102	          0.12554886	          0.01002177	          0.01001302	          0.01001780	          0.01263585	          0.45870737	          0.26341316	          0.01331796	          0.01020970	          0.01005818	          0.01003917	          0.01000801	          0.01000502	          0.01000570	          0.99999159	          0.99997557	          0.01016748	          0.99995193	          0.99966192	          0.01230932	          0.01001393	          0.55407757	          0.13819687	          0.18445504	          0.01003958	          0.04046626	          0.01000852	          0.01014295	          0.99950524	          0.54067449	          0.01001684	          0.74174577	          0.80514862	          0.03000579	          0.11238849	          0.31024212	          0.15625966	
          3.14000000	         -1.22103435	         -0.25394230	         -1.84825379	          0.11421012	          0.98840110	         -0.94134555	         22.77636282	         -0.18392306	        -10.23934235	          4.70779709	          9.82446431	         28.97279378	          8.18717318	         10.78688214	          4.23661021	         13.66216634	         14.47176700	         -6.93116757	         -0.22345363	         -0.29174820	         -1.96774977	          7.83340828	          1.04238444	         -3.97800498	         -9.38926168	         37.71150370	         10.47354022	        -10.10335270	         22.53643838	         38.04607454	         42.57375826	         80.34854940	         60.06347035	          0.01956490	          0.03189490	          0.01010668	          0.01008252	          0.01012901	          0.03891461	          0.01006317	          0.01336946	          0.24267409	          0.11474057	          0.01123575	          0.01040065	          0.01011897	          0.01007418	          0.01038188	          0.01012994	          0.01007494	          0.01069176	          0.07769895	          0.19865250	          0.01226103	          0.11596545	          0.19257570	          0.01028233	          0.37807588	          0.02671572	          0.02232365	          0.39656681	          0.42229806	          0.40479038	          0.32023691	          0.01003903	          0.01012602	          0.01003270	          0.35605603	          0.38710775	          0.01024880	          0.02841977	          0.06107367	          0.03556775	          0.01001710	          0.01000478	          0.01001994	          0.08370641	          0.01002079	          0.01001409	          0.01001561	          0.01265472	          0.46979728	          0.26380796	          0.01068272	          0.01020915	          0.01006139	          0.01004167	          0.01001205	          0.01000704	          0.01000653	          0.99999051	          0.99997375	          0.05338428	          0.99995170	          0.99981392	          0.20293024	          0.01001599	          0.69304111	          0.16690438	          0.24825808	          0.01005765	          0.02698190	          0.01001487	          0.01036613	          0.90859241	          0.36046169	          0.01001783	          0.70714858	          0.79653889	          0.02002592	          0.11401452	          0.31040535	          0.15870073	
          3.16000000	         -1.09981582	          0.15674997	         -1.53552310	          0.11874972	          0.98954804	         -0.94534879	         22.82191733	          0.22474948	        -10.96725433	          4.47751378	          9.06730104	         27.75403112	          7.74173221	         11.00932102	          3.95912429	         13.63676889	         14.65726044	         -7.09773203	         -0.22772048	         -0.29391434	         -1.31404223	          8.10851014	          1.09235971	         -3.91012445	         -8.92483794	         40.56722151	         10.21384573	         -9.83039290	         20.85239682	         37.54267108	         41.04424983	         80.89101403	         59.03955745	          0.01309435	          0.02128529	          0.01010693	          0.01008381	          0.01015365	          0.02600144	          0.01006413	          0.01340333	          0.22782970	          0.10927419	          0.01129651	          0.01042600	          0.01012820	          0.01008031	          0.01042085	          0.01013804	          0.01007399	          0.01122368	          0.08946468	          0.21854959	          0.01293462	          0.12472452	          0.19720788	          0.01026991	          0.34765516	          0.02631235	          0.02249361	          0.38407065	          0.37976333	          0.38687108	          0.30740155	          0.01004021	          0.01012921	          0.01003569	          0.34669725	          0.36745825	          0.01026261	          0.02615774	          0.05363997	          0.03221379	          0.01001101	          0.01000590	          0.01002424	          0.05581355	          0.01002384	          0.01001699	          0.01001833	          0.01268635	          0.48763548	          0.27236363	          0.01060113	          0.01018828	          0.01005949	          0.01004076	          0.01001372	          0.01000805	          0.01000771	          0.99998767	          0.99995843	          0.03562009	          0.99993528	          0.99928753	          0.13537289	          0.01001946	          0.73071867	          0.22023103	          0.30905941	          0.01005593	          0.01799448	          0.01001780	          0.01050801	          0.79345190	          0.24032511	          0.01001726	          0.63555917	          0.80587955	          0.01338477	          0.11050575	          0.30387913	          0.15332479	
          3.18000000	         -0.96991399	          0.61215217	         -1.16365511	          0.12346024	          0.99069984	         -0.94960143	         22.91214876	          0.54293179	        -11.61144078	          4.20816325	          8.29587951	         26.75675057	          7.26720977	         11.25819937	          3.47936324	         13.65176519	         14.83753790	         -7.77756264	         -0.23176101	         -0.30864036	         -0.64232837	          8.35319252	          1.08013551	         -3.85691064	         -8.49873388	         43.70189414	          9.89409724	         -9.63318090	         18.89782106	         37.04337846	         39.56927939	         81.48356019	         57.92477679	          0.01016035	          0.01422737	          0.01011151	          0.01008846	          0.01015446	          0.01741866	          0.01006706	          0.01342639	          0.20941545	          0.10148854	          0.01144178	          0.01047964	          0.01014355	          0.01009031	          0.01042804	          0.01014530	          0.01007691	          0.01263264	          0.06040006	          0.20470738	          0.01511426	          0.10691130	          0.18499679	          0.01027726	          0.32776842	          0.02319150	          0.01890120	          0.37026761	          0.34461760	          0.36443139	          0.28577385	          0.01004288	          0.01013686	          0.01004100	          0.31970337	          0.34561838	          0.01029361	          0.02491035	          0.04929045	          0.03033972	          0.01001532	          0.01000743	          0.01003029	          0.03722150	          0.01002827	          0.01002093	          0.01002158	          0.01271677	          0.50160678	          0.28402308	          0.01046779	          0.01015760	          0.01005394	          0.01003732	          0.01001531	          0.01000907	          0.01000918	          0.99998401	          0.99993704	          0.02376531	          0.99990619	          0.84449418	          0.09030115	          0.01002397	          0.73589553	          0.26812793	          0.34539826	          0.01005335	          0.01200910	          0.01002167	          0.01061037	          0.74065382	          0.16024130	          0.01001562	          0.52825417	          0.82681480	          0.01009029	          0.10782296	          0.29708271	          0.14938235	
          3.20000000	         -0.84171491	          1.10560594	         -0.73278058	          0.12830598	          0.99184902	         -0.95424562	         23.03288983	          0.76822061	        -12.24962890	          3.87392834	          7.50013344	         26.03537692	          6.78531356	         11.48082151	          2.78123579	         13.76652802	         15.06809536	         -8.89035577	         -0.23342485	         -0.32559764	          0.04113834	          8.60853437	          0.98930815	         -3.83618000	         -8.09988939	         47.11542510	          9.49529568	         -9.52867530	         16.67268965	         36.52781892	         38.24217609	         82.11978082	         56.72121937	          0.01022491	          0.01013877	          0.01012002	          0.01009284	          0.01017055	          0.01181296	          0.01007152	          0.01340816	          0.19049261	          0.09308439	          0.01183382	          0.01063179	          0.01016549	          0.01010347	          0.01040191	          0.01014175	          0.01008258	          0.01063494	          0.04046480	          0.14212551	          0.01199141	          0.07200633	          0.14010794	          0.01030392	          0.31930331	          0.01775742	          0.01444475	          0.35940769	          0.36325678	          0.34476247	          0.26979413	          0.01004517	          0.01014507	          0.01004886	          0.28266969	          0.32607255	          0.01039397	          0.02557241	          0.05118191	          0.03134761	          0.01001751	          0.01000838	          0.01003426	          0.02483184	          0.01003044	          0.01002336	          0.01002358	          0.01273979	          0.50130414	          0.29238396	          0.01040037	          0.01013901	          0.01004905	          0.01003402	          0.01001640	          0.01000976	          0.01001014	          0.99998167	          0.99991556	          0.01586148	          0.99987924	          0.59831067	          0.06023983	          0.01002683	          0.69230989	          0.28023599	          0.35140558	          0.01004971	          0.01004482	          0.01002396	          0.01072597	          0.78644794	          0.10686821	          0.01001423	          0.40601052	          0.84873606	          0.01009533	          0.10533067	          0.29164866	          0.14579182	
          3.22000000	         -0.70745295	          1.63695628	         -0.24221855	          0.13336619	          0.99301118	         -0.95945755	         23.16113933	          0.94543525	        -12.92579505	          3.43703083	          6.64506458	         25.51528161	          6.32975110	         11.63078998	          1.92393753	         14.00816676	         15.34673394	        -10.19007625	         -0.23097549	         -0.33720525	          0.74077562	          8.90771144	          0.83128420	         -3.85609021	         -7.69376683	         50.78827764	          9.01800164	         -9.51419649	         14.16296654	         35.97402062	         37.07399907	         82.78926487	         55.42810764	          0.01031860	          0.01025923	          0.01013285	          0.01009624	          0.01020662	          0.01148752	          0.01007514	          0.01336267	          0.17758757	          0.08622903	          0.01221971	          0.01084729	          0.01018607	          0.01011492	          0.01031759	          0.01012096	          0.01008865	          0.01023972	          0.02709626	          0.09606429	          0.01076166	          0.04838117	          0.09527142	          0.01036765	          0.32855982	          0.01420291	          0.01229432	          0.36171524	          0.44231076	          0.33745819	          0.26910308	          0.01004602	          0.01015056	          0.01005638	          0.25988741	          0.31082444	          0.01054872	          0.02819765	          0.05959199	          0.03539103	          0.01001952	          0.01000901	          0.01003942	          0.01658537	          0.01003241	          0.01002523	          0.01002772	          0.01275484	          0.48722239	          0.29636820	          0.01040259	          0.01013731	          0.01004715	          0.01003254	          0.01001679	          0.01001016	          0.01001113	          0.99997800	          0.99988274	          0.01059889	          0.99982195	          0.39909747	          0.04019131	          0.01002902	          0.61675012	          0.25691958	          0.33890898	          0.01004430	          0.01006190	          0.01002249	          0.01058295	          0.82606976	          0.07136329	          0.01001374	          0.27073262	          0.86504796	          0.01009386	          0.10347114	          0.28678213	          0.14317260	
          3.24000000	         -0.53991527	          2.21251444	          0.31270406	          0.13880529	          0.99425306	         -0.96537916	         23.26977156	          1.14437033	        -13.63502934	          2.86141915	          5.68593419	         25.00522391	          5.92991544	         11.69481362	          1.02999796	         14.36779872	         15.59480606	        -11.35680698	         -0.22424839	         -0.34651155	          1.46663659	          9.26047296	          0.64011561	         -3.91097054	         -7.23968870	         54.68200293	          8.48246697	         -9.57915187	         11.35842449	         35.37296321	         36.01843886	         83.48186213	         54.04382850	          0.01035362	          0.01027981	          0.01012787	          0.01008951	          0.01020912	          0.01222689	          0.01007131	          0.01333080	          0.17641317	          0.08240200	          0.01229601	          0.01092797	          0.01019594	          0.01011999	          0.01027567	          0.01010496	          0.01008451	          0.01017499	          0.01820015	          0.06883669	          0.01049997	          0.03270341	          0.07744521	          0.01036251	          0.35569764	          0.01332234	          0.01220403	          0.37064451	          0.50909132	          0.34609663	          0.29532388	          0.01004305	          0.01014177	          0.01005986	          0.26548177	          0.29945159	          0.01060543	          0.03143493	          0.06969346	          0.04039310	          0.01002448	          0.01001048	          0.01004779	          0.01114350	          0.01003714	          0.01002884	          0.01002954	          0.01278806	          0.47189419	          0.30364179	          0.01046904	          0.01015132	          0.01004834	          0.01003307	          0.01001544	          0.01000954	          0.01001165	          0.99997174	          0.94002058	          0.01004237	          0.99971020	          0.26617341	          0.02682455	          0.01003224	          0.49324392	          0.21518429	          0.33797377	          0.01003727	          0.01007349	          0.01002187	          0.01050931	          0.78666834	          0.05090661	          0.01001417	          0.18055863	          0.87948095	          0.01010922	          0.09957916	          0.27503721	          0.13781925	
          3.26000000	         -0.30367317	          2.84049449	          0.93988633	          0.14477984	          0.99566775	         -0.97204253	         23.33361669	          1.41833919	        -14.33557345	          2.12968620	          4.59521746	         24.27918330	          5.59221564	         11.70849882	          0.23908540	         14.82089031	         15.69371864	        -12.14033886	         -0.21479803	         -0.35961111	          2.22473058	          9.64774130	          0.45430962	         -3.98404519	         -6.71798289	         58.74322732	          7.91944572	         -9.71276398	          8.26813364	         34.74231961	         35.02234379	         84.19172327	         52.56836403	          0.01030581	          0.01023649	          0.01011821	          0.01008364	          0.01019168	          0.01185197	          0.01006676	          0.01331122	          0.18385019	          0.08159950	          0.01201003	          0.01077617	          0.01019048	          0.01011678	          0.01025514	          0.01009732	          0.01007764	          0.01017526	          0.01242855	          0.08654183	          0.01049570	          0.02286545	          0.09897094	          0.01032514	          0.38760712	          0.01580872	          0.01346448	          0.37747800	          0.52551924	          0.35596620	          0.31930488	          0.01004085	          0.01013309	          0.01005769	          0.28709875	          0.29335877	          0.01047781	          0.03380435	          0.07663055	          0.04406654	          0.01002628	          0.01001132	          0.01006011	          0.01049474	          0.01004102	          0.01003256	          0.01004968	          0.01285243	          0.47621001	          0.33400584	          0.01059921	          0.01017361	          0.01005103	          0.01003465	          0.01002196	          0.01001372	          0.01001593	          0.99995641	          0.80105627	          0.01006745	          0.99150259	          0.17760880	          0.01792775	          0.01003815	          0.32889198	          0.18427911	          0.39233737	          0.01004685	          0.01006930	          0.01002411	          0.01048278	          0.62198940	          0.05102210	          0.01001504	          0.12041695	          0.90798736	          0.01013457	          0.09264675	          0.25286553	          0.12782096	
          3.28000000	          0.02649178	          3.52540707	          1.64600679	          0.15134241	          0.99730175	         -0.97934853	         23.33426848	          1.77831586	        -14.97397748	          1.25663208	          3.38293281	         23.17280097	          5.29057078	         11.75205201	         -0.34235563	         15.34634076	         15.55790908	        -12.50350828	         -0.20512887	         -0.37952922	          3.01128610	         10.03126238	          0.29727416	         -4.05386941	         -6.14742297	         62.91864472	          7.35962834	         -9.91019132	          4.91702720	         34.13306231	         34.07036022	         84.91924854	         51.00396762	          0.01023634	          0.01017885	          0.01011015	          0.01008117	          0.01016989	          0.01099572	          0.01006408	          0.01330658	          0.19313606	          0.08294910	          0.01170601	          0.01062527	          0.01017694	          0.01010872	          0.01025981	          0.01009913	          0.01007251	          0.01024349	          0.01165833	          0.12672405	          0.01073314	          0.04301336	          0.13529900	          0.01028507	          0.39193588	          0.02108807	          0.01987774	          0.37739835	          0.49205954	          0.35962889	          0.32633511	          0.01004039	          0.01012892	          0.01005266	          0.30452959	          0.29483456	          0.01037176	          0.03439283	          0.07758571	          0.04499705	          0.01002894	          0.01001300	          0.01006037	          0.01021750	          0.01004219	          0.01003680	          0.01004767	          0.01300287	          0.51182330	          0.41468471	          0.01065179	          0.01017631	          0.01004976	          0.01003367	          0.01002901	          0.01001760	          0.01001863	          0.99995739	          0.71221985	          0.01008002	          0.66736942	          0.11965108	          0.01206250	          0.01004496	          0.21931928	          0.19270089	          0.53128995	          0.01005966	          0.01008652	          0.01002890	          0.01157191	          0.41468546	          0.03410660	          0.01001458	          0.08042571	          0.95123911	          0.01014556	          0.07807220	          0.22212751	          0.10820864	
          3.30000000	          0.44903621	          4.26515717	          2.42875886	          0.15838488	          0.99908142	         -0.98712414	         23.26494492	          2.19386065	        -15.50745850	          0.29395521	          2.09627740	         21.66956162	          4.96996648	         11.92800144	         -0.67191786	         15.92677192	         15.19271831	        -12.66530817	         -0.19734816	         -0.40558207	          3.81289228	         10.37686098	          0.16823877	         -4.09645424	         -5.58188145	         67.17719281	          6.83009141	        -10.17372520	          1.32913706	         33.61874202	         33.19578655	         85.66986865	         49.35270778	          0.01020154	          0.01014788	          0.01010872	          0.01008328	          0.01015961	          0.01063308	          0.01006528	          0.01330978	          0.20125660	          0.08568048	          0.01149309	          0.01053290	          0.01016104	          0.01009888	          0.01029028	          0.01010990	          0.01007250	          0.01043511	          0.04088103	          0.18103707	          0.01135842	          0.08202901	          0.16997404	          0.01026659	          0.37310053	          0.02625406	          0.03060822	          0.36170696	          0.43805234	          0.34985618	          0.32447594	          0.01004209	          0.01013194	          0.01004708	          0.30471934	          0.30185973	          0.01031206	          0.03356618	          0.07498864	          0.04386858	          0.01005067	          0.01002499	          0.01013041	          0.01043392	          0.01008046	          0.01007596	          0.01021301	          0.01203817	          0.57987390	          0.57858874	          0.01058024	          0.01015667	          0.01004284	          0.01002912	          0.01020475	          0.01011724	          0.01006642	          0.96909211	          0.47633935	          0.04021983	          0.44504543	          0.14722837	          0.01336955	          0.01010269	          0.14625812	          0.24699518	          0.74098504	          0.01028925	          0.01014112	          0.01042215	          0.01226585	          0.27647535	          0.02282747	          0.01001292	          0.35292705	          0.99984699	          0.01013239	          0.07859195	          0.18686345	          0.10337893	
          3.32000000	          0.93588393	          5.05506849	          3.27060700	          0.16568170	          1.00080496	         -0.99521846	         23.13015424	          2.61354146	        -15.90858774	         -0.67803323	          0.80038149	         19.91476482	          4.56511777	         12.34084765	         -0.76287572	         16.52971452	         14.67684500	        -13.04055214	         -0.19280208	         -0.43866565	          4.61321318	         10.67518293	          0.04714334	         -4.08413846	         -5.08725944	         71.51857813	          6.35536039	        -10.50500619	         -2.48618751	         33.27094801	         32.45084633	         86.44938509	         47.61292608	          0.01020575	          0.01014974	          0.01012002	          0.01009374	          0.01017220	          0.01062795	          0.01007283	          0.01331857	          0.20841631	          0.08840998	          0.01135335	          0.01047813	          0.01014785	          0.01009069	          0.01034196	          0.01012906	          0.01008058	          0.01076225	          0.07077623	          0.17490083	          0.01199012	          0.09027536	          0.15656088	          0.01028442	          0.31434775	          0.03005588	          0.03673016	          0.32875190	          0.35394624	          0.31805921	          0.27850169	          0.01004749	          0.01014764	          0.01004260	          0.28590943	          0.31171483	          0.01027816	          0.03099674	          0.06650023	          0.04003401	          0.01007955	          0.01004098	          0.01016887	          0.01034077	          0.01011469	          0.01012063	          0.01020143	          0.01319031	          0.66466680	          0.86014960	          0.01041531	          0.01011067	          0.01003143	          0.01002131	          0.01089880	          0.01031462	          0.01010059	          0.85936286	          0.34584969	          0.16506159	          0.29707545	          0.11904318	          0.04965929	          0.01017072	          0.09762377	          0.32694769	          0.99900982	          0.01076522	          0.01025670	          0.31615391	          0.02467606	          0.18432987	          0.01530973	          0.01000910	          0.28105893	          0.98702843	          0.01009569	          0.05250138	          0.12460865	          0.06899510	
          3.34000000	          1.44760667	          5.88934245	          4.14941674	          0.17300691	          1.00219570	         -1.00355087	         22.93511162	          2.99893157	        -16.16338560	         -1.56479455	         -0.43888806	         18.14758892	          4.02983740	         13.09637904	         -0.65529363	         17.08431603	         14.09619182	        -14.07392374	         -0.19223872	         -0.48832963	          5.40505707	         10.94036484	         -0.08781565	         -3.99275832	         -4.71218463	         75.97834864	          5.95860233	        -10.89608837	         -6.53425140	         33.13569939	         31.87038422	         87.25853038	         45.77678150	          0.01024958	          0.01017917	          0.01015774	          0.01012606	          0.01022023	          0.01076609	          0.01009788	          0.01334483	          0.21611675	          0.09194519	          0.01125746	          0.01044025	          0.01013690	          0.01008408	          0.01050403	          0.01018227	          0.01010801	          0.01165250	          0.07750602	          0.15372993	          0.01298835	          0.08389604	          0.13075656	          0.01036642	          0.24640367	          0.03224833	          0.04024507	          0.29250742	          0.26665518	          0.27523819	          0.21894003	          0.01006444	          0.01019564	          0.01003887	          0.25363724	          0.32380306	          0.01025588	          0.02800854	          0.05719752	          0.03559412	          0.01011394	          0.01006187	          0.01016629	          0.01023541	          0.01013537	          0.01016471	          0.01012250	          0.01276107	          0.99997583	          0.89370457	          0.01039716	          0.01012850	          0.01004423	          0.01003036	          0.01094357	          0.01023163	          0.01009416	          0.59323975	          0.38971899	          0.19858869	          0.25412417	          0.17520321	          0.08111519	          0.01021600	          0.06702607	          0.44595282	          0.99993083	          0.01278687	          0.01053630	          0.34944804	          0.06702678	          0.12289868	          0.01037376	          0.01001299	          0.26848892	          0.82399343	          0.01009551	          0.03506685	          0.08309330	          0.04604321	
          3.36000000	          1.94918798	          6.76057146	          5.05114242	          0.18022782	          1.00297527	         -1.01210537	         22.67550343	          3.34208054	        -16.27089240	         -2.27109854	         -1.56220422	         16.64126951	          3.35683772	         14.30806016	         -0.39606005	         17.47089109	         13.49037795	        -16.00081598	         -0.19530310	         -0.61036544	          6.19864466	         11.19709947	         -0.24624642	         -3.81255156	         -4.47077767	         80.62366649	          5.65596851	        -11.32877074	        -10.82623434	         33.22134193	         31.45214087	         88.08950743	         43.82897671	          0.01021195	          0.01017091	          0.01010212	          0.01007998	          0.01015539	          0.01060059	          0.01005148	          0.01334237	          0.22525938	          0.09605080	          0.01116155	          0.01040477	          0.01012673	          0.01007813	          0.01019323	          0.01008223	          0.01005980	          0.01359996	          0.05684658	          0.10706064	          0.01750834	          0.07801429	          0.11498956	          0.01025688	          0.16835448	          0.03531574	          0.04403751	          0.23210390	          0.18261764	          0.22713498	          0.17716614	          0.01003586	          0.01011752	          0.01003551	          0.19637214	          0.33713024	          0.01023591	          0.02531838	          0.04787924	          0.03142456	          0.01010431	          0.01008100	          0.01011682	          0.01013286	          0.01010827	          0.01016574	          0.01014709	          0.03903530	          0.86413367	          0.59580665	          0.01007652	          0.01001301	          0.01000230	          0.01000151	          0.07464409	          0.01203905	          0.01008888	          0.39560387	          0.26879286	          0.29193360	          0.17064145	          0.18027748	          0.14681935	          0.01039618	          0.13105755	          0.99996637	          0.99998917	          0.01043972	          0.02723182	          0.45965161	          0.10818258	          0.08194706	          0.01028643	          0.01000062	          0.20589513	          0.63873424	          0.01001600	          0.02342076	          0.05540903	          0.03072578	
          3.38000000	          2.42237074	          7.66205942	          5.96613876	          0.18730539	          1.00294088	         -1.02087285	         22.33349700	          3.64925643	        -16.25217576	         -2.71656458	         -2.51448033	         15.54245622	          2.57604035	         16.07411609	         -0.02691439	         17.53908394	         12.83806827	        -18.89122249	         -0.20111319	         -0.99503581	          7.00962316	         11.46687912	         -0.42148396	         -3.55501452	         -4.34701181	         85.51199619	          5.45169648	        -11.77829729	        -15.36171566	         33.51266150	         31.16704657	         88.92575131	         41.75279803	          0.01061994	          0.01036694	          0.01082379	          0.01074175	          0.01090761	          0.01198119	          0.01120637	          0.01355595	          0.23666485	          0.10106126	          0.01106405	          0.01037449	          0.01012140	          0.01007541	          0.05882864	          0.03894015	          0.01097326	          0.01314766	          0.06832866	          0.12433741	          0.01352598	          0.05266021	          0.07736961	          0.01138632	          0.11230887	          0.03903725	          0.05279261	          0.18050858	          0.12181871	          0.15150364	          0.11827305	          0.01062530	          0.01130577	          0.01003311	          0.13100068	          0.35390198	          0.01021752	          0.02045980	          0.03428509	          0.02416745	          0.06254139	          0.17395210	          0.01131063	          0.01094907	          0.01268212	          0.02268398	          0.01021055	          0.02630633	          0.59823341	          0.39721311	          0.01002533	          0.01001666	          0.01009268	          0.02244912	          0.04991394	          0.01025831	          0.01038558	          0.26376906	          0.17927865	          0.19469922	          0.11389648	          0.12035942	          0.09802936	          0.01173658	          0.08781424	          0.99998367	          0.99998678	          0.52775786	          0.09149788	          0.46686283	          0.07239882	          0.05464720	          0.01031242	          0.01006443	          0.18351967	          0.42582333	          0.01000670	          0.01770099	          0.04064501	          0.02134305	
          3.40000000	          2.86872397	          8.57730542	          6.90200853	          0.19417674	          1.00201185	         -1.02974037	         21.86868018	          3.91485563	        -16.18133018	         -2.85667222	         -3.25893130	         14.67451615	          1.76202041	         18.43124245	          0.42137337	         17.14640865	         12.08653354	        -22.59632938	         -0.20787168	         -2.02279647	          7.82929958	         11.74643523	         -0.58908021	         -3.25559243	         -4.31738265	         90.64059140	          5.34752226	        -12.21138543	        -20.10156867	         34.01284404	         30.99203113	         89.74814594	         39.54753964	          0.01049167	          0.01028111	          0.01091523	          0.01081187	          0.01086389	          0.01170095	          0.01149554	          0.01346063	          0.24886163	          0.10827017	          0.01094818	          0.01033813	          0.01011229	          0.01007043	          0.04992422	          0.02831395	          0.01175090	          0.02476870	          0.09406628	          0.16376206	          0.01282697	          0.03665150	          0.06765409	          0.01129407	          0.07500541	          0.04545626	          0.06596308	          0.18724608	          0.08134477	          0.10164904	          0.07925424	          0.01070143	          0.01168906	          0.01003017	          0.10913624	          0.37421860	          0.01019596	          0.02074981	          0.03452844	          0.02459828	          0.04366800	          0.36931667	          0.01025661	          0.01019370	          0.01085927	          0.11295680	          0.01032385	          0.05075375	          0.39967580	          0.28575416	          0.01002180	          0.01001244	          0.01032035	          0.01513273	          0.17267335	          0.11504103	          0.01073740	          0.17589345	          0.18260002	          0.32668109	          0.07612570	          0.18090107	          0.23590306	          0.12877794	          0.05876950	          0.99993958	          0.99996069	          0.36799217	          0.22564993	          0.53547062	          0.11426205	          0.03645346	          0.01045675	          0.06038907	          0.17906770	          0.28388382	          0.01000563	          0.01184312	          0.02710948	          0.01425829	
          3.42000000	          3.30161341	          9.47929968	          7.88554763	          0.20070166	          1.00026798	         -1.03850697	         21.24200225	          4.10418653	        -16.17914265	         -2.68747013	         -3.83722541	         13.63388468	          1.01381289	         21.34096635	          0.92824312	         16.25562903	         11.20022588	        -26.54632629	         -0.21315965	         -4.21249105	          8.62601271	         12.00831716	         -0.71865173	         -2.95742339	         -4.36910377	         95.92495120	          5.34892382	        -12.58456559	        -24.96797230	         34.75160366	         30.92111396	         90.54409617	         37.23583226	          0.01039285	          0.01025068	          0.01039307	          0.01032800	          0.01048784	          0.01125896	          0.01027753	          0.01352459	          0.25992859	          0.11522210	          0.01084680	          0.01030717	          0.01010663	          0.01006752	          0.03360858	          0.01902698	          0.01032381	          0.02324098	          0.08374078	          0.13716362	          0.01423328	          0.05123210	          0.07968598	          0.01079345	          0.05090146	          0.05058306	          0.07510208	          0.19264362	          0.05501432	          0.14379378	          0.07580536	          0.01017948	          0.01055966	          0.01002773	          0.10723951	          0.39591406	          0.01017776	          0.01964035	          0.03017331	          0.02278430	          0.03003847	          0.28733973	          0.01527473	          0.01048881	          0.03180824	          0.09339396	          0.01589332	          0.03425752	          0.26650224	          0.19051548	          0.01004455	          0.01002495	          0.01008068	          0.47121492	          0.11518223	          0.07674904	          0.02634963	          0.11730560	          0.12185242	          0.21784405	          0.05088539	          0.12094135	          0.15739542	          0.08630185	          0.03926470	          0.66667775	          0.71686152	          0.24537879	          0.15090911	          0.45466171	          0.07669891	          0.02432866	          0.01067875	          0.04030079	          0.13734701	          0.34097937	          0.01001155	          0.02610265	          0.07201184	          0.02454757	
          3.44000000	          3.73271570	         10.34936159	          8.91410910	          0.20673257	          0.99800099	         -1.04699143	         20.45906615	          4.17125688	        -16.34623593	         -2.22921861	         -4.38014730	         12.01655561	          0.41948216	         24.70813122	          1.48671000	         15.04044865	         10.21489914	        -30.11710699	         -0.21588954	         -7.70359255	          9.37341812	         12.23293455	         -0.81150763	         -2.67909370	         -4.49913592	        101.21499951	          5.44842412	        -12.86103489	        -29.91608965	         35.74971117	         30.94257505	         91.31153862	         34.84767203	          0.01046076	          0.01029215	          0.01038118	          0.01030166	          0.01051682	          0.01168117	          0.01026093	          0.01343193	          0.26979453	          0.12184150	          0.01079056	          0.01028832	          0.01010251	          0.01006543	          0.02266825	          0.01285514	          0.01030035	          0.01643724	          0.05839959	          0.11730172	          0.01264539	          0.04161873	          0.06901860	          0.01082644	          0.07177889	          0.05465422	          0.07983518	          0.18357876	          0.08841500	          0.16575418	          0.09298183	          0.01016423	          0.01047893	          0.01002593	          0.10694523	          0.41898126	          0.01016701	          0.02179140	          0.03717361	          0.02649852	          0.15029297	          0.21608292	          0.01071302	          0.01071283	          0.02142380	          0.06234729	          0.01063552	          0.02360715	          0.17770536	          0.21076568	          0.01201862	          0.01129154	          0.01266609	          0.51054582	          0.07679804	          0.05117259	          0.01757932	          0.27621471	          0.08126531	          0.14524053	          0.11961738	          0.08070640	          0.10496443	          0.05760142	          0.42309748	          0.44449899	          0.89876542	          0.16359159	          0.11483404	          0.34159259	          0.05182798	          0.01624925	          0.01040763	          0.34091354	          0.09182984	          0.22732172	          0.01036589	          0.03380165	          0.08431509	          0.04396021	
          3.46000000	          4.16204086	         11.18096775	          9.95647398	          0.21215676	          0.99559702	         -1.05512173	         19.57844642	          4.09576364	        -16.72450386	         -1.51655954	         -5.04810457	          9.64391615	          0.06245790	         28.42054111	          2.11112837	         13.85874169	          9.23958625	        -32.93317010	         -0.21688057	        -11.85844040	         10.06672495	         12.42324309	         -0.90667502	         -2.40382366	         -4.70450566	        106.35577657	          5.62349582	        -13.03089380	        -34.96615678	         37.00396968	         31.04422190	         92.05287583	         32.40410867	          0.01019263	          0.01013692	          0.01017686	          0.01016976	          0.01020764	          0.01048426	          0.01011229	          0.01343232	          0.27876137	          0.12748420	          0.01075858	          0.01027549	          0.01009895	          0.01006343	          0.01540219	          0.01027068	          0.01011533	          0.01615323	          0.04041559	          0.11166441	          0.01676057	          0.03097961	          0.06118288	          0.01040527	          0.07614121	          0.05892286	          0.07984874	          0.14876255	          0.11827857	          0.17230406	          0.10051641	          0.01008792	          0.01024769	          0.01002419	          0.08327044	          0.44246541	          0.01016104	          0.02214337	          0.03772470	          0.02712057	          0.13573778	          0.24491324	          0.01058125	          0.01082473	          0.01470810	          0.04167501	          0.01010523	          0.01706067	          0.11852381	          0.14051931	          0.01023528	          0.01014051	          0.01476343	          0.43936965	          0.05120980	          0.03412263	          0.01173987	          0.27341167	          0.05421474	          0.09683989	          0.14802886	          0.05391711	          0.07002628	          0.03848942	          0.31688434	          0.88035869	          0.99996175	          0.11417602	          0.11329339	          0.34979301	          0.03587138	          0.01089086	          0.01042933	          0.29712189	          0.09049438	          0.15155004	          0.01006659	          0.04044501	          0.10448873	          0.05164851	
          3.48000000	          4.57734754	         11.97028084	         11.01024767	          0.21688748	          0.99323604	         -1.06297982	         18.69403637	          3.88815941	        -17.31635871	         -0.60804029	         -5.97943160	          6.73031516	          0.03191564	         32.38079687	          2.83269289	         13.08773982	          8.39159632	        -34.63349472	         -0.21867178	        -15.76285257	         10.72019521	         12.59044384	         -1.04140800	         -2.08794391	         -4.97784362	        111.24450202	          5.86733636	        -13.10872044	        -40.13290424	         38.49176691	         31.25462768	         92.76326802	         29.91609769	          0.02456009	          0.01762739	          0.01234335	          0.01098713	          0.01844928	          0.05494018	          0.01206171	          0.01347306	          0.29028894	          0.13378031	          0.01076954	          0.01027457	          0.01009798	          0.01006282	          0.01661380	          0.01092585	          0.01467707	          0.01089591	          0.02714419	          0.07524837	          0.01148004	          0.02089025	          0.04111394	          0.01385489	          0.05095308	          0.05808752	          0.07632675	          0.11035365	          0.07977300	          0.11503591	          0.06744880	          0.01054335	          0.01165349	          0.01002304	          0.05558878	          0.46943808	          0.01016231	          0.02117800	          0.03449652	          0.02544461	          0.11615088	          0.32986135	          0.01065460	          0.01062605	          0.01215807	          0.02797625	          0.01014462	          0.01376598	          0.07905213	          0.09369383	          0.01004133	          0.01002282	          0.01025402	          0.29295313	          0.03415336	          0.02275841	          0.01007656	          0.18385652	          0.03619086	          0.06457436	          0.10830762	          0.03612407	          0.04674779	          0.02580388	          0.24934589	          0.94359645	          0.79115999	          0.07612769	          0.11225932	          0.34850460	          0.02772833	          0.01015069	          0.01039390	          0.27893002	          0.07003187	          0.10103524	          0.01001586	          0.04645560	          0.12215869	          0.06019459	
          3.50000000	          4.96218517	         12.71050818	         12.09865193	          0.22083977	          0.99071802	         -1.07066828	         17.89065539	          3.57786009	        -18.09694823	          0.40789785	         -7.22393401	          3.73084072	          0.41714932	         36.48751365	          3.67192978	         12.91010243	          7.76012177	        -34.94662399	         -0.22348784	        -18.92949448	         11.34286778	         12.73888906	         -1.23666171	         -1.66457949	         -5.30999230	        115.82257710	          6.19996804	        -13.11744345	        -45.40018228	         40.16962633	         31.63625977	         93.42962943	         27.39456713	          0.02721225	          0.01881246	          0.01400468	          0.01147122	          0.02030065	          0.03807802	          0.01345567	          0.01354479	          0.30327131	          0.14364610	          0.01075605	          0.01026479	          0.01009397	          0.01006019	          0.01559086	          0.01137402	          0.01575642	          0.01038317	          0.01850461	          0.05404729	          0.01088477	          0.01448996	          0.02806352	          0.01480484	          0.03431226	          0.06002675	          0.07222804	          0.08884417	          0.05409613	          0.07771511	          0.04570534	          0.01079171	          0.01233644	          0.01002124	          0.03725153	          0.49894814	          0.01015943	          0.02022267	          0.03186233	          0.02379182	          0.07783904	          0.42814601	          0.01118706	          0.01181572	          0.02188972	          0.01891887	          0.01013779	          0.01337811	          0.05272204	          0.06250363	          0.01065142	          0.01038646	          0.01019125	          0.19531852	          0.02278407	          0.01518558	          0.01009279	          0.23187348	          0.02418256	          0.04306376	          0.13691017	          0.02431966	          0.03123565	          0.01742579	          0.31734381	          0.62908142	          0.57014789	          0.05076576	          0.07552988	          0.34853565	          0.02000665	          0.01021898	          0.01050684	          0.42051083	          0.04810400	          0.06736629	          0.01002478	          0.05279894	          0.13917699	          0.06887590	
          3.52000000	          5.30444581	         13.39622250	         13.22390940	          0.22395548	          0.98765784	         -1.07818663	         17.21255998	          3.18112993	        -19.00441173	          1.43476857	         -8.75645229	          1.09458891	          1.27464552	         40.61229427	          4.59853162	         13.24925299	          7.38092854	        -33.74870583	         -0.23139932	        -21.58531814	         11.92959175	         12.86818450	         -1.50667697	         -1.05830537	         -5.69799458	        120.04125536	          6.65275178	        -13.06993148	        -50.74386669	         41.97809846	         32.23379459	         94.03505497	         24.85890918	          0.01950979	          0.01399967	          0.01136348	          0.01053939	          0.01492314	          0.02601111	          0.01062309	          0.01362645	          0.31143282	          0.15305366	          0.01072615	          0.01024988	          0.01008880	          0.01005670	          0.01244923	          0.01057277	          0.01137380	          0.01046239	          0.01346304	          0.04704983	          0.01107694	          0.01224539	          0.01988260	          0.01270864	          0.02378160	          0.06108735	          0.06761087	          0.06665852	          0.03685636	          0.05488486	          0.03179729	          0.01023039	          0.01104667	          0.01001940	          0.02511824	          0.51928356	          0.01015428	          0.01915463	          0.02831893	          0.02179946	          0.05197124	          0.52733532	          0.01233173	          0.01633373	          0.01834371	          0.01305576	          0.01013400	          0.01335891	          0.03516119	          0.14074864	          0.24174212	          0.29029800	          0.01989936	          0.13022302	          0.01520927	          0.01015331	          0.01008498	          0.37645557	          0.01620225	          0.02872396	          0.15741639	          0.01665078	          0.02091142	          0.01214314	          0.33404519	          0.41940004	          0.38010464	          0.03385519	          0.05055402	          0.40296257	          0.01493675	          0.01026400	          0.01068215	          0.61376731	          0.03296432	          0.63596054	          0.01126375	          0.06138632	          0.16307319	          0.08060030	
          3.54000000	          5.59842266	         14.02999231	         14.35306260	          0.22624805	          0.98389537	         -1.08544112	         16.66135066	          2.68579735	        -19.93945928	          2.39722471	        -10.50937394	         -0.90177183	          2.60818655	         44.59775274	          5.51381858	         13.89709484	          7.21086939	        -31.11689675	         -0.24134045	        -24.18000837	         12.47418953	         12.97812968	         -1.85892422	         -0.21195845	         -6.15327862	        123.85378569	          7.26282890	        -12.95789390	        -56.12079811	         43.86822274	         33.05422920	         94.54781251	         22.33339779	          0.01502603	          0.01490085	          0.01546429	          0.01478358	          0.01521710	          0.01760875	          0.01633221	          0.01365883	          0.31039944	          0.15671961	          0.01072830	          0.01024739	          0.01008721	          0.01005558	          0.02235911	          0.01229330	          0.01581727	          0.01044277	          0.01155597	          0.03255352	          0.01116928	          0.01188732	          0.01449192	          0.01545698	          0.01664201	          0.06015508	          0.06343518	          0.04469498	          0.02478922	          0.03671982	          0.02190296	          0.01871133	          0.01554695	          0.01001875	          0.01708699	          0.51927631	          0.01015492	          0.01751237	          0.02188165	          0.01885559	          0.03467847	          0.54633718	          0.01043878	          0.01139842	          0.01261385	          0.01042702	          0.01007351	          0.01331533	          0.02344990	          0.09447388	          0.16132206	          0.19895214	          0.03369966	          0.08682418	          0.01018124	          0.01004830	          0.01005207	          0.35822091	          0.01102390	          0.01916625	          0.27740123	          0.01371988	          0.01408434	          0.01052232	          0.43836372	          0.27961230	          0.25341903	          0.02258052	          0.03378722	          0.43562210	          0.01535567	          0.01012354	          0.01026081	          0.46003472	          0.02234231	          0.56498958	          0.01501478	          0.07310110	          0.19434125	          0.09647515	
          3.56000000	          5.84383894	         14.61978229	         15.43424295	          0.22779259	          0.97957392	         -1.09229442	         16.19676947	          2.08635426	        -20.78347129	          3.24795278	        -12.34032662	         -2.31007321	          4.39110601	         48.27901892	          6.27909246	         14.70061702	          7.16513065	        -27.74279695	         -0.25263895	        -26.63430536	         12.97320150	         13.07252174	         -2.28857952	          0.90460532	         -6.69956181	        127.21031803	          8.07047918	        -12.75899764	        -61.47024364	         45.82203781	         34.08862701	         94.90500484	         19.83823545	          0.01021871	          0.01012449	          0.01059553	          0.01176534	          0.01036983	          0.01185160	          0.01114810	          0.01396977	          0.29840830	          0.15068457	          0.01074660	          0.01024975	          0.01009142	          0.01005819	          0.02502871	          0.02296046	          0.01073237	          0.02036818	          0.05444324	          0.07615817	          0.01660342	          0.01763455	          0.02594828	          0.01083689	          0.01456192	          0.05955610	          0.05897636	          0.03001241	          0.01666317	          0.02460454	          0.01552873	          0.04545922	          0.01233809	          0.01001925	          0.01698529	          0.49251327	          0.01015801	          0.01379382	          0.01515087	          0.01391775	          0.02313539	          0.40083526	          0.01024655	          0.07337076	          0.01024591	          0.01011771	          0.01006526	          0.01327021	          0.01563992	          0.07033737	          0.10815762	          0.13268070	          0.02249872	          0.05788673	          0.01008702	          0.01005262	          0.01004107	          0.23885442	          0.01268101	          0.01280279	          0.18514946	          0.01458037	          0.01048462	          0.01017565	          0.80454135	          0.18644822	          0.99996450	          0.01506367	          0.02256272	          0.50918863	          0.01252422	          0.01018655	          0.01036913	          0.40499465	          0.01496488	          0.37877679	          0.01002158	          0.08216298	          0.22184638	          0.10900610	
          3.58000000	          6.04478817	         15.17966940	         16.41264527	          0.22869783	          0.97478835	         -1.09870462	         15.75548371	          1.38303016	        -21.41719083	          3.96007778	        -14.10462692	         -3.29755956	          6.60033405	         51.52185158	          6.77665824	         15.57287854	          7.16286172	        -24.37679947	         -0.26334708	        -28.72013062	         13.42513329	         13.17660699	         -2.79746602	          2.30999299	         -7.36133534	        130.02999287	          9.09145418	        -12.45273208	        -66.78797992	         47.83611242	         35.31144568	         95.01999284	         17.38424082	          0.01759709	          0.01549537	          0.01533820	          0.01503578	          0.01649061	          0.03492507	          0.01509701	          0.01413800	          0.28807878	          0.14226093	          0.01089475	          0.01029747	          0.01011863	          0.01007408	          0.01699898	          0.01536712	          0.01541664	          0.01360475	          0.03637865	          0.05634308	          0.01113108	          0.01185075	          0.01749732	          0.01593105	          0.01023635	          0.05297603	          0.05868346	          0.04197361	          0.01695965	          0.01647340	          0.01096899	          0.07609163	          0.01505569	          0.01002369	          0.01137242	          0.45959175	          0.01018629	          0.01497307	          0.01597718	          0.01515678	          0.01543372	          0.49621459	          0.01500881	          0.05223964	          0.01500517	          0.01500542	          0.01001891	          0.01317162	          0.65464209	          0.99991687	          0.07211078	          0.08845476	          0.01500013	          0.03859154	          0.01000679	          0.01000411	          0.01001847	          0.15924512	          0.01002004	          0.01000770	          0.12346525	          0.01003881	          0.01003235	          0.01509901	          0.56100352	          0.74805598	          0.99999216	          0.01005388	          0.01506441	          0.34681873	          0.01063161	          0.01001355	          0.01006393	          0.26999646	          0.01000153	          0.30937790	          0.79435250	          0.09414101	          0.21683001	          0.12482073	
          3.60000000	          6.20560697	         15.70100253	         17.25314952	          0.22906269	          0.96949806	         -1.10472880	         15.29481617	          0.58937233	        -21.74369929	          4.49921494	        -15.76246773	         -3.77397814	          9.25935306	         54.42679760	          6.96590043	         16.71688157	          7.19256343	        -24.51455126	         -0.27204364	        -28.10581564	         13.83608652	         13.32985275	         -3.37932722	          3.99978300	         -8.14305096	        132.11379222	         10.30930425	        -12.02509814	        -72.10387503	         49.91780771	         36.69693375	         94.83212799	         14.99671972	          0.01176944	          0.01035961	          0.01026426	          0.01009274	          0.01103072	          0.02332882	          0.01008835	          0.01084640	          0.27933628	          0.11994195	          0.01089192	          0.01029371	          0.01006678	          0.01004822	          0.01141863	          0.01029078	          0.01030032	          0.04572187	          0.15816463	          0.22377388	          0.04145858	          0.16459726	          0.23139514	          0.01069828	          0.26759943	          0.06012203	          0.06661127	          0.39617792	          0.21755456	          0.11335094	          0.28829409	          0.05075336	          0.01011128	          0.01002495	          0.57014067	          0.41624761	          0.01018269	          0.01538425	          0.01511020	          0.01527783	          0.01029076	          0.33081058	          0.01001064	          0.03483564	          0.01000605	          0.01000751	          0.01000596	          0.01322442	          0.99992258	          0.69462834	          0.31868996	          0.47526594	          0.01000080	          0.02572808	          0.17087315	          0.13813118	          0.01000224	          0.99999322	          0.86502539	          0.27270586	          0.99996958	          0.63240393	          0.03391568	          0.01007208	          0.37400578	          0.99999769	          0.99996113	          0.01000879	          0.01004630	          0.23121797	          0.01004354	          0.05070608	          0.05055262	          0.17999855	          0.41636894	          0.20876682	          0.52964195	          0.07223036	          0.14505326	          0.09957213	
          3.62000000	          6.33000049	         16.27379900	         17.91157068	          0.22914327	          0.96250772	         -1.11060765	         14.90170007	         -0.33277953	        -21.70625401	          4.85811278	        -17.19895526	         -4.31500481	         12.32707844	         56.83015682	          6.90182296	         17.79024721	          7.35511666	        -26.68735903	         -0.27640271	        -27.36819060	         14.22470368	         13.54723166	         -3.95928371	          5.92255236	         -9.02544350	        133.09200482	         11.74538596	        -11.45703243	        -77.14902488	         52.12111515	         38.35017393	         94.36410319	         12.77259536	          0.01012661	          0.01007878	          0.01015406	          0.01015528	          0.01014747	          0.01561350	          0.01158036	          0.11701802	          0.31520597	          0.10875393	          0.01144452	          0.01051024	          0.01163964	          0.01050434	          0.01271394	          0.01060839	          0.01013268	          0.12976520	          0.21797473	          0.31202969	          0.03047481	          0.11089888	          0.15456880	          0.01059094	          0.17851691	          0.04504789	          0.06532918	          0.26459844	          0.14513286	          0.07557261	          0.19272782	          0.24610061	          0.01174228	          0.01004510	          0.38020834	          0.43922398	          0.01031091	          0.01028747	          0.01008420	          0.01020795	          0.01002023	          0.84331487	          0.03344963	          0.02322740	          0.06061824	          0.99999003	          0.05752570	          0.01289188	          0.66661945	          0.46309219	          0.94537557	          0.99983006	          0.26963726	          0.08274890	          0.11392067	          0.09210462	          0.11429396	          0.66666275	          0.57668455	          0.18180891	          0.66664820	          0.42160586	          0.22083640	          0.99998410	          0.24933932	          0.66666998	          0.66664269	          0.17084722	          0.01003628	          0.99998202	          0.51164817	          0.03380628	          0.03372176	          0.59041432	          0.27762524	          0.13918164	          0.99998740	          0.10604018	          0.46606211	          0.10679940	
          3.64000000	          6.39493893	         16.90836384	         18.35976466	          0.22895495	          0.95383484	         -1.11630230	         14.60440605	         -1.46021180	        -21.14360006	          5.06368464	        -18.36612234	         -4.82469041	         15.93448851	         58.45771591	          6.68283866	         18.40834051	          7.64876563	        -27.33174731	         -0.26980460	        -29.78848128	         14.59122555	         13.81291022	         -4.57143581	          8.05402774	         -9.98384001	        132.58631626	         13.37608389	        -10.72754884	        -81.93472457	         54.49449144	         40.36165614	         93.70026262	         10.82553821	          0.01011550	          0.01006888	          0.01010951	          0.01009929	          0.01011944	          0.01051674	          0.01141882	          0.27725804	          0.38456675	          0.15350690	          0.01104343	          0.01035517	          0.07719447	          0.01955953	          0.01109576	          0.01030229	          0.01008942	          0.21051483	          0.21719802	          0.28571761	          0.07633209	          0.16034777	          0.22418405	          0.01067866	          0.12030630	          0.06624623	          0.08570859	          0.23336842	          0.09693066	          0.05038689	          0.33352825	          0.21354206	          0.05552398	          0.01003243	          0.41443114	          0.53600404	          0.01021575	          0.01003960	          0.01001269	          0.01002860	          0.68006252	          0.84110254	          0.02231013	          0.01548899	          0.04042869	          0.98354086	          0.03835116	          0.01212523	          0.44442415	          0.30877523	          0.67916308	          0.66671625	          0.28742692	          0.05517417	          0.07594806	          0.06140370	          0.07619653	          0.44444300	          0.38445723	          0.12120697	          0.44443580	          0.28107358	          0.14723275	          0.66678883	          0.42960717	          0.61291983	          0.46347824	          0.11390050	          0.03967003	          0.99999690	          0.34114947	          0.02253852	          0.02248541	          0.99995783	          0.99981955	          0.19667063	          0.96380649	          0.24641120	          0.72209515	          0.36368769	
          3.66000000	          6.36786791	         17.49533375	         18.59013239	          0.22826645	          0.94543651	         -1.12140830	         14.36106748	         -2.81767300	        -19.88234230	          5.19142043	        -19.26848459	         -4.63339078	         20.29844314	         59.39375472	          6.39486455	         18.80000381	          8.06227360	        -28.11600110	         -0.25163792	        -33.01977869	         14.92192642	         14.07952598	         -5.29360036	         10.40096855	        -11.00698991	        130.36330706	         15.16173201	         -9.81500832	        -86.56477144	         57.06766855	         42.75800069	         92.86766452	          9.24624580	          0.01008071	          0.01004901	          0.01007430	          0.01006983	          0.01007933	          0.01015408	          0.01042824	          0.30885204	          0.45791729	          0.19368243	          0.01073697	          0.01026031	          0.05171857	          0.09440726	          0.01070964	          0.01022572	          0.01005897	          0.32643785	          0.37417242	          0.41222634	          0.12402207	          0.22809446	          0.17858780	          0.01044123	          0.19206312	          0.05651257	          0.11603825	          0.17073447	          0.06476843	          0.03359619	          0.45773007	          0.19769596	          0.03821554	          0.01002330	          0.50686173	          0.64006048	          0.01016264	          0.01003103	          0.01000974	          0.01002238	          0.45352638	          0.99987514	          0.01487835	          0.01032862	          0.02695844	          0.99996990	          0.02556793	          0.01134125	          0.29628643	          0.20585312	          0.77820302	          0.78414305	          0.19164353	          0.09350888	          0.05063268	          0.04093621	          0.05079804	          0.29629607	          0.25630541	          0.08080535	          0.29629371	          0.18738457	          0.09816161	          0.99990532	          0.56263949	          0.40861568	          0.30898886	          0.07593541	          0.99997987	          0.99999811	          0.25627281	          0.01502635	          0.01499298	          0.99996931	          0.99996691	          0.13111436	          0.99994988	          0.42659723	          0.93640311	          0.57562109	
          3.68000000	          6.23997647	         17.99924945	         18.55770117	          0.22702871	          0.93869570	         -1.12560113	         14.19044783	         -4.41542101	        -17.83689741	          5.37273916	        -19.82159329	         -3.73685986	         25.43648444	         59.72212645	          6.09151081	         18.96352547	          8.68055161	        -29.18024510	         -0.22622846	        -35.99452618	         15.20542171	         14.28475680	         -6.07911650	         12.96499763	        -12.09826765	        126.25742859	         17.14359570	         -8.70358828	        -90.68372079	         59.87818254	         45.63390075	         91.79227157	          8.12841772	          0.01005331	          0.01003195	          0.01005023	          0.01004867	          0.01005195	          0.01010283	          0.01022663	          0.38930132	          0.53779452	          0.23908083	          0.01060588	          0.01022345	          0.21496531	          0.06326914	          0.01141834	          0.01022817	          0.01004148	          0.60819548	          0.48903969	          0.62816572	          0.20693587	          0.32467900	          0.34019870	          0.01025936	          0.28823322	          0.12891463	          0.12814871	          0.11387116	          0.04325669	          0.02240298	          0.61131054	          0.16444565	          0.02622211	          0.01002047	          0.60555989	          0.75341941	          0.01013903	          0.01002213	          0.01000698	          0.01001594	          0.99988685	          0.99998513	          0.01000654	          0.01000379	          0.01797819	          0.99996483	          0.01704565	          0.01067591	          0.19752799	          0.13724032	          0.79743925	          0.70630066	          0.16998448	          0.06234839	          0.03375555	          0.02729108	          0.03386559	          0.19753155	          0.17087070	          0.05387068	          0.19753408	          0.12492452	          0.06544463	          0.92201023	          0.99998790	          0.27241368	          0.23688132	          0.05062458	          0.99998894	          0.99999854	          0.17085436	          0.01001831	          0.01000511	          0.99998938	          0.78092346	          0.08741020	          0.85752325	          0.57387654	          0.99988484	          0.76690799	
          3.70000000	          6.01058064	         18.37116675	         18.19035779	          0.22522203	          0.93465377	         -1.12848183	         14.06931350	         -6.31206027	        -14.87833643	          5.74141961	        -20.01599622	         -2.10685163	         31.33327330	         59.55633826	          5.79252864	         18.83402363	          9.44869995	        -30.27136267	         -0.19673844	        -38.10414833	         15.41846409	         14.36521790	         -6.85042888	         15.76282174	        -13.26123943	        119.96272717	         19.39358268	         -7.40317555	        -93.85693697	         62.96131779	         49.14369880	         90.35948385	          7.57100808	          0.01003725	          0.01002195	          0.01003678	          0.01003736	          0.01003636	          0.01006690	          0.01018451	          0.50721892	          0.60417075	          0.27349831	          0.01046647	          0.01017043	          0.14342017	          0.20242852	          0.07539927	          0.01118159	          0.01003219	          0.82105331	          0.94945686	          0.41886846	          0.26479340	          0.46930622	          0.22690700	          0.01017958	          0.20249966	          0.09914021	          0.13318838	          0.07592742	          0.02888382	          0.01494322	          0.82501814	          0.20843093	          0.01859214	          0.01001388	          0.67216997	          0.80529360	          0.01010838	          0.01001678	          0.01000541	          0.01001210	          0.99999320	          0.99999798	          0.01000632	          0.01000360	          0.17209379	          0.99998838	          0.01136416	          0.01052897	          0.13168748	          0.09149535	          0.94871919	          0.81702322	          0.11333486	          0.08658773	          0.02250403	          0.01819427	          0.02257724	          0.13168886	          0.11391412	          0.03591408	          0.13171823	          0.08328394	          0.04363174	          0.99997894	          0.99999651	          0.18161181	          0.38136491	          0.03375027	          0.99999615	          0.99999827	          0.11390441	          0.01000107	          0.01000284	          0.99999604	          0.56379001	          0.05827378	          0.99064789	          0.63051207	          0.99993291	          0.82378541	
          3.72000000	          5.67800568	         18.57670825	         17.43966824	          0.22283267	          0.93355864	         -1.12967373	         13.97995581	         -8.56598404	        -10.95775660	          6.41960377	        -19.86694076	          0.16953745	         37.96707088	         59.03347421	          5.49167703	         18.23446939	         10.31060436	        -31.31894302	         -0.19342834	        -39.38854965	         15.54251136	         14.23136186	         -7.47987844	         18.79676215	        -14.50904732	        111.12529909	         22.01473639	         -5.92902613	        -95.48397039	         66.36093374	         53.42443569	         88.45300150	          7.68856258	          0.01003720	          0.01002206	          0.01003314	          0.01003296	          0.01003359	          0.01006131	          0.01014306	          0.50247264	          0.65209557	          0.31043696	          0.01028943	          0.01012489	          0.28358353	          0.42926987	          0.05040491	          0.03345204	          0.01002941	          0.99908872	          0.96715589	          0.27926196	          0.35600762	          0.46908759	          0.15130801	          0.01017472	          0.25772972	          0.12796107	          0.11435129	          0.05062363	          0.01928943	          0.01003407	          0.89725061	          0.35126635	          0.01368294	          0.01001388	          0.66092940	          0.85969518	          0.01007218	          0.01001531	          0.01000512	          0.01001110	          0.99999069	          0.99999607	          0.01000643	          0.01000272	          0.83044531	          0.99996791	          0.01000092	          0.01071294	          0.08779320	          0.06099837	          0.99990205	          0.99972620	          0.07558734	          0.68412340	          0.01500306	          0.01212980	          0.01505169	          0.08779449	          0.07594300	          0.02394297	          0.60198821	          0.05552325	          0.02908918	          0.66681577	          0.99999634	          0.12107623	          0.25951382	          0.02250057	          0.99999501	          0.99999758	          0.07593690	          0.01000114	          0.01000273	          0.99999862	          0.37586103	          0.03884941	          0.99996631	          0.86385499	          0.99102417	          0.86605345	
          3.74000000	          5.23010434	         18.62284058	         16.30421866	          0.21974872	          0.93517547	         -1.12901014	         13.91686917	        -11.09169745	         -6.20835822	          7.49522307	        -19.37609352	          3.13895746	         45.39126726	         58.27481291	          5.15662529	         16.86785912	         11.42264467	        -32.33098977	         -0.17568016	        -40.24801652	         15.57265839	         13.78124713	         -7.84303492	         22.05621464	        -15.88244669	         99.60886131	         25.06444241	         -4.27670183	        -94.91098884	         70.08956623	         58.43874773	         85.97230164	          8.58020309	          0.01001491	          0.01000862	          0.01002423	          0.01004225	          0.01001618	          0.01001651	          0.01008151	          0.53943974	          0.67130807	          0.36410053	          0.01023614	          0.01010509	          0.24581387	          0.59319281	          0.03363695	          0.02245750	          0.01001480	          0.80778117	          0.64676295	          0.18618112	          0.35321194	          0.53042350	          0.10088865	          0.01004850	          0.44905481	          0.08537470	          0.07626020	          0.03375184	          0.01288472	          0.01000968	          0.69616615	          0.31579895	          0.08119297	          0.01001239	          0.44068314	          0.94301556	          0.01006159	          0.01001200	          0.01000420	          0.01000878	          0.99999558	          0.99999827	          0.60992698	          0.01008365	          0.99999429	          0.99998667	          0.01000117	          0.01002296	          0.05852982	          0.04066652	          0.99996504	          0.99995168	          0.37549937	          0.99998917	          0.01000278	          0.01000064	          0.01003477	          0.05853066	          0.05062887	          0.01596222	          0.40132859	          0.03701590	          0.01939383	          0.83428159	          0.99999745	          0.08071861	          0.20166101	          0.01500071	          0.99999707	          0.99999737	          0.05062495	          0.01000122	          0.01000307	          0.99999933	          0.25057451	          0.02589976	          0.99998457	          0.99999796	          0.99999943	          0.99999873	
          3.76000000	          4.65009459	         18.46204900	         14.80347682	          0.21557026	          0.93937472	         -1.12641332	         13.92040199	        -13.72838012	         -0.88997885	          9.03084383	        -18.43380429	          6.86132446	         53.68056953	         57.33979009	          4.75806362	         14.37041195	         13.02655195	        -33.47350802	         -0.10797909	        -40.97510633	         15.50518748	         13.01738340	         -7.87145794	         25.52822636	        -17.45164768	         85.52013671	         28.48962415	         -2.41661740	        -91.41727854	         74.11420760	         63.96108378	         82.83451687	         10.30967725	          0.18469793	          0.05063956	          0.01004358	          0.01002237	          0.01014177	          0.02247156	          0.01494686	          0.73388638	          0.68737553	          0.44628133	          0.01048356	          0.01015901	          0.36466556	          0.72603347	          0.02243398	          0.01498569	          0.01008699	          0.53852702	          0.43118415	          0.12412366	          0.23549595	          0.35364664	          0.06726720	          0.02247991	          0.57869858	          0.05694085	          0.05085053	          0.02250300	          0.07444778	          0.02324818	          0.99993173	          0.21053871	          0.05416520	          0.01001192	          0.29382790	          0.99961813	          0.01010006	          0.01001133	          0.01000414	          0.01000836	          0.99999592	          0.99999773	          0.99998564	          0.95051568	          0.99999362	          0.99999172	          0.01000060	          0.01002618	          0.03902058	          0.02711166	          0.99999597	          0.99999747	          0.95961699	          0.99998720	          0.01000108	          0.01000063	          0.01000081	          0.03902089	          0.03375274	          0.01064181	          0.26755341	          0.02467756	          0.01293048	          0.55619826	          0.99999289	          0.05381316	          0.16754202	          0.01000140	          0.74358880	          0.99999446	          0.03375019	          0.01000087	          0.01000757	          0.99999959	          0.16705002	          0.01726660	          0.99999929	          0.84271612	          0.99809938	          0.93016504	
          3.78000000	          3.92991420	         17.98321294	         12.95363798	          0.20968139	          0.94640716	         -1.12174685	         14.11696056	        -16.32147238	          4.70812843	         11.10495720	        -16.87238288	         11.23880483	         62.85211262	         56.34876842	          4.29740766	         10.48669663	         15.37396253	        -34.81565751	         -0.03176423	        -41.47233051	         15.33697401	         12.05676692	         -7.49096372	         29.19487914	        -19.31510658	         69.11520602	         32.15628885	         -0.28842583	        -84.29811242	         78.38140646	         69.64114555	         78.96974037	         12.91932001	          0.28112296	          0.03377426	          0.01002892	          0.01001423	          0.01005404	          0.01499351	          0.01001786	          0.71123241	          0.64793300	          0.55632803	          0.01018116	          0.01009023	          0.52187823	          0.81590423	          0.01496434	          0.01002037	          0.01001249	          0.69153497	          0.28756284	          0.08275111	          0.15794814	          0.40296867	          0.04485006	          0.01500048	          0.99995866	          0.03797628	          0.03390746	          0.01500293	          0.04963969	          0.01857719	          0.68153158	          0.14041123	          0.03615871	          0.01000934	          0.28284918	          0.98732593	          0.01007275	          0.01000993	          0.01000373	          0.01000738	          0.99999887	          0.99999955	          0.99999953	          0.99999940	          0.99999922	          0.99999847	          0.01003262	          0.01000257	          0.02601419	          0.01807524	          0.99999939	          0.99999964	          0.99999913	          0.99999928	          0.01000052	          0.01000032	          0.53951587	          0.02601420	          0.02250196	          0.01000036	          0.17836948	          0.01645193	          0.01000093	          0.37080060	          0.66666259	          0.03587566	          0.11169476	          0.01000021	          0.49572632	          0.99999896	          0.02250028	          0.01000222	          0.54663740	          0.99999987	          0.11136691	          0.01151120	          0.99999988	          0.56181270	          0.82488217	          0.62011573	
          3.80000000	          3.08650558	         17.13907902	         10.84687786	          0.20175692	          0.95599392	         -1.11456707	         14.66796569	        -18.77808520	         10.70842177	         13.94623039	        -14.68245792	         16.42969361	         72.88319297	         55.91300970	          3.81314271	          5.74745572	         18.52499702	        -34.44697072	          0.03506469	        -41.79509284	         15.08398300	         10.87511746	         -6.58824102	         32.95745511	        -21.52697841	         50.64308722	         35.91354521	          2.12424011	        -72.83752502	         82.96466808	         75.44760625	         74.30264783	         16.50596015	          0.81984504	          0.02252041	          0.01000631	          0.03374384	          0.01000445	          0.01000476	          0.69724282	          0.99954595	          0.62117452	          0.71679835	          0.01173933	          0.01119500	          0.78282981	          0.99962793	          0.01000300	          0.01000102	          0.01000082	          0.99999813	          0.99999520	          0.05516882	          0.99999303	          0.36421501	          0.02990342	          0.01000727	          0.99999771	          0.02532719	          0.02260945	          0.01000258	          0.03309605	          0.96920557	          0.45436962	          0.09363940	          0.07596531	          0.01000898	          0.18856847	          0.99999350	          0.07289633	          0.01000976	          0.01000365	          0.01000725	          0.99999756	          0.96953296	          0.66666998	          0.66666670	          0.99999775	          0.99999544	          0.48590301	          0.01000107	          0.01734317	          0.97043386	          0.94128241	          0.92676251	          0.99985577	          0.81678096	          0.01000052	          0.01000039	          0.60101469	          0.01734316	          0.01500153	          0.01000054	          0.11891348	          0.01096828	          0.01000073	          0.24720083	          0.44444194	          0.02391722	          0.07446325	          0.01000237	          0.33048441	          0.83177113	          0.01500034	          0.01000444	          0.36442804	          0.99999817	          0.07425242	          0.04470451	          0.99999910	          0.37454187	          0.54992147	          0.41341054	
          3.82000000	          2.13416195	         15.92964720	          8.61634553	          0.19169379	          0.96655903	         -1.10408956	         15.66332316	        -21.20143569	         17.61763708	         17.93036248	        -12.04655980	         22.61965477	         83.84792741	         56.47790871	          3.37263449	          0.75916590	         22.45505061	        -28.79996829	          0.11532340	        -44.42690334	         14.74334036	          9.35442013	         -5.23550122	         36.72321529	        -24.02179331	         30.17569988	         39.67953773	          4.72419404	        -56.84206142	         88.14979702	         81.85766496	         68.71896388	         21.24922312	          0.94410978	          0.01501739	          0.01503821	          0.02249888	          0.08521279	          0.01000257	          0.46485905	          0.99999786	          0.53918510	          0.48650337	          0.17124040	          0.05779468	          0.99999669	          0.99999815	          0.01000153	          0.01000088	          0.01000116	          0.99999472	          0.66666609	          0.03678036	          0.99999210	          0.24281401	          0.01993867	          0.50295831	          0.99998947	          0.01689404	          0.01507736	          0.99997875	          0.02206591	          0.99999949	          0.99998793	          0.17093376	          0.05066232	          0.01000127	          0.99998922	          0.88856013	          0.40700619	          0.01000024	          0.01000008	          0.01000017	          0.99998994	          0.64635626	          0.44444674	          0.44444452	          0.66666566	          0.99999283	          0.44365758	          0.01000141	          0.99999905	          0.99998033	          0.62752164	          0.61784170	          0.99999967	          0.99999980	          0.06284077	          0.02251027	          0.40067658	          0.01156240	          0.01000161	          0.01000069	          0.07927618	          0.01000072	          0.01000373	          0.16480112	          0.29629486	          0.99999063	          0.99999918	          0.99999855	          0.22032317	          0.55451414	          0.01000059	          0.99999647	          0.24295407	          0.66666547	          0.99999964	          0.02980315	          0.66666608	          0.24969460	          0.36661432	          0.27560704	
          3.84000000	          1.04435042	         14.37433418	          6.34517395	          0.17922308	          0.97712414	         -1.09038939	         17.18547068	        -24.09215370	         24.91971041	         23.05595064	         -9.38380288	         28.09454202	         95.42841189	         58.90500884	          3.00101495	         -3.42380651	         27.04848131	        -22.57781616	          0.22421320	        -41.79599953	         14.27186006	          7.65028005	         -3.66275276	         40.48898126	        -26.62648238	          8.69629338	         43.44553146	          7.38020319	        -38.69232847	         94.37359615	         88.72738831	         62.08945988	         27.12361057	          0.99999896	          0.99999971	          0.01002607	          0.01499945	          0.73923462	          0.99999885	          0.30991542	          0.66666978	          0.35946203	          0.32437941	          0.11437008	          0.60046350	          0.66666957	          0.66666761	          0.80036678	          0.99999819	          0.99999624	          0.66666377	          0.44444437	          0.02452131	          0.66667031	          0.99999519	          0.99998302	          0.99999895	          0.99999772	          0.01132637	          0.01015567	          0.97590356	          0.99999954	          0.99999940	          0.99999603	          0.11395599	          0.03377503	          0.01977507	          0.99999717	          0.88297221	          0.68655326	          0.01028648	          0.04907970	          0.01022863	          0.99999732	          0.99999981	          0.29629786	          0.29629636	          0.44444385	          0.99999779	          0.29577183	          0.99999990	          0.99999842	          0.99999901	          0.41834867	          0.41189476	          0.66666800	          0.66666769	          0.36481619	          0.01500695	          0.26711774	          0.01000051	          0.01000097	          0.62639361	          0.99999913	          0.99999973	          0.99999978	          0.99999987	          0.99999991	          0.99999967	          0.99999764	          0.99999989	          0.99999992	          0.82499935	          0.99999990	          0.99999484	          0.99999945	          0.44444369	          0.99999822	          0.99999943	          0.44444426	          0.16646307	          0.24440955	          0.18373803	
          3.86000000	         -0.09467481	         12.78726827	          4.12474971	          0.16540707	          0.98746528	         -1.07484674	         18.97577866	        -27.41177393	         30.91023656	         28.24566542	         -6.55203858	         31.77179110	        105.87603894	         63.01522851	          2.57984804	         -6.02306391	         30.55432985	        -18.02872589	          0.28020675	        -32.78392414	         13.71326015	          5.94614000	         -2.23036406	         43.76671012	        -29.23117032	        -12.64067174	         46.68902402	          9.93105455	        -20.54259559	        100.23427648	         95.02524323	         55.23083334	         33.33791353	          0.66667157	          0.99999902	          0.01000370	          0.01000131	          0.49282397	          0.99999740	          0.73911686	          0.44446205	          0.23965233	          0.24984995	          0.40882752	          0.70714420	          0.44451543	          0.99033392	          0.99999522	          0.99999927	          0.99999902	          0.44444358	          0.29629675	          0.01635093	          0.91996471	          0.99999411	          0.99989444	          0.99999738	          0.66666633	          0.01011666	          0.01005676	          0.99999920	          0.82148950	          0.99999968	          0.99999088	          0.07597087	          0.02251690	          0.01318974	          0.99999159	          0.86251214	          0.87883352	          0.02439236	          0.20399578	          0.10266580	          0.99998957	          0.67900550	          0.19753208	          0.19753132	          0.29629646	          0.99999052	          0.19719412	          0.66668056	          0.99999718	          0.99999525	          0.27893942	          0.27460620	          0.56982846	          0.44491973	          0.24321840	          0.01000527	          0.17807862	          0.01000114	          0.01000112	          0.41759614	          0.99997449	          0.99997880	          0.66667162	          0.84261011	          0.66667458	          0.78716206	          0.72474669	          0.99228199	          0.98689369	          0.99937135	          0.99999887	          0.99998801	          0.81658344	          0.29629620	          0.99996178	          0.99999895	          0.29632120	          0.11097546	          0.16293974	          0.12249208	
          3.88000000	         -1.13839656	         11.48280720	          2.03103257	          0.15148575	          0.99780641	         -1.05927010	         20.77742773	        -30.72084064	         34.29363418	         32.88890689	         -3.44861376	         34.10131219	        113.64454213	         68.07718935	          1.98802247	         -7.48187888	         31.67175067	        -13.18835326	          0.24121824	        -25.72176905	         13.16961323	          4.24200018	         -1.14483229	         46.23332800	        -31.83585735	        -31.45454710	         48.88751315	         12.25764749	         -3.39970609	        104.36033092	         99.94828172	         48.87903653	         39.32713653	          0.44444821	          0.99999578	          0.01000258	          0.01000137	          0.32854971	          0.99998651	          0.63243682	          0.29631315	          0.18708267	          0.16663003	          0.27330282	          0.48638780	          0.29636476	          0.66023170	          0.99999710	          0.99999950	          0.99999906	          0.29629729	          0.19753177	          0.07596155	          0.61338546	          0.99999458	          0.82613975	          0.99999657	          0.44444471	          0.01006798	          0.01002881	          0.99998887	          0.54766055	          0.99999943	          0.99999332	          0.05064745	          0.01501156	          0.02775563	          0.99999754	          0.71378044	          0.60262146	          0.28494045	          0.17081692	          0.17074945	          0.66677820	          0.99998751	          0.13169301	          0.77415475	          0.19755015	          0.72936502	          0.50729262	          0.99999279	          0.66667415	          0.66668670	          0.18605105	          0.18672466	          0.44471151	          0.36857330	          0.16218824	          0.14146932	          0.11873115	          0.01000515	          0.01000607	          0.27839945	          0.66666363	          0.66667451	          0.99996770	          0.99999209	          0.99999450	          0.52481044	          0.48316639	          0.99998657	          0.99999614	          0.66625574	          0.98803994	          0.70147563	          0.57710083	          0.19753591	          0.66717858	          0.66728321	          0.24066443	          0.07398479	          0.10862681	          0.08166224	
          3.90000000	         -2.03361385	         10.38880849	          0.13284464	          0.13748330	          1.00837152	         -1.04478296	         22.65370811	        -33.75612216	         34.94415304	         37.32739444	         -0.36873001	         34.98212239	        118.47571855	         74.35315945	          1.19252139	         -8.14196849	         31.02269342	        -10.49589266	          0.15576348	        -20.17275761	         12.67762170	          2.53786047	         -0.24468236	         48.04965533	        -34.44054660	        -45.50718665	         50.04605303	         14.34505739	         10.18092818	        107.16340694	        103.43134210	         42.65280058	         45.37537872	          0.29629937	          0.93981058	          0.01000453	          0.01000231	          0.21903357	          0.99995976	          0.44756509	          0.19754638	          0.12474876	          0.15658064	          0.18573105	          0.32659074	          0.19760009	          0.44016766	          0.99930711	          0.99999932	          0.99999902	          0.19753309	          0.13168839	          0.05064286	          0.40893049	          0.99998845	          0.55085860	          0.99999084	          0.29629702	          0.01035156	          0.01016612	          0.99999214	          0.36510817	          0.99999884	          0.99996298	          0.03376517	          0.01000830	          0.01851919	          0.91226930	          0.51543926	          0.41344764	          0.26458259	          0.11391096	          0.11391794	          0.62722818	          0.66669869	          0.08781222	          0.51610827	          0.14026087	          0.48634104	          0.33821666	          0.66667879	          0.49689691	          0.53366464	          0.12407315	          0.12449901	          0.33321561	          0.46599892	          0.10813065	          0.09431577	          0.07915963	          0.01025272	          0.01009200	          0.18560883	          0.44447314	          0.44447873	          0.66665453	          0.66668509	          0.66669187	          0.58161657	          0.32217036	          0.66666489	          0.66669408	          0.46840876	          0.84583210	          0.54500712	          0.50085392	          0.13460306	          0.44481640	          0.58576104	          0.16045488	          0.04932619	          0.07241915	          0.05444373	
          3.92000000	         -2.75495000	          9.39462813	         -1.54772820	          0.12344378	          1.01837092	         -1.03161480	         24.55277682	        -36.27578080	         33.01414932	         41.58502392	          2.74482736	         34.94638527	        120.55155145	         81.53061828	          0.16044906	         -8.23231876	         29.44321916	        -10.09135318	          0.06800999	        -15.82010452	         12.21833584	          0.83372074	          0.56216054	         49.26834215	        -37.02904659	        -54.79858662	         50.39284670	         16.20417411	         18.90349878	        108.92602670	        105.85920797	         36.12063681	         51.77820116	          0.19753368	          0.62654370	          0.01000531	          0.01000266	          0.14602283	          0.99996558	          0.30793928	          0.32688785	          0.13113554	          0.10448972	          0.12845487	          0.22075739	          0.13184102	          0.29351074	          0.66620693	          0.99999838	          0.99999820	          0.13169008	          0.08779276	          0.03376289	          0.27262418	          0.99996156	          0.80838774	          0.99999518	          0.19753249	          0.01033600	          0.01014301	          0.99988608	          0.58698221	          0.99999800	          0.99999098	          0.02251033	          0.01000216	          0.01518265	          0.99999005	          0.35852202	          0.27994867	          0.17638889	          0.07594084	          0.07594568	          0.41818372	          0.44449192	          0.05856514	          0.34408589	          0.09354514	          0.32426486	          0.32507059	          0.44532683	          0.35143060	          0.35581120	          0.08273814	          0.08408485	          0.22217758	          0.31068858	          0.07210993	          0.06289027	          0.05278943	          0.02251076	          0.01744134	          0.12375904	          0.29635031	          0.29635073	          0.44445005	          0.44452121	          0.44469126	          0.38777695	          0.31675785	          0.49625202	          0.70023827	          0.36334080	          0.56392476	          0.36336719	          0.33393099	          0.08973653	          0.30434252	          0.42534052	          0.10726616	          0.03289403	          0.04828299	          0.03630305	
          3.94000000	         -3.29843494	          8.46823912	         -3.01962118	          0.10938158	          1.02685615	         -1.01971924	         26.37632721	        -38.33161525	         28.61945848	         45.55211052	          5.88179019	         34.77597136	        120.32237828	         89.16593762	         -1.13445703	         -7.84330783	         27.67610626	        -11.52641021	          0.00158806	        -12.40540113	         11.73913424	         -0.87041894	          1.20830116	         49.99168815	        -39.53995715	        -59.59666416	         50.37972381	         17.86369748	         23.94123273	        109.92322745	        107.56528089	         29.07404642	         58.52983313	          0.13168983	          0.41769642	          0.01000286	          0.01000217	          0.09734894	          0.66664760	          0.25386918	          0.99997516	          0.08763974	          0.11353411	          0.08570766	          0.14720992	          0.47591588	          0.63745439	          0.44414150	          0.99999816	          0.99999347	          0.08779452	          0.05852900	          0.02250959	          0.18175214	          0.66672998	          0.99999919	          0.99998903	          0.13168978	          0.01189708	          0.01098514	          0.75977404	          0.86806561	          0.99999675	          0.99999448	          0.01500716	          0.01000282	          0.01015925	          0.96989664	          0.28298573	          0.18666685	          0.11759296	          0.05062737	          0.05063073	          0.27941121	          0.29639002	          0.03915964	          0.22941169	          0.20034257	          0.22812463	          0.25240512	          0.29693382	          0.29291703	          0.29489071	          0.05683584	          0.05606822	          0.14818870	          0.20717244	          0.04808930	          0.04194055	          0.04389423	          0.01502106	          0.01164423	          0.08251430	          0.19759519	          0.19758900	          0.29630756	          0.29736489	          0.29650645	          0.26049036	          0.33727058	          0.33084206	          0.46736036	          0.28862470	          0.37600776	          0.31817948	          0.22273200	          0.05983135	          0.20292015	          0.28363729	          0.07151673	          0.02194501	          0.03219401	          0.02421301	
          3.96000000	         -3.66478249	          7.57863583	         -4.25299940	          0.09530399	          1.03326212	         -1.00892790	         28.01760646	        -40.05342744	         22.23755952	         49.10602208	          8.97577491	         34.71916927	        118.24575655	         96.81345624	         -2.70308411	         -7.00397659	         26.10675756	        -14.30264635	         -0.04036793	         -9.72705594	         11.18610316	         -2.57455850	          1.60693588	         50.32069938	        -41.92498395	        -60.68833535	         50.31621513	         19.34830515	         26.93643276	        110.37750102	        108.67322787	         21.64143521	         65.20765491	          0.08779406	          0.27846490	          0.01000337	          0.01000260	          0.06489971	          0.44443418	          0.40588851	          0.99997176	          0.08986075	          0.07608094	          0.05751443	          0.09843468	          0.38448216	          0.99818005	          0.29609566	          0.99999475	          0.66666426	          0.05853060	          0.03901982	          0.01500742	          0.12117008	          0.44449964	          0.73686630	          0.96336201	          0.08779729	          0.01385773	          0.01304187	          0.50664019	          0.99999136	          0.99999532	          0.99999443	          0.01000534	          0.01000354	          0.01006714	          0.64785045	          0.23631318	          0.14677233	          0.07839565	          0.03375172	          0.03375407	          0.18673861	          0.19767536	          0.02689372	          0.15298802	          0.17839565	          0.15268652	          0.22169775	          0.19805939	          0.26773869	          0.19663975	          0.03791799	          0.03740291	          0.09887280	          0.13816483	          0.03208296	          0.02798048	          0.06168214	          0.01008504	          0.01005729	          0.05502143	          0.13176953	          0.13175562	          0.19754595	          0.19868136	          0.19770347	          0.17453755	          0.32306300	          0.22057570	          0.31162642	          0.20582583	          0.25072346	          0.21220624	          0.14877491	          0.03988946	          0.14987393	          0.22538544	          0.04768850	          0.01465982	          0.02147192	          0.01616128	
          3.98000000	         -3.86226459	          6.68587695	         -5.18923189	          0.08126603	          1.03732954	         -0.99917450	         29.36085627	        -41.53469011	         14.55789329	         52.13196696	         11.91070744	         34.76538268	        114.79721199	        104.09345287	         -4.51795013	         -5.77560694	         24.96620194	        -17.90188355	         -0.06436931	         -7.62850800	         10.53578352	         -4.27869795	          1.73821108	         50.39940698	        -44.17970544	        -58.61995241	         50.30010454	         20.65385441	         28.99689346	        110.36445935	        109.13407192	         14.13209561	         71.28042151	          0.05853028	          0.18564382	          0.01000272	          0.01000234	          0.04326690	          0.29629093	          0.53269185	          0.99999035	          0.06000423	          0.05135108	          0.05377486	          0.07278514	          0.25638273	          0.93327789	          0.19739833	          0.89931037	          0.44444342	          0.03902119	          0.02601378	          0.01000739	          0.08078164	          0.29634263	          0.49126755	          0.64224358	          0.14881698	          0.01172801	          0.01067563	          0.38480295	          0.99999464	          0.99999043	          0.99999638	          0.01000128	          0.01000402	          0.01030632	          0.50236515	          0.19918105	          0.11479977	          0.05226409	          0.02250128	          0.02250297	          0.12460240	          0.13193334	          0.01825899	          0.10208570	          0.11908357	          0.10192693	          0.16554949	          0.13213302	          0.25460027	          0.16563938	          0.02533848	          0.02495573	          0.06600572	          0.09216143	          0.02171485	          0.02952907	          0.13292409	          0.01019706	          0.01022375	          0.03670057	          0.08790035	          0.08787604	          0.13170354	          0.13256356	          0.13182057	          0.13728131	          0.39786449	          0.14706639	          0.20776956	          0.16216793	          0.16718730	          0.14164454	          0.09938411	          0.02659526	          0.09993544	          0.19257153	          0.03180287	          0.01029608	          0.01435576	          0.01087285	
          4.00000000	         -3.90693030	          5.74763696	         -5.74899958	          0.06737616	          1.03895967	         -0.99052611	         30.27512446	        -42.74791442	          6.30710392	         54.54258810	         14.53620938	         34.85453010	        110.36687864	        110.69613783	         -6.50775177	         -4.26816958	         24.35646171	        -21.87175054	         -0.07854685	         -5.98327666	          9.80111845	         -5.98283746	          1.64081576	         50.39940477	        -46.27888041	        -53.21961374	         50.33500669	         21.73795415	         30.61751942	        109.73768205	        108.85032935	          6.76998194	         76.51181632	          0.03902121	          0.12376312	          0.01000299	          0.01000290	          0.02884512	          0.19752839	          0.51486483	          0.99999183	          0.04020239	          0.03513139	          0.03810483	          0.05193379	          0.17093308	          0.62220042	          0.13160114	          0.81458895	          0.29629617	          0.02601488	          0.01734351	          0.01000588	          0.05385589	          0.19756968	          0.32754942	          0.42816343	          0.09922105	          0.01184898	          0.01088086	          0.25662356	          0.97938738	          0.99998602	          0.99999619	          0.01000854	          0.01001136	          0.01042224	          0.53025017	          0.16284172	          0.09922729	          0.03484313	          0.01500104	          0.01500233	          0.08323159	          0.10473079	          0.12812137	          0.06925546	          0.19438218	          0.06811231	          0.17230925	          0.08821471	          0.16981448	          0.11048160	          0.01695193	          0.01666219	          0.04410064	          0.06149047	          0.01513629	          0.06818606	          0.13113459	          0.01003228	          0.01003733	          0.02448772	          0.05866318	          0.05862633	          0.08780693	          0.08850619	          0.08789437	          0.11306115	          0.43869038	          0.09805760	          0.13852870	          0.18093092	          0.11148963	          0.10040628	          0.08360095	          0.01773257	          0.06666250	          0.21750863	          0.02121460	          0.01337356	          0.01171460	          0.01269046	
          4.02000000	         -3.81675054	          4.73763542	         -5.88052172	          0.05379365	          1.03818930	         -0.98304254	         30.63711426	        -43.61579477	         -2.04877091	         56.26886214	         16.71658828	         34.93440686	        105.20170608	        116.30391086	         -8.58850361	         -2.60220950	         24.28803917	        -25.80297455	         -0.08981359	         -4.69168413	          9.01149265	         -7.68697705	          1.35769917	         50.38648326	        -48.15595028	        -44.30009654	         50.38291566	         22.53135205	         31.96948261	        108.25356447	        107.77716757	         -0.24669034	         80.95993852	          0.02601566	          0.08250959	          0.01000277	          0.01000308	          0.01923090	          0.13168666	          0.34324439	          0.99999423	          0.02703965	          0.02463385	          0.04393125	          0.03865982	          0.11395971	          0.41480474	          0.08775259	          0.54317970	          0.19753144	          0.01734440	          0.01156615	          0.34842194	          0.03590600	          0.13171989	          0.21842831	          0.28544297	          0.06615554	          0.01192738	          0.01098842	          0.17117858	          0.65292844	          0.99994715	          0.99999661	          0.22051477	          0.01003298	          0.01085603	          0.41009427	          0.13711511	          0.11592823	          0.02322945	          0.01000131	          0.01000270	          0.05562366	          0.08133423	          0.08557702	          0.07559711	          0.13011022	          0.04549486	          0.11490006	          0.05899841	          0.46910349	          0.07394681	          0.01147237	          0.01116595	          0.02950267	          0.04103924	          0.01036522	          0.04551182	          0.08744744	          0.01448858	          0.01462036	          0.01681612	          0.03958805	          0.03961726	          0.05854154	          0.05906477	          0.05860763	          0.21421643	          0.81065144	          0.06538523	          0.09236488	          0.45680277	          0.07435112	          0.22697442	          0.07496737	          0.01182604	          0.04446079	          0.18149867	          0.01417150	          0.03405078	          0.08180430	          0.04599683	
          4.04000000	         -3.60929047	          3.65267541	         -5.58950959	          0.04074939	          1.03517355	         -0.97668565	         30.34088775	        -44.05216215	        -10.14384680	         57.24009712	         18.36523327	         34.99299326	         99.48334709	        120.49993847	        -10.68693992	         -0.89248557	         24.77596022	        -29.25528993	         -0.10358752	         -3.67515238	          8.20929279	         -9.39111670	          0.89512950	         50.20870593	        -49.71533434	        -32.38439330	         50.39940725	         22.96531416	         33.35332996	        105.72966170	        105.90037764	         -6.40653028	         84.69826732	          0.01735140	          0.05501111	          0.01001880	          0.01002245	          0.01282535	          0.08779245	          0.22883014	          0.91438033	          0.39460419	          0.01825446	          0.06296714	          0.17589229	          0.07597538	          0.27653858	          0.05908414	          0.36212184	          0.13168862	          0.01157259	          0.07559362	          0.77990736	          0.02395110	          0.08781818	          0.14570955	          0.19029585	          0.14533853	          0.01148568	          0.01060931	          0.11418574	          0.43528962	          0.99997390	          0.99995950	          0.40465144	          0.01023644	          0.04397367	          0.27348877	          0.11092973	          0.26384209	          0.01549058	          0.01000611	          0.01001206	          0.03719663	          0.05437695	          0.77170642	          0.05058779	          0.08742998	          0.03039193	          0.07665139	          0.03961792	          0.66582764	          0.21637703	          0.01011138	          0.01004503	          0.01976633	          0.02739805	          0.17833157	          0.03043787	          0.05831516	          0.03374177	          0.03374233	          0.03374293	          0.03366547	          0.03371368	          0.03903010	          0.03942019	          0.03907964	          0.14295992	          0.72534670	          0.04359954	          0.06158516	          0.99997434	          0.04958674	          0.22806898	          0.05064735	          0.01000511	          0.02965663	          0.12258828	          0.01002588	          0.04219119	          0.08467147	          0.05740465	
          4.06000000	         -3.29517761	          2.49483153	         -4.95795562	          0.02858300	          1.03016888	         -0.97122617	         29.30801818	        -44.01306357	        -17.48881062	         57.38115789	         19.45225636	         34.97897983	         93.39344674	        122.67767117	        -12.72082578	          0.75985614	         25.88743674	        -31.77039227	         -0.12588051	         -2.86196146	          7.45181963	        -11.09525642	          0.23106109	         49.62038824	        -50.84632356	        -18.69563949	         50.23680230	         23.00397310	         35.43543562	        102.13128425	        103.21826907	        -11.10735224	         87.77763845	          0.01159924	          0.03669355	          0.01006509	          0.01008743	          0.01003267	          0.05852933	          0.15255381	          0.60964280	          0.61337692	          0.01721760	          0.07506871	          0.11736193	          0.05065171	          0.18436044	          0.05059237	          0.24141594	          0.08779319	          0.05061444	          0.05063123	          0.99991529	          0.05059052	          0.05854868	          0.09729176	          0.12686427	          0.22733797	          0.01022811	          0.01011259	          0.07618686	          0.29019606	          0.99999051	          0.95905767	          0.64884575	          0.01063028	          0.03337209	          0.18255764	          0.14289665	          0.18007576	          0.01035060	          0.01003092	          0.01006160	          0.02560437	          0.03658083	          0.51449144	          0.03373146	          0.05846941	          0.04844905	          0.95767957	          0.02683856	          0.85998163	          0.14440107	          0.01023822	          0.01008782	          0.01332398	          0.01830403	          0.11895584	          0.02841314	          0.24559824	          0.02249621	          0.02249680	          0.02249806	          0.02245591	          0.02248235	          0.02602122	          0.02647018	          0.02606322	          0.99573655	          0.99913411	          0.02907007	          0.17126013	          0.99997946	          0.08863926	          0.15204825	          0.03377274	          0.01000705	          0.02255470	          0.12079019	          0.01006029	          0.05866349	          0.20735120	          0.08790140	
          4.08000000	         -2.86286278	          1.24922518	         -4.12051810	          0.01776041	          1.02362897	         -0.96629516	         27.49813762	        -43.42376394	        -23.52270165	         56.62151404	         19.97097014	         34.39429644	         87.03051578	        122.04165945	        -14.55115784	          2.29554957	         27.67611962	        -33.02271434	         -0.16243241	         -2.20031153	          6.79814594	        -12.79939619	         -0.63896800	         48.47135523	        -51.45054068	         -4.40434513	         49.60587122	         22.67663755	         39.20272580	         97.58004614	         99.75592536	        -14.36484371	         90.45588503	          0.03372478	          0.03374022	          0.01040359	          0.03332513	          0.03366603	          0.03902027	          0.10170279	          0.40646526	          0.87842028	          0.01340486	          0.05013479	          0.07831411	          0.03376878	          0.12290789	          0.03374037	          0.16094482	          0.05852934	          0.03374841	          0.03376208	          0.91023777	          0.03374577	          0.03903442	          0.06511758	          0.08457643	          0.28908868	          0.01461488	          0.02233054	          0.05084478	          0.19346628	          0.99999594	          0.80076782	          0.88844990	          0.03367253	          0.34046470	          0.15684163	          0.81372187	          0.12010716	          0.01004003	          0.01001520	          0.01003028	          0.01753783	          0.02467293	          0.34305784	          0.02249237	          0.55208386	          0.11142985	          0.99998526	          0.01850344	          0.59132031	          0.26935224	          0.01004111	          0.01001996	          0.01017649	          0.01224695	          0.07936581	          0.73588512	          0.99993253	          0.01499880	          0.01499936	          0.01500083	          0.01498037	          0.01499342	          0.01734830	          0.79471356	          0.01738206	          0.81048057	          0.81508182	          0.01938270	          0.64453017	          0.99999463	          0.29823737	          0.10136891	          0.02252119	          0.01000296	          0.01507751	          0.08054399	          0.01000964	          0.09004801	          0.17107837	          0.14274612	
          4.10000000	         -2.27139601	         -0.10276113	         -3.17981650	          0.00891987	          1.01607517	         -0.96168010	         24.89878775	        -42.11300779	        -27.83995200	         54.90013051	         19.91293706	         32.27826918	         80.37805224	        118.15817971	        -15.96448924	          3.71076783	         30.17421168	        -32.56127345	         -0.20439684	         -1.67580083	          6.29563115	        -14.50353593	         -1.70586508	         46.69211645	        -51.47091198	          9.94181395	         48.19160561	         22.07305676	         45.96101122	         92.25365678	         95.48973407	        -16.78787586	         93.18155271	          0.02249918	          0.02249985	          0.02249841	          0.02249940	          0.02249910	          0.02601400	          0.06780204	          0.27098642	          0.99995264	          0.01010435	          0.84501102	          0.99998654	          0.02251316	          0.08193920	          0.02249892	          0.10729717	          0.03901996	          0.02250001	          0.02251057	          0.86278759	          0.02249991	          0.02602406	          0.04374779	          0.05638445	          0.19272863	          0.19219543	          0.01497367	          0.03394013	          0.12897870	          0.99999936	          0.71313592	          0.99999978	          0.02249951	          0.29675229	          0.99991835	          0.99999855	          0.84674006	          0.01000124	          0.01000038	          0.01000100	          0.99980003	          0.70134372	          0.83908845	          0.01499842	          0.99998246	          0.99993315	          0.99999750	          0.01333115	          0.39427707	          0.17965915	          0.01039899	          0.01008738	          0.01037924	          0.01025229	          0.99989012	          0.99999180	          0.99999586	          0.01000099	          0.01000137	          0.01000289	          0.01000478	          0.01000342	          0.01156615	          0.99998692	          0.01159255	          0.54033842	          0.54340137	          0.01292387	          0.92286235	          0.99999820	          0.99996855	          0.06758124	          0.01501854	          0.01000896	          0.01007423	          0.23315208	          0.01026823	          0.08813854	          0.38080872	          0.12161733	
          4.12000000	         -1.46885186	         -1.57019099	         -2.13654823	          0.00271756	          1.00786408	         -0.95763750	         21.48923922	        -40.01373659	        -30.35932055	         52.13313250	         19.13069577	         28.00729649	         73.32955746	        111.02723113	        -16.66756295	          5.02366630	         33.71482937	        -29.41263041	         -0.15586943	         -1.27152094	          5.96702386	        -16.20767561	         -2.98421717	         44.17334478	        -50.88087645	         24.77005822	         45.78631066	         21.28220499	         56.96888174	         86.15855079	         90.18976995	        -19.05629314	         96.40142976	          0.01499996	          0.01500015	          0.01499973	          0.01500051	          0.01499993	          0.01734293	          0.04520147	          0.18065811	          0.99999975	          0.01499615	          0.78967345	          0.93983559	          0.01500914	          0.05462645	          0.01500050	          0.28569357	          0.02601382	          0.01500010	          0.01500743	          0.99999733	          0.01500015	          0.01734972	          0.48105674	          0.03758972	          0.12848592	          0.99997414	          0.01000181	          0.05908697	          0.08598602	          0.99999992	          0.48099828	          0.71088456	          0.01500007	          0.19783583	          0.99998636	          0.67278498	          0.99998354	          0.01000727	          0.01000536	          0.01000201	          0.99990216	          0.50211322	          0.55940346	          0.01000444	          0.99999016	          0.99998121	          0.66675726	          0.01010357	          0.38038739	          0.21113017	          0.06716350	          0.01573394	          0.01005135	          0.01003721	          0.99999558	          0.99999841	          0.99999852	          0.01000022	          0.01000076	          0.01000069	          0.01000072	          0.01000059	          0.01000193	          0.99999513	          0.01000552	          0.36026600	          0.36230403	          0.99986239	          0.82893597	          0.66669787	          0.99999548	          0.04506155	          0.01001685	          0.01170800	          0.10650325	          0.56378920	          0.18465062	          0.05951688	          0.40074400	          0.15438764	
          4.14000000	         -0.41888743	         -3.19317295	         -0.92251112	         -0.00042548	          0.99916800	         -0.95463747	         17.24754109	        -37.23899022	        -31.26793563	         48.16185269	         17.48048154	         21.69634200	         65.59183988	        100.64881366	        -16.26165870	          6.22166018	         34.48864962	        -22.06317171	         -2.97349823	         -0.95728732	          5.80046657	        -17.91181548	         -4.49545455	         40.72304086	        -49.65671777	         41.50870863	         42.33601131	         20.31428533	         72.73799397	         79.00554362	         83.33951069	        -21.69821859	        100.51179110	          0.01000016	          0.01000019	          0.01000013	          0.01000065	          0.01000016	          0.01156215	          0.03013439	          0.12043891	          0.69786873	          0.01000169	          0.52646234	          0.62656604	          0.01000628	          0.03641778	          0.01000056	          0.99999968	          0.10969825	          0.01000010	          0.01000507	          0.99999750	          0.01000017	          0.01156660	          0.99983416	          0.02505986	          0.08565734	          0.99999988	          0.01000038	          0.99998865	          0.05732411	          0.99999901	          0.99999985	          0.47393619	          0.01000018	          0.74846402	          0.66670233	          0.70363515	          0.66666470	          0.99999988	          0.99999997	          0.99999991	          0.66661099	          0.33475600	          0.37294264	          0.01012010	          0.66666941	          0.66667343	          0.44453391	          0.99966120	          0.33743995	          0.21564996	          0.04486662	          0.01055432	          0.07576775	          0.07537287	          0.66667792	          0.66667055	          0.66666913	          0.47362793	          0.69746896	          0.37361193	          0.01503572	          0.01568054	          0.71893622	          0.66667732	          0.78272377	          0.26836840	          0.28659217	          0.99999614	          0.66959704	          0.44447863	          0.70319547	          0.50026004	          0.18694949	          0.01001035	          0.31887838	          0.71067653	          0.12311902	          0.03968638	          0.26716443	          0.10292987	
          4.16000000	          0.68208968	         -4.91171822	          0.13107858	         -0.00212369	          0.99025098	         -0.95182922	         12.56409707	        -34.13434702	        -30.37136002	         43.51632963	         15.46437816	         15.61682759	         58.31151221	         88.67793549	        -13.49244655	          7.31486681	         33.07569624	        -13.34391881	        -18.18188060	         -0.70799821	          5.66744739	        -19.60672804	         -5.82805152	         36.75789753	        -48.28786235	         57.48104356	         38.36321159	         19.43267241	         90.88772269	         71.21602143	         75.54998801	        -24.87604152	        105.01053511	          0.63187241	          0.90441625	          0.15077706	          0.99999723	          0.99997664	          0.99999799	          0.02008972	          0.08029385	          0.46524925	          0.03547332	          0.38534447	          0.45596274	          0.01000767	          0.08537028	          0.01500730	          0.66666749	          0.99999769	          0.01500383	          0.01500087	          0.66666650	          0.01500157	          0.01500289	          0.66657667	          0.01670803	          0.86068894	          0.66670420	          0.99999974	          0.66668259	          0.99999015	          0.99999746	          0.66666693	          0.46437800	          0.01000251	          0.49897609	          0.92872603	          0.46909360	          0.93499347	          0.66666716	          0.66666686	          0.66666690	          0.44441743	          0.22318409	          0.24863933	          0.01018854	          0.44445818	          0.44446737	          0.36496276	          0.66679194	          0.37725343	          0.20652255	          0.03267167	          0.01460892	          0.05056709	          0.05027780	          0.44450272	          0.87078996	          0.44451367	          0.31575559	          0.46498604	          0.24909175	          0.01005316	          0.01047042	          0.47930207	          0.44465455	          0.52184353	          0.17893907	          0.19107551	          0.66671165	          0.98027998	          0.33340169	          0.80082140	          0.33351902	          0.12473071	          0.01002844	          0.21265537	          0.67279820	          0.08214539	          0.02647022	          0.17811469	          0.06862827	
          4.18000000	          1.61346359	         -6.48885481	          0.94764512	         -0.00425152	          0.98133397	         -0.94901708	          8.14908176	        -31.43122915	        -28.71870498	         38.97321395	         13.52675741	         10.79148805	         51.88217809	         77.20738822	         -7.69423650	          8.29064504	         31.82288472	         -6.87946665	        -36.44162742	         -0.52650688	          5.43661508	        -21.30164038	         -6.60776954	         32.79275566	        -47.10794015	         71.51411045	         34.54008413	         18.74508136	        108.16889571	         63.75792198	         67.76053858	        -28.24977089	        109.11619383	          0.42124854	          0.60294427	          0.10051828	          0.66666511	          0.66665131	          0.66666967	          0.52140957	          0.99999660	          0.45667308	          0.82630986	          0.99990973	          0.99998169	          0.26988857	          0.11761919	          0.01000590	          0.98753542	          0.99996756	          0.01000274	          0.01000232	          0.99999818	          0.01000144	          0.01000419	          0.44464838	          0.01113914	          0.57379277	          0.89538192	          0.66666733	          0.83412230	          0.66666045	          0.99999758	          0.99999948	          0.30958573	          0.01000337	          0.37382671	          0.61918920	          0.31276177	          0.62393081	          0.67588190	          0.84459936	          0.44444785	          0.29628547	          0.14879939	          0.16576781	          0.01030257	          0.29631396	          0.29632750	          0.24331302	          0.44459380	          0.40451929	          0.18463405	          0.02195395	          0.01043803	          0.03372314	          0.03352521	          0.29637400	          0.58053942	          0.29634887	          0.91326342	          0.56686787	          0.16619004	          0.14211532	          0.15718515	          0.31967954	          0.29645201	          0.65931819	          0.11937700	          0.20927657	          0.65010855	          0.65367347	          0.26140671	          0.53393886	          0.22235108	          0.08316665	          0.01001633	          0.51079550	          0.56772916	          0.05477969	          0.01766731	          0.11874790	          0.04576438	
          4.20000000	          2.39960558	         -7.79960533	          1.60806155	         -0.00707721	          0.97241696	         -0.94697071	          4.31995210	        -29.50554861	        -26.89661504	         34.73828215	         11.59208289	          6.82368679	         46.07331168	         66.59583869	          0.10632996	          9.07482012	         30.63136165	         -2.59898599	        -44.00506762	         -0.39939716	          5.13857983	        -22.85900524	         -7.03435673	         28.93083857	        -46.00679301	         84.74723050	         30.94922897	         18.05691439	        123.50294168	         57.10874537	         60.33849607	        -31.30320615	        112.69080302	          0.99996071	          0.99999944	          0.06701604	          0.99999912	          0.99995746	          0.44444977	          0.34760777	          0.66667609	          0.30445001	          0.55088033	          0.99995954	          0.99999203	          0.17992937	          0.07841340	          0.01001284	          0.65835769	          0.66664568	          0.80495502	          0.01011561	          0.66666803	          0.84370850	          0.51922373	          0.29646720	          0.01002033	          0.99999865	          0.59692207	          0.44444529	          0.55610011	          0.99999706	          0.99995827	          0.99970212	          0.31162148	          0.01000472	          0.33523806	          0.97924233	          0.99999085	          0.99999482	          0.45060769	          0.81418992	          0.99998451	          0.19752922	          0.09920681	          0.11051875	          0.01004096	          0.19754992	          0.19756629	          0.16221652	          0.49260476	          0.42633162	          0.16512076	          0.01499846	          0.01032728	          0.02251322	          0.02239440	          0.37217155	          0.38707775	          0.19757243	          0.60889550	          0.37887328	          0.49834498	          0.09500751	          0.35175518	          0.29379377	          0.19764911	          0.56437130	          0.07980271	          0.21590807	          0.43344488	          0.66995119	          0.17745452	          0.99919133	          0.14823853	          0.05545484	          0.01002118	          0.59733569	          0.49648139	          0.03654222	          0.01179726	          0.07916942	          0.03052035	
          4.22000000	          3.07552232	         -8.91554659	          2.14695894	         -0.01013247	          0.96499577	         -0.94527343	          1.06213309	        -28.19523519	        -25.40546023	         30.92048625	          9.69614850	          3.92682483	         41.36195451	         56.83878473	          8.13532608	          9.63289801	         29.09886939	         -0.14430573	        -44.60623421	         -0.21928933	          4.83120456	        -24.18425912	         -7.24955422	         25.28008193	        -44.99717543	         96.32388788	         27.63015592	         17.32856243	        136.79575225	         51.56037343	         53.66856186	        -33.75689535	        115.73724178	          0.99998578	          0.68906548	          0.61378150	          0.66666791	          0.99996947	          0.29630519	          0.36563417	          0.44447345	          0.24098947	          0.36725944	          0.89365705	          0.95088464	          0.30848610	          0.05227679	          0.01007965	          0.43890638	          0.44443231	          0.65323718	          0.01503216	          0.44444805	          0.99994395	          0.34616270	          0.19769179	          0.99996088	          0.99998663	          0.77304771	          0.39918030	          0.37076080	          0.99996321	          0.99998233	          0.66647370	          0.20774826	          0.01003417	          0.26538784	          0.73219317	          0.66667159	          0.88104181	          0.30169706	          0.61303964	          0.66666291	          0.13169431	          0.06614544	          0.07368857	          0.01016242	          0.13170989	          0.13172947	          0.10814942	          0.32844858	          0.47953458	          0.18739317	          0.01164508	          0.01045606	          0.01501903	          0.01493729	          0.24816371	          0.25807438	          0.13172278	          0.62907114	          0.25272333	          0.33229300	          0.24503856	          0.23513128	          0.19599397	          0.13178192	          0.64832726	          0.05335410	          0.36352829	          0.65885542	          0.51048352	          0.50050813	          0.66619163	          0.09882970	          0.03697969	          0.01002678	          0.62318253	          0.44661146	          0.02437804	          0.01021285	          0.05278996	          0.02041176	
          4.24000000	          3.64091706	         -9.91069142	          2.78548846	         -0.01290837	          0.96064322	         -0.94372587	         -1.62191127	        -27.18320928	        -24.39023988	         27.56194346	          7.89482905	          1.71121351	         37.15455716	         48.07613356	         14.90089082	          9.96393292	         25.71899459	          1.14546683	        -41.35471607	          0.27184383	          4.53008585	        -25.26847106	         -7.20000740	         21.87701026	        -44.02441057	        106.71615007	         24.73171514	         16.55683136	        148.02449987	         47.16578394	         47.75787132	        -35.51294541	        118.33151669	          0.66676056	          0.63647147	          0.40919196	          0.97099661	          0.66668607	          0.99997815	          0.24376246	          0.45800633	          0.16066092	          0.24484565	          0.99995535	          0.99999381	          0.20565964	          0.16595764	          0.01001540	          0.29260559	          0.70841251	          0.43549209	          0.01003385	          0.29630669	          0.66663096	          0.23078041	          0.13191313	          0.66679213	          0.66668509	          0.51536611	          0.26612053	          0.24725597	          0.99991630	          0.99998432	          0.99996399	          0.18844326	          0.01002593	          0.17692685	          0.48816168	          0.44448568	          0.97844075	          0.20113591	          0.40869466	          0.44444666	          0.08780364	          0.04410312	          0.04913463	          0.01004801	          0.08781606	          0.08783762	          0.07210558	          0.21903265	          0.36241187	          0.17165323	          0.01014696	          0.01005326	          0.01002903	          0.01001034	          0.24366006	          0.17210742	          0.08782310	          0.45129057	          0.50605787	          0.56924796	          0.16372888	          0.35991737	          0.31634495	          0.08787008	          0.43269496	          0.52196622	          0.29529059	          0.43929185	          0.42228197	          0.33370595	          0.62167474	          0.06589049	          0.02466263	          0.01001185	          0.55860737	          0.49862198	          0.01626835	          0.01503180	          0.03520225	          0.01502306	
          4.26000000	          4.09385720	        -10.75304644	          3.42609131	         -0.01574265	          0.95877402	         -0.94275499	         -3.77378878	        -26.17499610	        -22.71270823	         24.62242929	          6.21225447	         -0.00633618	         33.15556292	         40.41411991	         19.96116116	         10.07556280	         21.92460702	          1.72041090	        -36.83550771	          0.58818622	          4.24013477	        -25.99498205	         -6.90210515	         18.85763684	        -43.06446835	        115.90900528	         22.26151650	         15.78138400	        156.90081350	         43.64754554	         42.57252726	        -36.36504620	        120.48856334	          0.99995834	          0.99997602	          0.27280306	          0.64733253	          0.99996561	          0.99998349	          0.23629574	          0.30543595	          0.10710889	          0.16323398	          0.99997456	          0.99998523	          0.13710841	          0.11063946	          0.01001092	          0.19507192	          0.62922620	          0.29032892	          0.01001197	          0.19754660	          0.44442250	          0.15386033	          0.08821414	          0.99996350	          0.44532727	          0.34357856	          0.17741410	          0.16512092	          0.99997610	          0.99997943	          0.99995566	          0.12562945	          0.01001947	          0.18430018	          0.39169224	          0.29632697	          0.99999830	          0.13411392	          0.35247984	          0.29630834	          0.05855148	          0.02941502	          0.03277235	          0.01007693	          0.05856100	          0.05858869	          0.04808983	          0.29232381	          0.24196299	          0.13393069	          0.03399940	          0.02290832	          0.01098663	          0.01027767	          0.16248880	          0.11476560	          0.05856020	          0.34035718	          0.33744252	          0.37955025	          0.14955447	          0.24027647	          0.21100619	          0.05862843	          0.42560545	          0.34799241	          0.19687100	          0.29296615	          0.28328377	          0.22248889	          0.42826429	          0.11912545	          0.01648271	          0.01004008	          0.37246996	          0.51923648	          0.04537991	          0.01013216	          0.02347342	          0.01009041	
          4.28000000	          4.43819866	        -11.36923642	          3.98421724	         -0.01876842	          0.95845196	         -0.94267168	         -5.49817438	        -25.12626714	        -20.58101385	         22.06024365	          4.57827485	         -1.13786619	         29.53003146	         33.85837955	         23.49127863	         10.02965776	         18.10503179	          1.53752631	        -32.25925855	          0.42551846	          3.97298689	        -26.33383226	         -6.43151601	         16.34467464	        -42.13369427	        124.21108143	         20.12875925	         15.04183923	        163.03145895	         40.58745902	         38.05181937	        -36.15752471	        122.25218309	          0.99904804	          0.99943298	          0.18188355	          0.67704072	          0.90012867	          0.99996759	          0.15754059	          0.20366661	          0.32427477	          0.29105304	          0.86340886	          0.94108182	          0.09140594	          0.07375989	          0.01002008	          0.13005100	          0.55123070	          0.19355418	          0.01002524	          0.13172772	          0.29628507	          0.10258973	          0.05956283	          0.83459138	          0.29708112	          0.22905403	          0.11827688	          0.11099562	          0.99993730	          0.99988605	          0.99966387	          0.08375559	          0.01002023	          0.12286693	          0.26114592	          0.57801999	          0.79696441	          0.17845845	          0.23507982	          0.45986165	          0.03929816	          0.11076795	          0.02189949	          0.01018561	          0.03910070	          0.03915574	          0.03210229	          0.19521943	          0.28956352	          0.14329340	          0.02282521	          0.01540616	          0.01320775	          0.01054667	          0.10835929	          0.07653366	          0.03906065	          0.22696012	          0.22500576	          0.25306720	          0.09989291	          0.16029700	          0.14075690	          0.04793995	          0.32820674	          0.23210125	          0.16014736	          0.19532989	          0.29073582	          0.19501665	          0.28562365	          0.07951917	          0.03194709	          0.01003861	          0.24839145	          0.51154432	          0.03028107	          0.01006534	          0.01565718	          0.01004394	
          4.30000000	          4.68885799	        -11.74213993	          4.45123084	         -0.02167359	          0.95966901	         -0.94319292	         -6.89005110	        -24.07620326	        -18.32068865	         19.85086225	          2.91034449	         -1.51401039	         26.39174161	         28.35082193	         25.74572769	          9.88173892	         14.46451996	          0.54518037	        -27.82700549	          0.23931352	          3.74752828	        -26.39389293	         -5.84066733	         14.38185409	        -41.26412068	        132.15097575	         18.25789303	         14.33617898	        166.40761964	         37.73639711	         34.13281737	        -35.04946159	        123.77777270	          0.66654844	          0.87734468	          0.12151820	          0.45136558	          0.78549547	          0.99973513	          0.23877539	          0.13584844	          0.99996403	          0.99992057	          0.78038000	          0.62738866	          0.06093748	          0.04917339	          0.01005538	          0.08670760	          0.43175380	          0.12903943	          0.01005950	          0.08785945	          0.19753059	          0.06843013	          0.04050386	          0.55670584	          0.19817627	          0.15270406	          0.07885176	          0.07458481	          0.82137554	          0.88463528	          0.66648453	          0.05584094	          0.01007325	          0.08191136	          0.27077146	          0.99999312	          0.61398478	          0.11907680	          0.22673046	          0.30660132	          0.02745409	          0.12749477	          0.01473963	          0.01525683	          0.02617139	          0.02619055	          0.02142305	          0.13023514	          0.29954251	          0.15349507	          0.01533328	          0.01037575	          0.01004123	          0.01002494	          0.07227892	          0.05105275	          0.02606757	          0.25752789	          0.15010257	          0.16875951	          0.14016767	          0.10731588	          0.09400004	          0.03207042	          0.27363584	          0.15582641	          0.18335697	          0.14971026	          0.19394958	          0.14664391	          0.19049253	          0.05303045	          0.02137001	          0.01002259	          0.18574350	          0.48441450	          0.02020757	          0.01820978	          0.01936766	          0.01792016	
          4.32000000	          4.86338302	        -11.89806195	          4.83076206	         -0.02418753	          0.96252298	         -0.94394619	         -8.04600391	        -23.07463100	        -16.22636999	         17.94998378	          1.23728376	         -1.44015604	         23.68861129	         23.82706084	         26.83543067	          9.61668171	         11.17100681	         -0.94991238	        -23.77481835	          0.10751037	          3.56509589	        -26.29717635	         -5.20146365	         12.94098633	        -40.44888399	        139.63680873	         16.61733292	         13.61226766	        167.52362356	         35.08753051	         30.81032919	        -33.37818041	        125.15561620	          0.44447798	          0.58494596	          0.08107773	          0.30093314	          0.52373696	          0.99957683	          0.15922995	          0.09809793	          0.99997023	          0.99996627	          0.70914178	          0.41826300	          0.04062518	          0.03278241	          0.01015630	          0.05781765	          0.43831356	          0.08603060	          0.01016758	          0.08215964	          0.13169695	          0.04575608	          0.03875311	          0.37303239	          0.13217990	          0.10180400	          0.05256843	          0.06595542	          0.54846546	          0.74688107	          0.44440774	          0.03723589	          0.01016589	          0.05460766	          0.18053216	          0.99998608	          0.48061513	          0.07940493	          0.15115983	          0.20441348	          0.01896968	          0.08520654	          0.01062779	          0.01042074	          0.01781991	          0.07566108	          0.01525013	          0.08709907	          0.29514719	          0.14275389	          0.01087732	          0.01024452	          0.01008786	          0.01005562	          0.09251189	          0.03802238	          0.01789092	          0.17170251	          0.10012183	          0.11288946	          0.09348980	          0.07163406	          0.06291656	          0.03539061	          0.18247903	          0.10494216	          0.18952888	          0.15121214	          0.17780780	          0.09814219	          0.12774044	          0.03538587	          0.01441536	          0.01002932	          0.12386927	          0.45468641	          0.01351259	          0.01231739	          0.01296256	          0.01206829	
          4.34000000	          4.98361228	        -11.90235421	          5.13922094	         -0.02629092	          0.96631844	         -0.94481498	         -9.04286732	        -22.14786580	        -14.39124820	         16.31170324	         -0.41596026	         -1.14220536	         21.30913387	         20.18055853	         27.02977658	          9.21212609	          8.31011236	         -2.72274314	        -20.27539734	          0.01042617	          3.40782814	        -26.07925524	         -4.58192152	         11.88026309	        -39.67240345	        145.79473504	         15.19449666	         12.83234677	        166.88926058	         32.69415869	         28.10979878	        -31.45749602	        126.23315292	          0.35820912	          0.50594823	          0.15779908	          0.20064640	          0.54149369	          0.80741129	          0.10617672	          0.06562171	          0.99997566	          0.99996785	          0.61259278	          0.27884503	          0.02708372	          0.02185516	          0.01022646	          0.03855773	          0.29223360	          0.05736050	          0.01018171	          0.05480035	          0.08781426	          0.03059985	          0.02755475	          0.37748385	          0.08827283	          0.06787086	          0.03504630	          0.04515120	          0.38838594	          0.62057851	          0.29632592	          0.02483491	          0.01033102	          0.03640521	          0.12039685	          0.99999178	          0.36476631	          0.05307716	          0.13794958	          0.13642935	          0.05448930	          0.10978313	          0.01104326	          0.01037199	          0.01553867	          0.11580616	          0.02850016	          0.05853735	          0.29093227	          0.13646653	          0.01069420	          0.01026273	          0.01009366	          0.01006079	          0.06327640	          0.04276473	          0.05555225	          0.11449566	          0.06682473	          0.07561657	          0.06238994	          0.04788824	          0.04233448	          0.06774622	          0.12173942	          0.10600225	          0.19360694	          0.15221631	          0.12420632	          0.06828071	          0.08595769	          0.02364896	          0.01139066	          0.01003034	          0.10183184	          0.43826502	          0.01012785	          0.01038101	          0.01010836	          0.01024666	
          4.36000000	          5.06799695	        -11.81857331	          5.40342450	         -0.02807123	          0.97025606	         -0.94572016	         -9.93260927	        -21.30359977	        -12.72872370	         14.89004642	         -2.02360280	         -0.73735459	         19.15544774	         17.28643062	         26.68751078	          8.67477478	          5.91547115	         -4.62338352	        -17.31765204	         -0.05993729	          3.24876960	        -25.75392173	         -4.02274193	         11.02218310	        -38.93037425	        149.62395249	         13.98786159	         11.99467698	        164.93220234	         30.65409343	         26.01525312	        -29.48874862	        126.76750117	          0.38076596	          0.58021139	          0.25500431	          0.13386314	          0.49319268	          0.53839660	          0.07079620	          0.04396970	          0.99976236	          0.99979909	          0.53232406	          0.18590169	          0.01805625	          0.01457056	          0.01017643	          0.02571622	          0.19483233	          0.03825249	          0.01017581	          0.03654762	          0.05857561	          0.02048482	          0.01952482	          0.25242942	          0.13847440	          0.04524921	          0.02336515	          0.03058030	          0.32561570	          0.48470663	          0.19760786	          0.01657107	          0.01034506	          0.02427029	          0.08029942	          0.99998461	          0.47538587	          0.07647938	          0.14354764	          0.09208606	          0.05539104	          0.09299142	          0.01392279	          0.01143533	          0.04054982	          0.07827173	          0.02984737	          0.03946096	          0.29254515	          0.13562701	          0.01075047	          0.01027028	          0.01008884	          0.01005823	          0.04287662	          0.03123175	          0.07141709	          0.07637876	          0.04468126	          0.05072316	          0.04171606	          0.03217755	          0.02879177	          0.04620147	          0.08128923	          0.13242275	          0.22128368	          0.10156883	          0.08320088	          0.04732560	          0.05766917	          0.01592653	          0.01212562	          0.01003118	          0.06794697	          0.42952210	          0.01016580	          0.01344994	          0.01143025	          0.01280969	
          4.38000000	          5.12280267	        -11.67461168	          5.63574237	         -0.02960682	          0.97387396	         -0.94659618	        -10.74501378	        -20.53670642	        -11.20988490	         13.63574669	         -3.54067846	         -0.30120238	         17.17938388	         15.03551096	         26.09793063	          8.04450411	          3.98108921	         -6.55886473	        -14.79566598	         -0.11060051	          3.07170648	        -25.33453469	         -3.52736660	         10.28003708	        -38.23818189	        150.92459646	         12.98501866	         11.11762920	        161.91143053	         29.03510250	         24.48748753	        -27.57055260	        126.68695677	          0.38082941	          0.62074147	          0.23943324	          0.08944427	          0.47274621	          0.35900705	          0.04720721	          0.02967518	          0.99998308	          0.99998048	          0.43766283	          0.12394068	          0.01203845	          0.01000208	          0.01014105	          0.01715552	          0.12989488	          0.02552472	          0.01015811	          0.02437613	          0.03912521	          0.01377120	          0.01441494	          0.16897142	          0.25106294	          0.03016869	          0.01557809	          0.02074515	          0.31894208	          0.34195180	          0.13181019	          0.01107336	          0.01039500	          0.01618043	          0.05357742	          0.99998303	          0.43071157	          0.05555361	          0.18418133	          0.08084033	          0.04793698	          0.07687276	          0.02855021	          0.01577530	          0.04002977	          0.05329055	          0.03581691	          0.02697316	          0.29514370	          0.13529290	          0.01063884	          0.01024347	          0.01008951	          0.01005967	          0.02917935	          0.02195029	          0.05038700	          0.05100300	          0.03002597	          0.03417009	          0.02808367	          0.02201497	          0.02006905	          0.03213153	          0.05442767	          0.13686629	          0.23489844	          0.06849295	          0.05592019	          0.03211170	          0.03887970	          0.01347405	          0.01507619	          0.01002993	          0.04637453	          0.42137883	          0.01014373	          0.01581819	          0.01921894	          0.01634332	
          4.40000000	          5.14406320	        -11.48563300	          5.83879903	         -0.03093794	          0.97686278	         -0.94739061	        -11.48567247	        -19.84731489	         -9.84886917	         12.51256835	         -4.92344491	          0.15564403	         15.36427936	         13.33566685	         25.43425570	          7.35979307	          2.52939477	         -8.51521687	        -12.66919950	         -0.14688983	          2.88077967	        -24.82915600	         -3.07331191	          9.64834044	        -37.61100456	        150.18985093	         12.15535192	         10.21816788	        157.94912438	         27.83180196	         23.50811834	        -25.74471331	        126.08282181	          0.37237122	          0.66539650	          0.20280692	          0.07662027	          0.40052808	          0.23938240	          0.03147978	          0.02039118	          0.99342287	          0.99682581	          0.35579600	          0.10698068	          0.01000259	          0.01000251	          0.01009533	          0.01145222	          0.08660158	          0.01709215	          0.01012218	          0.01626098	          0.02652290	          0.01022966	          0.01151191	          0.11287087	          0.47907679	          0.02011616	          0.01038772	          0.01415923	          0.29736574	          0.22812619	          0.08796206	          0.01007231	          0.01037537	          0.01078734	          0.03576470	          0.99999062	          0.50112758	          0.07799944	          0.21950973	          0.10650848	          0.04417448	          0.07202321	          0.02866344	          0.01752849	          0.03830957	          0.03967317	          0.02941259	          0.01903915	          0.29962592	          0.13418958	          0.01066661	          0.01025171	          0.01009395	          0.01006248	          0.02054213	          0.01723236	          0.04539641	          0.03412212	          0.02044279	          0.02337662	          0.01926136	          0.01581631	          0.01498471	          0.02613336	          0.03671040	          0.15052143	          0.25931538	          0.04594637	          0.03809545	          0.02355017	          0.02663409	          0.01349298	          0.01532760	          0.01003004	          0.03112595	          0.41203463	          0.01014983	          0.01706638	          0.02435779	          0.01833630	
          4.42000000	          5.12466362	        -11.26216782	          6.01398908	         -0.03208182	          0.97906019	         -0.94806420	        -12.14828101	        -19.23720363	         -8.66723954	         11.50098319	         -6.13736743	          0.65112401	         13.70522831	         12.10740822	         24.79999892	          6.63859442	          1.58413244	        -10.50397045	        -10.91578453	         -0.17261890	          2.68708456	        -24.24204432	         -2.63699649	          9.13917223	        -37.04781838	        147.99256605	         11.46137140	          9.31062926	        153.12986118	         26.98258873	         23.05991865	        -24.03128457	        125.06539340	          0.36127879	          0.68299707	          0.15231388	          0.13520038	          0.33308064	          0.15962342	          0.02099530	          0.01477911	          0.88057416	          0.88609403	          0.26315378	          0.07133622	          0.01001211	          0.01000797	          0.01006852	          0.01003376	          0.05773875	          0.05953177	          0.01009357	          0.01085450	          0.14915150	          0.01017622	          0.01049570	          0.07538866	          0.65147318	          0.01342041	          0.01001359	          0.01057383	          0.27577424	          0.15216397	          0.05875880	          0.01007801	          0.01032240	          0.01000297	          0.02389606	          0.99797148	          0.42619426	          0.08529985	          0.24588301	          0.11903096	          0.03823543	          0.06231925	          0.02270381	          0.01469397	          0.03273689	          0.03555147	          0.02079492	          0.01450456	          0.30239772	          0.13325374	          0.01059780	          0.01023281	          0.01009275	          0.01006169	          0.01595359	          0.01628230	          0.03208900	          0.02294617	          0.01457108	          0.01675830	          0.01403534	          0.01313300	          0.01344170	          0.02308912	          0.02534097	          0.16206565	          0.27428086	          0.03249657	          0.02697536	          0.02245340	          0.01909569	          0.01224415	          0.01374486	          0.01002852	          0.02156792	          0.40141786	          0.01013760	          0.01795917	          0.02738003	          0.01965300	
          4.44000000	          5.06252331	        -11.01170008	          6.16427640	         -0.03305395	          0.98044289	         -0.94857706	        -12.72848170	        -18.70348610	         -7.68695383	         10.59347799	         -7.16137818	          1.18089522	         12.19752434	         11.29716069	         24.23834385	          5.89941436	          1.09367748	        -12.46703252	         -9.50666073	         -0.19132892	          2.49563497	        -23.57949010	         -2.20199536	          8.74392450	        -36.52878467	        144.70487444	         10.88521380	          8.41730353	        147.59070527	         26.39506524	         23.04736955	        -22.43664799	        123.70748988	          0.33971409	          0.65348855	          0.10305157	          0.12164807	          0.27390144	          0.10645125	          0.01401017	          0.01273553	          0.70757885	          0.70391276	          0.18176222	          0.07423469	          0.01001821	          0.01001262	          0.01005715	          0.01003523	          0.03849693	          0.16968385	          0.01007920	          0.01003347	          0.22468925	          0.01013798	          0.01027009	          0.05038951	          0.73338843	          0.01004863	          0.01003239	          0.01036855	          0.24343375	          0.10158405	          0.03934825	          0.01007425	          0.01031232	          0.01000680	          0.01600117	          0.99997576	          0.36849443	          0.09342990	          0.26192493	          0.13049705	          0.03122043	          0.05293241	          0.01681252	          0.01290997	          0.02390281	          0.02887090	          0.01451864	          0.01394646	          0.30297207	          0.13145716	          0.01059407	          0.01023186	          0.01009465	          0.01006241	          0.01302379	          0.01247162	          0.02190929	          0.01589014	          0.01267560	          0.01317308	          0.01314666	          0.01319371	          0.01388894	          0.01895794	          0.01955915	          0.17755010	          0.28614874	          0.02273436	          0.02765979	          0.05233738	          0.01691737	          0.01121524	          0.01269903	          0.01002794	          0.01604839	          0.39054718	          0.01013766	          0.01632818	          0.02119397	          0.01720545	
          4.46000000	          4.96302900	        -10.74022363	          6.29427928	         -0.03387466	          0.98110898	         -0.94885526	        -13.22248828	        -18.23794729	         -6.92476966	          9.79995849	         -7.98875266	          1.70802345	         10.84234241	         10.88548773	         23.74661255	          5.15510575	          0.92449351	        -14.29564665	         -8.40267745	         -0.20617450	          2.30129841	        -22.85715515	         -1.77205048	          8.41992683	        -36.03413682	        140.42941940	         10.43365562	          7.56598340	        141.54602113	         25.99376759	         23.29112049	        -20.93254125	        122.01772451	          0.29485000	          0.57054061	          0.06939098	          0.08190999	          0.19510979	          0.07101426	          0.01004023	          0.01271178	          0.55728717	          0.53728248	          0.12628568	          0.04951545	          0.01002486	          0.01001706	          0.01005552	          0.01003355	          0.02566991	          0.11326726	          0.01007861	          0.01004155	          0.15105216	          0.01013808	          0.01021469	          0.03376165	          0.73079301	          0.01007901	          0.01003708	          0.01030787	          0.23380761	          0.10201825	          0.02658857	          0.01006777	          0.01025997	          0.01000847	          0.01084380	          0.96277685	          0.31353950	          0.09423509	          0.25655634	          0.13238517	          0.02838712	          0.05236683	          0.01342534	          0.01243967	          0.01810090	          0.02567051	          0.01147782	          0.01398289	          0.30113109	          0.12839466	          0.01058714	          0.01022958	          0.01009582	          0.01006254	          0.01252296	          0.01174284	          0.01525347	          0.01259813	          0.01284063	          0.01284844	          0.01331761	          0.01361882	          0.01464733	          0.01670159	          0.02664843	          0.18188392	          0.29218720	          0.02297220	          0.03236986	          0.06870427	          0.01923739	          0.01085429	          0.01226614	          0.01002742	          0.01954596	          0.37684274	          0.01013741	          0.01545911	          0.01613875	          0.01577403	
          4.48000000	          4.83032401	        -10.45135731	          6.40946653	         -0.03457371	          0.98122449	         -0.94879570	        -13.61225158	        -17.83337804	         -6.38395792	          9.15334314	         -8.61383032	          2.18958733	          9.66326533	         10.88895463	         23.32150828	          4.38201501	          0.96878962	        -15.95458292	         -7.55805996	         -0.21785457	          2.09272537	        -22.09689053	         -1.38098459	          8.09795620	        -35.57441419	        135.04107447	         10.10889447	          6.77605649	        135.21789739	         25.78801552	         23.63889540	        -19.40915893	        119.90698401	          0.27645738	          0.51657551	          0.04751306	          0.05558729	          0.20263323	          0.04742961	          0.01005837	          0.01278765	          0.40984468	          0.38839506	          0.08884244	          0.03321414	          0.01004835	          0.01003310	          0.01006234	          0.01003810	          0.01712110	          0.07556477	          0.01008836	          0.01004697	          0.10090945	          0.01016173	          0.01021641	          0.02286958	          0.55215306	          0.01014437	          0.01007313	          0.01031178	          0.21634431	          0.10422520	          0.01856569	          0.01007148	          0.01026603	          0.01001619	          0.01049469	          0.90437220	          0.29835850	          0.08393796	          0.22783156	          0.11672681	          0.02789461	          0.05568180	          0.01242716	          0.01171583	          0.01465266	          0.02523836	          0.01114468	          0.01467154	          0.29954305	          0.12344550	          0.01060918	          0.01023593	          0.01010212	          0.01006596	          0.01233703	          0.01140136	          0.01156384	          0.01224855	          0.01282191	          0.01295816	          0.01316966	          0.01415297	          0.01572518	          0.01641635	          0.03158669	          0.18224157	          0.29955945	          0.02599412	          0.03689125	          0.07550389	          0.02212989	          0.01069130	          0.01201844	          0.01002800	          0.02135464	          0.35811247	          0.01014261	          0.01254091	          0.01141113	          0.01213107	
          4.50000000	          4.66213004	        -10.14350349	          6.50754707	         -0.03517565	          0.98095010	         -0.94830141	        -13.85919833	        -17.48800229	         -6.07646805	          8.70581720	         -9.02920270	          2.60446452	          8.72055923	         11.36799205	         22.95981973	          3.56167519	          1.23688051	        -17.52187104	         -6.95193595	         -0.22499255	          1.86589667	        -21.31514994	         -1.07807019	          7.69943590	        -35.19123768	        128.35566961	          9.90349019	          6.05446760	        128.80199360	         25.86251661	         24.04232901	        -17.62841232	        117.22793241	          0.24131937	          0.42259088	          0.06317599	          0.05491843	          0.20365544	          0.03191189	          0.01008404	          0.01286957	          0.29225676	          0.28504736	          0.11639892	          0.02224923	          0.01006275	          0.01004301	          0.01008351	          0.01005164	          0.01143121	          0.05040879	          0.01011551	          0.01006488	          0.06736695	          0.01021867	          0.01027397	          0.01698880	          0.36853003	          0.01019386	          0.01009484	          0.01040434	          0.16915428	          0.13347872	          0.01389219	          0.01010034	          0.01036845	          0.01001995	          0.01062607	          0.75116959	          0.34291381	          0.07689214	          0.17950913	          0.10945705	          0.02382128	          0.05687704	          0.01127811	          0.01091630	          0.01229189	          0.02110194	          0.01077101	          0.02188058	          0.30343230	          0.11793841	          0.01062875	          0.01024289	          0.01011445	          0.01007302	          0.01174072	          0.01086482	          0.01067660	          0.01306397	          0.01333024	          0.01362198	          0.01525175	          0.02048083	          0.02174275	          0.01589224	          0.05382328	          0.18314418	          0.31303105	          0.03656826	          0.05486725	          0.06756236	          0.03590161	          0.01057224	          0.01165897	          0.01002891	          0.04016687	          0.33694099	          0.01014751	          0.01076459	          0.01024020	          0.01053856	
          4.52000000	          4.45530010	         -9.80842266	          6.56720507	         -0.03566057	          0.98041504	         -0.94729128	        -13.91181617	        -17.19889164	         -6.07507167	          8.51508367	         -9.23667085	          2.96157044	          8.11302304	         12.40125820	         22.63789972	          2.73483701	          1.81162153	        -19.13745481	         -6.60436209	         -0.22671606	          1.63906124	        -20.51862378	         -0.90541430	          7.17162845	        -34.92621541	        120.42146448	          9.81899075	          5.39482643	        122.50778160	         26.27202191	         24.55560962	        -15.21865409	        113.92317250	          0.21020482	          0.30197986	          0.19928086	          0.04904622	          0.26086293	          0.05660885	          0.01015383	          0.01176755	          0.19491770	          0.19039279	          0.09449130	          0.02601127	          0.01004638	          0.01003170	          0.01013366	          0.01008673	          0.01008228	          0.03363045	          0.01015837	          0.01010124	          0.04497438	          0.01029486	          0.01040771	          0.03636396	          0.24588973	          0.01007595	          0.01003808	          0.01068742	          0.11495886	          0.24432276	          0.01151274	          0.01017790	          0.01103227	          0.01001523	          0.01048089	          0.54535103	          0.29448115	          0.06509505	          0.12003102	          0.07604421	          0.02390335	          0.03986018	          0.01094839	          0.01059785	          0.01233898	          0.02192225	          0.01030305	          0.01808003	          0.31859282	          0.11351387	          0.01063383	          0.01024540	          0.01011570	          0.01007329	          0.01105672	          0.01046405	          0.01042761	          0.01198344	          0.01239486	          0.01244747	          0.01594756	          0.02387873	          0.02471503	          0.01531047	          0.07033350	          0.18416113	          0.33783040	          0.04011440	          0.06109077	          0.04786072	          0.04621782	          0.01019366	          0.01067920	          0.01002919	          0.05018221	          0.31677583	          0.01014925	          0.01131294	          0.01048757	          0.01099618	
          4.54000000	          4.20742238	         -9.43720335	          6.55570665	         -0.03596282	          0.97971476	         -0.94572120	        -13.72013354	        -16.96362846	         -6.49079433	          8.60836583	         -9.24712602	          3.28870955	          7.94133210	         14.01906133	         22.30213925	          1.97849968	          2.79784106	        -20.94351051	         -6.59120951	         -0.22301817	          1.44736469	        -19.69997487	         -0.87573786	          6.51607481	        -34.78593036	        111.68444451	          9.85917416	          4.77081941	        116.54699780	         26.96963547	         25.31003034	        -11.73033588	        110.12558016	          0.25186878	          0.37062721	          0.13332664	          0.03281063	          0.38103397	          0.20856297	          0.01150236	          0.01159275	          0.12997889	          0.12698421	          0.07838260	          0.19616053	          0.01174507	          0.01086594	          0.01022988	          0.01017067	          0.01529110	          0.02244239	          0.01020123	          0.01014018	          0.03003687	          0.01034401	          0.01074061	          0.10101904	          0.16419692	          0.01066182	          0.01048599	          0.01179803	          0.08258073	          0.49315788	          0.01092925	          0.01052625	          0.01430966	          0.03043650	          0.01029921	          0.36359122	          0.28567997	          0.04347372	          0.08004258	          0.05074933	          0.01685990	          0.02677800	          0.01172056	          0.01142136	          0.01235387	          0.01604353	          0.01361627	          0.02879513	          0.35070029	          0.11196968	          0.01060220	          0.01023577	          0.01012150	          0.01007624	          0.01246104	          0.01141390	          0.01106619	          0.01424009	          0.01580354	          0.01851343	          0.01650708	          0.02069245	          0.02150046	          0.01545406	          0.04745457	          0.19038437	          0.38205691	          0.03110646	          0.04118524	          0.03197251	          0.03308190	          0.02670837	          0.01536510	          0.01002759	          0.03432999	          0.29986286	          0.01014278	          0.01050925	          0.01016507	          0.01036499	
          4.56000000	          3.91561891	         -9.03135794	          6.46254661	         -0.03601663	          0.97894373	         -0.94363837	        -13.26258643	        -16.79017259	         -7.39655349	          8.93315666	         -9.06364118	          3.59861743	          8.23468616	         16.13771954	         21.86336104	          1.36127740	          4.23000092	        -22.98856459	         -7.02566999	         -0.21495091	          1.31271443	        -18.83029186	         -0.97273119	          5.74801105	        -34.72526185	        102.67347192	         10.00643414	          4.15537109	        111.01294677	         27.85432471	         26.41591537	         -6.76881920	        106.02658943	          0.28633482	          0.46189887	          0.08895772	          0.02191514	          0.31885672	          0.41685799	          0.01044338	          0.05941393	          0.08671014	          0.08483308	          0.07309501	          0.14254029	          0.16739047	          0.01212612	          0.01036316	          0.01021776	          0.09304285	          0.01498806	          0.01053742	          0.03550973	          0.02008290	          0.04526968	          0.07515705	          0.21241946	          0.14268961	          0.01014506	          0.01007459	          0.05483469	          0.27621341	          0.61152607	          0.07844421	          0.01010418	          0.01044704	          0.06902385	          0.03526221	          0.24253823	          0.22492366	          0.02901907	          0.05337253	          0.03385789	          0.01226144	          0.01800648	          0.01155766	          0.01162122	          0.01162039	          0.01240996	          0.01838652	          0.02719360	          0.40648170	          0.11779399	          0.01053821	          0.01021397	          0.01010859	          0.01006763	          0.02137488	          0.01570573	          0.01115382	          0.05844848	          0.04165289	          0.03890114	          0.02818462	          0.02861979	          0.02721494	          0.01324675	          0.03233132	          0.20932105	          0.45971853	          0.03132773	          0.02787458	          0.02139831	          0.02744853	          0.06349553	          0.02286263	          0.01002469	          0.02995854	          0.28730178	          0.01012993	          0.01060187	          0.01019551	          0.01043428	
          4.58000000	          3.58441930	         -8.60638131	          6.31800443	         -0.03578188	          0.97828197	         -0.94115773	        -12.56403429	        -16.69953826	         -8.73908709	          9.34567969	         -8.68670123	          3.87321707	          8.92783000	         18.55335608	         21.20477657	          0.93293346	          6.01564119	        -25.17782684	         -8.02954065	         -0.20487921	          1.22225366	        -17.86871278	         -1.17931436	          4.84826461	        -34.65985503	         93.65614247	         10.22593546	          3.55012057	        105.84065491	         28.83312904	         27.83590900	         -0.18556785	        101.73778281	          0.32922282	          0.56507557	          0.05935603	          0.01465862	          0.28530427	          0.51534015	          0.01024020	          0.04181151	          0.05791422	          0.05671670	          0.04884009	          0.09505487	          0.11169797	          0.25823055	          0.01038942	          0.01021041	          0.12024595	          0.01009903	          0.01077155	          0.29440213	          0.01347135	          0.13587715	          0.10316391	          0.22536581	          0.18332451	          0.01075743	          0.01064417	          0.05692716	          0.36577898	          0.65926225	          0.12574782	          0.01006853	          0.01022484	          0.13613627	          0.19055491	          0.16173323	          0.14998121	          0.01939142	          0.03559388	          0.02260178	          0.01118976	          0.01222064	          0.01130027	          0.01153502	          0.01121300	          0.01160149	          0.01507283	          0.03166248	          0.48828799	          0.13757731	          0.01042150	          0.01017357	          0.01008712	          0.01005397	          0.03340744	          0.02558527	          0.01095022	          0.13308309	          0.08281691	          0.06863742	          0.04879169	          0.04513264	          0.03998744	          0.01268841	          0.02278906	          0.26237433	          0.56029817	          0.03750623	          0.01913952	          0.01437854	          0.03173668	          0.09603229	          0.02597298	          0.01001996	          0.04589984	          0.27799158	          0.01010519	          0.01054261	          0.01017136	          0.01039012	
          4.60000000	          3.23442226	         -8.18288138	          6.17035984	         -0.03524488	          0.97804858	         -0.93834614	        -11.67891847	        -16.71937039	        -10.29506316	          9.65275424	         -8.13542864	          4.07717456	          9.92883941	         20.99435383	         20.22502339	          0.73479013	          7.98734948	        -27.32416525	         -9.70708812	         -0.19594878	          1.13583039	        -16.78916666	         -1.47665071	          3.81199077	        -34.49598852	         84.78446135	         10.48699370	          2.97511936	        100.91641690	         29.81418968	         29.36736954	          7.74643291	         97.37501806	          0.25220463	          0.37735442	          0.03961046	          0.01010373	          0.19056575	          0.57264696	          0.01014395	          0.06320293	          0.03877958	          0.03813032	          0.03304014	          0.06412004	          0.46058697	          0.17222365	          0.01019304	          0.01010913	          0.08793082	          0.01005694	          0.01046888	          0.41672084	          0.01016755	          0.16751062	          0.11054211	          0.21314605	          0.15271133	          0.01700660	          0.05927200	          0.06586512	          0.40505538	          0.62204019	          0.23064945	          0.01004223	          0.01014153	          0.13998530	          0.15948990	          0.10789210	          0.13068792	          0.01298692	          0.02374249	          0.01510459	          0.01081117	          0.01042041	          0.01094577	          0.01122265	          0.01084238	          0.01112568	          0.01346957	          0.04039241	          0.58835253	          0.17227133	          0.01030264	          0.01012880	          0.01006286	          0.01003873	          0.04042706	          0.02684136	          0.01063165	          0.19959744	          0.12083475	          0.09687917	          0.07022237	          0.06363787	          0.05510556	          0.01231584	          0.02016820	          0.40527805	          0.65635233	          0.04803366	          0.01388218	          0.01031355	          0.04122637	          0.10647969	          0.03020505	          0.01001481	          0.06291852	          0.26786125	          0.01007831	          0.01038464	          0.01012101	          0.01027562	
          4.62000000	          2.89766547	         -7.77266096	          6.04628722	         -0.03440166	          0.97860451	         -0.93514089	        -10.64594265	        -16.86246616	        -11.77647458	          9.68183965	         -7.45286485	          4.16622054	         11.21701855	         23.19127858	         18.87950949	          0.80003718	          9.88122427	        -29.23383292	        -12.07731261	         -0.19446099	          1.01808014	        -15.60216734	         -1.80619431	          2.74331320	        -34.16580635	         76.41253932	         10.75823909	          2.43266577	         96.13647581	         30.69626215	         30.75963138	         16.14975544	         93.21088870	          0.16824960	          0.25162990	          0.02644497	          0.01015581	          0.12711874	          0.38187418	          0.01034218	          0.04317469	          0.02597228	          0.02637649	          0.06752881	          0.09359968	          0.30711373	          0.61507946	          0.01429692	          0.01108792	          0.07842445	          0.01013751	          0.04931097	          0.46223921	          0.01042256	          0.16844801	          0.07552032	          0.14228259	          0.10201726	          0.01144062	          0.03955734	          0.04688296	          0.27017252	          0.59000987	          0.15524291	          0.01008850	          0.01024070	          0.09336027	          0.13010012	          0.07348062	          0.10103184	          0.01026989	          0.01585755	          0.01027938	          0.01079868	          0.01046719	          0.01092130	          0.01114482	          0.01084346	          0.01112948	          0.01409688	          0.04844212	          0.70828339	          0.22360114	          0.01023904	          0.01009927	          0.01004535	          0.01002769	          0.04074515	          0.02508984	          0.01063204	          0.21882623	          0.13083965	          0.10519212	          0.07753748	          0.07090196	          0.06164981	          0.01237948	          0.02288661	          0.57621870	          0.76958855	          0.05107287	          0.01265952	          0.01026429	          0.04908587	          0.11945336	          0.03868172	          0.01001131	          0.06374699	          0.24545387	          0.01006162	          0.01030402	          0.01009566	          0.01021699	
          4.64000000	          2.60445380	         -7.36951584	          5.92717669	         -0.03326098	          0.98014618	         -0.93135633	         -9.44946231	        -17.11668924	        -12.95152780	          9.34408325	         -6.69433098	          4.08852152	         12.89322083	         24.94526079	         17.18514331	          1.13455773	         11.37106430	        -30.78646612	        -15.05133870	         -0.23924289	          0.86127647	        -14.35712919	         -2.06729306	          1.85878468	        -33.65267901	         69.12316643	         10.99500451	          1.89155697	         91.39300713	         31.39782750	         31.87526829	         23.66736565	         89.66189280	          0.11237186	          0.16788094	          0.01767928	          0.01016232	          0.08486407	          0.25485868	          0.01023888	          0.02956991	          0.01804932	          0.01855167	          0.04513437	          0.06247605	          0.48051850	          0.59885489	          0.01580994	          0.01250659	          0.13032075	          0.01014477	          0.03311048	          0.39482497	          0.01041218	          0.12556633	          0.05669602	          0.09518591	          0.06837726	          0.01157162	          0.10520446	          0.04161476	          0.18041396	          0.48354555	          0.11788065	          0.01007927	          0.01021791	          0.17063026	          0.08870094	          0.04904495	          0.06739263	          0.01131623	          0.01072598	          0.01092170	          0.01026922	          0.01014361	          0.01046308	          0.01085863	          0.01034034	          0.01035411	          0.01141347	          0.05222585	          0.83202938	          0.29221496	          0.01016990	          0.01006944	          0.01002970	          0.01001803	          0.04079530	          0.02447062	          0.01028665	          0.15485353	          0.09977741	          0.08555392	          0.06952817	          0.06701567	          0.06072804	          0.01077920	          0.02288641	          0.73737095	          0.88139979	          0.03594213	          0.01087323	          0.01022580	          0.05161494	          0.13665056	          0.03079771	          0.01000802	          0.05114577	          0.20607543	          0.01004404	          0.01029198	          0.01009198	          0.01020875	
          4.66000000	          2.37275084	         -6.95819618	          5.78567029	         -0.03193337	          0.98260576	         -0.92682480	         -8.02513705	        -17.45948416	        -13.73003044	          8.65222327	         -5.89724153	          3.79557092	         15.10727170	         26.16066577	         15.17801291	          1.70505544	         12.20405661	        -31.96014788	        -18.44944576	         -0.39295585	          0.65563868	        -13.10947115	         -2.19401302	          1.30973124	        -32.98062507	         63.15952889	         11.17743074	          1.32288829	         86.61652852	         31.93341688	         32.73543088	         29.48656358	         86.90473854	          0.11178718	          0.15734491	          0.01187153	          0.01011549	          0.05705500	          0.43319695	          0.01190815	          0.12908114	          0.01616626	          0.01409253	          0.03039724	          0.04178282	          0.34534668	          0.60630911	          0.01094958	          0.01026374	          0.10265965	          0.01007556	          0.02216286	          0.44861336	          0.01021918	          0.08488564	          0.06039913	          0.16014550	          0.04852240	          0.06530700	          0.17626549	          0.05217388	          0.27491503	          0.38069195	          0.23886374	          0.01011028	          0.01033623	          0.31381771	          0.05931829	          0.03274594	          0.04501596	          0.01009536	          0.01003002	          0.01006889	          0.01441546	          0.02029792	          0.01238456	          0.01215649	          0.01297837	          0.01635496	          0.07751235	          0.04183555	          0.96487122	          0.38006198	          0.01012623	          0.01005147	          0.01002053	          0.01001247	          0.02800120	          0.01733014	          0.01173075	          0.10328776	          0.06662486	          0.05723086	          0.04653447	          0.04496825	          0.04097090	          0.03050794	          0.01910854	          0.89938930	          0.99300048	          0.03896991	          0.02362990	          0.01025033	          0.03678975	          0.12291981	          0.06076016	          0.01000597	          0.03428316	          0.16156093	          0.01003355	          0.01031981	          0.01010179	          0.01022756	
          4.68000000	          2.20645272	         -6.52736524	          5.62222317	         -0.03064560	          0.98575981	         -0.92150750	         -6.30545970	        -17.87848683	        -14.14021224	          7.68722325	         -5.07067599	          3.26842497	         17.94624390	         26.82719193	         12.87233861	          2.45399183	         12.32369679	        -32.76677851	        -22.09899160	         -0.66137957	          0.36706005	        -11.88662109	         -2.20997438	          1.04844078	        -32.18507397	         58.08813849	         11.35174305	          0.73343164	         81.84851112	         32.42330584	         33.40818990	         34.01974790	         84.64480102	          0.09745894	          0.10629355	          0.01026829	          0.01010769	          0.03862131	          0.43698783	          0.04248798	          0.12523722	          0.01262730	          0.01266672	          0.02049468	          0.02796299	          0.26278663	          0.50061593	          0.01025499	          0.01015380	          0.14293359	          0.01006132	          0.01485444	          0.31855458	          0.01018280	          0.05700712	          0.05299311	          0.16030651	          0.03377801	          0.04553167	          0.34437323	          0.05733199	          0.26281914	          0.32602316	          0.26907802	          0.01010499	          0.01034592	          0.36793880	          0.03970166	          0.02187827	          0.03005353	          0.01008942	          0.01002845	          0.01006448	          0.03178449	          0.05682877	          0.01544598	          0.01272133	          0.02376901	          0.03123856	          0.10538343	          0.04306908	          0.99950445	          0.42904690	          0.01008832	          0.01003507	          0.01001269	          0.01000767	          0.02066991	          0.01711747	          0.02474189	          0.06891040	          0.04452841	          0.03837045	          0.03121684	          0.03034773	          0.02807643	          0.04294228	          0.01521876	          0.99990487	          0.99989910	          0.03638388	          0.03009217	          0.01025268	          0.03406525	          0.12298896	          0.06991966	          0.01000390	          0.02311994	          0.12665863	          0.01002232	          0.01037473	          0.01011902	          0.01026483	
          4.70000000	          2.10402648	         -6.07014357	          5.44219967	         -0.02960540	          0.98930806	         -0.91544270	         -4.27641520	        -18.36728348	        -14.22811556	          6.55040943	         -4.21204479	          2.52994317	         21.38383940	         26.98080984	         10.28729356	          3.31012168	         11.82788709	        -33.18984639	        -25.83316809	         -1.02441245	         -0.03635784	        -10.69313171	         -2.17774836	          0.92547247	        -31.30466542	         53.30009041	         11.59820195	          0.13612430	         77.23972430	         32.99301459	         33.93125698	         38.20587452	         82.44760129	          0.06511187	          0.07094935	          0.01042890	          0.01008152	          0.02584779	          0.29145295	          0.05472246	          0.08442317	          0.06823586	          0.01221899	          0.01390629	          0.01874027	          0.17522000	          0.33385582	          0.01024591	          0.01016421	          0.13194120	          0.01002722	          0.01017540	          0.26667358	          0.01007630	          0.03845073	          0.04783252	          0.10712052	          0.02284040	          0.06728186	          0.35556938	          0.04885900	          0.17540809	          0.26537241	          0.18046749	          0.01010054	          0.01047695	          0.41020110	          0.02664552	          0.01463878	          0.02007984	          0.01005190	          0.01001605	          0.01003723	          0.03810518	          0.07178101	          0.01595050	          0.01178726	          0.03336960	          0.04946079	          0.08474321	          0.04599401	          0.77366801	          0.31925028	          0.01002761	          0.01001240	          0.01000579	          0.01000378	          0.01983109	          0.02047170	          0.05234290	          0.04599381	          0.02979866	          0.02577462	          0.02104668	          0.02072608	          0.01976165	          0.06564660	          0.01237010	          0.86344393	          0.94704655	          0.02501243	          0.03772545	          0.01034888	          0.02726911	          0.12783392	          0.04825420	          0.01000201	          0.01578876	          0.14237373	          0.01001204	          0.01037817	          0.01012141	          0.01026803	
          4.72000000	          2.07083281	         -5.58757360	          5.23182983	         -0.02888233	          0.99289359	         -0.90863674	         -2.02232041	        -18.90165712	        -14.03525268	          5.32816649	         -3.32996625	          1.63974285	         25.25563297	         26.67332069	          7.50116213	          4.19828871	         10.81772692	        -33.12169530	        -29.36810676	         -1.49823215	         -0.56750623	         -9.53536761	         -2.12233295	          0.83034508	        -30.38673856	         48.53281359	         11.96379290	         -0.48770019	         72.96388002	         33.69098632	         34.35116380	         42.60717269	         80.11283541	          0.04345781	          0.04733625	          0.01010858	          0.01027221	          0.01726827	          0.19432809	          0.03651777	          0.05648543	          0.04605870	          0.01193268	          0.01166736	          0.01283631	          0.13972259	          0.22267500	          0.03703938	          0.04156547	          0.08799233	          0.03508396	          0.04537543	          0.17783927	          0.03502778	          0.03896935	          0.03275073	          0.07147648	          0.01629638	          0.26609626	          0.32896137	          0.03308568	          0.11699608	          0.18741179	          0.12042797	          0.01098100	          0.01051947	          0.41168188	          0.06369049	          0.01023490	          0.01349154	          0.01486790	          0.01447257	          0.01369406	          0.05477830	          0.09808487	          0.03315651	          0.04308354	          0.03566126	          0.03377910	          0.11026955	          0.04265116	          0.51580646	          0.21302101	          0.01899212	          0.01036726	          0.01002207	          0.01000999	          0.01346615	          0.01383624	          0.03521756	          0.03075577	          0.01997510	          0.01727484	          0.01617984	          0.01456086	          0.01357270	          0.04909528	          0.03288048	          0.57564690	          0.63137032	          0.01675340	          0.02603007	          0.01012388	          0.01909769	          0.17244330	          0.14545425	          0.01000516	          0.01155819	          0.19017351	          0.01002916	          0.01027174	          0.01008565	          0.01019169	
          4.74000000	          2.12052608	         -5.09012301	          4.95722359	         -0.02837367	          0.99612659	         -0.90101629	          0.27793433	        -19.43587322	        -13.59272668	          4.07877945	         -2.45763997	          0.67058539	         29.27818739	         25.97456570	          4.66903375	          5.06161173	          9.37881649	        -32.26850912	        -32.33117763	         -2.23523498	         -1.21661881	         -8.43649603	         -2.00917354	          0.73406957	        -29.48913946	         43.95381870	         12.42834237	         -1.16870063	         69.10363248	         34.48109211	         34.73273377	         47.07157660	         77.77338125	          0.03019522	          0.03237847	          0.09639944	          0.02188171	          0.04474202	          0.12971367	          0.03300398	          0.03801727	          0.07986575	          0.01113429	          0.01012906	          0.01007209	          0.09318448	          0.24815134	          0.02473963	          0.02774523	          0.06747119	          0.02340426	          0.03027991	          0.11858711	          0.02340048	          0.02605887	          0.02264105	          0.04817674	          0.01353889	          0.18795175	          0.21932935	          0.02321854	          0.07822767	          0.21666416	          0.08044728	          0.01455036	          0.01620610	          0.32109498	          0.04249539	          0.01006261	          0.01036143	          0.02418329	          0.02443624	          0.02424774	          0.17992534	          0.22545516	          0.13587538	          0.11156823	          0.15094724	          0.11108246	          0.07372384	          0.02928122	          0.34388823	          0.14206200	          0.26613501	          0.14463978	          0.04912034	          0.01107233	          0.01085527	          0.01085670	          0.10644655	          0.02057581	          0.01343744	          0.01164738	          0.01154271	          0.01092009	          0.01075621	          0.09214322	          0.02388025	          0.38377682	          0.42092887	          0.01134066	          0.01917011	          0.01030499	          0.01356646	          0.37119266	          0.09739807	          0.01053364	          0.01054590	          0.13578346	          0.01026184	          0.01221630	          0.01073110	          0.01160682	
          4.76000000	          2.26283638	         -4.59630467	          4.58433367	         -0.02786645	          0.99867868	         -0.89245781	          2.42542413	        -19.92598118	        -12.92955895	          2.85830449	         -1.65970002	         -0.28089329	         33.14831689	         24.99044709	          1.99353320	          5.84504645	          7.67400308	        -30.41305810	        -34.37345095	         -3.52352789	         -1.94592835	         -7.43412671	         -1.79130439	          0.65615873	        -28.67264322	         39.90743374	         12.94125005	         -1.89330898	         65.60069263	         35.29152684	         35.08974491	         50.95877354	         75.74986490	          0.26285921	          0.39705957	          0.15254000	          0.01472825	          0.33088327	          0.37327755	          0.21294878	          0.02681297	          0.05328624	          0.01128245	          0.01209494	          0.01148716	          0.06229802	          0.16548636	          0.01652863	          0.01852274	          0.22079148	          0.01561357	          0.02020964	          0.07908328	          0.01563594	          0.01744042	          0.01657215	          0.15512929	          0.02164026	          0.12532879	          0.14625699	          0.02315211	          0.17583447	          0.27824076	          0.05499237	          0.01023529	          0.01186163	          0.21413273	          0.02837140	          0.01022174	          0.32363977	          0.01622425	          0.01632107	          0.01623639	          0.27502231	          0.67218780	          0.20836062	          0.23544899	          0.20103051	          0.07570213	          0.39292700	          0.02056471	          0.22930306	          0.09520426	          0.21727627	          0.09654280	          0.03312699	          0.01757449	          0.01022435	          0.01021202	          0.07146811	          0.01396069	          0.01021663	          0.01013341	          0.01463460	          0.01047512	          0.01028005	          0.06916086	          0.02272470	          0.25586792	          0.28717263	          0.01010732	          0.01375168	          0.01012793	          0.01093253	          0.40242689	          0.30098627	          0.04210485	          0.01039324	          0.09056773	          0.99988648	          0.02411519	          0.04360714	          0.02788934	
          4.78000000	          2.49104138	         -4.13477823	          4.10737443	         -0.02719682	          1.00045373	         -0.88285075	          4.28520582	        -20.35185833	        -12.08151222	          1.73885702	         -1.02751504	         -1.07989012	         36.65694252	         23.86471083	         -0.32442339	          6.46136136	          5.90587675	        -27.87351482	        -35.27593650	         -5.37925219	         -2.70923112	         -6.56653594	         -1.46014783	          0.60029236	        -27.98078400	         36.54277399	         13.47691654	         -2.59942913	         62.33265480	         36.07534776	         35.39351908	         53.77868228	         74.25104276	          0.37550191	          0.68354754	          0.11199831	          0.01025598	          0.48401303	          0.66336342	          0.32658642	          0.03395645	          0.03556694	          0.01381081	          0.21667364	          0.36323428	          0.33550971	          0.26128419	          0.01107197	          0.01238695	          0.55756845	          0.01042326	          0.01350314	          0.05274797	          0.01047525	          0.01172131	          0.01388397	          0.30607272	          0.01571727	          0.08358764	          0.09751116	          0.04499071	          0.39643840	          0.25913867	          0.12778724	          0.01014138	          0.01063314	          0.14277530	          0.01895540	          0.17122382	          0.39553849	          0.01097727	          0.01092143	          0.01092821	          0.55271668	          0.81946077	          0.47613899	          0.46620709	          0.45531676	          0.16705635	          0.28658395	          0.01539958	          0.15289197	          0.13239777	          0.24016011	          0.49305737	          0.17576685	          0.01196492	          0.01010367	          0.01010638	          0.19435194	          0.01039861	          0.01014727	          0.01006002	          0.01233812	          0.01028339	          0.01012727	          0.16231695	          0.01574502	          0.17059159	          0.19145758	          0.01006134	          0.01106590	          0.01005512	          0.01040154	          0.33027779	          0.37543473	          0.19015597	          0.01025474	          0.72069804	          0.89078329	          0.02801567	          0.06784356	          0.03472000	
          4.80000000	          2.77830787	         -3.73703070	          3.54011613	         -0.02636802	          1.00153397	         -0.87214306	          5.81712331	        -20.72234659	        -11.03543643	          0.78684604	         -0.65607209	         -1.60302063	         39.73709734	         22.77013888	         -2.11439154	          6.79856975	          4.16884167	        -25.58210940	        -34.99771265	         -7.24682657	         -3.47576714	         -5.86002993	         -1.05398940	          0.53259801	        -27.43122318	         33.69638029	         14.03383800	         -3.23141185	         59.22178142	         36.84207142	         35.65214631	         55.56246560	         73.22805410	          0.37665279	          0.55286383	          0.07492845	          0.01081697	          0.39708314	          0.60519598	          0.38370401	          0.04041375	          0.02374915	          0.01281227	          0.16565455	          0.26800092	          0.23075045	          0.28181922	          0.01013603	          0.01011255	          0.60613322	          0.01004123	          0.01008498	          0.03519387	          0.01013002	          0.01022670	          0.01298153	          0.30612965	          0.01326976	          0.05575258	          0.06676026	          0.03621985	          0.26754739	          0.25305058	          0.08711245	          0.01038465	          0.01807210	          0.09559099	          0.01270192	          0.24906260	          0.33339245	          0.01031112	          0.01010066	          0.01022228	          0.46285060	          0.74611809	          0.31820473	          0.31091643	          0.33860200	          0.21905227	          0.20612787	          0.01340517	          0.10196772	          0.10536828	          0.16256671	          0.34458958	          0.13060541	          0.01045235	          0.01514692	          0.01507045	          0.17100313	          0.01001497	          0.01010423	          0.01499299	          0.01003670	          0.01013798	          0.01239594	          0.18995425	          0.01062708	          0.11374282	          0.17030305	          0.03417940	          0.11412510	          0.01568425	          0.01344892	          0.22022016	          0.25049541	          0.22386407	          0.01005888	          0.54938060	          0.59388882	          0.03788959	          0.09708774	          0.04952428	
          4.82000000	          3.08475771	         -3.40261385	          2.88489173	         -0.02552619	          1.00194246	         -0.86041862	          7.05728349	        -21.04386298	         -9.74693250	          0.03617068	         -0.48575959	         -1.79680712	         42.41199574	         21.88079177	         -3.23730297	          6.76150238	          2.59793030	        -23.56383940	        -33.50402235	         -9.33869823	         -4.23378332	         -5.31789128	         -0.63722272	          0.41732685	        -27.02076636	         31.09747113	         14.59905205	         -3.78165677	         56.26276225	         37.64909711	         35.91691181	         56.64873277	         72.49915843	          0.25129186	          0.36866891	          0.04999721	          0.01030252	          0.26480018	          0.59851218	          0.39836319	          0.04343141	          0.01591942	          0.01327543	          0.11144703	          0.17877890	          0.16104454	          0.19713858	          0.01017134	          0.01013509	          0.52517485	          0.01005201	          0.01011244	          0.02351035	          0.01015120	          0.01030085	          0.01313969	          0.32232959	          0.01226727	          0.03721032	          0.04451688	          0.03422935	          0.37649008	          0.34059935	          0.10478601	          0.01038545	          0.02105067	          0.06373205	          0.01018927	          0.29708057	          0.26080370	          0.01015280	          0.01005328	          0.01011153	          0.30857991	          0.49741815	          0.21216088	          0.20816332	          0.22575058	          0.14604726	          0.13742953	          0.01334252	          0.06807922	          0.07034354	          0.10848784	          0.22975315	          0.08779639	          0.19230517	          0.01012073	          0.01006770	          0.11400979	          0.01059736	          0.01006556	          0.01003814	          0.11850148	          0.01019519	          0.01006960	          0.12665309	          0.22350822	          0.18804784	          0.11359095	          0.02279445	          0.07611065	          0.01059997	          0.01093972	          0.17347574	          0.16713880	          0.31729923	          0.01105411	          0.36626706	          0.39597298	          0.04005328	          0.11058541	          0.05262879	
          4.84000000	          3.37108394	         -3.10871537	          2.15813062	         -0.02487351	          1.00184442	         -0.84801792	          8.06759106	        -21.29625328	         -8.19580940	         -0.49989125	         -0.36095020	         -1.69023122	         44.70206867	         21.26259752	         -3.59363361	          6.33337118	          1.42966235	        -21.52441523	        -30.70300205	        -12.32915750	         -4.98282980	         -4.91670162	         -0.26359770	          0.23208358	        -26.72313210	         28.55060581	         15.13276595	         -4.28975578	         53.49310312	         38.55789735	         36.25129810	         57.39360059	         71.89096033	          0.16759312	          0.24581471	          0.03335491	          0.01012779	          0.17656469	          0.61656551	          0.33768892	          0.17790274	          0.01138219	          0.02076851	          0.07444918	          0.11923587	          0.10763966	          0.13145044	          0.01026682	          0.01098624	          0.35051602	          0.01003641	          0.01009650	          0.01585735	          0.01010210	          0.01025820	          0.02265869	          0.33683971	          0.01032128	          0.02485999	          0.02978604	          0.11998405	          0.25214216	          0.55516391	          0.29467230	          0.01195819	          0.01500149	          0.04249355	          0.01055079	          0.33551739	          0.17390398	          0.01007002	          0.01002432	          0.01005088	          0.20572687	          0.33161557	          0.14145652	          0.13887069	          0.15051000	          0.09737326	          0.09165677	          0.01334153	          0.04551180	          0.04703980	          0.07243200	          0.15326109	          0.11709001	          0.30006411	          0.02206636	          0.03373934	          0.07601450	          0.46963174	          0.01197738	          0.02169627	          0.08751985	          0.03092091	          0.02151236	          0.08444744	          0.14904580	          0.12544733	          0.36250180	          0.01532208	          0.05075634	          0.01024273	          0.01207300	          0.38844860	          0.11317289	          0.40671650	          0.49635141	          0.24419932	          0.26399275	          0.03991389	          0.10389613	          0.05214895	
          4.86000000	          3.60725245	         -2.83910816	          1.41355873	         -0.02453098	          1.00170108	         -0.83552867	          8.89780393	        -21.45321403	         -6.39288368	         -0.83048366	         -0.21154721	         -1.29418574	         46.55688333	         20.86849132	         -3.15628294	          5.57762782	          0.69795170	        -19.95582985	        -26.57711786	        -16.06307554	         -5.71083502	         -4.61166419	          0.04973453	         -0.02888527	        -26.48606713	         25.99620675	         15.58199963	         -4.81424764	         50.95062482	         39.56840457	         36.68894829	         58.04684491	         71.29304646	          0.11176902	          0.16390249	          0.02225393	          0.01006231	          0.11772836	          0.41122412	          0.22515249	          0.11902127	          0.45791919	          0.04560064	          0.04967829	          0.07950898	          0.07178415	          0.08765840	          0.01034665	          0.01111976	          0.23370123	          0.01004365	          0.01013567	          0.13969971	          0.01012568	          0.01070632	          0.06118097	          0.22481145	          0.01110336	          0.01804900	          0.16893256	          0.18379931	          0.54576440	          0.44975726	          0.51963892	          0.01004851	          0.01018428	          0.02833167	          0.18783383	          0.43990066	          0.11594557	          0.01008956	          0.01003155	          0.01006512	          0.13715694	          0.22108002	          0.09431712	          0.09274238	          0.10034764	          0.06492200	          0.06111662	          0.01334013	          0.05164462	          0.03145403	          0.04834185	          0.10219360	          0.10930883	          0.31950768	          0.01492708	          0.02256533	          0.05068179	          0.99985528	          0.68814056	          0.01487071	          0.45557419	          0.24275245	          0.01637087	          0.05630768	          0.09942726	          0.44952660	          0.43337007	          0.01026181	          0.03385071	          0.01016475	          0.01162297	          0.59597438	          0.08114963	          0.42263715	          0.53953898	          0.16280918	          0.17600870	          0.03806294	          0.09519988	          0.04904565	
          4.88000000	          3.77796035	         -2.57485636	          0.74622676	         -0.02442155	          1.00196330	         -0.82364982	          9.60017245	        -21.50160414	         -4.59445435	         -0.99802825	         -0.01216471	         -0.58986943	         47.77158955	         20.62968564	         -1.98686175	          4.60400351	         -0.08088986	        -19.13365096	        -21.58152032	        -19.91421535	         -6.37933474	         -4.35033407	          0.34663942	         -0.36192556	        -26.25031502	         23.54417618	         15.91405176	         -5.39691651	         48.64788234	         40.56283498	         37.22634402	         58.73343617	         70.66463061	          0.07455303	          0.10929665	          0.01486096	          0.01006512	          0.07850376	          0.27428449	          0.15022110	          0.34941715	          0.36877464	          0.22586266	          0.03319495	          0.05303213	          0.04789250	          0.05845258	          0.01044640	          0.01050960	          0.15581936	          0.01006344	          0.01021880	          0.18955447	          0.01018860	          0.01330102	          0.06638234	          0.16556974	          0.07440552	          0.19620694	          0.15422706	          0.18454581	          0.37363134	          0.35000834	          0.58291156	          0.01013495	          0.01031650	          0.01889038	          0.15823696	          0.44339088	          0.07731063	          0.01004532	          0.01001598	          0.01003292	          0.09144322	          0.14738945	          0.06288967	          0.06206957	          0.06690530	          0.04328701	          0.04075495	          0.01332852	          0.05663932	          0.02110343	          0.03232356	          0.06819413	          0.12120530	          0.28534832	          0.01015203	          0.01507395	          0.03379219	          0.99997669	          0.56682327	          0.01017904	          0.99988337	          0.45760852	          0.01139120	          0.03754668	          0.06640443	          0.33031810	          0.38259553	          0.01002851	          0.02257969	          0.01006298	          0.01069547	          0.62685578	          0.10511686	          0.39738230	          0.50449776	          0.10855330	          0.11735118	          0.04120668	          0.11074668	          0.05383504	
          4.90000000	          3.88528225	         -2.31172576	          0.22366573	         -0.02434290	          1.00286102	         -0.81281994	         10.20718446	        -21.40698274	         -3.14877303	         -1.06407111	          0.23344855	          0.39886712	         48.15850196	         20.47639774	         -0.30988449	          3.57195735	         -1.01532095	        -18.97763177	        -16.89390280	        -23.16919937	         -6.94069871	         -4.09822445	          0.66493848	         -0.73565773	        -25.97774657	         21.36293978	         16.12456060	         -6.04379152	         46.56895328	         41.39741768	         37.83047722	         59.48016323	         70.01518733	          0.04974770	          0.07289579	          0.01010989	          0.01007259	          0.05235661	          0.18299997	          0.10021389	          0.28321781	          0.29447100	          0.15085736	          0.02224656	          0.03538774	          0.03198965	          0.03900106	          0.01100133	          0.02198910	          0.10389994	          0.01006202	          0.01022384	          0.19470418	          0.01018567	          0.01395074	          0.07202311	          0.15755863	          0.05063661	          0.13096565	          0.11378670	          0.22105518	          0.37084586	          0.23897384	          0.54457299	          0.01023572	          0.01064727	          0.01259890	          0.14779038	          0.41242122	          0.05155718	          0.01004899	          0.01001730	          0.01003544	          0.06096994	          0.09826393	          0.04194354	          0.15658670	          0.04461326	          0.02886552	          0.02718156	          0.01331948	          0.03810327	          0.01447164	          0.02182552	          0.04553362	          0.11413608	          0.24548007	          0.01005412	          0.01008319	          0.02253311	          0.99993834	          0.37790777	          0.01004979	          0.99920082	          0.30514440	          0.01013664	          0.02504196	          0.19449731	          0.22031799	          0.29914060	          0.01002292	          0.01507582	          0.01007608	          0.01059874	          0.60791941	          0.10329949	          0.34992137	          0.43474773	          0.07239050	          0.07832396	          0.04152648	          0.10967062	          0.05427003	
          4.92000000	          3.94459162	         -2.05457497	         -0.17309806	         -0.02412368	          1.00435757	         -0.80304350	         10.73259208	        -21.15679294	         -2.15926578	         -1.09550470	          0.49377128	          1.66010620	         47.69128194	         20.35958822	          1.52923213	          2.68460756	         -1.70741279	        -19.16174740	        -13.17972054	        -25.40818035	         -7.36417527	         -3.84878426	          0.99393635	         -1.08691816	        -25.66765674	         19.54994747	         16.23282935	         -6.72535385	         44.69104978	         42.01187806	         38.46410663	         60.25147842	         69.38082158	          0.03321665	          0.04863059	          0.01013514	          0.01008380	          0.03492774	          0.12208161	          0.06684539	          0.25652372	          0.25751234	          0.12916302	          0.01504679	          0.02363363	          0.02136879	          0.02601698	          0.01111921	          0.01557448	          0.06928451	          0.01007008	          0.01021408	          0.14544653	          0.01020071	          0.01444040	          0.07129939	          0.10531949	          0.04743606	          0.10123954	          0.10124115	          0.21849038	          0.30880714	          0.18037614	          0.48319876	          0.01018963	          0.01052791	          0.01001595	          0.17830545	          0.38899984	          0.03439220	          0.01006092	          0.01002137	          0.01004373	          0.04065760	          0.06551482	          0.02798805	          0.23906092	          0.02975590	          0.01925417	          0.01813724	          0.01332991	          0.02597618	          0.01214982	          0.01556974	          0.03050454	          0.08771087	          0.20588100	          0.01004567	          0.01003798	          0.01502932	          0.99994436	          0.25196030	          0.01004267	          0.99870665	          0.20349096	          0.01012035	          0.01670968	          0.30589258	          0.14711656	          0.28171962	          0.01002043	          0.01014683	          0.01006806	          0.01057439	          0.51810622	          0.14600170	          0.28302226	          0.31328434	          0.04828858	          0.05223961	          0.03948428	          0.10195104	          0.05121227	
          4.94000000	          3.97349515	         -1.80139058	         -0.48476614	         -0.02372676	          1.00616070	         -0.79409915	         11.20880341	        -20.80680223	         -1.60491260	         -1.13908301	          0.73107782	          3.20298715	         46.43707584	         20.25019045	          3.21360545	          2.13457832	         -2.07848000	        -19.36470357	        -10.28862371	        -26.50518065	         -7.65357125	         -3.61628568	          1.33478620	         -1.36639886	        -25.35255434	         18.12702649	         16.28759948	         -7.39254389	         43.00932007	         42.42483482	         39.13908880	         60.99563922	         68.79792189	          0.02220166	          0.03245328	          0.01014195	          0.01011028	          0.02331157	          0.08143925	          0.04458996	          0.19722254	          0.23175604	          0.11252639	          0.01108775	          0.01581872	          0.01429616	          0.01736161	          0.01283998	          0.01137893	          0.04620578	          0.01028470	          0.02144926	          0.22654484	          0.01119466	          0.12043971	          0.07197372	          0.07033447	          0.15446018	          0.07373885	          0.09829239	          0.15249487	          0.20664188	          0.12875779	          0.35473780	          0.01020853	          0.01051097	          0.01002177	          0.19479248	          0.36079773	          0.02295572	          0.01008561	          0.01002970	          0.01006091	          0.02712230	          0.04368442	          0.01870698	          0.15983034	          0.01986021	          0.01285571	          0.01213214	          0.01334456	          0.02041655	          0.01217929	          0.01221811	          0.02045995	          0.05916764	          0.18629702	          0.01002940	          0.01002642	          0.01004650	          0.99991651	          0.16799407	          0.01002359	          0.91772810	          0.13571654	          0.01005676	          0.01116843	          0.35973402	          0.10349585	          0.35030143	          0.01001298	          0.01009672	          0.01003045	          0.01020992	          0.36856373	          0.09769164	          0.22365686	          0.27803384	          0.03222205	          0.03485742	          0.03738978	          0.09665592	          0.04835077	
          4.96000000	          3.97806630	         -1.54946450	         -0.75683747	         -0.02329916	          1.00777143	         -0.78573810	         11.66909826	        -20.42091263	         -1.46582071	         -1.20506311	          0.93036265	          4.94801892	         44.53724901	         20.12131910	          4.51720547	          1.99619167	         -2.22837901	        -19.46507269	         -8.04829154	        -26.67929324	         -7.84929704	         -3.41161131	          1.70172337	         -1.55929790	        -25.06446688	         17.04540253	         16.34569256	         -8.00935311	         41.54109234	         42.71311161	         39.89334904	         61.69060025	         68.27537112	          0.01489041	          0.02167561	          0.01015351	          0.01012257	          0.01557845	          0.05434663	          0.02975765	          0.17829908	          0.21754111	          0.10728698	          0.01125928	          0.01072638	          0.01019547	          0.01160595	          0.02033068	          0.01147488	          0.03082290	          0.01058304	          0.07585822	          0.20770945	          0.01234541	          0.11187774	          0.07299348	          0.04701610	          0.12326939	          0.07153299	          0.09575967	          0.15355717	          0.14607819	          0.09294045	          0.31900625	          0.01020817	          0.01051627	          0.01002657	          0.19322141	          0.34023587	          0.01535110	          0.01010332	          0.01003546	          0.01007311	          0.01810533	          0.02913340	          0.01251485	          0.10657755	          0.01327516	          0.01008386	          0.01004469	          0.01335820	          0.05498316	          0.01187281	          0.01128440	          0.01380458	          0.04019797	          0.19283450	          0.01004583	          0.01003268	          0.01003341	          0.99985672	          0.11210429	          0.01005303	          0.61886704	          0.09236361	          0.01016888	          0.01010856	          0.27765009	          0.16886130	          0.41801552	          0.01002949	          0.01040730	          0.08321163	          0.01280080	          0.24571872	          0.06515331	          0.18423299	          0.28911564	          0.02151434	          0.02326418	          0.03281778	          0.07857715	          0.04148390	
          4.98000000	          3.95150901	         -1.29346414	         -1.04358509	         -0.02307100	          1.00871421	         -0.77783742	         12.12739616	        -20.03239405	         -1.75024831	         -1.27137056	          1.10042603	          6.65114315	         42.13959136	         19.94868059	          5.34273716	          2.14134005	         -2.29214992	        -19.61094873	         -6.30102019	        -26.45343971	         -8.00165388	         -3.22318772	          2.10805037	         -1.69351417	        -24.80234932	         16.22374743	         16.45539661	         -8.56387859	         40.30856060	         42.95178745	         40.72268293	         62.34394372	         67.79714970	          0.01038611	          0.01451286	          0.01016305	          0.01013553	          0.01047023	          0.03629009	          0.01987873	          0.14316018	          0.21097136	          0.10435067	          0.01132307	          0.01039053	          0.01020499	          0.01008765	          0.03993511	          0.01181172	          0.02057386	          0.01275565	          0.12668170	          0.22283837	          0.02190282	          0.12271743	          0.07564989	          0.03148638	          0.11708172	          0.07368420	          0.10065866	          0.13816817	          0.10937095	          0.06305988	          0.27402025	          0.01018963	          0.01048690	          0.01003063	          0.18046326	          0.32668682	          0.01037919	          0.01012805	          0.01004355	          0.01009023	          0.01211204	          0.01943585	          0.01016714	          0.07107830	          0.01013775	          0.01017189	          0.01012535	          0.01352158	          0.08197611	          0.01177099	          0.01107034	          0.01050130	          0.02763593	          0.22582911	          0.01012801	          0.01008818	          0.01007087	          0.95291359	          0.23250566	          0.01017004	          0.41304121	          0.15541829	          0.01097187	          0.01021616	          0.18517540	          0.29237575	          0.49240061	          0.01008327	          0.01049467	          0.16336373	          0.02810795	          0.16383788	          0.04346859	          0.18457563	          0.29477024	          0.01439467	          0.01554151	          0.02545639	          0.05487403	          0.03093441	
          5.00000000	          3.88793198	         -1.02571038	         -1.38633856	         -0.02319724	          1.00879240	         -0.77041634	         12.55872607	        -19.63070841	         -2.45265236	         -1.30621721	          1.26373569	          7.93046086	         39.34194687	         19.71770942	          5.70690910	          2.26441577	         -2.35835868	        -20.08858566	         -4.93173065	        -26.45593340	         -8.14681389	         -3.02885359	          2.56995503	         -1.82151896	        -24.53361918	         15.59434647	         16.65392901	         -9.05901266	         39.33049647	         43.17039867	         41.55451809	         62.95979401	         67.34822393	          0.01036155	          0.01021677	          0.01017622	          0.01014909	          0.01020019	          0.02426463	          0.01333606	          0.14909161	          0.20776966	          0.10177018	          0.01135960	          0.01044427	          0.01023568	          0.01013197	          0.05690424	          0.01734634	          0.01376117	          0.02725563	          0.12751286	          0.21934316	          0.02440492	          0.11458075	          0.07648789	          0.02119064	          0.08704535	          0.07540667	          0.10731458	          0.13260275	          0.08235762	          0.04222130	          0.25402149	          0.01031967	          0.01073616	          0.01003510	          0.16543259	          0.31651104	          0.01025046	          0.01013230	          0.01004447	          0.01009276	          0.01012804	          0.01298038	          0.01022674	          0.04741098	          0.01019139	          0.01020118	          0.01016098	          0.01363405	          0.11626180	          0.01124334	          0.01063874	          0.01032506	          0.01965501	          0.26492794	          0.01036601	          0.01021521	          0.01010548	          0.81646986	          0.36144552	          0.05026841	          0.28496534	          0.18417407	          0.08871567	          0.01025867	          0.12351366	          0.35217121	          0.54072052	          0.01027917	          0.01059772	          0.19277492	          0.04050254	          0.10923956	          0.02901396	          0.22771218	          0.31223070	          0.01012689	          0.01041290	          0.02171401	          0.04155835	          0.02528952	
          5.02000000	          3.79536000	         -0.74642523	         -1.79724212	         -0.02371216	          1.00820909	         -0.76352731	         12.90309419	        -19.17712318	         -3.48503850	         -1.29423486	          1.44710660	          8.43441897	         36.18284493	         19.41981819	          5.69761577	          2.04297409	         -2.44238912	        -21.11085432	         -3.85261112	        -27.15127053	         -8.30780196	         -2.81759594	          3.10117230	         -1.98323619	        -24.22444215	         15.10551349	         16.95589956	         -9.50692790	         38.61782465	         43.36813646	         42.30194539	         63.53789479	         66.91783960	          0.01033630	          0.01021895	          0.01017933	          0.01015419	          0.01021889	          0.01627408	          0.01034506	          0.17036638	          0.20587768	          0.09914776	          0.01137731	          0.01046489	          0.01030177	          0.01016764	          0.06685609	          0.03004374	          0.01015438	          0.05539407	          0.14970495	          0.23501784	          0.03127986	          0.12185392	          0.08398601	          0.01447493	          0.08013687	          0.07859747	          0.11074667	          0.12923943	          0.06795116	          0.02846911	          0.26301762	          0.01053350	          0.01099190	          0.01003992	          0.17070787	          0.31018627	          0.01027450	          0.01013272	          0.01004391	          0.01009232	          0.01015473	          0.01006811	          0.01024002	          0.03163205	          0.01019572	          0.01021578	          0.01022150	          0.01370933	          0.12253306	          0.01083693	          0.01047268	          0.01024982	          0.03833473	          0.28472374	          0.02452519	          0.01184337	          0.01015644	          0.73432510	          0.38299300	          0.17065627	          0.26214568	          0.17241893	          0.16769914	          0.01028851	          0.08239731	          0.37308091	          0.53925802	          0.04645984	          0.01052211	          0.19106810	          0.04134686	          0.07284285	          0.01937958	          0.26949537	          0.35519880	          0.01010038	          0.01009496	          0.02016550	          0.03587911	          0.02296805	
          5.04000000	          3.68730840	         -0.47356647	         -2.23333085	         -0.02455065	          1.00747529	         -0.75720637	         13.12256300	        -18.64264535	         -4.65283630	         -1.24340901	          1.66667577	          8.11585120	         32.70459795	         19.05631754	          5.44275572	          1.40445967	         -2.42938128	        -22.61792105	         -3.00105168	        -28.45735192	         -8.48995162	         -2.59189309	          3.67860571	         -2.19361481	        -23.87238548	         14.70989412	         17.34024396	         -9.91884681	         38.13670761	         43.53896145	         42.93959171	         64.08584449	         66.49173589	          0.01028402	          0.01018025	          0.01015832	          0.01013709	          0.01018968	          0.01105076	          0.01027694	          0.15906199	          0.20383181	          0.09687791	          0.01139779	          0.01048663	          0.01037504	          0.01021018	          0.07579145	          0.02406293	          0.01016559	          0.07769035	          0.18174581	          0.27590506	          0.03646164	          0.14189612	          0.10396500	          0.01101537	          0.08566294	          0.07988828	          0.10689158	          0.14203635	          0.06767236	          0.02386949	          0.27990997	          0.01025825	          0.01063839	          0.01004340	          0.18611618	          0.30807910	          0.01028318	          0.01013324	          0.01004381	          0.01009239	          0.01021736	          0.01017081	          0.01016012	          0.02111164	          0.01019682	          0.01032651	          0.01005613	          0.01367324	          0.10398217	          0.01060221	          0.01036912	          0.01020095	          0.07017946	          0.26230854	          0.07532923	          0.01033373	          0.01006289	          0.68556465	          0.51833436	          0.11387471	          0.20114653	          0.32883826	          0.11387317	          0.01040338	          0.05497691	          0.29988632	          0.43669563	          0.06264908	          0.01508101	          0.15201156	          0.07950034	          0.04857622	          0.01295870	          0.27528647	          0.35574363	          0.01007400	          0.01008435	          0.02076032	          0.03856479	          0.02384361	
          5.06000000	          3.56490488	         -0.23479785	         -2.59753473	         -0.02558739	          1.00705451	         -0.75153007	         13.25569930	        -18.03635812	         -5.68659214	         -1.17899802	          1.90869286	          7.35490382	         29.02020197	         18.64365063	          5.08071516	          0.66501639	         -2.08696388	        -24.18183876	         -2.33237238	        -29.61742335	         -8.67305419	         -2.34712070	          4.21560773	         -2.45699243	        -23.51083693	         14.36978411	         17.74324769	        -10.30688026	         37.78676935	         43.69165954	         43.54648205	         64.61347697	         66.05833119	          0.01026350	          0.01016577	          0.01015174	          0.01013229	          0.01018109	          0.01042511	          0.01022863	          0.14796850	          0.20261731	          0.09523367	          0.01150326	          0.01052867	          0.01040300	          0.01022383	          0.06548788	          0.01758994	          0.01015339	          0.07691939	          0.18566759	          0.28549330	          0.03570059	          0.14552270	          0.11788263	          0.01079808	          0.08173818	          0.07426034	          0.09662930	          0.14779910	          0.06681915	          0.05141666	          0.27839736	          0.01018820	          0.01048887	          0.01004607	          0.19391741	          0.31085880	          0.01031292	          0.01014269	          0.01004633	          0.01009837	          0.01003607	          0.01002111	          0.01012068	          0.01411235	          0.01007650	          0.01013342	          0.02341930	          0.01367072	          0.06979821	          0.01128611	          0.01096873	          0.01051802	          0.07084933	          0.22063984	          0.05070526	          0.05073122	          0.02258565	          0.83361725	          0.36964470	          0.07593990	          0.13424271	          0.22807982	          0.07598304	          0.01027615	          0.03667536	          0.20013710	          0.32570760	          0.04179130	          0.01019771	          0.10134932	          0.05324040	          0.04633460	          0.01038395	          0.25011666	          0.29177169	          0.01015503	          0.01019958	          0.02057964	          0.03693160	          0.02353652	
          5.08000000	          3.41874382	         -0.05056222	         -2.78884186	         -0.02665997	          1.00698310	         -0.74660865	         13.39530594	        -17.38197801	         -6.34272528	         -1.13619787	          2.11562859	          6.74261103	         25.30375048	         18.20832587	          4.72402152	          0.32171393	         -1.20145171	        -25.13788545	         -1.81243192	        -29.84199432	         -8.81968355	         -2.06586964	          4.59236148	         -2.77956183	        -23.18125507	         14.07087369	         18.06491720	        -10.70477495	         37.43846115	         43.86107942	         44.29535559	         65.12910807	         65.61561964	          0.01026064	          0.01016721	          0.01014512	          0.01012581	          0.01017636	          0.01045960	          0.01018808	          0.15056788	          0.20388794	          0.09526677	          0.01163706	          0.01057212	          0.01044959	          0.01024064	          0.04459525	          0.01263325	          0.01013768	          0.07427322	          0.18426003	          0.28394290	          0.03681267	          0.15089224	          0.13265438	          0.01075512	          0.10811959	          0.06801400	          0.08300395	          0.15527067	          0.08533118	          0.11392150	          0.29151492	          0.01014549	          0.01041254	          0.01004672	          0.19105768	          0.31743687	          0.01035243	          0.01014397	          0.01004654	          0.01009936	          0.01023552	          0.01012746	          0.01034255	          0.01301019	          0.01024869	          0.01018067	          0.01562816	          0.01353850	          0.04744971	          0.01164693	          0.01129863	          0.01063640	          0.05451690	          0.17158106	          0.03380813	          0.03382419	          0.01506720	          0.99943782	          0.24643750	          0.05062994	          0.42747825	          0.15208061	          0.05066480	          0.01021131	          0.17263647	          0.13992726	          0.21793392	          0.02786375	          0.01039964	          0.06757266	          0.03558445	          0.34484247	          0.01211124	          0.21828416	          0.24899193	          0.01019369	          0.01023102	          0.02404060	          0.04962238	          0.02865242	
          5.10000000	          3.24508969	          0.08518036	         -2.75660328	         -0.02757371	          1.00685170	         -0.74254727	         13.63129792	        -16.69429964	         -6.47848613	         -1.14277421	          2.20616360	          6.72075387	         21.73579799	         17.78655059	          4.44363758	          0.71682870	          0.25775167	        -24.98886421	         -1.41279662	        -28.99227484	         -8.88822408	         -1.73231033	          4.72264371	         -3.16750624	        -22.90180582	         13.81753163	         18.19618326	        -11.16714280	         36.98660781	         44.08188476	         45.37139641	         65.63527755	         65.17716975	          0.01030021	          0.01019690	          0.01015910	          0.01013675	          0.01019801	          0.01052434	          0.01017841	          0.12606776	          0.20949892	          0.09649171	          0.01177497	          0.01060846	          0.01031676	          0.01017258	          0.03038528	          0.01100193	          0.01014247	          0.05605094	          0.14513783	          0.23232052	          0.03291358	          0.12951818	          0.12755434	          0.01081602	          0.11677858	          0.05866540	          0.06892603	          0.15406689	          0.10216792	          0.13018811	          0.25942654	          0.01012790	          0.01038732	          0.01004563	          0.17767115	          0.32607123	          0.01038992	          0.01017069	          0.01005472	          0.01011759	          0.01011260	          0.01005439	          0.01018732	          0.17627925	          0.01012333	          0.01008524	          0.01044117	          0.01344311	          0.03220434	          0.01267644	          0.01273873	          0.01219780	          0.04914316	          0.13252871	          0.02254285	          0.02255244	          0.01006177	          0.99993198	          0.16429847	          0.03375598	          0.83789084	          0.10141041	          0.03378449	          0.01010658	          0.49629985	          0.09358587	          0.15283844	          0.01857896	          0.01017433	          0.04505355	          0.02381064	          0.44119881	          0.03395271	          0.19411342	          0.24515485	          0.01058370	          0.01090871	          0.02846125	          0.06654891	          0.03525597	
          5.12000000	          3.05165300	          0.19663721	         -2.52396712	         -0.02818561	          1.00615855	         -0.73934980	         14.01073457	        -15.97255097	         -6.09352327	         -1.19886429	          2.12890976	          7.38448163	         18.47529929	         17.40629766	          4.26677888	          1.86799852	          2.09654456	        -23.70053850	         -1.10985849	        -27.49514347	         -8.85240693	         -1.35004128	          4.60172379	         -3.61522567	        -22.65411649	         13.62380334	         18.06008546	        -11.73771620	         36.38521668	         44.35048611	         46.85221035	         66.11917032	         64.77903767	          0.01037265	          0.01024915	          0.01018671	          0.01015968	          0.01023762	          0.01065212	          0.01018571	          0.10091685	          0.21855945	          0.09981205	          0.01178890	          0.01059070	          0.01021983	          0.01012400	          0.02096594	          0.01082423	          0.01015798	          0.05032535	          0.12015511	          0.19036920	          0.03214700	          0.11081025	          0.11781125	          0.01096144	          0.11308267	          0.05221429	          0.05756139	          0.15452821	          0.09947541	          0.12595232	          0.21539360	          0.01012920	          0.01040699	          0.01004208	          0.15922775	          0.33566700	          0.01038565	          0.01021518	          0.01006917	          0.01014868	          0.01012995	          0.01005614	          0.01017956	          0.19848956	          0.01011630	          0.01007262	          0.01004506	          0.01337746	          0.02286315	          0.01289058	          0.01282252	          0.01220456	          0.03419272	          0.11318419	          0.01503346	          0.01503837	          0.01002263	          0.99992555	          0.10953762	          0.02250644	          0.94882702	          0.06762499	          0.02253017	          0.01008745	          0.71820032	          0.07982733	          0.14543233	          0.01239013	          0.01016092	          0.03004059	          0.01599151	          0.41297609	          0.02337087	          0.17933865	          0.24494425	          0.01083311	          0.01106826	          0.03254745	          0.07967021	          0.04122212	
          5.14000000	          2.84860265	          0.30076239	         -2.18909241	         -0.02853768	          1.00460624	         -0.73680986	         14.52607075	        -15.22342171	         -5.31983419	         -1.27931076	          1.92297026	          8.48169997	         15.65203490	         17.05953908	          4.17287458	          3.50707793	          3.99219126	        -21.77298314	         -0.88423840	        -25.86496072	         -8.72441619	         -0.94344284	          4.30975489	         -4.09772591	        -22.39440654	         13.49586351	         17.64988326	        -12.41376270	         35.67648944	         44.62295264	         48.63499260	         66.55825208	         64.46916112	          0.01043936	          0.01029820	          0.01021508	          0.01018373	          0.01027715	          0.01076705	          0.01020086	          0.08492291	          0.22723585	          0.10316831	          0.01170288	          0.01054530	          0.01017889	          0.01010303	          0.01509771	          0.01079892	          0.01017524	          0.05547736	          0.11156030	          0.17276868	          0.03380483	          0.10153906	          0.11402628	          0.01109803	          0.10656870	          0.04777060	          0.05002909	          0.15815467	          0.09155310	          0.12614751	          0.18647672	          0.01013850	          0.01044492	          0.01003848	          0.14608332	          0.34284373	          0.01035549	          0.01025969	          0.01008363	          0.01018014	          0.01010069	          0.01005868	          0.01018069	          0.13256819	          0.01012709	          0.01008379	          0.01005260	          0.01333856	          0.02603016	          0.01200684	          0.01135409	          0.01062493	          0.02381679	          0.09524991	          0.01003629	          0.01003345	          0.01002531	          0.99989186	          0.07302947	          0.01500683	          0.85600809	          0.04509787	          0.01502742	          0.01009803	          0.83689576	          0.10166852	          0.13653964	          0.01001454	          0.01020350	          0.02003184	          0.01105842	          0.33594922	          0.01571828	          0.18377692	          0.26052650	          0.01022822	          0.01026539	          0.03667000	          0.09418058	          0.04727683	
          5.16000000	          2.63895140	          0.40196887	         -1.88978412	         -0.02883525	          1.00214495	         -0.73456669	         15.14043335	        -14.49022064	         -4.36202039	         -1.35805680	          1.72340635	          9.55411980	         13.35104282	         16.71838628	          4.10170289	          5.29094250	          5.65163815	        -20.03336466	         -0.71830561	        -24.37167511	         -8.54825042	         -0.54319358	          3.97306415	         -4.58212011	        -22.08320022	         13.41435359	         17.02470462	        -13.14427281	         34.97468993	         44.85016026	         50.51074320	         66.93939730	         64.28249447	          0.01052778	          0.01037312	          0.01023638	          0.01019876	          0.01031542	          0.01094042	          0.01019192	          0.06728815	          0.23309568	          0.10532252	          0.01160190	          0.01050918	          0.01015962	          0.01009368	          0.01229448	          0.01063381	          0.01018157	          0.04960679	          0.08824150	          0.13417281	          0.03341496	          0.08732248	          0.10053715	          0.01120882	          0.11048491	          0.04423784	          0.04559837	          0.16883090	          0.09783495	          0.15617969	          0.15961972	          0.01012856	          0.01042800	          0.01003692	          0.15623414	          0.34706749	          0.01032575	          0.01032471	          0.01010550	          0.01022499	          0.01812681	          0.01009141	          0.01005288	          0.43584909	          0.01004999	          0.01002186	          0.01000695	          0.01331279	          0.01773668	          0.01671700	          0.02647021	          0.03814341	          0.04796167	          0.06405986	          0.01000343	          0.01000239	          0.01000385	          0.99999260	          0.04868984	          0.01000738	          0.99998025	          0.03007670	          0.01002599	          0.01002158	          0.99998998	          0.06787693	          0.09106717	          0.01000252	          0.01012492	          0.01335896	          0.01013501	          0.26275115	          0.01057814	          0.18685596	          0.27393741	          0.02388391	          0.04571219	          0.04019254	          0.10512617	          0.05231251	
          5.18000000	          2.41962928	          0.49243218	         -1.74702752	         -0.02927027	          0.99897445	         -0.73225688	         15.81902161	        -13.82437877	         -3.45076753	         -1.42044084	          1.65387869	         10.27361413	         11.60382329	         16.35912769	          3.98173874	          6.97691455	          6.93761415	        -19.10900293	         -0.59540773	        -23.02837736	         -8.36662392	         -0.17743841	          3.70018610	         -5.04266740	        -21.70991335	         13.34494664	         16.26056653	        -13.86136662	         34.39641393	         45.01499203	         52.30059313	         67.26972941	         64.22583262	          0.01045656	          0.01033138	          0.01019558	          0.01016176	          0.01026556	          0.01081441	          0.01014951	          0.07318430	          0.23496041	          0.10677644	          0.01147508	          0.01047426	          0.01016522	          0.01009817	          0.01177195	          0.01045101	          0.01014681	          0.05146492	          0.09303686	          0.14275996	          0.03779494	          0.10039363	          0.11823591	          0.01098194	          0.15205090	          0.04445456	          0.04958932	          0.22389296	          0.13677532	          0.22588038	          0.18927559	          0.01009762	          0.01032555	          0.01003609	          0.20119600	          0.34779092	          0.01029662	          0.01029919	          0.01009876	          0.01020924	          0.01213838	          0.01006455	          0.01013148	          0.29058651	          0.01010723	          0.01006393	          0.01003067	          0.01329100	          0.01677735	          0.01340653	          0.01826902	          0.02565121	          0.03278355	          0.06834769	          0.01001315	          0.01000931	          0.01001415	          0.99982183	          0.03248302	          0.01001356	          0.99949966	          0.02009865	          0.01004169	          0.01006767	          0.66678143	          0.05413602	          0.09365650	          0.01001184	          0.01021904	          0.01004245	          0.01050606	          0.17998710	          0.01061032	          0.17861693	          0.35088427	          0.01612971	          0.03055743	          0.04496041	          0.12144018	          0.05933095	
          5.20000000	          2.19021995	          0.55798649	         -1.80681312	         -0.02985507	          0.99562152	         -0.72971206	         16.54135262	        -13.26447889	         -2.78119792	         -1.46027368	          1.71684969	         10.80420481	         10.38975069	         15.97055562	          3.76683964	          8.43303250	          7.84564443	        -19.00914157	         -0.50211316	        -21.73834071	         -8.19578777	          0.13561384	          3.54715650	         -5.46489682	        -21.29480624	         13.24895618	         15.42538793	        -14.50026489	         34.01101789	         45.12783976	         53.89680012	         67.56798471	         64.28009286	          0.01031860	          0.01023210	          0.01014106	          0.01011547	          0.01019172	          0.01057137	          0.01010151	          0.05296483	          0.23276296	          0.10610805	          0.01137894	          0.01045218	          0.01017056	          0.01010299	          0.01156806	          0.01033167	          0.01010735	          0.04919088	          0.12758362	          0.20863989	          0.04309897	          0.13580472	          0.16738396	          0.01062095	          0.22015069	          0.04759275	          0.05771213	          0.28858763	          0.20032810	          0.32660366	          0.25629211	          0.01006379	          0.01021514	          0.01003649	          0.24864010	          0.34379350	          0.01027651	          0.01028176	          0.01009445	          0.01019856	          0.01005327	          0.01003190	          0.01010813	          0.19374385	          0.01007858	          0.01007277	          0.01007906	          0.01327007	          0.01481905	          0.01310711	          0.01386559	          0.01759765	          0.02295056	          0.04915550	          0.01005886	          0.01004065	          0.01003632	          0.99993641	          0.53188958	          0.01009190	          0.69510230	          0.22282480	          0.01033558	          0.01009305	          0.44455970	          0.05615039	          0.17253817	          0.01004735	          0.01015246	          0.01016418	          0.01282607	          0.16184913	          0.01048932	          0.16480171	          0.39151070	          0.01136160	          0.02050889	          0.04778070	          0.12918041	          0.06331564	
          5.22000000	          1.95799613	          0.59913369	         -2.02814640	         -0.03040754	          0.99279495	         -0.72704909	         17.29402870	        -12.83028141	         -2.46813761	         -1.48283099	          1.83971773	         11.40081020	          9.65271410	         15.56106934	          3.45978103	          9.58173743	          8.42071345	        -19.36892308	         -0.42961872	        -20.42737403	         -8.02424786	          0.39138259	          3.52762856	         -5.84372178	        -20.87235391	         13.10124299	         14.58935598	        -15.00460257	         33.82955117	         45.19504237	         55.23197450	         67.84813804	         64.41161829	          0.01025496	          0.01019005	          0.01011240	          0.01009120	          0.01015458	          0.01047116	          0.01007081	          0.03612527	          0.22768212	          0.10315802	          0.01133677	          0.01044784	          0.01014640	          0.01008968	          0.01114689	          0.01025377	          0.01008591	          0.03371456	          0.14278434	          0.23313228	          0.04896710	          0.15782240	          0.18949871	          0.01042532	          0.27346566	          0.04806236	          0.06217340	          0.33302500	          0.25497163	          0.39748907	          0.27697748	          0.01004274	          0.01014816	          0.01003868	          0.27780891	          0.33645941	          0.01026832	          0.01075712	          0.01024074	          0.01052198	          0.01005592	          0.01002908	          0.01009998	          0.12918448	          0.01007216	          0.01006752	          0.01008294	          0.01325157	          0.02429221	          0.01290561	          0.01239276	          0.01256476	          0.01661387	          0.04611553	          0.01008656	          0.01005809	          0.01003911	          0.99992022	          0.70611157	          0.01021141	          0.76380351	          0.30248009	          0.01115830	          0.01008756	          0.29643326	          0.10939064	          0.19377111	          0.01005333	          0.01013645	          0.01014251	          0.01342042	          0.25129891	          0.01048930	          0.14512568	          0.41570874	          0.01061190	          0.01384593	          0.05198240	          0.14385243	          0.06959248	
          5.24000000	          1.73546755	          0.63204272	         -2.33751045	         -0.03068550	          0.99100179	         -0.72451206	         18.06189901	        -12.50793455	         -2.53939505	         -1.50235528	          1.95563076	         12.01459237	          9.30951655	         15.15002317	          3.10540437	         10.38043093	          8.73088551	        -19.85979213	         -0.37314788	        -19.10857547	         -7.82901388	          0.59369413	          3.62478384	         -6.17580947	        -20.47075583	         12.89841607	         13.82151978	        -15.33539848	         33.81851196	         45.20966341	         56.25905888	         68.11236729	         64.58517097	          0.01023295	          0.01017442	          0.01009994	          0.01008034	          0.01013892	          0.01044552	          0.01006244	          0.02483664	          0.22150328	          0.09957356	          0.01133960	          0.01045881	          0.01014401	          0.01008905	          0.01082155	          0.01020828	          0.01007688	          0.02284496	          0.12545807	          0.23416121	          0.03550108	          0.16134734	          0.19921145	          0.01036323	          0.31902605	          0.04730226	          0.06218112	          0.35818248	          0.31104359	          0.41166604	          0.30958621	          0.01003719	          0.01012701	          0.01004080	          0.29106132	          0.32888644	          0.01027064	          0.01680435	          0.02038351	          0.01705646	          0.01004766	          0.01002484	          0.01008695	          0.08614829	          0.01006248	          0.01005759	          0.01006867	          0.01324184	          0.02395212	          0.01271316	          0.01217420	          0.01137994	          0.01348227	          0.04013987	          0.01006148	          0.01004142	          0.01003175	          0.99994476	          0.68952240	          0.01012645	          0.89512847	          0.29240425	          0.01050002	          0.01007395	          0.19777552	          0.10090243	          0.20860435	          0.01004032	          0.01011665	          0.01010102	          0.01295569	          0.36455010	          0.01049299	          0.13069750	          0.41994638	          0.01048437	          0.01051369	          0.05285412	          0.14434443	          0.07085301	
          5.26000000	          1.53391198	          0.67262281	         -2.67155835	         -0.03051130	          0.99032239	         -0.72230042	         18.83036205	        -12.25776095	         -2.94252104	         -1.53109202	          2.02023027	         12.53388778	          9.25500837	         14.75853900	          2.75894008	         10.82870253	          8.86655022	        -20.28801959	         -0.33027451	        -17.87709045	         -7.58968488	          0.74987156	          3.80337198	         -6.45754613	        -20.10132215	         12.64120287	         13.17349353	        -15.47956758	         33.92951279	         45.15991611	         56.96219654	         68.36019697	         64.77689845	          0.01021378	          0.01015732	          0.01009216	          0.01007339	          0.01012884	          0.01043268	          0.01006029	          0.01777914	          0.21510113	          0.09666842	          0.01135499	          0.01047048	          0.01015124	          0.01009339	          0.01067993	          0.01019265	          0.01007246	          0.01552247	          0.10564403	          0.23127782	          0.02490454	          0.15878961	          0.20350655	          0.01033552	          0.34645938	          0.04565070	          0.05987266	          0.36197180	          0.35336988	          0.40933839	          0.34029143	          0.01003555	          0.01012007	          0.01004181	          0.29103236	          0.32264546	          0.01027507	          0.01934981	          0.03189484	          0.02176264	          0.01004119	          0.01002089	          0.01007373	          0.05746293	          0.01005289	          0.01004745	          0.01005133	          0.01325627	          0.02763382	          0.01259757	          0.01207827	          0.01130911	          0.01328288	          0.04378775	          0.01003937	          0.01002662	          0.01002388	          0.99995719	          0.64661320	          0.01006748	          0.99887258	          0.25357887	          0.01023305	          0.01005998	          0.13221783	          0.12310564	          0.21875700	          0.01002828	          0.01009767	          0.01006853	          0.01202802	          0.39704235	          0.01049332	          0.12749890	          0.39571885	          0.01041919	          0.01050652	          0.04957171	          0.13313262	          0.06613119	
          5.28000000	          1.35930680	          0.73546207	         -2.98633466	         -0.02980140	          0.99050042	         -0.72054627	         19.59112368	        -12.03437626	         -3.56794046	         -1.57119734	          2.01685463	         12.92309269	          9.38219706	         14.40990074	          2.45518451	         10.94212900	          8.93140019	        -20.64164781	         -0.29888400	        -16.86609274	         -7.29128242	          0.86791150	          4.02833567	         -6.69123522	        -19.75938614	         12.31774842	         12.67275663	        -15.45398191	         34.11931536	         45.03435794	         57.37714789	         68.60452458	         64.98532860	          0.01021191	          0.01015465	          0.01009190	          0.01007309	          0.01012887	          0.01043799	          0.01006168	          0.01404266	          0.20877215	          0.09424417	          0.01139120	          0.01048589	          0.01015408	          0.01009458	          0.01060714	          0.01018331	          0.01007225	          0.01111750	          0.09149199	          0.21438838	          0.01807545	          0.14902381	          0.19404083	          0.01033047	          0.34042846	          0.04352357	          0.05521021	          0.34219144	          0.35265846	          0.39113619	          0.34076292	          0.01003641	          0.01012165	          0.01004242	          0.27838519	          0.31742375	          0.01028377	          0.02081454	          0.03712260	          0.02396922	          0.01003153	          0.01001552	          0.01007374	          0.03834776	          0.01004512	          0.01003842	          0.01009092	          0.01328329	          0.02893311	          0.01245753	          0.01196614	          0.01119300	          0.01373032	          0.05646146	          0.01004073	          0.01002966	          0.01002507	          0.99996311	          0.53729629	          0.01006583	          0.99953943	          0.21728752	          0.01018929	          0.01004989	          0.08827338	          0.12630056	          0.22184767	          0.01002574	          0.01006349	          0.01002669	          0.01058655	          0.33581624	          0.02466838	          0.14048547	          0.37737903	          0.01036302	          0.01046117	          0.04444831	          0.11593935	          0.05865830	
          5.30000000	          1.21149997	          0.83069411	         -3.25653946	         -0.02857213	          0.99120392	         -0.71932154	         20.33817203	        -11.80058781	         -4.27199118	         -1.61483378	          1.95291282	         13.25065350	          9.59913959	         14.12114878	          2.19805032	         10.73070466	          9.02491364	        -21.03648471	         -0.27640045	        -16.18664788	         -6.93079908	          0.95492949	          4.26835812	         -6.88490888	        -19.43332825	         11.90528088	         12.32409310	        -15.29924756	         34.36049822	         44.82720439	         57.58444818	         68.87550745	         65.23055397	          0.01022218	          0.01016005	          0.01010042	          0.01008060	          0.01013948	          0.01045566	          0.01006931	          0.01360338	          0.20291031	          0.09220703	          0.01144340	          0.01050444	          0.01015635	          0.01009530	          0.01065625	          0.01019790	          0.01007874	          0.01121560	          0.08487390	          0.18696525	          0.01663594	          0.13364240	          0.17301823	          0.01035091	          0.30191535	          0.04061093	          0.04975905	          0.30991847	          0.30641261	          0.35483263	          0.30560146	          0.01004127	          0.01013588	          0.01004289	          0.25606932	          0.31232043	          0.01029603	          0.02068033	          0.03649656	          0.02374743	          0.01003987	          0.01002013	          0.01007499	          0.02559828	          0.01005238	          0.01004720	          0.01005649	          0.01330936	          0.02386055	          0.01241304	          0.01206875	          0.01135122	          0.02085164	          0.07176051	          0.01004256	          0.01002855	          0.01002503	          0.99995671	          0.35825211	          0.01007657	          0.81734083	          0.15085498	          0.01026218	          0.01006056	          0.13608336	          0.11350848	          0.22735249	          0.01003241	          0.01009548	          0.01014071	          0.01193247	          0.22388735	          0.01651860	          0.15127702	          0.33750443	          0.01036926	          0.01052857	          0.03913465	          0.09931585	          0.05100814	
          5.32000000	          1.08289171	          0.95298739	         -3.47977301	         -0.02698341	          0.99219091	         -0.71861514	         21.05635704	        -11.53968513	         -4.89813056	         -1.65082452	          1.85973292	         13.62627774	          9.82856078	         13.88588354	          1.96978453	         10.22612295	          9.21250481	        -21.64502078	         -0.26030182	        -15.84046927	         -6.53259688	          1.02204322	          4.49119577	         -7.04402169	        -19.11772525	         11.39644328	         12.11638978	        -15.05939835	         34.64517454	         44.54746741	         57.67030008	         69.20319014	         65.53413501	          0.01023848	          0.01016831	          0.01011751	          0.01009597	          0.01015916	          0.01048617	          0.01008429	          0.01366736	          0.19790241	          0.09016116	          0.01150037	          0.01052369	          0.01015838	          0.01009593	          0.01088189	          0.01024694	          0.01009317	          0.01202550	          0.09348094	          0.17689253	          0.02193689	          0.12115118	          0.15530719	          0.01039459	          0.24244912	          0.03823778	          0.04490307	          0.28047158	          0.23826808	          0.30979339	          0.25979818	          0.01005065	          0.01016357	          0.01004352	          0.23028026	          0.30648397	          0.01030961	          0.01934411	          0.03180407	          0.02173343	          0.01012556	          0.01006737	          0.01015965	          0.01710628	          0.01013665	          0.01013292	          0.01008007	          0.01337586	          0.02012836	          0.01229325	          0.01195154	          0.01124411	          0.02654954	          0.08842819	          0.01007774	          0.01004846	          0.01004779	          0.93860129	          0.23885896	          0.01014299	          0.54501182	          0.10078288	          0.01057294	          0.01016198	          0.30315753	          0.12594106	          0.23060867	          0.01007969	          0.01037276	          0.20200585	          0.03837226	          0.14926624	          0.01110038	          0.14977768	          0.31025282	          0.01032208	          0.01047591	          0.03215010	          0.07549416	          0.04067731	
          5.34000000	          0.95573907	          1.08012330	         -3.67834315	         -0.02532272	          0.99328090	         -0.71834224	         21.72275869	        -11.26778508	         -5.31714107	         -1.66450312	          1.77861357	         14.11265394	         10.00924419	         13.68107914	          1.75553522	          9.56136675	          9.50367693	        -22.56018240	         -0.24875188	        -15.65231708	         -6.14396420	          1.09002375	          4.67201812	         -7.16238464	        -18.82165901	         10.82519321	         12.02270751	        -14.76679092	         34.97973790	         44.22510476	         57.69190821	         69.58540057	         65.88886704	          0.01025801	          0.01017776	          0.01013952	          0.01011663	          0.01018252	          0.01052272	          0.01010464	          0.01380763	          0.19488775	          0.08805642	          0.01156347	          0.01054885	          0.01016203	          0.01009765	          0.01132462	          0.01033472	          0.01011291	          0.01948443	          0.09255326	          0.16082178	          0.02312828	          0.10391386	          0.13323917	          0.01045044	          0.18295809	          0.03554828	          0.04042035	          0.26793708	          0.17624788	          0.27367517	          0.21112289	          0.01006355	          0.01019933	          0.01004474	          0.21140963	          0.30151158	          0.01032678	          0.01775645	          0.02638330	          0.01937409	          0.01029204	          0.01016251	          0.01017301	          0.01146222	          0.01020126	          0.01023877	          0.01006497	          0.01341139	          0.01560112	          0.01225132	          0.01182949	          0.01105866	          0.02250389	          0.08566023	          0.01009530	          0.01005419	          0.01005307	          0.80937996	          0.15925790	          0.01021248	          0.36372408	          0.06731268	          0.01684522	          0.01026490	          0.38731211	          0.12584487	          0.22339056	          0.01011995	          0.12395959	          0.17103333	          0.08953480	          0.09951805	          0.01014661	          0.12123835	          0.24608300	          0.01032913	          0.01041254	          0.02866859	          0.06147208	          0.03532935	
          5.36000000	          0.80326579	          1.18340041	         -3.88220714	         -0.02387483	          0.99424022	         -0.71839573	         22.32437231	        -11.02025690	         -5.47297682	         -1.63525819	          1.73154605	         14.72679746	         10.11737645	         13.49292079	          1.57152509	          8.98822745	          9.87274744	        -23.64606557	         -0.24052848	        -15.35132474	         -5.80459965	          1.18374996	          4.80369398	         -7.22607122	        -18.56186409	         10.25883519	         11.99842053	        -14.44742595	         35.37101635	         43.89222195	         57.67426783	         69.97989430	         66.25396486	          0.01025550	          0.01017270	          0.01014533	          0.01012276	          0.01018686	          0.01052269	          0.01011223	          0.01379116	          0.19502586	          0.08708769	          0.01159953	          0.01056178	          0.01016243	          0.01009750	          0.01161476	          0.01039612	          0.01012006	          0.01742151	          0.09309710	          0.16498588	          0.02062348	          0.09870406	          0.13172995	          0.01045926	          0.17112119	          0.03383514	          0.03749092	          0.27344589	          0.16673596	          0.26243409	          0.20555535	          0.01006830	          0.01021182	          0.01004515	          0.20460335	          0.30054748	          0.01033597	          0.01772522	          0.02622883	          0.01928455	          0.01028233	          0.01140075	          0.01011376	          0.01007233	          0.01017120	          0.01044093	          0.01004457	          0.01333180	          0.01076360	          0.01051423	          0.01223243	          0.01352871	          0.05167674	          0.07661650	          0.01023282	          0.01008535	          0.01005350	          0.77518838	          0.10618426	          0.01497797	          0.38046205	          0.04492747	          0.01547994	          0.01048417	          0.54342880	          0.10384583	          0.18897416	          0.01494928	          0.10772186	          0.11403896	          0.06055505	          0.06635492	          0.01007927	          0.08196249	          0.16740970	          0.01009893	          0.01065020	          0.03674191	          0.09444119	          0.04732473	
          5.38000000	          0.60058821	          1.24486086	         -4.11311794	         -0.02276723	          0.99474641	         -0.71869875	         22.87060481	        -10.82671205	         -5.39563035	         -1.54358594	          1.71652389	         15.45644999	         10.17423716	         13.33151529	          1.46959544	          8.76200208	         10.28809617	        -24.67489100	         -0.23517242	        -14.73904774	         -5.52032254	          1.32049461	          4.88646634	         -7.23002950	        -18.34778003	          9.74465684	         11.99268400	        -14.12934438	         35.82022073	         43.55147743	         57.62308797	         70.34499674	         66.59357180	          0.01024138	          0.01016341	          0.01013956	          0.01011743	          0.01017939	          0.01051137	          0.01010960	          0.01375070	          0.19885946	          0.08747742	          0.01160233	          0.01055861	          0.01015883	          0.01009499	          0.01161292	          0.01038401	          0.01011701	          0.01310824	          0.08457993	          0.16766782	          0.01633032	          0.09589129	          0.13351116	          0.01043729	          0.17964339	          0.03248981	          0.03493087	          0.28774887	          0.18156837	          0.26205584	          0.21900560	          0.01006609	          0.01020513	          0.01004409	          0.20285808	          0.30532633	          0.01033539	          0.01826317	          0.02818243	          0.02009934	          0.04996548	          0.01054913	          0.01026826	          0.01102463	          0.01034712	          0.01021830	          0.01005563	          0.01328860	          0.02508204	          0.01297474	          0.01203174	          0.01110435	          0.03448131	          0.05109204	          0.01002759	          0.01001860	          0.01003092	          0.83717358	          0.07079648	          0.01004261	          0.35612649	          0.02997196	          0.01037240	          0.01018123	          0.69730931	          0.08567526	          0.13446469	          0.01002935	          0.07187251	          0.07602990	          0.04046091	          0.15639988	          0.01027694	          0.05464767	          0.11162471	          0.01051945	          0.01049581	          0.04443430	          0.11660656	          0.05843748	
          5.40000000	          0.33965461	          1.26572086	         -4.37531387	         -0.02191601	          0.99448300	         -0.71921755	         23.37554112	        -10.69651892	         -5.17531825	         -1.38295065	          1.72214477	         16.28307252	         10.22721801	         13.22945009	          1.50619627	          9.02551151	         10.71149473	        -25.49958226	         -0.23248007	        -13.79136273	         -5.26703509	          1.50012531	          4.91112732	         -7.19085278	        -18.17865014	          9.27880139	         11.96246485	        -13.83996315	         36.32898088	         43.17980099	         57.54273647	         70.67886155	         66.91036061	          0.01024809	          0.01016950	          0.01013729	          0.01011480	          0.01017904	          0.01054028	          0.01010748	          0.01368281	          0.20655452	          0.08981786	          0.01157320	          0.01053976	          0.01015149	          0.01009032	          0.01128998	          0.01032401	          0.01011357	          0.01139145	          0.06478609	          0.13829717	          0.01358973	          0.08590358	          0.11907520	          0.01043813	          0.19402021	          0.03096110	          0.03185643	          0.31816068	          0.20336936	          0.26178929	          0.21846461	          0.01006484	          0.01020097	          0.01004166	          0.20776074	          0.31623460	          0.01032592	          0.01929080	          0.03172595	          0.02162969	          0.03392482	          0.01060365	          0.01047006	          0.20310391	          0.01051815	          0.01018002	          0.01005105	          0.01324216	          0.09462403	          0.05046468	          0.01231017	          0.01097520	          0.02301633	          0.03407531	          0.01001992	          0.01001337	          0.01002390	          0.91436231	          0.04720392	          0.01002384	          0.37457943	          0.01999877	          0.01006811	          0.01014030	          0.98306506	          0.05847564	          0.17059122	          0.01001937	          0.04795541	          0.05069060	          0.02704799	          0.29070297	          0.03918502	          0.03643784	          0.07444058	          0.03220505	          0.01065496	          0.05500236	          0.15205399	          0.07367868	
          5.42000000	          0.03471376	          1.25656308	         -4.65580776	         -0.02111371	          0.99328162	         -0.71993182	         23.82953122	        -10.61056589	         -4.91765121	         -1.16890874	          1.73972249	         17.15119633	         10.31402069	         13.21965593	          1.70282635	          9.78823483	         11.08527131	        -26.10480280	         -0.23190277	        -12.59991658	         -5.02008224	          1.70456913	          4.85772953	         -7.14669148	        -18.05524636	          8.84677417	         11.87718879	        -13.60248543	         36.88353892	         42.77197140	         57.46634870	         71.00289623	         67.22637862	          0.01023504	          0.01016183	          0.01012580	          0.01010428	          0.01016675	          0.01051935	          0.01009883	          0.01359706	          0.21661180	          0.09450733	          0.01147468	          0.01049544	          0.01013992	          0.01008336	          0.01094944	          0.01027542	          0.01010357	          0.01086544	          0.04922969	          0.13651692	          0.01254291	          0.08531864	          0.12635617	          0.01040374	          0.22917010	          0.03113792	          0.03157597	          0.37488005	          0.24737594	          0.28149904	          0.24865843	          0.01005914	          0.01018462	          0.01003802	          0.22882763	          0.33126922	          0.01030040	          0.02106693	          0.03786059	          0.02428581	          0.02266563	          0.01503083	          0.01213415	          0.13553557	          0.01491332	          0.01020827	          0.01002799	          0.01316687	          0.06333877	          0.03461078	          0.01180421	          0.01060686	          0.01537614	          0.02272998	          0.01000997	          0.01000670	          0.01001344	          0.98470234	          0.03147632	          0.01001197	          0.38114304	          0.01335346	          0.01003809	          0.01010686	          0.99995067	          0.09971484	          0.20519515	          0.01001041	          0.03200143	          0.03379720	          0.01811843	          0.39373408	          0.02874396	          0.02429716	          0.04965083	          0.19355740	          0.01037776	          0.06596290	          0.18546715	          0.08950887	
          5.44000000	         -0.28690124	          1.23059799	         -4.93816540	         -0.02013902	          0.99118241	         -0.72084189	         24.20055845	        -10.53720698	         -4.70446393	         -0.93042062	          1.75736274	         17.96635477	         10.43677809	         13.31571076	          2.03071746	         10.93629319	         11.33841512	        -26.54835920	         -0.23243430	        -11.30337772	         -4.77017466	          1.90920614	          4.71519272	         -7.13892426	        -17.98718082	          8.46317692	         11.72401160	        -13.43423953	         37.44033803	         42.36478933	         57.46562772	         71.31872698	         67.54382516	          0.01019361	          0.01013075	          0.01010212	          0.01008398	          0.01013676	          0.01043078	          0.01008204	          0.01351113	          0.22648383	          0.10037458	          0.01133631	          0.01044503	          0.01012839	          0.01007678	          0.01074979	          0.01022730	          0.01008563	          0.01048354	          0.03777151	          0.15255157	          0.01180646	          0.09079993	          0.14581984	          0.01032410	          0.28463086	          0.03281208	          0.03400793	          0.44329580	          0.32436083	          0.32568969	          0.30993506	          0.01004838	          0.01015142	          0.01003463	          0.26223461	          0.34730518	          0.01026948	          0.02363117	          0.04661981	          0.02810341	          0.01512084	          0.01004345	          0.01008297	          0.09038346	          0.01007793	          0.01005395	          0.01003223	          0.01308898	          0.29081600	          0.12489098	          0.01198291	          0.01058056	          0.01030647	          0.01516800	          0.01001507	          0.01000979	          0.01001453	          0.99996325	          0.02101721	          0.01002143	          0.93622104	          0.01013075	          0.01006945	          0.01005740	          0.81915639	          0.06667845	          0.28701142	          0.01001630	          0.02135200	          0.02253572	          0.01233365	          0.51057318	          0.01931313	          0.01620355	          0.03339884	          0.31953199	          0.01047559	          0.07410203	          0.20837401	          0.10097541	
          5.46000000	         -0.59898756	          1.20547099	         -5.21443029	         -0.01879017	          0.98843498	         -0.72199133	         24.46357264	        -10.44947298	         -4.58839473	         -0.68551134	          1.75076171	         18.61628597	         10.58212440	         13.52059023	          2.43310338	         12.25656518	         11.43306746	        -26.92010964	         -0.23291369	        -10.04055622	         -4.51151026	          2.09073467	          4.50394729	         -7.18491186	        -17.98311030	          8.15852266	         11.52207132	        -13.33878732	         37.95228891	         42.00256342	         57.61464716	         71.60295921	         67.84431313	          0.01014638	          0.01009543	          0.01008006	          0.01006564	          0.01010655	          0.01033226	          0.01006741	          0.01344319	          0.23317600	          0.10614168	          0.01120111	          0.01040146	          0.01011887	          0.01007148	          0.01071539	          0.01020352	          0.01007033	          0.01027648	          0.03027714	          0.23283574	          0.01099523	          0.10464124	          0.20205102	          0.01025359	          0.33665731	          0.03637352	          0.04049004	          0.48824713	          0.42390643	          0.37422496	          0.42343233	          0.01003884	          0.01012062	          0.01003192	          0.28843033	          0.36113743	          0.01024234	          0.02648357	          0.05675051	          0.03240178	          0.01009323	          0.01001378	          0.01005113	          0.06027818	          0.01003727	          0.01003284	          0.01002844	          0.01304716	          0.29315767	          0.08354100	          0.01153604	          0.01040842	          0.01009670	          0.01014190	          0.01001565	          0.01000989	          0.01001210	          0.99997187	          0.34310265	          0.01002671	          0.99974579	          0.01087109	          0.01008624	          0.01003781	          0.64519860	          0.40963052	          0.41521372	          0.01001644	          0.01425439	          0.01502892	          0.01094861	          0.47823994	          0.01312848	          0.01081036	          0.25940608	          0.39347012	          0.01033037	          0.07967043	          0.22276905	          0.10892690	
          5.48000000	         -0.88480432	          1.20247507	         -5.48572313	         -0.01689935	          0.98544833	         -0.72346211	         24.62155947	        -10.33620502	         -4.60631867	         -0.42897895	          1.68553651	         19.00057599	         10.75214263	         13.84265669	          2.85678868	         13.52458821	         11.38673942	        -27.23124808	         -0.23294049	         -8.92380513	         -4.23282645	          2.22974882	          4.27985155	         -7.26663407	        -18.03826778	          7.94321067	         11.32968194	        -13.29634012	         38.41206939	         41.69676117	         57.95086333	         71.83490120	         68.11822497	          0.01012825	          0.01008285	          0.01007176	          0.01005874	          0.01009534	          0.01030561	          0.01006227	          0.01341984	          0.23485624	          0.10948426	          0.01112269	          0.01037754	          0.01011346	          0.01006858	          0.01071271	          0.01019219	          0.01006466	          0.01020792	          0.02397508	          0.27511135	          0.01067284	          0.11195986	          0.22102938	          0.01022964	          0.35793338	          0.03871162	          0.04388866	          0.48661960	          0.46910644	          0.39348012	          0.48521626	          0.01003540	          0.01010860	          0.01003035	          0.29528807	          0.36938805	          0.01022737	          0.02767588	          0.06106493	          0.03422292	          0.01002365	          0.01001214	          0.01004707	          0.04021110	          0.01003314	          0.01002875	          0.01003149	          0.01305311	          0.28001096	          0.23995302	          0.01037725	          0.01014071	          0.01005279	          0.01003364	          0.01001603	          0.01001011	          0.01001190	          0.99997371	          0.55817944	          0.01002887	          0.99980462	          0.01154134	          0.01008979	          0.01003398	          0.43099159	          0.36631499	          0.36733344	          0.01001700	          0.01004999	          0.01003342	          0.01066829	          0.36001825	          0.01612237	          0.01001332	          0.18618636	          0.38894651	          0.01009538	          0.07851875	          0.21950396	          0.10695518	
          5.50000000	         -1.13775707	          1.23718167	         -5.75842662	         -0.01436648	          0.98267880	         -0.72532405	         24.69365444	        -10.20401913	         -4.78585792	         -0.14708943	          1.52781438	         19.11039745	         10.96658113	         14.28749380	          3.26023819	         14.60974447	         11.25511082	        -27.28675796	         -0.23304514	         -8.06363898	         -3.92505593	          2.31174710	          4.11192627	         -7.34118379	        -18.13230381	          7.79226702	         11.22964381	        -13.25796699	         38.87391848	         41.42167302	         58.44452892	         72.01849717	         68.38452713	          0.01012456	          0.01007943	          0.01007370	          0.01006175	          0.01009547	          0.01026316	          0.01006525	          0.01345358	          0.23175093	          0.10985982	          0.01112232	          0.01037552	          0.01011327	          0.01006869	          0.01097145	          0.01021646	          0.01006589	          0.01032074	          0.01932660	          0.18499258	          0.01109728	          0.07837697	          0.17623993	          0.01022606	          0.33814963	          0.03776289	          0.04029148	          0.42087470	          0.38887111	          0.36765035	          0.44250388	          0.01003783	          0.01011418	          0.01003014	          0.25995439	          0.37128256	          0.01022672	          0.02576838	          0.05367584	          0.03130063	          0.01003308	          0.01001544	          0.01005579	          0.02683678	          0.01004038	          0.01003682	          0.01003641	          0.01306154	          0.22850951	          0.16016322	          0.01080068	          0.01023743	          0.01007348	          0.01005077	          0.01002302	          0.01001411	          0.01001544	          0.99996546	          0.37221618	          0.01004653	          0.83679268	          0.03869730	          0.01015622	          0.01004432	          0.35481691	          0.25188030	          0.29833932	          0.01002660	          0.01007918	          0.01002898	          0.01172712	          0.24002341	          0.01099052	          0.01002358	          0.17179579	          0.36209229	          0.01017940	          0.07861989	          0.22250465	          0.10676686	
          5.52000000	         -1.35704923	          1.30645561	         -6.04546540	         -0.01119386	          0.98051092	         -0.72756684	         24.68062919	        -10.05570316	         -5.14569494	          0.15044640	          1.27098036	         19.00849526	         11.23920927	         14.82130660	          3.60325927	         15.49413902	         11.11878745	        -26.95056524	         -0.23404863	         -7.50347315	         -3.59658995	          2.33001931	          4.04358148	         -7.36112246	        -18.23564068	          7.66637123	         11.29951787	        -13.13938884	         39.42886843	         41.13064729	         58.94673802	         72.17856599	         68.67732935	          0.01022176	          0.01015318	          0.01011497	          0.01009161	          0.01015986	          0.01071801	          0.01009788	          0.01356322	          0.22539842	          0.10810552	          0.01119525	          0.01039265	          0.01011696	          0.01007096	          0.01055195	          0.01021068	          0.01010066	          0.01019934	          0.01315880	          0.12349027	          0.01063132	          0.05253579	          0.11784822	          0.01037830	          0.24673341	          0.03391574	          0.03319174	          0.32480452	          0.35155885	          0.29376347	          0.29769278	          0.01005465	          0.01016552	          0.01003097	          0.18436799	          0.36729351	          0.01023878	          0.02247115	          0.04264322	          0.02639723	          0.01016213	          0.01007090	          0.01015683	          0.01793428	          0.01014489	          0.01013238	          0.01005656	          0.01305901	          0.19504561	          0.12909229	          0.01168655	          0.01046078	          0.01012579	          0.01008515	          0.01004180	          0.01002533	          0.01003246	          0.86350425	          0.24818066	          0.01007422	          0.55794479	          0.02647794	          0.01026640	          0.01013983	          0.57589353	          0.16868288	          0.24223807	          0.01005980	          0.01106918	          0.01131067	          0.02643265	          0.16002504	          0.01022754	          0.01004082	          0.18169442	          0.35828748	          0.01037685	          0.08273898	          0.23206909	          0.11287726	
          5.54000000	         -1.54252279	          1.38927882	         -6.35314737	         -0.00747272	          0.97911696	         -0.73013584	         24.54873093	         -9.87374652	         -5.67902421	          0.41706079	          0.94364311	         18.78982391	         11.54801971	         15.36001594	          3.83660076	         16.20851965	         11.05227436	        -26.35512793	         -0.23643836	         -7.16626548	         -3.27753289	          2.29136181	          4.07043966	         -7.29644319	        -18.31880155	          7.53691268	         11.57296094	        -12.83903538	         40.13719674	         40.78226315	         59.18981353	         72.33717939	         69.00880601	          0.01058219	          0.01041440	          0.01019488	          0.01014371	          0.01031105	          0.01378689	          0.01015712	          0.01365153	          0.21780342	          0.10542544	          0.01131178	          0.01042741	          0.01012432	          0.01007539	          0.01052381	          0.01023349	          0.01016988	          0.01016454	          0.01041108	          0.08250399	          0.01049868	          0.03529694	          0.07900022	          0.01079708	          0.17641258	          0.02996783	          0.02717425	          0.27930445	          0.30265557	          0.24898733	          0.20577476	          0.01008279	          0.01025092	          0.01003298	          0.13844527	          0.35831426	          0.01026242	          0.02006391	          0.03464078	          0.02280762	          0.01137640	          0.01071535	          0.01018401	          0.01201734	          0.01025879	          0.01034660	          0.01005402	          0.01309681	          0.19988990	          0.13266988	          0.01166868	          0.01043482	          0.01011791	          0.01008012	          0.01006905	          0.01003843	          0.01004447	          0.69535239	          0.16551881	          0.01015168	          0.37218493	          0.03319641	          0.01107220	          0.01029856	          0.55691312	          0.17766400	          0.23560592	          0.01013036	          0.03764208	          0.05046104	          0.05052542	          0.10669436	          0.01015273	          0.01003920	          0.15542723	          0.36232097	          0.01038087	          0.07669355	          0.21552020	          0.10407842	
          5.56000000	         -1.69372910	          1.46254179	         -6.66100699	         -0.00329122	          0.97837901	         -0.73302791	         24.25865573	         -9.62154042	         -6.34188658	          0.59754502	          0.58211722	         18.53544108	         11.84367891	         15.82170599	          3.90699888	         16.77752383	         11.08563750	        -25.72159414	         -0.23989775	         -6.94087017	         -2.99701958	          2.21162797	          4.15728846	         -7.14886924	        -18.35754274	          7.39148871	         12.00891502	        -12.29407069	         40.96633852	         40.35950921	         58.91086223	         72.49947135	         69.34864740	          0.01035816	          0.01022994	          0.01018106	          0.01014162	          0.01025373	          0.01174813	          0.01015220	          0.01379261	          0.20922325	          0.10243759	          0.01138713	          0.01045684	          0.01013167	          0.01007989	          0.01080408	          0.01029936	          0.01016097	          0.01025064	          0.01105364	          0.05598228	          0.01075376	          0.02456971	          0.06453408	          0.01060457	          0.16241912	          0.02918533	          0.02656344	          0.30208934	          0.23414600	          0.27953921	          0.20588314	          0.01008323	          0.01024799	          0.01003567	          0.17072596	          0.34443241	          0.01028101	          0.01801978	          0.02757733	          0.01974374	          0.01044084	          0.01017992	          0.01020327	          0.01019928	          0.01022984	          0.01024650	          0.01006752	          0.01315570	          0.18971012	          0.13183427	          0.01131704	          0.01037476	          0.01011502	          0.01007913	          0.01006904	          0.01003996	          0.01004762	          0.77634996	          0.11042530	          0.01013582	          0.27312911	          0.02249984	          0.01059773	          0.01023968	          0.39320411	          0.19540326	          0.22276501	          0.01010041	          0.02517668	          0.03365464	          0.03414391	          0.07116155	          0.01019963	          0.01003861	          0.10397026	          0.31639346	          0.01029830	          0.06846512	          0.19190738	          0.09228579	
          5.58000000	         -1.81186258	          1.51614261	         -6.92865284	          0.00134234	          0.97798981	         -0.73632970	         23.80750564	         -9.27125291	         -7.05990801	          0.66504575	          0.19843524	         18.27744715	         12.08485941	         16.17972533	          3.77065760	         17.20273820	         11.18712945	        -25.12325646	         -0.24339241	         -6.81838295	         -2.76014682	          2.10688489	          4.26184019	         -6.94662399	        -18.33752476	          7.22394246	         12.49276465	        -11.52425939	         41.78763709	         39.87024965	         57.96984283	         72.65831792	         69.63378273	          0.01028608	          0.01018238	          0.01016337	          0.01012925	          0.01022283	          0.01102429	          0.01014594	          0.01404760	          0.19817424	          0.09685348	          0.01146491	          0.01049135	          0.01015643	          0.01009536	          0.01090803	          0.01030431	          0.01014776	          0.01019067	          0.01156212	          0.11237186	          0.01063193	          0.03728686	          0.10914434	          0.01052573	          0.17805833	          0.02987698	          0.02860590	          0.34790091	          0.24411919	          0.29105164	          0.24241036	          0.01008048	          0.01023646	          0.01003936	          0.17721549	          0.32327802	          0.01030147	          0.01645144	          0.02205220	          0.01737503	          0.01023095	          0.01008112	          0.01024331	          0.01224414	          0.01019334	          0.01015098	          0.01007879	          0.01318771	          0.14866971	          0.09969700	          0.01127177	          0.01023091	          0.01005368	          0.01003564	          0.01004360	          0.01002738	          0.01003864	          0.99920302	          0.07371126	          0.01006713	          0.24620854	          0.01519187	          0.01020546	          0.01015310	          0.39827821	          0.15923489	          0.18776072	          0.01005010	          0.01682960	          0.02244560	          0.02299147	          0.22067035	          0.01109200	          0.01001903	          0.06942102	          0.23470019	          0.01023982	          0.06541006	          0.18357199	          0.08795817	
          5.60000000	         -1.90042017	          1.55509777	         -7.12251282	          0.00648370	          0.97765959	         -0.74015774	         23.24237144	         -8.83380427	         -7.75421668	          0.63498972	         -0.21944518	         17.97996603	         12.26562381	         16.46943491	          3.40200959	         17.46876316	         11.28796264	        -24.49398684	         -0.24588493	         -6.90287389	         -2.54933435	          1.98561182	          4.34364070	         -6.72791865	        -18.26148784	          7.03357731	         12.87462426	        -10.62302458	         42.43319807	         39.33169236	         56.35034333	         72.81018159	         69.79813639	          0.01011306	          0.01006956	          0.01008506	          0.01007686	          0.01010120	          0.01018398	          0.01004671	          0.01051248	          0.18341118	          0.08832999	          0.01161561	          0.01055738	          0.01007192	          0.01004428	          0.01171569	          0.01029488	          0.01007158	          0.01496921	          0.02325409	          0.14336881	          0.01528059	          0.03399441	          0.11380307	          0.01016077	          0.19865879	          0.02698475	          0.02621543	          0.33349029	          0.27507593	          0.20329043	          0.31380279	          0.01002694	          0.01008753	          0.01004720	          0.14269153	          0.30040567	          0.01033805	          0.02080145	          0.02188329	          0.02163774	          0.01005860	          0.01002589	          0.01009274	          0.01039615	          0.01006610	          0.01005923	          0.01004837	          0.01319108	          0.09917536	          0.06655021	          0.01279756	          0.01256800	          0.01294718	          0.01293034	          0.01003225	          0.01001967	          0.01002267	          0.99994895	          0.08719190	          0.01005802	          0.78479216	          0.01182363	          0.01017496	          0.01006911	          0.45041289	          0.10648983	          0.14488137	          0.01003427	          0.01126420	          0.01497405	          0.01561324	          0.26511746	          0.01121088	          0.04107544	          0.04696115	          0.15648707	          0.01115774	          0.06506690	          0.18260036	          0.08793870	
          5.62000000	         -1.96375977	          1.58897424	         -7.22777744	          0.01218979	          0.97724749	         -0.74457208	         22.63991629	         -8.34611959	         -8.38345487	          0.55572667	         -0.68630606	         17.55405158	         12.43168245	         16.76887212	          2.80274517	         17.55382071	         11.34519038	        -23.74326162	         -0.24581878	         -7.34838472	         -2.33989021	          1.84334127	          4.37696412	         -6.53313542	        -18.15192787	          6.84621955	         13.03019877	         -9.70572746	         42.76807825	         38.75554290	         54.12086908	         72.96834696	         69.80260602	          0.01040393	          0.01025384	          0.01020696	          0.01015489	          0.01029283	          0.01219871	          0.01065901	          0.17160099	          0.16172443	          0.08193956	          0.01195067	          0.01071712	          0.02218770	          0.01279927	          0.01082174	          0.01031089	          0.01018575	          0.01015279	          0.01557297	          0.09565130	          0.01049391	          0.02275097	          0.07595681	          0.01151639	          0.13256194	          0.02101467	          0.01998499	          0.31004034	          0.22888198	          0.13554413	          0.27258556	          0.01040319	          0.01069828	          0.01005680	          0.09515726	          0.29091399	          0.01043991	          0.01389533	          0.01459777	          0.01444480	          0.01005978	          0.01002412	          0.01011377	          0.01641378	          0.01006877	          0.01005411	          0.01005801	          0.01323882	          0.06632931	          0.04461963	          0.01293997	          0.01267233	          0.03530279	          0.06675843	          0.01002562	          0.01001627	          0.01002104	          0.99994283	          0.05822513	          0.01003943	          0.58006189	          0.01030167	          0.01010855	          0.01006229	          0.41270397	          0.07194791	          0.10636139	          0.01002600	          0.01008648	          0.01002402	          0.01086709	          0.20999450	          0.01899037	          0.12606904	          0.03145800	          0.10438836	          0.01144804	          0.05852749	          0.16097994	          0.07851662	
          5.64000000	         -2.00220475	          1.62819183	         -7.25391915	          0.01847919	          0.97678355	         -0.74957592	         22.07905805	         -7.84095105	         -8.95510745	          0.48370495	         -1.21113275	         16.94515756	         12.65751779	         17.17062001	          2.01572089	         17.44452710	         11.36709365	        -22.82684003	         -0.24119894	         -8.30192270	         -2.11243707	          1.67093227	          4.36199004	         -6.39462300	        -18.04561715	          6.72172759	         12.91559683	         -8.85520049	         42.73839925	         38.16293051	         51.44884639	         73.15647401	         69.64725300	          0.01189704	          0.01085586	          0.01045116	          0.01020626	          0.01152347	          0.17191465	          0.13144317	          0.15564752	          0.12744202	          0.08029842	          0.01178745	          0.01068029	          0.05154500	          0.01767931	          0.01129584	          0.01042259	          0.01183051	          0.01006760	          0.01047571	          0.06382654	          0.01017097	          0.01525203	          0.05071066	          0.07921773	          0.08848737	          0.01638538	          0.01533275	          0.28270869	          0.25716894	          0.09038283	          0.22529196	          0.08788303	          0.04965111	          0.01006050	          0.06346678	          0.30630065	          0.01036675	          0.01008192	          0.01002648	          0.01005887	          0.01010156	          0.01004358	          0.01011525	          0.01109709	          0.01009425	          0.01008699	          0.01004454	          0.01334447	          0.04439441	          0.03004854	          0.01327872	          0.01306655	          0.02499823	          0.04487069	          0.01003561	          0.01002138	          0.01002557	          0.75585866	          0.03890683	          0.01006022	          0.38684178	          0.01130772	          0.01019517	          0.01009851	          0.42067409	          0.04882862	          0.07275364	          0.01004139	          0.01035618	          0.01025339	          0.01369543	          0.14001091	          0.01275190	          0.17884364	          0.08806144	          0.06963788	          0.01228004	          0.04793864	          0.12887376	          0.06325225	
          5.66000000	         -2.00843490	          1.68562953	         -7.23759148	          0.02531674	          0.97642886	         -0.75514222	         21.62356803	         -7.32278198	         -9.49490923	          0.46332333	         -1.79782064	         16.17630340	         13.00400616	         17.76046049	          1.13229329	         17.15722942	         11.39175575	        -21.79553045	         -0.23145399	         -9.80995159	         -1.85697927	          1.46320877	          4.32372397	         -6.31629879	        -17.98199004	          6.73002109	         12.59070748	         -8.09989777	         42.37983902	         37.60336054	         48.62729164	         73.38863134	         69.36821253	          0.05543957	          0.08460222	          0.01042913	          0.01021192	          0.01192795	          0.13929391	          0.31917213	          0.15395630	          0.08533044	          0.07888979	          0.01298264	          0.01224332	          0.06956740	          0.03616246	          0.01046789	          0.01021195	          0.01032162	          0.01009122	          0.01022101	          0.04260489	          0.01024847	          0.01054173	          0.03388097	          0.07578505	          0.05920664	          0.01207363	          0.01090556	          0.28703202	          0.30060725	          0.06027643	          0.22327022	          0.05881302	          0.04272095	          0.01006902	          0.04233981	          0.33303181	          0.01220856	          0.01010549	          0.01003414	          0.01007483	          0.04409574	          0.01190377	          0.01058983	          0.01193031	          0.01069925	          0.01051372	          0.01013151	          0.01290979	          0.02988982	          0.02058294	          0.01333976	          0.01438204	          0.08082893	          0.21846123	          0.01007999	          0.01004963	          0.01006857	          0.50392770	          0.02602872	          0.01011947	          0.25794852	          0.01156346	          0.01043690	          0.01042208	          0.28051572	          0.03396769	          0.05530408	          0.01014673	          0.05583926	          0.08799029	          0.01334814	          0.09339010	          0.01055503	          0.28936538	          0.05886786	          0.04648454	          0.01287501	          0.04601244	          0.11300420	          0.05894403	
          5.68000000	         -1.97231146	          1.77352422	         -7.22562216	          0.03259312	          0.97634188	         -0.76122315	         21.30633867	         -6.77461497	         -9.99452076	          0.52624141	         -2.44083696	         15.33220254	         13.49939214	         18.61034168	          0.28485860	         16.74139569	         11.42592516	        -20.78628304	         -0.25595348	        -11.76861235	         -1.57479791	          1.21970261	          4.29865824	         -6.26395531	        -17.98812970	          6.91960801	         12.20136664	         -7.41945868	         41.80815359	         37.13610381	         46.01745149	         73.65625347	         69.02615626	          0.12221719	          0.15648343	          0.01092266	          0.01022994	          0.07484316	          0.26012414	          0.25258291	          0.12905412	          0.05707084	          0.06529634	          0.05313614	          0.01485913	          0.08133579	          0.02511151	          0.01078557	          0.01027737	          0.10330463	          0.01005582	          0.01016094	          0.02845972	          0.01014763	          0.01024903	          0.02265995	          0.14818452	          0.03958928	          0.01057210	          0.01025606	          0.29144061	          0.29732636	          0.04020904	          0.21469705	          0.04343151	          0.05900951	          0.01007837	          0.02825162	          0.32362134	          0.13332306	          0.01009270	          0.01003021	          0.01006633	          0.05069258	          0.06677892	          0.02058841	          0.01112598	          0.03909812	          0.04423205	          0.01086994	          0.01710482	          0.02043166	          0.01492327	          0.01332574	          0.01403413	          0.05488905	          0.14590903	          0.01608470	          0.01212909	          0.01692671	          0.33597710	          0.01755713	          0.01607397	          0.17202744	          0.01588509	          0.02336107	          0.03871442	          0.18706770	          0.02843088	          0.05217445	          0.05006889	          0.04149655	          0.06450840	          0.02465727	          0.06231012	          0.01075004	          0.34940096	          0.04004700	          0.03105430	          0.01278881	          0.03107197	          0.07544757	          0.03956061	
          5.70000000	         -1.88899003	          1.89966793	         -7.24304036	          0.04013353	          0.97658753	         -0.76777015	         21.11433522	         -6.18458789	        -10.40073015	          0.69972755	         -3.12088373	         14.53142350	         14.14873115	         19.77930753	         -0.38507969	         16.23982804	         11.36617067	        -19.98665067	         -0.51827402	        -13.98456503	         -1.27435827	          0.94360756	          4.32105376	         -6.17844461	        -18.06765832	          7.30202912	         11.92828186	         -6.76415183	         41.19756772	         36.79259972	         43.92989970	         73.93031107	         68.68714821	          0.16378509	          0.20289261	          0.02697673	          0.01026883	          0.12273256	          0.28464939	          0.16850833	          0.08649498	          0.03821789	          0.04484751	          0.03605142	          0.12465268	          0.05434761	          0.01686616	          0.01107247	          0.01032918	          0.13635029	          0.01005603	          0.01015818	          0.01902971	          0.01014656	          0.01024460	          0.01519261	          0.10158035	          0.02653245	          0.01106285	          0.01050967	          0.24749059	          0.27895575	          0.02687346	          0.14423620	          0.02901996	          0.03962003	          0.01006835	          0.01886335	          0.26378373	          0.20278534	          0.01012260	          0.01003812	          0.01008614	          0.03389987	          0.04455755	          0.02271492	          0.03762724	          0.02630875	          0.02963978	          0.04956900	          0.01416234	          0.01454665	          0.01255269	          0.01335467	          0.01382207	          0.12219717	          0.15181785	          0.01348365	          0.01547823	          0.02243832	          0.22403428	          0.01197835	          0.01156311	          0.11479668	          0.01207018	          0.01647714	          0.02606146	          0.12477202	          0.03402401	          0.06545550	          0.03347655	          0.02782815	          0.04304394	          0.01757856	          0.07482448	          0.03719337	          0.34507757	          0.02695929	          0.02077322	          0.01258995	          0.02308581	          0.05381452	          0.02813260	
          5.72000000	         -1.75974460	          2.06397239	         -7.27545058	          0.04776507	          0.97717756	         -0.77474416	         20.99061232	         -5.54540415	        -10.67101785	          1.00510299	         -3.79990391	         13.85630376	         14.91671409	         21.30563574	         -0.77714654	         15.62026720	         11.03768983	        -19.65086165	         -1.25374870	        -16.27783788	         -0.96010283	          0.64109448	          4.41858860	         -6.00605380	        -18.20074521	          7.86882940	         11.91790411	         -6.07855834	         40.73687697	         36.54782461	         42.51141184	         74.17616647	         68.39605719	          0.10945490	          0.13541507	          0.02858121	          0.01199393	          0.08206282	          0.19021067	          0.11237622	          0.05795937	          0.02558318	          0.03055309	          0.09818180	          0.10649717	          0.03679133	          0.01147997	          0.01026526	          0.01013139	          0.09100553	          0.01002899	          0.01006542	          0.01274613	          0.01007996	          0.01010551	          0.01027429	          0.06813501	          0.01799130	          0.01057280	          0.01028420	          0.18529642	          0.24187176	          0.07480291	          0.09673486	          0.01939592	          0.02655936	          0.01737891	          0.01261516	          0.21397463	          0.15602739	          0.01475453	          0.01434866	          0.01446657	          0.02264382	          0.02972302	          0.01534532	          0.02566889	          0.01761364	          0.01982435	          0.03328579	          0.01364792	          0.01320326	          0.01234491	          0.01256588	          0.01221455	          0.08177911	          0.15393072	          0.01171481	          0.01117927	          0.01507047	          0.25264932	          0.09991647	          0.02711488	          0.07765336	          0.02954795	          0.01371069	          0.01747709	          0.08324412	          0.07847479	          0.18427850	          0.02240789	          0.01864466	          0.02873019	          0.01390961	          0.13219020	          0.02678989	          0.35898507	          0.02965613	          0.01394954	          0.01097155	          0.02292046	          0.04526373	          0.02693577	
          5.74000000	         -1.58582770	          2.25238201	         -7.29852931	          0.05536531	          0.97813307	         -0.78205918	         20.85237625	         -4.83739158	        -10.79143127	          1.44666050	         -4.41803120	         13.32308992	         15.69425241	         23.18692002	         -0.86880512	         14.74095388	         10.33351065	        -20.05749030	         -2.20776256	        -18.59536235	         -0.63309705	          0.31930395	          4.59806185	         -5.71952098	        -18.35383906	          8.61995063	         12.22621291	         -5.32479775	         40.57850266	         36.33366931	         41.70991208	         74.36604845	         68.15907768	          0.07299901	          0.09029353	          0.01911246	          0.01033439	          0.05474072	          0.12684731	          0.07493719	          0.03963133	          0.01731284	          0.02129906	          0.06569825	          0.07143378	          0.02524911	          0.01974048	          0.01313509	          0.01151736	          0.06069391	          0.01105000	          0.02972685	          0.07668402	          0.01216691	          0.02597218	          0.05917971	          0.04549352	          0.04189098	          0.01022637	          0.01010392	          0.19005994	          0.16134066	          0.22203019	          0.08273707	          0.01301853	          0.01781427	          0.01768217	          0.01202924	          0.18060141	          0.10456637	          0.01048175	          0.01012252	          0.01030523	          0.01514974	          0.01983497	          0.01116708	          0.01875982	          0.01185323	          0.01330388	          0.02428898	          0.01377738	          0.01313031	          0.01208114	          0.01234962	          0.01193545	          0.09761839	          0.17129888	          0.02863067	          0.04593072	          0.01079418	          0.34615329	          0.14849622	          0.03616649	          0.08356916	          0.02450917	          0.01264340	          0.01180555	          0.05556272	          0.05303282	          0.24257360	          0.01506419	          0.01254551	          0.01918949	          0.01234618	          0.11431305	          0.03384328	          0.36364450	          0.02059304	          0.01027989	          0.01074382	          0.02063883	          0.03721691	          0.02346296	
          5.76000000	         -1.36625980	          2.43722322	         -7.30010624	          0.06286969	          0.97946760	         -0.78957505	         20.60799321	         -4.05168913	        -10.73549111	          2.01450723	         -4.90437167	         12.87718844	         16.31365026	         25.38567477	         -0.70917840	         13.39828817	          9.19956070	        -21.45047589	         -2.83917486	        -21.01027768	         -0.30593747	         -0.02047953	          4.84212843	         -5.32594934	        -18.49548698	          9.54914357	         12.81216690	         -4.49784316	         40.80508327	         36.08313916	         41.36082924	         74.47610106	         67.95151072	          0.04869339	          0.06021298	          0.01282278	          0.01025923	          0.03652438	          0.08460758	          0.04997912	          0.02748692	          0.22214262	          0.05042679	          0.04386359	          0.04765552	          0.01687814	          0.01320920	          0.02270116	          0.01167177	          0.04048565	          0.01763735	          0.08663455	          0.16015586	          0.01346886	          0.06470678	          0.11180978	          0.03039961	          0.05374771	          0.01359311	          0.01242862	          0.23100486	          0.10775919	          0.30282120	          0.10728926	          0.01013157	          0.01201032	          0.01181083	          0.24083171	          0.17133441	          0.06972502	          0.01154383	          0.01055909	          0.01115929	          0.01032125	          0.01326001	          0.01042715	          0.01278195	          0.01027619	          0.01030632	          0.01631639	          0.01374250	          0.01311145	          0.01194510	          0.01199933	          0.01145803	          0.06550592	          0.19272310	          0.04616129	          0.03130908	          0.01017369	          0.39630882	          0.22735473	          0.11983523	          0.11833086	          0.06600864	          0.03985546	          0.01045752	          0.03713652	          0.20044232	          0.32051529	          0.01169569	          0.01068519	          0.01344527	          0.01562553	          0.07625014	          0.02275805	          0.37573471	          0.06353518	          0.01026601	          0.01051997	          0.02159749	          0.04108312	          0.02488527	
          5.78000000	         -1.10474905	          2.58394334	         -7.28002249	          0.07021862	          0.98110227	         -0.79713270	         20.17355348	         -3.22376566	        -10.47688343	          2.71704361	         -5.20319624	         12.38145209	         16.60779404	         27.86784361	         -0.37890923	         11.44028723	          7.65071324	        -23.92633334	         -2.95304376	        -23.57126357	         -0.00939368	         -0.38572582	          5.12037154	         -4.86914536	        -18.61181395	         10.59558559	         13.56896610	         -3.62106587	         41.40746051	         35.77679693	         41.30447950	         74.48094687	         67.73952475	          0.03249007	          0.04015908	          0.01017290	          0.01017743	          0.02438204	          0.05645025	          0.03334192	          0.02038722	          0.24892890	          0.07116776	          0.02932100	          0.03180778	          0.01131968	          0.01011248	          0.01654564	          0.01054917	          0.02701541	          0.09731428	          0.15518949	          0.21892918	          0.03774959	          0.11222968	          0.15839289	          0.02035118	          0.06064121	          0.03630766	          0.15346546	          0.23510898	          0.07214229	          0.30463878	          0.14508334	          0.01010008	          0.01023936	          0.01004662	          0.19834428	          0.23415522	          0.04650074	          0.01080490	          0.01027004	          0.01058592	          0.01013187	          0.01006415	          0.01032188	          0.01047896	          0.01020491	          0.01027146	          0.01520040	          0.01376174	          0.02885469	          0.01096087	          0.01069788	          0.01034939	          0.08781973	          0.21970194	          0.03368162	          0.03025946	          0.01504562	          0.37192702	          0.16200665	          0.08064405	          0.08611615	          0.10188903	          0.06034675	          0.01049682	          0.02485012	          0.15278811	          0.24404087	          0.03312928	          0.01029937	          0.11933340	          0.02997807	          0.05088508	          0.01551217	          0.41002314	          0.14977543	          0.01009814	          0.01014808	          0.02166193	          0.04119784	          0.02499140	
          5.80000000	         -0.82049083	          2.65653783	         -7.25811622	          0.07728338	          0.98285005	         -0.80455535	         19.49693295	         -2.42500293	        -10.03566119	          3.61796088	         -5.31813107	         11.66910597	         16.47751560	         30.64345235	          0.05545115	          8.87744257	          5.95900913	        -27.20764254	         -2.71405644	        -26.18193431	          0.22238521	         -0.78685076	          5.39642265	         -4.41855528	        -18.71700829	         11.62400260	         14.36678394	         -2.73443124	         42.28750730	         35.46641676	         41.46791293	         74.36094947	         67.50138619	          0.02169267	          0.02679198	          0.01033405	          0.01031717	          0.01629850	          0.03768597	          0.02226396	          0.01869026	          0.23282170	          0.11915354	          0.01961657	          0.02123774	          0.01008202	          0.01005944	          0.05589467	          0.01436501	          0.01805034	          0.16240327	          0.16249419	          0.19957546	          0.05484646	          0.10317036	          0.13284082	          0.01373063	          0.04076529	          0.08142666	          0.11408963	          0.19273638	          0.04825798	          0.23994051	          0.09756383	          0.01018636	          0.01053667	          0.01002550	          0.15819982	          0.25752785	          0.03101347	          0.01099859	          0.01028935	          0.01068411	          0.01045914	          0.01028822	          0.01037058	          0.01054844	          0.01036558	          0.01044980	          0.01024320	          0.01377123	          0.02006515	          0.01145623	          0.01197241	          0.01156091	          0.06042679	          0.16269077	          0.02248095	          0.02019058	          0.01014481	          0.24869897	          0.10805454	          0.05378873	          0.13163140	          0.06814001	          0.04031933	          0.01055441	          0.10411186	          0.10207260	          0.20323980	          0.02211199	          0.01269212	          0.14532366	          0.02831047	          0.03395077	          0.01074326	          0.41699027	          0.10001707	          0.01019467	          0.01047629	          0.02141014	          0.03868093	          0.02450785	
          5.82000000	         -0.55107402	          2.62920526	         -7.26261739	          0.08389242	          0.98445854	         -0.81172131	         18.58781181	         -1.73747263	         -9.48671337	          4.83054397	         -5.34438397	         10.66461618	         15.92288208	         33.77922451	          0.57936270	          5.95871141	          4.65044187	        -30.53219882	         -2.38107984	        -28.57753841	          0.37824171	         -1.22884451	          5.64277173	         -4.03814541	        -18.85447538	         12.47584848	         15.09877320	         -1.88360774	         43.31208030	         35.23801130	         41.88640440	         74.11827787	         67.24033656	          0.01450131	          0.01788345	          0.01014970	          0.01013382	          0.01092770	          0.02518545	          0.01489339	          0.01477819	          0.15539801	          0.08406734	          0.01349489	          0.01429002	          0.01010416	          0.01006442	          0.05884864	          0.06985813	          0.01210403	          0.19373765	          0.13836487	          0.13467676	          0.03811363	          0.09297747	          0.09561644	          0.01025948	          0.02740271	          0.05435187	          0.07608057	          0.12887984	          0.03231507	          0.16583694	          0.06565522	          0.01012423	          0.01021974	          0.01002984	          0.11989040	          0.33760805	          0.02070532	          0.01468412	          0.01442326	          0.01450053	          0.03024115	          0.05228094	          0.01078912	          0.01114339	          0.01137482	          0.01122969	          0.01016362	          0.01363408	          0.02775194	          0.01087351	          0.01110065	          0.01065603	          0.10377027	          0.19711411	          0.01501530	          0.01348254	          0.01011390	          0.16585792	          0.07207098	          0.03588087	          0.08805817	          0.04558275	          0.02696070	          0.01102330	          0.28748234	          0.12744304	          0.32425822	          0.01477857	          0.06815151	          0.15462346	          0.02038518	          0.02267270	          0.01062354	          0.37370010	          0.06684086	          0.01011450	          0.01023624	          0.02839721	          0.06392406	          0.03457457	
          5.84000000	         -0.33989333	          2.49232373	         -7.30824409	          0.08988781	          0.98567268	         -0.81860959	         17.52303293	         -1.21417308	         -8.94370076	          6.45520857	         -5.42853406	          9.46020992	         15.03250039	         37.34833799	          1.22766093	          3.15136578	          4.21926887	        -32.85285245	         -2.11986030	        -30.38384564	          0.47375120	         -1.71069500	          5.84233601	         -3.74463862	        -19.07740205	         13.05636284	         15.70514448	         -1.10408563	         44.36249730	         35.14720854	         42.62521410	         73.77941918	         66.97708503	          0.01079614	          0.01237688	          0.01154115	          0.06309866	          0.01071945	          0.01694385	          0.01073683	          0.01368583	          0.10393682	          0.07365314	          0.06617398	          0.06888216	          0.01020040	          0.01009396	          0.03931739	          0.04665279	          0.01020322	          0.13247572	          0.09232165	          0.08982645	          0.07244422	          0.06219619	          0.06382940	          0.01146607	          0.04199259	          0.03627251	          0.05073740	          0.08594219	          0.02183935	          0.11058630	          0.04391012	          0.10744055	          0.01282188	          0.01005734	          0.08001413	          0.37636029	          0.01406342	          0.02048040	          0.03622785	          0.02329365	          0.18898912	          0.22911567	          0.01090669	          0.02717960	          0.01174786	          0.01045534	          0.01007486	          0.01356183	          0.02241102	          0.01038384	          0.01036672	          0.01018485	          0.06934958	          0.17476337	          0.01007489	          0.01002797	          0.01004623	          0.11059678	          0.04807563	          0.02394479	          0.05880791	          0.03053087	          0.01807384	          0.01041773	          0.22415584	          0.17411332	          0.22960740	          0.01004819	          0.08358715	          0.33513214	          0.01476012	          0.01517649	          0.01084143	          0.24982811	          0.04467162	          0.01005477	          0.01006855	          0.03314120	          0.07847818	          0.04136031	
          5.86000000	         -0.21731042	          2.25426600	         -7.38025119	          0.09515429	          0.98633653	         -0.82529743	         16.42100045	         -0.85907945	         -8.50407793	          8.51134899	         -5.67614279	          8.25342200	         13.94666974	         41.34717612	          2.03742017	          0.98941061	          4.84226804	        -33.31677167	         -1.99386885	        -31.03901596	          0.53184726	         -2.22905343	          5.97370101	         -3.49149408	        -19.41830741	         13.37941717	         16.16587581	         -0.41062297	         45.34438481	         35.18466199	         43.67557366	         73.37569918	         66.72805302	          0.09461257	          0.18805386	          0.07690650	          0.09157195	          0.07390614	          0.03857992	          0.21968638	          0.01349044	          0.10809370	          0.11530020	          0.04437697	          0.04612604	          0.01011091	          0.01006458	          0.02634740	          0.03121400	          0.05666649	          0.08834842	          0.06159665	          0.05993211	          0.04837570	          0.04155178	          0.04263126	          0.04354972	          0.02815405	          0.02422961	          0.03384459	          0.05736139	          0.01615042	          0.07376948	          0.02946586	          0.17374859	          0.06080287	          0.01003198	          0.05339447	          0.48920267	          0.39186002	          0.02291125	          0.04465807	          0.02707579	          0.21066193	          0.54246913	          0.10966089	          0.01869379	          0.18875878	          0.20284924	          0.02136047	          0.01350300	          0.01508340	          0.01046994	          0.01220711	          0.01300604	          0.24527450	          0.11654171	          0.01160119	          0.01119887	          0.14067755	          0.07374130	          0.03207410	          0.01604866	          0.03924063	          0.02048413	          0.01341877	          0.14602148	          0.14952785	          0.11611584	          0.15308868	          0.02356588	          0.14813988	          0.39167109	          0.02688895	          0.01040156	          0.01133805	          0.16657254	          0.02985992	          0.01008334	          0.01173414	          0.04215785	          0.07513771	          0.05411320	
          5.88000000	         -0.18922959	          1.94381391	         -7.43246479	          0.09962818	          0.98648110	         -0.83196750	         15.40339330	         -0.64124504	         -8.20261874	         10.90774906	         -6.10123557	          7.24221596	         12.80930304	         45.63777492	          3.00197913	         -0.14147092	          6.30200626	        -31.69369601	         -1.99671100	        -29.81853375	          0.56439884	         -2.77313085	          6.00539525	         -3.18794362	        -19.86926190	         13.53848913	         16.48223414	          0.20251021	         46.17532809	         35.27919111	         44.90703706	         72.92698926	         66.49256466	          0.18981201	          0.29403105	          0.17171089	          0.06173884	          0.16366181	          0.09809446	          0.16960876	          0.01334171	          0.07213908	          0.09669564	          0.25382149	          0.35996276	          0.01008882	          0.01004892	          0.01771134	          0.02091423	          0.18208614	          0.05892554	          0.04111054	          0.04000378	          0.03231433	          0.02778231	          0.02850081	          0.09178972	          0.01889466	          0.01618473	          0.02257532	          0.03828974	          0.03353804	          0.04922200	          0.01992790	          0.24060300	          0.11344896	          0.01002492	          0.03565110	          0.61451659	          0.52579949	          0.03008245	          0.06819521	          0.03773327	          0.42914428	          0.71134277	          0.11311484	          0.01649028	          0.35308231	          0.31247946	          0.01612236	          0.01303715	          0.01109863	          0.01577186	          0.04608724	          0.04540015	          0.16353058	          0.07770973	          0.01037861	          0.01025600	          0.31426689	          0.04917038	          0.02140543	          0.01081207	          0.02619291	          0.01382134	          0.01117072	          0.18163192	          0.09982897	          0.07746757	          0.10238767	          0.29023602	          0.23804885	          0.44303335	          0.01956451	          0.01021841	          0.01094291	          0.11105155	          0.01998411	          0.01183024	          0.32048426	          0.04150689	          0.05044593	          0.04795212	
          5.90000000	         -0.23907565	          1.59466544	         -7.40757718	          0.10326871	          0.98632791	         -0.83883015	         14.55248452	         -0.51490651	         -8.02622696	         13.45550099	         -6.65852518	          6.56903496	         11.72485289	         49.95201335	          4.05700188	         -0.18403433	          8.13672461	        -28.47200010	         -2.05045343	        -26.59485927	          0.55890449	         -3.32051366	          5.91355808	         -2.73535212	        -20.38002242	         13.63909258	         16.66699605	          0.76204789	         46.76892540	         35.31319451	         46.07775932	         72.44833302	         66.26141205	          0.12693245	          0.20115968	          0.11494484	          0.20722329	          0.10931230	          0.06550230	          0.11312112	          0.01329723	          0.04813855	          0.06534142	          0.19851663	          0.29547417	          0.01020209	          0.01007128	          0.01186227	          0.01398765	          0.12143986	          0.05760066	          0.02747782	          0.02670358	          0.10468296	          0.01876280	          0.01908562	          0.06150721	          0.10872173	          0.01082101	          0.01506199	          0.02554821	          0.02343603	          0.03287496	          0.01354484	          0.20957942	          0.08867453	          0.01005546	          0.02402933	          0.61919996	          0.44575224	          0.03652058	          0.09595796	          0.04794103	          0.34757602	          0.59379540	          0.07557634	          0.01531627	          0.23657942	          0.36459941	          0.07143853	          0.01198495	          0.01103217	          0.01188110	          0.03148198	          0.03045580	          0.11950148	          0.05181930	          0.01764905	          0.03329416	          0.28389638	          0.03279004	          0.01429787	          0.01026879	          0.01749456	          0.01024078	          0.01067570	          0.29249228	          0.06666968	          0.05171808	          0.06828953	          0.23737727	          0.29963378	          0.42294446	          0.01430308	          0.01032025	          0.01192189	          0.07405240	          0.01340596	          0.41361838	          0.21368928	          0.02781026	          0.03366653	          0.03206595	
          5.92000000	         -0.33972524	          1.23235398	         -7.27788309	          0.10606409	          0.98610357	         -0.84598466	         13.88879561	         -0.43505649	         -7.92796393	         15.94605829	         -7.28153157	          6.26706445	         10.74899136	         53.94370013	          5.10030157	          0.59517157	         10.01914527	        -24.45451869	         -2.07082651	        -22.07614100	          0.49123206	         -3.84267316	          5.69927609	         -2.06941150	        -20.88008548	         13.74478196	         16.73951429	          1.30628487	         47.05400439	         35.16073439	         46.91546899	         71.95962115	         66.03376059	          0.08465475	          0.13412408	          0.07670302	          0.13822261	          0.07292344	          0.04371978	          0.07581418	          0.01332503	          0.03238473	          0.14491648	          0.14026390	          0.19995794	          0.01013783	          0.01006296	          0.07362531	          0.19921042	          0.08103181	          0.36669524	          0.07747469	          0.01898828	          0.10205405	          0.03444783	          0.01413117	          0.04109153	          0.07256847	          0.01011768	          0.01009745	          0.01763729	          0.01573176	          0.02208088	          0.01076617	          0.15338882	          0.05950310	          0.01003696	          0.01644956	          0.62104122	          0.37284636	          0.03299802	          0.07611941	          0.04235489	          0.23178527	          0.39590383	          0.05041614	          0.01038011	          0.15776195	          0.24313326	          0.04765263	          0.01797476	          0.35384000	          0.21260100	          0.02146257	          0.02040054	          0.07967589	          0.03455415	          0.01190833	          0.02223922	          0.18928101	          0.02188689	          0.01010741	          0.01020475	          0.01174533	          0.01040067	          0.01091791	          0.19510092	          0.16997881	          0.03464520	          0.15536548	          0.17351580	          0.31882541	          0.30422645	          0.11859311	          0.01008756	          0.01029296	          0.04936990	          0.01125162	          0.49272327	          0.14248005	          0.01857475	          0.02245470	          0.02140185	
          5.94000000	         -0.46542248	          0.87597514	         -7.07873530	          0.10805670	          0.98593626	         -0.85335199	         13.39610063	         -0.37450749	         -7.88595379	         18.25497476	         -7.91545763	          6.32265252	          9.89267194	         57.21319812	          6.04096766	          1.84363605	         11.78364480	        -20.66400079	         -2.01180433	        -17.48796331	          0.35813190	         -4.31749306	          5.36590595	         -1.18007963	        -21.31741531	         13.85922692	         16.71510613	          1.86231266	         47.01283373	         34.75189692	         47.23149848	         71.47681263	         65.82009957	          0.05646800	          0.08943634	          0.05118326	          0.09219881	          0.04865568	          0.02919809	          0.05057329	          0.01336003	          0.17737704	          0.14647276	          0.11271004	          0.13436650	          0.01009457	          0.01005618	          0.04987405	          0.13297214	          0.05405898	          0.51409000	          0.30106439	          0.19389228	          0.19684161	          0.18295075	          0.16285231	          0.02747138	          0.04868992	          0.01028680	          0.01014677	          0.08470926	          0.01140547	          0.21292223	          0.03355904	          0.10227913	          0.03975506	          0.01002654	          0.27620531	          0.65520870	          0.35051836	          0.02954148	          0.06625461	          0.03702967	          0.15455627	          0.26395630	          0.03363399	          0.01017156	          0.10519978	          0.16212534	          0.03179954	          0.11107260	          0.36508115	          0.19158713	          0.01456243	          0.01367104	          0.05315791	          0.02304383	          0.01183204	          0.01489522	          0.12619981	          0.35091251	          0.23027674	          0.18860411	          0.12080869	          0.14400181	          0.14224205	          0.13013957	          0.17574512	          0.26056939	          0.19747983	          0.15120139	          0.21269421	          0.20284578	          0.17954260	          0.01049724	          0.01059946	          0.03291551	          0.28558914	          0.49476243	          0.09500984	          0.01241501	          0.01497867	          0.01429020	
          5.96000000	         -0.59969042	          0.53815795	         -6.84960320	          0.10935453	          0.98584715	         -0.86076231	         13.05143465	         -0.32100817	         -7.95262517	         20.35718058	         -8.52054698	          6.75225869	          9.15801514	         59.42364880	          6.83580833	          3.33972995	         13.41870153	        -17.90054852	         -1.88942583	        -13.71079336	          0.18439982	         -4.74499577	          4.92347728	         -0.11560747	        -21.68413862	         13.95635937	         16.60956918	          2.43784269	         46.69558624	         34.08172897	         46.99260387	         71.00579102	         65.63791092	          0.03769097	          0.05965542	          0.03420856	          0.06158342	          0.03250011	          0.01954368	          0.03385379	          0.01332009	          0.11834419	          0.12038566	          0.11763639	          0.18394272	          0.01004685	          0.01001526	          0.09259042	          0.17303634	          0.03611852	          0.48124287	          0.24879577	          0.17098885	          0.16636773	          0.13737326	          0.11061520	          0.01844406	          0.03271534	          0.01009882	          0.01004121	          0.05736450	          0.01051953	          0.14201742	          0.02354157	          0.06855542	          0.02672797	          0.01000849	          0.18429921	          0.48416388	          0.32963966	          0.03333392	          0.06908146	          0.04252138	          0.10308885	          0.17601785	          0.02245352	          0.01007105	          0.07016850	          0.10814032	          0.02125755	          0.19678796	          0.25155371	          0.12858755	          0.01096445	          0.01015247	          0.03545912	          0.01537774	          0.01071529	          0.01013257	          0.08414995	          0.23867488	          0.15608004	          0.12771732	          0.09334023	          0.10807930	          0.09685921	          0.08694292	          0.22398298	          0.17400569	          0.16991984	          0.11632278	          0.16587878	          0.16401969	          0.23728634	          0.11116429	          0.04394083	          0.02194657	          0.19045546	          0.32990752	          0.06340126	          0.01002825	          0.01001258	          0.01002088	
          5.98000000	         -0.73695278	          0.22992865	         -6.59940480	          0.11008289	          0.98587908	         -0.86806888	         12.83136026	         -0.26902223	         -8.17427249	         22.27276980	         -9.05132797	          7.55386784	          8.55428605	         60.44303372	          7.48786245	          5.02564611	         15.15205090	        -16.09740529	         -1.54502626	        -10.50620263	          0.00378762	         -5.14568200	          4.39239071	          1.03828266	        -22.00823484	         14.01509211	         16.44839331	          3.02412069	         46.19089219	         33.20410757	         46.31246275	         70.55154580	         65.50775377	          0.02527032	          0.04007179	          0.02325970	          0.04150104	          0.02189494	          0.01336102	          0.02483215	          0.01313782	          0.07910398	          0.08045030	          0.07866125	          0.12277630	          0.04172955	          0.09295970	          0.06281007	          0.11648736	          0.02485759	          0.32117350	          0.18273295	          0.11473599	          0.11158430	          0.09241546	          0.08096782	          0.01332764	          0.02223998	          0.06564515	          0.07706597	          0.06620063	          0.01134770	          0.09486165	          0.01697172	          0.14533878	          0.01940305	          0.01372530	          0.12301258	          0.32282363	          0.21983209	          0.02802475	          0.08749275	          0.03050168	          0.06913303	          0.11857647	          0.01809601	          0.01384402	          0.04736089	          0.07246466	          0.03870157	          0.13129723	          0.16779622	          0.08591295	          0.01306633	          0.01285626	          0.03445350	          0.01347553	          0.01321737	          0.01412109	          0.05658469	          0.15919136	          0.10416955	          0.08529132	          0.06242675	          0.07224440	          0.06479076	          0.05837784	          0.14941316	          0.11614628	          0.11342169	          0.07775540	          0.11076088	          0.10949309	          0.15828685	          0.07433467	          0.02995256	          0.04125419	          0.12709374	          0.22000898	          0.04273293	          0.02032195	          0.01472464	          0.01827184	
          6.00000000	         -0.87612953	         -0.03010103	         -6.34792649	          0.11034256	          0.98610610	         -0.87515831	         12.72922913	         -0.25560268	         -8.51693200	         24.02872162	         -9.46781343	          8.69726556	          8.02649739	         60.29231525	          8.03357377	          6.93052889	         17.10394535	        -14.65462344	        -12.20126552	        -18.86009248	         -0.15227224	         -5.54488867	          3.77984625	          2.19097018	        -22.32885760	         14.02865643	         16.25942913	          3.60085702	         45.59402042	         32.22323994	         45.37240557	         70.12396745	         65.44961419	          0.03150306	          0.02825190	          0.03016276	          0.02915393	          0.03171900	          0.03407714	          0.02469235	          0.02985236	          0.05351735	          0.05441679	          0.05326355	          0.08230641	          0.02951233	          0.06276054	          0.04296648	          0.07811806	          0.02933342	          0.21427648	          0.12215145	          0.07701567	          0.07491418	          0.06229012	          0.05488211	          0.03346295	          0.02901228	          0.04468827	          0.05232759	          0.04531664	          0.03540338	          0.06390715	          0.02820471	          0.09727482	          0.02934631	          0.03189629	          0.08246694	          0.21537185	          0.14679075	          0.02442810	          0.05911849	          0.02440991	          0.04706646	          0.07951652	          0.02840523	          0.03018366	          0.03287032	          0.04923480	          0.02795485	          0.08794604	          0.11217981	          0.05800985	          0.02851155	          0.02830505	          0.02589020	          0.03072940	          0.03080892	          0.02990931	          0.03890016	          0.10645521	          0.06999538	          0.05756680	          0.04275830	          0.04911221	          0.04421119	          0.04009468	          0.09996957	          0.07793551	          0.07613429	          0.05267953	          0.07440186	          0.07353572	          0.10586077	          0.05043035	          0.02591783	          0.02927464	          0.08516010	          0.14690674	          0.02993588	          0.02820517	          0.03016031	          0.02894620	
