Inverse Dynamics Generalized Forces
version=1
nRows=200
nColumns=34
inDegrees=no
endheader 
time	pelvis_tilt_moment	pelvis_list_moment	pelvis_rotation_moment	pelvis_tx_force	pelvis_ty_force	pelvis_tz_force	hip_flexion_l_moment	hip_adduction_l_moment	hip_rotation_l_moment	hip_flexion_r_moment	hip_adduction_r_moment	hip_rotation_r_moment	knee_angle_l_moment	knee_angle_r_moment	ankle_angle_l_moment	ankle_angle_r_moment	subtalar_angle_l_moment	subtalar_angle_r_moment	mtp_angle_l_moment	mtp_angle_r_moment	lumbar_extension_moment	lumbar_bending_moment	lumbar_rotation_moment	arm_flex_l_moment	arm_add_l_moment	arm_rot_l_moment	arm_flex_r_moment	arm_add_r_moment	arm_rot_r_moment	elbow_flex_l_moment	elbow_flex_r_moment	pro_sup_l_moment	pro_sup_r_moment	
          2.00000000	          0.00000000	         -0.00000000	         -0.00000000	          0.00000000	          0.00000000	         -0.00000000	         -9.55094606	        -63.58940276	         -5.00357318	         37.42294551	         -0.45522074	          0.01436373	         -8.43033181	         -8.09133771	        -61.24449525	          1.21766244	          7.34707580	         -0.25875323	          1.93225259	         -0.08936654	         -2.13359819	         36.04308139	         -9.13280872	          5.41910736	         -0.93423254	         -0.68768454	          6.18814350	         -2.67776231	         -0.47429101	         -0.88752617	          1.96606428	         -0.10419892	         -0.05669718	
          2.02000000	         -0.00000000	          0.00000000	         -0.00000000	         -0.00000000	          0.00000000	         -0.00000000	          1.25186262	        -64.36848732	         -7.22319997	         31.18936466	         -2.14697343	         -0.22925464	        -11.29131222	         -6.17333514	        -68.99985825	          1.22670801	          8.51647616	         -0.29658262	          7.16824707	         -0.07746878	         -5.98280365	         36.24020193	         -6.43648236	          6.21210562	         -1.46092576	         -0.59337069	          6.22915431	         -2.46907509	         -0.54090561	         -1.03190788	          1.93772937	         -0.07060856	         -0.06547252	
          2.04000000	         -0.00000000	          0.00000000	         -0.00000000	         -0.00000000	          0.00000000	         -0.00000000	         12.43268002	        -58.06217402	         -6.24142125	         22.73677959	         -1.77323164	         -0.53305313	        -16.70080197	         -3.91477088	        -61.97666004	          1.07555935	          8.10584748	         -0.25791589	          7.20014614	         -0.06758036	        -10.26296295	         31.75411168	         -2.71862056	          5.14114064	         -2.04893168	         -0.32736354	          5.87346732	         -1.81532979	         -0.51665158	         -0.94677254	          1.79643339	         -0.01734740	         -0.06254515	
          2.06000000	         -0.00000000	          0.00000000	         -0.00000000	         -0.00000000	          0.00000000	         -0.00000000	         21.65906046	        -52.18166863	         -6.33863708	         16.57568147	          0.33775354	         -0.70410398	        -21.50770774	         -2.10731649	        -57.68080370	          0.99668681	          7.73567653	         -0.21725563	          7.07130738	         -0.06223502	        -13.84320490	         29.94903850	         -1.69125194	          3.65709132	         -2.35309031	          0.01618640	          5.59595780	         -0.94313080	         -0.39895258	         -0.77972742	          1.75736605	          0.04067469	         -0.05016989	
          2.08000000	         -0.00000000	         -0.00000000	          0.00000000	         -0.00000000	          0.00000000	          0.00000000	         28.31076336	        -48.74435720	         -5.94715061	         13.02783782	          2.65630679	         -0.68744696	        -25.44842667	         -0.89292417	        -55.35848761	          0.95486430	          8.01020388	         -0.19546904	          6.82186877	         -0.05752631	        -16.78940149	         28.67878038	         -1.18841013	          2.07997270	         -1.82156653	          0.33509944	          5.21035080	         -0.38850907	         -0.23766133	         -0.40312083	          1.68994961	          0.09209777	         -0.03055163	
          2.10000000	         -0.00000000	         -0.00000000	          0.00000000	         -0.00000000	          0.00000000	          0.00000000	         26.58382518	        -43.71549244	         -4.64169594	         14.83897918	          6.01050375	         -0.59683248	        -24.44947279	         -1.29160916	        -57.08424050	          0.94610106	         10.27824306	         -0.17425976	          6.75362489	         -0.05116739	        -16.23542105	         31.04442231	         -2.45395597	          1.53852462	         -0.78328408	          0.34872719	          4.38508764	         -0.64506692	         -0.16579724	          0.15627566	          1.51424841	          0.10749060	         -0.02508667	
          2.12000000	         -0.00000000	         -0.00000000	          0.00000000	          0.00000000	          0.00000000	          0.00000000	         16.85893368	        -37.55144195	         -2.13736003	         21.25115731	          9.92986600	         -0.50407669	        -18.34446845	         -2.97346351	        -64.57238565	          0.94753823	         14.87978264	         -0.13286435	          7.16133153	         -0.04418637	        -11.68225392	         37.87744260	         -4.97379001	          2.36264340	         -0.41091183	          0.00913455	          3.38492879	         -1.59732872	         -0.25499528	          0.56144036	          1.27971870	          0.08335703	         -0.04124526	
          2.14000000	         -0.00000000	         -0.00000000	          0.00000000	          0.00000000	          0.00000000	          0.00000000	         10.68010144	        -38.49836093	          1.03818569	         25.84408043	         11.14357087	         -0.39801269	        -14.69573503	         -3.58847846	        -75.96228860	          0.89416444	         19.52785509	         -0.10709888	          8.04050592	         -0.03905032	         -8.08395471	         43.57543646	         -4.89066999	          3.03345279	         -0.70586438	         -0.19925991	          2.90178832	         -2.60096038	         -0.42725706	          0.67632272	          1.09893310	          0.07332694	         -0.05885370	
          2.16000000	          0.00000000	         -0.00000000	          0.00000000	          0.00000000	          0.00000000	          0.00000000	          9.67526522	        -43.67662609	          3.50360035	         26.43243917	         10.99641314	         -0.47444324	        -14.17371847	         -2.51538022	        -88.61731239	          0.73120031	         22.73433714	         -0.07117595	          9.24068223	         -0.03719799	         -5.79516980	         46.31485423	         -3.45667671	          3.12939125	         -0.92723270	         -0.24455561	          3.03679936	         -3.13139834	         -0.57105575	          0.75307493	          1.09846670	          0.07942766	         -0.07180824	
          2.18000000	          0.00000000	          0.00000000	         -0.00000000	          0.00000000	          0.00000000	          0.00000000	         16.27250648	        -45.52441803	          4.02843342	         20.19529009	         11.79641422	         -0.81966390	        -17.48627043	          0.89531311	        -98.74577119	          0.43907151	         23.95276296	          0.00907799	         10.51694791	         -0.03966365	         -5.11182711	         47.35669607	         -2.44766157	          2.95742374	         -1.25193571	         -0.29841219	          3.45121211	         -2.96838237	         -0.58985040	          0.75224523	          1.23565631	          0.06987459	         -0.07329337	
          2.20000000	          0.00000000	         -0.00000000	          0.00000000	          0.00000000	          0.00000000	          0.00000000	         30.68758716	        -42.80374189	          3.17012649	          8.53907410	         13.17644565	         -1.21632653	        -24.95096159	          5.24559107	       -103.69478653	          0.30485765	         23.50611228	          0.06008977	         11.69005466	         -0.04572750	         -7.45732607	         47.26811217	         -0.92030602	          2.51425605	         -1.64684769	         -0.18864246	          3.64173150	         -2.49496447	         -0.49091826	          0.57126268	          1.23976736	          0.03879384	         -0.04928746	
          2.22000000	          0.00000000	          0.00000000	          0.00000000	          0.00000000	          0.00000000	         -0.00000000	         49.68562603	        -38.87643642	          2.17438549	         -4.48884370	         14.31324433	         -1.43279368	        -35.70509266	          9.01138314	       -103.93931606	          0.37174887	         22.19078723	          0.02975040	         12.74304990	         -0.05438590	        -12.93317037	         46.20284327	          1.95227800	          1.62250486	         -1.09170494	          0.16126621	          3.32666268	         -2.13741198	         -0.36014109	          0.57045170	          1.02360298	          0.01683413	         -0.01720102	
          2.24000000	         -0.00000000	          0.00000000	         -0.00000000	          0.00000000	          0.00000000	         -0.00000000	         70.24254283	        -31.41885390	          0.73192303	        -16.90044469	         17.16010455	         -1.63921981	        -48.12173263	         12.12209447	       -101.97476442	          0.47197891	         21.16736875	          0.00475105	         13.73925278	         -0.06459104	        -20.08261771	         47.30500289	          4.03146720	          0.63287181	         -0.26183125	          0.34527349	          2.56612426	         -1.90657690	         -0.24477527	          0.70927400	          0.74994231	          0.01964689	         -0.00903017	
          2.26000000	         -0.00000000	          0.00000000	         -0.00000000	          0.00000000	          0.00000000	         -0.00000000	         85.73847387	        -23.29640295	         -1.50617875	        -25.99207331	         20.04714905	         -1.87536305	        -58.08800191	         14.12605926	       -100.48758710	          0.53998516	         20.12871658	         -0.00290544	         14.79466148	         -0.07335840	        -25.69248153	         50.20996566	          4.66047410	         -0.30621495	         -0.27291140	          0.22288074	          2.03062440	         -1.66662939	         -0.16570328	          0.64075644	          0.64996099	          0.03902636	         -0.02443219	
          2.28000000	         -0.00000000	          0.00000000	         -0.00000000	          0.00000000	          0.00000000	         -0.00000000	         89.14265753	        -18.99656454	         -4.15755672	        -28.24313954	         19.83367561	         -1.94791924	        -62.08950940	         14.06668677	       -100.65375452	          0.62744759	         18.18296286	         -0.04905111	         15.99351547	         -0.07907017	        -26.84732148	         53.46645607	          4.06368461	         -0.82517256	         -0.88875102	         -0.03972244	          2.33847398	         -1.36605069	         -0.17678271	          0.46953752	          0.84808376	          0.06274856	         -0.05065996	
          2.30000000	         -0.00000000	          0.00000000	          0.00000000	          0.00000000	          0.00000000	         -0.00000000	         77.05913805	        -21.70193436	         -6.21082869	        -22.21676102	         14.62701882	         -1.63260881	        -58.69070736	         11.61559233	       -102.31594606	          0.78008645	         14.59711642	         -0.17559378	         17.38434212	         -0.08089376	        -22.00401309	         54.89886603	          2.87151191	         -0.29431826	         -1.44927440	         -0.23451023	          3.48311120	         -1.24081012	         -0.35989134	          0.50211290	          1.24994971	          0.06216799	         -0.07265229	
          2.32000000	         -0.00000000	         -0.00000000	         -0.00000000	         -0.00000000	          0.00000000	          0.00000000	         57.28288695	        -30.79414668	         -6.78443184	        -12.80869036	          7.17891847	         -1.12101006	        -52.40438873	          8.63034649	       -103.32926593	          0.84011466	          9.35806301	         -0.29299715	         18.90762486	         -0.07900858	        -13.95921752	         51.37431644	          2.05316235	          1.52079414	         -1.24089414	         -0.17747833	          4.69727214	         -1.44435298	         -0.66545487	          1.00967588	          1.61224137	          0.01246382	         -0.07234881	
          2.34000000	          0.00000000	         -0.00000000	          0.00000000	          0.00000000	          0.00000000	          0.00000000	         43.64629273	        -42.39380789	         -5.58885551	         -9.79372494	          2.40790211	         -0.88757693	        -50.05306248	          9.33060757	       -100.53034717	         -0.23014433	          2.90977770	          0.01634224	         20.42773987	         -0.05398051	         -6.81873645	         40.39578155	          1.92705631	          3.41310298	         -0.06191144	          0.03754536	          5.82852934	         -1.27571290	         -0.88404797	          1.83308988	          2.04379013	         -0.04394952	         -0.06190623	
          2.36000000	          0.00000000	         -0.00000000	         -0.00000000	          0.00000000	          0.00000000	          0.00000000	         52.95261167	        -45.62345148	         -4.20137982	        -28.83720007	          4.92660531	         -1.79865292	        -57.60184283	         21.49992753	        -92.24853221	         -4.80698863	         -2.37151161	          1.46436643	         21.76993858	          0.37389503	         -1.57959784	         26.89388915	          2.51441226	          4.05449284	          0.60455496	          0.04978177	          7.00211173	         -0.23696450	         -0.87522552	          2.24425369	          2.65579620	         -0.06904916	         -0.05851212	
          2.38000000	         -0.00000000	          0.00000000	          0.00000000	         -0.00000000	         -0.00000000	         -0.00000000	        100.10336179	        -38.30971450	         -5.40554368	        -87.38008147	         12.49728042	         -3.96552024	        -82.17168109	         55.26567970	        -77.40169870	        -16.48965655	         -5.17279231	          5.21704406	         22.54434038	          1.48731984	          4.85481638	         15.64333027	          4.49745799	          3.10589284	         -0.08468540	         -0.21427348	          8.17524746	          1.08528456	         -0.75558711	          1.94354277	          3.27106387	         -0.06937987	         -0.06377888	
          2.40000000	          0.00000000	          0.00000000	         -0.00000000	          0.00000000	          0.00000000	         -0.00000000	        139.22621196	        -21.72449352	         -9.39244334	       -137.75643873	         22.92824250	         -5.64673347	       -101.24457999	         84.06368815	        -61.61313944	        -27.66622651	         -5.78201277	          9.87876238	         22.33025560	          3.13532834	         11.93760311	          9.61929851	          3.71620858	          1.84932018	         -1.14250212	         -0.49343889	          7.75978907	          1.42090156	         -0.61291894	          1.41895461	          3.15238818	         -0.05643353	         -0.06328911	
          2.42000000	         -0.00000000	          0.00000000	          0.00000000	         -0.00000000	          0.00000000	         -0.00000000	        135.88112219	        -10.22659317	        -12.40850349	       -144.04326854	         27.92054580	         -5.20996094	       -101.20391371	         87.81938217	        -50.14657272	        -30.15398452	         -6.85023398	         12.14709010	         21.02123211	          3.39367528	         18.99804346	          6.28802969	         -1.06029881	          1.26381425	         -1.56314717	         -0.60346414	          5.86874359	          0.38654676	         -0.58125386	          1.15205477	          2.35155790	         -0.03589282	         -0.06091533	
          2.44000000	          0.00000000	          0.00000000	          0.00000000	          0.00000000	          0.00000000	         -0.00000000	        134.44026002	         -3.02413649	        -15.30052743	       -151.00405266	         26.30696911	         -4.51390851	       -105.29689998	         90.47306379	        -40.07250306	        -29.63182732	         -6.27467709	         12.48797693	         18.72082065	          2.98196357	         27.16398380	          7.18343097	         -4.16598071	          1.33395237	         -1.69215792	         -0.62156059	          4.20342005	         -1.23320095	         -0.72844384	          1.19224372	          1.59766932	         -0.02115793	         -0.06608004	
          2.46000000	          0.00000000	         -0.00000000	         -0.00000000	          0.00000000	          0.00000000	          0.00000000	        158.53495985	        -21.70643063	        -15.03634797	       -177.15039046	        -15.44402952	          4.37317958	       -126.11700645	         98.03920950	        -23.86232064	        -28.44285350	         -8.39589800	         10.75513587	         15.05763348	          2.39214696	         32.81488574	         14.97982393	         -1.98249097	          2.27150328	         -1.90080835	         -0.67371845	          3.98999813	         -2.62227876	         -1.05299799	          1.58561376	          1.32804257	         -0.02539347	         -0.08197154	
          2.48000000	         -0.00000000	         -0.00000000	          0.00000000	         -0.00000000	          0.00000000	          0.00000000	        142.28767134	        -33.44368433	         -8.80262083	       -163.09286413	        -61.11679825	         13.89587272	       -116.07804486	         84.76577455	        -12.13760164	        -31.00808562	         -8.77746309	         14.79306948	         10.76013035	          2.56768637	         37.82962736	         19.10080153	         -2.93922265	          3.29515687	         -1.55427505	         -0.52702864	          3.00842213	         -3.68576342	         -1.18478623	          2.21463236	          1.08273078	         -0.02501315	         -0.08316510	
          2.50000000	         -0.00000000	          0.00000000	          0.00000000	         -0.00000000	          0.00000000	         -0.00000000	        170.04355279	        -31.55493746	        -13.14589531	       -190.32399992	        -85.37804481	         14.79189736	       -121.36417953	         95.09275984	          3.63673242	        -40.24211148	         -7.16266155	         20.21701752	          5.16089905	          3.17484861	         39.24613934	         16.71740203	         -0.76635355	          1.68203795	         -1.42870893	         -0.30690524	          3.38309173	         -3.16348114	         -1.08899604	          2.14133102	          1.58064944	         -0.01717681	         -0.07926202	
          2.52000000	         -0.00000000	          0.00000000	          0.00000000	         -0.00000000	          0.00000000	         -0.00000000	        177.38745375	        -20.55679106	        -16.82638253	       -191.24423397	        -89.78591980	         10.61067497	       -116.63149836	         93.64478159	         14.54902643	        -45.89999199	         -3.82269469	         22.46437730	          0.08819911	          3.82406511	         34.20056400	         13.75231100	          2.54279009	         -0.32467113	         -1.82847254	         -0.23345318	          4.00839315	         -2.25457237	         -0.92042486	          1.65253689	          2.03008223	         -0.01281055	         -0.07009414	
          2.54000000	          0.00000000	         -0.00000000	         -0.00000000	          0.00000000	          0.00000000	          0.00000000	        124.22660903	        -11.48779888	        -12.76973636	       -133.96790513	        -93.02469700	          9.72809576	        -78.06673268	         63.67559275	         12.39103348	        -44.86475281	         -2.47213169	         22.02460851	         -1.57943203	          4.18854456	         29.16089721	         16.26859008	          0.77438314	         -0.11788754	         -2.03492126	         -0.18591326	          2.85894135	         -2.44753059	         -0.76950138	          1.56048083	          1.62610998	         -0.01107092	         -0.05112850	
          2.56000000	          0.00000000	         -0.00000000	         -0.00000000	          0.00000000	          0.00000000	          0.00000000	         92.92988747	        -10.27329686	         -9.72010770	       -101.08340436	       -103.90843230	          5.41415387	        -56.65907747	         47.18369309	         10.18534598	        -44.11183626	         -1.57148944	         17.44931498	         -2.01243241	          4.40789562	         26.91072115	         23.21691843	          3.53684242	         -0.36349566	         -2.08857158	         -0.10330451	          2.62455844	         -2.33975241	         -0.69102902	          1.43075284	          1.47091318	         -0.01064367	         -0.03848373	
          2.58000000	          0.00000000	          0.00000000	         -0.00000000	          0.00000000	          0.00000000	          0.00000000	         78.38646877	        -14.47218795	         -6.97883326	        -89.13753776	       -121.15585411	          0.12933401	        -46.65194679	         42.65918104	          8.94792711	        -45.40069282	         -1.72037255	         11.92308899	         -2.10841845	          4.68790201	         28.92965625	         31.40344802	          7.64723534	         -0.89724326	         -2.33249644	         -0.22330113	          3.22502672	         -1.77099922	         -0.66917282	          1.34757637	          1.69211526	         -0.01853651	         -0.03939194	
          2.60000000	          0.00000000	          0.00000000	         -0.00000000	          0.00000000	          0.00000000	         -0.00000000	         63.94442423	        -18.96313744	         -3.51403773	        -78.52270746	       -135.54807917	         -2.49688064	        -36.53348550	         39.60856075	          7.27286892	        -47.19159855	         -1.86886987	          8.63532768	         -1.89038100	          4.95637018	         32.34036285	         36.56905424	          8.92304855	         -0.88427171	         -2.62457104	         -0.46144385	          3.51716951	         -1.15928914	         -0.62675052	          1.42463751	          1.89935874	         -0.02888654	         -0.04402880	
          2.62000000	          0.00000000	          0.00000000	         -0.00000000	          0.00000000	          0.00000000	         -0.00000000	         45.87189427	        -21.15601108	         -0.27484612	        -59.43291818	       -139.46577232	         -0.79008257	        -24.43555680	         31.71311421	          5.10256980	        -46.44324083	         -1.73947829	          8.65672165	         -1.41147407	          4.92491550	         31.48583659	         36.33296961	          6.22744989	         -0.24579579	         -2.63886524	         -0.59735113	          2.92467943	         -0.81701057	         -0.51063936	          1.61478370	          1.86619932	         -0.03166192	         -0.04316046	
          2.64000000	          0.00000000	          0.00000000	         -0.00000000	          0.00000000	          0.00000000	         -0.00000000	         30.24212462	        -23.12745930	          2.34251608	        -37.06050898	       -137.68210171	          3.12514411	        -14.30521876	         20.66273472	          3.31904240	        -41.75224003	         -1.57063377	          9.79166768	         -0.93945860	          4.42151351	         25.40723722	         32.84795190	          2.47984471	          0.07017013	         -2.36657719	         -0.56895599	          2.10761240	         -0.37675552	         -0.31584507	          1.61106802	          1.77733303	         -0.02681992	         -0.03570711	
          2.66000000	          0.00000000	          0.00000000	         -0.00000000	          0.00000000	          0.00000000	         -0.00000000	         23.36760937	        -21.87392409	          2.61838743	        -23.16737825	       -130.38877756	          6.20996252	         -9.13229534	         12.75879726	          2.46206136	        -36.04060442	         -1.55443414	         11.40315474	         -0.69615632	          3.74672768	         19.21838490	         27.02157520	         -0.55043926	         -0.46133507	         -1.64609663	         -0.30412555	          1.72340464	          0.25313448	         -0.12758789	          1.30855389	          1.74541717	         -0.01576560	         -0.02553961	
          2.68000000	          0.00000000	          0.00000000	         -0.00000000	          0.00000000	          0.00000000	         -0.00000000	         22.85265572	        -18.92094891	          1.89365270	        -18.36692301	       -123.35726248	          5.61027208	         -8.04302046	          8.60993664	          2.31540619	        -32.38349680	         -1.77171122	         12.01448987	         -0.66822854	          3.29026071	         15.91582737	         20.09567729	         -0.62073136	         -1.59994224	         -0.81594706	          0.04990310	          1.97834306	          0.97390914	          0.02583797	          0.94225493	          1.89942481	         -0.00490493	         -0.01511698	
          2.70000000	          0.00000000	          0.00000000	         -0.00000000	          0.00000000	          0.00000000	         -0.00000000	         22.75570457	        -16.60725933	          1.60880702	        -17.56451981	       -119.51031941	         -0.66132727	         -7.95089047	          5.41638330	          2.38049519	        -31.53689128	         -2.09023728	          9.87990730	         -0.72260077	          3.18800807	         16.13453431	         12.96151579	          3.50998149	         -2.61930603	         -0.49190152	          0.21695034	          2.97048613	          1.64896340	          0.08620377	          0.79184929	          2.34833732	         -0.00216106	         -0.01090637	
          2.72000000	          0.00000000	          0.00000000	         -0.00000000	          0.00000000	          0.00000000	         -0.00000000	         17.23595645	        -12.52008056	          1.44232994	        -14.31149604	       -114.57687751	         -7.66997842	         -4.00982296	          1.04837408	          2.08698347	        -32.57268637	         -1.78338615	          7.59508340	         -0.59101653	          3.34955866	         18.76566485	          7.21428755	          7.65901683	         -2.92694119	         -0.67609950	          0.17221023	          4.09937581	          2.02411223	          0.00522271	          0.83957123	          2.80187878	         -0.00749188	         -0.01632996	
          2.74000000	          0.00000001	          0.00000000	         -0.00000000	          0.00000001	         -0.00000000	         -0.00000000	          3.71276257	         -3.31933559	          1.10265590	         -0.35721016	       -102.45280409	         -6.47782019	          5.14415936	         -8.12166152	          1.55273412	        -31.74874848	         -0.71339470	          9.52483995	         -0.26120411	          3.43865496	         18.70732534	          4.05799408	          5.84250504	         -1.91824086	         -0.81857017	          0.09287560	          3.82897275	          1.43202132	         -0.12503747	          1.15815877	          2.66488675	         -0.01185763	         -0.02347810	
          2.76000000	          0.00000000	          0.00000000	         -0.00000000	          0.00000000	          0.00000000	         -0.00000000	         -7.13926662	          1.11165311	          1.61554706	         15.58336296	        -91.01121050	         -1.49749789	         10.53592079	        -20.74305299	          1.28342594	        -20.87667078	         -0.22515814	          9.46375637	         -0.10598761	          2.59589457	         13.94842754	          3.87924000	          2.98091684	         -0.84213646	         -0.91445843	          0.00336978	          2.64923868	          0.74629716	         -0.09112146	          1.31890359	          2.12872302	         -0.01393423	         -0.01996558	
          2.78000000	          0.00000000	         -0.00000000	         -0.00000000	          0.00000000	          0.00000000	          0.00000000	         -9.82108195	         13.07717409	          0.00080708	         21.36040198	        -68.75116228	         11.40180285	         12.61298415	        -27.93635643	          0.98886776	         -7.39261604	          0.12651325	         14.63297003	         -0.07365412	          1.29140410	         11.60158299	          2.03847510	         -4.84053522	          0.89023014	         -0.46466669	          0.04816921	          0.90846843	         -0.57060256	         -0.16495008	          1.70801651	          1.31314558	         -0.01080038	         -0.02262132	
          2.80000000	          0.00000000	         -0.00000000	          0.00000000	          0.00000000	          0.00000001	          0.00000000	         -2.81421195	         21.03337876	         -1.56703117	          8.83618464	        -60.80753903	         17.95340126	         10.99875336	        -24.95430203	          0.84189254	          2.73036493	          0.34516442	         17.19087862	         -0.05969389	          0.22826379	         17.80690056	          1.01647517	         -6.91236616	          1.44675457	         -0.45487394	         -0.01439971	          1.21611162	         -0.70484996	         -0.34398608	          1.91775001	          1.34337689	         -0.01796630	         -0.03498009	
          2.82000000	          0.00000000	         -0.00000001	          0.00000000	          0.00000000	          0.00000001	          0.00000001	          8.12357474	         23.77043450	         -2.55289034	         -9.70642756	        -64.58200524	         17.85581823	          7.29760420	        -17.63223742	          0.97996219	          6.96336835	          0.44217870	         16.75501048	         -0.04665940	          0.01516119	         26.30898111	         -0.29691341	         -4.23387874	          1.22410322	         -0.74564840	         -0.14029415	          2.96782624	         -0.26992978	         -0.60403288	          2.04787391	          1.97479765	         -0.03056184	         -0.05128779	
          2.84000000	          0.00000000	         -0.00000001	          0.00000000	          0.00000000	          0.00000001	          0.00000001	         23.34363611	         17.11217249	         -2.51541374	        -29.47649138	        -78.43173859	         15.13340068	         -0.75172436	         -7.19816251	          2.06005506	          8.07615857	          0.26265164	         13.70272888	         -0.03615997	          0.01257796	         31.19425716	          1.17377669	         -0.29980492	          0.99564360	         -1.32482903	         -0.36356829	          4.63892724	          0.09573471	         -0.80943276	          2.11094150	          2.60754273	         -0.04441499	         -0.06236384	
          2.86000000	         -0.00000002	         -0.00000000	          0.00000000	         -0.00000002	          0.00000002	          0.00000001	         43.47145118	          7.19731320	         -2.87125613	        -48.80902898	        -93.59010606	         12.15512698	        -14.04316715	          4.39720161	          4.83543623	          7.73371296	         -0.11442445	          9.90997981	         -0.02852089	          0.00803932	         30.59630916	          5.55669345	          3.43190322	          0.59590130	         -2.11071074	         -0.58451595	          5.57922862	          0.26764969	         -0.87652975	          1.97857288	          3.00822299	         -0.05172489	         -0.06494468	
          2.88000000	         -0.00000006	          0.00000002	          0.00000001	         -0.00000006	          0.00000006	         -0.00000001	         65.81073149	          6.06026995	         -4.94348309	        -65.48495418	        -95.68387361	         10.23465425	        -30.06635616	         13.71591516	          9.11531239	          6.58686029	         -0.42816340	          8.01931065	         -0.02482965	         -0.01277621	         25.53580784	          9.62393395	          6.81824917	         -0.35603813	         -2.76189224	         -0.63553517	          5.78938180	          0.35729527	         -0.79331798	          1.62778683	          3.17485640	         -0.04646626	         -0.05938842	
          2.90000000	         -0.00000005	          0.00000003	          0.00000001	         -0.00000006	          0.00000005	         -0.00000002	         67.63753577	         10.56134489	         -6.01553904	        -58.82788074	        -88.30174315	         11.34600114	        -33.50170147	         10.63561431	         10.63869114	          6.42954587	         -0.47061446	          8.17334110	         -0.02419395	         -0.03943697	         17.27946840	         11.73279031	          6.35668174	         -0.89035480	         -2.95170774	         -0.54042390	          4.73929240	          0.17732006	         -0.59484884	          1.37348610	          2.86990894	         -0.03471933	         -0.04832580	
          2.92000000	         -0.00000004	          0.00000002	          0.00000000	         -0.00000004	          0.00000002	         -0.00000001	         57.47851959	         16.11361595	         -6.15986663	        -40.52014703	        -78.57118871	         14.61151482	        -29.25534187	          2.14814895	         10.15204972	          7.03859141	         -0.35003196	          9.62204167	         -0.02632194	         -0.06245791	          8.83913521	         12.84101774	          3.18048826	         -0.92650821	         -2.82185690	         -0.40374761	          3.14720590	         -0.00487861	         -0.36480837	          1.27013464	          2.36367497	         -0.02390315	         -0.03689343	
          2.94000000	         -0.00000006	         -0.00000004	         -0.00000000	         -0.00000006	          0.00000000	          0.00000004	         47.97541453	         27.59820245	         -6.84536968	        -27.51509437	        -58.61297710	         16.37629496	        -24.06928555	         -5.20018130	          9.08926992	          8.12236871	         -0.02580384	         11.90503012	         -0.03272030	         -0.07294120	          4.49808103	          8.98348456	          1.56943639	         -1.14652950	         -2.22581617	         -0.16223113	          2.82300789	          0.07800469	         -0.32666885	          1.20002363	          2.22281632	         -0.01140300	         -0.03552388	
          2.96000000	         -0.00000014	         -0.00000007	          0.00000001	         -0.00000013	         -0.00000001	          0.00000007	         38.82689899	         40.96538520	         -8.70539716	        -20.08313991	        -42.44298824	         16.52694795	        -18.03791602	        -10.07053347	          7.73129995	          9.19409700	          0.42285626	         14.04744458	         -0.04094216	         -0.06814320	          5.38909261	          7.32877858	          1.62096763	         -0.97622018	         -1.88456975	         -0.10317691	          3.67142771	          0.63634644	         -0.37638130	          1.26922524	          2.54574556	         -0.01089088	         -0.03904097	
          2.98000000	          0.00000005	         -0.00000015	         -0.00000003	          0.00000007	         -0.00000014	          0.00000013	         30.73295102	         50.39140619	        -10.16530158	        -17.96336142	        -33.19776511	         15.92024806	        -12.06649061	        -11.82326705	          6.29633287	          9.58318009	          0.79112174	         16.11667505	         -0.04651088	         -0.04900694	         10.53524041	          5.83668103	          2.10601985	         -0.34690484	         -1.82170018	         -0.21436011	          5.26407713	          1.37648725	         -0.51368194	          1.46253497	          3.17171836	         -0.02124092	         -0.04738000	
          3.00000000	         -0.00000176	         -0.00000023	          0.00000024	         -0.00000174	         -0.00000029	          0.00000019	         30.46487954	         49.45177781	        -10.19299982	        -23.76049461	        -33.78892019	         13.90223816	        -10.93172975	         -8.71970904	          5.73613491	          8.94666242	          0.82213014	         17.24974024	         -0.04744594	         -0.02642690	         15.84286826	          2.44045089	          2.79275510	          0.20193963	         -1.79116985	         -0.33264657	          6.46338500	          1.71369964	         -0.65711280	          1.62142235	          3.56185510	         -0.03224709	         -0.05491502	
          3.02000000	          0.00000007	          0.00000015	          0.00000001	          0.00000007	          0.00000002	         -0.00000014	         36.84063667	         45.00058633	         -9.18033950	        -33.13695135	        -34.20967975	         11.78118877	        -13.84600388	         -4.19236639	          5.82204383	          7.64094081	          0.69244805	         17.54451364	         -0.04708504	         -0.01378080	         18.05711991	         -3.71814959	          3.50914364	          0.28385547	         -1.47371322	         -0.29832625	          6.50186340	          1.23186189	         -0.77783656	          1.65514378	          3.30596211	         -0.03333227	         -0.05964067	
          3.04000000	         -0.00000004	          0.00000002	          0.00000001	         -0.00000004	          0.00000003	         -0.00000002	         43.70632469	         32.53930878	         -7.30834130	        -41.27643671	        -45.08753448	          9.47961486	        -17.07726868	          2.08199416	          5.76838343	          6.07761052	          0.39234065	         15.86886577	         -0.04596541	         -0.01064619	         18.39146677	         -6.93122730	          3.45653396	          0.26278236	         -1.31186908	         -0.26548353	          5.50703295	          0.35911947	         -0.83822620	          1.60543200	          2.61054775	         -0.03145314	         -0.06257030	
          3.06000000	          0.00000006	          0.00000011	          0.00000001	          0.00000006	          0.00000003	         -0.00000010	         49.24249865	         15.27830597	         -4.70675560	        -47.44727754	        -62.36844582	          7.55467126	        -19.56756477	          9.41350270	          5.41739730	          4.32138718	          0.01812465	         13.10534162	         -0.04437054	         -0.01441409	         18.07847492	         -8.27560566	          2.64631077	          0.17048035	         -1.24035202	         -0.21242196	          4.29186928	         -0.46086192	         -0.87370191	          1.50579927	          1.90300809	         -0.02552460	         -0.06598879	
          3.08000000	          0.00000002	          0.00000007	          0.00000001	          0.00000002	          0.00000001	         -0.00000007	         51.78487988	         -0.02920348	         -2.04068620	        -50.67614665	        -73.67253717	          4.03551849	        -20.35807224	         12.99126191	          4.66933622	          3.37691107	         -0.28528543	          9.47820105	         -0.04273596	         -0.02026622	         18.10982938	        -13.47135134	          3.35969650	         -0.36048275	         -0.95857130	         -0.03729175	          4.31349374	         -0.90864761	         -1.01200648	          1.35916098	          1.72511135	         -0.01215757	         -0.07453860	
          3.10000000	          0.00000000	          0.00000002	          0.00000000	          0.00000000	         -0.00000000	         -0.00000002	         47.68962401	        -12.11400167	         -0.19943921	        -44.57237683	        -84.55150601	          1.38988691	        -17.95515746	         11.68867869	          3.47995356	          2.92233429	         -0.46588065	          5.93623019	         -0.03979159	         -0.02376972	         16.16934418	        -16.38206364	          3.25716251	         -0.51717695	         -1.03188184	          0.01845083	          4.47782260	         -1.12629210	         -1.07688005	          1.24356101	          1.77919534	         -0.00475095	         -0.07849396	
          3.12000000	          0.00000001	          0.00000000	          0.00000000	          0.00000001	         -0.00000001	         -0.00000000	         41.12224648	        -20.17649148	          0.46714939	        -32.20729481	        -95.21004702	          0.26680762	        -14.67258613	          6.92716655	          2.35167753	          2.49520529	         -0.55220205	          3.22539548	         -0.03631624	         -0.02271317	         11.14264558	        -15.73543436	          1.88991397	         -0.58801994	         -1.51129621	          0.01049051	          4.30844267	         -1.32378716	         -1.04910524	          1.05467323	          1.85725503	          0.00076323	         -0.07683032	
          3.14000000	         -0.00000000	         -0.00000000	         -0.00000000	          0.00000000	         -0.00000000	          0.00000000	         34.87738824	        -25.57491913	          0.48059751	        -17.34792901	       -103.64671422	          0.12258200	        -12.34789606	         -0.13719904	          1.77756664	          2.09502213	         -0.62124756	          1.38117186	         -0.03230163	         -0.00917995	          3.73578527	        -13.45316899	         -0.34180308	         -0.89894915	         -2.20574905	          0.04139845	          3.77950274	         -1.45731882	         -0.94346248	          0.73788782	          1.88139293	          0.01004698	         -0.07079748	
          3.16000000	         -0.00000000	         -0.00000000	         -0.00000000	         -0.00000000	          0.00000000	          0.00000000	         27.97977859	        -28.31062602	          0.28696022	         -1.64566336	       -109.10742842	          0.24709753	         -9.99292904	         -8.73707353	          1.46298818	          2.22052315	         -0.64914845	         -0.32652461	         -0.02839260	          0.02103904	         -3.87767900	         -9.80614359	         -2.39528732	         -1.33074023	         -2.94441753	          0.09660010	          3.07970383	         -1.24947000	         -0.75705202	          0.35710371	          1.84062635	          0.02023063	         -0.06137675	
          3.18000000	         -0.00000001	          0.00000000	         -0.00000000	         -0.00000001	          0.00000000	         -0.00000000	         23.22979951	        -26.25221696	          0.03743565	          7.21890706	       -110.00462263	          0.22911439	         -7.92431182	        -14.78529125	          1.28029313	          2.65077287	         -0.57188843	         -1.57051418	         -0.02812185	          0.04680116	         -7.39365359	         -5.09117023	         -2.33387789	         -1.58907035	         -3.43652241	          0.11112951	          2.91378751	         -0.55827379	         -0.55932456	          0.09480528	          1.87782184	          0.02347128	         -0.05251799	
          3.20000000	         -0.00000001	          0.00000000	         -0.00000000	         -0.00000001	          0.00000001	         -0.00000000	         23.11638723	        -19.83075512	         -0.15844755	          4.57891240	       -104.88475650	         -0.15011684	         -6.95214828	        -15.63801170	          1.24129085	          2.77208221	         -0.40944173	         -1.55342230	         -0.03366736	          0.04781748	         -4.82500219	         -2.31089988	          0.49442246	         -1.50686221	         -3.46877529	          0.05302417	          3.69987167	          0.33518959	         -0.42090668	          0.07134640	          2.10703554	          0.01612543	         -0.04599929	
          3.22000000	         -0.00000000	          0.00000000	         -0.00000000	         -0.00000000	          0.00000000	         -0.00000000	         27.27734794	        -13.48392485	         -0.25016404	         -6.53748136	        -96.73452968	         -1.00982262	         -7.45249366	        -11.96562105	          1.31428753	          2.05992752	         -0.26969697	         -0.49907820	         -0.04367056	          0.04389440	          1.48095289	         -3.41188639	          4.74406296	         -0.98448715	         -3.19785335	         -0.10629583	          5.13072577	          1.14447109	         -0.32558046	          0.23561929	          2.49481236	         -0.00107276	         -0.03942016	
          3.24000000	         -0.00000000	          0.00000000	         -0.00000000	         -0.00000000	          0.00000000	         -0.00000000	         32.91170635	        -10.33874242	         -0.26162285	        -18.18049355	        -87.13959388	         -2.23858468	         -9.03066699	         -7.45087581	          1.45466223	          0.54452240	         -0.22032564	          0.91526174	         -0.05487718	          0.05156082	          6.94558039	         -9.12978438	          8.48049922	         -0.18746317	         -2.87955700	         -0.31754046	          6.70896361	          1.58401739	         -0.27063451	          0.44278675	          2.94448273	         -0.02112021	         -0.03225015	
          3.26000000	         -0.00000000	          0.00000000	         -0.00000000	         -0.00000000	          0.00000000	         -0.00000000	         35.82960735	        -11.30149795	         -0.21307083	        -21.38774816	        -78.18356386	         -3.38963001	        -10.51377459	         -6.31097024	          1.58633208	         -1.22270945	         -0.26372185	          1.73440682	         -0.06342242	          0.07079524	          7.30729798	        -17.03002306	          9.67299557	          0.68591614	         -2.78735492	         -0.50099248	          7.82029460	          1.40520305	         -0.28020813	          0.54182226	          3.26876340	         -0.03488805	         -0.02761961	
          3.28000000	         -0.00000000	          0.00000000	         -0.00000000	         -0.00000000	          0.00000000	         -0.00000000	         33.74433576	        -14.97170300	         -0.12269531	        -11.51833065	        -72.05271902	         -4.46905838	        -10.98746060	        -11.14423041	          1.64857306	         -2.36770877	         -0.34883817	          0.91049707	         -0.06725891	          0.09562200	          0.46064358	        -22.76124618	          7.61653237	          1.45584912	         -3.19072404	         -0.59072787	          8.09598497	          0.78299790	         -0.33208981	          0.40548474	          3.34002474	         -0.03529206	         -0.02720743	
          3.30000000	         -0.00000000	          0.00000000	         -0.00000000	         -0.00000000	          0.00000000	         -0.00000000	         28.28419670	        -20.41210557	          0.01226429	          4.88148998	        -72.57412726	         -5.61580891	        -10.55559713	        -18.33125902	          1.64464955	         -2.91391772	         -0.45540081	         -1.85184387	         -0.06710079	          0.11967825	         -9.45174635	        -22.30067903	          3.07036413	          2.22439740	         -4.03779593	         -0.61604618	          7.42191175	          0.21995693	         -0.35235748	          0.05712090	          3.10734902	         -0.02545313	         -0.02882463	
          3.32000000	         -0.00000000	          0.00000000	         -0.00000000	         -0.00000000	          0.00000000	         -0.00000000	         19.86995717	        -21.28148163	          0.09533872	         22.08719575	        -69.96569315	         -7.99436823	         -8.38604050	        -26.91378180	          1.51956487	         -2.82442653	         -0.46554920	         -5.67953490	         -0.06290964	          0.15508969	        -17.65049680	        -19.45782301	          0.24665030	          2.25776989	         -4.71992202	         -0.45919004	          6.83667125	          0.15230624	         -0.28655781	         -0.31105632	          2.87934090	         -0.00548548	         -0.02660390	
          3.34000000	         -0.00000000	          0.00000000	         -0.00000000	         -0.00000000	          0.00000000	         -0.00000000	         11.04413425	        -19.15190011	          0.12238614	         33.76758962	        -66.37360946	        -10.83675698	         -5.31334028	        -32.38342372	          1.31983375	         -3.89240138	         -0.42565898	         -9.48579802	         -0.05561920	          0.22710430	        -20.97988381	        -14.81913617	         -0.57443588	          1.74275403	         -5.06964456	         -0.19893071	          6.18527560	          0.55463291	         -0.12994060	         -0.58697706	          2.57971760	          0.01660522	         -0.01970642	
          3.36000000	         -0.00000000	          0.00000000	         -0.00000000	         -0.00000000	          0.00000000	         -0.00000000	          3.46705570	        -15.77471189	          0.03355680	         40.48956991	        -61.13445101	        -13.97125231	         -2.24692048	        -34.11865085	          1.12265935	         -9.26543597	         -0.38936971	        -11.71255843	         -0.04808767	          0.51520281	        -21.34119012	        -12.21764413	          0.37466083	          0.68257011	         -4.92878664	          0.12400912	          5.69805629	          1.27648023	          0.09781571	         -0.62641904	          2.32348390	          0.03299275	         -0.00614604	
          3.38000000	         -0.00000000	          0.00000000	         -0.00000000	         -0.00000000	          0.00000000	         -0.00000000	        -10.37890830	        -11.18200403	         -0.34910401	         58.42867810	        -45.21150581	        -22.55967870	          3.09951855	        -42.46585863	          0.88189019	        -20.37946209	         -0.41474743	        -12.91393992	         -0.04014740	          1.45655865	        -25.51842223	        -20.12876399	          5.03570936	         -1.46076561	         -3.97425283	          0.55271289	          6.22980556	          2.26375375	          0.42904007	         -0.15610999	          2.40288145	          0.03689261	          0.02246104	
          3.40000000	         -0.00000000	          0.00000000	          0.00000000	         -0.00000000	          0.00000000	         -0.00000000	        -18.00956959	        -11.46247729	         -0.90308251	         70.88266129	        -32.39160477	        -30.63247163	          5.70548002	        -46.02958764	          0.82903201	        -42.66469090	         -0.54390979	         -7.98889288	         -0.03696502	          3.55869819	        -29.70275814	        -33.20639919	          9.73598490	         -3.16617365	         -3.22394673	          0.80618013	          7.28161806	          3.50655194	          0.84463457	          0.43764866	          2.69763729	          0.02520955	          0.06100882	
          3.42000000	          0.00000000	          0.00000000	          0.00000000	          0.00000000	          0.00000000	         -0.00000000	        -15.40008756	        -11.55806593	         -1.05391137	         73.67405093	        -27.70496641	        -22.87090910	          5.23384793	        -42.60760562	          0.92276059	        -77.36138201	         -0.53909758	         10.71078814	         -0.03822226	          7.17140543	        -34.00874441	        -45.48852649	          3.58199028	         -2.15835999	         -3.63275384	          0.64764040	          5.74977407	          3.72436422	          0.82892693	          0.58581981	          2.22966320	          0.00816433	          0.05876141	
          3.44000000	          0.00000000	          0.00000000	          0.00000000	          0.00000000	          0.00000000	         -0.00000000	         -7.77442502	         -9.25232748	         -0.88681801	         70.93825823	        -24.23558938	        -10.10817722	          3.47059368	        -41.30783288	          1.03867357	       -107.78318636	         -0.39597394	         32.08484291	         -0.04148019	         10.82246671	        -37.44838249	        -54.24861247	         -3.92041905	         -0.18719675	         -4.52194756	          0.38038224	          4.13923052	          3.44848996	          0.64068078	          0.42137576	          1.76093211	         -0.00401217	          0.04249015	
          3.46000000	          0.00000000	          0.00000000	          0.00000000	          0.00000000	         -0.00000000	         -0.00000000	         -1.98242797	         -7.27807080	         -0.73139219	         69.82780802	        -19.46766792	         -4.61331543	          2.12494842	        -50.02123542	          1.06885922	       -114.43491280	         -0.26440271	         42.83151565	         -0.04234218	         12.94137970	        -40.31783937	        -56.82589485	         -5.14448296	          1.54831229	         -5.08425215	          0.13277582	          4.56057301	          3.27115374	          0.67258838	          0.14483751	          1.86045371	         -0.01345176	          0.04918894	
          3.48000000	          0.00000000	          0.00000000	          0.00000000	          0.00000000	          0.00000000	         -0.00000000	         -3.74790777	          0.30573997	         -0.37843892	         75.74069487	         -5.51990462	         -1.78866946	          3.83821911	        -63.30705994	          0.86723902	       -105.40950738	         -0.03317282	         45.98727750	         -0.03686382	         13.42110432	        -43.70828503	        -56.59900074	         -5.51222758	          3.50521589	         -5.05741373	         -0.18820197	          5.06086144	          2.52320046	          0.64554141	         -0.24710287	          1.99898061	         -0.02184269	          0.05473120	
          3.50000000	         -0.00000000	          0.00000000	         -0.00000000	         -0.00000000	          0.00000000	         -0.00000000	         -5.61120854	          2.96146962	         -0.01676953	         79.90977517	          1.97838836	          1.98017170	          4.94227994	        -73.50100970	          0.67160190	        -97.29993779	          0.08312193	         46.85615092	         -0.02726132	         13.32264483	        -45.89089542	        -55.44601583	         -9.13704168	          5.99659331	         -5.31737605	         -0.52284468	          4.51514098	          1.97688356	          0.53481029	         -0.88594615	          1.81059306	         -0.02211315	          0.04957715	
          3.52000000	          0.00000000	          0.00000000	          0.00000000	          0.00000000	          0.00000000	         -0.00000000	         -5.86195131	          2.77530779	          0.37116436	         85.29661290	          2.79143194	          5.94142934	          5.27584253	        -86.95349683	          0.58367218	       -100.74995287	          0.12509760	         48.22207685	         -0.01783714	         14.08939645	        -48.78235517	        -58.20982310	        -13.29339975	          8.14505415	         -6.09275539	         -0.67839981	          4.50545780	          2.08408297	          0.59044067	         -1.41235284	          1.75457192	         -0.01748983	          0.05472220	
          3.54000000	         -0.00000000	          0.00000000	         -0.00000000	         -0.00000000	          0.00000000	         -0.00000000	         -8.66621961	          5.03929730	          0.79759499	         94.36292411	          2.52151374	          7.72812842	          6.93927333	       -104.86487088	          0.49141815	       -106.50312177	          0.19458096	         45.61868413	         -0.00907463	         15.38956478	        -51.92559449	        -60.54859357	        -16.66249363	          9.81503418	         -6.88461748	         -0.72939512	          4.81350912	          2.52439808	          0.73862610	         -1.72136372	          1.70553183	         -0.01747238	          0.06317273	
          3.56000000	          0.00000000	          0.00000000	          0.00000000	          0.00000000	          0.00000000	         -0.00000000	        -13.24489148	          0.96743528	          1.14770933	         97.52645364	        -10.05541256	          8.66996306	          8.41762281	       -115.35050380	          0.40072799	        -99.47870548	          0.11941027	         35.06482645	         -0.00011643	         15.77789574	        -50.99988539	        -51.02576073	        -22.82503914	         11.83209835	         -7.32010006	         -0.87844694	          2.53920846	          3.15631316	          0.39406295	         -2.16547606	          0.77644334	         -0.02063308	          0.02340173	
          3.58000000	          0.00000000	          0.00000000	          0.00000000	          0.00000000	          0.00000000	         -0.00000000	        -19.26004731	         10.78092122	          1.37037012	        106.19850928	          8.38123459	          5.49389433	         12.54870048	       -127.49177510	          0.22904581	        -96.09080486	          0.33378180	         36.57131506	          0.00192223	         16.02009817	        -52.29432761	        -55.27524191	        -21.57800307	         12.47519330	         -5.41731400	         -1.63759858	          2.23129109	          4.22394405	          0.40717557	         -1.78403844	          0.32837297	         -0.07284528	          0.01962978	
          3.60000000	         -0.00000000	          0.00000000	         -0.00000000	         -0.00000000	          0.00000000	         -0.00000000	         21.21029099	        -39.93455500	          2.27009181	        -13.60731470	        -94.65502695	         19.21634041	         -8.79866409	        -29.62726252	          0.69937116	        -22.10838705	         -0.40532405	        -23.80862981	          0.00407723	          6.52345217	          1.20683277	         24.06471312	         -9.30340816	         10.72757296	          2.00423541	         -3.33544154	          2.73901702	          4.98648584	          1.31496063	         -1.18140893	         -0.69167721	         -0.16319322	          0.06311217	
          3.62000000	         -0.00000000	          0.00000000	         -0.00000000	         -0.00000000	          0.00000000	         -0.00000000	        -29.30205634	        -19.63422653	          3.67846573	        131.18745377	        -15.65223510	          2.14929035	         13.81517146	       -162.50122598	          0.56817667	        -88.48521118	         -0.37451582	         31.54630327	         -0.00621258	         14.97822641	        -63.41136080	        -67.89693686	        -34.91983970	         16.44932912	          0.97739665	         -4.54441610	         -0.76649167	          2.52256761	         -0.64499614	         -0.91764743	          0.73817423	         -0.19376459	          0.00363995	
          3.64000000	          0.00000000	         -0.00000000	          0.00000000	          0.00000000	          0.00000000	          0.00000000	        -21.39691673	        -27.67074975	          4.93767163	        160.66650353	         -2.32892301	          3.83827862	         12.72604383	       -224.22761089	          1.29415012	       -136.05388877	         -0.59338994	         49.46493981	         -0.03741384	         18.83205337	        -84.43114131	       -115.87876543	        -34.27000618	         19.17240046	          1.16056942	         -5.73272740	          5.02030591	          2.89773983	          0.81516106	         -0.39822019	          2.44451631	         -0.23871703	          0.13001244	
          3.66000000	         -0.00000000	         -0.00000000	          0.00000000	         -0.00000000	          0.00000000	          0.00000000	        -25.33698083	        -37.66472234	          7.73573666	        200.03539269	         21.25871618	          1.78453496	         16.07052057	       -285.98576793	          1.75188971	       -174.92832947	         -0.97484148	         70.76751677	         -0.06336699	         20.41686396	       -104.24183037	       -168.95016462	        -34.46820492	         23.48036997	          1.09842723	         -7.46234826	         11.06698159	          2.34089833	          2.51563117	         -0.26446068	          4.40524830	         -0.29208480	          0.26482309	
          3.68000000	         -0.00000000	         -0.00000000	         -0.00000000	         -0.00000000	          0.00000000	          0.00000000	        -24.88015029	        -62.40278795	         12.68400004	        225.12055569	         37.15481921	          4.94110049	         16.25671560	       -334.32989954	          2.61791319	       -210.23959628	         -1.80057313	         88.39907142	         -0.09005802	         20.60003413	       -116.72242064	       -226.01065489	        -32.01333874	         29.22421465	          2.70107749	        -10.69993379	         19.57235850	         -0.49094898	          5.34171845	          0.20662245	          7.43259799	         -0.40751750	          0.46372462	
          3.70000000	         -0.00000000	          0.00000000	         -0.00000000	         -0.00000000	          0.00000000	         -0.00000000	        -25.07217889	        -78.86876148	         18.29447639	        220.30137613	         53.57282434	          2.61786698	         18.30262458	       -334.82609423	          3.09690744	       -217.62259266	         -2.46076527	         95.57799275	         -0.11146724	         19.46510209	       -109.50579234	       -258.22397024	        -16.36984105	         32.08126096	          3.40509065	        -13.49801735	         29.53167353	         -1.84295334	          9.53027129	          1.33862601	          9.27561920	         -0.52110786	          0.66275115	
          3.72000000	         -0.00000000	          0.00000000	         -0.00000000	         -0.00000000	         -0.00000000	         -0.00000000	        -24.39177534	        -76.64137191	         21.52646750	        211.23854992	         72.20083908	          5.68843853	         25.57292440	       -335.32194922	          2.99603324	       -230.51979405	         -2.59308097	        103.39507788	         -0.01400245	         19.05704799	       -100.65001588	       -276.39797331	         -5.01288238	         35.36421345	         -2.17323404	        -14.99664632	         36.58033692	         -0.62210952	         13.47441924	          2.28551384	          9.98641695	         -0.58071483	          0.79353310	
          3.74000000	         -0.00000000	          0.00000000	         -0.00000000	         -0.00000000	          0.00000000	         -0.00000000	         -8.16623075	        -50.77684145	         17.68789636	        194.88555614	        116.47702718	          2.88172735	         28.37172280	       -332.13234561	          3.99003202	       -247.10769987	         -1.88115132	        117.53453719	         -0.17726604	         18.84369801	       -100.03997665	       -286.63869009	         13.36973159	         35.63009462	        -14.35026604	        -14.91572330	         42.90130678	          5.64270082	         18.18317467	          3.22208787	          9.36988277	         -0.59963186	          0.89895522	
          3.76000000	         -0.00000000	         -0.00000000	         -0.00000000	         -0.00000000	          0.00000000	          0.00000000	         26.79865106	        -21.69216037	          9.99671349	        147.81563915	        159.10116369	          5.74212964	         26.28983740	       -323.78121993	          5.13718921	       -283.20680739	         -1.05022607	        138.50319377	         -0.25002655	         19.26472181	        -90.05752223	       -292.41306003	         46.87673366	         32.70403474	        -32.98449973	        -14.82227309	         49.01982665	         18.77392283	         23.76935199	          3.30110794	          7.57434397	         -0.61572265	          0.97162050	
          3.78000000	         -0.00000000	         -0.00000000	         -0.00000000	         -0.00000000	          0.00000000	          0.00000000	         53.66863302	        -14.17613950	         13.45234437	         50.66018617	        197.58674936	         -8.37978339	         20.57648593	       -234.72909012	          6.07177013	       -278.89521118	         -1.32925701	        150.55863770	         -0.29921170	         18.53595032	        -43.75230645	       -295.67312086	        108.35049408	         16.74467885	        -47.30198712	        -13.73580673	         57.41822831	         30.64886435	         32.56943970	          3.56343725	          8.54568418	         -0.63122264	          1.21867675	
          3.80000000	         -0.00000000	         -0.00000000	         -0.00000000	         -0.00000000	          0.00000000	          0.00000000	         50.57096815	        -16.10822394	         23.02884516	         -0.62960170	        196.44642450	        -21.25484442	         25.89496856	       -153.42430889	          6.06317913	       -240.28921498	         -1.64283560	        139.39749045	         -0.30819777	         18.98349055	        -23.87028396	       -266.69685937	        119.79234790	         -1.44997861	        -54.24173290	        -13.70031350	         40.75006987	         41.92838646	         31.11752265	          2.80083492	          9.71524480	         -0.64063599	          1.16692482	
          3.82000000	         -0.00000000	         -0.00000000	         -0.00000000	         -0.00000000	          0.00000000	          0.00000000	         84.20634083	         -7.75053942	          5.73590392	        -13.98714313	        101.64013702	        -32.87974537	         12.78833708	       -116.06096103	          7.83174701	       -169.07132657	         -0.68533442	         84.71206782	         -0.44674064	         28.29054239	        -74.09174980	       -138.80910573	        104.94848710	        -36.00477594	        -44.74553665	         -3.05664838	        -19.05999163	         48.72249737	          9.31150392	          2.47033953	         -1.38522495	         -0.23713490	          0.16854119	
          3.84000000	          0.00000000	         -0.00000000	          0.00000000	          0.00000000	         -0.00000000	          0.00000000	        128.33965585	         98.20711697	        -65.27233930	        -73.53782011	         62.51791184	        -33.73050052	        -36.06957817	         35.13737615	          9.69961218	         -0.56534668	          2.48582282	          2.35971502	         -0.54457567	         -0.30496874	        -81.03671892	         52.26029006	         48.65392203	        -69.70971777	        -17.20554439	          7.05431214	        -67.37200519	         24.62216243	         -4.17717913	        -10.64322620	        -11.21527135	          0.34161733	         -0.49812001	
          3.86000000	         -0.00000000	          0.00000000	         -0.00000000	         -0.00000000	          0.00000000	         -0.00000000	         94.65281752	         78.82544290	        -79.17608045	        -27.01799348	         22.26508002	        -17.01168082	        -45.51391727	         36.36809398	          6.83959117	          0.79646618	          3.84132239	         -0.11878586	         -0.37112329	         -0.18198971	        -89.02488610	         69.82210011	        -22.53450133	        -62.55548805	         26.57795022	         26.49706447	        -69.49236470	         -3.52002901	        -12.48297361	         -2.36146917	        -11.91009885	          0.95228502	         -0.74032437	
          3.88000000	          0.00000000	          0.00000000	         -0.00000000	          0.00000000	          0.00000000	         -0.00000000	         66.85290037	         78.62641510	        -72.59047199	         -1.55143989	         33.59394168	        -17.73206566	        -54.90947793	         25.64653721	          4.87347007	          1.38520374	          3.43307885	         -0.10166078	         -0.20884489	         -0.17399208	        -70.78176253	         63.20097816	        -44.82225598	        -35.04111529	         27.91972466	         22.29332806	        -48.76825812	        -28.90614076	        -24.52216103	         -0.00980257	         -8.88906771	          0.77072876	         -0.99895485	
          3.90000000	          0.00000000	         -0.00000000	          0.00000000	         -0.00000000	         -0.00000000	         -0.00000000	         46.54561550	         60.18851377	        -62.65018641	          7.79377901	         19.55111997	         -3.64135950	        -49.32619552	         18.40092482	          3.29930733	          1.33137506	          3.28046686	         -0.64630752	         -0.11071326	         -0.13889051	        -47.31440919	         61.59141705	        -54.68750407	        -16.96484372	         23.81492458	         21.96778134	        -19.22110486	        -26.43067165	        -22.08719110	          1.08296372	         -4.29931811	          0.69366360	         -0.79011166	
          3.92000000	          0.00000000	          0.00000000	         -0.00000000	          0.00000000	          0.00000000	         -0.00000000	         34.74271527	         45.46011473	        -49.77593228	          9.62673874	         12.18409542	          3.45676450	        -40.05475837	         11.86389054	          2.60302783	          1.30499040	          2.83396483	         -0.96161219	         -0.07868443	         -0.10955694	        -33.29630677	         54.61312154	        -48.01150842	         -8.39200031	         17.99513647	         20.06946517	         -4.84354142	        -15.04487830	        -13.80965082	          0.36327201	         -2.11173444	          0.56504418	         -0.47161771	
          3.94000000	         -0.00000000	         -0.00000000	          0.00000000	         -0.00000000	         -0.00000000	          0.00000000	         29.17937133	         32.51845882	        -38.90665167	          4.16727988	          9.18580377	          3.98994684	        -26.51501326	          6.29494096	          2.33182912	          1.15695269	          2.50056613	         -0.86636650	         -0.08419791	         -0.09028091	        -23.92715005	         41.04236496	        -33.39653728	         -4.76974429	         11.88413614	         15.35780380	         -1.68703107	         -7.99901028	         -7.11819029	         -0.34984680	         -2.06253069	          0.38647321	         -0.26719945	
          3.96000000	         -0.00000000	          0.00000000	         -0.00000000	         -0.00000000	         -0.00000000	         -0.00000000	         22.97429451	         23.23945004	        -27.68130393	         -2.96661255	          6.61193519	          2.52990862	        -12.04863727	          1.39722477	          2.18693033	          0.86990500	          2.05231398	         -0.59398369	         -0.09678267	         -0.06926043	        -14.08368056	         28.82288894	        -19.38699296	         -4.22896556	          9.02159800	         13.90406220	         -1.23043205	         -4.20972946	         -3.00861567	         -0.98992739	         -2.77018320	          0.30310209	         -0.14591322	
          3.98000000	         -0.00000000	          0.00000000	         -0.00000000	         -0.00000000	          0.00000000	          0.00000000	         15.56863244	         14.60835465	        -17.10668695	         -7.31792258	          3.32037094	          1.62768632	         -1.73916654	         -4.63130015	          2.07691116	          0.62982273	          1.46326496	         -0.33125146	         -0.10724744	         -0.04954247	         -5.49478301	         16.90379398	        -11.03478085	         -5.77881701	          9.45138178	         14.25478871	         -1.19173238	         -2.81086901	         -1.34577167	         -2.07910738	         -3.32642206	          0.23488824	         -0.07517760	
          4.00000000	          0.00000000	          0.00000000	          0.00000000	          0.00000000	         -0.00000000	         -0.00000000	          8.94333101	          7.62488524	         -9.90490017	         -9.98722125	          2.47104093	         -0.66358311	          5.65453406	        -12.74996751	          1.84764627	          0.45946066	          1.09213929	          0.07538931	         -0.10831358	         -0.04141868	          1.11654391	          2.77278282	         -8.70915574	         -9.29702696	         12.67612356	         13.97700083	         -1.30688433	         -2.61173949	         -0.53735544	         -3.20279494	         -3.45036541	          0.17199556	         -0.02179991	
          4.02000000	         -0.00000000	         -0.00000000	         -0.00000000	         -0.00000000	          0.00000000	          0.00000000	         -3.91513799	         -5.41644435	          4.82271456	         -8.97028182	         -0.47682201	         -0.32700432	         11.24453583	        -24.46063523	          1.55841487	          0.35878031	          0.17251227	          0.42272359	         -0.10171589	         -0.03538342	          9.26215175	        -18.61160498	         -6.95925329	        -14.04422297	         16.00113535	         11.20402841	         -1.75462382	         -2.28640552	          1.33293197	         -3.73385488	         -3.31567310	          0.14818013	          0.05173353	
          4.04000000	         -0.00000000	          0.00000000	          0.00000000	          0.00000000	          0.00000000	         -0.00000000	        -22.03141672	        -21.05395460	         23.25950846	         -5.78106724	         -4.30535696	         -0.94762814	         15.84184331	        -40.64783785	          1.09011063	          0.27549454	         -0.94736170	          0.97392093	         -0.08326609	         -0.04226747	         19.57159373	        -42.25307366	         -6.05781174	        -17.57057121	         16.14909832	          7.85065183	         -4.48159837	         -1.82247985	          4.92375168	         -3.09618949	         -3.27212024	          0.16393074	          0.16930848	
          4.06000000	         -0.00000000	         -0.00000000	         -0.00000000	         -0.00000000	          0.00000000	          0.00000000	        -38.97347644	        -22.96892435	         36.42491634	         -6.53336774	         -1.46963055	        -12.84782488	         17.67041587	        -57.27595731	          0.40364192	          0.01018324	         -1.85743006	          2.30513181	         -0.04779490	         -0.09332059	         33.06214336	        -57.28618002	         -3.20953248	        -17.95321949	         12.60385873	          6.21538223	         -8.19841496	         -0.27066838	         10.19744082	         -0.60742912	         -3.06199886	          0.20949057	          0.33887813	
          4.08000000	         -0.00000000	         -0.00000000	         -0.00000000	         -0.00000000	          0.00000000	         -0.00000000	        -45.69574480	         -3.79854665	         34.05361867	        -16.18250632	         10.07557652	        -34.36965482	         22.12544462	        -53.64907696	         -0.69176967	         -0.95353545	         -1.62075568	          4.10069267	          0.00568415	         -0.14055539	         46.16276935	        -54.68892518	         -2.44162281	        -16.57020254	         10.12522486	          7.14670471	        -14.61868946	          0.57553208	         17.75271088	          3.04887798	         -3.06472336	          0.30889106	          0.56772145	
          4.10000000	          0.00000000	          0.00000000	          0.00000000	         -0.00000000	          0.00000000	          0.00000000	        -49.18437780	          2.73705281	         29.82659486	        -18.01807331	         10.87871911	        -43.08019360	         23.61428066	        -48.31517756	         -1.08621319	         -1.44510781	         -1.07929662	          4.79722241	          0.02043251	         -0.12598555	         48.44293885	        -52.44866305	         -6.44685289	        -21.04316455	         12.99479463	         12.81886969	        -22.39343205	         -4.89122357	         23.40149408	          5.39678459	         -3.72465577	          0.42046108	          0.74929966	
          4.12000000	          0.00000000	         -0.00000000	         -0.00000000	          0.00000000	         -0.00000000	         -0.00000000	        -49.47711547	         -6.34166681	         30.16149604	         -7.86983323	         16.82753531	        -42.23707299	         13.14903260	        -41.53340384	          0.20691288	         -0.58954047	         -4.00942009	          4.35602817	         -0.33003877	         -0.13094995	         35.72249603	        -65.53695722	         -8.95762603	        -35.40662426	         15.92842705	         21.56872907	        -27.90190942	        -24.25384898	         23.78245184	          5.59237827	         -5.68809422	          0.53614944	          0.81744113	
          4.14000000	         -0.00000000	          0.00000000	         -0.00000000	         -0.00000000	          0.00000000	         -0.00000000	         13.70015989	        -86.94256881	         25.45791953	         74.80518861	        -66.51985050	         60.22649744	       -263.63064918	         25.25462833	        -15.18254471	          6.61330014	        -53.03175495	         -7.18670096	         11.86913611	         -0.14209721	        -47.03266560	         93.72075466	         31.08314698	         26.34829937	        -39.55126291	        -22.74273397	          4.72888277	        -35.61519729	         -3.26475054	          7.04766293	          5.23035008	          0.43095877	         -0.27870350	
          4.16000000	         -0.00000000	          0.00000000	          0.00000000	         -0.00000000	          0.00000000	         -0.00000000	         46.31948883	         99.59233692	         11.08040410	         45.51557486	         -2.77862839	         14.59453381	       -167.67098121	         30.07116138	       -119.26413977	          4.72497530	        -48.67766228	         -3.67464827	         53.09853705	         -0.17650951	        -48.63338122	        183.72314620	         45.38322568	          0.82519604	        -15.24993944	         -1.56174866	         27.65237895	        -31.24920942	        -13.06511527	          7.63493864	          4.56665084	          0.56631652	         -0.47527332	
          4.18000000	          0.00000000	          0.00000000	         -0.00000000	          0.00000000	          0.00000000	         -0.00000000	         -5.14188481	         43.31705739	         -4.56925077	         68.84370345	        -76.95426262	         53.99786210	       -135.23971328	         18.07539673	       -138.03663263	          5.04533593	        -48.25131461	         -6.04143760	         37.66148052	         -0.12028727	         -4.47626216	        234.67595788	        -26.40293131	         39.74108807	        -12.75616694	        -17.51049182	         31.76375288	        -13.92927355	        -15.29457023	          6.95299758	          4.74953101	          0.47577042	         -0.54966274	
          4.20000000	         -0.00000000	          0.00000000	         -0.00000000	          0.00000000	          0.00000000	         -0.00000000	         34.30856252	         64.43670006	         33.05258198	         76.54641991	        -54.47803763	         33.34087808	       -215.72993235	         18.69832367	       -145.76490275	          4.78924451	        -15.19338315	         -4.08996016	         25.16588313	         -0.14656423	        -27.89325536	        263.61556355	         13.26525845	         31.15620336	         -4.93724955	        -12.38799654	         36.51399812	         -1.97801876	        -13.23510291	          5.64131765	          2.28222680	          0.38268329	         -0.37541934	
          4.22000000	          0.00000000	          0.00000000	         -0.00000000	          0.00000000	          0.00000000	         -0.00000000	         54.54316614	         70.99368408	         25.08856777	         63.74191985	        -59.63622794	         28.01215422	       -183.08951086	         13.81936903	       -165.03283671	          4.56376509	        -10.23526542	         -5.09533567	         15.70987791	         -0.49170256	        -34.96489519	        280.20751580	         18.39041379	         27.89154783	         -1.70698984	         -9.93434271	         34.12109767	          7.95756818	        -12.24735773	          3.38755325	         -0.40372591	          0.25837317	         -0.29066816	
          4.24000000	         -0.00000000	         -0.00000000	          0.00000000	         -0.00000000	          0.00000000	          0.00000000	         44.04752898	        108.02095009	          4.26704665	         66.89546715	        -74.62489527	         19.87266595	       -108.59822789	        -13.12667935	       -147.04509780	          2.64629296	          5.61782489	        -18.26595159	          9.88669672	         -1.71997981	        -34.51767348	        289.84377188	         -0.98447915	         30.13502347	         -0.02435202	         -9.30157880	         23.58964005	         14.94666637	        -10.84673717	          0.23729019	         -1.03269636	          0.12957861	         -0.30078890	
          4.26000000	          0.00000000	         -0.00000000	          0.00000000	          0.00000000	         -0.00000000	          0.00000000	         76.71547074	        129.37537124	         -6.38000537	         29.98525307	        -50.15298508	         14.03283933	        -91.60569040	          4.67087437	       -130.57676507	          1.61807093	         21.20113463	         -8.11133741	          7.66900883	         -0.43532116	        -36.07951613	        282.80064708	         -3.48163963	         25.26437755	         -4.48715401	         -5.86660331	         14.24348322	         18.22632894	         -9.55834026	         -2.92898472	         -0.68189593	          0.00347724	         -0.33809856	
          4.28000000	          0.00000000	          0.00000000	         -0.00000000	          0.00000000	         -0.00000000	         -0.00000000	         91.77132077	        126.71728810	         -8.68724055	         24.80864732	        -16.68968962	          7.06534709	       -104.90528297	          6.60277668	        -96.95533856	          3.00310266	         26.62593903	         -2.05695976	          5.70722697	         -0.08327349	        -42.16096687	        246.20783580	        -10.41621580	         23.71962318	         -0.26523717	         -4.96090277	          9.83532626	          8.78343264	         -5.29347144	         -3.18598003	         -0.38762441	         -0.03150655	         -0.24787234	
          4.30000000	          0.00000000	         -0.00000000	         -0.00000000	          0.00000000	         -0.00000000	          0.00000000	         85.11293014	        103.81911891	        -11.42111582	         25.50289836	        -14.92753287	          7.71170252	       -100.07115128	          0.14596458	        -61.74808619	          4.01480471	         21.34836732	         -1.40549919	          4.26553744	         -0.06845246	        -39.92663937	        205.97588994	        -18.61377380	         23.67585401	          3.99600894	         -5.05297012	          6.23040086	          1.45810666	         -2.54198424	         -3.67447453	          0.38382476	         -0.11017123	         -0.20400193	
          4.32000000	         -0.00000000	          0.00000000	         -0.00000000	         -0.00000000	          0.00000000	         -0.00000000	         72.45437857	         74.46509597	        -13.28636153	         15.42933716	         -5.59237006	          3.10572121	        -79.29707452	          3.44326883	        -43.52666882	          2.30013930	         12.83612355	         -0.58707054	          3.39804258	         -0.04630065	        -31.35644807	        148.43440261	        -18.56099776	         20.41340933	         10.58985079	         -5.61703648	          4.16019552	         -2.29316866	         -1.04601738	         -2.68066320	          0.64808331	         -0.17298666	         -0.17412402	
          4.34000000	         -0.00000000	          0.00000000	         -0.00000000	         -0.00000000	          0.00000000	         -0.00000000	         69.80788784	         68.30498629	        -10.47190041	          8.55325838	          8.76105289	         -0.56536905	        -65.34740590	          5.74511420	        -39.90155762	          1.11887923	         12.96585096	          0.08038662	          2.99647053	         -0.03693333	        -30.88342799	        118.66164784	        -12.58441154	         14.66550703	         13.54743189	         -5.20979329	          3.69514412	         -4.00944875	         -0.37212567	         -0.97148869	          0.49707924	         -0.18145050	         -0.14602315	
          4.36000000	         -0.00000000	          0.00000000	         -0.00000000	         -0.00000000	          0.00000000	         -0.00000000	         69.18325746	         66.05604382	         -6.40664891	          3.54360296	         14.77550765	         -1.17013969	        -56.49716756	          6.02600877	        -35.83259374	          0.79387130	         14.31456642	          0.26297533	          2.56590091	         -0.03315402	        -31.64856750	        104.42803808	         -5.71284118	          9.11085445	         10.41788584	         -3.61077644	          3.38448919	         -3.98856839	         -0.21961166	          0.05942319	          0.33421877	         -0.14545651	         -0.12146178	
          4.38000000	         -0.00000000	          0.00000000	         -0.00000000	         -0.00000000	          0.00000000	         -0.00000000	         67.88334147	         64.73615073	         -3.01163746	          0.74454684	         17.02953467	         -1.05782427	        -50.67318968	          5.75528243	        -31.90809474	          0.65100446	         15.15375833	          0.30239892	          2.20262150	         -0.03124555	        -31.33519815	         97.55605603	         -1.71180851	          6.18084964	          6.33644316	         -2.22599608	          2.78372571	         -3.45750034	         -0.23001909	          0.24202186	          0.37439861	         -0.11114874	         -0.10831249	
          4.40000000	         -0.00000000	          0.00000000	         -0.00000000	         -0.00000000	          0.00000000	         -0.00000000	         66.08970485	         64.45581478	          0.48103267	          0.25883538	         18.94175824	         -0.94093894	        -46.79884676	          5.05261311	        -29.18615981	          0.57497340	         16.25962867	          0.33978812	          1.98728312	         -0.03101981	        -30.61376957	         94.32461314	          0.13154423	          5.23470650	          3.85792144	         -1.47232680	          2.73321039	         -2.71775916	         -0.30036174	          0.01015132	          0.26624994	         -0.09366870	         -0.09426681	
          4.42000000	         -0.00000000	          0.00000000	         -0.00000000	          0.00000000	          0.00000000	         -0.00000000	         63.80717442	         59.40222534	          3.74676788	          1.12741799	         18.09735632	         -0.80543725	        -44.48482445	          4.21642704	        -27.32194086	          0.55241588	         16.68278387	          0.33982156	          1.87700757	         -0.03140486	        -29.46345165	         90.75217489	          1.74980070	          4.91993560	          3.29081377	         -1.23691730	          4.66063832	         -2.27265502	         -0.36254163	         -0.14410538	         -0.58435503	         -0.08632388	         -0.05240682	
          4.44000000	         -0.00000000	          0.00000000	         -0.00000000	          0.00000000	          0.00000000	         -0.00000000	         58.81824335	         49.18256544	          5.97241831	          5.13854196	         15.01795228	         -0.71405180	        -41.44164700	          2.55002081	        -27.06710167	          0.57410687	         16.04225907	          0.29266088	          1.86925606	         -0.02939910	        -28.04425175	         85.48259177	          1.30336875	          5.01684920	          3.87620216	         -1.31863554	          6.86183473	         -2.81741790	         -0.35412429	         -0.13729572	         -1.58998764	         -0.08547981	         -0.00803473	
          4.46000000	          0.00000000	         -0.00000000	          0.00000000	          0.00000000	          0.00000000	          0.00000000	         56.83980997	         42.13517653	          5.57835901	          8.48413491	         13.00754161	         -0.71762910	        -39.22229452	          1.42544012	        -27.51709838	          0.58198617	         14.53309601	          0.23150031	          1.89884993	         -0.02506688	        -28.67853409	         82.36861099	         -0.44417201	          4.84796191	          4.24562811	         -1.39092482	          7.18940422	         -3.87695000	         -0.27929232	          0.16553839	         -1.90638133	         -0.07452092	          0.00331748	
          4.48000000	          0.00000000	          0.00000000	          0.00000000	          0.00000000	         -0.00000000	          0.00000000	         54.23619098	         40.00985668	          4.24833370	         10.92612751	         11.93442658	         -0.79572685	        -35.24880244	          0.89067697	        -28.84579902	          0.63694868	         13.37756291	          0.14217978	          1.96962785	         -0.02488005	        -27.95634415	         82.77380534	         -4.40736587	          5.20851322	          3.73031197	         -1.37314047	          6.30661357	         -4.81564498	         -0.18111132	          0.21390601	         -1.77234133	         -0.05643690	         -0.00218401	
          4.50000000	          0.00000000	          0.00000000	         -0.00000000	          0.00000000	          0.00000000	         -0.00000000	         46.98357616	         40.13458406	          3.17023925	         13.19408755	          9.94855350	         -0.87040105	        -27.18394369	          0.43610560	        -31.94147215	          0.78080320	         12.97627022	         -0.00812521	          2.13993834	         -0.03032078	        -22.95853223	         85.90928239	        -10.78562924	          6.84196244	          1.82239697	         -1.24418999	          4.97857975	         -5.57657581	         -0.04232439	         -0.52872525	         -1.46866865	         -0.03306354	          0.00221393	
          4.52000000	          0.00000000	         -0.00000000	          0.00000000	          0.00000000	         -0.00000000	          0.00000000	         43.03794770	         42.79953261	          1.81411695	         12.42571538	          8.01344255	         -0.93709573	        -19.90565057	          0.73429225	        -37.29479895	          0.95816284	         13.02518283	         -0.17187109	          2.50109595	         -0.03937202	        -18.36735332	         91.76083336	        -14.69069435	          8.19508549	         -0.76398081	         -0.99776896	          3.53352860	         -5.86140208	          0.09543368	         -1.42682140	         -0.99028341	          0.00864457	          0.01466303	
          4.54000000	          0.00000000	         -0.00000000	          0.00000000	          0.00000000	         -0.00000000	          0.00000000	         50.99052107	         48.31672780	          0.42922666	          6.28611940	          8.16899231	         -1.04763104	        -19.12703204	          2.48381183	        -45.78092384	          1.09752236	         13.79614574	         -0.25871758	          3.20823946	         -0.05138322	        -19.47191653	         99.92753881	        -11.49357896	          7.22150776	         -1.67985854	         -0.75275921	          3.16094071	         -5.07900138	         -0.02203977	         -1.22653496	         -0.52400627	          0.06238613	          0.00525981	
          4.56000000	          0.00000000	         -0.00000000	          0.00000000	          0.00000000	         -0.00000000	          0.00000000	         64.04422842	         45.75820462	         -3.41161864	         -1.66197353	          4.21337552	         -0.86437931	        -21.62557684	          4.62565540	        -59.30521259	          1.24745794	         12.58055572	         -0.38969623	          4.32553626	         -0.06249729	        -23.06847985	        105.83373712	         -5.53190421	          5.20124809	         -0.93086986	         -0.55549773	          4.32774703	         -4.70186927	         -0.32462928	         -0.36414310	         -0.58975553	          0.09501915	         -0.00737157	
          4.58000000	          0.00000000	         -0.00000000	          0.00000000	          0.00000000	          0.00000000	          0.00000000	         75.02848647	         32.69209643	         -8.63632489	         -8.63533793	         -4.49250769	         -0.25380330	        -22.77770474	          6.37006083	        -78.43111387	          1.40967413	          9.63277347	         -0.58991765	          5.92287423	         -0.06971858	        -26.02459559	        106.74681640	          0.95543350	          3.27578055	         -0.01041982	         -0.31566582	          6.05590835	         -6.09190530	         -0.54646090	          0.35210750	         -1.32709568	          0.09032008	          0.00836333	
          4.60000000	          0.00000000	         -0.00000000	          0.00000000	          0.00000000	          0.00000000	          0.00000000	         73.08528089	         12.26374639	        -10.84494655	        -11.01210657	        -14.57060829	          0.56871165	        -16.56065086	          6.60098332	        -99.82691958	          1.52407131	          7.04672017	         -0.78325198	          7.96471247	         -0.06985960	        -23.51042529	         99.87732133	          5.88193482	          2.28265828	          0.32796250	         -0.11017739	          6.71280226	         -8.57747009	         -0.54228941	          0.58784910	         -2.23503333	          0.03572664	          0.05188076	
          4.62000000	          0.00000000	         -0.00000000	         -0.00000000	         -0.00000000	          0.00000000	         -0.00000000	         59.92898888	         -4.83586137	        -10.68564990	        -10.33514664	        -19.24287114	          0.90599519	         -4.90350099	          6.14945529	       -116.57402671	          1.25139498	          4.35980373	         -0.65662763	         10.22785213	         -0.04878236	        -16.30537513	         85.78245702	          7.42448741	          2.15246564	          1.06909418	          0.01918766	          5.56234604	        -10.25780680	         -0.34794451	          0.90678443	         -2.62030393	         -0.03077345	          0.09283344	
          4.64000000	         -0.00000000	          0.00000000	         -0.00000000	         -0.00000000	         -0.00000000	         -0.00000000	         49.59755593	         -7.20159913	         -9.43983892	         -9.53308304	        -12.75652016	          0.24114317	          2.02520824	          6.77364409	       -123.48055826	         -0.13298188	          2.01651435	          0.41628357	         12.50963301	          0.12592355	        -12.32291944	         72.34251739	          6.99799872	          2.01152942	          2.98900766	          0.05162397	          4.32544065	         -9.67375025	         -0.30003365	          1.81939047	         -2.25340895	         -0.03507932	          0.07729778	
          4.66000000	         -0.00000000	          0.00000000	         -0.00000000	         -0.00000000	          0.00000000	         -0.00000000	         46.41059923	          1.42949001	         -9.95506835	         -9.94749925	         -1.36871333	         -0.82964803	          0.92744671	          8.42342678	       -122.36840929	         -2.17900516	         -0.94370965	          2.09066801	         14.56256181	          0.46766796	        -12.11217831	         65.09200685	          4.74326673	          1.89316324	          3.95076963	         -0.01592920	          3.91785634	         -8.41515200	         -0.41754565	          2.42074092	         -1.77963448	          0.00076487	          0.03126520	
          4.68000000	          0.00000000	          0.00000000	         -0.00000000	          0.00000000	          0.00000000	         -0.00000000	         39.33571985	         10.97142445	         -9.13641257	         -7.98983735	          9.72853649	         -1.76239395	         -0.85479916	          8.86994545	       -117.00281350	         -4.01042102	         -2.94549685	          3.76687859	         16.50633403	          0.78472825	        -10.55758098	         58.04590546	          1.77430879	          1.52796345	          3.20176388	         -0.04539555	          3.32767968	         -7.74761212	         -0.41149949	          2.24025291	         -1.55684085	          0.03326843	          0.00864300	
          4.70000000	         -0.00000000	          0.00000000	         -0.00000000	         -0.00000000	          0.00000000	         -0.00000000	         31.20880348	          8.80094794	         -7.58617004	         -6.27096493	         15.75004104	         -1.74699958	         -6.89234324	          9.43229059	       -106.54865604	         -6.09029414	         -6.15375740	          5.85323724	         18.09453552	          1.14984678	         -8.09512206	         44.58644958	          0.76234700	          0.39302477	          1.89518724	          0.13995564	          2.05676294	         -7.44250501	         -0.18482415	          1.57762610	         -1.45771359	          0.04761206	          0.02292957	
          4.72000000	         -0.00000000	          0.00000000	         -0.00000000	         -0.00000000	          0.00000000	         -0.00000000	         21.66586383	          3.82641427	         -4.26068968	         -6.71514361	         23.43826594	         -1.44995154	        -12.52446594	         11.31116657	        -92.10024000	         -9.08885388	         -8.54676844	          9.14988665	         18.94791271	          1.60728598	         -2.54195749	         25.58120500	          0.94398336	         -0.98272565	          0.77711503	          0.44064948	          0.73222978	         -6.63787207	          0.03457735	          0.79629911	         -1.29098686	          0.03610454	          0.05088192	
          4.74000000	          0.00000000	          0.00000000	          0.00000000	          0.00000000	          0.00000000	         -0.00000000	         16.93537977	         12.64519138	         -2.23876754	        -13.56568517	         47.11777140	         -0.83992658	        -16.53513144	         18.48871348	        -78.81852286	        -16.39279185	         -7.28575002	         17.56197321	         18.83397452	          2.68250849	          6.30540371	          5.39528941	          0.03441128	         -1.35553273	          0.40869801	          0.58921895	          0.78400396	         -5.23580222	         -0.09343497	          0.46747412	         -0.94829028	          0.00525437	          0.05510999	
          4.76000000	          0.00000000	         -0.00000000	          0.00000000	          0.00000000	         -0.00000000	          0.00000000	         24.09279310	         64.03931361	         -6.67113663	        -24.89921563	        110.44557251	         -0.42323650	        -17.68889849	         30.58670559	        -68.59709650	        -30.68980342	          2.55911777	         34.96595351	         17.75723800	          4.53795454	         11.20537287	        -11.76558325	         -0.51216091	         -1.33384564	          0.29629849	          0.56701087	          1.86863482	         -3.45017990	         -0.37100225	          0.46799937	         -0.26459604	         -0.01341625	          0.02994072	
          4.78000000	          0.00000000	         -0.00000000	         -0.00000000	          0.00000000	         -0.00000000	          0.00000000	         24.83923968	        128.05885224	        -14.93873378	        -21.38631417	        179.02922989	          1.41911749	        -10.26883004	         34.16191655	        -60.56416656	        -45.97653475	         15.99803611	         53.02710334	         15.94154222	          6.14553251	          9.98635370	        -24.44262177	         -4.09623473	         -0.32157409	         -0.03463333	          0.30147532	          2.16815687	         -2.28427044	         -0.45746493	          0.70224105	          0.31957485	         -0.02125936	          0.00422702	
          4.80000000	          0.00000000	          0.00000000	         -0.00000000	          0.00000000	          0.00000000	         -0.00000000	          4.53843830	        129.20784278	        -16.21333586	          7.37052056	        156.16691223	          0.27060515	          0.86975605	         14.15335495	        -52.53294989	        -51.00572395	         19.34326914	         45.24475172	         13.70215353	          6.20837630	          4.55864545	        -17.23513487	         -9.73120398	          1.44489231	         -0.74893584	         -0.10812556	          0.66833948	         -2.21948161	         -0.21031691	          1.05714438	          0.40567109	         -0.02597639	          0.00148167	
          4.82000000	         -0.00000000	          0.00000000	         -0.00000000	         -0.00000000	          0.00000000	         -0.00000000	          5.07577004	        105.26297869	        -16.30113608	         16.08306517	        101.66518118	          1.85362325	         -2.33126302	          5.07263903	        -40.39434900	        -72.56248415	         17.73659496	         39.48532959	         10.71333348	          8.69550753	         -0.17330892	        -10.93041236	         -9.30614040	          1.50096138	         -2.00237979	         -0.32479661	         -0.45985904	         -1.91129809	          0.09105413	          1.13677176	          0.59713966	         -0.02235603	          0.00824332	
          4.84000000	         -0.00000000	          0.00000000	         -0.00000000	         -0.00000000	         -0.00000000	         -0.00000000	         16.50155603	         74.70318654	        -14.98773634	          8.32840304	         34.15499589	          3.66302888	         -9.45884671	          3.98239258	        -25.64495031	        -99.06120371	         14.96002458	         32.76186820	          7.03636668	         11.71948325	          0.53953539	         -2.71604716	         -3.75003464	          0.43705571	         -3.61657837	         -0.44991863	         -0.48188455	         -1.18462535	          0.25406460	          0.89964541	          0.92182776	         -0.01844860	          0.01273979	
          4.86000000	         -0.00000000	          0.00000000	          0.00000000	         -0.00000000	          0.00000000	         -0.00000000	         53.65540046	         22.46294909	        -11.93281157	        -35.08105694	        -53.45800595	          5.33887142	        -31.75880342	         21.56484833	         -7.26270235	       -121.63837600	          5.52654811	         21.33164786	          2.83480979	         14.35449360	          8.16044264	          5.66674899	         14.63392028	         -4.25857032	         -5.50972852	         -0.18087895	          2.35130946	          1.31703924	          0.16730041	         -0.45477477	          2.04038070	          0.00243351	          0.00503889	
          4.88000000	          0.00000000	         -0.00000000	         -0.00000000	          0.00000000	         -0.00000000	          0.00000000	         52.55175842	          2.27667103	         -9.02879363	        -43.62268375	        -77.96506079	          7.50581877	        -27.96700513	         24.78964845	          3.06897087	       -130.79506738	         -0.69727065	         19.56309586	         -0.13140759	         15.45873578	         17.99032000	         -1.12291851	         13.42412621	         -3.40074997	         -5.57354661	         -0.30236646	          3.39535312	          1.94187117	         -0.00857435	         -0.19961999	          2.38008513	         -0.00074583	         -0.00665566	
          4.90000000	         -0.00000000	         -0.00000000	         -0.00000000	         -0.00000000	          0.00000000	          0.00000000	         37.95140280	          3.02842253	         -6.83331385	        -38.41885067	        -74.29293698	          9.24117854	        -14.77935984	         22.31804949	          2.34178956	       -127.88215041	          0.47418232	         20.73502575	         -0.26152270	         15.27011455	         26.01957179	         -4.47094115	          7.50588470	         -1.04658942	         -5.24715441	         -0.55506622	          3.97540249	          2.44106666	         -0.15180963	          0.47245453	          2.69502609	         -0.01431765	         -0.01670035	
          4.92000000	         -0.00000000	         -0.00000000	          0.00000000	         -0.00000000	          0.00000000	          0.00000000	         34.52206910	         -0.02856454	         -5.02007771	        -37.13036069	        -67.09769173	         10.18243640	        -11.83814836	         22.27556729	          1.90348799	       -116.61561847	          0.46265471	         20.66100051	         -0.22956795	         14.13210820	         25.72703269	         -8.25471768	          6.46857431	         -0.11353291	         -4.69614652	         -0.61764427	          4.90852979	          3.40950970	         -0.19710719	          0.73681391	          3.14328939	         -0.02105928	         -0.01983791	
          4.94000000	         -0.00000000	         -0.00000000	          0.00000000	         -0.00000000	          0.00000000	          0.00000000	         26.02966827	         -5.90166225	         -2.45464962	        -21.46938761	        -66.65091857	          9.52966160	         -7.52542391	         13.47738337	          1.36215292	       -100.77590530	          0.10592021	         17.13754488	         -0.12685716	         12.54015703	         16.36679851	         -6.62426311	          3.89837147	          0.47186371	         -4.11807470	         -0.60141510	          4.36418832	          3.73447990	         -0.03308153	          0.86408471	          3.06087708	         -0.02138326	         -0.01126220	
          4.96000000	         -0.00000000	          0.00000000	         -0.00000000	         -0.00000000	          0.00000000	         -0.00000000	         18.66429359	         -7.89720210	         -1.46043321	         -5.12942742	        -68.99737917	          6.97054701	         -4.29741115	          4.51886826	          1.10646001	        -89.16696555	         -0.05976444	         12.66117616	         -0.08340970	         11.30418785	          6.38482376	         -1.37088426	          2.71968919	         -0.12908633	         -3.58646824	         -0.42086071	          3.65915349	          3.55508450	          0.09149492	          0.69125916	          2.72080742	         -0.01256089	         -0.00467388	
          4.98000000	         -0.00000000	          0.00000000	         -0.00000000	         -0.00000000	          0.00000000	         -0.00000000	         11.34617631	        -10.65546924	         -0.25113999	          8.02617226	        -78.74179571	          2.75576377	         -1.23708462	         -1.93307723	          1.03459356	        -86.71882911	         -0.22377245	          8.28775499	         -0.05969583	         11.05162784	          1.03365619	          3.92995190	          2.93033288	         -1.12541699	         -3.31879234	         -0.24959168	          3.18354501	          3.08223163	          0.14624564	          0.47450495	          2.35113948	         -0.00549436	         -0.00020069	
          5.00000000	         -0.00000000	         -0.00000000	          0.00000000	         -0.00000000	          0.00000000	          0.00000000	          5.42947502	        -10.65979029	          0.43802645	         15.36353029	        -82.92982137	         -2.47761848	          1.56421310	         -4.48975527	          1.11989134	        -95.40853745	         -0.28971870	          8.21626590	         -0.05831295	         12.04366260	          1.74244178	          0.80955981	          4.07483969	         -1.83141764	         -3.43727027	         -0.21512246	          3.40682120	          2.53767178	          0.06645809	          0.40581855	          2.27042337	         -0.00661983	         -0.00353302	
          5.02000000	         -0.00000000	          0.00000000	         -0.00000000	         -0.00000000	          0.00000000	         -0.00000000	          0.26336517	        -13.61509148	          1.67660735	         18.31637132	        -88.24537631	         -7.80371405	          4.22152672	         -4.96569830	          1.29704482	       -110.11749616	         -0.37094710	         11.46803069	         -0.06602361	         13.89552585	          7.17057200	         -7.61677024	          4.57912076	         -1.83804144	         -4.28981288	         -0.43361096	          4.12854711	          2.21197532	         -0.12950923	          0.47586070	          2.57447448	         -0.01962477	         -0.01747892	
          5.04000000	         -0.00000000	          0.00000000	         -0.00000000	         -0.00000000	          0.00000000	         -0.00000000	         -3.15518211	        -18.92375117	          2.94375798	         17.67203620	        -93.21929706	        -10.17967897	          5.83593359	         -4.44351086	          1.42938176	       -118.68809622	         -0.44823854	         16.15924123	         -0.07082995	         15.15546857	         13.23782597	        -14.26597717	          2.67857785	         -1.12408406	         -5.27670875	         -0.74807272	          4.36356017	          1.84059682	         -0.32798725	          0.67027631	          2.89137016	         -0.03523710	         -0.03380247	
          5.06000000	         -0.00000000	          0.00000000	         -0.00000000	         -0.00000000	          0.00000000	         -0.00000000	         -3.59810395	        -20.04716969	          3.09977888	         11.28782744	        -87.24441825	         -6.59424529	          5.98153240	         -0.82977872	          1.39245434	       -113.59779109	         -0.40157665	         20.94662061	         -0.06782797	         14.43647726	         18.40016461	        -16.41871194	         -2.29773099	          0.18048560	         -5.39149515	         -0.91372476	          3.30608455	          0.92978009	         -0.42387554	          1.00451069	          2.75090677	         -0.04192182	         -0.04130744	
          5.08000000	         -0.00000000	          0.00000000	         -0.00000000	         -0.00000000	          0.00000000	         -0.00000000	          0.74722044	        -22.44137575	          3.05011932	         -3.07927689	        -85.71226707	          0.01706609	          4.03857622	          8.42893312	          1.32532715	       -101.47834922	         -0.41495195	         21.65557175	         -0.05933577	         12.33087414	         23.84224445	        -11.06873238	         -6.46826500	          1.30086327	         -4.92161610	         -0.96469642	          1.68288480	         -0.06268894	         -0.40808112	          1.27416188	          2.31001342	         -0.04444728	         -0.03833035	
          5.10000000	          0.00000000	         -0.00000000	          0.00000000	          0.00000000	          0.00000000	          0.00000000	          3.94957176	        -17.66910714	          2.04117291	        -12.26944304	        -75.15497218	          5.65419892	          3.27101618	         15.58087782	          1.17180349	        -91.75167517	         -0.31941549	         21.53647128	         -0.04971834	         10.22621077	         25.73622556	         -8.74953711	         -9.06277136	          1.70634741	         -3.77626099	         -0.76928337	          0.06175867	         -1.03520355	         -0.31111712	          1.40036200	          1.64683863	         -0.03788017	         -0.02605609	
          5.12000000	          0.00000000	         -0.00000000	          0.00000000	          0.00000000	          0.00000000	          0.00000000	          3.34302761	        -13.49493879	          1.34411744	         -7.18472575	        -67.93494934	          8.34402304	          3.89098661	         14.11679624	          0.99400942	        -86.48439764	         -0.28594634	         19.30891797	         -0.03818068	          8.93393403	         19.81826753	         -8.54364353	        -10.23580359	          1.60635922	         -2.65653014	         -0.51034389	         -1.33717732	         -1.37798982	         -0.03216895	          1.37909560	          0.96597212	         -0.02964745	         -0.00382469	
          5.14000000	          0.00000000	         -0.00000000	          0.00000000	          0.00000000	          0.00000000	          0.00000000	          1.16568108	        -12.46752106	          0.95475228	          5.75386450	        -67.47172041	          8.09341109	          4.77507287	          6.70366783	          0.83695227	        -84.38504609	         -0.31826892	         15.63201563	         -0.02601918	          8.37396006	         10.26052367	         -9.29636135	         -9.87210901	          1.30244175	         -2.13299958	         -0.36323395	         -1.97345263	         -0.84845661	          0.33658525	          1.28472143	          0.67957257	         -0.02534517	          0.01829570	
          5.16000000	         -0.00000000	          0.00000000	         -0.00000000	         -0.00000000	          0.00000000	         -0.00000000	          1.93046064	         -9.20871137	          0.36531527	         14.18089518	        -62.77951267	         10.95233061	          4.73563940	          0.14294832	          0.76010943	        -85.63576437	         -0.26969608	         18.09185734	         -0.01871496	          8.07278848	          4.59116065	        -15.40731726	        -10.82636692	          1.67121568	         -2.44345333	         -0.44902653	         -1.72612215	         -0.03053554	          0.54860807	          1.41865843	          0.91562880	         -0.03026509	          0.02608602	
          5.18000000	          0.00000000	         -0.00000000	          0.00000000	          0.00000000	          0.00000000	          0.00000000	          5.98677763	        -13.31569797	          0.02378950	         15.92957434	        -71.31234965	          8.47759291	          3.20595322	         -8.14710560	          0.91101066	        -84.51294474	         -0.39711020	         19.42797294	         -0.02017548	          7.68598309	          5.39559031	        -23.19220777	         -7.07095323	          1.67594831	         -4.03594351	         -0.84506556	          0.69978020	          1.53782826	          0.46816939	          1.48563562	          2.00729989	         -0.05001827	          0.01512458	
          5.20000000	          0.00000000	         -0.00000000	          0.00000000	          0.00000000	         -0.00000000	          0.00000000	         11.12671463	        -23.20718392	         -0.12493704	         12.76039389	        -95.34005114	          0.69629474	          1.02570811	        -14.79751893	          1.16756469	        -79.08300435	         -0.64839662	         14.88952126	         -0.02717609	          7.11897998	          9.94894681	        -23.80121180	          0.46230972	          1.12889566	         -5.97796210	         -1.31395734	          4.38398726	          3.18504324	          0.09590850	          1.40516132	          3.38136579	         -0.07242608	         -0.01069266	
          5.22000000	          0.00000000	          0.00000000	         -0.00000000	          0.00000000	          0.00000000	         -0.00000000	         16.67418061	        -27.83713111	         -0.23781405	          5.32187442	       -108.57909097	         -3.05002781	         -1.44745398	        -15.36521029	          1.36072395	        -71.61273612	         -0.75366828	         11.99118150	         -0.03581245	          6.47436048	         14.87672136	        -22.23680397	          5.05362274	          1.01513694	         -7.04791157	         -1.61829728	          7.11828767	          3.89767789	         -0.38263323	          1.40691852	          4.21927632	         -0.08751272	         -0.03823157	
          5.24000000	          0.00000000	         -0.00000000	          0.00000000	          0.00000000	          0.00000000	         -0.00000000	         20.50945501	        -26.79700657	         -0.22214049	         -2.84124782	       -108.28709226	         -3.77623408	         -3.46841089	        -10.61277304	          1.41587196	        -64.97736074	         -0.69547857	         10.71025203	         -0.04136000	          5.94281720	         18.12857017	        -19.29253981	          6.91218629	          1.01604563	         -7.10768911	         -1.68995889	          8.42733079	          3.86671641	         -0.77141308	          1.37451958	          4.45345030	         -0.09119305	         -0.05684813	
          5.26000000	          0.00000000	         -0.00000000	         -0.00000000	          0.00000000	          0.00000000	         -0.00000000	         23.19629721	        -24.89382476	         -0.02288041	        -10.78303823	       -104.81211573	         -3.93230347	         -5.14184715	         -2.62266353	          1.39443966	        -61.71493413	         -0.58936218	          9.58181132	         -0.04307298	          5.68160607	         20.19629535	        -15.05430360	          7.61483148	          0.87636003	         -6.71940778	         -1.64671554	          8.85553556	          3.44452576	         -1.04915651	          1.26705194	          4.40516040	         -0.08861583	         -0.06607500	
          5.28000000	          0.00000000	         -0.00000000	          0.00000000	          0.00000000	          0.00000000	          0.00000000	         22.68164075	        -21.98234029	          0.29859063	        -11.18004535	        -98.95821260	         -3.53856371	         -5.54359238	          2.19603515	          1.32240147	        -62.43679223	         -0.44604789	          9.45394689	         -0.04252064	          5.77247507	         18.44008999	        -12.61513827	          6.31546816	          0.74152899	         -6.22268071	         -1.52896423	          8.41631915	          2.73637871	         -1.16555699	          1.16639506	          4.17679671	         -0.08095967	         -0.06647786	
          5.30000000	          0.00000000	         -0.00000000	          0.00000000	          0.00000000	          0.00000000	         -0.00000000	         18.09791753	        -18.37764384	          0.68146603	          0.71232085	        -90.60932494	         -1.95453237	         -4.48237831	         -0.06410548	          1.23187442	        -65.61656632	         -0.30516189	         10.76846352	         -0.04212020	          6.15921440	         10.00673338	        -12.66778019	          2.04063182	          0.87492046	         -5.78131460	         -1.35432460	          6.84982549	          1.93850991	         -1.02536222	          1.14499007	          3.70509145	         -0.06885805	         -0.05840880	
          5.32000000	          0.00000000	         -0.00000000	          0.00000000	          0.00000000	          0.00000000	          0.00000000	         10.17152230	        -16.44581881	          1.02352738	         20.81683670	        -82.69082697	         -1.19046005	         -2.26316007	         -8.01639706	          1.13034577	        -67.46327755	         -0.24348764	         11.54425547	         -0.04198803	          6.54644625	         -2.48355819	        -13.05210684	         -3.26198309	          1.30972799	         -5.46855849	         -1.18212339	          4.39655397	          1.27874693	         -0.62078028	          1.21423851	          2.99474886	         -0.05767878	         -0.04345447	
          5.34000000	         -0.00000000	         -0.00000000	          0.00000000	          0.00000000	          0.00000000	          0.00000000	          2.15478784	        -13.90894697	          1.09450507	         38.15350549	        -71.26599826	         -1.51260119	          0.26441398	        -16.76266405	          1.00531317	        -64.33563979	         -0.20145751	         11.63663517	         -0.04192758	          6.50526532	        -12.63784569	        -14.15267402	         -6.64265093	          1.49816055	         -5.10101530	         -0.99771415	          2.16471842	          0.65138996	         -0.23851856	          1.18403410	          2.23425666	         -0.04783964	         -0.02992325	
          5.36000000	          0.00000000	         -0.00000000	          0.00000000	          0.00000000	          0.00000000	         -0.00000000	         -0.73548706	        -13.05979240	          0.94565113	         41.65175236	        -63.83569979	         -0.04518147	          1.28281135	        -18.99050221	          0.91958929	        -57.19922880	         -0.21492844	         11.58711740	         -0.04162830	          5.91943564	        -15.18812761	        -13.20674163	         -8.92348637	          1.69119060	         -4.83202279	         -0.92624026	          0.64546500	         -0.05994283	         -0.06064003	          1.09726603	          1.58938667	         -0.04438570	         -0.02136093	
          5.38000000	          0.00000000	          0.00000000	         -0.00000000	          0.00000000	          0.00000000	         -0.00000000	         -0.66167527	        -12.41953042	          0.63013813	         35.12882125	        -57.90361075	          1.53896562	          1.57230307	        -16.85142338	          0.84464070	        -48.24337676	         -0.24489994	         11.16624262	         -0.03956718	          4.96585802	        -11.07995630	        -12.96198033	         -9.61766490	          1.60495873	         -4.53257916	         -0.87951400	          0.15180297	         -0.63537232	         -0.09176960	          0.96006864	          1.27683354	         -0.04148511	         -0.01789244	
          5.40000000	          0.00000000	          0.00000000	         -0.00000000	          0.00000000	          0.00000000	         -0.00000000	          0.74247924	         -9.30836163	          0.23012924	         27.16672596	        -50.65903051	          4.27241498	          1.59149994	        -14.98582395	          0.78303521	        -40.50855281	         -0.22239095	         11.93700916	         -0.03670396	          4.00943844	         -5.71185713	        -15.31313356	         -9.79388454	          1.30892349	         -4.17488517	         -0.76056590	          0.55237768	         -1.04348231	         -0.33352812	          0.90066516	          1.35768450	         -0.03430664	         -0.02605828	
          5.42000000	          0.00000000	          0.00000000	         -0.00000000	          0.00000000	          0.00000000	         -0.00000000	          3.98330239	         -9.18399313	          0.00774406	         20.11198061	        -51.00709001	          4.78582136	          0.74193201	        -15.00072713	          0.79180622	        -33.32805237	         -0.25555255	         11.19406744	         -0.03378274	          3.13905386	         -1.30170707	        -17.36333345	         -7.94886918	          0.97979443	         -4.12372985	         -0.69911616	          2.00909574	         -0.86618797	         -0.70128291	          0.94656823	          1.88058755	         -0.03192853	         -0.04498316	
          5.44000000	          0.00000000	         -0.00000000	         -0.00000000	          0.00000000	          0.00000000	          0.00000000	         10.59612747	        -10.96254774	         -0.08473080	         11.41403248	        -59.51867409	          4.38092145	         -1.16818255	        -14.50977553	          0.89109470	        -28.87045990	         -0.29442623	         10.27912379	         -0.03266746	          2.53866442	          3.27342663	        -18.66937631	         -3.99895961	          0.91362898	         -4.51503652	         -0.79309548	          4.53649674	          0.11997640	         -1.11689146	          1.11468336	          2.83401688	         -0.04047251	         -0.06845029	
          5.46000000	          0.00000000	         -0.00000000	          0.00000000	          0.00000000	          0.00000000	          0.00000000	         18.49562068	        -17.11160360	         -0.00100053	          3.63482517	        -76.44112492	          0.17529678	         -3.62122327	        -14.81153712	          1.06740452	        -26.14539768	         -0.41565549	          7.07505008	         -0.03336524	          2.14590148	          6.69874972	        -18.77696294	          2.52346088	          0.81867904	         -5.26000094	         -1.02741105	          7.61111793	          2.03129409	         -1.37616570	          1.24393916	          4.05260815	         -0.05807389	         -0.08369705	
          5.48000000	         -0.00000000	         -0.00000000	          0.00000000	          0.00000000	          0.00000000	          0.00000000	         23.61529385	        -20.85833828	          0.07640648	          1.44480809	        -87.66787908	         -3.22738123	         -5.00251379	        -17.82195958	          1.19957376	        -26.53667016	         -0.47044759	          5.41696592	         -0.03402162	          2.03575252	          7.33377101	        -20.91961395	          7.72116549	          0.90805817	         -5.82020359	         -1.23063679	          9.84577945	          4.12467027	         -1.34912449	          1.37195474	          5.02097214	         -0.07389694	         -0.08339490	
          5.50000000	         -0.00000000	          0.00000000	         -0.00000000	         -0.00000000	          0.00000000	         -0.00000000	         22.14197030	        -16.51042560	         -0.01197870	          9.55131327	        -82.66763003	         -2.13954607	         -4.00577506	        -25.58530280	          1.17923758	        -29.76176698	         -0.33263784	          7.74696235	         -0.03300076	          2.22373280	          3.16127350	        -25.63566158	          8.15646765	          1.29408513	         -5.81102946	         -1.25389764	          9.91438310	          5.55173518	         -0.98460917	          1.50705231	          5.12085645	         -0.07828802	         -0.06834533	
          5.52000000	         -0.00000000	          0.00000000	         -0.00000000	         -0.00000000	          0.00000000	         -0.00000000	         15.46094735	         -7.68911780	         -0.18396465	         23.48669273	        -67.38370958	          0.55862920	         -1.49833198	        -34.91707127	          1.02964827	        -32.70406305	         -0.09901405	         10.72676479	         -0.03006030	          2.51555891	         -4.00689575	        -28.97715775	          5.41449023	          1.51502088	         -5.29550840	         -1.10539015	          7.88214327	          5.69600468	         -0.47243470	          1.52205643	          4.20553698	         -0.07153614	         -0.04897682	
          5.54000000	         -0.00000000	          0.00000000	         -0.00000000	         -0.00000000	          0.00000000	         -0.00000000	          9.10398468	         -0.47625831	         -0.35272437	         31.88278124	        -52.20357069	          0.62960050	          0.59228879	        -39.59913662	          0.84348384	        -33.02634028	          0.08034740	         10.97722314	         -0.02587876	          2.64934531	         -8.55719078	        -29.30385771	          4.03066622	          0.92320498	         -4.52491342	         -0.86418651	          5.39539135	          4.55088530	         -0.19049515	          1.27941873	          2.86958105	         -0.05855951	         -0.03971994	
          5.56000000	         -0.00000000	          0.00000000	          0.00000000	         -0.00000000	          0.00000000	         -0.00000000	          8.31570727	         -1.65954847	         -0.29658788	         29.20286018	        -50.16780496	          0.45313758	          0.48271888	        -35.75577469	          0.75040199	        -33.19272827	          0.05659906	          9.75053608	         -0.02262389	          2.67987226	         -8.72171397	        -25.97263371	          2.34813188	          0.36093316	         -4.13711360	         -0.74121554	          2.86462411	          2.15086876	         -0.22281926	          1.03717107	          1.44438667	         -0.05113631	         -0.04279117	
          5.58000000	          0.00000000	         -0.00000000	          0.00000000	          0.00000000	          0.00000000	          0.00000000	         11.90093488	         -8.50481774	         -0.20050228	         19.54733351	        -57.57873165	          1.85548644	         -0.88858482	        -26.33525463	          0.71409492	        -36.52581332	         -0.08676533	          9.65484880	         -0.02157358	          2.87471589	         -5.94854338	        -22.88457001	         -0.56237370	          0.06100162	         -4.23589511	         -0.72802002	          0.57134260	         -0.92593043	         -0.43757483	          0.86453276	          0.17057810	         -0.04711223	         -0.05062526	
          5.60000000	          0.00000000	         -0.00000000	          0.00000000	          0.00000000	          0.00000000	          0.00000000	         13.85498779	        -11.47616125	         -0.46292629	         11.56174939	        -60.62055188	          3.09940933	         -0.68138450	        -17.80960645	          0.57594505	        -43.75082039	         -0.10964793	         11.34804257	         -0.02270512	          3.42190605	         -2.29289235	        -22.99112905	         -2.29125603	         -0.59612107	         -4.55760600	         -0.69292440	         -0.63177491	         -3.11622502	         -0.64543023	          0.60107278	         -0.44750903	         -0.03750663	         -0.05685466	
          5.62000000	          0.00000000	         -0.00000000	          0.00000000	          0.00000000	          0.00000000	          0.00000000	          8.13440078	         -6.36349632	         -1.53413184	         10.14600939	        -57.91857344	          3.24191210	          4.31724483	        -12.72975424	          0.01598937	        -54.83768141	          0.13944654	         13.81549175	         -0.02949684	          4.42920038	          3.32852219	        -21.45482149	         -2.56311423	         -0.80672932	         -5.16907122	         -0.74058128	          0.06528070	         -2.91231114	         -0.77776746	          0.56464441	          0.20742800	         -0.03252478	         -0.06329984	
          5.64000000	          0.00000000	         -0.00000000	          0.00000000	          0.00000000	          0.00000000	          0.00000000	         -6.91108516	          9.12258708	         -3.21777241	         16.87691687	        -44.72988749	          2.76929661	         14.55681338	        -12.17505689	         -1.01394100	        -69.00483738	          0.73777586	         17.44732353	         -0.04220581	          5.89440484	         10.87003498	        -18.72629245	         -1.88627478	         -0.01414185	         -5.84548441	         -0.89198735	          2.94356171	         -0.29224971	         -0.93404074	          0.92836871	          2.13324794	         -0.03914055	         -0.07515590	
          5.66000000	         -0.00000000	         -0.00000000	          0.00000000	         -0.00000000	         -0.00000000	          0.00000000	        -20.49513612	         26.27520287	         -5.24372456	         24.32902512	        -29.28844398	          0.83347654	         22.98302686	        -11.97555065	         -1.89426296	        -83.01160888	          1.55460156	         19.89887221	         -0.05691125	          7.53559853	         16.54836603	        -14.60653168	         -0.02852381	          1.29761572	         -6.17343976	         -1.04983845	          6.99414438	          3.73219919	         -1.01398275	          1.44538880	          4.55552962	         -0.05280822	         -0.08433707	
          5.68000000	         -0.00000000	          0.00000000	          0.00000000	         -0.00000000	         -0.00000000	         -0.00000000	        -23.21226119	         44.14694494	         -7.43493579	         23.76361959	        -10.53517314	         -0.98754518	         23.68464514	         -8.47567267	         -2.67673006	        -94.03000369	          3.60786665	         22.03767198	          0.09214136	          9.05869302	         19.42885279	         -9.94631677	          4.48090405	          1.91971813	         -5.98364290	         -1.11012430	         11.11426724	          7.67080530	         -1.00222323	          1.72408062	          6.68775285	         -0.06455743	         -0.08648906	
          5.70000000	          0.00000000	          0.00000000	          0.00000000	          0.00000000	         -0.00000000	         -0.00000000	        -14.84368916	         50.88184822	         -6.89345358	         11.69841321	         -0.06000835	         -1.77957812	         16.96972664	          0.63630844	         -5.68477409	       -100.63705938	          7.32291782	         22.86147433	          0.98002563	         10.30014363	         21.64679188	         -5.05785477	         10.88506129	          1.05683435	         -5.34277979	         -0.99791128	         13.54908964	         10.12156413	         -0.82179368	          1.51541088	          7.76798469	         -0.06360047	         -0.07566368	
          5.72000000	          0.00000000	          0.00000000	         -0.00000000	          0.00000000	         -0.00000000	         -0.00000000	         -8.49217227	         34.82125489	         -4.50215973	          2.22969935	         -4.22841429	         -2.01748280	          9.09830613	          6.95604259	        -10.90575696	       -102.86355335	          8.28579852	         21.54211152	          2.35448830	         11.30960908	         22.67370761	         -5.83617767	         11.05534680	          0.43849685	         -4.23378463	         -0.72303247	         12.58063188	          9.88036204	         -0.51640402	          1.36056223	          7.31663010	         -0.05081360	         -0.05435182	
          5.74000000	         -0.00000000	         -0.00000000	          0.00000000	         -0.00000000	          0.00000000	          0.00000000	          0.94492576	         13.75532855	         -3.15510466	         -2.30615323	        -13.94188137	         -2.92310234	         -0.68604677	          7.41301206	        -11.28626807	       -103.40559262	          6.34286509	         19.94175614	          2.60159151	         12.40087407	         17.23861718	        -12.45491123	          8.62172592	         -0.34176990	         -3.36770351	         -0.45460119	          9.51863168	          8.19859863	         -0.12088605	          1.03841165	          5.97301227	         -0.03613414	         -0.02611588	
          5.76000000	         -0.00000000	          0.00000000	         -0.00000000	         -0.00000000	          0.00000000	          0.00000000	         10.30686557	        -14.33013479	         -0.94625862	         -0.18351030	        -30.07053228	         -3.97208492	        -11.44944045	          3.40375632	         -7.07084192	       -103.98608846	          2.19078640	         18.83955851	          1.89711889	         13.73148863	          6.24058151	        -23.43510212	          3.16199608	         -0.72175653	         -2.97043354	         -0.30848493	          5.37890453	          5.72529214	          0.23041803	          0.73783447	          4.21691436	         -0.02904719	         -0.00233632	
          5.78000000	          0.00000000	         -0.00000000	          0.00000000	          0.00000000	          0.00000000	          0.00000000	         10.76807712	        -33.56601400	          1.39458835	         12.39283823	        -36.94903503	         -3.95940652	        -16.00134181	         -7.18678373	         -2.51666693	       -103.34706328	         -1.05063361	         21.62906931	          1.03711876	         15.10741109	         -5.89191776	        -34.73891413	         -3.50561080	         -0.59836464	         -3.37171262	         -0.38086745	          1.76540720	          3.40256921	          0.42559463	          0.51560910	          2.73739395	         -0.03453667	          0.00908557	
          5.80000000	          0.00000000	         -0.00000000	         -0.00000000	          0.00000000	         -0.00000000	          0.00000000	          5.02411420	        -37.06431602	          2.96494186	         26.26342364	        -31.16341570	         -2.42419984	        -14.29861141	        -19.23532803	         -0.09878420	       -100.45668099	         -1.48930174	         28.52707544	          0.54831632	         16.17018203	        -13.55137079	        -40.62859031	         -7.81418614	         -0.13589558	         -4.55860788	         -0.65990397	         -0.04295702	          2.07073408	          0.44427916	          0.34847012	          2.00140358	         -0.04923381	          0.00883487	
          5.82000000	          0.00000000	         -0.00000000	         -0.00000000	          0.00000000	         -0.00000000	          0.00000000	         -1.86799536	        -32.45948305	          3.98108453	         35.74266711	        -18.43045449	          0.10712927	        -10.87004890	        -29.26500950	          0.53303950	        -94.86846668	         -0.31404125	         35.89922972	          0.43814111	         16.50360154	        -16.37277368	        -41.57715834	         -9.92484398	          0.73659528	         -5.53409677	         -0.92243668	         -0.61275651	          1.37014609	          0.36105124	          0.36181813	          1.66427765	         -0.06176689	          0.00283644	
          5.84000000	         -0.00000000	          0.00000000	          0.00000000	          0.00000000	          0.00000000	         -0.00000000	        -13.09218536	        -15.44022097	          3.54704890	         45.20383172	          1.74785261	          1.25924595	         -4.28640222	        -39.20901318	         -0.55157310	        -85.71550219	          3.00257274	         39.55718190	          0.54509749	         15.84380081	        -15.26706502	        -34.68465237	        -10.31140759	          1.86547074	         -5.74495160	         -1.05641001	         -0.68012256	          0.69653564	          0.21692445	          0.62788578	          1.36530462	         -0.06827350	         -0.00667170	
          5.86000000	         -0.00000000	          0.00000000	          0.00000000	         -0.00000000	          0.00000000	         -0.00000000	        -32.01461873	         27.86725593	          0.44955404	         60.62095023	         42.08368709	         -2.04028587	          7.86754114	        -51.62342937	         -3.89150364	        -70.07058269	         10.00957199	         39.37763535	          0.75889925	         13.35854976	        -12.42852871	        -17.54572960	         -8.90996727	          2.82239819	         -5.33160293	         -1.08892152	         -0.67392096	         -0.19679087	          0.04263086	          1.02123583	          0.93763425	         -0.07146317	         -0.01863276	
          5.88000000	         -0.00000000	          0.00000000	          0.00000000	         -0.00000000	          0.00000000	          0.00000000	        -44.38294574	         69.27923943	         -1.07790578	         72.00838282	         83.80914971	         -9.14231683	         14.69959742	        -60.17697288	         -7.26371288	        -48.41513888	         17.57765419	         35.67143321	          0.96137434	          8.72249598	        -11.38230207	          1.66594807	         -5.49226205	          2.81398576	         -4.40274327	         -0.96464799	         -0.41861200	         -1.14278044	         -0.18709773	          1.22500734	          0.43909060	         -0.06613240	         -0.03352795	
          5.90000000	          0.00000000	          0.00000000	          0.00000000	          0.00000000	          0.00000000	         -0.00000000	        -44.08990308	         56.38786148	          2.01669345	         69.18215078	         74.74479374	        -12.13296084	          9.07830125	        -55.03497232	         -7.64361752	        -22.29842429	         18.82108381	         22.25997932	          0.97119861	          4.07724589	         -9.39849134	         19.89778200	         -3.48272337	          2.46327623	         -3.27486259	         -0.77913375	         -0.28649988	         -2.22095252	         -0.42941689	          1.29430278	         -0.08589317	         -0.05699854	         -0.04577768	
          5.92000000	          0.00000000	          0.00000000	          0.00000000	          0.00000000	          0.00000000	         -0.00000000	        -55.63358746	         18.35226725	          6.31183991	         71.49563277	         45.41930583	         -8.08448312	          9.83738816	        -48.40840917	         -8.47977860	         -3.33710557	         16.72251712	         10.36250524	          0.87276496	          0.59757205	         -1.56068700	         30.69533195	         -9.21985836	          3.73153466	         -2.47059517	         -0.73431055	         -0.60942734	         -3.56294499	         -0.70328377	          1.80916964	         -0.45528333	         -0.05818802	         -0.05753561	
          5.94000000	         -0.00000000	         -0.00000000	          0.00000000	         -0.00000000	          0.00000000	          0.00000000	        -28.68503706	        -45.73455737	         10.71846668	         34.17336844	         -8.75676340	          5.70859158	        -11.72493845	        -17.84086259	         -4.48520824	          2.58137551	         11.33380343	         -1.08441317	          0.66262637	         -0.15100741	          6.48684398	         35.26868434	         -6.14150168	          2.30410999	         -2.22250654	         -0.60082337	          0.16880475	         -3.26421348	         -0.75729239	          1.42479346	         -0.08186810	         -0.04823879	         -0.05332388	
          5.96000000	          0.00000000	          0.00000000	          0.00000000	          0.00000000	         -0.00000000	         -0.00000000	        -25.39967776	        -46.02862654	          9.04081975	         24.35643811	         -5.80136479	          4.51864911	        -13.32798774	         -8.70287587	         -4.31275114	          1.93823432	         10.33229747	         -0.86384935	          0.55784923	         -0.08001241	         12.72418469	         36.89866310	         -4.54187155	          1.47216102	         -2.31908192	         -0.52728521	          1.40187654	         -2.42793059	         -0.82229315	          1.28923076	          0.75486551	         -0.04119291	         -0.05164517	
          5.98000000	          0.00000000	          0.00000000	          0.00000000	          0.00000000	         -0.00000000	         -0.00000000	        -35.69976103	        -31.16307784	          7.68020115	         28.61591807	          4.43115367	          1.15935450	         -3.29588389	         -9.82280438	         -6.14848164	          3.27160327	         12.09399469	         -0.39977376	         -0.36662543	         -1.09876654	         18.22565858	         40.10370127	         -5.45814281	          1.34085987	         -2.19566192	         -0.44537472	          2.17325909	         -1.84723304	         -0.84372860	          1.35231809	          1.43385533	         -0.03310087	         -0.04810981	
