GRF_resultant_treadmill_walk01_pre_mesh100.mot
version=1
nRows=600
nColumns=19
inDegrees=yes
endheader 
time	ground_force_right_vx	ground_force_right_vy	ground_force_right_vz	ground_force_right_px	ground_force_right_py	ground_force_right_pz	ground_torque_right_x	ground_torque_right_y	ground_torque_right_z	ground_force_left_vx	ground_force_left_vy	ground_force_left_vz	ground_force_left_px	ground_force_left_py	ground_force_left_pz	ground_torque_left_x	ground_torque_left_y	ground_torque_left_z	
          2.00000000	          0.00000134	         -0.00000129	          0.00000115	          0.00000000	          0.00000000	          0.00000000	          0.00000000	         -0.00000149	          0.00000000	         -1.85955720	         40.48705852	        -45.54068426	         -0.07706640	          0.00000000	         -1.12285661	          0.00000000	          0.03053779	          0.00000000	
          2.01000000	         -0.00003423	          0.00003332	         -0.00002866	          0.23102617	          0.00000000	         -0.91161122	          0.00000000	         -0.00000000	          0.00000000	         -3.02647248	         81.35630574	        -88.58439752	         -0.10392829	          0.00000000	         -1.10565103	          0.00000000	          0.06357456	          0.00000000	
          2.02000000	         -0.00002884	          0.00002808	         -0.00002280	          0.23691853	          0.00000000	         -0.90513457	          0.00000000	         -0.00000000	          0.00000000	         -4.71167818	        166.35620178	       -170.85072317	         -0.14300479	          0.00000000	         -1.08225002	          0.00000000	          0.19050263	          0.00000000	
          2.03000000	         -0.00002052	          0.00001972	         -0.00001446	          0.24229922	          0.00000000	         -0.90023971	          0.00000000	          0.00000000	          0.00000000	        -14.68785945	        223.94028558	       -205.59265138	         -0.15336611	          0.00000000	         -1.07396125	          0.00000000	          0.32748866	          0.00000000	
          2.04000000	         -0.00001891	          0.00001771	         -0.00001132	          0.24731122	          0.00000000	         -0.89675836	          0.00000000	         -0.00000000	          0.00000000	         10.29984515	        280.82364442	         27.78808483	         -0.15518186	          0.00000000	         -1.06547250	          0.00000000	          3.09315407	          0.00000000	
          2.05000000	         -0.00002250	          0.00002106	         -0.00001280	          0.25150452	          0.00000000	         -0.89318999	          0.00000000	          0.00000000	          0.00000000	        -11.22519814	        345.48216227	          6.19021633	         -0.15563913	          0.00000000	         -1.06791742	          0.00000000	          3.25569879	          0.00000000	
          2.06000000	         -0.00003620	          0.00003436	         -0.00001992	          0.25489055	          0.00000000	         -0.89005218	          0.00000000	          0.00000000	          0.00000000	         -5.20808032	        425.08854295	         36.93304343	         -0.15391006	          0.00000000	         -1.07007070	          0.00000000	          2.57457807	          0.00000000	
          2.07000000	         -0.00007622	          0.00007376	         -0.00004187	          0.25755934	          0.00000000	         -0.88708835	          0.00000000	         -0.00000000	          0.00000000	         -4.28812093	        523.87955292	         42.10624239	         -0.15210297	          0.00000000	         -1.07276640	          0.00000000	          1.00657133	          0.00000000	
          2.08000000	         -0.00020022	          0.00019797	         -0.00010981	          0.25960418	          0.00000000	         -0.88444750	          0.00000000	          0.00000000	          0.00000000	         -1.88221895	        637.01927836	         51.91972172	         -0.15069080	          0.00000000	         -1.07501541	          0.00000000	         -1.05687976	          0.00000000	
          2.09000000	         -0.00061170	          0.00062086	         -0.00034029	          0.26104287	          0.00000000	         -0.88200384	          0.00000000	          0.00000000	          0.00000000	          2.88638958	        753.59678547	         60.25504712	         -0.14989262	          0.00000000	         -1.07674503	          0.00000000	         -3.40329482	          0.00000000	
          2.10000000	         -0.00201027	          0.00210714	         -0.00115948	          0.26192652	          0.00000000	         -0.87968466	          0.00000000	          0.00000000	          0.00000000	          9.97400243	        858.31854140	         66.67873574	         -0.14957332	          0.00000000	         -1.07803288	          0.00000000	         -5.53764791	          0.00000000	
          2.11000000	         -0.00658287	          0.00716822	         -0.00402914	          0.26233701	          0.00000000	         -0.87744009	          0.00000000	          0.00000000	          0.00000000	         20.80431053	        941.32915876	         70.56263591	         -0.14886902	          0.00000000	         -1.07907630	          0.00000000	         -7.03938055	          0.00000000	
          2.12000000	         -0.02006057	          0.02280894	         -0.01329799	          0.26237761	          0.00000000	         -0.87523398	          0.00000000	          0.00000000	          0.00000000	         29.56475086	       1002.93787790	         71.40214099	         -0.14665245	          0.00000000	         -1.07973998	          0.00000000	         -7.85875814	          0.00000000	
          2.13000000	         -0.05381039	          0.06425876	         -0.03926911	          0.26213599	          0.00000000	         -0.87304140	          0.00000000	          0.00000000	          0.00000000	         35.26916737	       1043.52244100	         72.75635841	         -0.14224417	          0.00000000	         -1.08068721	          0.00000000	         -7.99934211	          0.00000000	
          2.14000000	         -0.12182419	          0.15422467	         -0.09987073	          0.26166840	          0.00000000	         -0.87081046	          0.00000000	          0.00000000	          0.00000000	         37.91189587	       1051.61420395	         73.76338211	         -0.13715470	          0.00000000	         -1.08193397	          0.00000000	         -7.54009858	          0.00000000	
          2.15000000	         -0.22850378	          0.31110669	         -0.21530296	          0.26100681	          0.00000000	         -0.86849665	          0.00000000	          0.00000000	          0.00000000	         39.47261246	       1027.48321726	         73.24431308	         -0.13249844	          0.00000000	         -1.08319132	          0.00000000	         -6.27518026	          0.00000000	
          2.16000000	         -0.35741338	          0.53338002	         -0.39555166	          0.26016343	          0.00000000	         -0.86607582	          0.00000000	          0.00000000	          0.00000000	         39.43560549	        992.71293377	         72.36411396	         -0.12739453	          0.00000000	         -1.08453692	          0.00000000	         -4.78617715	          0.00000000	
          2.17000000	         -0.47660801	          0.79552825	         -0.62845469	          0.25914352	          0.00000000	         -0.86355301	          0.00000000	          0.00000000	          0.00000000	         37.57658220	        960.75320926	         71.77789040	         -0.12147531	          0.00000000	         -1.08590478	          0.00000000	         -3.48824498	          0.00000000	
          2.18000000	         -0.55103698	          1.05784120	         -0.88337891	          0.25792318	          0.00000000	         -0.86093191	          0.00000000	          0.00000000	          0.00000000	         33.02823569	        934.84495833	         71.59465877	         -0.11510043	          0.00000000	         -1.08721731	          0.00000000	         -2.60037476	          0.00000000	
          2.19000000	         -0.55540511	          1.28507730	         -1.12560592	          0.25645378	          0.00000000	         -0.85822869	          0.00000000	          0.00000000	          0.00000000	         24.69566697	        915.24775860	         71.65789911	         -0.10872778	          0.00000000	         -1.08834907	          0.00000000	         -2.14024344	          0.00000000	
          2.20000000	         -0.47332350	          1.46219038	         -1.33457190	          0.25464585	          0.00000000	         -0.85547300	          0.00000000	          0.00000000	          0.00000000	         13.65505750	        901.19436839	         70.09480484	         -0.10277731	          0.00000000	         -1.08918965	          0.00000000	         -2.02223283	          0.00000000	
          2.21000000	         -0.28470822	          1.59767350	         -1.50563589	          0.25235659	          0.00000000	         -0.85272324	          0.00000000	          0.00000000	          0.00000000	          1.07279665	        891.25047240	         68.91365794	         -0.09753814	          0.00000000	         -1.08964667	          0.00000000	         -2.07137138	          0.00000000	
          2.22000000	          0.00683242	          1.71130421	         -1.62826150	          0.24948908	          0.00000000	         -0.85007566	          0.00000000	          0.00000000	          0.00000000	        -10.84708142	        884.52426208	         67.97035617	         -0.09327749	          0.00000000	         -1.08970517	          0.00000000	         -2.10820420	          0.00000000	
          2.23000000	          0.39541806	          1.82740800	         -1.68721408	          0.24598200	          0.00000000	         -0.84762967	          0.00000000	          0.00000000	          0.00000000	        -22.11950654	        880.13891836	         67.69350350	         -0.09006671	          0.00000000	         -1.08938840	          0.00000000	         -2.17658989	          0.00000000	
          2.24000000	          0.84771073	          1.97249411	         -1.67567946	          0.24185601	          0.00000000	         -0.84545069	          0.00000000	          0.00000000	          0.00000000	        -32.07916483	        878.12197071	         66.94734106	         -0.08795339	          0.00000000	         -1.08874146	          0.00000000	         -2.28504477	          0.00000000	
          2.25000000	          1.34884349	          2.17834012	         -1.60728050	          0.23713899	          0.00000000	         -0.84355468	          0.00000000	          0.00000001	          0.00000000	        -42.44325819	        876.73805505	         63.79442353	         -0.08659058	          0.00000000	         -1.08787577	          0.00000000	         -2.58821215	          0.00000000	
          2.26000000	          1.92688558	          2.49048493	         -1.50428549	          0.23182684	          0.00000000	         -0.84194205	          0.00000000	          0.00000006	          0.00000000	        -48.05827602	        873.54602689	         59.18043914	         -0.08531416	          0.00000000	         -1.08691542	          0.00000000	         -3.06717105	          0.00000000	
          2.27000000	          2.62504096	          2.95878528	         -1.39209394	          0.22592590	          0.00000000	         -0.84060023	          0.00000000	          0.00000039	          0.00000000	        -51.26921948	        869.42537278	         54.43568642	         -0.08408459	          0.00000000	         -1.08581939	          0.00000000	         -3.65212782	          0.00000000	
          2.28000000	          3.53396168	          3.65008327	         -1.27264862	          0.21944729	          0.00000000	         -0.83953473	          0.00000000	          0.00000338	          0.00000000	        -49.38058840	        864.73116282	         51.56357437	         -0.08287962	          0.00000000	         -1.08452464	          0.00000000	         -4.26479586	          0.00000000	
          2.29000000	          4.74133431	          4.63460792	         -1.14477089	          0.21245587	          0.00000000	         -0.83874014	          0.00000000	          0.00003164	          0.00000000	        -42.66619002	        859.31704410	         49.25640887	         -0.08170071	          0.00000000	         -1.08299364	          0.00000000	         -4.82585349	          0.00000000	
          2.30000000	          6.35546627	          6.00193113	         -0.99224768	          0.20513669	          0.00000000	         -0.83821596	          0.00000000	          0.00027649	          0.00000000	        -33.39806501	        852.11195487	         45.83994434	         -0.08060994	          0.00000000	         -1.08124704	          0.00000000	         -5.12668746	          0.00000000	
          2.31000000	          8.68960213	          8.04657886	         -0.79511650	          0.19813900	          0.00000000	         -0.83802379	          0.00000000	          0.00208936	          0.00000000	        -20.64832064	        842.51580324	         42.67901795	         -0.07963580	          0.00000000	         -1.07927708	          0.00000000	         -5.15390420	          0.00000000	
          2.32000000	         12.93275592	         11.88121779	         -0.52474757	          0.19337754	          0.00000000	         -0.83840695	          0.00000000	          0.01273627	          0.00000000	         -9.49251441	        827.04533976	         40.99681893	         -0.07850504	          0.00000000	         -1.07702125	          0.00000000	         -4.92923980	          0.00000000	
          2.33000000	         21.92001272	         20.19678584	         -0.02770449	          0.19318108	          0.00000000	         -0.83962608	          0.00000000	          0.05743431	          0.00000000	         -2.94751130	        803.79035552	         38.27265915	         -0.07688071	          0.00000000	         -1.07445385	          0.00000000	         -4.45210538	          0.00000000	
          2.34000000	         38.59191930	         36.04454771	          1.41721226	          0.19556488	          0.00000000	         -0.84124654	          0.00000000	          0.17481038	          0.00000000	         -4.05397437	        772.81574516	         36.82890392	         -0.07461056	          0.00000000	         -1.07153704	          0.00000000	         -3.62641913	          0.00000000	
          2.35000000	         61.58764442	         59.18868760	          5.33780480	          0.19411301	          0.00000000	         -0.84222858	          0.00000000	          0.35065254	          0.00000000	        -10.11668515	        734.27883758	         39.46907904	         -0.07147357	          0.00000000	         -1.06820880	          0.00000000	         -2.51913722	          0.00000000	
          2.36000000	         89.40211640	         90.31006083	         12.89272391	          0.19357071	          0.00000000	         -0.84319814	          0.00000000	          0.62704006	          0.00000000	        -30.68666081	        690.94200850	         19.53681999	         -0.06772857	          0.00000000	         -1.06500860	          0.00000000	         -1.38007321	          0.00000000	
          2.37000000	        117.04692656	        129.78300400	         36.52868709	          0.19362918	          0.00000000	         -0.84393672	          0.00000000	          0.99005172	          0.00000000	        -51.37754510	        643.84982848	         14.90979311	         -0.06308392	          0.00000000	         -1.06139131	          0.00000000	         -0.24623915	          0.00000000	
          2.38000000	         98.62877437	        167.76791480	         64.23190984	          0.18588149	          0.00000000	         -0.84371358	          0.00000000	          1.30939552	          0.00000000	        -66.96625094	        594.56474067	         -6.86021414	         -0.05800538	          0.00000000	         -1.05816176	          0.00000000	          0.55129721	          0.00000000	
          2.39000000	         48.02581877	        207.15461685	         69.70966648	          0.17651099	          0.00000000	         -0.84376377	          0.00000000	          0.39627925	          0.00000000	        -48.25884614	        539.17160236	        -16.10869956	         -0.05212246	          0.00000000	         -1.05465980	          0.00000000	          0.98875511	          0.00000000	
          2.40000000	         24.59275559	        251.74585915	         66.16898007	          0.16871960	          0.00000000	         -0.84381913	          0.00000000	         -0.55560344	          0.00000000	        -35.71755043	        494.41128934	        -24.86590097	         -0.04828269	          0.00000000	         -1.05212945	          0.00000000	          0.79059417	          0.00000000	
          2.41000000	          3.83378699	        300.39393174	         63.74892318	          0.16184393	          0.00000000	         -0.84366390	          0.00000000	         -1.45839809	          0.00000000	        -21.25917679	        464.56508769	        -27.60435654	         -0.04908496	          0.00000000	         -1.05194847	          0.00000000	          0.67732813	          0.00000000	
          2.42000000	        -13.40924152	        350.95327551	         58.95405201	          0.15587021	          0.00000000	         -0.84337804	          0.00000000	         -2.13465950	          0.00000000	         -8.30621001	        429.54629969	        -31.09058993	         -0.05071663	          0.00000000	         -1.05169323	          0.00000000	          0.55608967	          0.00000000	
          2.43000000	        -23.51819788	        405.19443398	         55.69630330	          0.15128191	          0.00000000	         -0.84265340	          0.00000000	         -2.63376228	          0.00000000	         -0.03039090	        389.05673019	        -34.44128765	         -0.05297369	          0.00000000	         -1.05155803	          0.00000000	          0.44738563	          0.00000000	
          2.44000000	        -34.74408502	        464.00015168	         47.67630491	          0.14797695	          0.00000000	         -0.84153267	          0.00000000	         -3.08867166	          0.00000000	          7.53867089	        340.65345253	        -33.24977456	         -0.05517548	          0.00000000	         -1.05150805	          0.00000000	          0.34280230	          0.00000000	
          2.45000000	        -37.73222829	        524.26674109	         32.52757464	          0.14579769	          0.00000000	         -0.84036320	          0.00000000	         -3.69812319	          0.00000000	          9.12529007	        287.89641706	        -30.86642936	         -0.05751764	          0.00000000	         -1.05163159	          0.00000000	          0.24188046	          0.00000000	
          2.46000000	        -29.00928220	        582.84034431	          8.25201412	          0.14450549	          0.00000000	         -0.83937366	          0.00000000	         -4.59546070	          0.00000000	         -1.40493023	        236.86515655	        -16.50632884	         -0.06035316	          0.00000000	         -1.05135647	          0.00000000	          0.14645649	          0.00000000	
          2.47000000	        -13.46676161	        637.40403714	         -9.29122174	          0.14385562	          0.00000000	         -0.83835948	          0.00000000	         -5.84124752	          0.00000000	        -19.35801322	        186.66390280	        -13.61708477	         -0.06362754	          0.00000000	         -1.05192783	          0.00000000	          0.05448808	          0.00000000	
          2.48000000	          2.34790092	        687.40307976	        -28.34178013	          0.14368547	          0.00000000	         -0.83749204	          0.00000000	         -7.39493598	          0.00000000	        -39.18370255	        139.79188332	         -3.08987222	         -0.06720876	          0.00000000	         -1.05218743	          0.00000000	         -0.02240891	          0.00000000	
          2.49000000	         27.71886991	        732.07534173	        -34.14277988	          0.14417196	          0.00000000	         -0.83657530	          0.00000000	         -9.17265476	          0.00000000	        -58.13924810	         98.16861117	          2.73371176	         -0.07114764	          0.00000000	         -1.05292326	          0.00000000	         -0.07854006	          0.00000000	
          2.50000000	         25.80030921	        765.90256694	        -32.02872960	          0.14443245	          0.00000000	         -0.83572216	          0.00000000	        -10.51717337	          0.00000000	        -60.92472465	         64.59517606	          3.04037035	         -0.07336232	          0.00000000	         -1.05398960	          0.00000000	         -0.01099294	          0.00000000	
          2.51000000	          0.38535736	        786.41972789	        -26.94209462	          0.14445549	          0.00000000	         -0.83496827	          0.00000000	        -10.43579811	          0.00000000	        -38.49082882	         36.57793769	          2.86837788	         -0.07109094	          0.00000000	         -1.05427531	          0.00000000	         -0.00504071	          0.00000000	
          2.52000000	        -18.41528453	        801.02419145	        -23.22036271	          0.14526465	          0.00000000	         -0.83429793	          0.00000000	         -9.71550848	          0.00000000	        -32.05661611	         27.19161862	          1.05121996	         -0.06645195	          0.00000000	         -1.05367488	          0.00000000	         -0.00241992	          0.00000000	
          2.53000000	        -31.60698190	        808.91108482	        -21.65767285	          0.14716480	          0.00000000	         -0.83370383	          0.00000000	         -8.52667255	          0.00000000	        -31.66236716	         24.41498701	          0.09654599	         -0.05930609	          0.00000000	         -1.05270052	          0.00000000	         -0.00115454	          0.00000000	
          2.54000000	        -40.15047471	        810.51148089	        -25.92923370	          0.15021777	          0.00000000	         -0.83333976	          0.00000000	         -6.76071302	          0.00000000	        -32.23064884	         22.96645917	         -0.66679671	         -0.04994928	          0.00000000	         -1.05203963	          0.00000000	         -0.00056359	          0.00000000	
          2.55000000	        -49.94932200	        808.80041105	        -31.11936621	          0.15421869	          0.00000000	         -0.83322166	          0.00000000	         -4.94455431	          0.00000000	        -30.81453325	         20.53833484	         -1.10098098	         -0.03871841	          0.00000000	         -1.05146611	          0.00000000	         -0.00027799	          0.00000000	
          2.56000000	        -58.72222732	        806.06026215	        -37.60323313	          0.15897738	          0.00000000	         -0.83334793	          0.00000000	         -2.84632310	          0.00000000	        -27.35884374	         17.23057793	         -1.22944034	         -0.02590904	          0.00000000	         -1.05081037	          0.00000000	         -0.00014165	          0.00000000	
          2.57000000	        -66.92311632	        804.01700482	        -44.27803153	          0.16400236	          0.00000000	         -0.83369653	          0.00000000	         -0.78374866	          0.00000000	        -23.00510965	         13.79710896	         -1.18338969	         -0.01177174	          0.00000000	         -1.05000814	          0.00000000	         -0.00007827	          0.00000000	
          2.58000000	        -73.02525665	        802.64177101	        -51.78323112	          0.16881670	          0.00000000	         -0.83424647	          0.00000000	          1.23607055	          0.00000000	        -19.35306455	         11.12809243	         -1.10879213	          0.00350340	          0.00000000	         -1.04902440	          0.00000000	         -0.00005299	          0.00000000	
          2.59000000	        -76.43907266	        801.58909524	        -57.24167125	          0.17282882	          0.00000000	         -0.83492295	          0.00000000	          2.42645070	          0.00000000	        -17.04234151	          9.45144471	         -1.05793843	          0.01976389	          0.00000000	         -1.04784108	          0.00000000	         -0.00004690	          0.00000000	
          2.60000000	        -77.87836296	        798.01355706	        -66.18876666	          0.17535350	          0.00000000	         -0.83570178	          0.00000000	          2.84945724	          0.00000000	        -15.85946407	          8.53008837	         -1.04441727	          0.03688987	          0.00000000	         -1.04647321	          0.00000000	         -0.00005092	          0.00000000	
          2.61000000	        -78.88942220	        790.12429037	        -68.91193264	          0.17585367	          0.00000000	         -0.83636873	          0.00000000	          2.39768597	          0.00000000	        -15.31280035	          8.03009295	         -0.98512786	          0.05477562	          0.00000000	         -1.04499091	          0.00000000	         -0.00005949	          0.00000000	
          2.62000000	        -78.49722044	        776.28127610	        -69.41662170	          0.17405785	          0.00000000	         -0.83686908	          0.00000000	          1.68173632	          0.00000000	        -15.08416597	          7.75839902	         -0.93079307	          0.07329824	          0.00000000	         -1.04348512	          0.00000000	         -0.00007243	          0.00000000	
          2.63000000	        -78.10259123	        758.59307971	        -69.22509474	          0.16999010	          0.00000000	         -0.83714595	          0.00000000	          0.76784218	          0.00000000	        -15.05233262	          7.63685827	         -0.86182353	          0.09230353	          0.00000000	         -1.04201059	          0.00000000	         -0.00008983	          0.00000000	
          2.64000000	        -76.37883899	        740.51828446	        -69.33039014	          0.16393994	          0.00000000	         -0.83716371	          0.00000000	         -0.16266341	          0.00000000	        -15.24559251	          7.67385477	         -0.75098052	          0.11161079	          0.00000000	         -1.04064848	          0.00000000	         -0.00011282	          0.00000000	
          2.65000000	        -74.48880846	        727.26916618	        -68.38985894	          0.15694470	          0.00000000	         -0.83697078	          0.00000000	         -0.75249137	          0.00000000	        -15.72173669	          7.88963761	         -0.56918054	          0.13103317	          0.00000000	         -1.03951115	          0.00000000	         -0.00014346	          0.00000000	
          2.66000000	        -70.22143943	        721.37439705	        -67.24582961	          0.14975902	          0.00000000	         -0.83663820	          0.00000000	         -1.04047456	          0.00000000	        -16.60258206	          8.34206624	         -0.30250954	          0.15040408	          0.00000000	         -1.03871862	          0.00000000	         -0.00018525	          0.00000000	
          2.67000000	        -67.14320571	        725.31477765	        -65.18647301	          0.14375501	          0.00000000	         -0.83632522	          0.00000000	         -0.56068647	          0.00000000	        -17.83973262	          8.99737020	          0.07059433	          0.16961484	          0.00000000	         -1.03836953	          0.00000000	         -0.00023850	          0.00000000	
          2.68000000	        -66.29028406	        737.19368058	        -62.43647781	          0.13939418	          0.00000000	         -0.83610732	          0.00000000	          0.86681619	          0.00000000	        -19.23014804	          9.75374163	          0.55521634	          0.18862832	          0.00000000	         -1.03852968	          0.00000000	         -0.00029802	          0.00000000	
          2.69000000	        -66.10143496	        755.55071081	        -61.97956091	          0.13722054	          0.00000000	         -0.83609803	          0.00000000	          3.72681366	          0.00000000	        -20.21600561	         10.32839877	          1.11336713	          0.20745022	          0.00000000	         -1.03923357	          0.00000000	         -0.00034743	          0.00000000	
          2.70000000	        -69.88259892	        777.67387045	        -58.18805170	          0.13673281	          0.00000000	         -0.83619556	          0.00000000	          6.91918584	          0.00000000	        -19.69289578	         10.13588871	          1.61258073	          0.22615008	          0.00000000	         -1.04050304	          0.00000000	         -0.00035572	          0.00000000	
          2.71000000	        -76.93890535	        801.10013293	        -56.02013677	          0.13777057	          0.00000000	         -0.83645370	          0.00000000	         10.91620422	          0.00000000	        -16.76271962	          8.69716099	          1.77512210	          0.24483403	          0.00000000	         -1.04233336	          0.00000000	         -0.00030264	          0.00000000	
          2.72000000	        -86.83573181	        821.85513854	        -49.74444364	          0.13878121	          0.00000000	         -0.83664276	          0.00000000	         13.17890425	          0.00000000	        -11.68614899	          6.11586874	          1.47923705	          0.26359655	          0.00000000	         -1.04468559	          0.00000000	         -0.00020171	          0.00000000	
          2.73000000	        -96.52624310	        835.72517636	        -42.36950617	          0.13874491	          0.00000000	         -0.83664956	          0.00000000	         13.35653535	          0.00000000	         -6.50163505	          3.43567681	          0.91759253	          0.28249600	          0.00000000	         -1.04747580	          0.00000000	         -0.00010529	          0.00000000	
          2.74000000	       -105.19559281	        834.81730757	        -41.45175822	          0.13613160	          0.00000000	         -0.83639270	          0.00000000	         12.21039882	          0.00000000	         -2.69497130	          1.44019349	          0.39640847	          0.30148799	          0.00000000	         -1.05055429	          0.00000000	         -0.00004791	          0.00000000	
          2.75000000	       -107.47057173	        819.54378082	        -37.36345414	          0.13010200	          0.00000000	         -0.83565627	          0.00000000	          9.67765012	          0.00000000	         -0.54069806	          0.29320405	          0.08024866	          0.32007023	          0.00000000	         -1.05376854	          0.00000000	         -0.00002231	          0.00000000	
          2.76000000	       -102.29120854	        790.90923989	        -40.25684319	          0.11983374	          0.00000000	         -0.83452432	          0.00000000	          6.88268032	          0.00000000	          0.00378206	         -0.00208635	         -0.00065541	          0.00000000	          0.00000000	          0.00000000	          0.00000000	         -0.00379797	          0.00000000	
          2.77000000	        -94.77050507	        759.49679746	        -44.40000527	          0.10583191	          0.00000000	         -0.83308679	          0.00000000	          5.00350100	          0.00000000	         -0.00160569	          0.00090034	          0.00017876	          0.27992199	          0.00000000	         -1.03581928	          0.00000000	         -0.00000007	          0.00000000	
          2.78000000	        -84.75172998	        737.23154420	        -43.02682585	          0.08938484	          0.00000000	         -0.83147190	          0.00000000	          3.01475724	          0.00000000	         -0.00054131	          0.00031073	          0.00006245	          0.29356393	          0.00000000	         -1.03719688	          0.00000000	         -0.00000002	          0.00000000	
          2.79000000	        -66.28610401	        735.46252617	        -39.22240973	          0.07326528	          0.00000000	         -0.82994854	          0.00000000	         -0.21275566	          0.00000000	         -0.00017708	          0.00010449	          0.00002107	          0.27486941	          0.00000000	         -1.04237656	          0.00000000	          0.00000004	          0.00000000	
          2.80000000	        -48.31108027	        750.98834969	        -34.53940209	          0.05947482	          0.00000000	         -0.82874653	          0.00000000	         -2.50439363	          0.00000000	         -0.00025457	          0.00015456	          0.00003776	          0.17225715	          0.00000000	         -1.04675442	          0.00000000	          0.00000019	          0.00000000	
          2.81000000	        -28.17167242	        777.43955697	        -28.47180377	          0.04864532	          0.00000000	         -0.82784831	          0.00000000	         -3.83051110	          0.00000000	         -0.00113154	          0.00070610	          0.00019861	          0.15897788	          0.00000000	         -1.04783727	          0.00000000	          0.00000013	          0.00000000	
          2.82000000	        -10.39132628	        806.71286583	        -27.87180804	          0.04055713	          0.00000000	         -0.82726837	          0.00000000	         -4.03000826	          0.00000000	         -0.00461211	          0.00295306	          0.00087587	          0.16566501	          0.00000000	         -1.04990146	          0.00000000	          0.00000013	          0.00000000	
          2.83000000	          6.24758286	        833.81156357	        -28.27057652	          0.03462253	          0.00000000	         -0.82680035	          0.00000000	         -3.85249479	          0.00000000	         -0.01506142	          0.00987457	          0.00296368	          0.17366202	          0.00000000	         -1.05233225	          0.00000000	          0.00000016	          0.00000000	
          2.84000000	         17.60049406	        854.31938407	        -31.63703455	          0.03002790	          0.00000000	         -0.82633099	          0.00000000	         -3.19273662	          0.00000000	         -0.03882642	          0.02598424	          0.00761194	          0.18178504	          0.00000000	         -1.05476953	          0.00000000	          0.00000018	          0.00000000	
          2.85000000	         26.09595658	        867.33972987	        -38.16664758	          0.02623733	          0.00000000	         -0.82582149	          0.00000000	         -2.07141974	          0.00000000	         -0.07872558	          0.05364632	          0.01499925	          0.18989913	          0.00000000	         -1.05711504	          0.00000000	          0.00000016	          0.00000000	
          2.86000000	         28.75841358	        875.01651455	        -47.08632581	          0.02314707	          0.00000000	         -0.82527378	          0.00000000	         -0.54870611	          0.00000000	         -0.12584327	          0.08720662	          0.02321950	          0.19797801	          0.00000000	         -1.05937387	          0.00000000	          0.00000012	          0.00000000	
          2.87000000	         27.62566027	        879.67158778	        -54.75196657	          0.02057266	          0.00000000	         -0.82470036	          0.00000000	          0.84088916	          0.00000000	         -0.16003495	          0.11280083	          0.02916922	          0.20599824	          0.00000000	         -1.06160001	          0.00000000	          0.00000007	          0.00000000	
          2.88000000	         22.99706716	        882.13405973	        -61.14145484	          0.01841669	          0.00000000	         -0.82415994	          0.00000000	          2.00510225	          0.00000000	         -0.16432066	          0.11800002	          0.03043185	          0.21390816	          0.00000000	         -1.06384789	          0.00000000	          0.00000004	          0.00000000	
          2.89000000	         14.33066563	        882.44325243	        -64.30150987	          0.01648764	          0.00000000	         -0.82370169	          0.00000000	          2.64310777	          0.00000000	         -0.13887255	          0.10189066	          0.02698867	          0.22162294	          0.00000000	         -1.06617600	          0.00000000	          0.00000002	          0.00000000	
          2.90000000	          5.08390215	        878.90720291	        -64.06723631	          0.01455202	          0.00000000	         -0.82340232	          0.00000000	          2.63786811	          0.00000000	         -0.09933880	          0.07476555	          0.02069862	          0.22902031	          0.00000000	         -1.06861118	          0.00000000	          0.00000001	          0.00000000	
          2.91000000	         -3.82907708	        869.61404533	        -61.97280492	          0.01227112	          0.00000000	         -0.82335017	          0.00000000	          2.11638079	          0.00000000	         -0.06224942	          0.04825190	          0.01401624	          0.23596456	          0.00000000	         -1.07114369	          0.00000000	          0.00000000	          0.00000000	
          2.92000000	        -11.62413524	        853.54917386	        -59.84370843	          0.00923685	          0.00000000	         -0.82360972	          0.00000000	          1.38539208	          0.00000000	         -0.03567366	          0.02857174	          0.00868891	          0.24233333	          0.00000000	         -1.07374481	          0.00000000	          0.00000000	          0.00000000	
          2.93000000	        -17.26812047	        832.99906851	        -56.17917498	          0.00524325	          0.00000000	         -0.82413924	          0.00000000	          0.23847926	          0.00000000	         -0.01956222	          0.01624596	          0.00518510	          0.24801053	          0.00000000	         -1.07639751	          0.00000000	          0.00000000	          0.00000000	
          2.94000000	        -17.45094869	        810.11182253	        -50.95943528	          0.00021377	          0.00000000	         -0.82487164	          0.00000000	         -1.27830791	          0.00000000	         -0.01075958	          0.00928483	          0.00308816	          0.25291879	          0.00000000	         -1.07904316	          0.00000000	          0.00000000	          0.00000000	
          2.95000000	        -15.85764981	        789.07703273	        -44.68528804	         -0.00569204	          0.00000000	         -0.82565834	          0.00000000	         -2.94446027	          0.00000000	         -0.00618178	          0.00554003	          0.00189025	          0.25704106	          0.00000000	         -1.08159663	          0.00000000	          0.00000000	          0.00000000	
          2.96000000	         -7.81286735	        772.08568245	        -37.28031159	         -0.01209501	          0.00000000	         -0.82636991	          0.00000000	         -4.62383349	          0.00000000	         -0.00383588	          0.00356119	          0.00121312	          0.26039791	          0.00000000	         -1.08394237	          0.00000000	          0.00000000	          0.00000000	
          2.97000000	          1.87982449	        761.03398458	        -29.32416168	         -0.01859335	          0.00000000	         -0.82688448	          0.00000000	         -5.86965997	          0.00000000	         -0.00262797	          0.00250996	          0.00081755	          0.26307979	          0.00000000	         -1.08594198	          0.00000000	          0.00000000	          0.00000000	
          2.98000000	         14.39855595	        756.36196931	        -21.63836071	         -0.02474811	          0.00000000	         -0.82716231	          0.00000000	         -6.72685563	          0.00000000	         -0.00201427	          0.00196230	          0.00057399	          0.26518833	          0.00000000	         -1.08746942	          0.00000000	          0.00000000	          0.00000000	
          2.99000000	         26.25974422	        758.12996819	        -14.99206470	         -0.03030822	          0.00000000	         -0.82720443	          0.00000000	         -7.36821243	          0.00000000	         -0.00173345	          0.00170594	          0.00040539	          0.26683740	          0.00000000	         -1.08841808	          0.00000000	          0.00000000	          0.00000000	
          3.00000000	         36.53105016	        763.78777868	         -9.81610982	         -0.03522422	          0.00000000	         -0.82706525	          0.00000000	         -7.78609999	          0.00000000	         -0.00166394	          0.00164459	          0.00026564	          0.26809292	          0.00000000	         -1.08874443	          0.00000000	          0.00000000	          0.00000000	
          3.01000000	         44.62416328	        771.32121157	         -6.25430266	         -0.03958286	          0.00000000	         -0.82679800	          0.00000000	         -7.98392182	          0.00000000	         -0.00176326	          0.00174943	          0.00011581	          0.26898148	          0.00000000	         -1.08844888	          0.00000000	          0.00000000	          0.00000000	
          3.02000000	         50.98214287	        778.72658744	         -4.09877135	         -0.04345426	          0.00000000	         -0.82644234	          0.00000000	         -7.98801579	          0.00000000	         -0.00203515	          0.00203750	         -0.00008552	          0.26950644	          0.00000000	         -1.08760195	          0.00000000	          0.00000000	          0.00000000	
          3.03000000	         54.90731121	        785.19309764	         -3.71900010	         -0.04691856	          0.00000000	         -0.82603368	          0.00000000	         -7.83218222	          0.00000000	         -0.00252783	          0.00257754	         -0.00040409	          0.26967585	          0.00000000	         -1.08629178	          0.00000000	          0.00000000	          0.00000000	
          3.04000000	         57.13417788	        789.70633735	         -4.96556279	         -0.05004597	          0.00000000	         -0.82559486	          0.00000000	         -7.42214985	          0.00000000	         -0.00334590	          0.00351739	         -0.00095355	          0.26949888	          0.00000000	         -1.08462385	          0.00000000	          0.00000000	          0.00000000	
          3.05000000	         59.48982816	        791.61715992	         -8.05893443	         -0.05292437	          0.00000000	         -0.82516799	          0.00000000	         -6.69632069	          0.00000000	         -0.00468697	          0.00515039	         -0.00196284	          0.26898616	          0.00000000	         -1.08267516	          0.00000000	          0.00000000	          0.00000000	
          3.06000000	         62.09386359	        791.37055282	        -12.92817517	         -0.05560142	          0.00000000	         -0.82477422	          0.00000000	         -5.59616517	          0.00000000	         -0.00692054	          0.00803775	         -0.00384764	          0.26818582	          0.00000000	         -1.08056570	          0.00000000	          0.00000000	          0.00000000	
          3.07000000	         65.01001423	        790.02035475	        -18.51567121	         -0.05810875	          0.00000000	         -0.82443642	          0.00000000	         -4.29101766	          0.00000000	         -0.01072793	          0.01326926	         -0.00744094	          0.26715079	          0.00000000	         -1.07837340	          0.00000000	          0.00000000	          0.00000000	
          3.08000000	         68.12554849	        788.36604258	        -24.25570182	         -0.06043646	          0.00000000	         -0.82417150	          0.00000000	         -2.86709360	          0.00000000	         -0.01737953	          0.02296341	         -0.01438462	          0.26593439	          0.00000000	         -1.07615493	          0.00000000	          0.00000000	          0.00000000	
          3.09000000	         70.77970409	        787.15587447	        -29.70367859	         -0.06256445	          0.00000000	         -0.82399759	          0.00000000	         -1.43481140	          0.00000000	         -0.02922964	          0.04123806	         -0.02792432	          0.26457547	          0.00000000	         -1.07394305	          0.00000000	         -0.00000000	          0.00000000	
          3.10000000	         72.67705826	        786.75672573	        -34.73210556	         -0.06445198	          0.00000000	         -0.82392942	          0.00000000	         -0.03826820	          0.00000000	         -0.05063161	          0.07591461	         -0.05423473	          0.26311145	          0.00000000	         -1.07176505	          0.00000000	         -0.00000000	          0.00000000	
          3.11000000	         72.82570902	        787.32285319	        -39.42857221	         -0.06607513	          0.00000000	         -0.82398766	          0.00000000	          1.24526335	          0.00000000	         -0.08924920	          0.14145479	         -0.10483369	          0.26155660	          0.00000000	         -1.06963353	          0.00000000	         -0.00000000	          0.00000000	
          3.12000000	         71.15242150	        788.62404898	        -43.81389246	         -0.06741422	          0.00000000	         -0.82418270	          0.00000000	          2.42275366	          0.00000000	         -0.15803941	          0.26316024	         -0.19977207	          0.25992149	          0.00000000	         -1.06756600	          0.00000000	         -0.00000000	          0.00000000	
          3.13000000	         67.82556915	        790.22162252	        -47.85487380	         -0.06847972	          0.00000000	         -0.82452496	          0.00000000	          3.49154116	          0.00000000	         -0.27629731	          0.48251324	         -0.37229225	          0.25819408	          0.00000000	         -1.06557436	          0.00000000	         -0.00000000	          0.00000000	
          3.14000000	         62.29251725	        791.68712242	        -51.46741506	         -0.06931924	          0.00000000	         -0.82502160	          0.00000000	          4.43113045	          0.00000000	         -0.46816206	          0.86122101	         -0.67271382	          0.25635352	          0.00000000	         -1.06367722	          0.00000000	         -0.00000001	          0.00000000	
          3.15000000	         56.31605731	        792.72345895	        -54.24706970	         -0.06997802	          0.00000000	         -0.82566007	          0.00000000	          5.25909359	          0.00000000	         -0.74846480	          1.48066578	         -1.17370295	          0.25435420	          0.00000000	         -1.06188926	          0.00000000	         -0.00000002	          0.00000000	
          3.16000000	         50.07006065	        793.01531712	        -56.16393065	         -0.07053806	          0.00000000	         -0.82642977	          0.00000000	          5.93263412	          0.00000000	         -1.09214986	          2.42379028	         -1.96273730	          0.25215477	          0.00000000	         -1.06023486	          0.00000000	         -0.00000006	          0.00000000	
          3.17000000	         45.42907998	        792.68087803	        -56.94697015	         -0.07108417	          0.00000000	         -0.82729149	          0.00000000	          6.43814127	          0.00000000	         -1.35835365	          3.73527722	         -3.12554883	          0.24970742	          0.00000000	         -1.05873395	          0.00000000	         -0.00000017	          0.00000000	
          3.18000000	         41.79163582	        792.05708144	        -57.23746093	         -0.07171201	          0.00000000	         -0.82821284	          0.00000000	          6.75414461	          0.00000000	         -1.22222225	          5.38121035	         -4.66317512	          0.24699632	          0.00000000	         -1.05741518	          0.00000000	         -0.00000054	          0.00000000	
          3.19000000	         41.90228080	        791.63908914	        -55.90258822	         -0.07235501	          0.00000000	         -0.82913928	          0.00000000	          6.91409711	          0.00000000	         -0.21760837	          7.39001318	         -6.01885422	          0.24406397	          0.00000000	         -1.05632668	          0.00000000	         -0.00000236	          0.00000000	
          3.20000000	         42.27076500	        793.31607807	        -55.18013986	         -0.07277673	          0.00000000	         -0.83009729	          0.00000000	          7.00549056	          0.00000000	          1.92343711	         10.44410650	         -8.21013962	          0.24100102	          0.00000000	         -1.05528371	          0.00000000	         -0.00001108	          0.00000000	
          3.21000000	         48.31659588	        798.05783077	        -52.48528379	         -0.07249999	          0.00000000	         -0.83106072	          0.00000000	          6.95230465	          0.00000000	          6.51785304	         16.09419530	        -12.25410866	          0.23783826	          0.00000000	         -1.05429794	          0.00000000	         -0.00005263	          0.00000000	
          3.22000000	         51.75268858	        807.49501441	        -46.59475100	         -0.07130725	          0.00000000	         -0.83201664	          0.00000000	          6.40454662	          0.00000000	         14.14346618	         25.17104398	        -17.72372097	          0.23462789	          0.00000000	         -1.05336718	          0.00000000	         -0.00022016	          0.00000000	
          3.23000000	         51.58565379	        817.67480292	        -43.00263534	         -0.06913223	          0.00000000	         -0.83302835	          0.00000000	          6.22906365	          0.00000000	         23.81184406	         36.85319182	        -23.30019847	          0.23155606	          0.00000000	         -1.05255104	          0.00000000	         -0.00099616	          0.00000000	
          3.24000000	         48.74956263	        828.79898319	        -38.77116383	         -0.06578621	          0.00000000	         -0.83408616	          0.00000000	          5.40119326	          0.00000000	         35.03956714	         49.87478208	        -28.43422334	          0.22908973	          0.00000000	         -1.05202513	          0.00000000	         -0.00586045	          0.00000000	
          3.25000000	         43.69075190	        838.36600473	        -34.89098168	         -0.06115604	          0.00000000	         -0.83519713	          0.00000000	          4.25476766	          0.00000000	         46.58001024	         63.07840622	        -32.21019454	          0.22756977	          0.00000000	         -1.05192403	          0.00000000	         -0.02652711	          0.00000000	
          3.26000000	         39.72288913	        843.87426084	        -32.45899925	         -0.05517484	          0.00000000	         -0.83636925	          0.00000000	          3.47007398	          0.00000000	         52.14648974	         74.82010627	        -31.04755412	          0.22638837	          0.00000000	         -1.05200972	          0.00000000	         -0.07154557	          0.00000000	
          3.27000000	         36.22481390	        842.90661299	        -29.62470987	         -0.04797759	          0.00000000	         -0.83760575	          0.00000000	          2.94199337	          0.00000000	         49.82874497	         84.77166713	        -25.03089892	          0.22636112	          0.00000000	         -1.05257563	          0.00000000	         -0.16257266	          0.00000000	
          3.28000000	         30.54700956	        834.62427157	        -25.29439148	         -0.03985593	          0.00000000	         -0.83892106	          0.00000000	          2.37130544	          0.00000000	         43.36530102	         96.13352562	        -18.57356680	          0.22995608	          0.00000000	         -1.05456783	          0.00000000	         -0.37420853	          0.00000000	
          3.29000000	         22.21503434	        817.91792984	        -24.54552514	         -0.03107793	          0.00000000	         -0.84041561	          0.00000000	          1.76723815	          0.00000000	         34.48488756	        107.34805050	        -12.32334304	          0.23502969	          0.00000000	         -1.05717274	          0.00000000	         -0.69890558	          0.00000000	
          3.30000000	         15.75581352	        792.47960827	        -21.41327832	         -0.02184616	          0.00000000	         -0.84212670	          0.00000000	          1.39431170	          0.00000000	         23.97331394	        115.18957162	         -7.75242853	          0.23934985	          0.00000000	         -1.05952162	          0.00000000	         -1.07063100	          0.00000000	
          3.31000000	         11.76448156	        761.80402780	        -21.20050457	         -0.01241758	          0.00000000	         -0.84421847	          0.00000000	          1.16704840	          0.00000000	         11.99430803	        120.44100359	         -5.56056711	          0.24393855	          0.00000000	         -1.06186042	          0.00000000	         -1.53328499	          0.00000000	
          3.32000000	         10.51280684	        729.60505571	        -21.08628926	         -0.00304988	          0.00000000	         -0.84677573	          0.00000000	          0.95154819	          0.00000000	         -0.20454749	        124.43133195	         -4.58876663	          0.24880005	          0.00000000	         -1.06418321	          0.00000000	         -2.04829953	          0.00000000	
          3.33000000	          9.72987807	        700.36816662	        -22.48493403	          0.00592772	          0.00000000	         -0.84986812	          0.00000000	          0.52292106	          0.00000000	        -11.13077947	        126.79362850	         -5.91530129	          0.25208356	          0.00000000	         -1.06596752	          0.00000000	         -2.45268706	          0.00000000	
          3.34000000	         12.32732476	        675.48927313	        -22.68288633	          0.01432338	          0.00000000	         -0.85350776	          0.00000000	          0.37093678	          0.00000000	        -19.47996600	        127.93982941	         -9.25167185	          0.25324524	          0.00000000	         -1.06701091	          0.00000000	         -2.70497797	          0.00000000	
          3.35000000	         15.38825985	        660.34280644	        -29.10311462	          0.02114903	          0.00000000	         -0.85759172	          0.00000000	          0.53492062	          0.00000000	        -25.44093134	        128.91405055	        -13.50055463	          0.25262691	          0.00000000	         -1.06737018	          0.00000000	         -2.86664009	          0.00000000	
          3.36000000	         20.51135027	        662.72686301	        -26.66004434	          0.02365785	          0.00000000	         -0.86118708	          0.00000000	          0.76076285	          0.00000000	        -29.53700808	        130.32946925	        -15.46522222	          0.25058761	          0.00000000	         -1.06710805	          0.00000000	         -2.95217356	          0.00000000	
          3.37000000	         23.77417626	        670.95236378	        -21.20578314	          0.02530775	          0.00000000	         -0.86436412	          0.00000000	          0.78245207	          0.00000000	        -31.24291538	        132.27077851	        -18.17064219	          0.24741101	          0.00000000	         -1.06640411	          0.00000000	         -2.97714677	          0.00000000	
          3.38000000	         25.87807938	        684.56359130	        -12.24548190	          0.02598849	          0.00000000	         -0.86675424	          0.00000000	          0.65737813	          0.00000000	        -31.46372333	        134.66348227	        -19.98252397	          0.24325780	          0.00000000	         -1.06529139	          0.00000000	         -2.94069593	          0.00000000	
          3.39000000	         26.30385348	        701.07334914	         -2.97450425	          0.02592667	          0.00000000	         -0.86833898	          0.00000000	          0.51224063	          0.00000000	        -29.83519148	        137.28672337	        -20.56760817	          0.23833620	          0.00000000	         -1.06385273	          0.00000000	         -2.85688009	          0.00000000	
          3.40000000	         24.76666253	        712.00357177	          7.21075760	          0.02599184	          0.00000000	         -0.86936254	          0.00000000	          0.36137013	          0.00000000	        -26.98649259	        139.74733920	        -19.11800569	          0.23295286	          0.00000000	         -1.06221558	          0.00000000	         -2.70749584	          0.00000000	
          3.41000000	         23.40340906	        715.13477199	         27.45532748	          0.02643856	          0.00000000	         -0.86979123	          0.00000000	          0.24242181	          0.00000000	        -23.33401043	        142.25716335	        -18.16612776	          0.22741436	          0.00000000	         -1.06057362	          0.00000000	         -2.49319620	          0.00000000	
          3.42000000	         18.95438131	        708.64308145	         44.05904112	          0.02746439	          0.00000000	         -0.87011259	          0.00000000	          0.01488108	          0.00000000	        -19.83653659	        145.09978191	        -19.52014722	          0.22199807	          0.00000000	         -1.05908050	          0.00000000	         -2.24800439	          0.00000000	
          3.43000000	         12.26671891	        689.12433383	         56.77893324	          0.02916397	          0.00000000	         -0.87039049	          0.00000000	         -0.00978821	          0.00000000	        -15.50133544	        148.79207007	        -21.70655906	          0.21691396	          0.00000000	         -1.05777795	          0.00000000	         -1.98922823	          0.00000000	
          3.44000000	          5.97393572	        655.49184324	         62.98303133	          0.03152449	          0.00000000	         -0.87066005	          0.00000000	          0.25460577	          0.00000000	        -11.29602917	        154.26288922	        -23.59900682	          0.21229297	          0.00000000	         -1.05672173	          0.00000000	         -1.72808434	          0.00000000	
          3.45000000	         -1.44098681	        607.61090688	         65.88758453	          0.03446500	          0.00000000	         -0.87083829	          0.00000000	          0.62457485	          0.00000000	         -8.14723372	        162.65066298	        -24.60577083	          0.20816419	          0.00000000	         -1.05594071	          0.00000000	         -1.47873924	          0.00000000	
          3.46000000	        -10.90602296	        549.45723924	         65.16348522	          0.03772276	          0.00000000	         -0.87089548	          0.00000000	          0.81834496	          0.00000000	         -3.99050084	        175.96926068	        -25.24241889	          0.20477366	          0.00000000	         -1.05554529	          0.00000000	         -1.24080480	          0.00000000	
          3.47000000	        -22.49096659	        485.57185621	         64.12176447	          0.04087186	          0.00000000	         -0.87069116	          0.00000000	          0.59121139	          0.00000000	          0.74975735	        196.61885257	        -27.70477609	          0.20217327	          0.00000000	         -1.05560780	          0.00000000	         -0.99325079	          0.00000000	
          3.48000000	        -34.22876308	        420.95081442	         58.72462312	          0.04290516	          0.00000000	         -0.87032529	          0.00000000	         -0.01519589	          0.00000000	          2.26025911	        227.35652800	        -29.39110523	          0.20012741	          0.00000000	         -1.05599520	          0.00000000	         -0.71935273	          0.00000000	
          3.49000000	        -44.65391957	        368.60120576	         63.17343884	          0.03979892	          0.00000000	         -0.86988925	          0.00000000	         -0.00130294	          0.00000000	          3.48215513	        271.65343721	        -34.14852144	          0.19876487	          0.00000000	         -1.05677902	          0.00000000	         -0.37457436	          0.00000000	
          3.50000000	        -55.14728280	        308.28823122	         66.75948449	          0.03677678	          0.00000000	         -0.86920571	          0.00000000	          0.00006414	          0.00000000	          5.11610485	        331.22963724	        -39.33243794	          0.19780139	          0.00000000	         -1.05775079	          0.00000000	         -0.02893541	          0.00000000	
          3.51000000	        -70.87697415	        246.83680014	         68.94436226	          0.03344931	          0.00000000	         -0.86831183	          0.00000000	          0.00039113	          0.00000000	         11.16153815	        408.54616267	        -47.61643692	          0.19722253	          0.00000000	         -1.05888049	          0.00000000	          0.37604656	          0.00000000	
          3.52000000	        -84.12467471	        186.14359386	         64.46068717	          0.02998476	          0.00000000	         -0.86748867	          0.00000000	          0.00209769	          0.00000000	         21.40945096	        502.94267440	        -44.74292889	          0.19666170	          0.00000000	         -1.05985041	          0.00000000	          0.61788485	          0.00000000	
          3.53000000	        -89.48990148	        135.86674600	         86.09050342	          0.02694269	          0.00000000	         -0.86448365	          0.00000000	          0.00912000	          0.00000000	         16.28370196	        607.46900108	        -33.47847782	          0.19521729	          0.00000000	         -1.06048292	          0.00000000	          0.07338798	          0.00000000	
          3.54000000	        -70.40504933	         87.92975558	         45.36468719	          0.02595909	          0.00000000	         -0.86675379	          0.00000000	          0.02517729	          0.00000000	         -4.01704489	        714.50894395	        -19.98951476	          0.19316095	          0.00000000	         -1.06089455	          0.00000000	         -0.34040959	          0.00000000	
          3.55000000	        -49.45139037	         53.41179302	         23.19673348	          0.02684921	          0.00000000	         -0.86789993	          0.00000000	          0.02475208	          0.00000000	        -31.62205206	        814.34051551	          0.77211035	          0.19090791	          0.00000000	         -1.06110075	          0.00000000	         -0.20865742	          0.00000000	
          3.56000000	        -35.25569456	         33.41676536	         10.93275660	          0.02971413	          0.00000000	         -0.86792402	          0.00000000	          0.02183942	          0.00000000	        -49.96016769	        896.09175527	         12.97948062	          0.18878985	          0.00000000	         -1.06127026	          0.00000000	          0.11277543	          0.00000000	
          3.57000000	        -29.39739175	         24.92473598	          4.93871765	          0.03462422	          0.00000000	         -0.86800807	          0.00000000	          0.02034306	          0.00000000	        -59.68144303	        950.48207139	         26.59122135	          0.18688957	          0.00000000	         -1.06134191	          0.00000000	          1.11610462	          0.00000000	
          3.58000000	        -29.66436154	         22.95872361	          1.14465731	          0.04164635	          0.00000000	         -0.86972923	          0.00000000	          0.01585246	          0.00000000	        -58.89250022	        972.16787169	         30.78276554	          0.18519648	          0.00000000	         -1.06151175	          0.00000000	          2.36405162	          0.00000000	
          3.59000000	        -31.23250971	         22.44787543	         -2.06219047	          0.05076367	          0.00000000	         -0.87126346	          0.00000000	          0.01034244	          0.00000000	        -54.51165063	        963.42097536	         30.76140395	          0.18365291	          0.00000000	         -1.06181380	          0.00000000	          3.72141297	          0.00000000	
          3.60000000	        -30.04318258	         20.33110764	         -4.11288015	          0.06169857	          0.00000000	         -0.87106363	          0.00000000	          0.00584245	          0.00000000	        -51.22092381	        932.79795412	         26.68951872	          0.18220551	          0.00000000	         -1.06230593	          0.00000000	          4.94183113	          0.00000000	
          3.61000000	        -26.38913421	         16.96697742	         -4.73763088	          0.07411047	          0.00000000	         -0.86928277	          0.00000000	          0.00311761	          0.00000000	        -50.73867519	        891.89257157	         22.53173540	          0.18084537	          0.00000000	         -1.06298055	          0.00000000	          5.82215787	          0.00000000	
          3.62000000	        -21.64612553	         13.32236770	         -4.22368307	          0.08771235	          0.00000000	         -0.86641953	          0.00000000	          0.00175628	          0.00000000	        -52.49863101	        850.47071119	         19.39924285	          0.17954848	          0.00000000	         -1.06381828	          0.00000000	          6.51566765	          0.00000000	
          3.63000000	        -17.58313352	         10.42642071	         -3.34389654	          0.10225630	          0.00000000	         -0.86305451	          0.00000000	          0.00113161	          0.00000000	        -55.82998929	        814.23416232	         15.74138056	          0.17823346	          0.00000000	         -1.06479166	          0.00000000	          7.01976377	          0.00000000	
          3.64000000	        -15.11160419	          8.69093079	         -2.51327609	          0.11751073	          0.00000000	         -0.85963656	          0.00000000	          0.00088030	          0.00000000	        -60.09186568	        784.92448761	         15.66075838	          0.17679521	          0.00000000	         -1.06578449	          0.00000000	          7.39744789	          0.00000000	
          3.65000000	        -13.87161125	          7.79662419	         -1.86722541	          0.13325323	          0.00000000	         -0.85646779	          0.00000000	          0.00081615	          0.00000000	        -63.91466037	        763.74927220	         17.27361563	          0.17513666	          0.00000000	         -1.06675042	          0.00000000	          7.59312107	          0.00000000	
          3.66000000	        -13.31217849	          7.36610889	         -1.29797319	          0.14926522	          0.00000000	         -0.85358999	          0.00000000	          0.00087292	          0.00000000	        -68.31388253	        749.66637824	         19.87982704	          0.17314910	          0.00000000	         -1.06763484	          0.00000000	          7.60041799	          0.00000000	
          3.67000000	        -12.82673298	          7.04266082	         -0.79125349	          0.16531552	          0.00000000	         -0.85083410	          0.00000000	          0.00099393	          0.00000000	        -72.55261911	        742.38275552	         23.99808257	          0.17075932	          0.00000000	         -1.06837473	          0.00000000	          7.35979325	          0.00000000	
          3.68000000	        -12.03647146	          6.60873319	         -0.37269472	          0.18112791	          0.00000000	         -0.84778507	          0.00000000	          0.00107988	          0.00000000	        -77.21581153	        741.09384610	         29.36666343	          0.16791151	          0.00000000	         -1.06893684	          0.00000000	          6.81949112	          0.00000000	
          3.69000000	        -10.76026650	          5.95251170	         -0.08607593	          0.19640930	          0.00000000	         -0.84400867	          0.00000000	          0.00101561	          0.00000000	        -80.15182036	        745.19350847	         34.49187457	          0.16462364	          0.00000000	         -1.06932198	          0.00000000	          5.97255110	          0.00000000	
          3.70000000	         -9.10178074	          5.10606020	          0.04483147	          0.21102120	          0.00000000	         -0.83960254	          0.00000000	          0.00083513	          0.00000000	        -83.16911835	        753.77929402	         39.44067066	          0.16093821	          0.00000000	         -1.06954156	          0.00000000	          4.91250813	          0.00000000	
          3.71000000	         -7.20754443	          4.12606494	          0.05356511	          0.22512048	          0.00000000	         -0.83550567	          0.00000000	          0.00073000	          0.00000000	        -84.73385715	        765.77800965	         43.28221847	          0.15691777	          0.00000000	         -1.06961567	          0.00000000	          3.74143749	          0.00000000	
          3.72000000	         -5.28063045	          3.10162218	         -0.00282286	          0.23898024	          0.00000000	         -0.83283738	          0.00000000	          0.00076961	          0.00000000	        -85.33806415	        779.69071263	         46.11287971	          0.15264565	          0.00000000	         -1.06957200	          0.00000000	          2.59198979	          0.00000000	
          3.73000000	         -3.56628345	          2.15862603	         -0.06480257	          0.25268408	          0.00000000	         -0.83206074	          0.00000000	          0.00081225	          0.00000000	        -84.95700451	        793.54678470	         48.09174678	          0.14817410	          0.00000000	         -1.06942748	          0.00000000	          1.55589852	          0.00000000	
          3.74000000	         -2.27209658	          1.42227638	         -0.10375238	          0.26613357	          0.00000000	         -0.83318692	          0.00000000	          0.00075381	          0.00000000	        -81.02310195	        805.80900024	         48.76832851	          0.14356895	          0.00000000	         -1.06920231	          0.00000000	          0.67814438	          0.00000000	
          3.75000000	         -1.44175620	          0.93345684	         -0.11526960	          0.27899305	          0.00000000	         -0.83565376	          0.00000000	          0.00060464	          0.00000000	        -74.16176040	        814.31239687	         48.58797322	          0.13889942	          0.00000000	         -1.06892225	          0.00000000	          0.07483832	          0.00000000	
          3.76000000	         -0.95786113	          0.64040349	         -0.11378530	          0.29072924	          0.00000000	         -0.83862825	          0.00000000	          0.00046774	          0.00000000	        -61.95220840	        818.60355827	         46.75417489	          0.13425770	          0.00000000	         -1.06862424	          0.00000000	         -0.27862279	          0.00000000	
          3.77000000	         -0.68736720	          0.47217492	         -0.10568798	          0.30059913	          0.00000000	         -0.84131214	          0.00000000	          0.00041182	          0.00000000	        -50.57703615	        818.08535465	         45.04103449	          0.12962686	          0.00000000	         -1.06830948	          0.00000000	         -0.40505839	          0.00000000	
          3.78000000	         -0.53283198	          0.37347113	         -0.09404334	          0.30766586	          0.00000000	         -0.84362409	          0.00000000	          0.00047231	          0.00000000	        -32.11389949	        814.40927216	         41.08173202	          0.12527248	          0.00000000	         -1.06806917	          0.00000000	          0.03779453	          0.00000000	
          3.79000000	         -0.43810697	          0.30912006	         -0.07685007	          0.31042290	          0.00000000	         -0.84635441	          0.00000000	          0.00067223	          0.00000000	        -12.66304638	        809.14920909	         33.85384334	          0.12125073	          0.00000000	         -1.06796656	          0.00000000	          0.99831110	          0.00000000	
          3.80000000	         -0.36528937	          0.25491014	         -0.04962062	          0.30466537	          0.00000000	         -0.85133496	          0.00000000	          0.00104942	          0.00000000	          3.62487407	        803.23837858	         26.99829304	          0.11742969	          0.00000000	         -1.06792789	          0.00000000	          2.21661038	          0.00000000	
          3.81000000	         -0.32095128	          0.21850993	         -0.01833689	          0.27513484	          0.00000000	         -0.86194517	          0.00000000	          0.00177339	          0.00000000	         12.96263794	        797.71263591	         21.52391616	          0.11369986	          0.00000000	         -1.06792236	          0.00000000	          3.44075763	          0.00000000	
          3.82000000	         -0.40311411	          0.26646926	          0.01653584	          0.19585136	          0.00000000	         -0.88105658	          0.00000000	          0.00208792	          0.00000000	         15.27941653	        793.70644708	         18.60732746	          0.10991759	          0.00000000	         -1.06788574	          0.00000000	          4.52851380	          0.00000000	
          3.83000000	         -0.99719890	          0.64288559	          0.08606315	          0.13131482	          0.00000000	         -0.89556601	          0.00000000	          0.00073918	          0.00000000	         13.95824945	        792.36913220	         16.86405322	          0.10607709	          0.00000000	         -1.06782167	          0.00000000	          5.46179297	          0.00000000	
          3.84000000	         -3.13399879	          1.97783470	          0.29361346	          0.12095292	          0.00000000	         -0.90064024	          0.00000000	         -0.00022288	          0.00000000	          8.85452983	        793.52844092	         17.66484818	          0.10210188	          0.00000000	         -1.06768859	          0.00000000	          6.25225612	          0.00000000	
          3.85000000	         -7.95015574	          4.94601756	          0.77001869	          0.12735719	          0.00000000	         -0.90292364	          0.00000000	         -0.00046252	          0.00000000	          4.97067030	        797.63925898	         18.98198608	          0.09814107	          0.00000000	         -1.06755151	          0.00000000	          6.87033405	          0.00000000	
          3.86000000	        -14.23051261	          8.79465368	          1.42703941	          0.13692348	          0.00000000	         -0.90462666	          0.00000000	         -0.00061132	          0.00000000	         -0.20339712	        803.27575845	         21.49939751	          0.09414865	          0.00000000	         -1.06739915	          0.00000000	          7.33714660	          0.00000000	
          3.87000000	        -22.95674420	         14.23143591	          2.36947574	          0.14717192	          0.00000000	         -0.90629690	          0.00000000	         -0.00077066	          0.00000000	         -5.64181236	        809.66654150	         23.90942187	          0.09018872	          0.00000000	         -1.06727074	          0.00000000	          7.61489116	          0.00000000	
          3.88000000	        -35.36085803	         22.20625254	          3.72434502	          0.15765258	          0.00000000	         -0.90795222	          0.00000000	         -0.00077134	          0.00000000	        -10.03501521	        815.24919412	         26.65286476	          0.08624217	          0.00000000	         -1.06715178	          0.00000000	          7.62733310	          0.00000000	
          3.89000000	        -44.17826834	         28.41400729	          4.65612534	          0.16814302	          0.00000000	         -0.90952685	          0.00000000	         -0.00058675	          0.00000000	        -14.37200030	        818.25571243	         27.55321091	          0.08223124	          0.00000000	         -1.06704839	          0.00000000	          7.33891968	          0.00000000	
          3.90000000	        -46.18329294	         30.66375147	          4.84961205	          0.17830002	          0.00000000	         -0.91102157	          0.00000000	         -0.00035787	          0.00000000	        -25.52815527	        817.57970314	         30.94420464	          0.07790106	          0.00000000	         -1.06685196	          0.00000000	          6.55332452	          0.00000000	
          3.91000000	        -42.87243725	         29.62509242	          4.34786550	          0.18781502	          0.00000000	         -0.91242005	          0.00000000	         -0.00018706	          0.00000000	        -34.50372164	        814.53285967	         31.65838999	          0.07340009	          0.00000000	         -1.06663883	          0.00000000	          5.44499043	          0.00000000	
          3.92000000	        -37.05033038	         26.75583224	          3.64536533	          0.19643080	          0.00000000	         -0.91368369	          0.00000000	         -0.00009006	          0.00000000	        -41.71437190	        809.56657158	         32.20269816	          0.06867983	          0.00000000	         -1.06636003	          0.00000000	          4.00796894	          0.00000000	
          3.93000000	        -30.71102801	         23.22499781	          2.97520894	          0.20400384	          0.00000000	         -0.91481598	          0.00000000	         -0.00004249	          0.00000000	        -48.00558164	        803.02906255	         34.68037790	          0.06368312	          0.00000000	         -1.06597243	          0.00000000	          2.20970319	          0.00000000	
          3.94000000	        -24.93113117	         19.75711356	          2.37934728	          0.21046424	          0.00000000	         -0.91582458	          0.00000000	         -0.00002062	          0.00000000	        -45.60694407	        796.44507090	         35.29101179	          0.05864662	          0.00000000	         -1.06556207	          0.00000000	          0.39049705	          0.00000000	
          3.95000000	        -20.08138324	         16.63393209	          1.90925193	          0.21582134	          0.00000000	         -0.91671132	          0.00000000	         -0.00001043	          0.00000000	        -38.98963118	        790.44361560	         35.28042688	          0.05358673	          0.00000000	         -1.06512433	          0.00000000	         -1.16033917	          0.00000000	
          3.96000000	        -16.20893886	         13.97426933	          1.53201293	          0.22016639	          0.00000000	         -0.91748823	          0.00000000	         -0.00000552	          0.00000000	        -24.45331849	        785.60516170	         35.46899343	          0.04865431	          0.00000000	         -1.06468048	          0.00000000	         -2.42917427	          0.00000000	
          3.97000000	        -13.20361605	         11.77082965	          1.17086799	          0.22363895	          0.00000000	         -0.91815447	          0.00000000	         -0.00000303	          0.00000000	        -10.63050024	        781.78166076	         34.03715331	          0.04373696	          0.00000000	         -1.06425502	          0.00000000	         -3.48263022	          0.00000000	
          3.98000000	        -10.92265368	         10.02000095	          0.80862852	          0.22638475	          0.00000000	         -0.91868586	          0.00000000	         -0.00000173	          0.00000000	          9.08603203	        779.38279223	         31.71356952	          0.03901975	          0.00000000	         -1.06386188	          0.00000000	         -4.18303130	          0.00000000	
          3.99000000	         -9.21222843	          8.62565973	          0.42239624	          0.22855677	          0.00000000	         -0.91904659	          0.00000000	         -0.00000101	          0.00000000	         27.22747127	        779.37853277	         29.36990266	          0.03447314	          0.00000000	         -1.06351162	          0.00000000	         -4.41907426	          0.00000000	
          4.00000000	         -7.90307142	          7.50233886	          0.00311832	          0.23033719	          0.00000000	         -0.91918776	          0.00000000	         -0.00000059	          0.00000000	         44.57771360	        781.65849193	         26.28820898	          0.03013778	          0.00000000	         -1.06322840	          0.00000000	         -4.27531679	          0.00000000	
          4.01000000	         -6.85960013	          6.57011381	         -0.40424425	          0.23189225	          0.00000000	         -0.91905631	          0.00000000	         -0.00000034	          0.00000000	         60.63859553	        785.70879766	         22.83442631	          0.02603520	          0.00000000	         -1.06302418	          0.00000000	         -3.88012381	          0.00000000	
          4.02000000	         -5.98267774	          5.76335129	         -0.75435979	          0.23337643	          0.00000000	         -0.91861215	          0.00000000	         -0.00000019	          0.00000000	         72.85940210	        790.86148728	         19.50926867	          0.02214578	          0.00000000	         -1.06290598	          0.00000000	         -3.38939501	          0.00000000	
          4.03000000	         -5.21086511	          5.03664421	         -1.00046348	          0.23492577	          0.00000000	         -0.91783484	          0.00000000	         -0.00000010	          0.00000000	         83.34933843	        796.78150830	         15.89160823	          0.01854756	          0.00000000	         -1.06290192	          0.00000000	         -2.87772970	          0.00000000	
          4.04000000	         -4.50025265	          4.35265032	         -1.13044633	          0.23665243	          0.00000000	         -0.91672304	          0.00000000	         -0.00000005	          0.00000000	         83.00672932	        803.05840259	         14.94916609	          0.01509014	          0.00000000	         -1.06296283	          0.00000000	         -2.39735725	          0.00000000	
          4.05000000	         -3.82522255	          3.69607939	         -1.14591025	          0.23862329	          0.00000000	         -0.91529514	          0.00000000	         -0.00000002	          0.00000000	         78.61247935	        809.91875493	         15.33912507	          0.01185607	          0.00000000	         -1.06310349	          0.00000000	         -1.96980093	          0.00000000	
          4.06000000	         -3.16412987	          3.05292302	         -1.07253002	          0.24085175	          0.00000000	         -0.91358066	          0.00000000	         -0.00000001	          0.00000000	         68.07101722	        817.17789964	         17.79289738	          0.00878360	          0.00000000	         -1.06329928	          0.00000000	         -1.55021321	          0.00000000	
          4.07000000	         -2.51931179	          2.42762598	         -0.92884010	          0.24331511	          0.00000000	         -0.91162279	          0.00000000	         -0.00000000	          0.00000000	         56.47704934	        824.63524225	         20.74573350	          0.00588551	          0.00000000	         -1.06355210	          0.00000000	         -1.16665505	          0.00000000	
          4.08000000	         -1.91438222	          1.84119115	         -0.74102063	          0.24597479	          0.00000000	         -0.90948557	          0.00000000	         -0.00000000	          0.00000000	         43.08391302	        831.42213924	         24.78822392	          0.00306711	          0.00000000	         -1.06382631	          0.00000000	         -0.89055898	          0.00000000	
          4.09000000	         -1.38332044	          1.32821665	         -0.54743483	          0.24877860	          0.00000000	         -0.90724018	          0.00000000	         -0.00000000	          0.00000000	         34.19678186	        836.89324997	         28.60457820	          0.00037510	          0.00000000	         -1.06412819	          0.00000000	         -0.71760211	          0.00000000	
          4.10000000	         -0.95135022	          0.91012854	         -0.37421256	          0.25169274	          0.00000000	         -0.90496224	          0.00000000	         -0.00000000	          0.00000000	         26.39115957	        839.90065973	         31.83983583	         -0.00227673	          0.00000000	         -1.06445014	          0.00000000	         -0.64191344	          0.00000000	
          4.11000000	         -0.62593863	          0.59538578	         -0.23794712	          0.25470171	          0.00000000	         -0.90272571	          0.00000000	         -0.00000000	          0.00000000	         21.22897841	        840.13687015	         34.44713859	         -0.00490977	          0.00000000	         -1.06477683	          0.00000000	         -0.62911470	          0.00000000	
          4.12000000	         -0.39687801	          0.37451156	         -0.14199243	          0.25779999	          0.00000000	         -0.90059467	          0.00000000	         -0.00000000	          0.00000000	         17.33575532	        837.28121863	         36.21059915	         -0.00758520	          0.00000000	         -1.06509683	          0.00000000	         -0.67793992	          0.00000000	
          4.13000000	         -0.24472448	          0.22894032	         -0.08096290	          0.26097992	          0.00000000	         -0.89860391	          0.00000000	         -0.00000000	          0.00000000	         13.96958551	        831.66493095	         37.70659774	         -0.01036012	          0.00000000	         -1.06538552	          0.00000000	         -0.79087931	          0.00000000	
          4.14000000	         -0.14850918	          0.13773218	         -0.04478804	          0.26423125	          0.00000000	         -0.89677464	          0.00000000	         -0.00000000	          0.00000000	         13.24751253	        823.60653683	         38.35366802	         -0.01324034	          0.00000000	         -1.06563875	          0.00000000	         -0.97707918	          0.00000000	
          4.15000000	         -0.08969005	          0.08260806	         -0.02484763	          0.26753143	          0.00000000	         -0.89507238	          0.00000000	         -0.00000000	          0.00000000	         13.79673576	        814.07465926	         38.83166491	         -0.01625661	          0.00000000	         -1.06584444	          0.00000000	         -1.27182041	          0.00000000	
          4.16000000	         -0.05461673	          0.05005769	         -0.01416144	          0.27085939	          0.00000000	         -0.89345111	          0.00000000	         -0.00000000	          0.00000000	         16.92254567	        803.73841377	         39.35110951	         -0.01938119	          0.00000000	         -1.06600318	          0.00000000	         -1.68858923	          0.00000000	
          4.17000000	         -0.03393462	          0.03103271	         -0.00857902	          0.27418825	          0.00000000	         -0.89182338	          0.00000000	         -0.00000000	          0.00000000	         21.10892964	        793.45059131	         38.91693063	         -0.02260462	          0.00000000	         -1.06613954	          0.00000000	         -2.26505027	          0.00000000	
          4.18000000	         -0.02177853	          0.01993843	         -0.00563677	          0.27748212	          0.00000000	         -0.89010336	          0.00000000	         -0.00000000	          0.00000000	         26.05040005	        784.15415848	         38.48465058	         -0.02588837	          0.00000000	         -1.06624994	          0.00000000	         -2.95911597	          0.00000000	
          4.19000000	         -0.01459060	          0.01342554	         -0.00406640	          0.28069665	          0.00000000	         -0.88820014	          0.00000000	         -0.00000000	          0.00000000	         29.85272715	        776.51899337	         36.10133441	         -0.02920405	          0.00000000	         -1.06637565	          0.00000000	         -3.74678212	          0.00000000	
          4.20000000	         -0.01030681	          0.00957769	         -0.00318421	          0.28377192	          0.00000000	         -0.88608245	          0.00000000	         -0.00000000	          0.00000000	         32.95542947	        771.44452518	         34.45327017	         -0.03249709	          0.00000000	         -1.06648173	          0.00000000	         -4.41750497	          0.00000000	
          4.21000000	         -0.00772843	          0.00729486	         -0.00271040	          0.28663536	          0.00000000	         -0.88370727	          0.00000000	         -0.00000000	          0.00000000	         34.38395909	        769.33872934	         33.51914075	         -0.03572572	          0.00000000	         -1.06658625	          0.00000000	         -4.87487917	          0.00000000	
          4.22000000	         -0.00617599	          0.00596619	         -0.00250198	          0.28920342	          0.00000000	         -0.88104861	          0.00000000	         -0.00000000	          0.00000000	         32.98121218	        770.53345418	         35.02626845	         -0.03887510	          0.00000000	         -1.06667490	          0.00000000	         -4.97624477	          0.00000000	
          4.23000000	         -0.00525901	          0.00525341	         -0.00250569	          0.29137843	          0.00000000	         -0.87807341	          0.00000000	         -0.00000000	          0.00000000	         30.53509430	        774.70984494	         37.54688811	         -0.04190290	          0.00000000	         -1.06678308	          0.00000000	         -4.71664887	          0.00000000	
          4.24000000	         -0.00475697	          0.00497947	         -0.00270950	          0.29306827	          0.00000000	         -0.87476458	          0.00000000	         -0.00000000	          0.00000000	         30.31802763	        781.39080524	         39.69367633	         -0.04473401	          0.00000000	         -1.06695253	          0.00000000	         -4.12291495	          0.00000000	
          4.25000000	         -0.00454395	          0.00504457	         -0.00309992	          0.29425341	          0.00000000	         -0.87117507	          0.00000000	         -0.00000000	          0.00000000	         32.01297616	        789.45207145	         41.28528697	         -0.04735461	          0.00000000	         -1.06720894	          0.00000000	         -3.38580467	          0.00000000	
          4.26000000	         -0.00454292	          0.00541701	         -0.00370791	          0.29493688	          0.00000000	         -0.86735036	          0.00000000	         -0.00000000	          0.00000000	         38.38554454	        797.92902845	         40.52086043	         -0.04967183	          0.00000000	         -1.06760544	          0.00000000	         -2.57324469	          0.00000000	
          4.27000000	         -0.00472810	          0.00609374	         -0.00454756	          0.29520452	          0.00000000	         -0.86338796	          0.00000000	          0.00000000	          0.00000000	         46.71226033	        805.93658534	         39.01717628	         -0.05167124	          0.00000000	         -1.06814442	          0.00000000	         -1.77272113	          0.00000000	
          4.28000000	         -0.00509856	          0.00709471	         -0.00564534	          0.29516686	          0.00000000	         -0.85936568	          0.00000000	          0.00000000	          0.00000000	         55.40013891	        812.33220641	         37.69710903	         -0.05341014	          0.00000000	         -1.06880626	          0.00000000	         -1.24426916	          0.00000000	
          4.29000000	         -0.00566049	          0.00845826	         -0.00704855	          0.29490898	          0.00000000	         -0.85532227	          0.00000000	          0.00000000	          0.00000000	         60.71899024	        816.44471756	         37.91679470	         -0.05498459	          0.00000000	         -1.06954919	          0.00000000	         -1.04128943	          0.00000000	
          4.30000000	         -0.00642290	          0.01024441	         -0.00882728	          0.29448015	          0.00000000	         -0.85127342	          0.00000000	          0.00000000	          0.00000000	         64.76630096	        817.81855203	         38.23266162	         -0.05644151	          0.00000000	         -1.07035459	          0.00000000	         -1.21563212	          0.00000000	
          4.31000000	         -0.00741750	          0.01252950	         -0.01105092	          0.29392536	          0.00000000	         -0.84724132	          0.00000000	          0.00000000	          0.00000000	         67.19205459	        816.34190480	         38.96770887	         -0.05783995	          0.00000000	         -1.07118291	          0.00000000	         -1.71089349	          0.00000000	
          4.32000000	         -0.00869223	          0.01540559	         -0.01379718	          0.29328130	          0.00000000	         -0.84324613	          0.00000000	          0.00000000	          0.00000000	         67.00071141	        812.29560063	         40.17555864	         -0.05926105	          0.00000000	         -1.07199235	          0.00000000	         -2.48536106	          0.00000000	
          4.33000000	         -0.01031049	          0.01901336	         -0.01718804	          0.29256632	          0.00000000	         -0.83930399	          0.00000000	          0.00000000	          0.00000000	         66.11134080	        806.24531498	         41.36666818	         -0.06072266	          0.00000000	         -1.07275501	          0.00000000	         -3.41270042	          0.00000000	
          4.34000000	         -0.01239603	          0.02355745	         -0.02138271	          0.29180252	          0.00000000	         -0.83543840	          0.00000000	          0.00000000	          0.00000000	         62.04067017	        799.25758485	         43.84862372	         -0.06229232	          0.00000000	         -1.07342297	          0.00000000	         -4.35859312	          0.00000000	
          4.35000000	         -0.01508131	          0.02943360	         -0.02676049	          0.29097285	          0.00000000	         -0.83165353	          0.00000000	          0.00000000	          0.00000000	         58.07487938	        792.02155947	         46.29871007	         -0.06395634	          0.00000000	         -1.07398523	          0.00000000	         -5.18252795	          0.00000000	
          4.36000000	         -0.01863571	          0.03729595	         -0.03391806	          0.29006698	          0.00000000	         -0.82795977	          0.00000000	          0.00000000	          0.00000000	         54.14324350	        785.38108114	         48.67207720	         -0.06569252	          0.00000000	         -1.07443729	          0.00000000	         -5.80501351	          0.00000000	
          4.37000000	         -0.02347577	          0.04825498	         -0.04389291	          0.28906672	          0.00000000	         -0.82436122	          0.00000000	          0.00000000	          0.00000000	         51.64819395	        780.08172102	         49.94006358	         -0.06741835	          0.00000000	         -1.07480367	          0.00000000	         -6.11367376	          0.00000000	
          4.38000000	         -0.03030640	          0.06408338	         -0.05831781	          0.28796478	          0.00000000	         -0.82086289	          0.00000000	          0.00000000	          0.00000000	         49.83015162	        776.79204794	         50.71109390	         -0.06906997	          0.00000000	         -1.07509711	          0.00000000	         -6.07163602	          0.00000000	
          4.39000000	         -0.04024437	          0.08765420	         -0.07983167	          0.28675808	          0.00000000	         -0.81746818	          0.00000000	          0.00000000	          0.00000000	         48.05800313	        775.95808545	         50.50829868	         -0.07059048	          0.00000000	         -1.07534670	          0.00000000	         -5.69500387	          0.00000000	
          4.40000000	         -0.05480206	          0.12349389	         -0.11271738	          0.28543612	          0.00000000	         -0.81416949	          0.00000000	          0.00000000	          0.00000000	         46.81240988	        777.61556113	         50.54184818	         -0.07194687	          0.00000000	         -1.07555645	          0.00000000	         -5.06179714	          0.00000000	
          4.41000000	         -0.07639297	          0.17870363	         -0.16365025	          0.28400457	          0.00000000	         -0.81095984	          0.00000000	          0.00000000	          0.00000000	         46.05804363	        781.36333652	         51.06222930	         -0.07313583	          0.00000000	         -1.07574166	          0.00000000	         -4.31237060	          0.00000000	
          4.42000000	         -0.10849694	          0.26399026	         -0.24283350	          0.28247542	          0.00000000	         -0.80782319	          0.00000000	          0.00000000	          0.00000000	         47.10932088	        786.62539347	         52.75876431	         -0.07414441	          0.00000000	         -1.07591444	          0.00000000	         -3.51932959	          0.00000000	
          4.43000000	         -0.15651347	          0.39440913	         -0.36439580	          0.28087810	          0.00000000	         -0.80474227	          0.00000000	          0.00000000	          0.00000000	         48.72813522	        792.76534405	         54.68437055	         -0.07498497	          0.00000000	         -1.07610361	          0.00000000	         -2.76056014	          0.00000000	
          4.44000000	         -0.22783070	          0.58972759	         -0.54670593	          0.27923983	          0.00000000	         -0.80169795	          0.00000000	          0.00000000	          0.00000000	         51.08882405	        798.73165973	         57.10200329	         -0.07567647	          0.00000000	         -1.07630110	          0.00000000	         -2.10206345	          0.00000000	
          4.45000000	         -0.33081578	          0.87137053	         -0.80897021	          0.27758126	          0.00000000	         -0.79867953	          0.00000000	          0.00000000	          0.00000000	         52.67240757	        803.65773870	         59.11561469	         -0.07624326	          0.00000000	         -1.07649385	          0.00000000	         -1.68661021	          0.00000000	
          4.46000000	         -0.47092119	          1.25749905	         -1.16718211	          0.27590684	          0.00000000	         -0.79568372	          0.00000000	          0.00000000	          0.00000000	         53.26158839	        806.90388842	         60.52975486	         -0.07669221	          0.00000000	         -1.07663989	          0.00000000	         -1.52200656	          0.00000000	
          4.47000000	         -0.64542529	          1.75345781	         -1.62497640	          0.27420986	          0.00000000	         -0.79272002	          0.00000000	          0.00000000	          0.00000000	         53.83318893	        808.10454539	         60.37126504	         -0.07699817	          0.00000000	         -1.07670746	          0.00000000	         -1.62159593	          0.00000000	
          4.48000000	         -0.83998858	          2.34510382	         -2.16768759	          0.27247528	          0.00000000	         -0.78981083	          0.00000000	          0.00000000	          0.00000000	         54.82466607	        807.42724216	         59.63366998	         -0.07712114	          0.00000000	         -1.07667413	          0.00000000	         -1.88402248	          0.00000000	
          4.49000000	         -1.03597090	          2.99381886	         -2.75560039	          0.27069343	          0.00000000	         -0.78698942	          0.00000000	          0.00000000	          0.00000000	         58.85727403	        804.83458600	         57.34696835	         -0.07700394	          0.00000000	         -1.07655397	          0.00000000	         -2.36511154	          0.00000000	
          4.50000000	         -1.21302802	          3.65326368	         -3.34249731	          0.26885173	          0.00000000	         -0.78429131	          0.00000000	          0.00000000	          0.00000000	         64.01042482	        801.26286680	         54.31220861	         -0.07653604	          0.00000000	         -1.07638853	          0.00000000	         -2.94915663	          0.00000000	
          4.51000000	         -1.36761167	          4.28084028	         -3.88246489	          0.26694534	          0.00000000	         -0.78175528	          0.00000000	          0.00000000	          0.00000000	         71.66140438	        797.84026169	         50.03028857	         -0.07556095	          0.00000000	         -1.07623142	          0.00000000	         -3.55442742	          0.00000000	
          4.52000000	         -1.52239522	          4.85244733	         -4.34266896	          0.26498088	          0.00000000	         -0.77942093	          0.00000000	          0.00000001	          0.00000000	         74.93852489	        796.50455078	         46.08335745	         -0.07402297	          0.00000000	         -1.07611256	          0.00000000	         -4.10928155	          0.00000000	
          4.53000000	         -1.66288543	          5.38189467	         -4.73937091	          0.26294468	          0.00000000	         -0.77732629	          0.00000000	          0.00000002	          0.00000000	         76.61772376	        798.22640664	         41.09015440	         -0.07181367	          0.00000000	         -1.07607007	          0.00000000	         -4.55077524	          0.00000000	
          4.54000000	         -1.79078327	          5.89476508	         -5.09343433	          0.26081583	          0.00000000	         -0.77551642	          0.00000000	          0.00000006	          0.00000000	         71.50576289	        804.84205510	         37.59980610	         -0.06899831	          0.00000000	         -1.07611949	          0.00000000	         -4.68759326	          0.00000000	
          4.55000000	         -1.82832945	          6.44789022	         -5.25668312	          0.25855844	          0.00000000	         -0.77405660	          0.00000000	          0.00000042	          0.00000000	         63.41910338	        817.00993831	         35.27628133	         -0.06567293	          0.00000000	         -1.07624081	          0.00000000	         -4.58894993	          0.00000000	
          4.56000000	         -1.42412878	          7.10676015	         -4.46463167	          0.25612368	          0.00000000	         -0.77300845	          0.00000000	          0.00000567	          0.00000000	         53.07355908	        834.27820530	         36.10430090	         -0.06199057	          0.00000000	         -1.07638351	          0.00000000	         -4.44141076	          0.00000000	
          4.57000000	         -0.82096262	          7.95789567	         -3.48149013	          0.25351109	          0.00000000	         -0.77230710	          0.00000000	          0.00004574	          0.00000000	         41.59202761	        855.75733089	         38.78714007	         -0.05819315	          0.00000000	         -1.07648478	          0.00000000	         -4.36438952	          0.00000000	
          4.58000000	          0.06076142	          9.14686478	         -2.26112510	          0.25071583	          0.00000000	         -0.77194917	          0.00000000	          0.00029079	          0.00000000	         29.67688736	        879.32567703	         42.36642182	         -0.05451743	          0.00000000	         -1.07647176	          0.00000000	         -4.40712030	          0.00000000	
          4.59000000	          1.38889067	         10.91993633	         -0.65032761	          0.24778536	          0.00000000	         -0.77192507	          0.00000000	          0.00117398	          0.00000000	         21.79666625	        901.79893704	         48.25489525	         -0.05115594	          0.00000000	         -1.07623995	          0.00000000	         -4.47124839	          0.00000000	
          4.60000000	          3.34125307	         13.66426567	          1.52582145	          0.24488155	          0.00000000	         -0.77222602	          0.00000000	          0.00419862	          0.00000000	         17.68943323	        919.66630460	         53.81481855	         -0.04828298	          0.00000000	         -1.07572106	          0.00000000	         -4.51805273	          0.00000000	
          4.61000000	          6.22422711	         17.97997891	          4.67337778	          0.24233487	          0.00000000	         -0.77285465	          0.00000000	          0.01312346	          0.00000000	         18.78301933	        929.91375231	         58.71208060	         -0.04600327	          0.00000000	         -1.07482927	          0.00000000	         -4.48114445	          0.00000000	
          4.62000000	         10.21892047	         24.68757957	          9.21708146	          0.24056190	          0.00000000	         -0.77382478	          0.00000000	          0.03530868	          0.00000000	         23.47730914	        928.67776815	         60.30925598	         -0.04403505	          0.00000000	         -1.07356990	          0.00000000	         -4.34067889	          0.00000000	
          4.63000000	         14.97932533	         34.68081315	         15.61019432	          0.23973299	          0.00000000	         -0.77509317	          0.00000000	          0.08104613	          0.00000000	         27.48796269	        913.84556978	         57.85606998	         -0.04190516	          0.00000000	         -1.07199923	          0.00000000	         -4.02499368	          0.00000000	
          4.64000000	         19.26004644	         48.83764706	         23.86014610	          0.23925747	          0.00000000	         -0.77648535	          0.00000000	          0.15563144	          0.00000000	         28.94918989	        886.52916354	         53.82426714	         -0.03942378	          0.00000000	         -1.07006426	          0.00000000	         -3.52549508	          0.00000000	
          4.65000000	         19.90972982	         67.34649412	         32.42320037	          0.23776969	          0.00000000	         -0.77772649	          0.00000000	          0.24547472	          0.00000000	         28.22943122	        851.11066439	         45.95862312	         -0.03680377	          0.00000000	         -1.06781109	          0.00000000	         -2.88941769	          0.00000000	
          4.66000000	         14.64518602	         90.08578210	         39.95707577	          0.23456285	          0.00000000	         -0.77864462	          0.00000000	          0.32659838	          0.00000000	         26.81310194	        809.42394544	         33.93621620	         -0.03415970	          0.00000000	         -1.06526043	          0.00000000	         -2.13878009	          0.00000000	
          4.67000000	          3.84947214	        117.55194265	         46.33601655	          0.23074935	          0.00000000	         -0.77937565	          0.00000000	          0.40084030	          0.00000000	         25.75734524	        761.78988861	         20.34340734	         -0.03134265	          0.00000000	         -1.06242568	          0.00000000	         -1.28421077	          0.00000000	
          4.68000000	         -9.67936635	        150.67640960	         51.11287251	          0.22742808	          0.00000000	         -0.78007720	          0.00000000	          0.48416910	          0.00000000	         25.98625190	        702.21353551	          3.26707369	         -0.02735326	          0.00000000	         -1.05923971	          0.00000000	         -0.31571899	          0.00000000	
          4.69000000	        -24.95822033	        189.95921431	         55.49590618	          0.22433193	          0.00000000	         -0.78065616	          0.00000000	          0.56012933	          0.00000000	         26.33086136	        634.24798897	        -12.53733331	         -0.02202611	          0.00000000	         -1.05567388	          0.00000000	          0.72107766	          0.00000000	
          4.70000000	        -37.52589437	        235.51534081	         58.50849754	          0.22123576	          0.00000000	         -0.78109526	          0.00000000	          0.60705296	          0.00000000	         24.02024359	        561.86043384	        -24.50946373	         -0.01533143	          0.00000000	         -1.05166763	          0.00000000	          1.51460221	          0.00000000	
          4.71000000	        -45.14302045	        287.47354753	         59.45536069	          0.21811844	          0.00000000	         -0.78140272	          0.00000000	          0.62550301	          0.00000000	         18.07272782	        492.73191065	        -33.79804180	         -0.00779692	          0.00000000	         -1.04735408	          0.00000000	          1.70019528	          0.00000000	
          4.72000000	        -50.81906264	        345.18866510	         52.54989611	          0.21489144	          0.00000000	         -0.78168259	          0.00000000	          0.62838856	          0.00000000	         13.06921360	        432.77280661	        -32.56016259	         -0.00050224	          0.00000000	         -1.04279179	          0.00000000	          1.22304339	          0.00000000	
          4.73000000	        -57.97814266	        406.78197931	         43.93976707	          0.21150058	          0.00000000	         -0.78174461	          0.00000000	          0.67337357	          0.00000000	         13.75412924	        398.33600990	        -31.41804799	          0.00041769	          0.00000000	         -1.04180765	          0.00000000	          0.87676872	          0.00000000	
          4.74000000	        -60.56798952	        466.93652812	         37.28946435	          0.20809051	          0.00000000	         -0.78154076	          0.00000000	          0.78753874	          0.00000000	         14.37402509	        368.87331297	        -30.69335943	         -0.00144452	          0.00000000	         -1.04142236	          0.00000000	          0.72055189	          0.00000000	
          4.75000000	        -59.93667272	        520.00438801	         32.54518282	          0.20457379	          0.00000000	         -0.78114009	          0.00000000	          0.97837239	          0.00000000	         12.63525262	        336.07256639	        -31.52928849	         -0.00407262	          0.00000000	         -1.04118418	          0.00000000	          0.60739932	          0.00000000	
          4.76000000	        -58.64454267	        564.64204835	         28.39634171	          0.20117407	          0.00000000	         -0.78047476	          0.00000000	          1.21304523	          0.00000000	          9.89668194	        298.02680481	        -33.93808244	         -0.00664205	          0.00000000	         -1.04133671	          0.00000000	          0.49833210	          0.00000000	
          4.77000000	        -59.69853325	        602.87145528	         24.08938560	          0.19822317	          0.00000000	         -0.77941570	          0.00000000	          1.46201703	          0.00000000	          8.15815418	        256.45196327	        -33.08605640	         -0.00910222	          0.00000000	         -1.04168145	          0.00000000	          0.39465818	          0.00000000	
          4.78000000	        -57.29801110	        632.75114639	         15.05086654	          0.19570531	          0.00000000	         -0.77823965	          0.00000000	          1.63316121	          0.00000000	          3.05560992	        214.97727934	        -29.23007035	         -0.01165575	          0.00000000	         -1.04217314	          0.00000000	          0.28778250	          0.00000000	
          4.79000000	        -51.51462396	        652.91317648	          2.15193230	          0.19341737	          0.00000000	         -0.77711468	          0.00000000	          1.64295348	          0.00000000	         -6.05045370	        174.91741102	        -30.25874129	         -0.01438594	          0.00000000	         -1.04331469	          0.00000000	          0.17801078	          0.00000000	
          4.80000000	        -41.58462878	        665.94540337	        -12.54309698	          0.19134102	          0.00000000	         -0.77607003	          0.00000000	          1.47930838	          0.00000000	        -18.54871613	        139.42275383	        -20.05424858	         -0.01729386	          0.00000000	         -1.04408786	          0.00000000	          0.06907177	          0.00000000	
          4.81000000	        -30.09637628	        673.75872866	        -26.55939354	          0.18943845	          0.00000000	         -0.77506978	          0.00000000	          1.17426595	          0.00000000	        -33.58686274	        108.56917739	        -16.60528702	         -0.02034303	          0.00000000	         -1.04570761	          0.00000000	         -0.03818111	          0.00000000	
          4.82000000	        -14.78620051	        679.27325590	        -41.30053564	          0.18778271	          0.00000000	         -0.77414239	          0.00000000	          0.79196998	          0.00000000	        -48.51918872	         83.64385144	         -7.51105616	         -0.02319671	          0.00000000	         -1.04694010	          0.00000000	         -0.12448103	          0.00000000	
          4.83000000	         -6.29370894	        683.57272123	        -63.56080466	          0.18613183	          0.00000000	         -0.77341444	          0.00000000	          0.37083650	          0.00000000	        -59.63991659	         65.88334610	          2.43877501	         -0.02487156	          0.00000000	         -1.04741745	          0.00000000	         -0.07263194	          0.00000000	
          4.84000000	        -15.59208795	        687.13139705	        -66.11688720	          0.18428509	          0.00000000	         -0.77236521	          0.00000000	         -0.01436752	          0.00000000	        -45.61550207	         46.83038004	         10.16267172	         -0.02321916	          0.00000000	         -1.04625451	          0.00000000	         -0.01641744	          0.00000000	
          4.85000000	        -22.54740350	        691.86238252	        -72.78244181	          0.18271442	          0.00000000	         -0.77147958	          0.00000000	         -0.25364297	          0.00000000	        -39.80904131	         37.23156995	          9.34339081	         -0.02001083	          0.00000000	         -1.04544840	          0.00000000	         -0.00917016	          0.00000000	
          4.86000000	        -24.26881776	        698.55894359	        -81.26829808	          0.18151909	          0.00000000	         -0.77071687	          0.00000000	         -0.36255590	          0.00000000	        -36.33531888	         31.07757922	          8.56091473	         -0.01495037	          0.00000000	         -1.04534663	          0.00000000	         -0.00504425	          0.00000000	
          4.87000000	        -22.91040439	        707.45817004	        -85.27609998	          0.18069403	          0.00000000	         -0.76998230	          0.00000000	         -0.38690311	          0.00000000	        -33.22640127	         26.12701224	          7.65871609	         -0.00807130	          0.00000000	         -1.04593049	          0.00000000	         -0.00256385	          0.00000000	
          4.88000000	        -21.25840986	        718.94682979	        -87.92076780	          0.18014157	          0.00000000	         -0.76937346	          0.00000000	         -0.41843059	          0.00000000	        -29.93942203	         21.78548826	          6.61008881	          0.00055512	          0.00000000	         -1.04723846	          0.00000000	         -0.00121295	          0.00000000	
          4.89000000	        -19.27703591	        732.57437524	        -84.79066073	          0.17978626	          0.00000000	         -0.76884441	          0.00000000	         -0.51905059	          0.00000000	        -26.77970799	         18.15658929	          5.55935035	          0.01083129	          0.00000000	         -1.04917174	          0.00000000	         -0.00056896	          0.00000000	
          4.90000000	        -17.64268383	        747.63893261	        -80.36679458	          0.17940233	          0.00000000	         -0.76849364	          0.00000000	         -0.79860018	          0.00000000	        -24.45593743	         15.57334751	          4.71691946	          0.02264227	          0.00000000	         -1.05149200	          0.00000000	         -0.00028727	          0.00000000	
          4.91000000	        -15.14376159	        762.57617120	        -75.14523299	          0.17877172	          0.00000000	         -0.76829825	          0.00000000	         -1.22882223	          0.00000000	        -23.42170752	         14.12148873	          4.16369601	          0.03585359	          0.00000000	         -1.05400463	          0.00000000	         -0.00016872	          0.00000000	
          4.92000000	        -15.53378170	        776.04380347	        -69.93867411	          0.17751570	          0.00000000	         -0.76822671	          0.00000000	         -1.95657051	          0.00000000	        -23.72997877	         13.65342429	          3.88444603	          0.05033187	          0.00000000	         -1.05659289	          0.00000000	         -0.00011961	          0.00000000	
          4.93000000	        -15.88281430	        785.84755270	        -64.16306571	          0.17540339	          0.00000000	         -0.76821765	          0.00000000	         -2.80776456	          0.00000000	        -25.03910717	         13.85765829	          3.78261048	          0.06594657	          0.00000000	         -1.05919344	          0.00000000	         -0.00009840	          0.00000000	
          4.94000000	        -20.33667941	        791.19014630	        -59.67633038	          0.17211253	          0.00000000	         -0.76826591	          0.00000000	         -3.72980428	          0.00000000	        -27.00641552	         14.48458388	          3.77561276	          0.08256474	          0.00000000	         -1.06176596	          0.00000000	         -0.00008837	          0.00000000	
          4.95000000	        -24.69685729	        791.80024866	        -56.45872056	          0.16782754	          0.00000000	         -0.76831791	          0.00000000	         -4.31906776	          0.00000000	        -29.02108198	         15.19508170	          3.76588818	          0.10004808	          0.00000000	         -1.06427978	          0.00000000	         -0.00008124	          0.00000000	
          4.96000000	        -30.96691791	        789.99050420	        -53.84206721	          0.16286565	          0.00000000	         -0.76832766	          0.00000000	         -4.70575741	          0.00000000	        -30.37797670	         15.62933726	          3.66500752	          0.11825443	          0.00000000	         -1.06671127	          0.00000000	         -0.00007329	          0.00000000	
          4.97000000	        -36.91033001	        787.68424052	        -52.39471570	          0.15774414	          0.00000000	         -0.76826522	          0.00000000	         -4.74527660	          0.00000000	        -30.30326204	         15.41509012	          3.39382951	          0.13703964	          0.00000000	         -1.06903777	          0.00000000	         -0.00006274	          0.00000000	
          4.98000000	        -41.60915663	        785.76742896	        -53.61746897	          0.15312095	          0.00000000	         -0.76813790	          0.00000000	         -4.28493138	          0.00000000	        -28.16704667	         14.24362598	          2.91714548	          0.15625974	          0.00000000	         -1.07123497	          0.00000000	         -0.00004897	          0.00000000	
          4.99000000	        -43.80291484	        784.35684810	        -55.78866114	          0.14932308	          0.00000000	         -0.76792595	          0.00000000	         -3.01563204	          0.00000000	        -23.90321428	         12.05830035	          2.30918509	          0.17580280	          0.00000000	         -1.07329444	          0.00000000	         -0.00003416	          0.00000000	
          5.00000000	        -48.21548575	        782.20029769	        -57.70608127	          0.14653135	          0.00000000	         -0.76763674	          0.00000000	         -0.56835178	          0.00000000	        -18.08517851	          9.11513783	          1.65891978	          0.19562270	          0.00000000	         -1.07524159	          0.00000000	         -0.00002053	          0.00000000	
          5.01000000	        -53.46712112	        780.48632303	        -55.93488411	          0.14494331	          0.00000000	         -0.76725857	          0.00000000	          2.92172742	          0.00000000	        -12.03819044	          6.07459802	          1.07504645	          0.21570118	          0.00000000	         -1.07712268	          0.00000000	         -0.00001023	          0.00000000	
          5.02000000	        -58.12179219	        780.35874640	        -54.50238017	          0.14484886	          0.00000000	         -0.76691441	          0.00000000	          7.40071469	          0.00000000	         -7.27430152	          3.68432138	          0.63026766	          0.23598482	          0.00000000	         -1.07896137	          0.00000000	         -0.00000424	          0.00000000	
          5.03000000	        -62.52475091	        786.50592132	        -51.37988508	          0.14608262	          0.00000000	         -0.76668375	          0.00000000	         11.37515086	          0.00000000	         -3.98394977	          2.03040997	          0.32676029	          0.25639444	          0.00000000	         -1.08072750	          0.00000000	         -0.00000167	          0.00000000	
          5.04000000	        -67.19179123	        799.26690262	        -50.84051544	          0.14845737	          0.00000000	         -0.76664601	          0.00000000	         14.47457036	          0.00000000	         -1.66248178	          0.85442741	          0.12244579	          0.27684034	          0.00000000	         -1.08234125	          0.00000000	         -0.00000096	          0.00000000	
          5.05000000	        -73.24627133	        819.49809753	        -48.78385526	          0.15102651	          0.00000000	         -0.76672696	          0.00000000	         15.32104650	          0.00000000	         -0.41494008	          0.21547150	          0.02536989	          0.29716330	          0.00000000	         -1.08367208	          0.00000000	         -0.00000077	          0.00000000	
          5.06000000	        -80.30336404	        842.43473699	        -49.04937282	          0.15329606	          0.00000000	         -0.76686376	          0.00000000	         14.37506119	          0.00000000	         -0.03577532	          0.01882061	          0.00151322	          0.31578119	          0.00000000	         -1.08420507	          0.00000000	         -0.00000039	          0.00000000	
          5.07000000	        -82.59082382	        857.54863385	        -60.30639719	          0.15358270	          0.00000000	         -0.76713035	          0.00000000	         12.08195117	          0.00000000	         -0.00001447	          0.00000905	          0.00000093	         -2.55149235	          0.00000000	         -0.39727464	          0.00000000	         -0.00000341	          0.00000000	
          5.08000000	        -77.95936200	        857.02501887	        -67.52767127	          0.15017822	          0.00000000	         -0.76738642	          0.00000000	          8.24491767	          0.00000000	         -0.00028950	          0.00015845	          0.00000163	          0.27500676	          0.00000000	         -1.06600716	          0.00000000	         -0.00000000	          0.00000000	
          5.09000000	        -63.78307865	        838.87812892	        -66.82639821	          0.14227830	          0.00000000	         -0.76764780	          0.00000000	          4.64582251	          0.00000000	         -0.00009210	          0.00005151	         -0.00000082	          0.29125577	          0.00000000	         -1.06594055	          0.00000000	          0.00000000	          0.00000000	
          5.10000000	        -47.62751300	        816.78344567	        -65.72165940	          0.13132915	          0.00000000	         -0.76799604	          0.00000000	          1.43286159	          0.00000000	         -0.00002121	          0.00001212	         -0.00000042	          0.29198052	          0.00000000	         -1.06751053	          0.00000000	          0.00000002	          0.00000000	
          5.11000000	        -36.37738124	        804.05203823	        -59.32363408	          0.11946077	          0.00000000	         -0.76825939	          0.00000000	         -2.21000819	          0.00000000	         -0.00001035	          0.00000602	          0.00000028	          0.19347449	          0.00000000	         -1.08273914	          0.00000000	          0.00000003	          0.00000000	
          5.12000000	        -30.36232801	        803.45299996	        -48.20025026	          0.10866962	          0.00000000	         -0.76833333	          0.00000000	         -5.60062830	          0.00000000	         -0.00002146	          0.00001271	          0.00000107	          0.16309603	          0.00000000	         -1.08915518	          0.00000000	          0.00000000	          0.00000000	
          5.13000000	        -27.97240963	        809.18078949	        -39.39387535	          0.09977978	          0.00000000	         -0.76830825	          0.00000000	         -7.84392580	          0.00000000	         -0.00004235	          0.00002560	          0.00000191	          0.17272030	          0.00000000	         -1.09011130	          0.00000000	          0.00000000	          0.00000000	
          5.14000000	        -29.16402159	        815.89417830	        -32.72260899	          0.09238396	          0.00000000	         -0.76821689	          0.00000000	         -9.23677729	          0.00000000	         -0.00006347	          0.00003924	          0.00000220	          0.18356399	          0.00000000	         -1.09075186	          0.00000000	          0.00000000	          0.00000000	
          5.15000000	        -30.28579028	        819.01523899	        -28.44149531	          0.08606453	          0.00000000	         -0.76807035	          0.00000000	         -9.59774985	          0.00000000	         -0.00007409	          0.00004698	          0.00000172	          0.19414033	          0.00000000	         -1.09122012	          0.00000000	          0.00000000	          0.00000000	
          5.16000000	        -31.56307435	        818.63292271	        -26.83834225	          0.08052492	          0.00000000	         -0.76787403	          0.00000000	         -9.33344120	          0.00000000	         -0.00006953	          0.00004529	          0.00000093	          0.20431505	          0.00000000	         -1.09153971	          0.00000000	          0.00000000	          0.00000000	
          5.17000000	        -30.87240456	        816.74101189	        -22.48479500	          0.07571005	          0.00000000	         -0.76751788	          0.00000000	         -8.97272243	          0.00000000	         -0.00005400	          0.00003619	          0.00000039	          0.21399314	          0.00000000	         -1.09177926	          0.00000000	          0.00000000	          0.00000000	
          5.18000000	        -28.78742363	        813.37925671	        -20.04157187	          0.07130815	          0.00000000	         -0.76708129	          0.00000000	         -8.22287244	          0.00000000	         -0.00003600	          0.00002484	          0.00000002	          0.22310304	          0.00000000	         -1.09188144	          0.00000000	          0.00000000	          0.00000000	
          5.19000000	        -22.05234331	        808.31029954	        -21.88871180	          0.06721777	          0.00000000	         -0.76663168	          0.00000000	         -6.88150421	          0.00000000	         -0.00002129	          0.00001514	         -0.00000012	          0.23159866	          0.00000000	         -1.09186683	          0.00000000	          0.00000000	          0.00000000	
          5.20000000	        -14.21425825	        804.24548292	        -24.98256206	          0.06340519	          0.00000000	         -0.76616514	          0.00000000	         -5.43241853	          0.00000000	         -0.00001153	          0.00000844	         -0.00000013	          0.23948443	          0.00000000	         -1.09175964	          0.00000000	          0.00000000	          0.00000000	
          5.21000000	         -4.98680315	        801.99672285	        -29.03042411	          0.05989350	          0.00000000	         -0.76570621	          0.00000000	         -4.01342917	          0.00000000	         -0.00000586	          0.00000441	         -0.00000009	          0.24678431	          0.00000000	         -1.09158108	          0.00000000	          0.00000000	          0.00000000	
          5.22000000	          3.42753237	        802.09869077	        -32.83027263	          0.05667014	          0.00000000	         -0.76524584	          0.00000000	         -2.73431254	          0.00000000	         -0.00000286	          0.00000220	         -0.00000006	          0.25354791	          0.00000000	         -1.09133200	          0.00000000	          0.00000000	          0.00000000	
          5.23000000	         11.07645282	        804.42867119	        -35.73315858	          0.05372475	          0.00000000	         -0.76478192	          0.00000000	         -1.64258396	          0.00000000	         -0.00000136	          0.00000107	         -0.00000004	          0.25983954	          0.00000000	         -1.09100214	          0.00000000	          0.00000000	          0.00000000	
          5.24000000	         16.89991946	        808.50766899	        -38.42359713	          0.05104436	          0.00000000	         -0.76432425	          0.00000000	         -0.70844770	          0.00000000	         -0.00000064	          0.00000051	         -0.00000002	          0.26572891	          0.00000000	         -1.09056124	          0.00000000	          0.00000000	          0.00000000	
          5.25000000	         21.73644130	        813.70645410	        -40.84327107	          0.04863940	          0.00000000	         -0.76388351	          0.00000000	          0.11946739	          0.00000000	         -0.00000030	          0.00000024	         -0.00000001	          0.27129548	          0.00000000	         -1.09001770	          0.00000000	          0.00000000	          0.00000000	
          5.26000000	         26.16579281	        819.55593431	        -43.40354772	          0.04656801	          0.00000000	         -0.76348474	          0.00000000	          0.88570758	          0.00000000	         -0.00000014	          0.00000011	         -0.00000001	          0.27661812	          0.00000000	         -1.08937770	          0.00000000	         -0.00000000	          0.00000000	
          5.27000000	         29.24201635	        826.00436327	        -46.94100756	          0.04489035	          0.00000000	         -0.76317285	          0.00000000	          1.62730999	          0.00000000	         -0.00000006	          0.00000005	         -0.00000000	          0.28178694	          0.00000000	         -1.08867058	          0.00000000	         -0.00000000	          0.00000000	
          5.28000000	         30.40593907	        832.41823870	        -50.30730848	          0.04368054	          0.00000000	         -0.76296484	          0.00000000	          2.44213268	          0.00000000	         -0.00000003	          0.00000002	         -0.00000000	          0.28687695	          0.00000000	         -1.08798585	          0.00000000	         -0.00000000	          0.00000000	
          5.29000000	         24.30125334	        838.61969326	        -51.77311351	          0.04291656	          0.00000000	         -0.76287891	          0.00000000	          3.31538934	          0.00000000	         -0.00000001	          0.00000001	         -0.00000000	          0.29193391	          0.00000000	         -1.08737580	          0.00000000	          0.00000000	          0.00000000	
          5.30000000	         15.40580331	        843.59859404	        -53.28314438	          0.04272533	          0.00000000	         -0.76299219	          0.00000000	          4.14739297	          0.00000000	         -0.00000001	          0.00000000	         -0.00000000	          0.29689392	          0.00000000	         -1.08689242	          0.00000000	          0.00000000	          0.00000000	
          5.31000000	          6.37542728	        847.32224401	        -56.09974816	          0.04310606	          0.00000000	         -0.76335096	          0.00000000	          4.77031575	          0.00000000	         -0.00000000	          0.00000000	         -0.00000000	          0.30174668	          0.00000000	         -1.08668284	          0.00000000	          0.00000000	          0.00000000	
          5.32000000	         -7.38699402	        849.36675699	        -56.60429079	          0.04384329	          0.00000000	         -0.76389165	          0.00000000	          5.17951930	          0.00000000	         -0.00000000	          0.00000000	         -0.00000000	          0.30653628	          0.00000000	         -1.08696322	          0.00000000	         -0.00000000	          0.00000000	
          5.33000000	        -24.96716051	        848.94457763	        -52.89547801	          0.04461062	          0.00000000	         -0.76454315	          0.00000000	          5.49799000	          0.00000000	         -0.00000000	          0.00000000	         -0.00000000	          0.31119226	          0.00000000	         -1.08779980	          0.00000000	          0.00000000	          0.00000000	
          5.34000000	        -39.63165965	        845.44931071	        -50.81686844	          0.04516657	          0.00000000	         -0.76535614	          0.00000000	          5.28628991	          0.00000000	         -0.00000000	          0.00000000	          0.00000000	          0.31554838	          0.00000000	         -1.08916163	          0.00000000	         -0.00000000	          0.00000000	
          5.35000000	        -50.19324987	        838.37935527	        -46.87030675	          0.04477905	          0.00000000	         -0.76617046	          0.00000000	          4.55133199	          0.00000000	         -0.00000000	          0.00000000	          0.00000000	          0.31954395	          0.00000000	         -1.09115997	          0.00000000	          0.00000000	          0.00000000	
          5.36000000	        -56.35168422	        827.08752442	        -42.91062928	          0.04286310	          0.00000000	         -0.76691195	          0.00000000	          3.22346196	          0.00000000	         -0.00000000	          0.00000000	          0.00000000	          0.32310845	          0.00000000	         -1.09369605	          0.00000000	         -0.00000000	          0.00000000	
          5.37000000	        -54.52382390	        810.18872588	        -40.32139337	          0.03896538	          0.00000000	         -0.76748515	          0.00000000	          2.35605367	          0.00000000	         -0.00000000	          0.00000000	          0.00000000	          0.32623350	          0.00000000	         -1.09663362	          0.00000000	         -0.00000000	          0.00000000	
          5.38000000	        -50.93466304	        791.09362002	        -38.09694985	          0.03316141	          0.00000000	         -0.76783170	          0.00000000	          1.93507196	          0.00000000	         -0.00000000	          0.00000000	          0.00000000	          0.32884752	          0.00000000	         -1.09992575	          0.00000000	          0.00000000	          0.00000000	
          5.39000000	        -41.42575971	        775.09579003	        -32.82634536	          0.02601175	          0.00000000	         -0.76791082	          0.00000000	          0.93768372	          0.00000000	         -0.00000000	          0.00000000	          0.00000000	          0.33085155	          0.00000000	         -1.10354862	          0.00000000	         -0.00000000	          0.00000000	
          5.40000000	        -29.34250527	        765.81171412	        -27.85280215	          0.01842581	          0.00000000	         -0.76783740	          0.00000000	         -0.86538099	          0.00000000	         -0.00000000	          0.00000000	          0.00000000	          0.33228244	          0.00000000	         -1.10720525	          0.00000000	          0.00000000	          0.00000000	
          5.41000000	        -17.46927478	        762.52907190	        -21.24650003	          0.01091602	          0.00000000	         -0.76762856	          0.00000000	         -2.83147717	          0.00000000	         -0.00000000	          0.00000000	          0.00000000	          0.33326785	          0.00000000	         -1.11065836	          0.00000000	          0.00000000	          0.00000000	
          5.42000000	         -6.71230466	        763.55937244	        -15.51574723	          0.00380928	          0.00000000	         -0.76735737	          0.00000000	         -4.43612808	          0.00000000	         -0.00000000	          0.00000000	          0.00000000	          0.33389258	          0.00000000	         -1.11368849	          0.00000000	          0.00000000	          0.00000000	
          5.43000000	          4.07523719	        767.67744365	        -10.95701733	         -0.00255080	          0.00000000	         -0.76705377	          0.00000000	         -5.59003560	          0.00000000	         -0.00000000	          0.00000000	          0.00000000	          0.33417856	          0.00000000	         -1.11625455	          0.00000000	         -0.00000000	          0.00000000	
          5.44000000	         15.82218666	        773.20863198	         -8.01376908	         -0.00812629	          0.00000000	         -0.76672801	          0.00000000	         -6.29007424	          0.00000000	         -0.00000000	          0.00000000	          0.00000000	          0.33418853	          0.00000000	         -1.11828184	          0.00000000	         -0.00000000	          0.00000000	
          5.45000000	         27.40837321	        778.43540207	         -6.94434239	         -0.01299998	          0.00000000	         -0.76638525	          0.00000000	         -6.53711764	          0.00000000	         -0.00000000	          0.00000000	          0.00000000	          0.33404256	          0.00000000	         -1.11963716	          0.00000000	         -0.00000000	          0.00000000	
          5.46000000	         39.33945397	        782.58922333	         -8.58174074	         -0.01730938	          0.00000000	         -0.76603708	          0.00000000	         -6.35056193	          0.00000000	         -0.00000000	         -0.00000000	          0.00000000	          0.00000000	          0.00000000	          0.00000000	          0.00000000	          0.00000000	          0.00000000	
          5.47000000	         48.64318963	        786.30905626	        -10.93018430	         -0.02115871	          0.00000000	         -0.76565308	          0.00000000	         -5.85439645	          0.00000000	         -0.00000000	         -0.00000000	          0.00000000	          0.00000000	          0.00000000	          0.00000000	          0.00000000	          0.00000000	          0.00000000	
          5.48000000	         55.74231801	        790.66635667	        -13.04959011	         -0.02464410	          0.00000000	         -0.76523363	          0.00000000	         -5.21895326	          0.00000000	         -0.00000000	         -0.00000000	          0.00000000	          0.00000000	          0.00000000	          0.00000000	          0.00000000	          0.00000000	          0.00000000	
          5.49000000	         58.53529849	        796.30871508	        -14.85940446	         -0.02780478	          0.00000000	         -0.76479720	          0.00000000	         -4.52519821	          0.00000000	         -0.00000000	          0.00000000	          0.00000000	          0.33301126	          0.00000000	         -1.11755642	          0.00000000	         -0.00000000	          0.00000000	
          5.50000000	         56.67057736	        803.78449819	        -15.48551104	         -0.03069702	          0.00000000	         -0.76434848	          0.00000000	         -3.87782192	          0.00000000	         -0.00000000	          0.00000000	          0.00000000	          0.33240765	          0.00000000	         -1.11531535	          0.00000000	          0.00000000	          0.00000000	
          5.51000000	         51.07544533	        812.06018673	        -14.24623553	         -0.03335454	          0.00000000	         -0.76388957	          0.00000000	         -3.25781238	          0.00000000	         -0.00000000	          0.00000000	          0.00000000	          0.33142173	          0.00000000	         -1.11234866	          0.00000000	         -0.00000000	          0.00000000	
          5.52000000	         41.31690561	        819.75804989	        -13.46119235	         -0.03587750	          0.00000000	         -0.76346792	          0.00000000	         -2.60394370	          0.00000000	         -0.00000000	          0.00000000	         -0.00000000	          0.32980755	          0.00000000	         -1.10835337	          0.00000000	         -0.00000000	          0.00000000	
          5.53000000	         32.31158504	        825.68288952	        -13.96357363	         -0.03827099	          0.00000000	         -0.76309860	          0.00000000	         -1.94236824	          0.00000000	         -0.00000000	          0.00000000	         -0.00000000	          0.32714309	          0.00000000	         -1.10320783	          0.00000000	          0.00000000	          0.00000000	
          5.54000000	         25.08497794	        828.67350133	        -15.48658596	         -0.04064872	          0.00000000	         -0.76277321	          0.00000000	         -1.22860646	          0.00000000	         -0.00000000	          0.00000000	         -0.00000000	          0.32153822	          0.00000000	         -1.09755746	          0.00000000	         -0.00000000	          0.00000000	
          5.55000000	         21.14105385	        828.04797936	        -17.77767466	         -0.04309336	          0.00000000	         -0.76248684	          0.00000000	         -0.42659376	          0.00000000	         -0.00000000	          0.00000000	         -0.00000000	          0.31414862	          0.00000000	         -1.09211240	          0.00000000	          0.00000000	          0.00000000	
          5.56000000	         19.41753828	        824.05412599	        -20.45463851	         -0.04568380	          0.00000000	         -0.76223714	          0.00000000	          0.43826403	          0.00000000	         -0.00000000	          0.00000000	         -0.00000000	          0.30633507	          0.00000000	         -1.08680035	          0.00000000	         -0.00000000	          0.00000000	
          5.57000000	         22.85595503	        817.37652508	        -24.79719916	         -0.04838392	          0.00000000	         -0.76205068	          0.00000000	          1.34959492	          0.00000000	         -0.00000000	          0.00000000	         -0.00000000	          0.29838327	          0.00000000	         -1.08179390	          0.00000000	          0.00000000	          0.00000000	
          5.58000000	         28.13394193	        809.54968590	        -30.29933545	         -0.05117979	          0.00000000	         -0.76191939	          0.00000000	          2.20281953	          0.00000000	         -0.00000000	          0.00000000	         -0.00000000	          0.29061331	          0.00000000	         -1.07842462	          0.00000000	          0.00000000	          0.00000000	
          5.59000000	         35.94054734	        801.99029086	        -36.10218739	         -0.05397395	          0.00000000	         -0.76182645	          0.00000000	          2.92559980	          0.00000000	          0.00000000	          0.00000000	         -0.00000000	          0.28368479	          0.00000000	         -1.07701418	          0.00000000	          0.00000000	          0.00000000	
          5.60000000	         44.00123412	        795.43361903	        -41.08081263	         -0.05669488	          0.00000000	         -0.76174352	          0.00000000	          3.53106744	          0.00000000	          0.00000000	          0.00000000	         -0.00000000	          0.27755662	          0.00000000	         -1.07599870	          0.00000000	          0.00000000	          0.00000000	
          5.61000000	         52.32198257	        790.20119993	        -45.46554215	         -0.05922945	          0.00000000	         -0.76166873	          0.00000000	          4.06905320	          0.00000000	          0.00000000	          0.00000000	         -0.00000000	          0.27184844	          0.00000000	         -1.07525276	          0.00000000	          0.00000000	          0.00000000	
          5.62000000	         60.45803941	        786.43342641	        -48.61031233	         -0.06146269	          0.00000000	         -0.76158919	          0.00000000	          4.55958163	          0.00000000	          0.00000000	          0.00000000	         -0.00000000	          0.26636384	          0.00000000	         -1.07477830	          0.00000000	          0.00000000	          0.00000000	
          5.63000000	         67.96273729	        784.87332857	        -51.32666512	         -0.06326994	          0.00000000	         -0.76152276	          0.00000000	          5.00029213	          0.00000000	          0.00000000	          0.00000000	         -0.00000000	          0.26106092	          0.00000000	         -1.07453069	          0.00000000	          0.00000000	          0.00000000	
          5.64000000	         75.46665476	        785.72738422	        -52.86651607	         -0.06449201	          0.00000000	         -0.76146406	          0.00000000	          5.33671505	          0.00000000	          0.00000000	          0.00000000	         -0.00000000	          0.25592389	          0.00000000	         -1.07448023	          0.00000000	          0.00000000	          0.00000000	
          5.65000000	         81.63075084	        789.69240228	        -53.89601754	         -0.06502257	          0.00000000	         -0.76142817	          0.00000000	          5.58023201	          0.00000000	          0.00000000	          0.00000000	         -0.00000000	          0.25116635	          0.00000000	         -1.07439525	          0.00000000	          0.00000000	          0.00000000	
          5.66000000	         86.67841381	        796.75460715	        -54.24996744	         -0.06473306	          0.00000000	         -0.76140898	          0.00000000	          5.75882773	          0.00000000	          0.00000000	          0.00000000	         -0.00000000	          0.24691848	          0.00000000	         -1.07404846	          0.00000000	          0.00000000	          0.00000000	
          5.67000000	         88.70988760	        806.83027204	        -55.03101863	         -0.06353554	          0.00000000	         -0.76141280	          0.00000000	          5.88159631	          0.00000000	          0.00000000	          0.00000000	         -0.00000000	          0.24336222	          0.00000000	         -1.07340821	          0.00000000	          0.00000000	          0.00000000	
          5.68000000	         89.86297218	        817.86308724	        -56.09774172	         -0.06141240	          0.00000000	         -0.76143549	          0.00000000	          6.07363384	          0.00000000	          0.00000000	          0.00000001	         -0.00000000	          0.24062568	          0.00000000	         -1.07247589	          0.00000000	         -0.00000000	          0.00000000	
          5.69000000	         88.04359617	        827.30141656	        -59.02342399	         -0.05844869	          0.00000000	         -0.76153472	          0.00000000	          6.82274707	          0.00000000	          0.00000000	          0.00000001	         -0.00000001	          0.23856772	          0.00000000	         -1.07114218	          0.00000000	         -0.00000000	          0.00000000	
          5.70000000	         84.43372949	        836.82275079	        -61.90023886	         -0.05388064	          0.00000000	         -0.76185536	          0.00000000	          7.86916221	          0.00000000	          0.00000001	          0.00000001	         -0.00000001	          0.23701261	          0.00000000	         -1.06974399	          0.00000000	         -0.00000000	          0.00000000	
          5.71000000	         79.41922489	        849.41974848	        -63.88250868	         -0.04683231	          0.00000000	         -0.76255699	          0.00000000	          8.43971874	          0.00000000	          0.00000001	          0.00000002	         -0.00000002	          0.23578974	          0.00000000	         -1.06845906	          0.00000000	         -0.00000000	          0.00000000	
          5.72000000	         69.88265766	        859.88602744	        -64.24418577	         -0.03793689	          0.00000000	         -0.76365872	          0.00000000	          8.56155129	          0.00000000	          0.00000001	          0.00000003	         -0.00000002	          0.23487838	          0.00000000	         -1.06726221	          0.00000000	         -0.00000000	          0.00000000	
          5.73000000	         58.70075751	        865.38808510	        -63.47746373	         -0.02744516	          0.00000000	         -0.76523085	          0.00000000	          8.13868381	          0.00000000	          0.00000000	          0.00000005	         -0.00000004	          0.23375541	          0.00000000	         -1.06613380	          0.00000000	         -0.00000000	          0.00000000	
          5.74000000	         44.25263898	        867.07082151	        -62.28441106	         -0.01542827	          0.00000000	         -0.76739352	          0.00000000	          7.62861925	          0.00000000	          0.00000000	          0.00000008	         -0.00000005	          0.23237895	          0.00000000	         -1.06497332	          0.00000000	         -0.00000000	          0.00000000	
          5.75000000	         25.58448266	        867.77011570	        -56.54208012	         -0.00185842	          0.00000000	         -0.77022501	          0.00000000	          7.80816474	          0.00000000	         -0.00000000	          0.00000011	         -0.00000008	          0.23033428	          0.00000000	         -1.06368081	          0.00000000	         -0.00000000	          0.00000000	
          5.76000000	          5.04488881	        868.67412016	        -63.02994756	          0.01293744	          0.00000000	         -0.77399255	          0.00000000	          9.29582962	          0.00000000	         -0.00000001	          0.00000016	         -0.00000012	          0.22751416	          0.00000000	         -1.06197299	          0.00000000	          0.00000000	          0.00000000	
          5.77000000	        -18.61836069	        870.73996527	        -60.51224138	          0.02795606	          0.00000000	         -0.77844266	          0.00000000	         11.27432528	          0.00000000	         -0.00000000	          0.00000025	         -0.00000019	          0.22378430	          0.00000000	         -1.06064064	          0.00000000	         -0.00000000	          0.00000000	
          5.78000000	        -41.02141559	        873.47933802	        -56.81749981	          0.04169789	          0.00000000	         -0.78318757	          0.00000000	         11.24868375	          0.00000000	          0.00000004	          0.00000039	         -0.00000029	          0.21895048	          0.00000000	         -1.05937583	          0.00000000	         -0.00000000	          0.00000000	
          5.79000000	        -59.27519434	        885.42221206	        -48.79565543	          0.05081142	          0.00000000	         -0.78738171	          0.00000000	          9.28902540	          0.00000000	          0.00000015	          0.00000065	         -0.00000047	          0.21305660	          0.00000000	         -1.05835162	          0.00000000	         -0.00000000	          0.00000000	
          5.80000000	        -67.16190105	        909.66411737	        -37.57209101	          0.05247977	          0.00000000	         -0.79034275	          0.00000000	          9.22636942	          0.00000000	          0.00000045	          0.00000110	         -0.00000075	          0.20627289	          0.00000000	         -1.05776327	          0.00000000	         -0.00000000	          0.00000000	
          5.81000000	        -71.11507829	        916.27744122	        -29.56398129	          0.05301671	          0.00000000	         -0.79229972	          0.00000000	          8.47358260	          0.00000000	          0.00000115	          0.00000190	         -0.00000116	          0.19893043	          0.00000000	         -1.05787288	          0.00000000	         -0.00000000	          0.00000000	
          5.82000000	        -70.94852479	        911.50603490	        -23.57088378	          0.05224734	          0.00000000	         -0.79321939	          0.00000000	          8.42369830	          0.00000000	          0.00000256	          0.00000329	         -0.00000150	          0.19166325	          0.00000000	         -1.05942961	          0.00000000	         -0.00000000	          0.00000000	
          5.83000000	        -70.12593465	        886.87603070	        -18.88461202	          0.05178794	          0.00000000	         -0.79367079	          0.00000000	          8.05786721	          0.00000000	          0.00000499	          0.00000564	         -0.00000133	          0.18514415	          0.00000000	         -1.06222276	          0.00000000	         -0.00000000	          0.00000000	
          5.84000000	        -68.98466525	        851.61312534	        -13.28100571	          0.05180996	          0.00000000	         -0.79381802	          0.00000000	          7.44780734	          0.00000000	          0.00000890	          0.00000957	          0.00000009	          0.17912560	          0.00000000	         -1.06563381	          0.00000000	         -0.00000000	          0.00000000	
          5.85000000	        -67.88061635	        811.79231752	         -7.33362125	          0.05228298	          0.00000000	         -0.79375778	          0.00000000	          6.58959548	          0.00000000	          0.00001488	          0.00001608	          0.00000368	          0.17347336	          0.00000000	         -1.06908282	          0.00000000	         -0.00000000	          0.00000000	
          5.86000000	        -67.41455748	        772.60070937	         -4.75135949	          0.05298627	          0.00000000	         -0.79356458	          0.00000000	          5.58026010	          0.00000000	          0.00002414	          0.00002695	          0.00001071	          0.16776933	          0.00000000	         -1.07230274	          0.00000000	         -0.00000000	          0.00000000	
          5.87000000	        -68.41513681	        729.21185651	         -6.14202756	          0.05379466	          0.00000000	         -0.79323878	          0.00000000	          4.56532177	          0.00000000	          0.00003918	          0.00004536	          0.00002364	          0.16174177	          0.00000000	         -1.07544921	          0.00000000	         -0.00000000	          0.00000000	
          5.88000000	        -70.48070259	        686.29252755	        -12.68718384	          0.05441042	          0.00000000	         -0.79284672	          0.00000000	          3.61509331	          0.00000000	          0.00006538	          0.00007761	          0.00004689	          0.15525916	          0.00000000	         -1.07857869	          0.00000000	         -0.00000000	          0.00000000	
          5.89000000	        -74.23245266	        640.83698677	        -21.86766489	          0.05474734	          0.00000000	         -0.79236048	          0.00000000	          2.80336586	          0.00000000	          0.00011418	          0.00013691	          0.00009012	          0.14834037	          0.00000000	         -1.08179689	          0.00000000	         -0.00000000	          0.00000000	
          5.90000000	        -76.35013181	        599.15911881	        -33.00930931	          0.05456533	          0.00000000	         -0.79184618	          0.00000000	          2.11978274	          0.00000000	          0.00021313	          0.00025379	          0.00017442	          0.14100775	          0.00000000	         -1.08507062	          0.00000000	         -0.00000000	          0.00000000	
          5.91000000	        -78.38497523	        566.67123107	        -45.03891147	          0.05362593	          0.00000000	         -0.79134326	          0.00000000	          1.55694663	          0.00000000	          0.00043084	          0.00050348	          0.00035168	          0.13334431	          0.00000000	         -1.08838817	          0.00000000	         -0.00000000	          0.00000000	
          5.92000000	        -74.49560572	        546.70896957	        -58.80507422	          0.05190282	          0.00000000	         -0.79091538	          0.00000000	          1.03608633	          0.00000000	          0.00095145	          0.00108256	          0.00075300	          0.12541786	          0.00000000	         -1.09169887	          0.00000000	         -0.00000000	          0.00000000	
          5.93000000	        -69.77350048	        541.04575049	        -71.09429319	          0.04944584	          0.00000000	         -0.79045838	          0.00000000	          0.55304368	          0.00000000	          0.00227809	          0.00253168	          0.00174960	          0.11737211	          0.00000000	         -1.09507949	          0.00000000	         -0.00000001	          0.00000000	
          5.94000000	        -62.17192152	        549.37272605	        -81.92300594	          0.04645027	          0.00000000	         -0.78995341	          0.00000000	          0.01576404	          0.00000000	          0.00586831	          0.00640108	          0.00439901	          0.10926999	          0.00000000	         -1.09852412	          0.00000000	         -0.00000002	          0.00000000	
          5.95000000	        -54.59143163	        569.90189016	        -89.47629102	          0.04304685	          0.00000000	         -0.78935008	          0.00000000	         -0.61221259	          0.00000000	          0.01594119	          0.01723115	          0.01189590	          0.10119977	          0.00000000	         -1.10208450	          0.00000000	         -0.00000007	          0.00000000	
          5.96000000	        -46.99753017	        599.44054309	        -94.64738389	          0.03930420	          0.00000000	         -0.78869812	          0.00000000	         -1.36557992	          0.00000000	          0.04462949	          0.04828643	          0.03388284	          0.09321028	          0.00000000	         -1.10578003	          0.00000000	         -0.00000025	          0.00000000	
          5.97000000	        -40.91189667	        637.51380234	        -96.66184492	          0.03514965	          0.00000000	         -0.78800196	          0.00000000	         -2.29065821	          0.00000000	          0.12519155	          0.13691333	          0.09870988	          0.08533557	          0.00000000	         -1.10962475	          0.00000000	         -0.00000100	          0.00000000	
          5.98000000	        -33.48175911	        678.94860473	        -95.54944689	          0.03062065	          0.00000000	         -0.78725749	          0.00000000	         -3.35030601	          0.00000000	          0.34129077	          0.38021257	          0.28338683	          0.07758932	          0.00000000	         -1.11361803	          0.00000000	         -0.00000403	          0.00000000	
          5.99000000	        -26.62334428	        722.76291353	        -94.35188390	          0.02563844	          0.00000000	         -0.78645101	          0.00000000	         -4.53843871	          0.00000000	          0.87233365	          0.99766685	          0.76932943	          0.07000689	          0.00000000	         -1.11774679	          0.00000000	         -0.00001609	          0.00000000	
          6.00000000	        -21.19383942	        765.53324370	        -94.06806880	          0.02026739	          0.00000000	         -0.78556355	          0.00000000	         -5.69317418	          0.00000000	          2.00496945	          2.36782925	          1.88325968	          0.06264418	          0.00000000	         -1.12199620	          0.00000000	         -0.00006194	          0.00000000	
          6.01000000	        -17.12787045	        808.80238872	        -95.77420831	          0.01424828	          0.00000000	         -0.78414310	          0.00000000	         -6.69962343	          0.00000000	          3.93342657	          4.81407525	          3.92435302	          0.05561908	          0.00000000	         -1.12636980	          0.00000000	         -0.00022505	          0.00000000	
          6.02000000	        -15.83484659	        859.21556956	        -97.64948394	          0.00701241	          0.00000000	         -0.78123742	          0.00000000	         -7.53802633	          0.00000000	          6.45804620	          8.19561435	          6.79055693	          0.04918056	          0.00000000	         -1.13092606	          0.00000000	         -0.00075533	          0.00000000	
          6.03000000	        -14.28977872	        907.91085550	        -96.99663609	         -0.00055879	          0.00000000	         -0.77772823	          0.00000000	         -7.29851497	          0.00000000	         10.63785009	         13.92676406	         11.57056453	          0.04335937	          0.00000000	         -1.13560201	          0.00000000	         -0.00232186	          0.00000000	
          6.04000000	        -22.18499166	        944.07978915	       -100.11819403	         -0.00779563	          0.00000000	         -0.77462073	          0.00000000	         -5.35815189	          0.00000000	         19.52806928	         26.30138289	         21.60167911	          0.03768082	          0.00000000	         -1.14005689	          0.00000000	         -0.00651024	          0.00000000	
          6.05000000	        -28.03987541	        960.79929191	       -110.84234518	         -0.01427358	          0.00000000	         -0.77230992	          0.00000000	         -1.84332813	          0.00000000	         32.83924327	         45.09749215	         36.07417844	          0.03245463	          0.00000000	         -1.14430298	          0.00000000	         -0.01630095	          0.00000000	
          6.06000000	        -36.65710754	        956.49388993	       -119.50114727	         -0.01989736	          0.00000000	         -0.77079531	          0.00000000	          2.60899826	          0.00000000	         46.89584259	         67.22736890	         52.84274374	          0.02774588	          0.00000000	         -1.14821245	          0.00000000	         -0.03534399	          0.00000000	
          6.07000000	        -41.96642503	        931.01190818	       -129.66340349	         -0.02460460	          0.00000000	         -0.77017110	          0.00000000	          7.49624611	          0.00000000	         58.98198531	         91.16014754	         71.27357610	          0.02348670	          0.00000000	         -1.15158811	          0.00000000	         -0.06809358	          0.00000000	
          6.08000000	        -45.28099199	        886.71540346	       -132.29543660	         -0.02840010	          0.00000000	         -0.77023776	          0.00000000	         11.88104793	          0.00000000	         66.74540362	        118.09918904	         93.84629731	          0.02027833	          0.00000000	         -1.15466620	          0.00000000	         -0.12049307	          0.00000000	
          6.09000000	        -44.64596210	        827.92077109	       -129.88392789	         -0.03131398	          0.00000000	         -0.77089500	          0.00000000	         15.30610378	          0.00000000	         69.52581803	        151.89685457	        122.81483388	          0.01850616	          0.00000000	         -1.15774315	          0.00000000	         -0.19661893	          0.00000000	
          6.10000000	        -33.55087509	        757.59697093	       -127.29895713	         -0.03322367	          0.00000000	         -0.77207998	          0.00000000	         17.24438988	          0.00000000	         49.49808487	        196.05740583	        106.39553910	          0.01693847	          0.00000000	         -1.16189739	          0.00000000	         -1.30448065	          0.00000000	
          6.11000000	        -17.25217116	        686.26411223	       -117.03868346	         -0.03433303	          0.00000000	         -0.77351832	          0.00000000	         17.77220714	          0.00000000	         32.00771987	        242.71727208	         88.42900842	          0.01573936	          0.00000000	         -1.16501874	          0.00000000	         -2.31293966	          0.00000000	
          6.12000000	         -3.80694951	        616.70624590	       -103.52334212	         -0.03480479	          0.00000000	         -0.77515926	          0.00000000	         17.03421268	          0.00000000	         24.89664638	        288.37799466	         87.76620854	          0.01437153	          0.00000000	         -1.16700012	          0.00000000	         -3.03206434	          0.00000000	
          6.13000000	          5.90596569	        554.66313158	        -86.87475700	         -0.03494047	          0.00000000	         -0.77659471	          0.00000000	         15.29606248	          0.00000000	         20.52258025	        333.24611135	         82.94247943	          0.01281885	          0.00000000	         -1.16863740	          0.00000000	         -3.72057384	          0.00000000	
          6.14000000	         10.18335557	        502.60428953	        -71.27600378	         -0.03503352	          0.00000000	         -0.77773544	          0.00000000	         13.04311048	          0.00000000	         20.03682730	        376.58412334	         76.25829060	          0.01147983	          0.00000000	         -1.16999956	          0.00000000	         -4.12633366	          0.00000000	
          6.15000000	         14.40170528	        461.12866597	        -55.55348611	         -0.03527827	          0.00000000	         -0.77849777	          0.00000000	         10.85144438	          0.00000000	         16.43792380	        417.08336272	         72.54581067	          0.01033262	          0.00000000	         -1.17115417	          0.00000000	         -4.19335580	          0.00000000	
          6.16000000	         20.93508738	        428.52733371	        -41.37021285	         -0.03575969	          0.00000000	         -0.77888783	          0.00000000	          8.81850695	          0.00000000	          9.64633290	        453.28709791	         69.25147402	          0.00938733	          0.00000000	         -1.17230371	          0.00000000	         -3.88339009	          0.00000000	
          6.17000000	         24.97625942	        404.44895371	        -30.37731460	         -0.03667900	          0.00000000	         -0.77894572	          0.00000000	          6.88528716	          0.00000000	          1.73521386	        482.69266401	         68.88942779	          0.00852877	          0.00000000	         -1.17345373	          0.00000000	         -3.31477334	          0.00000000	
          6.18000000	         27.99801760	        386.76548353	        -22.05951552	         -0.03808733	          0.00000000	         -0.77862356	          0.00000000	          5.11558658	          0.00000000	         -5.53353333	        503.58388900	         68.76661595	          0.00757016	          0.00000000	         -1.17461840	          0.00000000	         -2.64416429	          0.00000000	
          6.19000000	         29.39107278	        374.21743903	        -12.75668835	         -0.03987192	          0.00000000	         -0.77794354	          0.00000000	          3.47529865	          0.00000000	        -12.12432040	        515.17348284	         66.05601772	          0.00634726	          0.00000000	         -1.17577808	          0.00000000	         -1.95897157	          0.00000000	
          6.20000000	         29.86698660	        364.31891911	         -6.51319399	         -0.04167121	          0.00000000	         -0.77723534	          0.00000000	          1.90139591	          0.00000000	        -19.38309903	        518.00602749	         64.78063089	          0.00474035	          0.00000000	         -1.17681896	          0.00000000	         -1.25362323	          0.00000000	
          6.21000000	         31.00361451	        356.33969577	         -1.30052162	         -0.04339747	          0.00000000	         -0.77647837	          0.00000000	          0.48185390	          0.00000000	        -26.88309796	        514.92381476	         62.05479360	          0.00272653	          0.00000000	         -1.17777888	          0.00000000	         -0.53309630	          0.00000000	
          6.22000000	         32.55733287	        350.19998097	          3.92538398	         -0.04507894	          0.00000000	         -0.77565306	          0.00000000	         -0.74576190	          0.00000000	        -35.69434469	        508.65345580	         57.92070004	          0.00030948	          0.00000000	         -1.17866466	          0.00000000	          0.20937436	          0.00000000	
          6.23000000	         37.26992378	        343.68155684	          7.55321827	         -0.04662525	          0.00000000	         -0.77482373	          0.00000000	         -1.71363071	          0.00000000	        -45.32285276	        501.97443339	         54.22499378	         -0.00247449	          0.00000000	         -1.17945856	          0.00000000	          0.92989040	          0.00000000	
          6.24000000	         44.06267989	        335.63804620	          9.89470841	         -0.04803069	          0.00000000	         -0.77397617	          0.00000000	         -2.41775048	          0.00000000	        -55.27410981	        496.77442534	         50.54907574	         -0.00552375	          0.00000000	         -1.18020165	          0.00000000	          1.62862178	          0.00000000	
          6.25000000	         53.29882165	        323.83266193	          9.01344605	         -0.04921954	          0.00000000	         -0.77314990	          0.00000000	         -2.83199615	          0.00000000	        -62.44874831	        494.27939864	         50.07175746	         -0.00861472	          0.00000000	         -1.18089795	          0.00000000	          2.38503394	          0.00000000	
          6.26000000	         60.73217315	        306.99768383	          5.27639006	         -0.05018178	          0.00000000	         -0.77230166	          0.00000000	         -2.94079482	          0.00000000	        -67.79008010	        495.80534237	         50.76937474	         -0.01156476	          0.00000000	         -1.18166340	          0.00000000	          3.32801176	          0.00000000	
          6.27000000	         69.46765568	        283.47902722	         -0.37279037	         -0.05072554	          0.00000000	         -0.77141257	          0.00000000	         -2.72027104	          0.00000000	        -66.98141252	        502.52149917	         54.73786106	         -0.01408381	          0.00000000	         -1.18254956	          0.00000000	          4.58537988	          0.00000000	
          6.28000000	         69.01082233	        256.02837755	         -3.13293523	         -0.05110051	          0.00000000	         -0.77038475	          0.00000000	         -2.07287729	          0.00000000	        -58.90870967	        515.34367004	         58.91268919	         -0.01599760	          0.00000000	         -1.18368213	          0.00000000	          6.21635697	          0.00000000	
          6.29000000	         63.98163509	        224.43159251	        -14.72206146	         -0.05130779	          0.00000000	         -0.76974443	          0.00000000	         -1.15888292	          0.00000000	        -45.55564882	        534.73058547	         67.69036768	         -0.01733132	          0.00000000	         -1.18500006	          0.00000000	          8.33097789	          0.00000000	
          6.30000000	         61.50904208	        191.00698456	        -18.45237174	         -0.05151852	          0.00000000	         -0.76884421	          0.00000000	         -0.48747458	          0.00000000	        -36.42676615	        561.41711192	         81.22596327	         -0.01824371	          0.00000000	         -1.18651465	          0.00000000	         11.23307819	          0.00000000	
          6.31000000	         50.62774327	        159.45320335	        -36.39605005	         -0.05323949	          0.00000000	         -0.76887888	          0.00000000	         -0.12449704	          0.00000000	        -11.02579737	        594.91994442	         93.48344728	         -0.01835302	          0.00000000	         -1.18833654	          0.00000000	         14.99336961	          0.00000000	
          6.32000000	         22.63695846	        133.91190581	        -43.12670318	         -0.05733615	          0.00000000	         -0.76830054	          0.00000000	         -0.03126200	          0.00000000	         20.34988747	        632.18726797	        107.20169569	         -0.01809049	          0.00000000	         -1.19033172	          0.00000000	         19.10972945	          0.00000000	
          6.33000000	        -15.26915487	        110.24812698	        -83.05133152	         -0.06245056	          0.00000000	         -0.76980401	          0.00000000	         -0.00432811	          0.00000000	         90.81727196	        665.75631393	        142.19073327	         -0.01756062	          0.00000000	         -1.19198554	          0.00000000	         22.26601201	          0.00000000	
          6.34000000	        -38.98793482	         76.88899672	        -77.96846665	         -0.06616750	          0.00000000	         -0.76697675	          0.00000000	         -0.00107423	          0.00000000	        117.66326398	        698.14239738	        134.62782078	         -0.01813634	          0.00000000	         -1.19405482	          0.00000000	         24.83053060	          0.00000000	
          6.35000000	        -36.27623545	         48.75112107	        -52.68126280	         -0.06559039	          0.00000000	         -0.75930112	          0.00000000	         -0.00024610	          0.00000000	        124.54089897	        724.30326933	        127.11283895	         -0.01980932	          0.00000000	         -1.19567444	          0.00000000	         26.21967623	          0.00000000	
          6.36000000	        -26.61108601	         27.59544989	        -29.82640024	         -0.06163501	          0.00000000	         -0.74937068	          0.00000000	         -0.00007335	          0.00000000	        120.14611832	        744.86940291	        106.56526971	         -0.02250725	          0.00000000	         -1.19699845	          0.00000000	         25.99132456	          0.00000000	
          6.37000000	        -17.35873365	         14.94657325	        -15.19659771	         -0.05442242	          0.00000000	         -0.73852794	          0.00000000	         -0.00002553	          0.00000000	        104.62392671	        760.12037377	         84.42365639	         -0.02593355	          0.00000000	         -1.19796678	          0.00000000	         24.87959810	          0.00000000	
          6.38000000	        -12.11986630	          9.13759627	         -8.15558685	         -0.04440360	          0.00000000	         -0.72807137	          0.00000000	         -0.00001228	          0.00000000	         89.87235106	        770.46996021	         65.30202136	         -0.02968040	          0.00000000	         -1.19865301	          0.00000000	         23.39355412	          0.00000000	
          6.39000000	         -9.00347333	          6.17690705	         -4.44668579	         -0.03229585	          0.00000000	         -0.71910697	          0.00000000	         -0.00000869	          0.00000000	         72.91173172	        776.31240774	         58.65054867	         -0.03368923	          0.00000000	         -1.19903381	          0.00000000	         21.84278236	          0.00000000	
          6.40000000	         -6.05245517	          3.89784283	         -2.06361592	         -0.01882633	          0.00000000	         -0.71227940	          0.00000000	         -0.00000800	          0.00000000	         56.70932796	        779.38453930	         58.81723231	         -0.03801609	          0.00000000	         -1.19921832	          0.00000000	         20.06695088	          0.00000000	
          6.41000000	         -4.57892288	          2.83242087	         -0.97392576	         -0.00456494	          0.00000000	         -0.70767357	          0.00000000	         -0.00000844	          0.00000000	         42.49994968	        781.27310681	         60.37912262	         -0.04270730	          0.00000000	         -1.19928773	          0.00000000	         17.94387198	          0.00000000	
          6.42000000	         -3.84061178	          2.32165064	         -0.39402431	          0.01008685	          0.00000000	         -0.70511577	          0.00000000	         -0.00000973	          0.00000000	         32.04055801	        782.33213468	         62.93419509	         -0.04778201	          0.00000000	         -1.19924801	          0.00000000	         15.33631670	          0.00000000	
          6.43000000	         -3.11596786	          1.86525416	         -0.01817565	          0.02483125	          0.00000000	         -0.70438589	          0.00000000	         -0.00001191	          0.00000000	         25.14151431	        783.81512462	         66.15653984	         -0.05296612	          0.00000000	         -1.19916832	          0.00000000	         12.97067579	          0.00000000	
          6.44000000	         -2.46125047	          1.47410657	          0.19465424	          0.03945325	          0.00000000	         -0.70524349	          0.00000000	         -0.00001521	          0.00000000	         23.76298778	        787.06742350	         68.40773219	         -0.05796008	          0.00000000	         -1.19913750	          0.00000000	         11.27450193	          0.00000000	
          6.45000000	         -1.93825551	          1.17020182	          0.29973736	          0.05380161	          0.00000000	         -0.70745802	          0.00000000	         -0.00001981	          0.00000000	         27.26726898	        791.66055564	         69.72493934	         -0.06259448	          0.00000000	         -1.19919931	          0.00000000	         10.16188069	          0.00000000	
          6.46000000	         -1.54180884	          0.94320156	          0.34242405	          0.06777051	          0.00000000	         -0.71082128	          0.00000000	         -0.00002580	          0.00000000	         33.47094061	        795.70427694	         76.57011560	         -0.06687594	          0.00000000	         -1.19927864	          0.00000000	          9.20452561	          0.00000000	
          6.47000000	         -1.23351327	          0.76661921	          0.34292412	          0.08129456	          0.00000000	         -0.71509108	          0.00000000	         -0.00003306	          0.00000000	         41.89839345	        799.42898898	         83.21875319	         -0.07072668	          0.00000000	         -1.19947540	          0.00000000	          8.30537138	          0.00000000	
          6.48000000	         -0.99008852	          0.62486885	          0.31814136	          0.09435330	          0.00000000	         -0.72002262	          0.00000000	         -0.00004115	          0.00000000	         49.27957826	        802.62477856	         89.13562514	         -0.07415054	          0.00000000	         -1.19979734	          0.00000000	          7.45198923	          0.00000000	
          6.49000000	         -0.79284298	          0.50729090	          0.27945682	          0.10693072	          0.00000000	         -0.72539858	          0.00000000	         -0.00004948	          0.00000000	         54.69486426	        805.18116187	         94.44411356	         -0.07715047	          0.00000000	         -1.20023600	          0.00000000	          6.64870277	          0.00000000	
          6.50000000	         -0.63032988	          0.40784854	          0.23446679	          0.11898529	          0.00000000	         -0.73102858	          0.00000000	         -0.00005724	          0.00000000	         57.93921865	        807.05894086	         98.17485943	         -0.07975110	          0.00000000	         -1.20079107	          0.00000000	          5.87195807	          0.00000000	
          6.51000000	         -0.49420687	          0.32251189	          0.18848622	          0.13042130	          0.00000000	         -0.73675641	          0.00000000	         -0.00006371	          0.00000000	         60.39153222	        808.15116469	        100.47030448	         -0.08196706	          0.00000000	         -1.20144419	          0.00000000	          5.11766130	          0.00000000	
          6.52000000	         -0.38082252	          0.24997441	          0.14561659	          0.14105994	          0.00000000	         -0.74245675	          0.00000000	         -0.00006782	          0.00000000	         63.30966340	        808.26981070	        100.93177902	         -0.08377958	          0.00000000	         -1.20219264	          0.00000000	          4.41328295	          0.00000000	
          6.53000000	         -0.28651754	          0.18868012	          0.10789933	          0.15059525	          0.00000000	         -0.74802972	          0.00000000	         -0.00006890	          0.00000000	         66.10334843	        807.24947026	        100.53793874	         -0.08521747	          0.00000000	         -1.20301153	          0.00000000	          3.74570333	          0.00000000	
          6.54000000	         -0.21025996	          0.13859221	          0.07685907	          0.15856572	          0.00000000	         -0.75338987	          0.00000000	         -0.00006625	          0.00000000	         69.04388523	        805.01280952	         99.44595071	         -0.08629149	          0.00000000	         -1.20388966	          0.00000000	          3.10171899	          0.00000000	
          6.55000000	         -0.15100532	          0.09944029	          0.05292633	          0.16437275	          0.00000000	         -0.75845453	          0.00000000	         -0.00005991	          0.00000000	         69.81451798	        801.61375337	         99.40826082	         -0.08708374	          0.00000000	         -1.20478719	          0.00000000	          2.46025024	          0.00000000	
          6.56000000	         -0.10783745	          0.07088231	          0.03588436	          0.16753767	          0.00000000	         -0.76314179	          0.00000000	         -0.00005080	          0.00000000	         69.96037769	        797.19064403	         99.74653106	         -0.08763623	          0.00000000	         -1.20569392	          0.00000000	          1.80034538	          0.00000000	
          6.57000000	         -0.07826546	          0.05132137	          0.02449169	          0.16813768	          0.00000000	         -0.76737405	          0.00000000	         -0.00004038	          0.00000000	         68.24096129	        791.89804620	        101.73838379	         -0.08802173	          0.00000000	         -1.20657252	          0.00000000	          1.17950341	          0.00000000	
          6.58000000	         -0.05954982	          0.03897420	          0.01739185	          0.16723426	          0.00000000	         -0.77108100	          0.00000000	         -0.00003059	          0.00000000	         67.03867530	        785.77820422	        104.21716197	         -0.08822316	          0.00000000	         -1.20742390	          0.00000000	          0.63218846	          0.00000000	
          6.59000000	         -0.04867403	          0.03181174	          0.01314774	          0.16591446	          0.00000000	         -0.77403301	          0.00000000	         -0.00002431	          0.00000000	         66.45684364	        778.92538174	        107.20724321	         -0.08823600	          0.00000000	         -1.20823084	          0.00000000	          0.15328350	          0.00000000	
          6.60000000	         -0.04388534	          0.02865413	          0.01083205	          0.16298282	          0.00000000	         -0.77533362	          0.00000000	         -0.00002626	          0.00000000	         67.92978508	        771.57272194	        109.00013528	         -0.08799069	          0.00000000	         -1.20899703	          0.00000000	         -0.28437423	          0.00000000	
          6.61000000	         -0.04578620	          0.02986637	          0.01013630	          0.15246785	          0.00000000	         -0.77264455	          0.00000000	         -0.00004432	          0.00000000	         69.18426007	        764.52970534	        109.48465690	         -0.08743767	          0.00000000	         -1.20969963	          0.00000000	         -0.62914998	          0.00000000	
          6.62000000	         -0.05998400	          0.03910140	          0.01165281	          0.12748467	          0.00000000	         -0.76343677	          0.00000000	         -0.00008323	          0.00000000	         73.70489130	        758.71466197	        107.90503399	         -0.08637063	          0.00000000	         -1.21033690	          0.00000000	         -0.88015318	          0.00000000	
          6.63000000	         -0.10355447	          0.06749981	          0.01753968	          0.09501916	          0.00000000	         -0.75045620	          0.00000000	         -0.00012306	          0.00000000	         78.95454703	        755.10446748	        106.08466852	         -0.08471671	          0.00000000	         -1.21086350	          0.00000000	         -0.98295254	          0.00000000	
          6.64000000	         -0.22004991	          0.14363347	          0.03324139	          0.07205227	          0.00000000	         -0.74041815	          0.00000000	         -0.00012667	          0.00000000	         85.29071138	        754.36293856	        103.36497074	         -0.08238878	          0.00000000	         -1.21126268	          0.00000000	         -1.00391718	          0.00000000	
          6.65000000	         -0.50600938	          0.33115736	          0.07057133	          0.06313152	          0.00000000	         -0.73539650	          0.00000000	         -0.00005733	          0.00000000	         89.87536880	        757.36943275	        100.70573674	         -0.07934576	          0.00000000	         -1.21147676	          0.00000000	         -0.91591594	          0.00000000	
          6.66000000	         -1.13900375	          0.74794688	          0.15120104	          0.06350239	          0.00000000	         -0.73378835	          0.00000000	          0.00014625	          0.00000000	         93.69725656	        765.59165031	         97.14401281	         -0.07541564	          0.00000000	         -1.21139375	          0.00000000	         -0.73498020	          0.00000000	
          6.67000000	         -2.35970828	          1.55574393	          0.30717285	          0.06879362	          0.00000000	         -0.73402506	          0.00000000	          0.00063354	          0.00000000	         93.55406162	        780.35109003	         94.17216141	         -0.07049369	          0.00000000	         -1.21080916	          0.00000000	         -0.46508653	          0.00000000	
          6.68000000	         -4.31717636	          2.86054046	          0.56583378	          0.07677967	          0.00000000	         -0.73530503	          0.00000000	          0.00171820	          0.00000000	         91.46175583	        800.74087073	         91.70984097	         -0.06478586	          0.00000000	         -1.20968010	          0.00000000	         -0.33807806	          0.00000000	
          6.69000000	         -6.80374813	          4.53774147	          0.91930948	          0.08661458	          0.00000000	         -0.73733395	          0.00000000	          0.00404472	          0.00000000	         84.84554991	        823.81747288	         90.69984324	         -0.05883882	          0.00000000	         -1.20813467	          0.00000000	         -0.45752472	          0.00000000	
          6.70000000	         -9.28880882	          6.25554026	          1.31575498	          0.09816162	          0.00000000	         -0.74007574	          0.00000000	          0.00880374	          0.00000000	         74.69333953	        846.55367568	         88.99501135	         -0.05315525	          0.00000000	         -1.20636417	          0.00000000	         -0.81958456	          0.00000000	
          6.71000000	        -11.59725780	          7.91336330	          1.76874091	          0.11130358	          0.00000000	         -0.74351500	          0.00000000	          0.01795621	          0.00000000	         66.25193044	        866.82729256	         87.00785786	         -0.04805912	          0.00000000	         -1.20447838	          0.00000000	         -1.35126918	          0.00000000	
          6.72000000	        -13.96759273	          9.67809623	          2.34996768	          0.12566191	          0.00000000	         -0.74754900	          0.00000000	          0.03420934	          0.00000000	         55.30102719	        883.84918001	         87.60958624	         -0.04389889	          0.00000000	         -1.20252048	          0.00000000	         -2.01563912	          0.00000000	
          6.73000000	        -16.36483577	         11.54780387	          3.09657410	          0.14088946	          0.00000000	         -0.75208725	          0.00000000	          0.05995649	          0.00000000	         43.16332199	        897.45550280	         92.11844420	         -0.04078639	          0.00000000	         -1.20047774	          0.00000000	         -2.96885105	          0.00000000	
          6.74000000	        -18.38721627	         13.26462868	          3.93228834	          0.15686577	          0.00000000	         -0.75710141	          0.00000000	          0.09584671	          0.00000000	         31.76200897	        907.30641433	         96.53001159	         -0.03871483	          0.00000000	         -1.19836660	          0.00000000	         -4.21562332	          0.00000000	
          6.75000000	        -19.76588003	         14.63440158	          4.80074140	          0.17318574	          0.00000000	         -0.76245850	          0.00000000	          0.13932599	          0.00000000	         19.50173818	        914.15811229	         96.78833601	         -0.03748509	          0.00000000	         -1.19625016	          0.00000000	         -5.61440101	          0.00000000	
          6.76000000	        -20.55086766	         15.70563276	          5.77209920	          0.18923583	          0.00000000	         -0.76798817	          0.00000000	          0.18726798	          0.00000000	          5.73844683	        916.95311509	         94.03225530	         -0.03646850	          0.00000000	         -1.19418875	          0.00000000	         -6.95936145	          0.00000000	
          6.77000000	        -21.03061206	         16.73874365	          7.07121369	          0.20438290	          0.00000000	         -0.77357807	          0.00000000	          0.23894752	          0.00000000	        -11.09021577	        917.35241769	         90.61072549	         -0.03560659	          0.00000000	         -1.19215002	          0.00000000	         -8.29166080	          0.00000000	
          6.78000000	        -21.57690808	         18.12919678	          8.97108031	          0.21837323	          0.00000000	         -0.77926507	          0.00000000	          0.29748884	          0.00000000	        -27.73402872	        916.66590322	         87.21201657	         -0.03494561	          0.00000000	         -1.19014141	          0.00000000	         -9.59893292	          0.00000000	
          6.79000000	        -22.53827531	         20.36074759	         11.86157950	          0.23132435	          0.00000000	         -0.78516633	          0.00000000	          0.36843412	          0.00000000	        -44.46701736	        915.28062885	         85.99330789	         -0.03452040	          0.00000000	         -1.18814009	          0.00000000	        -10.88450452	          0.00000000	
          6.80000000	        -24.22193279	         24.12279690	         16.39922750	          0.24359951	          0.00000000	         -0.79139953	          0.00000000	          0.45760059	          0.00000000	        -55.17697771	        912.14389044	         82.11382894	         -0.03434227	          0.00000000	         -1.18620011	          0.00000000	        -12.15903225	          0.00000000	
          6.81000000	        -26.68428525	         30.32206889	         23.70082299	          0.25502722	          0.00000000	         -0.79789679	          0.00000000	          0.56300836	          0.00000000	        -63.87586223	        904.85897081	         76.86194719	         -0.03435803	          0.00000000	         -1.18427834	          0.00000000	        -13.30333117	          0.00000000	
          6.82000000	        -29.10952989	         39.92449658	         35.31756917	          0.26431115	          0.00000000	         -0.80433835	          0.00000000	          0.66480832	          0.00000000	        -63.75758467	        888.71146829	         71.75910666	         -0.03415685	          0.00000000	         -1.18220709	          0.00000000	        -14.21323137	          0.00000000	
          6.83000000	        -29.59509536	         53.17183304	         51.73702117	          0.26991127	          0.00000000	         -0.81038976	          0.00000000	          0.73376453	          0.00000000	        -62.66891985	        861.59424085	         59.91587495	         -0.03359007	          0.00000000	         -1.17994798	          0.00000000	        -14.70327969	          0.00000000	
          6.84000000	        -25.36227687	         69.69250083	         72.39102239	          0.27122634	          0.00000000	         -0.81592164	          0.00000000	          0.74755941	          0.00000000	        -61.19169021	        823.24434089	         43.94701257	         -0.03250008	          0.00000000	         -1.17740033	          0.00000000	        -14.57742785	          0.00000000	
          6.85000000	        -14.70535879	         88.59996299	         94.81408779	          0.26849359	          0.00000000	         -0.82095585	          0.00000000	          0.72866249	          0.00000000	        -57.77663022	        774.08299895	         27.79168301	         -0.03064989	          0.00000000	         -1.17436885	          0.00000000	        -13.73557018	          0.00000000	
          6.86000000	          1.21806964	        108.72703510	        115.38565896	          0.26225146	          0.00000000	         -0.82548498	          0.00000000	          0.75097635	          0.00000000	        -56.79380910	        717.21183080	          5.94432069	         -0.02799175	          0.00000000	         -1.17094126	          0.00000000	        -12.03661789	          0.00000000	
          6.87000000	         19.95721040	        129.66999871	        132.49464515	          0.25295638	          0.00000000	         -0.82940903	          0.00000000	          0.86845649	          0.00000000	        -53.10260514	        655.43765897	        -14.56492246	         -0.02442488	          0.00000000	         -1.16711510	          0.00000000	         -9.53175713	          0.00000000	
          6.88000000	         37.37156889	        151.29101718	        144.93712929	          0.24089973	          0.00000000	         -0.83259145	          0.00000000	          1.21002870	          0.00000000	        -49.22522928	        593.42494993	        -30.04502618	         -0.02010623	          0.00000000	         -1.16299287	          0.00000000	         -6.48834087	          0.00000000	
          6.89000000	         48.27545500	        174.31444120	        146.69179271	          0.22663371	          0.00000000	         -0.83502039	          0.00000000	          2.49505366	          0.00000000	        -44.19568601	        535.90541241	        -41.34777713	         -0.01548561	          0.00000000	         -1.15882557	          0.00000000	         -3.51564314	          0.00000000	
          6.90000000	         47.88304440	        202.76200710	        138.32096128	          0.21283044	          0.00000000	         -0.83678765	          0.00000000	          5.30989069	          0.00000000	        -36.86494941	        486.26298079	        -45.36930226	         -0.01122987	          0.00000000	         -1.15469892	          0.00000000	         -1.13668064	          0.00000000	
          6.91000000	         32.33047185	        238.41436607	         93.49741135	          0.20048843	          0.00000000	         -0.83848421	          0.00000000	          5.42810831	          0.00000000	        -20.03913760	        454.33456295	        -45.82635668	         -0.01057543	          0.00000000	         -1.15277767	          0.00000000	         -0.31070091	          0.00000000	
          6.92000000	         17.88891601	        283.03760396	         78.72016953	          0.19075565	          0.00000000	         -0.83901642	          0.00000000	          3.76975972	          0.00000000	         -7.08539392	        430.36564223	        -37.76451439	         -0.01232349	          0.00000000	         -1.15157708	          0.00000000	         -0.12730255	          0.00000000	
          6.93000000	          2.52506994	        332.41115523	         63.17509810	          0.18275980	          0.00000000	         -0.83925999	          0.00000000	          2.41770929	          0.00000000	          6.74378313	        400.86005981	        -35.34495370	         -0.01429515	          0.00000000	         -1.15041331	          0.00000000	         -0.01858978	          0.00000000	
          6.94000000	         -7.84401651	        385.16487934	         53.46037510	          0.17664504	          0.00000000	         -0.83915277	          0.00000000	          1.26417983	          0.00000000	         12.50612241	        363.95669110	        -32.40939426	         -0.01657240	          0.00000000	         -1.14939928	          0.00000000	          0.02857254	          0.00000000	
          6.95000000	        -15.43158089	        442.53232132	         41.18841642	          0.17226288	          0.00000000	         -0.83859100	          0.00000000	          0.17415917	          0.00000000	          9.10430102	        321.68455845	        -23.75925364	         -0.01911154	          0.00000000	         -1.14835184	          0.00000000	          0.03521364	          0.00000000	
          6.96000000	        -26.24927997	        506.85604673	         25.03408523	          0.16930491	          0.00000000	         -0.83734859	          0.00000000	         -0.95411620	          0.00000000	          9.34158790	        270.44700902	        -24.75271691	         -0.02141554	          0.00000000	         -1.14791359	          0.00000000	          0.02412038	          0.00000000	
          6.97000000	        -28.78022820	        575.97721619	          3.92532823	          0.16783935	          0.00000000	         -0.83577556	          0.00000000	         -2.50663575	          0.00000000	         -1.80936100	        220.24573884	         -8.42967553	         -0.02422598	          0.00000000	         -1.14682279	          0.00000000	          0.00514254	          0.00000000	
          6.98000000	        -24.51496299	        644.78237414	         -8.87934694	          0.16759372	          0.00000000	         -0.83395427	          0.00000000	         -4.99914386	          0.00000000	        -18.08125184	        171.04309993	        -10.26908875	         -0.02739948	          0.00000000	         -1.14696179	          0.00000000	         -0.01558367	          0.00000000	
          6.99000000	        -19.19397931	        709.92835255	        -25.45208874	          0.16827602	          0.00000000	         -0.83211412	          0.00000000	         -8.17784121	          0.00000000	        -35.81273332	        125.55912361	         -5.69988671	         -0.03091985	          0.00000000	         -1.14675895	          0.00000000	         -0.02811449	          0.00000000	
          7.00000000	         -2.16739887	        766.24963010	        -44.02349780	          0.16977411	          0.00000000	         -0.83022278	          0.00000000	        -10.79330909	          0.00000000	        -52.00634727	         86.74182362	          3.65485555	         -0.03480247	          0.00000000	         -1.14583446	          0.00000000	         -0.02762808	          0.00000000	
          7.01000000	         -4.33096687	        806.95714485	        -52.42940372	          0.17125054	          0.00000000	         -0.82813930	          0.00000000	        -11.97160208	          0.00000000	        -52.85782860	         56.53961143	          6.64282361	         -0.03704619	          0.00000000	         -1.14506458	          0.00000000	         -0.00206706	          0.00000000	
          7.02000000	        -20.03978519	        836.03277196	        -53.51791111	          0.17334413	          0.00000000	         -0.82540331	          0.00000000	        -11.67354379	          0.00000000	        -34.77743956	         33.47378951	          4.34559226	         -0.03506758	          0.00000000	         -1.14503321	          0.00000000	         -0.00029460	          0.00000000	
          7.03000000	        -26.34963665	        854.75842332	        -62.20537851	          0.17641962	          0.00000000	         -0.82226858	          0.00000000	        -10.58468998	          0.00000000	        -29.99237848	         25.90799970	          2.61070775	         -0.03088605	          0.00000000	         -1.14572990	          0.00000000	         -0.00004161	          0.00000000	
          7.04000000	        -23.56003981	        857.79350265	        -70.75122988	          0.17990851	          0.00000000	         -0.81914520	          0.00000000	         -9.50858598	          0.00000000	        -29.20746069	         22.95671039	          1.71762065	         -0.02436757	          0.00000000	         -1.14646531	          0.00000000	         -0.00000809	          0.00000000	
          7.05000000	        -16.64811699	        846.11368093	        -82.65979404	          0.18341334	          0.00000000	         -0.81634095	          0.00000000	         -8.62124807	          0.00000000	        -28.90553257	         20.90234119	          1.00088146	         -0.01569615	          0.00000000	         -1.14702146	          0.00000000	         -0.00000256	          0.00000000	
          7.06000000	        -10.17332754	        825.10707100	        -92.47022142	          0.18639174	          0.00000000	         -0.81400329	          0.00000000	         -8.11494728	          0.00000000	        -26.60537831	         17.87521315	          0.40251282	         -0.00505834	          0.00000000	         -1.14730049	          0.00000000	         -0.00000102	          0.00000000	
          7.07000000	         -6.66029146	        801.22276427	       -101.21919576	          0.18858560	          0.00000000	         -0.81223279	          0.00000000	         -8.27488814	          0.00000000	        -22.62571389	         14.25291000	         -0.03070694	          0.00735158	          0.00000000	         -1.14728378	          0.00000000	         -0.00000049	          0.00000000	
          7.08000000	         -6.43472690	        777.78735881	       -108.20810015	          0.18958856	          0.00000000	         -0.81108254	          0.00000000	         -8.87554122	          0.00000000	        -18.22668541	         10.86599838	         -0.29977742	          0.02132355	          0.00000000	         -1.14696013	          0.00000000	         -0.00000027	          0.00000000	
          7.09000000	         -7.63904018	        756.09853983	       -113.89058046	          0.18929099	          0.00000000	         -0.81059627	          0.00000000	         -9.62115627	          0.00000000	        -14.98219680	          8.53183592	         -0.44980243	          0.03662526	          0.00000000	         -1.14632372	          0.00000000	         -0.00000018	          0.00000000	
          7.10000000	        -13.78129788	        735.99418054	       -115.57281777	          0.18753208	          0.00000000	         -0.81074436	          0.00000000	        -10.41587592	          0.00000000	        -13.35127930	          7.32871008	         -0.56120098	          0.05300911	          0.00000000	         -1.14539014	          0.00000000	         -0.00000014	          0.00000000	
          7.11000000	        -21.96887771	        718.22537577	       -116.33497403	          0.18477061	          0.00000000	         -0.81143730	          0.00000000	        -10.69325836	          0.00000000	        -12.97670420	          6.92186596	         -0.66724230	          0.07023018	          0.00000000	         -1.14419940	          0.00000000	         -0.00000013	          0.00000000	
          7.12000000	        -34.00452695	        704.65906062	       -112.38421687	          0.18122699	          0.00000000	         -0.81247348	          0.00000000	        -10.90574354	          0.00000000	        -13.46451069	          7.03487965	         -0.77509663	          0.08804921	          0.00000000	         -1.14281911	          0.00000000	         -0.00000014	          0.00000000	
          7.13000000	        -44.20004752	        698.65179013	       -106.69440021	          0.17782123	          0.00000000	         -0.81365435	          0.00000000	        -10.80156147	          0.00000000	        -14.65975594	          7.55511502	         -0.87647663	          0.10623896	          0.00000000	         -1.14133666	          0.00000000	         -0.00000017	          0.00000000	
          7.14000000	        -54.23262993	        702.14683573	       -100.78695803	          0.17516194	          0.00000000	         -0.81486457	          0.00000000	        -10.28085471	          0.00000000	        -16.54165921	          8.46031722	         -0.95650084	          0.12460933	          0.00000000	         -1.13984927	          0.00000000	         -0.00000024	          0.00000000	
          7.15000000	        -58.74182874	        717.75977996	        -93.09966290	          0.17405363	          0.00000000	         -0.81599241	          0.00000000	         -9.18321040	          0.00000000	        -19.09623646	          9.74719968	         -0.97465268	          0.14300822	          0.00000000	         -1.13846085	          0.00000000	         -0.00000035	          0.00000000	
          7.16000000	        -63.66277540	        745.74181401	        -87.54856111	          0.17472246	          0.00000000	         -0.81704015	          0.00000000	         -7.66600819	          0.00000000	        -21.91618424	         11.22314552	         -0.86767206	          0.16132223	          0.00000000	         -1.13727661	          0.00000000	         -0.00000054	          0.00000000	
          7.17000000	        -67.43508372	        785.06407652	        -82.56544821	          0.17725793	          0.00000000	         -0.81796922	          0.00000000	         -5.06980781	          0.00000000	        -24.03478928	         12.41477150	         -0.56438203	          0.17946252	          0.00000000	         -1.13639521	          0.00000000	         -0.00000084	          0.00000000	
          7.18000000	        -73.15189755	        830.43981977	        -75.37437516	          0.18079626	          0.00000000	         -0.81867101	          0.00000000	         -2.39673106	          0.00000000	        -23.92894188	         12.53253312	         -0.08390859	          0.19734921	          0.00000000	         -1.13590444	          0.00000000	         -0.00000160	          0.00000000	
          7.19000000	        -81.10268433	        872.95854787	        -64.98309268	          0.18428657	          0.00000000	         -0.81900727	          0.00000000	         -0.24292479	          0.00000000	        -20.74133169	         11.05816565	          0.36649932	          0.21491744	          0.00000000	         -1.13585489	          0.00000000	         -0.00000472	          0.00000000	
          7.20000000	        -90.70767712	        901.21704630	        -60.39085384	          0.18663365	          0.00000000	         -0.81888996	          0.00000000	          1.00739692	          0.00000000	        -15.19055520	          8.26864681	          0.56993271	          0.23210937	          0.00000000	         -1.13623813	          0.00000000	         -0.00001586	          0.00000000	
          7.21000000	        -95.19399994	        901.76446743	        -48.60850134	          0.18651398	          0.00000000	         -0.81801055	          0.00000000	          0.67420900	          0.00000000	         -9.49109792	          5.28660021	          0.52632653	          0.24883182	          0.00000000	         -1.13699963	          0.00000000	         -0.00004152	          0.00000000	
          7.22000000	        -91.62818926	        870.07655808	        -41.09044935	          0.18320851	          0.00000000	         -0.81630223	          0.00000000	         -0.67351520	          0.00000000	         -5.51129397	          3.14380987	          0.35474184	          0.26491679	          0.00000000	         -1.13798245	          0.00000000	         -0.00007491	          0.00000000	
          7.23000000	        -79.28657262	        813.57775949	        -43.71402356	          0.17613617	          0.00000000	         -0.81376472	          0.00000000	         -2.65643993	          0.00000000	         -3.08630001	          1.80204352	          0.19572864	          0.28012235	          0.00000000	         -1.13891121	          0.00000000	         -0.00009140	          0.00000000	
          7.24000000	        -62.04956774	        745.62248728	        -49.68579904	          0.16497177	          0.00000000	         -0.81055354	          0.00000000	         -4.17085861	          0.00000000	         -1.55010753	          0.92498332	          0.08589417	          0.29399801	          0.00000000	         -1.13945698	          0.00000000	         -0.00007194	          0.00000000	
          7.25000000	        -42.33769379	        682.85474307	        -57.41435286	          0.14967722	          0.00000000	         -0.80706569	          0.00000000	         -5.64936102	          0.00000000	         -0.71396546	          0.43457883	          0.02973784	          0.30566977	          0.00000000	         -1.13918257	          0.00000000	         -0.00002330	          0.00000000	
          7.26000000	        -24.78038963	        643.66519448	        -61.90070093	          0.13214125	          0.00000000	         -0.80409233	          0.00000000	         -6.63754165	          0.00000000	         -0.32675624	          0.20233583	          0.00780312	          0.31384294	          0.00000000	         -1.13754684	          0.00000000	          0.00002734	          0.00000000	
          7.27000000	        -11.28785029	        631.32896649	        -67.68008669	          0.11412894	          0.00000000	         -0.80230105	          0.00000000	         -7.29856596	          0.00000000	         -0.16032172	          0.10085843	          0.00033114	          0.31736753	          0.00000000	         -1.13412681	          0.00000000	          0.00006099	          0.00000000	
          7.28000000	          0.08511433	        647.38721963	        -72.51152040	          0.09800720	          0.00000000	         -0.80189896	          0.00000000	         -7.39446423	          0.00000000	         -0.08784367	          0.05611830	         -0.00173961	          0.31610286	          0.00000000	         -1.12905063	          0.00000000	          0.00007075	          0.00000000	
          7.29000000	          9.69852001	        684.77928820	        -76.33855409	          0.08433105	          0.00000000	         -0.80246217	          0.00000000	         -7.10701836	          0.00000000	         -0.05482382	          0.03554403	         -0.00220952	          0.31058499	          0.00000000	         -1.12316463	          0.00000000	          0.00007207	          0.00000000	
          7.30000000	         19.39512846	        734.38771966	        -77.29934014	          0.07296757	          0.00000000	         -0.80348776	          0.00000000	         -6.23749114	          0.00000000	         -0.04036036	          0.02652454	         -0.00227047	          0.29448930	          0.00000000	         -1.11744552	          0.00000000	          0.00011576	          0.00000000	
          7.31000000	         27.85658332	        786.23931463	        -77.19462008	          0.06339142	          0.00000000	         -0.80460003	          0.00000000	         -4.91574936	          0.00000000	         -0.04175720	          0.02774164	         -0.00208308	          0.24440216	          0.00000000	         -1.11302176	          0.00000000	          0.00027103	          0.00000000	
          7.32000000	         36.55703397	        833.71585365	        -75.81008946	          0.05572139	          0.00000000	         -0.80571557	          0.00000000	         -3.38345655	          0.00000000	         -0.07751970	          0.05182335	         -0.00256291	          0.17861865	          0.00000000	         -1.11146579	          0.00000000	          0.00039440	          0.00000000	
          7.33000000	         43.44840991	        869.67814548	        -75.29994189	          0.04961016	          0.00000000	         -0.80686922	          0.00000000	         -1.50842128	          0.00000000	         -0.20739936	          0.13914600	         -0.01042199	          0.15236980	          0.00000000	         -1.11115774	          0.00000000	          0.00034859	          0.00000000	
          7.34000000	         48.13367242	        891.87470215	        -75.64096258	          0.04487997	          0.00000000	         -0.80809461	          0.00000000	          0.36150052	          0.00000000	         -0.55986665	          0.37707836	         -0.04960015	          0.15123481	          0.00000000	         -1.11041658	          0.00000000	          0.00025109	          0.00000000	
          7.35000000	         46.10657921	        901.58135133	        -75.60612000	          0.04141036	          0.00000000	         -0.80942565	          0.00000000	          2.07652977	          0.00000000	         -1.32224974	          0.89537521	         -0.17345435	          0.15721878	          0.00000000	         -1.10911119	          0.00000000	          0.00017084	          0.00000000	
          7.36000000	         43.11249027	        901.56507332	        -72.87871172	          0.03913117	          0.00000000	         -0.81087996	          0.00000000	          3.44448381	          0.00000000	         -2.61493414	          1.78640769	         -0.44156792	          0.16497753	          0.00000000	         -1.10737406	          0.00000000	          0.00012221	          0.00000000	
          7.37000000	         37.43216030	        896.30777731	        -70.66014060	          0.03807669	          0.00000000	         -0.81249924	          0.00000000	          4.33017626	          0.00000000	         -4.30276721	          2.97469766	         -0.86425386	          0.17319292	          0.00000000	         -1.10529634	          0.00000000	          0.00010159	          0.00000000	
          7.38000000	         28.48776183	        889.22353259	        -66.47175851	          0.03815120	          0.00000000	         -0.81424600	          0.00000000	          4.81625015	          0.00000000	         -5.97973705	          4.19604044	         -1.34017043	          0.18148156	          0.00000000	         -1.10298193	          0.00000000	          0.00010206	          0.00000000	
          7.39000000	         17.32764014	        883.16433407	        -63.01191246	          0.03943168	          0.00000000	         -0.81611754	          0.00000000	          5.02624995	          0.00000000	         -7.28073581	          5.20864294	         -1.75200064	          0.18964048	          0.00000000	         -1.10052904	          0.00000000	          0.00011688	          0.00000000	
          7.40000000	          5.39648783	        878.25447938	        -60.04789680	          0.04179708	          0.00000000	         -0.81803596	          0.00000000	          5.68805220	          0.00000000	         -8.13170530	          5.96027136	         -2.03478671	          0.19748820	          0.00000000	         -1.09804258	          0.00000000	          0.00014029	          0.00000000	
          7.41000000	         -3.92865289	        875.60099900	        -55.34423324	          0.04500988	          0.00000000	         -0.81989099	          0.00000000	          5.91523567	          0.00000000	         -8.62666261	          6.51577647	         -2.18876615	          0.20483703	          0.00000000	         -1.09562767	          0.00000000	          0.00016732	          0.00000000	
          7.42000000	         -9.17758161	        873.01519440	        -49.31207207	          0.04862548	          0.00000000	         -0.82160139	          0.00000000	          5.95855743	          0.00000000	         -8.85762846	          6.92438707	         -2.23681885	          0.21152021	          0.00000000	         -1.09337119	          0.00000000	          0.00019511	          0.00000000	
          7.43000000	        -13.21555585	        868.80291592	        -41.30634195	          0.05225774	          0.00000000	         -0.82312205	          0.00000000	          6.14196717	          0.00000000	         -8.89726942	          7.22428680	         -2.23321296	          0.21741844	          0.00000000	         -1.09131601	          0.00000000	          0.00022166	          0.00000000	
          7.44000000	        -16.65788168	        862.45572948	        -31.48135851	          0.05573509	          0.00000000	         -0.82445964	          0.00000000	          6.40586089	          0.00000000	         -8.82230977	          7.47693770	         -2.26772565	          0.22244050	          0.00000000	         -1.08944716	          0.00000000	          0.00024832	          0.00000000	
          7.45000000	        -15.57558052	        854.01973418	        -25.77429064	          0.05904704	          0.00000000	         -0.82571591	          0.00000000	          6.61937019	          0.00000000	         -8.72439902	          7.77247520	         -2.44778923	          0.22650538	          0.00000000	         -1.08769853	          0.00000000	          0.00027763	          0.00000000	
          7.46000000	        -12.29488176	        846.07367282	        -21.64396487	          0.06228193	          0.00000000	         -0.82689769	          0.00000000	          6.41887439	          0.00000000	         -8.66559467	          8.16705327	         -2.81701627	          0.22957755	          0.00000000	         -1.08599183	          0.00000000	          0.00031331	          0.00000000	
          7.47000000	         -8.74862896	        837.84022839	        -18.72296931	          0.06533993	          0.00000000	         -0.82801123	          0.00000000	          6.13909873	          0.00000000	         -8.66489042	          8.71560554	         -3.46257687	          0.23168639	          0.00000000	         -1.08425875	          0.00000000	          0.00035377	          0.00000000	
          7.48000000	         -6.74391440	        828.82752491	        -15.88042874	          0.06815561	          0.00000000	         -0.82905697	          0.00000000	          5.85632225	          0.00000000	         -8.66967968	          9.48777485	         -4.56384202	          0.23289833	          0.00000000	         -1.08242724	          0.00000000	          0.00039045	          0.00000000	
          7.49000000	         -5.07374592	        817.59278757	        -12.72145702	          0.07054663	          0.00000000	         -0.83002476	          0.00000000	          5.60266311	          0.00000000	         -8.53832818	         10.58192667	         -6.31365830	          0.23329476	          0.00000000	         -1.08042594	          0.00000000	          0.00040638	          0.00000000	
          7.50000000	         -6.52002768	        804.30902430	        -10.45311211	          0.07229132	          0.00000000	         -0.83091737	          0.00000000	          5.17107786	          0.00000000	         -8.03419883	         12.13408801	         -8.85753253	          0.23297062	          0.00000000	         -1.07819580	          0.00000000	          0.00038896	          0.00000000	
          7.51000000	         -8.18775053	        787.37016501	         -8.16645287	          0.07311852	          0.00000000	         -0.83169601	          0.00000000	          4.79801129	          0.00000000	         -6.99890959	         14.30874537	        -12.11958458	          0.23202701	          0.00000000	         -1.07569952	          0.00000000	          0.00037640	          0.00000000	
          7.52000000	        -11.50237108	        768.62360121	         -7.74650620	          0.07293228	          0.00000000	         -0.83237552	          0.00000000	          4.43514161	          0.00000000	         -5.41634725	         17.30394970	        -16.05394548	          0.23056103	          0.00000000	         -1.07293433	          0.00000000	          0.00044826	          0.00000000	
          7.53000000	        -15.41161578	        749.31703986	         -8.20788160	          0.07172743	          0.00000000	         -0.83294086	          0.00000000	          4.21829456	          0.00000000	         -3.40865797	         21.27507007	        -20.63552486	          0.22866383	          0.00000000	         -1.06994289	          0.00000000	          0.00068468	          0.00000000	
          7.54000000	        -18.30096730	        732.41285053	         -9.21181002	          0.06978075	          0.00000000	         -0.83340837	          0.00000000	          4.09580896	          0.00000000	         -0.97146202	         26.29417256	        -25.89431258	          0.22644220	          0.00000000	         -1.06682574	          0.00000000	          0.00114594	          0.00000000	
          7.55000000	        -21.43808615	        720.69735342	         -9.93072348	          0.06733308	          0.00000000	         -0.83377850	          0.00000000	          3.78231512	          0.00000000	          1.73129547	         32.26570020	        -31.66131364	          0.22401114	          0.00000000	         -1.06371403	          0.00000000	          0.00186283	          0.00000000	
          7.56000000	        -24.74902703	        715.77327509	        -10.59630829	          0.06489690	          0.00000000	         -0.83409147	          0.00000000	          3.35355407	          0.00000000	          4.88520381	         38.96218514	        -37.63793692	          0.22150624	          0.00000000	         -1.06074741	          0.00000000	          0.00290654	          0.00000000	
          7.57000000	        -26.76721317	        716.61840385	         -9.85238114	          0.06271429	          0.00000000	         -0.83434498	          0.00000000	          3.00670304	          0.00000000	          8.53315707	         46.01300193	        -43.33412867	          0.21901382	          0.00000000	         -1.05804116	          0.00000000	          0.00436296	          0.00000000	
          7.58000000	        -28.06486199	        722.52461288	         -7.44151576	          0.06107841	          0.00000000	         -0.83456440	          0.00000000	          2.75112200	          0.00000000	         12.85043421	         52.98515236	        -48.22376381	          0.21657894	          0.00000000	         -1.05567234	          0.00000000	          0.00644734	          0.00000000	
          7.59000000	        -29.47010423	        731.77307074	         -3.94008257	          0.06007125	          0.00000000	         -0.83477302	          0.00000000	          2.52242754	          0.00000000	         17.96422770	         59.40051029	        -51.77110884	          0.21421539	          0.00000000	         -1.05367008	          0.00000000	          0.00959839	          0.00000000	
          7.60000000	        -31.06974562	        741.93293616	          0.79116801	          0.05973186	          0.00000000	         -0.83498787	          0.00000000	          2.36624131	          0.00000000	         23.78023975	         64.85620020	        -53.61842218	          0.21201287	          0.00000000	         -1.05204137	          0.00000000	          0.01481106	          0.00000000	
          7.61000000	        -31.29589931	        751.38095788	          1.63573105	          0.06004346	          0.00000000	         -0.83528953	          0.00000000	          2.30198122	          0.00000000	         27.53278353	         69.34032115	        -49.50641582	          0.21018269	          0.00000000	         -1.05061465	          0.00000000	          0.03299919	          0.00000000	
          7.62000000	        -31.00866114	        758.88625163	          0.33757790	          0.06095754	          0.00000000	         -0.83565502	          0.00000000	          2.24482836	          0.00000000	         30.02110269	         73.22885950	        -44.67500970	          0.20941638	          0.00000000	         -1.04970398	          0.00000000	          0.04515707	          0.00000000	
          7.63000000	        -31.67985595	        764.21989952	         -2.03200342	          0.06232638	          0.00000000	         -0.83606606	          0.00000000	          2.08924373	          0.00000000	         32.73354095	         77.12369335	        -42.17567315	          0.21046037	          0.00000000	         -1.04946553	          0.00000000	          0.06565824	          0.00000000	
          7.64000000	        -32.52978056	        767.32861563	         -4.46230771	          0.06404204	          0.00000000	         -0.83650897	          0.00000000	          1.85127239	          0.00000000	         35.15692501	         81.32451536	        -41.51142066	          0.21366506	          0.00000000	         -1.04979226	          0.00000000	          0.09372429	          0.00000000	
          7.65000000	        -34.92415095	        768.87920077	         -8.28573084	          0.06597838	          0.00000000	         -0.83699742	          0.00000000	          1.50280073	          0.00000000	         36.80202638	         85.72879684	        -42.16375645	          0.21905372	          0.00000000	         -1.05045498	          0.00000000	          0.12387996	          0.00000000	
          7.66000000	        -36.83412310	        768.89697670	        -12.21206079	          0.06803184	          0.00000000	         -0.83750497	          0.00000000	          1.08366778	          0.00000000	         36.77401004	         89.99137147	        -43.48587749	          0.22654139	          0.00000000	         -1.05122662	          0.00000000	          0.14062101	          0.00000000	
          7.67000000	        -39.02921541	        768.27302181	        -16.84381836	          0.07010260	          0.00000000	         -0.83802949	          0.00000000	          0.58128318	          0.00000000	         34.91436648	         93.96082733	        -44.88376651	          0.23595885	          0.00000000	         -1.05206723	          0.00000000	          0.12097870	          0.00000000	
          7.68000000	        -41.40291698	        767.06596585	        -21.45646911	          0.07208507	          0.00000000	         -0.83854479	          0.00000000	          0.02542153	          0.00000000	         30.95159073	         97.34798114	        -45.76704668	          0.24633951	          0.00000000	         -1.05301716	          0.00000000	          0.04972831	          0.00000000	
          7.69000000	        -43.53707098	        765.02352455	        -26.06323000	          0.07388393	          0.00000000	         -0.83903423	          0.00000000	         -0.49176687	          0.00000000	         25.25486455	         99.50905043	        -45.47969055	          0.25679230	          0.00000000	         -1.05410609	          0.00000000	         -0.06472264	          0.00000000	
          7.70000000	        -44.30218862	        762.47594532	        -29.21283751	          0.07541376	          0.00000000	         -0.83945512	          0.00000000	         -0.94475761	          0.00000000	         18.40203839	         99.63754698	        -43.81737668	          0.26686994	          0.00000000	         -1.05535051	          0.00000000	         -0.20597608	          0.00000000	
          7.71000000	        -43.12245005	        758.75144681	        -31.48213947	          0.07659804	          0.00000000	         -0.83980186	          0.00000000	         -1.20521896	          0.00000000	         11.47694371	         96.71976624	        -40.52036008	          0.27557770	          0.00000000	         -1.05656968	          0.00000000	         -0.32917835	          0.00000000	
          7.72000000	        -38.22068766	        754.35260241	        -32.34322547	          0.07738548	          0.00000000	         -0.84006122	          0.00000000	         -1.32091649	          0.00000000	          5.01465725	         90.39419991	        -36.12400474	          0.28232515	          0.00000000	         -1.05760423	          0.00000000	         -0.40546907	          0.00000000	
          7.73000000	        -29.29397373	        749.56173952	        -30.06254298	          0.07768000	          0.00000000	         -0.84020548	          0.00000000	         -1.28943736	          0.00000000	         -1.34612053	         81.22985902	        -30.72651055	          0.28710775	          0.00000000	         -1.05840382	          0.00000000	         -0.42309536	          0.00000000	
          7.74000000	        -19.24191382	        745.98759759	        -26.37128276	          0.07723858	          0.00000000	         -0.84025131	          0.00000000	         -1.22393322	          0.00000000	         -7.42962684	         70.50476089	        -25.63782968	          0.29004618	          0.00000000	         -1.05900466	          0.00000000	         -0.38849928	          0.00000000	
          7.75000000	        -11.30301825	        742.83368781	        -22.23372515	          0.07610767	          0.00000000	         -0.84021347	          0.00000000	         -1.08746384	          0.00000000	        -11.91926275	         59.44136504	        -20.71472174	          0.29098884	          0.00000000	         -1.05935337	          0.00000000	         -0.34337392	          0.00000000	
          7.76000000	         -5.61719287	        739.27159547	        -17.95325761	          0.07478637	          0.00000000	         -0.84012995	          0.00000000	         -0.89867210	          0.00000000	        -13.93860430	         49.21659013	        -16.31160062	          0.28981152	          0.00000000	         -1.05944167	          0.00000000	         -0.29708311	          0.00000000	
          7.77000000	         -1.98856354	        735.66141294	        -14.81116085	          0.07343096	          0.00000000	         -0.84003615	          0.00000000	         -0.69641335	          0.00000000	        -14.21382800	         40.51317609	        -12.67366414	          0.28641325	          0.00000000	         -1.05927192	          0.00000000	         -0.25755929	          0.00000000	
          7.78000000	         -0.12800895	        732.91958532	        -13.84447990	          0.07212192	          0.00000000	         -0.83995930	          0.00000000	         -0.53232150	          0.00000000	        -13.40951789	         33.61270115	         -9.73043499	          0.28113746	          0.00000000	         -1.05889266	          0.00000000	         -0.22865785	          0.00000000	
          7.79000000	          0.28578255	        731.50986312	        -14.72720637	          0.07094015	          0.00000000	         -0.83989736	          0.00000000	         -0.42196036	          0.00000000	        -12.15729456	         28.49575014	         -7.32783705	          0.27462313	          0.00000000	         -1.05838143	          0.00000000	         -0.20661547	          0.00000000	
          7.80000000	         -0.19440847	        731.03506070	        -16.31767735	          0.06994375	          0.00000000	         -0.83982945	          0.00000000	         -0.35470179	          0.00000000	        -10.77432094	         24.96803096	         -5.30253540	          0.26759394	          0.00000000	         -1.05783341	          0.00000000	         -0.18698096	          0.00000000	
          7.81000000	         -0.77421107	        732.98134079	        -16.33124709	          0.06914708	          0.00000000	         -0.83971885	          0.00000000	         -0.31797558	          0.00000000	         -9.55399765	         22.70338059	         -3.66783443	          0.26045431	          0.00000000	         -1.05728075	          0.00000000	         -0.16552131	          0.00000000	
          7.82000000	         -6.08037955	        736.25459848	        -15.82788080	          0.06849767	          0.00000000	         -0.83958708	          0.00000000	         -0.26421450	          0.00000000	         -8.57336703	         21.38264914	         -2.41604331	          0.25323589	          0.00000000	         -1.05669329	          0.00000000	         -0.14359911	          0.00000000	
          7.83000000	        -15.61363745	        739.90945258	        -13.31237862	          0.06799610	          0.00000000	         -0.83941500	          0.00000000	         -0.07833597	          0.00000000	         -7.50175881	         20.83847635	         -1.51198750	          0.24593364	          0.00000000	         -1.05604148	          0.00000000	         -0.11967201	          0.00000000	
          7.84000000	        -29.95031735	        742.10735948	         -9.71105125	          0.06762247	          0.00000000	         -0.83922934	          0.00000000	          0.26731093	          0.00000000	         -6.07792808	         21.02976749	         -1.04571519	          0.23853935	          0.00000000	         -1.05530969	          0.00000000	         -0.09455165	          0.00000000	
          7.85000000	        -41.83763509	        741.28353629	         -4.92183925	          0.06745002	          0.00000000	         -0.83903876	          0.00000000	          0.78129312	          0.00000000	         -3.81266820	         22.07098696	         -1.14677577	          0.23122219	          0.00000000	         -1.05451795	          0.00000000	         -0.06537366	          0.00000000	
          7.86000000	        -52.42496004	        733.60489804	         -1.48279785	          0.06746825	          0.00000000	         -0.83888289	          0.00000000	          1.36810341	          0.00000000	         -0.72540180	         24.15056213	         -1.98463003	          0.22388715	          0.00000000	         -1.05363566	          0.00000000	         -0.03578865	          0.00000000	
          7.87000000	        -57.58105500	        718.12402859	         -0.48538605	          0.06769194	          0.00000000	         -0.83877168	          0.00000000	          1.93247160	          0.00000000	          3.52971373	         27.76815254	         -3.64723006	          0.21629533	          0.00000000	         -1.05260912	          0.00000000	         -0.00231808	          0.00000000	
          7.88000000	        -59.44173472	        693.10296608	         -0.23271090	          0.06810383	          0.00000000	         -0.83864995	          0.00000000	          2.38218805	          0.00000000	          9.15537067	         33.93519955	         -6.46943273	          0.20786611	          0.00000000	         -1.05132814	          0.00000000	          0.03474126	          0.00000000	
          7.89000000	        -60.96430211	        659.18842484	          0.19440340	          0.06862417	          0.00000000	         -0.83847156	          0.00000000	          2.60748041	          0.00000000	         16.91680812	         44.66978131	        -11.46934933	          0.19837762	          0.00000000	         -1.04978747	          0.00000000	          0.07817119	          0.00000000	
          7.90000000	        -60.10371300	        617.58698928	         -0.04546870	          0.06920437	          0.00000000	         -0.83822495	          0.00000000	          2.53942134	          0.00000000	         27.69398718	         63.26678760	        -19.98106767	          0.18875056	          0.00000000	         -1.04826132	          0.00000000	          0.13494620	          0.00000000	
          7.91000000	        -62.78043894	        571.23750879	          2.83363943	          0.06965703	          0.00000000	         -0.83778454	          0.00000000	          2.19329225	          0.00000000	         39.65551668	         93.66968500	        -32.87666211	          0.18047990	          0.00000000	         -1.04711060	          0.00000000	          0.21598842	          0.00000000	
          7.92000000	        -66.04626624	        520.68088323	          6.08850319	          0.06990694	          0.00000000	         -0.83719086	          0.00000000	          1.64994774	          0.00000000	         47.90749874	        139.20082403	        -46.60778775	          0.17404558	          0.00000000	         -1.04636452	          0.00000000	          0.29845549	          0.00000000	
          7.93000000	        -67.74941620	        464.78763073	          3.40064552	          0.06986194	          0.00000000	         -0.83662792	          0.00000000	          1.01808029	          0.00000000	         45.40772514	        201.45004747	        -48.59411860	          0.16891466	          0.00000000	         -1.04577959	          0.00000000	          0.30186719	          0.00000000	
          7.94000000	        -65.02364504	        409.68678766	          7.82257907	          0.06946560	          0.00000000	         -0.83573325	          0.00000000	          0.47289334	          0.00000000	         35.38863462	        281.98568179	        -43.58823422	          0.16505441	          0.00000000	         -1.04551497	          0.00000000	          0.35399250	          0.00000000	
          7.95000000	        -62.26494106	        356.69908372	         14.49085855	          0.06842114	          0.00000000	         -0.83470297	          0.00000000	          0.10565930	          0.00000000	         21.14234381	        378.86571263	        -37.58432357	          0.16189210	          0.00000000	         -1.04552514	          0.00000000	          0.19817669	          0.00000000	
          7.96000000	        -61.66962329	        309.81760428	         14.22295737	          0.06627926	          0.00000000	         -0.83409551	          0.00000000	         -0.00318833	          0.00000000	          9.36127422	        486.66192052	        -29.89158581	          0.15911297	          0.00000000	         -1.04569238	          0.00000000	         -0.13438885	          0.00000000	
          7.97000000	        -64.58620049	        268.92663223	         14.44748228	          0.06348604	          0.00000000	         -0.83353115	          0.00000000	         -0.00152323	          0.00000000	         -1.00914635	        595.30296510	        -22.55665729	          0.15649210	          0.00000000	         -1.04597544	          0.00000000	         -0.37059087	          0.00000000	
          7.98000000	        -72.05123677	        233.00379905	          7.09705482	          0.06052466	          0.00000000	         -0.83330357	          0.00000000	         -0.00022532	          0.00000000	         -4.76276281	        692.17586126	         -3.40204675	          0.15396518	          0.00000000	         -1.04622549	          0.00000000	         -0.49528348	          0.00000000	
          7.99000000	        -91.02714554	        223.32939127	          2.84194931	          0.05751445	          0.00000000	         -0.83283786	          0.00000000	         -0.00003217	          0.00000000	         26.22321511	        770.29693878	         -7.44999564	          0.15243422	          0.00000000	         -1.04689784	          0.00000000	          1.37599076	          0.00000000	
