Inverse Dynamics Generalized Forces
version=1
nRows=600
nColumns=34
inDegrees=no
endheader 
time	pelvis_tilt_moment	pelvis_list_moment	pelvis_rotation_moment	pelvis_tx_force	pelvis_ty_force	pelvis_tz_force	hip_flexion_l_moment	hip_adduction_l_moment	hip_rotation_l_moment	hip_flexion_r_moment	hip_adduction_r_moment	hip_rotation_r_moment	knee_angle_l_moment	knee_angle_r_moment	ankle_angle_l_moment	ankle_angle_r_moment	subtalar_angle_l_moment	subtalar_angle_r_moment	mtp_angle_l_moment	mtp_angle_r_moment	lumbar_extension_moment	lumbar_bending_moment	lumbar_rotation_moment	arm_flex_l_moment	arm_add_l_moment	arm_rot_l_moment	arm_flex_r_moment	arm_add_r_moment	arm_rot_r_moment	elbow_flex_l_moment	elbow_flex_r_moment	pro_sup_l_moment	pro_sup_r_moment	
          2.00000000	         -0.00000008	         -0.00000052	          0.00000014	         -0.00000021	         -0.00000012	          0.00000043	         -0.69435879	         23.12216891	          0.28320547	         -6.03474987	         14.34556018	         -1.27516314	          4.11842887	          3.33196264	         -4.37135802	         -2.10323641	          5.63728977	          0.67642990	         -0.09221891	          1.01483429	          5.85416590	          8.07068004	         -6.77486153	          1.50749006	          0.69527529	         -0.51549864	         -1.31069704	         -1.24519710	          0.17609205	         -0.16383308	         -0.34366734	         -0.06734439	          0.05259697	
          2.01000000	          0.00000024	         -0.00000122	          0.00000024	         -0.00000003	         -0.00000079	          0.00000100	         -3.49109717	         41.59911165	         -1.24175173	         -2.74613780	         20.90438544	         -1.91454815	          6.46162195	          1.11233583	         -6.52446172	         -0.19878713	          9.06590465	          0.47396004	         -0.07347163	          0.01280998	          6.91448769	         22.72969065	        -10.45566003	          4.77433235	         -0.57908625	         -0.70206247	         -2.48423088	         -1.80699438	          0.11687463	         -1.15610747	         -0.73362830	         -0.09242511	          0.05131741	
          2.02000000	         -0.00000025	          0.00000029	          0.00000001	         -0.00000033	          0.00000025	         -0.00000049	         -4.71915418	         73.45844895	         -8.06995923	         -0.16928431	         29.33076408	         -2.69732206	          4.90377346	         -0.02250941	         -5.72331504	         -0.08049918	         11.51754016	          0.53859529	         -0.05296820	          0.00454378	          9.04783952	         51.61283606	        -20.31578600	         11.04401956	         -3.16601739	         -1.20656458	         -4.46662749	         -3.18320061	         -0.03535002	         -2.86672265	         -1.38185620	         -0.15624721	          0.04413284	
          2.03000000	         -0.00000019	          0.00000043	         -0.00000004	         -0.00000023	          0.00000041	         -0.00000043	         -5.90975061	         78.43470060	        -10.80589643	          5.22040752	         27.24097265	         -2.72123614	          1.83082782	         -2.09666502	         -4.76241682	          0.10983246	         12.97365721	          0.40035413	         -0.04556211	         -0.00152168	          8.34808766	         63.88479181	        -23.31673297	         14.20887768	         -4.35225471	         -1.53608304	         -3.36822288	         -4.16844201	         -0.36385138	         -3.45287758	         -1.16630644	         -0.17876679	          0.00471629	
          2.04000000	         -0.00000005	          0.00000011	          0.00000009	          0.00000013	          0.00000064	         -0.00000021	          4.31734508	        -22.34492874	          4.83236774	          7.91610101	          4.85831929	         -0.93269663	         -9.99101226	         -1.52617940	         -3.09204020	          0.26502162	          3.91091177	          0.11075437	         -0.07584835	         -0.00163605	         -3.79212158	          5.64113842	          1.46969503	          1.92836332	         -2.09765655	         -0.09680304	          3.07602108	         -0.51029445	         -0.22319293	         -1.01976633	          0.93249428	         -0.00065248	         -0.01796036	
          2.05000000	         -0.00000006	         -0.00000025	          0.00000004	         -0.00000004	          0.00000088	          0.00000033	         18.84516727	        -12.21598959	          3.81842406	          1.60118229	          7.64120695	         -1.25252187	        -19.71231262	          1.08969573	         -3.45734897	          0.26211406	          6.32769548	          0.12595118	         -0.06908192	         -0.00377657	         -9.17427261	         18.02222555	          2.21862608	          1.33720941	         -3.20067412	          0.15571690	          2.66210626	          0.01946541	         -0.11510779	         -1.25525904	          0.88711360	          0.02730849	         -0.00977227	
          2.06000000	         -0.00000001	         -0.00000019	          0.00000013	          0.00000015	          0.00000098	          0.00000018	         20.44717671	        -30.83767565	          5.21260869	          4.76382438	          3.12587367	         -0.82936172	        -23.32562186	          0.61700206	         -5.92925328	          0.40755851	          5.61190089	          0.01280849	         -0.07160909	         -0.00778287	        -11.73794732	         14.27381648	          5.34980774	         -0.77020875	         -2.83615423	          0.53449828	          3.94278661	          0.77075496	         -0.06036700	         -0.89981874	          1.34427858	          0.07212418	         -0.01169626	
          2.07000000	          0.00000013	         -0.00000034	          0.00000016	          0.00000021	          0.00000105	          0.00000044	         23.23098209	        -34.37851599	          4.20258154	          6.94145434	          4.45616235	         -0.85882226	        -27.47679706	          0.35392998	         -9.62299294	          0.54424365	          6.35567353	         -0.01435177	         -0.07406149	         -0.01330261	        -13.43747866	         20.33153701	          4.02023801	         -0.58490431	         -2.79044272	          0.62260569	          4.15608911	          0.90219434	         -0.02478397	         -0.79668254	          1.45896284	          0.09073873	         -0.00985177	
          2.08000000	          0.00000003	         -0.00000025	          0.00000010	          0.00000019	          0.00000110	          0.00000032	         25.66844919	        -41.88330688	          2.89928850	         10.01620614	          4.11141657	         -0.75317549	        -32.20790230	         -0.09563377	        -14.24364377	          0.70807402	          6.90455045	         -0.08503796	         -0.07743327	         -0.01847951	        -15.07596251	         25.80451545	          2.81676932	         -0.22929642	         -2.44820300	          0.66004678	          4.59171830	          0.83141526	         -0.02003054	         -0.55082139	          1.61907089	          0.10786867	         -0.01090347	
          2.09000000	         -0.00000000	         -0.00000009	          0.00000011	          0.00000017	          0.00000110	          0.00000018	         26.78284370	        -49.06358058	          1.18667431	         13.69858133	          3.58008813	         -0.62701689	        -36.44479096	         -0.71627838	        -19.57727057	          0.86649252	          7.53702849	         -0.16054666	         -0.07748127	         -0.02245195	        -15.73445615	         31.94730378	          0.84574145	          0.62693237	         -1.88694836	          0.55158314	          5.04408811	          0.43297262	         -0.07933394	         -0.17175178	          1.77574497	          0.11345038	         -0.02034250	
          2.10000000	         -0.00000015	          0.00000009	          0.00000004	          0.00000003	          0.00000106	          0.00000001	         26.16939654	        -55.31499669	         -0.48965622	         17.93281021	          2.81718919	         -0.47759512	        -39.50704485	         -1.59880642	        -25.15238323	          1.01386305	          8.30959339	         -0.23802074	         -0.03736638	         -0.02563165	        -15.44263390	         37.89511753	         -1.48164201	          1.88484854	         -1.33762933	          0.33561584	          5.47248607	         -0.12171747	         -0.17163069	          0.24146997	          1.91733078	          0.11088195	         -0.03371612	
          2.11000000	         -0.00000015	          0.00000011	          0.00000003	          0.00000001	          0.00000065	         -0.00000001	         22.18443946	        -59.87774045	         -1.83570168	         22.88601260	          1.85115268	         -0.31661366	        -39.70503319	         -2.81084439	        -31.34729889	          1.12445160	          9.29257959	         -0.30332217	          0.28042657	         -0.02653564	        -13.40237705	         43.21491510	         -4.11139122	          3.31382441	         -0.88373295	          0.00575964	          5.71579421	         -0.91778404	         -0.32444633	          0.65051132	          1.99112787	          0.09566168	         -0.05452417	
          2.12000000	         -0.00000019	          0.00000005	          0.00000000	         -0.00000000	          0.00000076	          0.00000005	         17.76892629	        -62.34059417	         -2.81841848	         27.08082541	          1.23503924	         -0.18814992	        -38.31602261	         -3.88429514	        -38.66539759	          1.20399113	         10.38901866	         -0.34919570	          0.97993312	         -0.02678920	        -10.96759997	         47.91469009	         -6.39768750	          4.75830561	         -0.69813380	         -0.32838396	          5.78620569	         -1.72289882	         -0.47990551	          0.95901671	          1.99367158	          0.07977685	         -0.07338091	
          2.13000000	          0.00000004	         -0.00000003	         -0.00000001	          0.00000029	          0.00000065	          0.00000021	         13.05640843	        -64.61156079	         -3.32750537	         30.40333158	          0.09879314	         -0.05237627	        -35.09632066	         -4.74112509	        -47.84593099	          1.25338569	         11.69602767	         -0.38807044	          2.54251417	         -0.02598175	         -8.39412849	         51.04448011	         -7.66404953	          5.75914941	         -0.68564978	         -0.57177725	          5.71831715	         -2.50504329	         -0.64009515	          1.15889677	          1.92630524	          0.06913830	         -0.08968549	
          2.14000000	          0.00000026	         -0.00000011	         -0.00000004	          0.00000059	          0.00000057	          0.00000038	          9.12248400	        -65.81827209	         -3.32253802	         32.08898537	         -1.28672373	          0.06579438	        -31.04791110	         -5.16340833	        -56.57074649	          1.25981881	         12.99110610	         -0.41257853	          4.23679305	         -0.02424389	         -6.21992299	         51.88776677	         -7.80907113	          6.12519451	         -0.71410261	         -0.66998821	          5.48494925	         -3.09437661	         -0.76299609	          1.25634997	          1.79447318	          0.06802740	         -0.09903699	
          2.15000000	          0.00000032	         -0.00000022	         -0.00000007	          0.00000073	          0.00000015	          0.00000056	          5.67426169	        -65.08179756	         -2.52032506	         32.46479333	         -2.30107067	          0.16378215	        -26.62347015	         -5.24746102	        -63.05709475	          1.21924542	         14.19815709	         -0.41285681	          5.35339597	         -0.02131898	         -4.41086604	         50.70248694	         -7.09230693	          5.85057642	         -0.73859193	         -0.64494657	          4.98379647	         -3.49193518	         -0.83454473	          1.25748340	          1.58543358	          0.07259329	         -0.10143244	
          2.16000000	          0.00000021	         -0.00000057	         -0.00000006	          0.00000076	          0.00000013	          0.00000091	          3.04571653	        -63.22749427	         -1.46818684	         32.06679466	         -2.66973601	          0.20644612	        -22.32467277	         -5.14581473	        -68.78078598	          1.17547284	         15.27277870	         -0.39521775	          6.24439081	         -0.01974153	         -3.05319392	         48.80629044	         -6.15652968	          5.28182523	         -0.73056843	         -0.58364461	          4.61853505	         -3.51718710	         -0.83980811	          1.23143224	          1.46072268	          0.07721341	         -0.09949173	
          2.17000000	          0.00000035	         -0.00000093	         -0.00000003	          0.00000099	          0.00000014	          0.00000127	          1.47829141	        -60.96168405	         -0.58738855	         31.07503658	         -2.59168349	          0.22739211	        -18.58278144	         -4.84579188	        -74.68945388	          1.13647451	         16.13149968	         -0.37265441	          7.12017661	         -0.01921827	         -2.10441199	         47.15501187	         -5.25202829	          4.62044523	         -0.79056618	         -0.51113212	          4.22547951	         -3.42645301	         -0.80969376	          1.15903139	          1.34233229	          0.07823714	         -0.09398936	
          2.18000000	          0.00000024	         -0.00000153	          0.00000004	          0.00000077	          0.00000028	          0.00000191	          2.06789299	        -58.36583623	         -0.04741745	         29.08167872	         -2.07752343	          0.21760155	        -16.27458660	         -4.21125860	        -80.62098141	          1.10530345	         16.71947514	         -0.34686318	          8.01266219	         -0.02045638	         -1.96158187	         46.05442335	         -4.33370477	          3.90977814	         -0.97686503	         -0.44433744	          3.95799538	         -3.11637555	         -0.73021663	          1.02809375	          1.28565459	          0.07231908	         -0.08437122	
          2.19000000	          0.00000030	         -0.00000163	          0.00000006	          0.00000075	          0.00000040	          0.00000198	          5.79768413	        -55.46416201	          0.15138945	         25.49159566	         -1.22308696	          0.18287304	        -16.15123178	         -3.05502589	        -86.22089222	          1.07851223	         17.05280537	         -0.32555579	          8.91690444	         -0.02354351	         -2.84015272	         45.53940935	         -3.11159721	          3.17791519	         -1.20916380	         -0.31693996	          3.73431273	         -2.76359219	         -0.62682489	          0.84411279	          1.21945014	          0.06025422	         -0.06813377	
          2.20000000	          0.00000012	         -0.00000096	          0.00000012	          0.00000045	          0.00000080	          0.00000126	         12.14317542	        -51.37709159	          0.06622462	         20.31712284	          0.32980305	          0.09382808	        -17.82671024	         -1.29685467	        -91.32494495	          1.03110337	         17.32267059	         -0.29318192	          9.82617291	         -0.02704224	         -4.32587817	         45.92239680	         -1.83410387	          2.50191541	         -1.40280817	         -0.16371539	          3.53290126	         -2.36781524	         -0.50587913	          0.66236008	          1.15859211	          0.04594860	         -0.04893077	
          2.21000000	         -0.00000015	         -0.00000032	          0.00000006	          0.00000011	          0.00000097	          0.00000062	         20.15215425	        -47.93201668	         -0.07612810	         14.84127867	          1.74157467	          0.01101009	        -21.11728388	          0.41192641	        -95.68023476	          1.01763412	         17.32302958	         -0.28437605	         10.72768010	         -0.03346980	         -6.70996340	         46.24736701	         -0.15703084	          1.82087180	         -1.20956477	          0.08152231	          3.20491422	         -2.11856022	         -0.39352224	          0.59357837	          1.01749922	          0.03416972	         -0.02713735	
          2.22000000	         -0.00000020	          0.00000003	          0.00000007	         -0.00000001	          0.00000111	          0.00000020	         28.66136484	        -44.85866399	         -0.21555592	          9.40814459	          3.18863786	         -0.07447895	        -25.30859359	          2.09916768	        -99.23240733	          1.00440754	         17.08974358	         -0.27611746	         11.61512560	         -0.04049459	         -9.39130772	         46.54410397	          1.54942716	          1.13485967	         -0.79366886	          0.32356730	          2.91897848	         -1.86813708	         -0.29024034	          0.60687891	          0.90102666	          0.02799856	         -0.01017375	
          2.23000000	         -0.00000061	          0.00000040	          0.00000002	         -0.00000049	          0.00000133	         -0.00000025	         37.57502095	        -42.42279551	         -0.41958562	          4.33787864	          4.25625521	         -0.15026651	        -30.43213640	          3.58484921	       -101.87067589	          1.01008375	         16.52626524	         -0.28458809	         12.47523541	         -0.04854715	        -12.62494869	         46.91942693	          3.42774062	          0.39754713	         -0.30359639	          0.52748018	          2.54146826	         -1.61497266	         -0.18441116	          0.65466731	          0.77909484	          0.02741213	          0.00114097	
          2.24000000	         -0.00000086	          0.00000099	         -0.00000003	         -0.00000068	          0.00000116	         -0.00000068	         46.65797432	        -39.31918773	         -0.82370050	         -0.75598751	          5.92687121	         -0.24813122	        -36.11444819	          5.05144932	       -103.70263441	          1.00162288	         15.78315612	         -0.27227861	         13.30905469	         -0.05631413	        -15.82597609	         47.66670891	          4.87234490	         -0.23344629	          0.01071527	          0.60130996	          2.31507425	         -1.37908074	         -0.11051873	          0.69014615	          0.73556570	          0.03278729	          0.00110928	
          2.25000000	         -0.00000055	          0.00000134	         -0.00000003	         -0.00000042	          0.00000147	         -0.00000114	         56.29428627	        -34.60777031	         -1.54805772	         -6.17087245	          8.31136181	         -0.42041779	        -42.29587621	          6.60534422	       -104.79454714	          0.98116130	         15.08155617	         -0.24439894	         14.10983335	         -0.06377737	        -19.12386582	         49.29528520	          5.92645553	         -0.67760442	          0.05817332	          0.56855729	          2.06304274	         -1.17505688	         -0.04310267	          0.68167104	          0.69939625	          0.03783016	         -0.00312215	
          2.26000000	         -0.00000037	          0.00000089	          0.00000005	         -0.00000024	          0.00000185	         -0.00000062	         62.49462305	        -29.31432344	         -2.55060828	         -9.71621012	         10.69787221	         -0.60289953	        -46.44688992	          7.44567480	       -105.75889565	          0.96789501	         14.23428642	         -0.21075855	         14.90015797	         -0.07018845	        -21.20583462	         51.33420950	          5.99158515	         -0.95983908	         -0.12415583	          0.43638185	          2.00897631	         -1.01879543	         -0.01171845	          0.63463490	          0.74224850	          0.04944057	         -0.01449825	
          2.27000000	         -0.00000024	          0.00000040	          0.00000013	         -0.00000005	          0.00000183	         -0.00000014	         66.69634825	        -24.52664461	         -3.67629709	        -12.20706189	         12.47105021	         -0.76834571	        -49.57134580	          7.93673715	       -106.53598203	          0.96386832	         13.17871278	         -0.18830528	         15.69007244	         -0.07587342	        -22.53788173	         53.37813903	          5.77450816	         -1.11919517	         -0.40499152	          0.28025131	          2.07941153	         -0.89725321	         -0.00488750	          0.57350781	          0.81534583	          0.06019533	         -0.02706750	
          2.28000000	         -0.00000003	         -0.00000028	          0.00000011	          0.00000017	          0.00000158	          0.00000058	         67.05791909	        -21.77365880	         -4.70751462	        -12.53216841	         12.72865907	         -0.83147882	        -50.86241052	          7.71572771	       -107.32682768	          0.98439658	         11.63123028	         -0.19381056	         16.49619197	         -0.08056868	        -22.52292683	         54.95723463	          5.26891070	         -1.15984094	         -0.73703319	          0.11365390	          2.46037810	         -0.78709969	         -0.04533187	          0.51369964	          0.97412515	          0.07124035	         -0.04239770	
          2.29000000	          0.00000020	         -0.00000106	          0.00000006	          0.00000031	          0.00000126	          0.00000134	         63.94896135	        -20.48850170	         -5.46253604	        -11.27041994	         11.72004881	         -0.82579536	        -50.33525776	          7.09723499	       -108.17530196	          1.01266721	          9.80372439	         -0.22096432	         17.33377702	         -0.08361965	        -20.96074151	         56.19026405	          4.61396409	         -0.90738221	         -1.01233754	         -0.01843819	          3.05493675	         -0.77318820	         -0.14616549	          0.51574419	          1.16736297	          0.07425740	         -0.05612014	
          2.30000000	          0.00000003	         -0.00000097	          0.00000002	          0.00000000	          0.00000136	          0.00000101	         58.80661000	        -19.01721660	         -5.85585017	         -9.16394996	         10.51543330	         -0.81013204	        -48.65278986	          6.23990044	       -108.83831984	          1.03960068	          8.06917207	         -0.24573751	         18.20650874	         -0.08621148	        -18.43791798	         57.48542502	          3.74027405	         -0.39972234	         -1.27566551	         -0.15558931	          3.70837146	         -0.85654074	         -0.28946911	          0.57787415	          1.35336388	          0.07166154	         -0.06943316	
          2.31000000	         -0.00000039	         -0.00000039	         -0.00000002	         -0.00000033	          0.00000113	          0.00000038	         51.55951980	        -18.08231781	         -5.81232673	         -6.51028721	          9.26960052	         -0.84015823	        -45.78390740	          5.47127881	       -109.23277199	          1.03775772	          6.22972244	         -0.26042423	         19.11108336	         -0.08740528	        -14.71774987	         57.89785793	          2.78999458	          0.72668556	         -1.23843908	         -0.19471230	          4.19919230	         -1.14689651	         -0.47509716	          0.84681661	          1.45021607	          0.04787944	         -0.07213456	
          2.32000000	         -0.00000151	         -0.00000003	         -0.00000023	         -0.00000133	          0.00000038	          0.00000002	         45.50667281	        -18.11095935	         -5.43938416	         -5.27536604	          8.05660458	         -0.91523579	        -43.69962095	          5.46075391	       -108.57976089	          0.93266222	          4.07156061	         -0.23785103	         19.99873115	         -0.08818361	        -11.11683277	         56.64427300	          2.44256215	          1.73122066	         -1.01868177	         -0.16279566	          4.66396713	         -1.28858770	         -0.62774423	          1.15380703	          1.56466381	          0.02037142	         -0.07011340	
          2.33000000	         -0.00000239	          0.00000015	         -0.00000034	         -0.00000205	         -0.00000086	          0.00000002	         42.86451090	        -17.75367372	         -4.87730696	         -8.05334670	          7.83042212	         -1.22514922	        -43.07367415	          7.56557769	       -106.64032983	          0.51352415	          1.93750463	         -0.10306625	         20.84794433	         -0.08868564	         -7.39732411	         53.54580293	          2.91485589	          2.68216252	         -0.51511546	         -0.03757692	          5.10990266	         -1.22960783	         -0.73653631	          1.54028489	          1.72060775	         -0.01360945	         -0.06170069	
          2.34000000	         -0.00000227	         -0.00000009	         -0.00000032	         -0.00000192	         -0.00000069	          0.00000031	         45.41578298	        -18.45158531	         -4.15462005	        -16.49055553	          8.38102298	         -1.85717897	        -45.26425076	         12.68164464	       -103.01803790	         -0.46324937	         -0.43062832	          0.23462623	         21.61797659	         -0.08765790	         -3.65983563	         47.38825224	          4.53927427	          3.12104987	         -0.05843583	          0.05970884	          5.98323190	         -0.69328999	         -0.79087448	          1.81958503	          2.09996060	         -0.04067412	         -0.05714151	
          2.35000000	         -0.00000213	         -0.00000061	         -0.00000028	         -0.00000180	         -0.00000086	          0.00000072	         52.02603622	        -20.11465240	         -3.62670201	        -29.86440522	          9.36153085	         -2.86388248	        -49.51576695	         20.22315284	        -97.84279465	         -1.80522699	         -3.40655108	          0.79182011	         22.26753802	         -0.07510026	          0.53410878	         38.89168243	          7.13599970	          3.23192095	          0.21235288	          0.11814441	          7.11556177	          0.23291191	         -0.79305438	          1.98226647	          2.63460024	         -0.06652982	         -0.05296484	
          2.36000000	         -0.00000312	         -0.00000055	         -0.00000021	         -0.00000247	         -0.00000141	          0.00000106	         67.98005604	         -5.46657324	         -5.31484723	        -51.29484967	         21.25983061	         -5.34152865	        -55.71427418	         31.03921689	        -91.57293931	         -3.72486906	         -2.86355166	          1.83092408	         22.76223602	         -0.03898875	          3.71718392	         33.68749383	          8.13824707	          3.37238346	         -0.03172802	         -0.04678533	          7.90583240	          1.11731936	         -0.73396051	          2.03039006	          3.07988626	         -0.07870901	         -0.05410419	
          2.37000000	         -0.00000126	         -0.00000061	          0.00000009	         -0.00000086	         -0.00000044	          0.00000088	         82.83987075	         -0.37513136	         -6.71758464	        -72.16958059	         29.34554794	         -8.61168305	        -63.14219960	         41.20352646	        -83.90163136	         -5.61238382	         -4.46369818	          3.49088848	         22.98076502	          0.02017208	          7.22329242	         23.18437505	         11.31338720	          2.52025716	         -0.84304441	         -0.23012711	          9.22102197	          2.62591097	         -0.60450462	          1.67936282	          3.77150878	         -0.08942473	         -0.05410067	
          2.38000000	         -0.00000014	         -0.00000009	          0.00000013	          0.00000018	         -0.00000047	          0.00000033	         89.04524480	         17.15943921	         -8.95248889	        -81.22170790	         48.56674475	        -12.87664987	        -64.09629473	         40.20184081	        -77.16189616	         -3.84052442	         -3.20757294	          4.80009465	         22.95991610	          0.05585220	          9.67194922	         12.57317417	         10.10805105	          3.02730609	         -1.28345773	         -0.56140181	         11.19270922	          2.98816583	         -0.87785431	          1.74785804	          4.38715752	         -0.09828148	         -0.08405956	
          2.39000000	          0.00000063	         -0.00000157	          0.00000003	          0.00000088	          0.00000036	          0.00000169	         66.98470775	         24.81938237	         -8.53249649	        -57.79691318	         50.06736518	        -11.63304396	        -51.90787530	         21.68792787	        -72.83820472	          0.77319863	         -3.63606427	          4.85489171	         22.76401350	          0.05764196	          7.84354575	          9.31838134	          4.95556512	          3.32785928	         -1.54078337	         -0.68684835	          9.77375110	          2.69002611	         -0.72244115	          1.71762239	          3.91589117	         -0.08592730	         -0.07360190	
          2.40000000	          0.00000094	         -0.00000190	          0.00000011	          0.00000097	          0.00000045	          0.00000185	         51.53041979	         28.98534254	         -8.09277856	        -45.97353211	         47.14060556	         -9.60241994	        -43.95023618	         12.01251746	        -68.25370574	          3.55373632	         -3.40483703	          4.91244955	         22.13692395	          0.05889944	         10.74872044	          7.41885521	          1.09893810	          3.84425015	         -1.92294173	         -0.92328180	          9.24540638	          2.32754882	         -0.74011202	          1.79277255	          3.69507581	         -0.08161364	         -0.07813345	
          2.41000000	          0.00000046	         -0.00000228	          0.00000006	          0.00000054	          0.00000140	          0.00000225	         36.84364847	         32.32400429	         -7.86868077	        -34.90595658	         43.86514281	         -7.68685387	        -38.23673557	          3.17705230	        -64.10701456	          6.32085693	         -2.78062436	          5.03767038	         21.13329695	          0.06017990	         14.42543494	          6.48757263	         -3.37765093	          4.21604107	         -1.91934020	         -1.00686964	          8.43663257	          1.45230595	         -0.82993580	          1.94367205	          3.30586566	         -0.06977895	         -0.08432614	
          2.42000000	          0.00000011	         -0.00000133	          0.00000003	          0.00000013	          0.00000116	          0.00000118	         23.96368896	         35.90728906	         -7.98625097	        -26.32914265	         38.72537657	         -5.65371196	        -32.63526875	         -3.93992384	        -59.00635997	          8.80800101	         -1.92898546	          5.06551426	         19.68653222	          0.06173632	         18.63918153	          6.90638186	         -7.25070710	          4.58885143	         -2.09622735	         -1.11634358	          7.44361804	          0.63132876	         -0.88178586	          2.06373291	          2.89219383	         -0.06152260	         -0.08739690	
          2.43000000	          0.00000016	         -0.00000059	         -0.00000016	          0.00000035	          0.00000106	          0.00000065	         14.54679702	         39.42510919	         -8.50794559	        -22.40487715	         33.72239067	         -4.00615031	        -27.91039899	         -8.02079432	        -52.70435224	         10.59836075	         -0.88975573	          5.37117984	         17.82015931	          0.06422939	         23.81742301	          6.48587798	        -10.52675497	          4.82044501	         -2.13776098	         -1.15561801	          6.49728064	         -0.31377267	         -0.98105012	          2.18769744	          2.47763526	         -0.05216538	         -0.09251871	
          2.44000000	          0.00000062	         -0.00000003	         -0.00000009	          0.00000063	          0.00000062	          0.00000009	          6.38152304	         39.62331064	         -8.50672356	        -19.65321283	         24.81426541	         -1.66338446	        -22.72855651	        -11.37605161	        -45.52450254	         11.97336578	         -0.28196422	          5.83846672	         15.62851773	          0.06722320	         28.80507230	          5.50236691	        -12.92786147	          5.13970480	         -2.01751862	         -1.11442811	          5.32963378	         -1.39410926	         -1.08528359	          2.36601450	          1.96806246	         -0.04209995	         -0.09520983	
          2.45000000	         -0.00000006	          0.00000076	         -0.00000021	          0.00000016	          0.00000033	         -0.00000049	          5.10537905	         35.98506776	         -8.25850430	        -24.56185255	         10.09157727	          1.48296319	        -20.02513712	         -9.84984664	        -37.28406470	         12.09753774	          0.24493706	          6.44849855	         13.13598436	          0.07474337	         34.29760865	          5.49100506	        -12.71719995	          5.01697827	         -2.17398917	         -1.07816630	          4.57626120	         -2.04029867	         -1.15504894	          2.37976823	          1.65653906	         -0.03605772	         -0.09709410	
          2.46000000	         -0.00000026	          0.00000113	         -0.00000021	         -0.00000015	         -0.00000030	         -0.00000137	         15.10987101	         25.07693234	         -7.65372795	        -39.61843237	        -11.01368352	          5.40648552	        -23.69567550	         -2.04593468	        -26.99673309	         10.65715468	         -0.95148323	          7.08283260	         10.29242824	          0.08814697	         38.83789850	          4.80323720	         -8.96680147	          4.59018870	         -2.56466346	         -1.04274019	          4.39184319	         -2.05094268	         -1.17236946	          2.26847142	          1.61208366	         -0.03801974	         -0.09548022	
          2.47000000	         -0.00000037	          0.00000202	         -0.00000017	         -0.00000009	         -0.00000060	         -0.00000205	         31.46841338	         19.08647548	         -8.77058148	        -59.85568264	        -27.51443945	          8.39982129	        -28.85308522	          8.98441765	        -16.61748022	          8.16011515	         -0.49317200	          8.23418358	          7.25213233	          0.11272248	         42.16009989	          4.53619493	         -4.49833353	          3.74621215	         -2.87162216	         -0.94587744	          4.29903301	         -1.74460706	         -1.11679474	          2.06326152	          1.66578166	         -0.03774696	         -0.08987604	
          2.48000000	         -0.00000038	          0.00000196	         -0.00000026	         -0.00000032	         -0.00000027	         -0.00000214	         50.70453925	          9.54114703	         -9.16225486	        -81.08180038	        -44.88653039	         11.46638857	        -36.01861471	         20.93519003	         -6.06670297	          4.96803363	         -1.35832286	          9.49297289	          4.15107599	          0.15163660	         43.80041229	          2.54196912	          0.63645186	          2.48122514	         -3.02410122	         -0.77574330	          4.53591316	         -1.09383739	         -1.02452589	          1.77568751	          1.88480662	         -0.03529031	         -0.08262629	
          2.49000000	         -0.00000018	          0.00000145	         -0.00000017	         -0.00000021	          0.00000044	         -0.00000131	         76.61132902	          6.99957994	        -12.58774762	       -107.53758409	        -51.68800106	         12.82948266	        -45.61517141	         36.09098118	          3.46452118	          0.62211940	         -1.63857715	         11.42880773	          1.21493791	          0.21199472	         43.85700020	         -0.56096970	          5.67621546	          0.43477289	         -3.24024448	         -0.56942679	          4.91870007	          0.05714115	         -0.81122343	          1.26362199	          2.29468962	         -0.02807227	         -0.07022009	
          2.50000000	          0.00000022	         -0.00000005	         -0.00000012	          0.00000009	          0.00000064	         -0.00000022	         80.24321241	          6.74874070	        -12.81948605	       -109.26800198	        -53.37311723	         13.51917066	        -44.58899925	         37.71115703	          8.13125495	         -2.02709020	         -1.39711532	         13.14726854	         -0.66974356	          0.28837465	         42.34337222	         -4.43803300	          5.47278342	         -0.03952719	         -2.95179169	         -0.42801368	          4.94289256	          0.16430098	         -0.80071270	          1.27671531	          2.38940788	         -0.02241499	         -0.06949656	
          2.51000000	         -0.00000020	          0.00000023	         -0.00000008	         -0.00000012	          0.00000025	         -0.00000021	         63.81239902	         10.56959317	        -12.52723767	        -91.00737604	        -53.34740243	         13.29079856	        -31.66388713	         28.09061163	          6.68955497	         -2.99324918	         -0.84470557	         13.88969246	         -0.84641918	          0.36960669	         40.80859761	         -3.83309816	          1.39933465	          0.78759333	         -3.30561093	         -0.63729510	          4.04232942	          0.01465645	         -0.69646876	          1.51952437	          2.24269400	         -0.03263149	         -0.06330474	
          2.52000000	         -0.00000030	         -0.00000032	         -0.00000002	         -0.00000015	         -0.00000003	          0.00000011	         54.94518471	         10.71356791	        -11.60677698	        -78.03961215	        -54.19049143	         12.44761940	        -26.43605325	         21.70159689	          6.12122711	         -4.79672795	         -0.45619334	         14.25174259	         -0.94664109	          0.47884735	         37.74903987	         -4.84584863	         -0.49447845	          0.77456103	         -3.19048349	         -0.58659807	          3.77899723	         -0.21036180	         -0.68383819	          1.58168102	          2.17281305	         -0.02896147	         -0.06092799	
          2.53000000	         -0.00000015	         -0.00000047	          0.00000003	         -0.00000007	          0.00000043	          0.00000051	         51.08351273	         10.20202388	        -11.41165442	        -69.87112725	        -56.49748281	         11.12480898	        -24.91340749	         18.39481076	          6.09438912	         -7.61603467	         -0.29467413	         14.31910983	         -1.08411800	          0.65987504	         34.48592571	         -4.20693108	         -0.71812138	          0.48203234	         -3.22500630	         -0.51647772	          3.61877191	         -0.27312522	         -0.63818560	          1.50970552	          2.13010964	         -0.02485522	         -0.05488467	
          2.54000000	          0.00000031	         -0.00000132	          0.00000004	          0.00000016	          0.00000125	          0.00000125	         48.84335147	          8.04003730	        -10.83423403	        -65.20124584	        -63.06702936	          9.53345168	        -24.28336890	         17.75051478	          6.15067981	        -11.37128372	         -0.22410795	         13.75255107	         -1.20848905	          0.94311401	         32.65257823	         -1.20779851	          0.67305782	          0.15689348	         -3.35550940	         -0.45424820	          3.58873032	         -0.21703636	         -0.59528238	          1.40346930	          2.12172062	         -0.02310227	         -0.04786014	
          2.55000000	          0.00000034	         -0.00000081	          0.00000003	          0.00000031	          0.00000049	          0.00000071	         45.07868615	          5.50510566	         -9.82308263	        -59.87723646	        -70.36038852	          7.79005148	        -22.50291425	         17.15810836	          5.87283288	        -15.61495606	         -0.18065765	         13.03104398	         -1.23418731	          1.32535687	         31.37903764	          2.09110902	          2.01690773	         -0.11256055	         -3.32750680	         -0.34354244	          3.51732253	         -0.24637944	         -0.57035392	          1.33016599	          2.07631804	         -0.01937975	         -0.04140869	
          2.56000000	          0.00000081	         -0.00000009	          0.00000007	          0.00000078	          0.00000069	          0.00000005	         40.39950208	          3.55383089	         -8.84843016	        -55.57114942	        -78.26839413	          5.71980317	        -19.61955959	         17.50847602	          5.28661166	        -20.24793920	         -0.13427291	         11.97370903	         -1.15321238	          1.76752625	         31.64116135	          6.27636934	          3.43030618	         -0.28102799	         -3.28455882	         -0.28636310	          3.47594720	         -0.24080816	         -0.55383283	          1.32444976	          2.05049592	         -0.01821496	         -0.03769777	
          2.57000000	          0.00000056	          0.00000022	          0.00000005	          0.00000052	          0.00000046	         -0.00000021	         35.52326886	          1.92527817	         -7.96617184	        -52.00667698	        -86.34543504	          3.52727876	        -16.31341517	         18.38902054	          4.55142460	        -24.98225521	         -0.08265714	         10.79805733	         -1.00620399	          2.24012155	         32.69230125	         10.76702129	          4.80556806	         -0.39141213	         -3.35457030	         -0.30869109	          3.51212341	         -0.12764512	         -0.53536049	          1.33694138	          2.08196906	         -0.02053577	         -0.03594653	
          2.58000000	          0.00000056	          0.00000113	          0.00000009	          0.00000053	          0.00000064	         -0.00000099	         31.52438814	          0.07000321	         -7.07760231	        -50.04939409	        -95.23364619	          1.34218719	        -13.43920598	         20.18562800	          3.92446494	        -29.57161973	         -0.05530604	          9.44580970	         -0.86531991	          2.70957034	         34.40631637	         15.60357827	          6.37326654	         -0.52036181	         -3.57487572	         -0.42702134	          3.66144469	          0.14139154	         -0.50683416	          1.34453951	          2.18608085	         -0.02652364	         -0.03612882	
          2.59000000	          0.00000045	          0.00000154	          0.00000009	          0.00000029	          0.00000087	         -0.00000138	         28.79953513	         -1.87511614	         -6.18082588	        -49.77584940	       -103.00376007	         -0.20777174	        -11.31417276	         22.85257974	          3.49472033	        -33.83078735	         -0.05435515	          8.58433707	         -0.76626145	          3.16851251	         36.55913192	         19.55145046	          7.42387609	         -0.48960687	         -3.83939850	         -0.59840245	          3.79587920	          0.46956079	         -0.47506182	          1.38840949	          2.30525880	         -0.03431688	         -0.03763491	
          2.60000000	          0.00000048	          0.00000137	          0.00000003	          0.00000041	          0.00000073	         -0.00000130	         26.67913135	         -5.98127204	         -4.41314749	        -49.45935009	       -112.99190977	         -0.88130428	         -9.89294576	         25.39461333	          3.23848123	        -37.06199757	         -0.14570493	          7.66804943	         -0.70464697	          3.55452335	         38.16348395	         23.53884930	          8.35128477	         -0.47776577	         -4.03444596	         -0.74670315	          3.87411010	          0.77614139	         -0.43602234	          1.42344834	          2.39810490	         -0.04002267	         -0.03891982	
          2.61000000	          0.00000059	          0.00000185	          0.00000002	          0.00000037	          0.00000077	         -0.00000179	         24.64551351	         -8.17534174	         -3.37227546	        -47.70954792	       -117.35596243	         -0.75285549	         -8.50568161	         26.42421337	          3.01845581	        -38.81585106	         -0.19187893	          7.55092994	         -0.66361007	          3.83270433	         38.45487401	         25.41099148	          7.93381463	         -0.13931348	         -4.16480364	         -0.89122874	          3.65459773	          0.99884035	         -0.37079981	          1.52343129	          2.40584670	         -0.04516908	         -0.03852318	
          2.62000000	          0.00000077	          0.00000126	         -0.00000008	          0.00000061	          0.00000062	         -0.00000132	         22.75568988	        -10.22167441	         -2.38988936	        -44.48937179	       -119.27715898	         -0.14621570	         -7.33539359	         25.89599005	          2.82486740	        -38.73839608	         -0.24623326	          7.54565836	         -0.62987718	          3.94448497	         37.24863188	         26.03151887	          7.09210671	          0.18291199	         -4.17413009	         -0.98281144	          3.34831373	          1.17345342	         -0.29661446	          1.59926861	          2.37563247	         -0.04745351	         -0.03715042	
          2.63000000	          0.00000086	          0.00000104	         -0.00000012	          0.00000074	          0.00000042	         -0.00000122	         20.66330938	        -12.77397554	         -1.20093549	        -39.23086487	       -119.96605871	          0.92844453	         -6.25982083	         23.52869106	          2.64005119	        -36.95841690	         -0.32900955	          7.55309189	         -0.59855963	          3.88676316	         34.36918251	         25.58343309	          5.98040107	          0.46692043	         -4.11526892	         -1.03685638	          2.96643071	          1.36192663	         -0.19951377	          1.64034583	          2.33024600	         -0.04777589	         -0.03415690	
          2.64000000	          0.00000091	          0.00000033	         -0.00000015	          0.00000084	          0.00000012	         -0.00000051	         18.98980398	        -15.51195354	         -0.01737775	        -33.18598629	       -119.98358182	          2.18631235	         -5.44796257	         20.25314794	          2.49885523	        -34.05748412	         -0.43898534	          7.50676369	         -0.57371875	          3.69369979	         30.32587545	         24.43062542	          4.88939445	          0.42925154	         -3.89471960	         -0.99248186	          2.65501456	          1.64447471	         -0.08507204	          1.55209354	          2.29371170	         -0.04441469	         -0.02915975	
          2.65000000	          0.00000076	         -0.00000014	         -0.00000013	          0.00000077	         -0.00000016	         -0.00000004	         17.81508944	        -17.81119200	          0.91596068	        -27.49632315	       -119.13175720	          3.18998679	         -4.88723036	         16.78153966	          2.39469401	        -30.91659902	         -0.55349718	          7.44858370	         -0.55749973	          3.44344877	         26.21280924	         22.54603245	          3.93544000	          0.22636808	         -3.61882235	         -0.90722101	          2.44221673	          1.99597927	          0.03363828	          1.40764916	          2.28741728	         -0.03987244	         -0.02361365	
          2.66000000	          0.00000051	         -0.00000031	         -0.00000004	          0.00000058	         -0.00000027	          0.00000021	         17.73820555	        -19.34773202	          1.51180470	        -23.70365908	       -117.90265777	          3.74556167	         -4.82830021	         14.37858634	          2.37719256	        -28.28840292	         -0.66988689	          7.41750861	         -0.55750903	          3.20339768	         22.78164555	         20.30905076	          3.33081421	         -0.38324450	         -3.14313599	         -0.70223037	          2.38865238	          2.43897677	          0.15623899	          1.13668579	          2.29807287	         -0.03190074	         -0.01619632	
          2.67000000	          0.00000025	         -0.00000032	          0.00000001	          0.00000035	         -0.00000026	          0.00000040	         17.86797085	        -20.21070580	          1.88853138	        -20.86183412	       -116.51251727	          3.35816034	         -4.93494597	         12.47764156	          2.40068041	        -26.70027430	         -0.78042912	          7.22892748	         -0.56947673	          3.04076330	         20.11621360	         17.57733715	          3.27409841	         -1.11019859	         -2.66956295	         -0.48017627	          2.42734644	          2.90443910	          0.28123189	          0.86742456	          2.35097293	         -0.02371303	         -0.00838981	
          2.68000000	         -0.00000013	          0.00000034	          0.00000009	         -0.00000009	         -0.00000025	         -0.00000021	         17.60887142	        -20.57338352	          2.18775905	        -18.22686563	       -115.23612757	          1.79893021	         -4.97899541	         10.69815009	          2.44020227	        -26.17537237	         -0.88478636	          6.71966523	         -0.58672774	          2.97108719	         18.03529008	         14.51965983	          3.92552566	         -2.00061202	         -2.19297133	         -0.23300116	          2.53669800	          3.40654932	          0.42060437	          0.58590703	          2.44110029	         -0.01484753	          0.00069576	
          2.69000000	         -0.00000041	          0.00000061	          0.00000004	         -0.00000049	          0.00000054	         -0.00000036	         17.49909498	        -21.72953805	          2.75360787	        -17.50431668	       -116.68909387	         -1.16447885	         -5.14886022	         10.15060636	          2.49546169	        -26.93352859	         -0.99693533	          5.41532174	         -0.59530745	          3.00564063	         17.63663341	         12.17740834	          5.76756073	         -2.69167160	         -2.05357227	         -0.13814718	          2.94009630	          3.91778539	          0.50285200	          0.40938718	          2.65955654	         -0.01288834	          0.00538946	
          2.70000000	         -0.00000024	          0.00000026	         -0.00000000	         -0.00000041	          0.00000027	         -0.00000025	         15.65830979	        -21.25578147	          3.00328140	        -15.70497566	       -115.94339062	         -4.73169974	         -4.19241133	          9.01479996	          2.43405734	        -28.72008996	         -1.03181537	          4.34562817	         -0.56548425	          3.15109656	         17.87793866	          9.08959866	          7.43102533	         -3.23646261	         -1.93065707	         -0.05837476	          3.41910819	          4.31665277	          0.53513689	          0.30284914	          2.89461315	         -0.01146288	          0.00711499	
          2.71000000	          0.00000000	         -0.00000054	         -0.00000008	         -0.00000018	          0.00000078	          0.00000056	         12.09813452	        -21.76976602	          3.71272607	        -13.61847635	       -117.75902485	         -8.79148138	         -2.12451203	          7.88416534	          2.28083566	        -31.24220396	         -1.02384223	          2.84453510	         -0.47932185	          3.37670228	         19.52490390	          7.00400421	          9.16431255	         -3.35173852	         -2.11777015	         -0.13015405	          3.99456354	          4.56770758	          0.48938429	          0.33182750	          3.14982800	         -0.01646958	          0.00358987	
          2.72000000	          0.00000058	         -0.00000162	         -0.00000023	          0.00000049	          0.00000010	          0.00000135	          7.15969019	        -20.56338461	          4.10372744	        -10.10118006	       -116.38384016	        -11.15114219	          1.04013371	          6.05864082	          2.04616733	        -34.00969098	         -0.91966395	          2.77798541	         -0.34906697	          3.66262474	         21.15295381	          4.41495367	          9.05084172	         -3.06367741	         -2.13740790	         -0.15770140	          4.26734765	          4.44292649	          0.38999030	          0.49339716	          3.25477513	         -0.01915354	         -0.00234903	
          2.73000000	          0.00000067	         -0.00000120	         -0.00000025	          0.00000074	          0.00000035	          0.00000089	          2.15685793	        -18.35262463	          4.27249026	         -6.26908188	       -113.19447745	        -11.35239551	          4.33020275	          4.07867052	          1.84255959	        -36.21132295	         -0.77235672	          3.93785491	         -0.22743375	          3.93036297	         22.61790443	          2.34929481	          7.28004085	         -2.28466014	         -2.13913666	         -0.21187930	          4.24683648	          3.96712796	          0.23807809	          0.78716401	          3.21023510	         -0.02296792	         -0.01089735	
          2.74000000	          0.00000057	         -0.00000097	         -0.00000020	          0.00000064	          0.00000043	          0.00000059	         -3.14833527	        -18.28192043	          4.93347881	         -0.02564168	       -112.97209583	         -9.77834608	          7.05243452	          0.46709163	          1.70193548	        -35.98001992	         -0.70962783	          4.89520651	         -0.14223023	          4.00136793	         22.16823014	          2.70892418	          4.86293048	         -1.29897528	         -2.21927885	         -0.30929063	          3.75347247	          3.35113498	          0.15591869	          1.09324990	          2.99393738	         -0.02788766	         -0.01524364	
          2.75000000	          0.00000092	         -0.00000052	         -0.00000026	          0.00000118	          0.00000051	          0.00000033	         -6.05488076	        -16.11023574	          4.83741649	          4.38741044	       -107.95743646	         -6.65843160	          8.60111875	         -3.20714667	          1.61481934	        -33.16361418	         -0.61310917	          6.45022112	         -0.09852956	          3.82754457	         21.08993589	          2.60789063	          1.97267504	         -0.23709809	         -2.19794265	         -0.38256539	          3.17479463	          2.62957340	          0.05947343	          1.39057660	          2.70731234	         -0.03161323	         -0.01995876	
          2.76000000	         -0.00000010	          0.00000030	          0.00000006	         -0.00000014	          0.00000146	         -0.00000038	         -7.35076197	        -16.27281154	          5.01623636	          8.22135949	       -106.03783710	         -2.94382991	          8.77732253	         -7.22507268	          1.56426105	        -27.25064268	         -0.60493956	          6.99693299	         -0.08599993	          3.33500662	         18.91939698	          4.39423710	         -0.17860766	          0.60258913	         -2.26316958	         -0.48700481	          2.45387720	          2.07792710	          0.05694119	          1.56325154	          2.38558859	         -0.03583206	         -0.01957599	
          2.77000000	         -0.00000029	          0.00000092	          0.00000010	         -0.00000033	          0.00000166	         -0.00000080	         -9.23376976	        -16.56965272	          5.19917614	         13.19948895	       -104.09078276	          0.42736267	          9.04760867	        -12.77739305	          1.47616932	        -19.08863191	         -0.60279842	          6.65171197	         -0.08143929	          2.60345169	         16.27667622	          6.23885943	         -1.93326408	          1.25103095	         -2.25384194	         -0.54546505	          1.53632399	          1.66232567	          0.16067408	          1.66708382	          2.01106978	         -0.03773727	         -0.01312177	
          2.78000000	         -0.00000004	          0.00000124	          0.00000005	         -0.00000007	          0.00000152	         -0.00000108	        -10.05270657	        -13.66068265	          4.61195119	         16.30521599	        -98.45673090	          3.99435394	          9.42633264	        -17.87776358	          1.34702405	        -10.64032994	         -0.51872836	          6.90706841	         -0.07519224	          1.81431912	         14.54815856	          7.01447648	         -3.45543852	          1.75234544	         -2.26373597	         -0.59872435	          0.65348328	          1.41094752	          0.31206684	          1.72967524	          1.67835119	         -0.03989289	         -0.00434767	
          2.79000000	          0.00000014	          0.00000076	          0.00000003	         -0.00000005	          0.00000148	         -0.00000064	         -7.55335732	         -9.79060092	          3.70674597	         12.39237557	        -92.07681314	          7.90924388	          8.92806834	        -18.36101551	          1.24830283	         -4.25945072	         -0.40736022	          8.37938440	         -0.06836696	          1.16338966	         16.47224129	          5.67577936	         -5.21207643	          2.19094302	         -1.97612921	         -0.54465467	          0.67192687	          1.09188450	          0.18817042	          1.88107267	          1.56309274	         -0.03945787	         -0.01114047	
          2.80000000	          0.00000005	          0.00000058	          0.00000000	         -0.00000021	          0.00000164	         -0.00000051	         -4.51521123	         -5.67754012	          2.75409671	          7.04512931	        -87.34169771	         10.40261533	          8.42250884	        -17.82119942	          1.15991547	          0.56477781	         -0.28972516	          9.54912161	         -0.06113212	          0.66720477	         19.45955623	          3.91933232	         -5.72699264	          2.26700484	         -1.78575347	         -0.48493311	          1.06531463	          1.06979806	          0.06161713	          1.95905174	          1.62522340	         -0.03904851	         -0.01846457	
          2.81000000	         -0.00000014	          0.00000056	         -0.00000003	         -0.00000039	          0.00000196	         -0.00000056	          0.16159641	         -2.08321829	          1.75459238	         -1.20004452	        -84.20554109	         11.25724248	          7.34822850	        -15.23513912	          1.10335055	          3.63270676	         -0.17238089	         10.32015579	         -0.05382517	          0.33710118	         23.65622802	          1.39381448	         -4.90910817	          2.07062430	         -1.69398747	         -0.43958575	          2.10636672	          1.31178678	         -0.15424465	          1.99642199	          1.92589703	         -0.04033265	         -0.03056651	
          2.82000000	         -0.00000038	          0.00000018	          0.00000002	         -0.00000068	          0.00000220	         -0.00000032	          4.94057783	         -1.12035960	          1.13117429	         -9.12406887	        -86.39246362	         11.25327305	          5.92338723	        -11.99729922	          1.08442515	          5.31801984	         -0.11050784	         10.25463456	         -0.04685979	          0.16000862	         27.48127328	          0.56257857	         -3.44477222	          1.92137854	         -1.89674466	         -0.50862853	          3.21815492	          1.66071456	         -0.35503993	          2.03419503	          2.29331918	         -0.04673132	         -0.04189109	
          2.83000000	         -0.00000095	          0.00000124	          0.00000002	         -0.00000122	          0.00000272	         -0.00000155	         10.23131427	         -1.18726251	          0.61904379	        -17.39212537	        -89.85455148	         10.71614123	          4.14760612	         -7.88382632	          1.08959233	          5.67000164	         -0.06786575	         10.02493246	         -0.04065046	          0.11052740	         31.00183803	         -0.09019056	         -1.71309703	          1.81413263	         -2.20851556	         -0.62424230	          4.43356315	          2.01517187	         -0.57799771	          2.07682563	          2.70749834	         -0.05522978	         -0.05394141	
          2.84000000	         -0.00000168	          0.00000253	         -0.00000002	         -0.00000178	          0.00000320	         -0.00000275	         14.62302921	         -2.82263421	          0.35633630	        -23.00045164	        -94.87992105	          9.99151390	          2.44576117	         -4.79746412	          1.11177400	          5.50011092	         -0.05979716	          9.43725668	         -0.03587785	          0.09136465	         32.77305516	         -0.09642125	         -0.29767182	          1.79713128	         -2.59582577	         -0.76034970	          5.41629549	          2.20802406	         -0.77511857	          2.11083275	          3.05037490	         -0.06292821	         -0.06404653	
          2.85000000	         -0.00000207	          0.00000188	          0.00000008	         -0.00000198	          0.00000292	         -0.00000204	         17.91892290	         -6.02461362	          0.31004846	        -26.62513695	       -101.66087395	          9.04122681	          0.91457661	         -2.33180279	          1.13199681	          5.02675014	         -0.09501249	          8.46656933	         -0.03084070	          0.07467455	         33.53041343	          0.84883389	          0.84561831	          1.86417124	         -3.04577119	         -0.91780498	          6.15136486	          2.33545789	         -0.92616717	          2.13685834	          3.31899157	         -0.07080492	         -0.07162973	
          2.86000000	         -0.00000201	          0.00000059	          0.00000015	         -0.00000171	          0.00000172	         -0.00000074	         19.68132880	        -10.13717903	          0.40339291	        -26.83248001	       -108.94481601	          8.12950368	         -0.22632013	         -1.63710561	          1.15495423	          4.54316636	         -0.15973583	          7.23657699	         -0.02728828	          0.05774397	         32.44846175	          2.29593169	          1.40938953	          1.94982371	         -3.54428781	         -1.06911075	          6.45317040	          2.33607945	         -0.99474337	          2.11495837	          3.46796676	         -0.07629575	         -0.07494992	
          2.87000000	         -0.00000149	         -0.00000102	         -0.00000002	         -0.00000106	          0.00000066	          0.00000088	         20.00292432	        -13.58516653	          0.47578265	        -24.69822531	       -114.46885503	          7.30609791	         -0.79459872	         -2.24462451	          1.15378727	          3.97170022	         -0.22047770	          6.20640880	         -0.02412295	          0.04645942	         30.45832478	          3.43276043	          1.52725638	          2.03224636	         -3.95719692	         -1.17744026	          6.46593948	          2.27693697	         -1.00354429	          2.08166739	          3.52892661	         -0.07923155	         -0.07521341	
          2.88000000	         -0.00000110	         -0.00000158	         -0.00000028	         -0.00000051	         -0.00000106	          0.00000108	         19.11631874	        -16.23619839	          0.51422131	        -20.42700375	       -118.13725700	          6.71912755	         -0.85817412	         -4.04981012	          1.13288088	          3.34720976	         -0.27186952	          5.42909453	         -0.02173263	          0.03888683	         27.52838455	          4.22569459	          1.16356114	          2.09212153	         -4.28473463	         -1.23998330	          6.12213386	          2.15099395	         -0.93329944	          2.03047392	          3.48842069	         -0.07927488	         -0.07134394	
          2.89000000	         -0.00000106	         -0.00000061	         -0.00000045	         -0.00000037	         -0.00000107	          0.00000013	         16.71124651	        -16.93916926	          0.47390842	        -13.65088173	       -118.45592760	          6.51871553	         -0.25175784	         -7.34340157	          1.08475551	          2.77257861	         -0.29157875	          5.13423960	         -0.02048943	          0.03577867	         23.63408816	          4.45268921	          0.36875177	          2.08850184	         -4.40460598	         -1.21881390	          5.43510877	          1.99640966	         -0.78337145	          1.98519408	          3.34164430	         -0.07543716	         -0.06354741	
          2.90000000	         -0.00000090	          0.00000054	         -0.00000050	         -0.00000031	         -0.00000025	         -0.00000083	         14.07750361	        -16.10513544	          0.35859434	         -6.61215917	       -115.71091737	          6.69515522	          0.55192556	        -10.74619481	          1.02251426	          2.18248181	         -0.28102309	          5.31569431	         -0.01986875	          0.03903319	         19.54723573	          3.89964806	         -0.65255947	          2.03764651	         -4.37607446	         -1.14434658	          4.64312309	          1.81819338	         -0.61463674	          1.93655752	          3.15333920	         -0.06909126	         -0.05473242	
          2.91000000	         -0.00000029	          0.00000065	         -0.00000044	          0.00000008	          0.00000097	         -0.00000066	         11.30374163	        -14.41346610	          0.22830329	          0.49285319	       -111.41674515	          7.20282664	          1.34361951	        -14.01737204	          0.96458491	          1.80929518	         -0.26134274	          5.71935878	         -0.02047433	          0.04666047	         15.33265851	          3.50180349	         -1.78169530	          1.97813601	         -4.26315314	         -1.05400151	          3.77543980	          1.73000569	         -0.42077463	          1.89620813	          2.94337728	         -0.06301636	         -0.04527718	
          2.92000000	          0.00000034	          0.00000074	         -0.00000036	          0.00000066	          0.00000150	         -0.00000054	          8.30958053	        -12.94894278	          0.12948099	          7.52359011	       -107.11483685	          7.96747672	          2.15190351	        -17.07763536	          0.90702954	          1.94274315	         -0.24920490	          6.02467161	         -0.02117248	          0.05321069	         11.21940170	          3.61604610	         -3.18676976	          2.08748574	         -4.15011892	         -0.99344127	          2.79062482	          1.64978154	         -0.19748201	          1.89364779	          2.69373303	         -0.05926403	         -0.03419912	
          2.93000000	          0.00000121	          0.00000035	         -0.00000029	          0.00000159	          0.00000182	          0.00000008	          5.86742640	        -10.79818156	          0.00874213	         13.37718231	       -101.58005048	          9.08508501	          2.75047605	        -19.50907682	          0.85972907	          2.58427919	         -0.22493416	          6.45940807	         -0.02267791	          0.05189063	          7.57473256	          3.65092418	         -4.56786348	          2.25562325	         -3.99428693	         -0.94000469	          1.92896914	          1.62043881	         -0.00141528	          1.90861585	          2.46839059	         -0.05678178	         -0.02463985	
          2.94000000	          0.00000212	          0.00000045	         -0.00000023	          0.00000266	          0.00000177	         -0.00000005	          4.70998578	         -8.43836598	         -0.12234790	         16.14281375	        -95.60799644	         10.31375625	          2.86891243	        -20.16051652	          0.83206660	          3.51377134	         -0.19692698	          7.03420289	         -0.02472860	          0.04207250	          5.53821122	          3.42908446	         -5.66451849	          2.55566983	         -3.78573912	         -0.90703077	          1.50836536	          1.66503666	          0.09665537	          1.96747520	          2.34684152	         -0.05663496	         -0.01962049	
          2.95000000	          0.00000261	          0.00000172	         -0.00000019	          0.00000322	          0.00000178	         -0.00000156	          4.10847402	         -5.65748432	         -0.25844527	         17.74460196	        -89.05538003	         11.63708929	          2.83192636	        -20.37361016	          0.81584982	          4.81275815	         -0.16026037	          7.71787361	         -0.02719326	          0.02235194	          4.15755099	          2.70127897	         -6.56548809	          2.87138048	         -3.51408102	         -0.86457899	          1.35178696	          1.73953203	          0.13454894	          2.04482625	          2.28822588	         -0.05646135	         -0.01746087	
          2.96000000	          0.00000250	          0.00000297	         -0.00000025	          0.00000300	          0.00000188	         -0.00000313	          5.46825762	         -3.02270664	         -0.40188715	         15.22597881	        -82.80960349	         12.55705856	          2.10465838	        -18.32335974	          0.82808422	          5.95774887	         -0.12698319	          8.47123720	         -0.02981390	          0.00230927	          4.81672150	          1.17801981	         -6.66294759	          3.13034690	         -3.19965489	         -0.82268170	          1.92476416	          1.96847624	          0.01805546	          2.12065802	          2.42674740	         -0.05695228	         -0.02275548	
          2.97000000	          0.00000182	          0.00000385	         -0.00000027	          0.00000201	          0.00000219	         -0.00000418	          7.31125928	         -0.56629158	         -0.53383658	         11.61641143	        -76.92912227	         12.88895512	          1.25047361	        -15.92635309	          0.85007386	          7.08754807	         -0.09724923	          9.07182470	         -0.03213885	         -0.01504472	          6.16498498	         -1.05420310	         -6.17512234	          3.22366590	         -2.87726163	         -0.76522013	          2.82965564	          2.30129694	         -0.15812361	          2.15921802	          2.66454518	         -0.05643176	         -0.03094182	
          2.98000000	          0.00000093	          0.00000344	         -0.00000029	          0.00000080	          0.00000187	         -0.00000392	         10.11496905	          1.34369298	         -0.65650881	          6.15099341	        -72.22936447	         12.66886919	          0.06043496	        -12.56408918	          0.89093536	          7.87293684	         -0.07959847	          9.56859348	         -0.03436870	         -0.02437902	          8.43602056	         -3.66766072	         -5.09396588	          3.18719455	         -2.60985884	         -0.71683068	          4.08618525	          2.74370151	         -0.40429743	          2.16551345	          3.00826346	         -0.05633700	         -0.04262086	
          2.99000000	         -0.00000004	          0.00000289	         -0.00000034	         -0.00000037	          0.00000134	         -0.00000334	         12.65198407	          2.80997202	         -0.73313701	          1.19174498	        -68.50076053	         12.24815829	         -0.96110975	         -9.54616112	          0.92368728	          8.35948996	         -0.06207997	         10.05661374	         -0.03548435	         -0.02567108	         10.61303684	         -6.55616286	         -4.03042557	          3.11375061	         -2.38129073	         -0.67217231	          5.17632842	          3.05387475	         -0.63184897	          2.16184217	          3.26920553	         -0.05620966	         -0.05291174	
          3.00000000	         -0.00000076	          0.00000149	         -0.00000029	         -0.00000109	          0.00000050	         -0.00000175	         14.58892568	          3.83585103	         -0.78065098	         -2.69982504	        -65.88318926	         11.68963774	         -1.74006520	         -7.12556165	          0.95076145	          8.58269239	         -0.04931363	         10.47600979	         -0.03615247	         -0.02257054	         12.47014594	         -9.20317833	         -3.08340683	          3.06640419	         -2.19777554	         -0.63969557	          6.09992114	          3.26356151	         -0.83764447	          2.16598037	          3.45878944	         -0.05661438	         -0.06185736	
          3.01000000	         -0.00000085	          0.00000033	         -0.00000019	         -0.00000116	          0.00000047	         -0.00000038	         16.06921958	          4.29914579	         -0.78307217	         -5.36141078	        -64.05099121	         11.12341463	         -2.33215251	         -5.48205916	          0.96965600	          8.61869393	         -0.03950071	         10.79190738	         -0.03616672	         -0.01708927	         13.62930826	        -11.77470073	         -2.37511099	          2.99758361	         -2.05203203	         -0.61052957	          6.53352349	          3.17728356	         -0.97537365	          2.15378688	          3.43221122	         -0.05678635	         -0.06702163	
          3.02000000	         -0.00000051	         -0.00000165	          0.00000007	         -0.00000091	          0.00000102	          0.00000179	         17.10838313	          4.47236162	         -0.76013331	         -7.09922634	        -62.82552874	         10.56647591	         -2.74795175	         -4.38729946	          0.98213483	          8.47020317	         -0.03059155	         10.99468408	         -0.03595800	         -0.01216437	         14.33564158	        -13.96220501	         -1.81635732	          2.91504923	         -1.93934848	         -0.58455149	          6.69424101	          2.92524279	         -1.07945732	          2.13226543	          3.28485997	         -0.05668334	         -0.07052884	
          3.03000000	         -0.00000039	         -0.00000352	          0.00000039	         -0.00000080	          0.00000166	          0.00000375	         17.39276939	          4.29463856	         -0.70329694	         -7.41520209	        -62.33523617	         10.08903173	         -2.86829487	         -4.06839936	          0.98190241	          8.21640465	         -0.02190929	         11.05890404	         -0.03529804	         -0.00888208	         14.42648790	        -15.58033455	         -1.55795528	          2.86526698	         -1.85517563	         -0.56315257	          6.53480607	          2.48380577	         -1.14019945	          2.11256863	          3.00074854	         -0.05635788	         -0.07194839	
          3.04000000	         -0.00000046	         -0.00000429	          0.00000061	         -0.00000052	          0.00000172	          0.00000447	         17.27969222	          4.06461389	         -0.61437991	         -7.05781782	        -62.33896159	          9.61700950	         -2.78769901	         -4.14900378	          0.97005426	          7.88822244	         -0.00669882	         10.90842278	         -0.03429902	         -0.00901436	         14.22292238	        -16.53398001	         -1.30645014	          2.70666686	         -1.81066204	         -0.53215095	          6.24449622	          1.98196255	         -1.18785773	          2.05498511	          2.67175748	         -0.05434986	         -0.07339395	
          3.05000000	         -0.00000043	         -0.00000503	          0.00000078	          0.00000033	          0.00000023	          0.00000497	         17.32505345	          2.95786339	         -0.50641606	         -6.97054247	        -63.79385454	          8.93531532	         -2.80965658	         -3.94776563	          0.96288394	          7.43498590	         -0.01021478	         10.46119879	         -0.03319959	         -0.00932384	         14.05847705	        -16.72270471	         -1.00955535	          2.55277193	         -1.86025649	         -0.52759807	          5.95892311	          1.52852129	         -1.23023207	          1.98155986	          2.36112506	         -0.05344608	         -0.07505794	
          3.06000000	         -0.00000004	         -0.00000451	          0.00000056	          0.00000150	         -0.00000187	          0.00000423	         17.58903037	          1.44712694	         -0.38024578	         -7.34023042	        -66.28106957	          8.11180408	         -2.89857585	         -3.41294535	          0.95544014	          6.90510233	         -0.01953067	          9.71061569	         -0.03186863	         -0.01162409	         14.07346768	        -16.15364507	         -0.55142555	          2.33933098	         -2.00909020	         -0.53881249	          5.78767661	          1.24696394	         -1.27485026	          1.87548296	          2.14873228	         -0.05253202	         -0.07770968	
          3.07000000	          0.00000073	         -0.00000472	          0.00000032	          0.00000190	         -0.00000222	          0.00000454	         18.10188088	         -0.36565749	         -0.25801790	         -8.01269690	        -69.31550675	          7.17280267	         -3.10580346	         -2.69785113	          0.95369690	          6.30212056	         -0.03668104	          8.79443130	         -0.03057743	         -0.01405891	         14.14386182	        -15.28229048	         -0.01355255	          2.16617993	         -2.22046886	         -0.57027025	          5.74477934	          1.09693354	         -1.32438324	          1.77115361	          2.02390447	         -0.05262438	         -0.08090376	
          3.08000000	          0.00000128	         -0.00000490	          0.00000028	          0.00000124	         -0.00000094	          0.00000489	         18.77622415	         -2.18766742	         -0.14187901	         -8.86246809	        -72.46337068	          6.18271054	         -3.37700033	         -1.92760435	          0.95591214	          5.62089269	         -0.05437868	          7.80322844	         -0.02939561	         -0.01649956	         14.25352270	        -14.29716986	          0.59889574	          2.01971432	         -2.47346520	         -0.61376103	          5.82315783	          1.06869807	         -1.37846207	          1.66887378	          1.98254285	         -0.05327936	         -0.08460602	
          3.09000000	          0.00000155	         -0.00000398	          0.00000039	          0.00000061	          0.00000010	          0.00000395	         19.58836674	         -4.05306154	         -0.05756486	         -9.29556631	        -75.50631176	          5.19895767	         -3.76227284	         -1.44609121	          0.96713563	          4.86739410	         -0.07814548	          6.82738116	         -0.02843527	         -0.01809435	         13.91043874	        -13.46362820	          1.12156943	          1.95569903	         -2.72440749	         -0.66148103	          5.97127815	          1.12471018	         -1.41929022	          1.59271108	          2.02641476	         -0.05435371	         -0.08745843	
          3.10000000	          0.00000170	         -0.00000290	          0.00000052	          0.00000068	          0.00000041	          0.00000262	         20.18552363	         -5.78728769	          0.01000751	         -9.08614067	        -78.31124761	          4.27839208	         -4.08651324	         -1.38441353	          0.97779411	          4.01817526	         -0.10040370	          5.91318864	         -0.02738233	         -0.01867133	         13.21485923	        -12.72541571	          1.51501536	          1.91767767	         -2.95979191	         -0.70395047	          6.08276014	          1.17760592	         -1.44107534	          1.52617092	          2.08286457	         -0.05519040	         -0.08934408	
          3.11000000	          0.00000190	         -0.00000246	          0.00000061	          0.00000118	          0.00000121	          0.00000201	         20.49723544	         -7.62178204	          0.03133545	         -7.51210974	        -81.02991109	          3.48492883	         -4.39399145	         -2.11290143	          0.99069945	          3.08944147	         -0.13160635	          5.09823706	         -0.02605294	         -0.01746916	         11.56648182	        -12.08454374	          1.59223295	          1.86287945	         -3.14671053	         -0.72328613	          6.06692929	          1.20761192	         -1.41556836	          1.45815898	          2.15847333	         -0.05453339	         -0.08860736	
          3.12000000	          0.00000201	         -0.00000270	          0.00000070	          0.00000165	          0.00000228	          0.00000239	         20.24402979	         -9.37284666	          0.02298427	         -4.62708944	        -83.58999311	          2.82244171	         -4.52417635	         -3.61198529	          0.99983430	          2.06844922	         -0.16367788	          4.37317695	         -0.02437935	         -0.01378825	          9.25816247	        -11.37946220	          1.40855730	          1.75328404	         -3.31098292	         -0.72365299	          5.88863714	          1.22007560	         -1.34001662	          1.37026417	          2.22413813	         -0.05243350	         -0.08535715	
          3.13000000	          0.00000193	         -0.00000323	          0.00000046	          0.00000185	          0.00000279	          0.00000344	         19.45587709	        -11.01873258	         -0.01609747	         -0.53580544	        -85.92430805	          2.28784603	         -4.49091264	         -5.80735726	          1.00894420	          0.94450208	         -0.19635588	          3.73092550	         -0.02244356	         -0.00572722	          6.33905922	        -10.62299932	          0.97818920	          1.58944867	         -3.44592371	         -0.70429733	          5.54613086	          1.21314312	         -1.21565437	          1.26338434	          2.27600101	         -0.04882837	         -0.07949446	
          3.14000000	          0.00000065	         -0.00000383	         -0.00000011	          0.00000050	          0.00000257	          0.00000466	         17.85733379	        -12.35645268	         -0.09841175	          4.91338355	        -88.01988650	          1.89283605	         -4.15892870	         -8.84576134	          1.01669082	         -0.22563143	         -0.22409182	          3.16771496	         -0.02033568	          0.00943262	          2.94174869	         -9.51370233	          0.37223558	          1.34916010	         -3.56996668	         -0.67127806	          5.02782167	          1.28796627	         -1.03092527	          1.12429174	          2.32728517	         -0.04417224	         -0.07089844	
          3.15000000	         -0.00000274	         -0.00000406	         -0.00000051	         -0.00000285	          0.00000161	          0.00000527	         16.03302113	        -13.15386730	         -0.21318058	         10.53363337	        -89.50559329	          1.56086178	         -3.71035706	        -12.06578195	          1.03282539	         -1.50564291	         -0.24002882	          2.69090986	         -0.01821285	          0.03594205	         -0.42528980	         -8.34340082	         -0.14597215	          1.04894631	         -3.66349857	         -0.62634725	          4.49169361	          1.40408126	         -0.83731842	          0.96946040	          2.37806842	         -0.03876564	         -0.06175479	
          3.16000000	         -0.00000586	         -0.00000289	         -0.00000005	         -0.00000563	         -0.00000016	          0.00000363	         13.88870169	        -13.08229391	         -0.37370281	         16.03783137	        -90.48102033	          1.30187603	         -3.04353170	        -15.32716534	          1.05638842	         -2.86201674	         -0.23496436	          2.32049074	         -0.01649209	          0.07706202	         -3.38707126	         -6.67678169	         -0.40269245	          0.70181686	         -3.72577810	         -0.57746111	          4.03484812	          1.65207626	         -0.65588484	          0.80601569	          2.45061751	         -0.03353234	         -0.05369701	
          3.17000000	         -0.00000580	          0.00000039	          0.00000119	         -0.00000466	         -0.00000282	         -0.00000160	         11.91922090	        -11.90276038	         -0.57614429	         20.33858360	        -90.77878782	          1.06293728	         -2.28482976	        -17.97846698	          1.08545396	         -4.34598633	         -0.20146928	          2.09432315	         -0.01573086	          0.13316157	         -5.43836304	         -4.62651894	         -0.17606031	          0.33961605	         -3.77095975	         -0.53595645	          3.78254783	          1.97248821	         -0.52364864	          0.65154683	          2.54221603	         -0.02943031	         -0.04810069	
          3.18000000	         -0.00000252	          0.00000115	          0.00000172	         -0.00000019	         -0.00000638	         -0.00000490	          9.90442330	        -10.00408703	         -0.79954294	         23.81073130	        -90.76189538	          0.91706312	         -1.32695507	        -20.18208156	          1.08920817	         -5.87524414	         -0.14430546	          2.00803876	         -0.01564363	          0.19936769	         -6.68468156	         -2.24278173	          0.28249492	          0.02760234	         -3.77102055	         -0.49833901	          3.71409144	          2.32626156	         -0.44450333	          0.52860469	          2.64628411	         -0.02633853	         -0.04535355	
          3.19000000	          0.00000306	         -0.00000017	          0.00000006	          0.00000289	          0.00000109	          0.00000026	          7.81962508	         -6.81980558	         -0.97402741	         24.98819999	        -89.89504112	          0.64796458	          0.05228451	        -21.06163653	          1.03305392	         -7.64617232	         -0.05182551	          2.14022882	         -0.01727454	          0.28012069	         -5.83161871	          0.30756560	          1.37897342	         -0.16104343	         -3.74347723	         -0.48988754	          4.06565926	          2.65767036	         -0.48346718	          0.47444535	          2.75814592	         -0.02684875	         -0.04842510	
          3.20000000	         -0.00000019	         -0.00000232	          0.00000016	          0.00000057	         -0.00000478	          0.00000062	          5.18570367	         -3.94867150	         -1.18985901	         25.92980621	        -89.58635993	          0.42414113	          1.82540614	        -21.57512152	          0.92982119	         -9.67024727	          0.04135117	          2.37266566	         -0.01996611	          0.39708795	         -4.18550249	          2.81218304	          2.09051092	         -0.11988299	         -3.57253298	         -0.47069479	          4.55566140	          2.84603820	         -0.59366512	          0.52698640	          2.84561746	         -0.02774552	         -0.05539987	
          3.21000000	          0.00001288	          0.00000594	         -0.00000114	          0.00001423	         -0.00001069	         -0.00000773	          4.25921096	         -0.96581808	         -1.59803202	         22.94196337	        -88.55935471	         -0.05631262	          3.29723524	        -19.70641482	          0.79103771	        -12.63986269	          0.13507165	          3.01415978	         -0.02709818	          0.59227330	         -0.79879728	          4.07137078	          3.21967683	         -0.24748044	         -3.12608019	         -0.37479816	          5.16513869	          2.86298477	         -0.74012766	          0.59762066	          2.87322963	         -0.02399947	         -0.06270205	
          3.22000000	         -0.00001324	          0.00001542	          0.00000219	         -0.00001373	         -0.00000148	         -0.00001488	          0.82283805	          4.86248854	         -2.28669966	         21.82944228	        -84.51479460	         -0.34312293	          6.42764571	        -18.78076219	          0.50666541	        -16.37772993	          0.29948641	          4.33974999	         -0.03517746	          0.89590559	          3.22965637	          5.18399672	          4.25823527	         -0.10627298	         -2.97824327	         -0.38513724	          5.81517186	          2.89736214	         -0.88970019	          0.71564098	          2.93165196	         -0.02787679	         -0.07027190	
          3.23000000	          0.00001034	         -0.00000382	         -0.00000426	          0.00000943	          0.00000167	          0.00000914	         -5.82798250	         11.23646335	         -2.95860550	         23.54123542	        -81.50287545	         -0.69043764	         11.13479072	        -18.63620599	          0.12027608	        -20.71540230	          0.49558206	          5.48718130	         -0.04241526	          1.29212769	          7.75397330	          8.08872695	          4.69187631	          0.73624401	         -3.25027568	         -0.57090651	          6.45116496	          2.91499107	         -1.05384777	          0.99288175	          2.99867217	         -0.04512897	         -0.07956098	
          3.24000000	         -0.00001755	          0.00003813	          0.00000949	         -0.00001860	          0.00000241	         -0.00003848	        -13.33768431	         16.64874468	         -3.53020997	         26.68243272	        -77.63917490	         -0.48520025	         16.13577783	        -18.65130971	         -0.33837639	        -26.11056475	          0.68379054	          7.27922897	         -0.05011336	          1.80353687	         11.72864511	          9.48191906	          3.91679761	          1.90160135	         -3.57755386	         -0.77974107	          6.93516507	          2.79731643	         -1.21180873	          1.34888675	          3.04901573	         -0.06408272	         -0.08886369	
          3.25000000	          0.00001306	         -0.00002499	         -0.00000734	          0.00001378	          0.00000107	          0.00002324	        -20.94898149	         21.04689910	         -3.95336890	         30.24747928	        -73.58546180	         -0.06710830	         21.00175353	        -18.30867631	         -0.85555391	        -32.53640966	          0.85245586	          9.39849084	         -0.05785271	          2.42481276	         15.27559234	         10.08079104	          2.53979607	          3.14650432	         -3.91532693	         -0.98564692	          7.23290965	          2.58756545	         -1.33890895	          1.71046140	          3.05885061	         -0.08292065	         -0.09648720	
          3.26000000	         -0.00000701	          0.00000330	          0.00000086	         -0.00000773	         -0.00000088	         -0.00000290	        -24.47080696	         21.27609741	         -3.78538516	         31.37631640	        -70.55703513	         -0.04926951	         22.68096260	        -16.18671677	         -0.92294133	        -39.92729234	          0.86624870	         11.31759054	         -0.06520777	          3.13619112	         17.09785436	          8.15162213	          1.27101049	          3.95194440	         -4.12630062	         -1.09757255	          7.35920448	          2.31430429	         -1.40893077	          1.93825250	          3.03733154	         -0.09351640	         -0.10004269	
          3.27000000	          0.00000429	          0.00000351	         -0.00000203	          0.00000633	         -0.00000217	         -0.00000562	        -23.88357087	         19.49690459	         -3.26067581	         30.39695123	        -66.94739493	         -0.33403598	         21.19043089	        -12.83436042	         -0.52867416	        -47.96209972	          0.74196245	         13.13559877	         -0.07091395	          3.92190132	         16.93052129	          4.59956026	          0.64155770	          4.31898024	         -4.31894884	         -1.15168846	          7.40101095	          2.09222281	         -1.42878863	          2.01516803	          3.00600287	         -0.09849538	         -0.10046142	
          3.28000000	          0.00000637	          0.00000206	         -0.00000076	          0.00000685	         -0.00000233	         -0.00000284	        -22.70988197	         17.80169010	         -2.83107914	         29.79643116	        -61.77095376	         -0.50911380	         18.92861717	         -9.71429675	         -0.22704510	        -56.10084362	          0.65819076	         14.98834196	         -0.07118586	          4.75831644	         15.74742384	          0.75409380	         -0.03349225	          4.53729150	         -4.46799872	         -1.17051054	          7.30525609	          1.84566658	         -1.41423951	          2.04331660	          2.95067754	         -0.10004437	         -0.09885933	
          3.29000000	         -0.00000145	         -0.00000481	         -0.00000092	         -0.00000020	         -0.00000430	          0.00000362	        -20.93811740	         15.92468732	         -2.58721191	         30.24435152	        -57.71149932	         -0.50269906	         16.04175273	         -6.97347662	         -0.06426008	        -63.72497972	          0.58187113	         16.25248229	         -0.05891972	          5.59942754	         12.98559177	         -1.29489776	         -0.92870901	          4.72956953	         -4.62428612	         -1.17250626	          6.92929221	          1.67240021	         -1.32474164	          2.04474734	          2.87088847	         -0.09909763	         -0.09354721	
          3.30000000	          0.00000443	         -0.00000571	         -0.00000231	          0.00000596	         -0.00000629	          0.00000466	        -16.70969202	         14.75151451	         -2.62970049	         28.47140422	        -52.02984577	         -0.73788862	         12.04101358	         -3.55484088	          0.12696863	        -70.60071473	          0.52546840	         17.23633412	         -0.01750610	          6.42500025	          9.69896724	         -3.70194335	         -1.01935420	          4.45533242	         -4.66855478	         -1.10935677	          6.48320212	          1.55613934	         -1.19198306	          1.90805508	          2.76678084	         -0.09202271	         -0.08481296	
          3.31000000	          0.00000258	         -0.00000517	         -0.00000149	          0.00000471	         -0.00001068	          0.00000346	        -10.90525916	         13.76633449	         -2.97217543	         25.08221105	        -48.36991808	         -1.07181777	          7.41617745	          0.70402655	          0.27232725	        -76.56153797	          0.53477539	         17.45478866	          0.06759369	          7.22366795	          6.35492523	         -3.92404988	         -0.83221401	          4.06468618	         -4.65428856	         -1.02451817	          5.91200209	          1.57645926	         -1.01238682	          1.73910222	          2.66516465	         -0.08258853	         -0.07366422	
          3.32000000	          0.00000845	         -0.00000454	         -0.00000311	          0.00001093	         -0.00000824	          0.00000307	         -4.91043910	         13.40430681	         -3.44117461	         20.51730574	        -45.52817721	         -1.32575142	          2.97216902	          5.39964157	          0.30134118	        -81.74111744	          0.63534580	         17.31997348	          0.17174644	          8.01447583	          3.88155362	         -2.86313661	         -0.52943699	          3.65591627	         -4.55796647	         -0.92806457	          5.29812434	          1.65032619	         -0.82287638	          1.58095382	          2.55896296	         -0.07240238	         -0.06209644	
          3.33000000	          0.00000987	         -0.00000287	         -0.00000281	          0.00001047	         -0.00000128	          0.00000296	          0.47038231	         14.46109078	         -3.96339010	         16.31841437	        -42.95459919	         -1.50912266	         -0.79400372	          9.55836186	          0.34313123	        -86.29823603	          0.91463494	         16.87647442	          0.25660965	          8.82311045	          1.78704328	         -0.87504889	          0.00464014	          3.13442771	         -4.35234769	         -0.80413828	          4.77784248	          1.77770714	         -0.65072394	          1.40889947	          2.47572383	         -0.05991546	         -0.05171728	
          3.34000000	         -0.00000192	          0.00000004	          0.00000019	         -0.00000176	          0.00000014	         -0.00000015	          5.21703653	         16.74316873	         -4.49286010	         10.82399613	        -40.12012451	         -2.10062586	         -3.65988112	         14.02223440	          0.41295343	        -90.56442371	          1.32906308	         16.31752442	          0.31581643	          9.67536646	          1.39665814	          1.28059012	          1.25067638	          2.24616068	         -3.97072768	         -0.63125231	          4.36593240	          1.97355583	         -0.49167376	          1.16164845	          2.41337944	         -0.04381882	         -0.04201238	
          3.35000000	         -0.00000101	          0.00000108	          0.00000052	         -0.00000126	         -0.00000000	         -0.00000110	          8.69286935	         17.62073150	         -4.90430836	          6.90927374	        -41.67789174	         -3.20278657	         -5.82865264	         17.44122946	          0.52695001	        -94.45913245	          1.73936466	         14.80104399	          0.35826460	         10.58325837	          1.11931068	          5.06190457	          2.32354372	          1.59188442	         -3.73108307	         -0.51561480	          4.08143756	          2.24271329	         -0.36322837	          0.97244357	          2.41154872	         -0.03272234	         -0.03505059	
          3.36000000	         -0.00000388	          0.00000069	          0.00000090	         -0.00000391	         -0.00000011	         -0.00000086	         11.10893591	         18.80777329	         -5.11361884	          4.36515523	        -40.03528612	         -3.56692987	         -7.30593974	         18.48061224	          0.70111631	        -98.28110470	          1.99433209	         14.81742348	          0.38341365	         11.60414253	          1.00049656	          5.02993836	          3.25148197	          0.82883082	         -3.32168200	         -0.36748726	          3.97459223	          2.52445655	         -0.27252260	          0.79502230	          2.45316713	         -0.02068516	         -0.03017214	
          3.37000000	         -0.00000167	          0.00000146	          0.00000026	         -0.00000167	          0.00000005	         -0.00000143	         12.23639528	         19.92901007	         -5.32440301	          3.66670568	        -37.37977238	         -3.49530708	         -7.98574601	         17.82427291	          0.83296439	       -102.30810264	          2.23568316	         15.85963055	          0.39785076	         12.72972689	          0.49234638	          3.65275889	          3.64170408	          0.25522452	         -2.94612072	         -0.25275348	          3.84374276	          2.78513168	         -0.18882072	          0.67468196	          2.49706484	         -0.01253861	         -0.02569602	
          3.38000000	         -0.00000044	          0.00000197	         -0.00000008	         -0.00000025	         -0.00000084	         -0.00000213	         12.21280118	         20.58561042	         -5.40548279	          4.45743442	        -33.23242628	         -3.06639671	         -8.13223169	         15.48994887	          0.98581203	       -106.41714971	          2.37032086	         18.12626764	          0.39789462	         13.93673744	         -0.21122241	          0.28688576	          3.62133547	         -0.20777989	         -2.54375229	         -0.15033779	          3.76118701	          3.01859462	         -0.12772240	          0.59868178	          2.54902732	         -0.00655513	         -0.02251047	
          3.39000000	         -0.00000065	          0.00000070	          0.00000004	         -0.00000071	         -0.00000049	         -0.00000066	         11.16333170	         19.48184614	         -5.31400900	          6.72596852	        -30.30595651	         -2.46318149	         -7.84165601	         11.47400313	          1.12764864	       -110.12185927	          2.36427312	         21.04574772	          0.38512005	         15.18321566	         -1.15099083	         -3.66154577	          3.08952064	         -0.27625500	         -2.37731103	         -0.13621803	          3.72148920	          3.26975919	         -0.08815049	          0.60361063	          2.61399680	         -0.00866918	         -0.02088496	
          3.40000000	         -0.00000015	          0.00000018	          0.00000008	         -0.00000051	          0.00000015	          0.00000029	          9.11462661	         18.09084226	         -5.01355565	         10.06800323	        -26.13320941	         -1.81373651	         -7.14266690	          6.06555185	          1.25065545	       -112.65487302	          2.24571730	         24.42997681	          0.36249512	         16.37237633	         -2.29347469	         -8.39130296	          2.54001975	         -0.38427649	         -2.18094972	         -0.11221914	          3.63200268	          3.47178273	         -0.04458040	          0.59329065	          2.64033496	         -0.00969471	         -0.01850146	
          3.41000000	         -0.00000025	         -0.00000082	          0.00000014	         -0.00000058	         -0.00000007	          0.00000125	          7.28905522	         18.09802176	         -4.78727953	         12.07771645	        -17.97561638	         -0.72259964	         -6.17403020	          0.29871319	          1.30023851	       -114.24022120	          2.20828953	         29.41237395	          0.34050644	         17.45522042	         -2.54702423	        -14.42993812	          2.10530029	         -0.28102969	         -2.12673238	         -0.14070860	          3.75116304	          3.68912279	         -0.05572637	          0.62254521	          2.69439918	         -0.01543171	         -0.01962622	
          3.42000000	          0.00000011	         -0.00000145	          0.00000016	         -0.00000000	          0.00000003	          0.00000198	          5.11892186	         19.36629728	         -4.71630933	         14.95996491	        -10.04974901	          0.03960107	         -4.88645648	         -6.29193549	          1.28587889	       -114.05365498	          2.34171844	         33.54830139	          0.32434994	         18.37828414	         -3.35763537	        -18.45979679	          1.90690609	         -0.22217536	         -2.08006980	         -0.15895765	          3.79799647	          3.77993611	         -0.06506463	          0.62522445	          2.68545694	         -0.01899807	         -0.02021759	
          3.43000000	          0.00000103	         -0.00000109	          0.00000018	          0.00000108	          0.00000060	          0.00000158	          2.39294765	         20.47142201	         -4.69139771	         18.13107582	         -3.76467735	          0.40249421	         -3.25784542	        -12.92945453	          1.13265269	       -111.57914743	          2.54370119	         36.27536577	          0.31595416	         19.05277877	         -4.11778911	        -20.07561581	          1.72313892	         -0.02302880	         -2.14098203	         -0.20851084	          3.72881163	          3.79171018	         -0.06685218	          0.64065988	          2.62393835	         -0.02445690	         -0.02037930	
          3.44000000	          0.00000082	          0.00000012	          0.00000014	          0.00000098	          0.00000090	          0.00000025	         -0.04146926	         20.95411533	         -4.59175527	         19.90771043	         -0.24600236	          0.44047927	         -1.77591988	        -18.19682825	          0.90282339	       -106.72039196	          2.77691237	         36.99573139	          0.31575815	         19.42679156	         -3.99466568	        -18.71993175	          1.61611111	          0.37107079	         -2.19193752	         -0.26537047	          3.76418848	          3.60034351	         -0.12702202	          0.71092850	          2.51837042	         -0.02986823	         -0.02429819	
          3.45000000	          0.00000021	          0.00000162	         -0.00000005	          0.00000039	          0.00000061	         -0.00000148	         -2.84842690	         20.83388156	         -4.38819800	         21.83086201	          2.35280279	          0.33534218	         -0.40880058	        -22.74363776	          0.63436543	        -99.32553439	          3.04021946	         36.02298035	          0.32462647	         19.34946467	         -3.89167786	        -15.72551713	          1.34239871	          0.86119235	         -2.25183787	         -0.33167085	          3.56991317	          3.30887195	         -0.15203217	          0.79255531	          2.33578435	         -0.03569212	         -0.02570063	
          3.46000000	          0.00000007	          0.00000253	         -0.00000015	          0.00000030	          0.00000016	         -0.00000267	         -6.83632334	         21.75798070	         -4.17740335	         24.84513127	          5.83814579	          0.09512540	          1.57963598	        -27.09989244	          0.12883733	        -89.72814490	          3.41368437	         33.45067505	          0.34940119	         18.73970097	         -3.80403106	        -11.60180337	          1.02092916	          1.32274809	         -2.18494539	         -0.36436240	          3.34663906	          2.86129164	         -0.18720759	          0.87275061	          2.10530518	         -0.03810983	         -0.02730997	
          3.47000000	         -0.00000140	          0.00000217	         -0.00000012	         -0.00000115	         -0.00000034	         -0.00000277	        -11.12900756	         23.91776826	         -4.10132689	         28.91036486	         11.65656333	         -0.30150800	          3.74048701	        -31.45027509	         -0.63508406	        -78.54298997	          4.04846696	         30.02399051	          0.39676471	         17.49201032	         -4.42447909	         -7.56677746	          0.67737295	          1.63914398	         -1.97151394	         -0.35574715	          3.03081040	          2.32996622	         -0.20266714	          0.92226446	          1.84347571	         -0.03680550	         -0.02696446	
          3.48000000	          0.00000039	          0.00000214	         -0.00000026	          0.00000034	         -0.00000212	         -0.00000249	        -14.46493102	         26.26492339	         -3.95218706	         32.66287103	         16.69959637	         -0.75148782	          5.02052110	        -34.98816681	         -1.43994434	        -66.26060519	          4.93523357	         25.47673151	          0.46615539	         15.64628245	         -5.32752305	         -1.76958425	          0.51134202	          2.11224659	         -1.93538737	         -0.39937679	          2.81216272	          1.87789448	         -0.22262539	          0.99085136	          1.64474438	         -0.03990127	         -0.02735810	
          3.49000000	         -0.00000013	          0.00000178	         -0.00000000	          0.00000013	         -0.00000159	         -0.00000208	        -18.74551033	         32.16504920	         -4.00024174	         38.67061803	         28.63735787	         -3.08329429	          6.83559391	        -40.64288834	         -2.68226183	        -54.31824619	          6.35124578	         22.16039298	          0.57523234	         13.25249848	         -6.89598652	          0.91614365	          1.63208745	          1.96248667	         -1.81570232	         -0.37453577	          3.05267852	          1.68966405	         -0.25631712	          0.91068272	          1.62380677	         -0.03686512	         -0.02747051	
          3.50000000	          0.00000045	          0.00000202	          0.00000029	          0.00000083	         -0.00000158	         -0.00000210	        -25.19329564	         39.17964287	         -4.06513169	         46.14277751	         41.66732142	         -6.20066836	          9.54529725	        -45.12182739	         -4.52750367	        -41.47111512	          8.17534301	         18.80104953	          0.73592685	         10.53197574	         -7.83301149	          5.28681774	          2.32156710	          1.98528149	         -1.72904144	         -0.36897808	          3.19213952	          1.48364465	         -0.27645869	          0.89115367	          1.60505353	         -0.03566422	         -0.02702165	
          3.51000000	          0.00000069	         -0.00000029	          0.00000010	          0.00000090	         -0.00000146	         -0.00000027	        -36.46846989	         48.35269297	         -4.30546153	         57.76760919	         57.61952114	        -11.37027641	         14.82900278	        -50.27224424	         -7.49402632	        -28.03934743	         10.56363705	         15.58157921	          0.99789189	          7.56688653	         -8.08638435	         10.12445406	          3.05114163	          1.74958183	         -1.59793943	         -0.32487882	          3.36456766	          1.38553293	         -0.27347340	          0.82503583	          1.65175943	         -0.03087630	         -0.02469331	
          3.52000000	          0.00000163	         -0.00000006	          0.00000021	          0.00000156	         -0.00000075	          0.00000006	        -51.93011719	         50.54594896	         -3.97496455	         72.28342865	         70.77565616	        -16.89238171	         20.85366599	        -55.08775644	        -11.29773486	        -15.36278297	         12.46020137	         12.45285980	          1.37376170	          4.60380490	         -7.02291797	         11.99890227	          2.18397569	          1.67553323	         -0.79465125	         -0.15027029	          3.64283804	          0.86498913	         -0.36946480	          0.97179646	          1.62744946	         -0.01793817	         -0.02868498	
          3.53000000	          0.00000123	          0.00000012	         -0.00000006	          0.00000109	          0.00000047	          0.00000008	        -56.39641607	         41.69620449	         -3.45636252	         76.46176653	         76.01814518	        -18.92896644	         18.95829557	        -54.08260011	        -14.03974307	         -6.99941316	         13.68237803	         13.94788440	          1.77500059	          2.09992688	         -5.79406258	         13.64451768	          0.01510170	          2.59609652	         -0.94813090	         -0.23375995	          4.03252043	          0.94502036	         -0.42712008	          1.25083298	          1.83941834	         -0.02642356	         -0.03276760	
          3.54000000	          0.00000144	         -0.00000028	          0.00000014	          0.00000119	         -0.00000044	          0.00000044	        -48.74252421	         26.09370687	         -2.44936251	         68.29350343	         58.44122655	        -17.27691677	          9.74695278	        -44.46089949	        -15.81451086	         -0.63689875	         15.04124074	          6.93255605	          2.15868184	          0.79519323	         -4.24648862	         27.90453363	         -0.17425272	          3.45953679	         -1.62221493	         -0.42294976	          4.35918424	          1.18463281	         -0.43269858	          1.46373256	          2.11959220	         -0.04159832	         -0.03486082	
          3.55000000	          0.00000011	          0.00000343	          0.00000015	          0.00000017	         -0.00000035	         -0.00000334	        -35.17767892	          5.14596072	         -0.43112797	         54.79289797	         43.43436363	        -14.70330637	         -3.14511107	        -33.07830936	        -17.07151108	          2.11494877	         16.21467574	          3.19244490	          2.49332235	          0.07457670	         -3.16435834	         34.41469746	          0.89752706	          3.35400616	         -1.86686798	         -0.43322095	          5.15072982	          1.46385116	         -0.49791306	          1.47303721	          2.45261227	         -0.04188454	         -0.03938909	
          3.56000000	         -0.00000023	          0.00000735	          0.00000033	         -0.00000014	         -0.00000003	         -0.00000726	        -26.76119636	         -9.05801520	          1.08612446	         46.08790250	         32.85060112	        -12.24508822	        -11.29050928	        -25.75468736	        -18.96063165	          3.21096753	         17.54612621	          1.15371984	          2.76722041	         -0.26692580	         -1.61800939	         40.29920774	          1.29447317	          3.70375176	         -2.13403391	         -0.49402424	          5.83530981	          1.62861586	         -0.57879117	          1.61745960	          2.72020463	         -0.04781491	         -0.04571435	
          3.57000000	         -0.00000059	          0.00001036	          0.00000050	         -0.00000050	         -0.00000001	         -0.00001048	        -23.51451980	        -23.15395514	          3.09839148	         42.58197485	         21.78018195	         -8.80079907	        -15.50442844	        -22.83819888	        -21.11612736	          3.68753778	         18.53447049	          0.00395578	          2.96694268	         -0.44516042	         -0.20573507	         43.78238881	          0.96609338	          4.26764723	         -2.37721514	         -0.58290415	          6.34289423	          1.72909409	         -0.65882962	          1.80171301	          2.90738289	         -0.05660569	         -0.05239322	
          3.58000000	         -0.00000142	          0.00001165	          0.00000068	         -0.00000135	          0.00000040	         -0.00001176	        -25.43891409	        -28.56752138	          4.52258656	         44.14292202	         15.40631436	         -6.79674366	        -14.36559623	        -23.78842134	        -23.50186474	          4.17618074	         19.54732710	         -0.76199007	          3.09265698	         -0.63098142	          0.90511877	         46.66830904	          0.49861042	          4.73549483	         -2.46018173	         -0.64171248	          6.63003105	          1.69368111	         -0.72983785	          1.95784198	          2.97564370	         -0.06264056	         -0.05843135	
          3.59000000	         -0.00000219	          0.00001056	          0.00000076	         -0.00000217	          0.00000114	         -0.00001059	        -27.28018136	        -30.16236596	          5.66430813	         45.23718783	         10.74781326	         -5.06937461	        -11.50592994	        -24.78450650	        -25.44763346	          4.53962031	         20.35254999	         -1.29430354	          3.15169912	         -0.82243034	          1.68137541	         48.36141991	          0.16824594	          4.87345316	         -2.36708686	         -0.68568937	          6.47950503	          1.57663282	         -0.75315994	          2.01131548	          2.91096528	         -0.06684209	         -0.06109416	
          3.60000000	         -0.00000202	          0.00000722	          0.00000067	         -0.00000203	          0.00000137	         -0.00000709	        -26.18567385	        -28.39094368	          6.42455918	         43.23829520	          8.05027527	         -3.67951298	         -9.07447191	        -23.99944769	        -26.70980423	          4.47065849	         21.03277249	         -1.48040962	          3.16511542	         -0.91097280	          2.07731933	         49.36819409	          0.44528572	          4.68286379	         -2.26584857	         -0.71275942	          6.12644859	          1.54447534	         -0.72596881	          1.94161690	          2.80237967	         -0.06886735	         -0.05994639	
          3.61000000	         -0.00000231	          0.00000346	          0.00000042	         -0.00000229	          0.00000207	         -0.00000363	        -22.17890170	        -26.53995633	          6.92609778	         38.19083088	          6.70920257	         -2.39080452	         -8.04325772	        -21.17248161	        -27.33326194	          3.97622743	         21.42623543	         -1.30956036	          3.15727835	         -0.87702421	          2.21369082	         48.48598979	          0.91905246	          4.19311397	         -1.88856764	         -0.68356268	          5.57428424	          1.45108243	         -0.67622224	          1.82787750	          2.62057555	         -0.06658372	         -0.05684647	
          3.62000000	         -0.00000216	          0.00000181	          0.00000034	         -0.00000227	          0.00000297	         -0.00000149	        -16.74320094	        -24.96921794	          7.36827857	         31.98554110	          6.38497233	         -1.42979987	         -8.07610971	        -17.37528988	        -27.62875413	          3.28157338	         21.70826403	         -0.94146120	          3.15594074	         -0.75739418	          1.93110066	         46.63174825	          1.75627934	          3.44915179	         -1.46042468	         -0.59787257	          4.86048673	          1.44399404	         -0.56088952	          1.64850878	          2.41427689	         -0.05937781	         -0.04849521	
          3.63000000	         -0.00000121	         -0.00000178	          0.00000014	         -0.00000143	          0.00000369	          0.00000234	        -10.59725720	        -22.91987764	          7.69463193	         25.55529115	          7.22717246	         -0.85462137	         -8.77531634	        -13.36170100	        -27.79980409	          2.60236298	         22.04271703	         -0.52281384	          3.17421524	         -0.62512043	          1.24889654	         44.61983417	          2.79375075	          2.55525709	         -0.97439705	         -0.46926657	          4.10815237	          1.46139193	         -0.42132442	          1.44488756	          2.20245380	         -0.04853194	         -0.03810599	
          3.64000000	         -0.00000084	         -0.00000562	         -0.00000011	         -0.00000100	          0.00000300	          0.00000609	         -5.09833066	        -23.20895233	          8.11891142	         20.12230038	          7.76012025	         -0.56541215	        -10.11682975	         -9.58769355	        -27.84193750	          2.13833472	         22.14866817	         -0.22744460	          3.20856355	         -0.52671906	          0.32549240	         41.76579875	          3.98694996	          1.63125718	         -0.44520990	         -0.28401181	          3.48359179	          1.46054744	         -0.27896064	          1.25490108	          1.99120668	         -0.03333445	         -0.02673322	
          3.65000000	         -0.00000041	         -0.00000603	         -0.00000022	         -0.00000049	          0.00000188	          0.00000639	         -0.71208476	        -24.57115778	          8.44623905	         15.86897390	          8.31582424	         -0.53866505	        -11.48562312	         -6.32209573	        -27.87497121	          1.82940005	         22.09245937	         -0.00438180	          3.25657839	         -0.46043614	         -0.52717914	         38.79318248	          5.02606662	          0.78478097	          0.07838220	         -0.09841468	          2.96310198	          1.41807627	         -0.15899705	          1.09783615	          1.79570325	         -0.01832541	         -0.01677070	
          3.66000000	         -0.00000007	         -0.00000464	         -0.00000023	         -0.00000014	          0.00000116	          0.00000483	          3.36226347	        -26.67867367	          8.65060893	         12.18784362	          8.80614857	         -0.84379603	        -13.30139130	         -3.08718035	        -27.78788942	          1.64171229	         21.89245719	          0.13294711	          3.30683668	         -0.41139174	         -1.50038764	         36.16825738	          6.23464636	          0.00780311	          0.44174473	          0.06289147	          2.65531346	          1.38789409	         -0.06848769	          0.93549079	          1.65028301	         -0.00511584	         -0.00858233	
          3.67000000	          0.00000034	         -0.00000333	         -0.00000023	          0.00000038	          0.00000082	          0.00000355	          6.83430602	        -30.14397494	          8.65432276	          8.98000214	          8.66175708	         -1.12115418	        -15.38114294	          0.03854434	        -27.56979001	          1.50802155	         21.43211114	          0.20179196	          3.34748056	         -0.36372827	         -2.21283579	         33.78745404	          7.25121098	         -0.65541445	          0.67985566	          0.19103347	          2.58025118	          1.31392848	         -0.03343636	          0.78455509	          1.54600580	          0.00552382	         -0.00436975	
          3.68000000	          0.00000075	         -0.00000302	         -0.00000023	          0.00000087	          0.00000027	          0.00000318	         10.15562473	        -34.78572738	          8.40887091	          5.84830811	          7.99530787	         -1.32773682	        -17.91379323	          3.17501748	        -27.13790415	          1.39453130	         20.69051358	          0.21082526	          3.36633307	         -0.31069793	         -2.69147699	         31.57145256	          8.05717013	         -1.17854498	          0.84849144	          0.29171774	          2.69391621	          1.20054345	         -0.04461586	          0.66554347	          1.47398039	          0.01378240	         -0.00362249	
          3.69000000	          0.00000109	         -0.00000174	         -0.00000020	          0.00000128	         -0.00000013	          0.00000187	         12.29064424	        -39.57312658	          7.81311995	          3.25438801	          6.74145295	         -1.37800238	        -19.95373460	          5.90702252	        -26.65444044	          1.28838312	         19.73801941	          0.16148423	          3.35972070	         -0.25089654	         -2.38873478	         30.25844401	          8.37620613	         -1.52552991	          0.83398879	          0.34327557	          2.99568176	          1.00812002	         -0.11018146	          0.55728574	          1.43872161	          0.01854567	         -0.00690137	
          3.70000000	          0.00000135	         -0.00000093	         -0.00000018	          0.00000153	         -0.00000027	          0.00000097	         14.47956809	        -44.47169521	          7.01217616	          0.56782140	          5.23740164	         -1.29825737	        -22.13478890	          8.43185014	        -26.02944863	          1.18632605	         18.66957051	          0.06824169	          3.32669202	         -0.19104806	         -1.87286590	         29.39080662	          8.52457202	         -1.77719758	          0.75246391	          0.37371782	          3.33916778	          0.81381070	         -0.18445626	          0.46484511	          1.42647350	          0.02169936	         -0.01101031	
          3.71000000	          0.00000147	         -0.00000072	         -0.00000016	          0.00000158	         -0.00000025	          0.00000066	         15.93498647	        -48.72092844	          6.03743556	         -1.71631305	          3.55618937	         -1.08293985	        -23.72647925	         10.33508463	        -25.39447778	          1.08823284	         17.58881374	         -0.06062310	          3.27029237	         -0.13626726	         -0.87152417	         29.30510834	          8.37595234	         -1.88886923	          0.53385365	          0.36639728	          3.67148873	          0.61153208	         -0.25907872	          0.38164038	          1.43830869	          0.02219121	         -0.01532843	
          3.72000000	          0.00000137	         -0.00000038	         -0.00000011	          0.00000139	         -0.00000007	          0.00000022	         17.03303145	        -52.25071089	          5.02801771	         -3.64293583	          2.00065209	         -0.81867063	        -24.85367655	         11.59570524	        -24.73778319	          0.99960577	         16.57191375	         -0.20177028	          3.19440766	         -0.09224506	          0.27009673	         29.56241825	          8.09484526	         -1.90307179	          0.23210676	          0.33548799	          3.93419434	          0.46571805	         -0.31463994	          0.30788463	          1.47257499	          0.02104266	         -0.01871692	
          3.73000000	          0.00000095	          0.00000022	         -0.00000003	          0.00000090	          0.00000036	         -0.00000032	         17.54466931	        -54.94699869	          4.07573794	         -5.00937747	          0.77908705	         -0.63524585	        -25.38425397	         12.31248630	        -24.03563205	          0.93035721	         15.63674667	         -0.33605071	          3.09925049	         -0.06066176	          1.49861362	         29.98493496	          7.72853862	         -1.86748408	         -0.10624377	          0.29364982	          4.13302904	          0.35038357	         -0.35479449	          0.23915903	          1.51340304	          0.01915693	         -0.02122888	
          3.74000000	          0.00000048	          0.00000042	          0.00000004	          0.00000042	          0.00000088	         -0.00000035	         15.86511472	        -56.44014668	          3.14605970	         -4.78977637	         -0.08011649	         -0.44433703	        -24.20903546	         11.81111113	        -23.45009840	          0.88538471	         14.78221427	         -0.41755719	          2.98720011	         -0.04144052	          3.34951299	         30.51792529	          6.78533718	         -1.45537493	         -0.45086498	          0.20983799	          4.21146129	          0.28930861	         -0.38070873	          0.28128237	          1.55920927	          0.01360095	         -0.02378774	
          3.75000000	          0.00000036	          0.00000007	          0.00000006	          0.00000030	          0.00000097	          0.00000005	         12.09652238	        -56.80949021	          2.36904229	         -3.27174904	         -0.55794672	         -0.34251671	        -21.46435585	         10.67599980	        -22.95099327	          0.87246182	         14.04128094	         -0.45833397	          2.86073134	         -0.03099111	          5.88761831	         31.20897508	          5.48004893	         -0.76697547	         -0.79402853	          0.09232151	          4.30559745	          0.22065462	         -0.42241516	          0.40499379	          1.60534847	          0.00485265	         -0.02819061	
          3.76000000	          0.00000049	         -0.00000045	          0.00000002	          0.00000048	          0.00000115	          0.00000061	          5.08130956	        -55.50096889	          1.63840132	         -0.12451141	         -0.31924104	         -0.34320183	        -16.24012177	          8.80389569	        -22.75931770	          0.89521162	         13.42668567	         -0.43514908	          2.72711934	         -0.02816097	          9.82895517	         32.09911154	          3.42881575	          0.41336375	         -1.07539479	         -0.07229205	          4.43314672	          0.12085301	         -0.49583835	          0.69103573	          1.65107296	         -0.00838797	         -0.03614933	
          3.77000000	          0.00000058	         -0.00000058	         -0.00000001	          0.00000053	          0.00000124	          0.00000061	         -1.53363463	        -54.35473759	          1.19096382	          2.94639579	         -0.69395693	         -0.01108591	        -11.04352468	          6.94438592	        -22.45702437	          0.95886480	         12.92134466	         -0.39431542	          2.58453225	         -0.03166962	         13.34805670	         32.91444969	          1.73516663	          1.41509671	         -1.33982097	         -0.20504429	          4.60447554	          0.07394343	         -0.56917369	          0.92533857	          1.70642427	         -0.01774220	         -0.04433437	
          3.78000000	          0.00000049	          0.00000035	         -0.00000000	          0.00000049	          0.00000115	         -0.00000025	        -13.38998062	        -50.59843807	          1.04725254	          9.21444038	          0.20233214	         -0.09229033	         -2.21724894	          3.99004773	        -22.92367301	          1.07594824	         12.86211887	         -0.29190932	          2.46535536	         -0.04057893	         18.59904389	         34.58119971	         -0.90263194	          3.05476378	         -1.58534378	         -0.41369055	          4.76589342	         -0.08162684	         -0.67795760	          1.35187562	          1.74063942	         -0.03456984	         -0.05625574	
          3.79000000	          0.00000046	          0.00000073	          0.00000001	          0.00000046	          0.00000126	         -0.00000061	        -26.05260181	        -43.85022157	          1.30957519	         16.89999019	          3.13492187	         -0.54536909	          7.60535220	          0.89902572	        -23.88502888	          1.24648227	         13.42710739	         -0.11137613	          2.38054840	         -0.05770388	         23.14448376	         37.07470448	         -3.67610398	          4.84604312	         -1.64851072	         -0.60854443	          4.81596771	         -0.41342973	         -0.79621982	          1.86190111	          1.69467892	         -0.05071291	         -0.06887681	
          3.80000000	          0.00000044	          0.00000107	          0.00000002	          0.00000044	          0.00000122	         -0.00000088	        -36.28372316	        -37.53474969	          1.89023089	         23.58325572	          6.13311745	         -0.91015936	         15.97033484	         -1.69451475	        -24.86628965	          1.40294442	         14.23136145	          0.06828509	          2.31925130	         -0.07475456	         26.32194770	         39.25350158	         -5.68760640	          6.25394960	         -1.69367684	         -0.75443098	          4.84072822	         -0.69743538	         -0.89305066	          2.25855793	          1.64564650	         -0.06247835	         -0.07909564	
          3.81000000	          0.00000045	          0.00000115	          0.00000002	          0.00000039	          0.00000135	         -0.00000104	        -41.62733431	        -32.74734430	          2.68942853	         28.33911530	          8.82188184	         -1.10237465	         21.02196181	         -3.40140733	        -25.48876107	          1.54532506	         15.09518518	          0.22405871	          2.27305316	         -0.09131445	         26.76742869	         40.73758767	         -6.53428276	          7.04226280	         -1.63551114	         -0.80840658	          4.76193583	         -0.95097792	         -0.95072008	          2.49141526	          1.56249879	         -0.06645397	         -0.08465037	
          3.82000000	          0.00000036	          0.00000118	         -0.00000001	          0.00000024	          0.00000161	         -0.00000103	        -42.15924315	        -30.45321456	          3.59780710	         30.36825382	         10.36316464	         -1.08116897	         22.55402229	         -4.04706411	        -25.60877276	          1.64727190	         15.83073457	          0.30732713	          2.23184713	         -0.10137063	         25.38896972	         41.45399475	         -6.05332158	          7.18641812	         -1.54035617	         -0.78173331	          4.67443177	         -1.05490899	         -0.97082447	          2.54268484	          1.50484944	         -0.06427617	         -0.08508331	
          3.83000000	          0.00000014	          0.00000066	          0.00000005	          0.00000007	          0.00000161	         -0.00000054	        -40.15561730	        -29.50634776	          4.50262204	         31.11530787	         11.30990785	         -0.96905479	         22.07907829	         -4.30590162	        -25.47021887	          1.77939422	         16.47483857	          0.35322862	          2.19573838	         -0.10854567	         22.95268807	         41.86470102	         -4.89390558	          6.97650708	         -1.42221634	         -0.70883165	          4.57467838	         -1.09570022	         -0.97221373	          2.49641928	          1.45813087	         -0.05845903	         -0.08275235	
          3.84000000	         -0.00000004	         -0.00000059	          0.00000001	         -0.00000019	          0.00000165	          0.00000068	        -35.86845888	        -30.91615778	          5.41047365	         29.69122778	         10.32345988	         -0.82214396	         19.52449836	         -4.08452584	        -24.98692102	          2.00592523	         16.91741285	          0.27287906	          2.15729253	         -0.10251097	         20.62568736	         42.12745546	         -2.54243567	          6.30567916	         -1.28787683	         -0.59082569	          4.61088610	         -0.89446347	         -0.95380773	          2.31919448	          1.50625834	         -0.05177974	         -0.07562886	
          3.85000000	         -0.00000046	         -0.00000133	          0.00000006	         -0.00000060	          0.00000165	          0.00000133	        -32.71853770	        -32.79503157	          6.15555672	         29.48084054	          8.82072235	         -0.81252288	         17.23716808	         -4.96234837	        -24.60724354	          2.52017605	         17.23042240	          0.16374109	          2.12340658	         -0.09390665	         18.34737165	         42.45513945	         -0.22878208	          5.59771282	         -1.12640162	         -0.46447468	          4.68269930	         -0.70748484	         -0.94367024	          2.13770323	          1.56337983	         -0.04559310	         -0.06809242	
          3.86000000	         -0.00000081	         -0.00000154	          0.00000007	         -0.00000083	          0.00000168	          0.00000163	        -28.74860430	        -35.77693309	          6.80316600	         28.64065188	          6.11459942	         -0.81689518	         14.08401387	         -6.00358560	        -24.10046138	          3.15881865	         17.38697708	         -0.01439827	          2.08902020	         -0.07955518	         15.96799842	         42.78123886	          2.62452420	          4.63744525	         -0.99100347	         -0.31682569	          4.83136114	         -0.43213444	         -0.92970850	          1.87495867	          1.66219014	         -0.04001085	         -0.05804168	
          3.87000000	         -0.00000061	         -0.00000168	          0.00000012	         -0.00000055	          0.00000142	          0.00000179	        -24.87849115	        -38.65646645	          7.26709723	         28.99087241	          3.43269070	         -0.95936527	         10.72294296	         -8.12289776	        -23.56284101	          4.07139685	         17.43089067	         -0.19918663	          2.05482244	         -0.06608828	         12.60337626	         42.90968241	          5.34771287	          3.53799342	         -0.86557043	         -0.16016063	          4.94544827	         -0.22645794	         -0.90988431	          1.56154148	          1.72420869	         -0.03589198	         -0.04631786	
          3.88000000	         -0.00000042	         -0.00000107	          0.00000010	         -0.00000024	          0.00000101	          0.00000125	        -21.99683758	        -41.48650454	          7.45950268	         31.07181725	          0.44829268	         -1.20552055	          7.67513347	        -11.73511031	        -22.98984676	          5.39533487	         17.23334814	         -0.41046954	          2.01366265	         -0.05189370	          8.57014526	         42.86216686	          7.85574468	          2.38145939	         -0.77128800	          0.00219903	          4.98514918	         -0.10750231	         -0.88296726	          1.21964316	          1.74217274	         -0.03241221	         -0.03320610	
          3.89000000	         -0.00000074	         -0.00000017	          0.00000011	         -0.00000051	          0.00000054	          0.00000032	        -18.05644774	        -42.90849625	          7.29973356	         31.96823915	         -0.99544521	         -1.33423752	          4.29163329	        -14.21261150	        -22.23702619	          6.34833371	         16.87487569	         -0.53935724	          1.95729830	         -0.04475018	          4.38657409	         42.47627108	          9.31322339	          1.19084144	         -0.68996918	          0.11736769	          4.91755357	         -0.09177615	         -0.81461470	          0.83988946	          1.67899290	         -0.03537496	         -0.01816807	
          3.90000000	         -0.00000068	         -0.00000015	          0.00000004	         -0.00000041	          0.00000100	          0.00000032	         -8.27696540	        -46.48105621	          6.86818524	         27.23111426	         -3.78021457	         -0.99575071	         -2.57294569	        -13.23773961	        -20.56155014	          6.53054640	         15.98546126	         -0.66715043	          1.86121761	         -0.03820133	         -0.22674333	         41.40737967	         11.39073080	         -0.33751516	         -0.80524815	          0.23899290	          4.78981528	          0.10297120	         -0.68267558	          0.32878556	          1.63742617	         -0.03637462	         -0.00030233	
          3.91000000	         -0.00000071	          0.00000027	          0.00000009	         -0.00000060	          0.00000101	         -0.00000024	          0.65587609	        -47.57136369	          6.04182211	         21.54805123	         -4.21982086	         -0.71049628	         -8.52594637	        -10.74793836	        -18.79612887	          6.12658711	         14.93786696	         -0.67822195	          1.73843089	         -0.03678184	         -3.36409140	         40.55484826	         11.87682215	         -1.29862090	         -0.87708967	          0.25915315	          4.53706202	          0.24166315	         -0.51904265	         -0.01125480	          1.55442812	         -0.04496749	          0.01454954	
          3.92000000	         -0.00000083	          0.00000044	          0.00000012	         -0.00000076	          0.00000138	         -0.00000036	          8.79209805	        -48.36174137	          4.85232829	         15.65717836	         -4.03383763	         -0.45254307	        -13.89968439	         -7.65776419	        -16.85263629	          5.44083166	         13.55945887	         -0.63591849	          1.58746538	         -0.03740999	         -5.66596448	         39.48719519	         11.60265573	         -1.83446206	         -0.99164817	          0.22774467	          4.21385794	          0.45932623	         -0.33199854	         -0.20065832	          1.49739638	         -0.05115235	          0.02210352	
          3.93000000	         -0.00000082	          0.00000057	          0.00000007	         -0.00000071	          0.00000161	         -0.00000033	         15.84703517	        -50.56137058	          3.35996900	         10.43104856	         -4.30368597	         -0.21003745	        -18.88914240	         -4.73495916	        -14.62939577	          4.70447771	         11.72834995	         -0.58200328	          1.40790497	         -0.03922874	         -7.61772973	         37.53540375	         10.87064012	         -2.21485977	         -0.93792336	          0.20062484	          3.88525300	          0.78888237	         -0.12406961	         -0.27048754	          1.47417750	         -0.05371372	          0.02573617	
          3.94000000	         -0.00000064	          0.00000043	          0.00000012	         -0.00000060	          0.00000173	         -0.00000033	         16.37293307	        -50.98976121	          1.68285710	          8.61791785	         -3.82742528	         -0.10388278	        -19.75901843	         -3.09088323	        -12.96998296	          4.03802372	          9.90124033	         -0.50668454	          1.22483489	         -0.04089459	         -6.69200985	         36.49066665	          8.81147946	         -1.74083274	         -0.86424038	          0.11178517	          3.71884309	          1.02047897	         -0.00682846	         -0.07255282	          1.52362378	         -0.04985496	          0.01234254	
          3.95000000	         -0.00000044	          0.00000059	          0.00000001	         -0.00000017	          0.00000197	         -0.00000026	         13.15474179	        -50.94160921	          0.15783931	          8.94963094	         -3.46255365	         -0.04448043	        -18.30494310	         -2.35833869	        -11.68173007	          3.48377613	          8.26770351	         -0.44307818	          1.05074405	         -0.04212156	         -4.26003455	         35.94601669	          6.33078846	         -0.97979738	         -0.63192183	          0.01552120	          3.69657512	          1.22841779	          0.06027939	          0.22766338	          1.62407960	         -0.04487578	         -0.00514298	
          3.96000000	         -0.00000004	         -0.00000039	          0.00000003	         -0.00000007	          0.00000159	          0.00000039	          4.06487717	        -50.83790104	         -1.26908921	         12.06993439	         -3.79799722	          0.00981980	        -13.15492212	         -2.71653163	        -11.09927831	          3.04728897	          6.77955618	         -0.41321800	          0.89560897	         -0.04141442	          0.98004900	         36.05085144	          3.22026367	          0.20385889	         -0.29226071	         -0.08887805	          3.89493059	          1.26141293	          0.01888797	          0.63261411	          1.77536861	         -0.03652997	         -0.02925002	
          3.97000000	          0.00000004	          0.00000067	         -0.00000011	          0.00000020	          0.00000182	         -0.00000045	         -5.11166950	        -49.72007110	         -2.47530755	         15.00879729	         -4.30702912	          0.06033546	         -7.83123927	         -3.02828600	        -10.62802088	          2.68582781	          5.60666365	         -0.41074426	          0.75974106	         -0.03848161	          6.58697899	         37.16100035	          0.47934631	          1.33820861	          0.00086381	         -0.16190034	          4.21023233	          1.15634379	         -0.08728505	          0.96470243	          1.94451273	         -0.02670597	         -0.05135658	
          3.98000000	          0.00000030	          0.00000092	         -0.00000002	          0.00000026	          0.00000172	         -0.00000090	        -18.96330819	        -48.10289910	         -3.45722153	         20.83270114	         -5.01500991	          0.11096221	          0.35572129	         -4.50152459	        -10.82977803	          2.43019647	          4.74541267	         -0.42453641	          0.65112005	         -0.03544103	         13.85640521	         39.01122479	         -2.80614551	          2.89364632	          0.28604078	         -0.29081570	          4.63142569	          0.85539584	         -0.27630862	          1.33747557	          2.12302995	         -0.02234359	         -0.07592056	
          3.99000000	          0.00000027	          0.00000095	         -0.00000019	          0.00000038	          0.00000179	         -0.00000074	        -32.18297307	        -46.58871904	         -3.95239621	         26.75934525	         -6.10685376	          0.17726571	          8.13996793	         -6.04098344	        -11.24208765	          2.23678554	          4.31497922	         -0.46319295	          0.57089104	         -0.03154587	         20.49965844	         41.26250950	         -5.42866355	          4.18655503	          0.45047096	         -0.41073712	          4.90986740	          0.37025805	         -0.47953938	          1.56598756	          2.24003192	         -0.02212676	         -0.09182176	
          4.00000000	          0.00000046	          0.00000025	         -0.00000009	          0.00000042	          0.00000153	         -0.00000029	        -44.91825125	        -44.58974047	         -4.09925425	         32.59034359	         -6.84382152	          0.23060455	         15.76581827	         -7.60579861	        -11.91994318	          2.08597266	          4.28014078	         -0.50175812	          0.51676365	         -0.02771510	         26.85452115	         43.82262584	         -7.67543744	          5.32469640	          0.46360756	         -0.54636885	          5.16004000	         -0.09537133	         -0.66588108	          1.69753633	          2.35177274	         -0.02161458	         -0.10597863	
          4.01000000	          0.00000046	         -0.00000007	         -0.00000021	          0.00000054	          0.00000131	          0.00000019	        -56.64262457	        -42.36864809	         -4.01036338	         38.03819085	         -7.25932202	          0.26978698	         22.84630654	         -9.09775742	        -12.79650057	          1.96368187	          4.52452064	         -0.54053891	          0.48446093	         -0.02398167	         32.68698941	         46.43477170	         -9.58827539	          6.20417512	          0.38835067	         -0.70030484	          5.26567019	         -0.53636366	         -0.80497778	          1.73707131	          2.42334904	         -0.01954254	         -0.11617557	
          4.02000000	          0.00000052	         -0.00000053	         -0.00000012	          0.00000043	          0.00000094	          0.00000041	        -65.51466013	        -40.26216111	         -3.77836051	         42.11050199	         -7.13848404	          0.28168604	         28.22741147	        -10.25797041	        -13.64315417	          1.85963678	          4.93312704	         -0.57071713	          0.46900033	         -0.02102545	         37.32255558	         48.60299123	        -10.92501219	          6.77155538	          0.31384992	         -0.84764354	          5.29669604	         -0.78995756	         -0.87036915	          1.72242453	          2.47723099	         -0.01383535	         -0.12341360	
          4.03000000	          0.00000025	         -0.00000068	         -0.00000016	          0.00000015	          0.00000091	          0.00000071	        -72.49767569	        -38.18563408	         -3.52256013	         45.16878426	         -6.69853107	          0.27094305	         32.57232326	        -11.12112492	        -14.61065622	          1.76671541	          5.45394707	         -0.59691744	          0.46908040	         -0.01830131	         41.20397515	         50.52693400	        -11.89308382	          7.09193782	          0.28679400	         -0.97230787	          5.25008170	         -0.92725688	         -0.88442948	          1.68845001	          2.51567306	         -0.00470477	         -0.12809244	
          4.04000000	         -0.00000005	         -0.00000086	         -0.00000006	         -0.00000036	          0.00000055	          0.00000063	        -71.48746915	        -38.14040687	         -3.05893790	         44.60134209	         -6.05388604	          0.22064973	         31.92957330	        -11.02807624	        -14.95813330	          1.69082868	          5.97460462	         -0.60941935	          0.47972380	         -0.01816229	         41.44191191	         50.61695497	        -11.15694876	          7.00890281	          0.35652618	         -1.01656308	          5.20671509	         -0.76718843	         -0.82638343	          1.62623377	          2.50261939	         -0.00296407	         -0.12358839	
          4.05000000	         -0.00000060	         -0.00000059	         -0.00000007	         -0.00000075	          0.00000072	          0.00000067	        -67.22042044	        -39.21793613	         -2.53578306	         42.48813197	         -5.49133645	          0.15873919	         29.25720617	        -10.44136343	        -15.16607039	          1.62271755	          6.48621535	         -0.61566172	          0.50214045	         -0.01892158	         40.20131916	         49.86084480	         -9.73362079	          6.71939625	          0.40934339	         -1.01283144	          5.18806222	         -0.52413285	         -0.75628661	          1.53918426	          2.45932365	         -0.00424177	         -0.11547218	
          4.06000000	         -0.00000098	         -0.00000086	          0.00000010	         -0.00000121	          0.00000059	          0.00000067	        -58.56065648	        -41.67009422	         -1.85575734	         38.56424595	         -4.72890619	          0.07517761	         23.77845435	         -9.37652391	        -15.05359938	          1.56763931	          6.99143518	         -0.60151775	          0.53574844	         -0.02184807	         36.79584160	         47.84118002	         -7.45977912	          6.35211563	          0.41603968	         -0.96746182	          5.25603027	         -0.20409587	         -0.69826808	          1.42777612	          2.35793681	         -0.01541730	         -0.10272347	
          4.07000000	         -0.00000139	         -0.00000083	          0.00000008	         -0.00000144	          0.00000079	          0.00000094	        -49.05103051	        -44.37152796	         -1.17405886	         34.45075352	         -3.54133641	         -0.02064103	         17.73663147	         -8.27168971	        -14.95221713	          1.51768401	          7.48314915	         -0.56011413	          0.58169051	         -0.02595177	         32.78691900	         45.26017687	         -5.29616319	          6.03341710	          0.31184749	         -0.91345007	          5.39582614	          0.06612228	         -0.68212440	          1.29634412	          2.20268490	         -0.03091331	         -0.09046181	
          4.08000000	         -0.00000156	         -0.00000093	          0.00000018	         -0.00000163	          0.00000062	          0.00000080	        -38.40741117	        -47.71166121	         -0.51380910	         29.81999264	         -2.40092765	         -0.12283888	         10.90789985	         -6.98979980	        -14.71997453	          1.46785816	          7.86260641	         -0.50679096	          0.63765046	         -0.03040588	         28.20580475	         42.05664338	         -3.06885072	          5.63374674	          0.14532577	         -0.84012205	          5.58719082	          0.30479283	         -0.68838247	          1.14333698	          2.01157633	         -0.04734610	         -0.07799939	
          4.09000000	         -0.00000175	         -0.00000076	          0.00000013	         -0.00000167	          0.00000085	          0.00000084	        -30.96594599	        -50.81528484	         -0.03055357	         27.06633991	         -1.32393241	         -0.20603632	          6.02523334	         -6.27825009	        -14.78996979	          1.42182000	          8.11904819	         -0.44091757	          0.70430841	         -0.03419503	         24.52351103	         38.87206176	         -1.78997174	          5.31770309	         -0.08867459	         -0.77011632	          5.67444297	          0.34210812	         -0.73591186	          1.00711395	          1.75746415	         -0.06068340	         -0.06882998	
          4.10000000	         -0.00000164	         -0.00000118	          0.00000020	         -0.00000159	          0.00000089	          0.00000115	        -24.37553166	        -53.30341864	          0.34391924	         24.75683909	         -0.23607661	         -0.29240041	          1.69557888	         -5.70919196	        -14.88681898	          1.37525275	          8.29493858	         -0.37318806	          0.77743961	         -0.03714517	         21.06956963	         35.90583582	         -0.85205901	          5.00711978	         -0.30462583	         -0.69891300	          5.65487824	          0.26001034	         -0.78632234	          0.89096794	          1.47165823	         -0.07167797	         -0.05990487	
          4.11000000	         -0.00000159	         -0.00000125	          0.00000012	         -0.00000145	          0.00000110	          0.00000136	        -19.65092186	        -55.19337730	          0.59860894	         23.46210843	          0.55518287	         -0.35600830	         -1.43090679	         -5.43745438	        -15.09037922	          1.32735502	          8.38498288	         -0.31237688	          0.85254181	         -0.03861686	         18.13036709	         33.34841374	         -0.36220373	          4.66371341	         -0.50163899	         -0.62259895	          5.42600898	          0.03533134	         -0.81902685	          0.80066036	          1.15559637	         -0.07814760	         -0.05105033	
          4.12000000	         -0.00000138	         -0.00000164	          0.00000021	         -0.00000124	          0.00000117	          0.00000167	        -15.74869147	        -56.37716798	          0.75000803	         22.46331108	          0.87636949	         -0.38426487	         -3.96241534	         -5.21374421	        -15.26681248	          1.27163533	          8.40577634	         -0.27085893	          0.92249715	         -0.03803415	         15.46850659	         31.42919769	          0.02113132	          4.17020869	         -0.64703570	         -0.52692584	          5.02479355	         -0.28305508	         -0.81464993	          0.73360732	          0.89238827	         -0.07810012	         -0.04252952	
          4.13000000	         -0.00000138	         -0.00000122	          0.00000012	         -0.00000117	          0.00000125	          0.00000130	        -12.25416685	        -57.17020981	          0.82578497	         21.61374735	          0.93850606	         -0.39127112	         -6.20518595	         -5.03422493	        -15.32190980	          1.21370112	          8.32868719	         -0.23890910	          0.98028892	         -0.03648201	         12.91533180	         29.76199759	          0.32230574	          3.61802127	         -0.76849573	         -0.42572323	          4.49884818	         -0.64842090	         -0.77995916	          0.67680052	          0.64489172	         -0.07500044	         -0.03344607	
          4.14000000	         -0.00000121	         -0.00000131	          0.00000016	         -0.00000101	          0.00000128	          0.00000142	        -10.55739613	        -57.39587718	          0.74638414	         21.14097049	          0.13191981	         -0.33828370	         -7.27601223	         -4.87103214	        -15.39284029	          1.14617881	          8.15296736	         -0.24375485	          1.02228649	         -0.03232176	         11.52347486	         29.06039635	          0.56669964	          3.05316451	         -0.85644128	         -0.31343540	          3.98618926	         -1.11484884	         -0.75517773	          0.65981723	          0.58208332	         -0.05923916	         -0.03167827	
          4.15000000	         -0.00000118	         -0.00000098	          0.00000012	         -0.00000097	          0.00000131	          0.00000113	         -9.77238271	        -57.48149767	          0.52647482	         20.78227887	         -1.04614139	         -0.26419103	         -7.78329122	         -4.71455099	        -15.37779351	          1.08108603	          7.84650522	         -0.26164328	          1.04623309	         -0.02768761	         10.85657614	         28.68047208	          0.71755625	          2.63707585	         -0.95595527	         -0.21555791	          3.53201894	         -1.57691828	         -0.74135903	          0.65556741	          0.56887519	         -0.03936021	         -0.03322176	
          4.16000000	         -0.00000114	         -0.00000085	          0.00000009	         -0.00000088	          0.00000140	          0.00000103	        -10.71938316	        -57.63410850	          0.12052089	         20.68706342	         -3.00552700	         -0.14403598	         -7.22059453	         -4.55456946	        -15.38904111	          1.01861880	          7.38750565	         -0.30599047	          1.05419803	         -0.02210889	         11.55397956	         28.88867263	          0.80857332	          2.44515657	         -1.08500439	         -0.13453895	          3.24573958	         -2.00856337	         -0.75999876	          0.67176698	          0.66828641	         -0.01148794	         -0.04179069	
          4.17000000	         -0.00000099	         -0.00000092	          0.00000012	         -0.00000074	          0.00000147	          0.00000113	        -12.32766369	        -57.16853410	         -0.50269875	         20.40276428	         -4.99259619	         -0.02040515	         -6.19744903	         -4.25656814	        -15.37216023	          0.96356550	          6.85337198	         -0.35512103	          1.04987678	         -0.01713526	         13.16394031	         29.84520436	          0.72070847	          2.44465286	         -1.28959695	         -0.07651583	          3.21978933	         -2.16647609	         -0.77694382	          0.65108698	          0.86188862	          0.01594773	         -0.05288082	
          4.18000000	         -0.00000093	         -0.00000068	          0.00000004	         -0.00000069	          0.00000152	          0.00000084	        -14.29841701	        -56.69480796	         -1.27878603	         20.09856584	         -7.12826121	          0.11421142	         -4.92809486	         -3.91302472	        -15.35153758	          0.91598178	          6.24879476	         -0.41031348	          1.03909981	         -0.01243332	         15.21930959	         31.14826639	          0.55587166	          2.54478645	         -1.52222361	         -0.03053154	          3.35057225	         -2.16650300	         -0.79370115	          0.61990438	          1.10905777	          0.04285980	         -0.06549787	
          4.19000000	         -0.00000074	         -0.00000063	          0.00000010	         -0.00000048	          0.00000152	          0.00000084	        -15.35555495	        -54.90934286	         -2.17630423	         19.25007156	         -8.00172500	          0.18052924	         -4.07443890	         -3.34715238	        -15.28203659	          0.88229009	          5.75830149	         -0.43741491	          1.02812482	         -0.01015770	         17.16992878	         32.95015636	         -0.00250588	          2.73779744	         -1.78069059	         -0.01500471	          3.84859129	         -1.68030138	         -0.77529611	          0.52474799	          1.44320657	          0.05430954	         -0.07352781	
          4.20000000	         -0.00000058	         -0.00000026	         -0.00000003	         -0.00000035	          0.00000146	          0.00000031	        -15.77086798	        -53.89336222	         -2.92599528	         18.32405228	         -8.87075965	          0.24435928	         -3.57129151	         -2.74749853	        -15.24833156	          0.86164050	          5.37737262	         -0.46469522	          1.02474704	         -0.00874693	         18.71745436	         34.33999784	         -0.32855221	          2.95939653	         -1.97964242	         -0.01385991	          4.46767984	         -1.10967100	         -0.75975671	          0.44398354	          1.77939908	          0.06092798	         -0.08079504	
          4.21000000	         -0.00000026	         -0.00000018	          0.00000008	         -0.00000005	          0.00000135	          0.00000036	        -14.77957865	        -53.69358792	         -3.40047158	         17.00392804	         -9.44759491	          0.28509208	         -3.83077839	         -2.00254113	        -15.24740461	          0.85605697	          5.19885308	         -0.48437215	          1.03458853	         -0.00880894	         19.49010785	         35.05118208	         -0.28321725	          3.22808923	         -2.08010310	         -0.03642184	          5.23659917	         -0.41078986	         -0.74028883	          0.38117283	          2.10351223	          0.05927666	         -0.08566893	
          4.22000000	         -0.00000015	          0.00000041	         -0.00000006	          0.00000003	          0.00000114	         -0.00000036	        -11.62408840	        -55.31469875	         -3.39527123	         15.26727683	        -10.22763866	          0.32487282	         -5.36342338	         -1.13049153	        -15.23080000	          0.86653329	          5.23473852	         -0.50662384	          1.06180865	         -0.00995561	         18.74533382	         34.54624056	          0.67440809	          3.48236394	         -2.03480632	         -0.07324142	          5.90279904	          0.17015064	         -0.73299295	          0.35922855	          2.32217417	          0.05964676	         -0.09180494	
          4.23000000	          0.00000013	          0.00000041	          0.00000004	          0.00000035	          0.00000105	         -0.00000023	         -7.84330310	        -57.64465135	         -2.99850518	         13.61430937	        -10.95883976	          0.35949276	         -7.21751821	         -0.30435283	        -15.36120133	          0.88738508	          5.54330165	         -0.52797237	          1.10917196	         -0.01172368	         17.43140731	         33.62546990	          2.07887975	          3.76029499	         -1.94660465	         -0.12197370	          6.55559149	          0.71613966	         -0.73475077	          0.35019004	          2.51235013	          0.06065886	         -0.09927908	
          4.24000000	          0.00000029	          0.00000099	         -0.00000006	          0.00000053	          0.00000096	         -0.00000087	         -5.79174374	        -59.63082284	         -2.37426716	         13.44648051	        -11.03053232	          0.36323079	         -7.93169523	         -0.06337914	        -15.90919965	          0.92116147	          6.13193926	         -0.53750954	          1.18040180	         -0.01396258	         16.22887378	         32.65206606	          3.09037299	          4.14998526	         -1.75775943	         -0.16484448	          6.85289607	          0.86952700	         -0.77026298	          0.38737906	          2.52627449	          0.07050179	         -0.10868292	
          4.25000000	          0.00000047	          0.00000129	         -0.00000006	          0.00000072	          0.00000092	         -0.00000111	         -5.43856246	        -61.03279760	         -1.69478474	         13.98622464	        -10.72974772	          0.35015978	         -7.55415321	         -0.07113893	        -16.82336529	          0.95043095	          6.87634762	         -0.53748245	          1.27310455	         -0.01579492	         15.89218919	         32.00760753	          3.62582560	          4.52169727	         -1.60902939	         -0.18684939	          7.09268582	          0.92970378	         -0.80779772	          0.41374008	          2.51980684	          0.08141596	         -0.11608666	
          4.26000000	          0.00000057	          0.00000154	         -0.00000014	          0.00000079	          0.00000090	         -0.00000145	         -8.78072742	        -60.71448313	         -1.14047077	         16.15123186	         -9.57112165	          0.29878175	         -4.83971128	         -0.68697867	        -18.34929152	          0.97488826	          7.79388309	         -0.51971468	          1.39231754	         -0.01703763	         17.32094320	         32.22414865	          2.93336135	          5.01615290	         -1.49302136	         -0.18599855	          7.17723014	          0.72811520	         -0.86164425	          0.44981707	          2.43950358	          0.09377935	         -0.12036127	
          4.27000000	          0.00000055	          0.00000154	         -0.00000011	          0.00000076	          0.00000088	         -0.00000143	        -13.90161539	        -59.59671183	         -0.70170009	         19.03697562	         -8.07104531	          0.22358002	         -1.06056617	         -1.61892855	        -20.27588697	          0.98971934	          8.75063359	         -0.49051843	          1.53931952	         -0.01747389	         19.65616390	         32.83943830	          1.53864383	          5.53588649	         -1.43214052	         -0.17149260	          7.22439433	          0.37225222	         -0.91115309	          0.47957905	          2.34797746	          0.10114779	         -0.11975216	
          4.28000000	          0.00000042	          0.00000147	         -0.00000017	          0.00000056	          0.00000088	         -0.00000149	        -19.25775453	        -58.44349924	         -0.53498140	         21.86386070	         -6.69696332	          0.14686640	          2.83946089	         -2.54594991	        -22.36250460	          0.99741605	          9.51181255	         -0.46128803	          1.70742520	         -0.01741082	         22.16223764	         33.42514076	         -0.14630166	          5.99505514	         -1.42984323	         -0.14802292	          7.19331584	         -0.07617785	         -0.94952623	          0.47369221	          2.23053942	          0.10525846	         -0.11595813	
          4.29000000	          0.00000036	          0.00000115	         -0.00000009	          0.00000050	          0.00000085	         -0.00000106	        -22.39426666	        -57.92500177	         -0.56477008	         23.85491687	         -5.80054431	          0.07371926	          5.20737821	         -3.26289783	        -24.24773133	          0.99473374	          9.98872511	         -0.43664221	          1.88848039	         -0.01659632	         23.38355785	         33.59047800	         -1.46691689	          6.29722982	         -1.47576232	         -0.19215207	          7.20987458	         -0.47424418	         -0.95800420	          0.41884539	          2.17897400	          0.09107886	         -0.11207385	
          4.30000000	          0.00000019	          0.00000109	         -0.00000012	          0.00000030	          0.00000079	         -0.00000103	        -24.59990069	        -57.19930584	         -0.91503028	         25.45723710	         -4.98419434	          0.00187894	          6.91524438	         -3.88049573	        -26.00246183	          0.98967707	         10.18636174	         -0.41457063	          2.07473680	         -0.01573479	         24.04230980	         33.74857538	         -2.87000745	          6.62181382	         -1.54759114	         -0.31289079	          7.19079590	         -0.83603745	         -0.95155647	          0.32418131	          2.13667762	          0.06344628	         -0.11011604	
          4.31000000	          0.00000011	          0.00000072	         -0.00000008	          0.00000024	          0.00000072	         -0.00000065	        -25.53321301	        -56.52732432	         -1.51663864	         26.65247458	         -4.33216663	         -0.05872170	          7.73687591	         -4.40577408	        -27.53967567	          0.98331225	         10.11393602	         -0.39641472	          2.25787406	         -0.01480839	         23.85270115	         33.71203426	         -4.22089346	          6.93184012	         -1.52611808	         -0.54662192	          7.20388715	         -1.06826578	         -0.92439181	          0.22846283	          2.14641586	          0.01649131	         -0.11225429	
          4.32000000	          0.00000011	          0.00000048	         -0.00000002	          0.00000027	          0.00000062	         -0.00000038	        -24.46881884	        -55.94715107	         -2.28950601	         27.08684557	         -3.77099170	         -0.10248777	          7.25063723	         -4.70950266	        -28.73229495	          0.98324184	          9.80845201	         -0.37976096	          2.42861230	         -0.01495007	         22.48627629	         33.40260049	         -5.30197202	          7.12338908	         -1.31084834	         -0.83615245	          7.16869217	         -1.11215638	         -0.86753679	          0.19065451	          2.17189090	         -0.03893601	         -0.11646017	
          4.33000000	          0.00000010	          0.00000029	         -0.00000004	          0.00000026	          0.00000067	         -0.00000024	        -22.63996847	        -55.43168122	         -3.16573265	         27.23034431	         -3.24516185	         -0.13741233	          6.23515872	         -4.93788468	        -29.71436569	          0.98613649	          9.35955427	         -0.36376476	          2.58504974	         -0.01554735	         20.64729777	         32.81004429	         -6.35130516	          7.25517851	         -0.76671569	         -1.13275609	          7.13136936	         -1.07709198	         -0.80506617	          0.27835554	          2.20876155	         -0.09333423	         -0.12180490	
          4.34000000	          0.00000018	          0.00000026	         -0.00000001	          0.00000045	          0.00000061	         -0.00000014	        -18.26343639	        -55.70493488	         -3.91864240	         26.17751608	         -3.10476641	         -0.13868960	          3.64935139	         -4.77910340	        -30.31222885	          1.00234220	          8.82593354	         -0.35552837	          2.72387598	         -0.01803078	         17.60112480	         31.69244153	         -6.53436145	          7.05820075	         -0.10564163	         -1.27258445	          7.01191306	         -0.90915719	         -0.73387151	          0.45693679	          2.21136807	         -0.12017500	         -0.12338932	
          4.35000000	          0.00000030	          0.00000044	         -0.00000007	          0.00000056	          0.00000056	         -0.00000035	        -13.74030576	        -56.11598530	         -4.53714381	         24.89566052	         -3.07697261	         -0.12372044	          0.98632526	         -4.52779561	        -30.80810311	          1.01907874	          8.34427549	         -0.35013693	          2.84962821	         -0.02075532	         14.65485398	         30.48506232	         -6.48445707	          6.73801301	          0.56528554	         -1.32439286	          6.94227921	         -0.73332553	         -0.68049456	          0.66783875	          2.22342930	         -0.13155983	         -0.12429553	
          4.36000000	          0.00000042	          0.00000066	         -0.00000010	          0.00000067	          0.00000049	         -0.00000057	         -9.10000930	        -56.60135592	         -4.94275394	         23.32244735	         -3.18269564	         -0.08647761	         -1.69124211	         -4.15924557	        -31.26915355	          1.03891743	          7.99556829	         -0.34927771	          2.96663905	         -0.02399085	         11.94454947	         29.38672865	         -6.07625292	          6.33499211	          1.01521373	         -1.25616587	          6.92838649	         -0.56464202	         -0.65158608	          0.82989728	          2.23949037	         -0.12265378	         -0.12384026	
          4.37000000	          0.00000052	          0.00000088	         -0.00000016	          0.00000071	          0.00000055	         -0.00000082	         -5.42754662	        -56.57258555	         -5.10038281	         22.01427289	         -3.17618784	         -0.02674345	         -3.66730838	         -3.85475025	        -31.92286555	          1.05606041	          7.92643988	         -0.34882574	          3.08650594	         -0.02690469	          9.97366291	         28.82277450	         -5.66126477	          6.05118061	          1.21868448	         -1.14878101	          7.00258595	         -0.43802993	         -0.65265987	          0.90556835	          2.28672293	         -0.10629072	         -0.12502294	
          4.38000000	          0.00000057	          0.00000122	         -0.00000018	          0.00000075	          0.00000057	         -0.00000111	         -2.18429517	        -56.30801814	         -4.95391526	         20.89808387	         -3.07282051	          0.04381013	         -5.26876345	         -3.59979346	        -32.80461083	          1.07346664	          8.15285532	         -0.34774354	          3.21695684	         -0.02978914	          8.30947625	         28.62369031	         -5.08778755	          5.83373506	          1.22751206	         -1.03256835	          7.14901037	         -0.30563849	         -0.66692332	          0.91766211	          2.36257424	         -0.08833046	         -0.12731153	
          4.39000000	          0.00000059	          0.00000151	         -0.00000026	          0.00000072	          0.00000078	         -0.00000141	          0.91018198	        -55.51322800	         -4.52196936	         19.99976841	         -2.92382940	          0.13552566	         -6.68295423	         -3.38803768	        -33.95447778	          1.08112879	          8.72399874	         -0.34538944	          3.36525087	         -0.03157012	          6.67818580	         29.12663529	         -4.36279244	          5.74834649	          1.10953335	         -0.94172171	          7.24409579	         -0.19058810	         -0.68211260	          0.87704528	          2.42882123	         -0.07368584	         -0.12993467	
          4.40000000	          0.00000061	          0.00000147	         -0.00000021	          0.00000082	          0.00000099	         -0.00000125	          3.62028832	        -54.96830136	         -3.87399052	         19.48582166	         -2.91592052	          0.23162308	         -7.81484921	         -3.27334425	        -35.39907327	          1.09125766	          9.48650977	         -0.34404564	          3.53256678	         -0.03319748	          5.08086236	         29.79695737	         -3.50513296	          5.68558477	          0.95494690	         -0.87161411	          7.33014339	         -0.09290464	         -0.69293375	          0.82380606	          2.47506514	         -0.06231615	         -0.13133157	
          4.41000000	          0.00000059	          0.00000102	         -0.00000017	          0.00000082	          0.00000124	         -0.00000078	          5.85244900	        -54.92585574	         -3.12765884	         19.45102802	         -3.26634590	          0.34021326	         -8.68027896	         -3.27574907	        -37.10355802	          1.10328000	         10.31800903	         -0.34649384	          3.71625669	         -0.03441312	          3.48241464	         30.54742801	         -2.57515182	          5.64779336	          0.81651550	         -0.82945490	          7.35655630	         -0.03818532	         -0.69413236	          0.77028555	          2.47386200	         -0.05516478	         -0.13034217	
          4.42000000	          0.00000066	          0.00000042	         -0.00000007	          0.00000090	          0.00000120	         -0.00000013	          6.82364951	        -55.78778922	         -2.37724523	         20.25183217	         -3.94326234	          0.43843078	         -8.82389722	         -3.48670378	        -39.11736238	          1.11988129	         11.07935138	         -0.34921730	          3.91511625	         -0.03533228	          2.16692691	         30.93769214	         -1.84105225	          5.59807949	          0.75101751	         -0.81860474	          7.32266579	         -0.10764451	         -0.68524798	          0.73389087	          2.38965447	         -0.05271460	         -0.12503045	
          4.43000000	          0.00000076	         -0.00000011	          0.00000001	          0.00000101	          0.00000111	          0.00000038	          7.32625235	        -56.67531287	         -1.67550717	         21.36614943	         -4.54510865	          0.52015853	         -8.68112716	         -3.78273958	        -41.34460382	          1.13795351	         11.80643577	         -0.34933810	          4.12754270	         -0.03614003	          0.94740254	         31.31819355	         -1.31169206	          5.57042327	          0.71756753	         -0.82371402	          7.20692899	         -0.24084401	         -0.66915144	          0.70831056	          2.25783398	         -0.05216817	         -0.11753776	
          4.44000000	          0.00000080	         -0.00000081	          0.00000011	          0.00000113	          0.00000136	          0.00000109	          7.35974273	        -57.58816986	         -1.10714093	         22.92261963	         -4.75275874	          0.55946906	         -8.25739918	         -4.17988136	        -43.71444326	          1.14511738	         12.39992918	         -0.34200896	          4.34796119	         -0.03553679	         -0.39251724	         31.30474319	         -1.26088926	          5.52841020	          0.74766771	         -0.85679535	          6.93107449	         -0.49715474	         -0.64090752	          0.72287924	          2.05048909	         -0.05443025	         -0.10783687	
          4.45000000	          0.00000083	         -0.00000127	          0.00000017	          0.00000123	          0.00000151	          0.00000157	          7.91208939	        -57.84043702	         -0.76778977	         24.18547461	         -4.56055772	          0.57662495	         -8.12464418	         -4.47152994	        -46.05785868	          1.14601293	         12.84217801	         -0.33293025	          4.56927598	         -0.03433614	         -1.99119312	         31.39697394	         -1.47450383	          5.48980191	          0.77093557	         -0.89643279	          6.53268325	         -0.74958615	         -0.60396007	          0.75484647	          1.83435054	         -0.05632710	         -0.09905503	
          4.46000000	          0.00000095	         -0.00000136	          0.00000021	          0.00000143	          0.00000145	          0.00000174	          9.03621486	        -57.27057886	         -0.67269607	         25.14979410	         -3.87705703	          0.56876303	         -8.32047594	         -4.65080338	        -48.31188129	          1.13902983	         13.11801138	         -0.32265945	          4.78865673	         -0.03223511	         -3.90610984	         31.60633754	         -2.01352520	          5.47462637	          0.76446729	         -0.95049993	          6.00623546	         -0.99674532	         -0.55873378	          0.80288781	          1.61627793	         -0.05836307	         -0.09216648	
          4.47000000	          0.00000108	         -0.00000105	          0.00000015	          0.00000161	          0.00000159	          0.00000147	         10.01574701	        -55.55963373	         -0.85884633	         25.77115063	         -2.82370690	          0.54470178	         -8.34258500	         -4.67664256	        -50.54351402	          1.14099193	         13.26449677	         -0.31883869	          5.00720682	         -0.03083978	         -5.39938275	         32.30705719	         -2.93926814	          5.54763563	          0.68303547	         -1.01414374	          5.57882636	         -1.16278608	         -0.52518701	          0.84838618	          1.49100859	         -0.05782489	         -0.09071137	
          4.48000000	          0.00000126	         -0.00000074	          0.00000008	          0.00000188	          0.00000227	          0.00000123	         10.30815982	        -53.32506309	         -1.24985039	         26.48969589	         -1.65423476	          0.52129771	         -7.96035067	         -4.73686460	        -52.80414103	          1.15379734	         13.25746849	         -0.32045247	          5.22887268	         -0.02998087	         -6.37472966	         33.23035168	         -4.24044546	          5.81464094	          0.52560713	         -1.10521250	          5.20775807	         -1.32014604	         -0.50365533	          0.87621683	          1.40536096	         -0.05731700	         -0.09179009	
          4.49000000	          0.00000133	         -0.00000098	          0.00000009	          0.00000198	          0.00000313	          0.00000146	          8.41925404	        -50.38864977	         -1.95094316	         27.13117697	         -0.55462220	          0.49847656	         -6.09831070	         -4.71744818	        -55.31028909	          1.19029020	         13.11684285	         -0.33650417	          5.45732241	         -0.03117677	         -5.26984276	         34.65758745	         -6.06480931	          6.28578794	          0.25522996	         -1.18241578	          5.34236169	         -1.35843494	         -0.52445795	          0.86924865	          1.53811771	         -0.04789215	         -0.09833348	
          4.50000000	          0.00000120	         -0.00000121	          0.00000013	          0.00000184	          0.00000401	          0.00000171	          5.34948323	        -47.13734001	         -2.78770849	         27.86001800	          0.46525504	          0.47633829	         -3.46684763	         -4.77262452	        -58.08810955	          1.23868529	         12.94393201	         -0.35891919	          5.70718559	         -0.03319244	         -3.12745449	         36.33611778	         -8.15164268	          6.96386944	         -0.08746952	         -1.26010878	          5.69085297	         -1.41052609	         -0.57077372	          0.84160716	          1.75139465	         -0.03358978	         -0.10512751	
          4.51000000	          0.00000103	         -0.00000202	          0.00000028	          0.00000166	          0.00000482	          0.00000253	          0.59673683	        -43.44752995	         -3.70501313	         28.76115446	          1.43452273	          0.44812381	          0.38735826	         -4.93938078	        -61.44587775	          1.30414457	         12.87798748	         -0.38923036	          6.00455883	         -0.03637534	          0.44988335	         38.44784959	        -10.52521896	          7.81288232	         -0.45891410	         -1.31629876	          6.35087385	         -1.46300699	         -0.65093674	          0.81677653	          2.08745224	         -0.01055369	         -0.11219399	
          4.52000000	          0.00000074	         -0.00000313	          0.00000044	          0.00000129	          0.00000542	          0.00000358	         -1.20555042	        -39.63906198	         -4.44183291	         27.95953337	          2.41332759	          0.39612006	          2.59867319	         -4.66429970	        -65.10753862	          1.36433243	         13.01394997	         -0.41521149	          6.36542547	         -0.04018241	          3.03448683	         40.66653562	        -11.81758123	          8.28683497	         -0.77943828	         -1.28400321	          7.04137956	         -1.41945227	         -0.71728383	          0.81499794	          2.44582293	          0.02121732	         -0.11563552	
          4.53000000	          0.00000030	         -0.00000300	          0.00000046	          0.00000090	          0.00000535	          0.00000348	         -1.81531004	        -35.40305462	         -4.97323434	         26.57783202	          3.60109691	          0.31437547	          4.30042047	         -4.24854847	        -69.46730271	          1.42582442	         13.51415241	         -0.43741262	          6.81944093	         -0.04448069	          5.11306152	         43.24369750	        -12.64083092	          8.49295674	         -0.95625288	         -1.19714210	          7.70558095	         -1.34402041	         -0.77948494	          0.87675019	          2.79977636	          0.05732692	         -0.11776476	
          4.54000000	         -0.00000021	         -0.00000197	          0.00000026	          0.00000035	          0.00000494	          0.00000245	          2.03331627	        -31.46004340	         -5.00227711	         23.57379418	          4.93387475	          0.21876482	          3.24753363	         -3.49654410	        -74.29136436	          1.47864830	         14.38029533	         -0.44173810	          7.38227234	         -0.04971696	          4.76451354	         45.71581879	        -12.01985568	          8.13132855	         -0.86304434	         -1.06504453	          7.98938256	         -1.24171503	         -0.82353563	          1.01461439	          2.98057343	          0.08722595	         -0.12002337	
          4.55000000	         -0.00000100	         -0.00000016	         -0.00000001	         -0.00000056	          0.00000474	          0.00000058	          8.07300376	        -28.01553555	         -4.72599514	         19.67728225	          6.20257239	          0.10354780	          0.89329910	         -2.43356284	        -79.85461480	          1.51956530	         15.50369130	         -0.43678953	          8.06832438	         -0.05488979	          3.26354954	         48.18052803	        -10.50959382	          7.25181962	         -0.69619565	         -0.86547591	          8.10923997	         -1.08170516	         -0.84385821	          1.12691647	          3.07790839	          0.11211320	         -0.12046112	
          4.56000000	         -0.00000146	          0.00000036	         -0.00000010	         -0.00000085	          0.00000435	          0.00000022	         15.69410166	        -26.17593269	         -4.35487201	         15.43077389	          7.17338155	         -0.12044442	         -2.70689821	         -1.28693984	        -86.01515400	          1.55042171	         16.46571205	         -0.40946422	          8.86877305	         -0.05995292	          0.65517280	         49.89653054	         -8.30710446	          5.96065785	         -0.43006612	         -0.62749405	          7.98283951	         -0.95888341	         -0.85333703	          1.19860330	          3.03128043	          0.12745099	         -0.11975723	
          4.57000000	         -0.00000194	          0.00000039	         -0.00000012	         -0.00000113	          0.00000378	          0.00000035	         24.34800134	        -25.11079314	         -4.05557701	         10.87319771	          7.91191103	         -0.37129432	         -7.15807504	         -0.05054459	        -92.63026210	          1.57431214	         17.20333904	         -0.37370515	          9.77274898	         -0.06475362	         -2.64958430	         51.41036893	         -5.73254099	          4.62388137	         -0.22136827	         -0.39339979	          7.53539458	         -1.00264253	         -0.83715668	          1.19455724	          2.77988181	          0.13030829	         -0.11169839	
          4.58000000	         -0.00000321	          0.00000069	         -0.00000025	         -0.00000212	          0.00000308	          0.00000031	         33.31734579	        -24.48007721	         -3.86747143	          6.14879394	          8.63530645	         -0.68750416	        -12.11505791	          1.25435103	        -99.36116861	          1.59232622	         17.63572697	         -0.32713198	         10.75823482	         -0.06907394	         -6.11519374	         52.63272108	         -3.06030526	          3.25635555	          0.00282703	         -0.14487290	          6.97630436	         -1.14638219	         -0.81555084	          1.14267920	          2.44177895	          0.12821133	         -0.10080790	
          4.59000000	         -0.00000298	         -0.00000014	         -0.00000010	         -0.00000174	          0.00000193	          0.00000129	         40.00752996	        -25.73464401	         -3.81625957	          2.15909078	          8.31444454	         -1.02015738	        -16.08642042	          2.35466954	       -105.90883172	          1.62157512	         17.37828383	         -0.28949856	         11.80137510	         -0.07187224	         -8.27739409	         52.93061205	         -0.33429901	          2.57628345	          0.13106008	         -0.00397072	          6.44529412	         -1.54340921	         -0.82300770	          1.14130073	          2.00433572	          0.10999023	         -0.08487306	
          4.60000000	         -0.00000247	         -0.00000088	         -0.00000006	         -0.00000105	          0.00000034	          0.00000217	         44.29433906	        -27.14209059	         -3.82185398	         -1.25552590	          7.89772377	         -1.48239980	        -18.99145525	          3.30223550	       -111.69540917	          1.66220266	         16.60949523	         -0.23936120	         12.87205418	         -0.07314334	         -8.91383230	         52.64649058	          1.98748745	          2.37544654	          0.32250917	          0.09241968	          6.04181878	         -2.05084771	         -0.87081351	          1.23780054	          1.59013081	          0.08517176	         -0.06924584	
          4.61000000	         -0.00000184	         -0.00000084	         -0.00000032	         -0.00000058	         -0.00000083	          0.00000200	         45.36296464	        -28.62741226	         -3.82166635	         -3.98160323	          7.35842918	         -2.13748664	        -20.34946918	          4.05375949	       -116.25419104	          1.72608368	         15.26176610	         -0.16467347	         13.94400379	         -0.07261090	         -7.44864488	         51.55959949	          3.81053078	          2.88058177	          0.60449521	          0.11775409	          5.80782002	         -2.66723829	         -0.96911634	          1.51352404	          1.21632491	          0.05104111	         -0.05369762	
          4.62000000	         -0.00000016	         -0.00000270	         -0.00000049	          0.00000117	         -0.00000181	          0.00000374	         43.94001231	        -28.52520378	         -3.71601099	         -6.09112160	          8.02852807	         -3.18768341	        -20.30858842	          4.61763051	       -119.22010896	          1.82164648	         13.66525283	         -0.02415147	         14.99661921	         -0.07041834	         -4.62799041	         49.60300067	          4.84116981	          3.85319460	          0.98740457	          0.09184656	          5.87331163	         -3.14566142	         -1.10185275	          1.94956572	          1.03884643	          0.01597730	         -0.04440027	
          4.63000000	          0.00000128	         -0.00000372	         -0.00000052	          0.00000255	         -0.00000272	          0.00000455	         42.34453099	        -25.83248279	         -3.43565092	         -8.87390895	         10.49833572	         -4.71520601	        -20.01742114	          5.20367457	       -120.34805759	          1.97448548	         12.08947253	          0.22549137	         16.02021221	         -0.06765163	         -1.47261230	         46.81602300	          5.56682550	          4.89748737	          1.47430774	          0.07097193	          5.95087260	         -3.45614615	         -1.21276794	          2.45396340	          0.93141501	         -0.01684625	         -0.03676246	
          4.64000000	          0.00000414	         -0.00000410	         -0.00000005	          0.00000524	         -0.00000272	          0.00000483	         41.38549617	        -22.29912126	         -3.04510724	        -10.88955575	         14.40890585	         -6.58696355	        -20.33209257	          5.13010754	       -119.56289577	          2.29709065	         10.31716691	          0.57455479	         17.00497913	         -0.06458807	         -0.02048378	         42.35753559	          6.00313952	          5.43139634	          1.73535982	          0.00276146	          6.41528197	         -3.19494491	         -1.27969853	          2.78383128	          1.13379229	         -0.03437368	         -0.04379135	
          4.65000000	          0.00000419	         -0.00000355	         -0.00000011	          0.00000477	         -0.00000089	          0.00000411	         40.81858685	        -15.82617244	         -2.64885355	        -12.09851917	         19.94095466	         -8.54091021	        -20.97263382	          3.81779793	       -117.27115691	          2.99638692	          8.85551271	          0.94199354	         17.96203005	         -0.06135774	          0.23622621	         38.16397214	          5.81339978	          5.76267122	          1.69702788	         -0.11854013	          6.76898741	         -2.79447883	         -1.29838808	          2.95644809	          1.35547131	         -0.04477310	         -0.05394956	
          4.66000000	          0.00000453	         -0.00000226	          0.00000030	          0.00000548	         -0.00000243	          0.00000309	         39.41967781	         -6.69698705	         -2.27849100	        -10.92657166	         26.36217757	        -10.24063579	        -21.34331829	          0.39953929	       -113.71561054	          4.28355170	          7.85714752	          1.21254136	         18.88066333	         -0.05783834	         -0.87562202	         34.85409522	          4.67016385	          5.96565221	          1.23751524	         -0.34939473	          7.08322791	         -2.30960296	         -1.29631739	          2.95328666	          1.61296736	         -0.04752762	         -0.07106999	
          4.67000000	         -0.00000156	         -0.00000171	         -0.00000038	          0.00000082	         -0.00000862	          0.00000295	         36.07142087	          3.27462654	         -1.88363761	         -7.33264967	         32.40004134	        -11.51119170	        -20.97451204	         -5.02935734	       -109.02430080	          6.12360130	          7.04604536	          1.37410147	         19.73488176	         -0.05355041	         -2.48929942	         31.81597321	          2.95331002	          5.64621958	          0.61479433	         -0.50133106	          7.05289647	         -1.88184395	         -1.21377748	          2.73331519	          1.76249261	         -0.03888578	         -0.08065343	
          4.68000000	         -0.00000151	         -0.00000277	         -0.00000038	          0.00000153	         -0.00001120	          0.00000439	         29.87057349	         14.59282774	         -1.33772010	         -2.06440828	         37.96447942	        -12.33586492	        -18.44592636	        -11.77120230	       -103.16622031	          8.23162869	          6.65733563	          1.50204351	         20.46107889	         -0.04980298	         -3.40971281	         28.86082418	          0.71127181	          5.28231567	         -0.11754660	         -0.66111079	          6.71309490	         -1.56145025	         -1.09787437	          2.44923721	          1.81348072	         -0.02870405	         -0.08598890	
          4.69000000	         -0.00000066	         -0.00000353	         -0.00000053	          0.00000153	         -0.00000860	          0.00000468	         21.86067690	         25.10001675	         -0.75735045	          3.56066764	         42.63192514	        -12.89426403	        -14.76492188	        -19.07805178	        -96.24539253	         10.55856286	          6.18512377	          1.63137036	         20.99181985	         -0.04470054	         -3.27535042	         24.69618449	         -1.45873388	          4.51262575	         -0.67359323	         -0.64534663	          5.92639129	         -1.42571285	         -0.91094188	          2.07640887	          1.70578242	         -0.01437752	         -0.07592750	
          4.70000000	          0.00000012	         -0.00000396	         -0.00000073	          0.00000135	         -0.00000541	          0.00000465	         15.67160379	         33.76023851	         -0.67749157	          6.70477270	         45.87668317	        -13.17124731	        -11.78945300	        -25.14823938	        -88.21107379	         12.82161737	          5.30380989	          1.77014208	         21.19145150	         -0.04015159	         -2.66683919	         19.29123099	         -2.83505455	          3.41601251	         -1.15941460	         -0.53785820	          4.94650609	         -1.22966877	         -0.66730998	          1.63084821	          1.55704099	         -0.00075175	         -0.05790431	
          4.71000000	          0.00000035	         -0.00000381	         -0.00000075	          0.00000077	         -0.00000256	          0.00000404	         12.30974720	         40.24089887	         -1.38505435	          6.36111095	         46.53763454	        -13.00187324	        -10.33993232	        -29.14402803	        -79.68053057	         14.88589083	          4.25375721	          1.88810534	         20.97763976	         -0.03706884	         -1.20970894	         14.03945134	         -3.36684254	          2.25791169	         -1.63230884	         -0.38484790	          3.88861806	         -1.00647196	         -0.39591371	          1.18555823	          1.40132118	          0.00818896	         -0.03340175	
          4.72000000	          0.00000120	         -0.00000343	         -0.00000079	          0.00000082	         -0.00000249	          0.00000309	          8.50790753	         39.31758130	         -2.36586422	          4.98443980	         41.15666456	        -11.48630630	         -9.70934441	        -32.01915379	        -71.30915296	         16.83648778	          1.97880123	          1.77977928	         20.30283064	         -0.03484282	          2.30421904	          8.06995331	         -3.92992043	          1.54672267	         -1.85786658	         -0.22116440	          3.17446403	         -0.92764901	         -0.26069937	          0.95241145	          1.29678514	          0.00748695	         -0.01424351	
          4.73000000	          0.00000009	         -0.00000298	         -0.00000041	         -0.00000010	          0.00000073	          0.00000290	          4.14925751	         37.63872946	         -2.96283837	          4.78983833	         34.35398843	         -9.70806192	        -10.21121205	        -35.17874689	        -65.17091140	         18.98446470	          1.37220821	          1.58000058	         19.26425813	         -0.03339552	          6.80215572	          4.52711090	         -5.03443484	          1.66730926	         -1.99155800	         -0.14970190	          3.21832971	         -1.13742775	         -0.34645702	          1.02741311	          1.35669117	         -0.00163336	         -0.00952303	
          4.74000000	          0.00000040	         -0.00000187	         -0.00000025	          0.00000017	          0.00000116	          0.00000158	          1.38770260	         37.24010762	         -3.78141958	          2.24666021	         29.18761503	         -8.47630679	        -11.52977526	        -36.33191903	        -58.94883503	         20.77809918	          1.16883327	          1.45355658	         17.86093920	         -0.03240752	         12.54099121	          1.31581531	         -6.25138528	          2.32884210	         -2.06336921	         -0.15222173	          3.67527937	         -1.22729804	         -0.52564654	          1.29011919	          1.50936746	         -0.02133707	         -0.01234249	
          4.75000000	         -0.00000016	         -0.00000072	         -0.00000006	         -0.00000029	          0.00000102	          0.00000061	          0.54782712	         38.12105671	         -4.97182752	         -1.48476133	         25.41855330	         -7.64575250	        -13.03462162	        -36.01870253	        -51.96279575	         22.16062814	          1.37505408	          1.34912272	         16.12966544	         -0.03154276	         17.56851991	         -1.68538613	         -7.22690178	          2.99986417	         -2.16713610	         -0.20225554	          4.24482948	         -1.14963822	         -0.69205007	          1.54103276	          1.71243272	         -0.04128716	         -0.01824934	
          4.76000000	          0.00000042	         -0.00000035	         -0.00000008	          0.00000039	          0.00000064	          0.00000009	         -0.25642560	         39.28745523	         -6.19762954	         -4.45237981	         22.04234231	         -6.88479305	        -13.44528371	        -35.26657910	        -44.50447680	         23.13649331	          2.05065278	          1.32127616	         14.17136361	         -0.03059108	         21.67513523	         -4.59241805	         -8.27900550	          3.68028122	         -2.23907104	         -0.29078696	          4.85644057	         -0.99328587	         -0.86207356	          1.78148000	          1.92360504	         -0.05983671	         -0.02860901	
          4.77000000	         -0.00000029	          0.00000042	         -0.00000007	         -0.00000034	          0.00000090	         -0.00000070	         -0.77956137	         38.30029493	         -7.12662597	         -5.80807318	         17.87456783	         -5.98377282	        -12.93624143	        -34.91347536	        -36.92732083	         23.75577806	          2.38122499	          1.49764433	         12.09205934	         -0.02896463	         23.78307285	         -8.44551723	         -9.05292027	          4.01792134	         -2.33920864	         -0.39796717	          5.49974692	         -0.76612191	         -1.00166578	          1.89682008	          2.17359203	         -0.06930681	         -0.04286835	
          4.78000000	         -0.00000027	          0.00000019	          0.00000000	         -0.00000015	          0.00000072	         -0.00000030	          2.16445206	         34.87530430	         -7.92269605	         -9.75369265	         10.19498612	         -4.39012915	        -13.66654904	        -32.27870443	        -29.08066624	         23.52140760	          2.31984309	          1.75166714	          9.90948048	         -0.02769716	         24.85693048	        -10.66014173	         -8.39955871	          4.06553338	         -2.83536337	         -0.59749420	          6.06725963	         -0.23408556	         -1.02967732	          1.84108585	          2.46299074	         -0.08029526	         -0.05239378	
          4.79000000	         -0.00000026	          0.00000031	         -0.00000004	         -0.00000028	          0.00000069	         -0.00000039	          9.73201447	         31.09732441	         -8.75970608	        -16.48920986	         -0.32518744	         -2.24984166	        -15.77731823	        -27.56641214	        -21.27837617	         22.54102740	          2.90900982	          2.00317837	          7.69347294	         -0.02657334	         23.85620366	        -10.28538439	         -5.87152752	          3.54438387	         -3.57999579	         -0.80759132	          6.35288648	          0.48051986	         -0.90999183	          1.57354996	          2.71788951	         -0.08482352	         -0.05391903	
          4.80000000	         -0.00000026	          0.00000061	         -0.00000001	         -0.00000012	          0.00000053	         -0.00000066	         21.23415416	         22.99916393	         -9.08208567	        -26.05281436	        -12.65446934	          0.03744731	        -20.57700895	        -20.86186435	        -13.20580255	         20.94559720	          1.68007380	          2.25570222	          5.42742862	         -0.02547735	         21.73834254	        -10.87594514	         -2.06114317	          2.52573379	         -4.34185957	         -0.96326003	          6.58918436	          1.34151070	         -0.71478110	          1.15625496	          2.96983509	         -0.08537352	         -0.04963743	
          4.81000000	         -0.00000016	          0.00000062	         -0.00000007	         -0.00000012	          0.00000021	         -0.00000087	         35.07357430	         16.46092860	         -9.55689176	        -36.89810226	        -24.81841032	          2.16727862	        -26.29480005	        -13.39970976	         -5.71681538	         19.02940603	          1.27564109	          2.52509000	          3.24957561	         -0.02397500	         18.54551948	         -9.79489421	          2.54802969	          1.20637388	         -5.06971643	         -1.06957783	          6.57680477	          2.17937389	         -0.45384430	          0.66346037	          3.14060047	         -0.08174908	         -0.04000776	
          4.82000000	          0.00000001	          0.00000071	         -0.00000002	          0.00000020	          0.00000049	         -0.00000059	         51.75340044	          7.67367333	         -9.52896548	        -50.31152073	        -38.81459508	          4.24859577	        -34.27719822	         -4.49948767	          1.27802650	         16.74327367	         -0.25479291	          2.72400400	          1.17342734	         -0.02367122	         15.14659895	         -8.06442051	          8.54550690	         -0.52587629	         -5.78331421	         -1.11657406	          6.51201544	          3.15805462	         -0.12342906	          0.07770053	          3.30171782	         -0.07576197	         -0.02453389	
          4.83000000	          0.00000043	          0.00000117	          0.00000002	          0.00000028	          0.00000008	         -0.00000106	         61.87345732	         -4.75960145	         -6.93448862	        -56.76113610	        -57.43103476	          7.13879208	        -40.22532761	          0.78298213	          6.62146607	         14.82471075	         -2.29307945	          2.64564388	         -0.58899320	         -0.02520203	         11.79502072	         -5.15914455	         13.32630331	         -1.75814662	         -6.20330625	         -1.14460799	          6.45263763	          3.64158837	          0.06753140	         -0.29074480	          3.34917723	         -0.06915240	         -0.01666875	
          4.84000000	          0.00000008	          0.00000098	          0.00000008	          0.00000013	          0.00000076	         -0.00000072	         54.04788486	         -5.95485770	         -6.01660073	        -48.90195356	        -61.99789409	          7.96198425	        -34.18174974	         -2.54582127	          6.67578709	         14.30302074	         -3.24770000	          3.03136286	         -0.97239909	         -0.02404255	         11.80356611	         -2.99418369	         11.38851469	         -1.33659851	         -5.74073564	         -1.07329321	          5.37491398	          2.83875730	          0.04194251	         -0.03517157	          2.90110672	         -0.05863228	         -0.01828971	
          4.85000000	          0.00000021	          0.00000109	          0.00000004	          0.00000007	          0.00000033	         -0.00000106	         48.67489039	         -7.39085558	         -5.04736534	        -43.58524992	        -69.58092646	          9.00774489	        -30.59930353	         -4.51553967	          6.63134560	         13.56054096	         -3.05609866	          3.17786770	         -1.17748216	         -0.02342968	         12.33347233	          1.36348449	         10.31938371	         -0.90740760	         -5.28187515	         -0.98964236	          4.52106302	          2.13115354	          0.01269836	          0.23013162	          2.50335757	         -0.04820431	         -0.01973929	
          4.86000000	          0.00000019	          0.00000104	          0.00000003	          0.00000019	          0.00000039	         -0.00000074	         46.05143150	         -8.72586534	         -4.41018425	        -42.86659252	        -77.89119945	          9.92618650	        -28.63933592	         -3.93688835	          6.57606857	         12.38363261	         -2.87422030	          3.18195374	         -1.30368290	         -0.02317915	         14.64282770	          6.42011753	         10.20322548	         -0.56736795	         -4.94169693	         -0.91755255	          3.94796205	          1.67944413	          0.00431186	          0.45420532	          2.22403305	         -0.03958965	         -0.01967422	
          4.87000000	          0.00000026	          0.00000035	          0.00000001	          0.00000020	          0.00000017	         -0.00000043	         44.25122665	         -9.01492852	         -4.14305038	        -44.96191193	        -83.04716905	         10.18190044	        -26.83254729	         -1.87294952	          6.36130609	         10.92246437	         -2.62580088	          3.27831509	         -1.34786855	         -0.02344544	         18.75523095	          9.52258225	         10.18072404	         -0.20408105	         -4.62648011	         -0.84673456	          3.82009182	          1.49846195	         -0.01953758	          0.66678257	          2.12797079	         -0.03299184	         -0.02029736	
          4.88000000	          0.00000028	         -0.00000027	         -0.00000004	          0.00000029	          0.00000025	          0.00000037	         42.55469570	         -8.75379850	         -4.03037597	        -47.79935322	        -86.87285402	         10.24858453	        -24.85874522	          0.53686596	          5.97920192	          9.31831683	         -2.31111643	          3.43286867	         -1.31522067	         -0.02185601	         23.44250729	         11.71963753	         10.03735332	          0.18545997	         -4.27866021	         -0.76315146	          3.85901574	          1.40617955	         -0.05339943	          0.89215658	          2.10490956	         -0.02668395	         -0.02147066	
          4.89000000	          0.00000025	         -0.00000037	          0.00000001	          0.00000016	         -0.00000012	          0.00000025	         41.25174692	         -7.95417898	         -4.00672119	        -51.45146674	        -86.91472594	          9.82158783	        -22.76832043	          3.26920249	          5.50312419	          7.59991132	         -1.98312080	          3.84623868	         -1.23384238	         -0.01686411	         28.45221713	         10.85171209	          9.78513381	          0.62053871	         -3.99165798	         -0.70723138	          4.37578547	          1.59047722	         -0.10962308	          1.10993972	          2.28981147	         -0.02387827	         -0.02418551	
          4.90000000	          0.00000021	         -0.00000066	         -0.00000008	          0.00000025	         -0.00000027	          0.00000076	         40.72249865	         -7.39143098	         -3.94612026	        -55.19559427	        -86.22622811	          9.47314631	        -21.01897096	          5.98693518	          5.08656851	          5.85691264	         -1.71872782	          4.41692856	         -1.15178920	         -0.00278852	         32.82525038	          8.95903553	          9.63496637	          1.07296825	         -3.80868457	         -0.68978943	          5.10425524	          1.91741054	         -0.16874882	          1.31995004	          2.57718865	         -0.02400568	         -0.02732288	
          4.91000000	          0.00000019	         -0.00000069	         -0.00000009	          0.00000028	         -0.00000082	          0.00000064	         41.36218996	         -7.42296675	         -3.77842397	        -59.37653029	        -85.24737780	          9.26743454	        -19.89389474	          8.93301634	          4.82070342	          4.13874682	         -1.55995097	          5.11254215	         -1.10225698	          0.02307862	         36.49021161	          6.20945175	          9.75430963	          1.55249110	         -3.79406367	         -0.73707364	          6.06696263	          2.42649788	         -0.22525459	          1.51414358	          2.97970751	         -0.02836800	         -0.03061867	
          4.92000000	          0.00000017	         -0.00000039	         -0.00000015	          0.00000030	         -0.00000085	          0.00000040	         42.21999795	         -7.84818277	         -3.54506470	        -60.83671584	        -84.28693242	          9.44643739	        -19.08448068	         10.23256454	          4.70425329	          2.87127818	         -1.49465208	          5.96662270	         -1.09633292	          0.06044092	         37.45976446	          3.30455638	          9.71011147	          2.03550336	         -3.89554198	         -0.82930728	          6.98085277	          2.91337942	         -0.27966193	          1.69664885	          3.37562929	         -0.03521118	         -0.03415990	
          4.93000000	          0.00000017	         -0.00000062	         -0.00000023	          0.00000034	         -0.00000105	          0.00000053	         43.34760032	         -8.35942170	         -3.33411749	        -61.05101847	        -82.93756530	          9.79275317	        -18.64062349	         10.73911374	          4.68352249	          2.11052896	         -1.48796555	          6.86039239	         -1.12083946	          0.09733929	         37.00704795	          0.37071167	          9.58481640	          2.45890657	         -4.00676006	         -0.92062835	          7.81669174	          3.35154031	         -0.33323823	          1.84790536	          3.73635957	         -0.04186294	         -0.03763913	
          4.94000000	          0.00000017	         -0.00000063	         -0.00000027	          0.00000032	         -0.00000086	          0.00000050	         43.34291422	         -8.95701317	         -3.10698545	        -56.51439800	        -82.37330127	         10.41662769	        -18.05933371	          8.38327843	          4.69328963	          2.33098869	         -1.50766521	          7.61694495	         -1.16233203	          0.12294889	         33.23524810	         -1.36411159	          9.09395176	          2.68123760	         -4.11307624	         -0.99290018	          8.27828543	          3.55849866	         -0.37949222	          1.92413400	          3.93804891	         -0.04676129	         -0.04116539	
          4.95000000	         -0.00000015	         -0.00000011	         -0.00000017	         -0.00000003	         -0.00000047	         -0.00000002	         42.56583898	         -9.49753698	         -2.90824064	        -50.21331185	        -82.55941342	         10.90346313	        -17.35248843	          4.97310715	          4.66300050	          3.24855585	         -1.51592204	          8.00200180	         -1.19532526	          0.12935126	         28.48709310	         -1.93111889	          8.63797552	          2.66183432	         -4.17948023	         -1.02749110	          8.50898621	          3.67005636	         -0.40807637	          1.91334635	          4.03216417	         -0.04939619	         -0.04362461	
          4.96000000	         -0.00000051	         -0.00000014	         -0.00000009	         -0.00000042	         -0.00000004	          0.00000010	         40.18378256	         -9.71501928	         -2.72524416	        -41.25662154	        -83.05030640	         11.26426123	        -16.01738840	          0.03038977	          4.50825279	          4.72011854	         -1.47281327	          8.16109656	         -1.19404932	          0.12170370	         22.74395383	         -1.62864726	          7.85792045	          2.42976897	         -4.13323808	         -0.99895604	          8.43702839	          3.61726073	         -0.42257273	          1.83609675	          3.98794001	         -0.04845915	         -0.04507698	
          4.97000000	         -0.00000059	         -0.00000026	         -0.00000003	         -0.00000051	          0.00000023	          0.00000026	         35.90004678	         -9.72967399	         -2.39321564	        -31.42515773	        -84.44985980	         11.28232012	        -13.85339176	         -5.14133964	          4.18563127	          6.26254429	         -1.36044292	          8.03626912	         -1.13601550	          0.11111789	         17.85131818	         -0.30789820	          6.89503893	          1.97538529	         -3.91165120	         -0.88213934	          8.04066713	          3.38897716	         -0.41532347	          1.70547135	          3.77667100	         -0.04333976	         -0.04411735	
          4.98000000	         -0.00000033	         -0.00000039	          0.00000000	         -0.00000031	          0.00000020	          0.00000041	         31.13958198	        -10.25201373	         -1.82463706	        -22.70282173	        -87.62796207	         10.86160059	        -11.27987055	         -9.40448444	          3.71517902	          7.44206070	         -1.19740650	          7.51794458	         -1.00788247	          0.10247837	         14.30240759	          1.87385586	          6.53183823	          1.49698814	         -3.86705430	         -0.83487983	          7.80908881	          3.23578703	         -0.42477675	          1.55333330	          3.62379427	         -0.04219665	         -0.04442008	
          4.99000000	         -0.00000015	          0.00000002	         -0.00000010	         -0.00000011	         -0.00000002	         -0.00000001	         25.81340352	        -10.91010268	         -1.03891182	        -15.79318410	        -91.14930300	          9.50750261	         -8.36543387	        -12.31606596	          3.15538275	          8.07683747	         -1.00585704	          6.50220463	         -0.82215941	          0.10032741	         12.68210946	          3.97603312	          6.80540969	          0.99449327	         -3.87706436	         -0.81101271	          7.41632324	          3.14342892	         -0.36725006	          1.39859014	          3.43404188	         -0.04250482	         -0.03990375	
          5.00000000	          0.00000009	         -0.00000008	         -0.00000016	          0.00000014	         -0.00000028	          0.00000000	         18.76698303	        -12.06909995	          0.12892217	         -7.98010054	        -93.74914468	          6.99431143	         -4.65747438	        -15.72562343	          2.55705428	          8.43961961	         -0.82379967	          4.83866523	         -0.60557083	          0.10103903	         11.64557138	          4.60171517	          7.16087333	          0.45046822	         -3.79325878	         -0.74729226	          6.89270705	          3.03862567	         -0.27398779	          1.23621490	          3.21280194	         -0.04019163	         -0.03292405	
          5.01000000	          0.00000051	         -0.00000012	         -0.00000020	          0.00000052	          0.00000005	         -0.00000002	         11.22185282	        -11.95825466	          1.00933413	         -0.86068962	        -92.99106231	          3.17939066	         -0.74624974	        -18.97261794	          2.03038008	          8.35970515	         -0.64183354	          2.79169472	         -0.40351094	          0.10723579	         11.65306536	          3.34235790	          7.74452183	         -0.04219422	         -3.71044320	         -0.69379965	          6.46826359	          2.93274741	         -0.19355796	          1.09167220	          3.02738583	         -0.03832912	         -0.02657067	
          5.02000000	          0.00000066	         -0.00000049	         -0.00000017	          0.00000064	          0.00000006	          0.00000032	          5.10378329	        -12.16659619	          1.77397244	          3.27732932	        -91.83787641	         -1.26118352	          2.40215604	        -20.67016073	          1.69115811	          7.57867975	         -0.51497668	          0.34449105	         -0.25739998	          0.10972020	         13.14096462	          1.17925806	          8.68731134	         -0.38575796	         -3.88850816	         -0.74331320	          6.26634564	          2.94953820	         -0.13714405	          0.95209943	          2.97283221	         -0.04102866	         -0.02267564	
          5.03000000	          0.00000056	         -0.00000073	         -0.00000013	          0.00000054	          0.00000003	          0.00000058	          0.67390402	        -11.99636041	          2.22742268	          5.00424157	        -90.10511851	         -5.36129156	          4.67879024	        -20.96014939	          1.51355767	          5.87515737	         -0.42544233	         -1.50424106	         -0.16565840	          0.12692149	         15.45286505	         -1.52585911	          9.47954001	         -0.63919202	         -4.14283506	         -0.82185445	          6.24098074	          2.95690702	         -0.12820150	          0.84297788	          2.99850097	         -0.04503908	         -0.02191339	
          5.04000000	          0.00000075	         -0.00000081	         -0.00000021	          0.00000082	         -0.00000034	          0.00000060	         -1.95782232	        -13.11495115	          2.72592414	          4.17738731	        -90.94382710	         -8.26090275	          6.14434544	        -19.55428085	          1.45161802	          3.24516324	         -0.38603731	         -2.69865117	         -0.10709316	          0.15945871	         18.71444825	         -3.61071320	          9.63053869	         -0.60475284	         -4.54625405	         -0.96456170	          6.38974332	          2.86926522	         -0.21082676	          0.82026895	          3.12955649	         -0.05165946	         -0.02725400	
          5.05000000	          0.00000047	         -0.00000061	         -0.00000018	          0.00000059	         -0.00000028	          0.00000041	         -3.80530665	        -13.39096868	          2.90520886	          2.88541500	        -91.17578960	         -9.14606800	          7.27963902	        -17.61468558	          1.44110209	         -0.07660290	         -0.34576989	         -2.26969190	         -0.07889347	          0.25250310	         21.97140679	         -5.66399516	          8.10735054	         -0.28727546	         -4.69372463	         -1.02325904	          6.37912070	          2.42873970	         -0.36648024	          0.94219436	          3.19894630	         -0.05365258	         -0.03619652	
          5.06000000	          0.00000023	         -0.00000052	         -0.00000010	          0.00000037	         -0.00000026	          0.00000042	         -5.16244134	        -14.85302019	          3.22975542	          1.52292489	        -94.04129767	         -8.23385795	          8.03398502	        -15.22841731	          1.45754569	         -3.73429041	         -0.33929543	         -0.83411676	         -0.07126406	          0.48573037	         25.01821995	         -6.41947733	          5.37393763	          0.32924015	         -4.76695161	         -1.06988943	          6.12726384	          1.75819289	         -0.54295347	          1.18228577	          3.20541491	         -0.05462566	         -0.04616115	
          5.07000000	          0.00000012	          0.00000049	          0.00000003	          0.00000025	         -0.00000081	         -0.00000043	         -5.67459607	        -20.07106790	          4.06354877	         -0.77576855	       -104.72657418	         -5.52152661	          8.11876403	        -11.77969406	          1.49763073	         -6.58214358	         -0.43274222	          0.52393834	         -0.06901778	          0.80644346	         28.01681822	         -3.18850083	          2.34035705	          1.22272887	         -4.84260295	         -1.15517385	          5.57164001	          0.99768850	         -0.68091146	          1.52390487	          3.12685407	         -0.05769596	         -0.05360077	
          5.08000000	          0.00000006	          0.00000004	         -0.00000003	          0.00000023	         -0.00000050	         -0.00000009	         -4.36730752	        -21.96551132	          4.10951110	         -4.83758334	       -109.63821985	         -1.38386859	          7.69161600	         -8.20569157	          1.50352205	         -7.15361137	         -0.43630234	          2.46116477	         -0.06718961	          1.00429214	         30.76896311	         -0.40453714	         -1.09419991	          2.15866362	         -4.70783959	         -1.18927891	          5.08447051	          0.11195688	         -0.87627131	          1.87182401	          3.01581054	         -0.05891831	         -0.06358047	
          5.09000000	          0.00000027	         -0.00000003	          0.00000006	          0.00000020	          0.00000069	          0.00000001	         -1.11213077	        -20.66376809	          3.48990166	        -10.71271409	       -107.85171283	          2.51076820	          6.70547550	         -5.02868397	          1.48808630	         -4.69391521	         -0.38647323	          4.04759889	         -0.06488101	          0.93438276	         32.95925903	          0.77642524	         -3.20665610	          2.61747926	         -4.32306637	         -1.12016966	          4.72492120	         -0.51934401	         -1.00956854	          2.05803995	          2.90578037	         -0.05641775	         -0.06858703	
          5.10000000	         -0.00000004	          0.00000048	          0.00000008	          0.00000004	         -0.00000050	         -0.00000050	          2.24698319	        -19.24628429	          2.90234492	        -15.01039327	       -105.06846702	          6.53370807	          5.62331633	         -3.54632849	          1.46071198	         -0.36635947	         -0.34826504	          5.19516237	         -0.06171050	          0.66167259	         33.55428605	          1.59401105	         -4.98803751	          2.99900522	         -3.86588828	         -1.03140995	          4.13525898	         -1.03256940	         -1.04534634	          2.20158743	          2.68692169	         -0.05387171	         -0.06770673	
          5.11000000	          0.00000035	          0.00000042	          0.00000002	          0.00000025	          0.00000122	         -0.00000042	          3.61562452	        -15.06341219	          2.12294344	        -15.28231347	        -97.66413810	         10.79955250	          5.58732571	         -4.75936795	          1.37528937	          4.26344359	         -0.25789722	          7.00499674	         -0.05743783	          0.35279964	         32.56501095	          0.31654746	         -7.63615402	          3.36628509	         -3.01784921	         -0.79054122	          3.26289366	         -1.72859202	         -1.04617742	          2.38735159	          2.29933514	         -0.04441222	         -0.06387721	
          5.12000000	          0.00000001	          0.00000041	          0.00000001	          0.00000015	         -0.00000083	         -0.00000041	          4.60146913	        -10.54451946	          1.41397607	        -12.78724337	        -88.35402285	         14.08060808	          5.60197092	         -7.83944972	          1.29251678	          8.24362584	         -0.18107537	          9.01281135	         -0.05296467	          0.13081036	         29.64137345	         -3.25640291	         -9.49863048	          3.47881284	         -2.23972455	         -0.55270048	          2.65985630	         -2.08713085	         -0.99765801	          2.47339607	          1.97257159	         -0.03599713	         -0.05789776	
          5.13000000	          0.00000007	          0.00000061	         -0.00000005	          0.00000009	          0.00000051	         -0.00000059	          4.69326922	         -7.71733585	          0.98116610	         -8.62787782	        -82.19719470	         16.06618611	          5.78775719	        -11.60068840	          1.20949871	         11.25620216	         -0.14844027	         10.35576511	         -0.04768506	          0.03588056	         26.10122842	         -6.21638260	        -10.41907607	          3.51752828	         -1.78764656	         -0.42250095	          2.10218679	         -2.11308707	         -0.85428052	          2.50171983	          1.72067917	         -0.03288202	         -0.04775487	
          5.14000000	         -0.00000002	          0.00000030	         -0.00000002	          0.00000006	          0.00000046	         -0.00000033	          4.59718407	         -7.25117498	          0.80473513	         -2.90038902	        -78.81671285	         17.06528818	          5.71243153	        -16.07944927	          1.13925909	         13.57112423	         -0.17232973	         11.12342862	         -0.04171890	          0.00088223	         21.33109649	         -8.90845253	        -10.61535472	          3.54271857	         -1.65833849	         -0.40798797	          1.64603381	         -1.76355368	         -0.62138328	          2.47667021	          1.55609471	         -0.03508234	         -0.03451347	
          5.15000000	         -0.00000016	          0.00000028	          0.00000003	         -0.00000018	          0.00000040	         -0.00000028	          4.61310645	         -8.46321282	          0.74750425	          2.13475516	        -77.69686310	         17.08765072	          5.41065023	        -19.87667308	          1.07773226	         15.26573368	         -0.23184681	         11.18143807	         -0.03557120	         -0.01509268	         16.99591094	        -10.94769880	        -10.16705969	          3.52317659	         -1.74083050	         -0.46146320	          1.39289907	         -1.22513204	         -0.38551583	          2.41891126	          1.51017239	         -0.03964990	         -0.02250779	
          5.16000000	         -0.00000027	          0.00000048	         -0.00000006	         -0.00000029	          0.00000070	         -0.00000052	          4.80964799	        -10.87251630	          0.73503140	          6.52342958	        -78.32578298	         16.69238238	          4.92674629	        -23.00182926	          1.02471634	         16.42442974	         -0.31623643	         10.84244405	         -0.02947868	         -0.01541282	         13.04362097	        -12.29170221	         -9.51858016	          3.57333465	         -1.99253222	         -0.57938251	          1.31929412	         -0.61935889	         -0.18285809	          2.36767847	          1.54753835	         -0.04658735	         -0.01349053	
          5.17000000	         -0.00000042	          0.00000042	         -0.00000007	         -0.00000043	          0.00000063	         -0.00000047	          5.12314470	        -11.38811153	          0.54354539	          8.63031357	        -76.54820903	         15.77614073	          4.52379285	        -24.76917470	          0.96319079	         17.05773265	         -0.34329456	         10.56091841	         -0.02461629	         -0.01220415	         11.07535652	        -13.96561425	         -8.55919383	          3.55524322	         -2.31578342	         -0.69574052	          1.61783893	          0.02826554	         -0.06543328	          2.30304006	          1.73055780	         -0.05180035	         -0.00960931	
          5.18000000	         -0.00000038	          0.00000027	         -0.00000008	         -0.00000035	          0.00000046	         -0.00000032	          5.84278483	        -12.33297487	          0.36169611	          9.16820591	        -76.18510244	         14.46380932	          3.96330230	        -25.44856433	          0.91795851	         17.45344218	         -0.38084061	          9.93806423	         -0.02062926	         -0.00781687	         10.10127680	        -14.79572206	         -7.16884161	          3.48386033	         -2.70380299	         -0.82531707	          2.10835262	          0.71587517	          0.00895114	          2.22511841	          1.97189026	         -0.05703669	         -0.00832553	
          5.19000000	         -0.00000033	          0.00000001	         -0.00000004	         -0.00000023	          0.00000043	         -0.00000008	          7.39073103	        -13.64883982	          0.19249333	          6.18799769	        -78.38064156	         12.92256848	          3.09425789	        -23.64270570	          0.90135613	         17.45143681	         -0.41650333	          8.86714000	         -0.01868262	         -0.00450426	         11.53756270	        -13.83670509	         -5.42111081	          3.50944766	         -3.21775443	         -1.00288117	          2.95126370	          1.30476543	         -0.05590639	          2.18614201	          2.26929326	         -0.06388191	         -0.01415005	
          5.20000000	         -0.00000017	         -0.00000029	         -0.00000000	         -0.00000009	          0.00000040	          0.00000026	          9.15847166	        -14.87552427	          0.03874923	          2.08147064	        -81.27358721	         11.38934882	          2.16558563	        -21.01849046	          0.90424732	         17.26460670	         -0.44818608	          7.74413576	         -0.01827021	         -0.00186003	         13.80984682	        -12.37762685	         -3.70058579	          3.59102631	         -3.71232332	         -1.18012829	          3.88288407	          1.77966023	         -0.18433614	          2.17366463	          2.55237357	         -0.07087181	         -0.02261733	
          5.21000000	         -0.00000005	         -0.00000009	          0.00000000	          0.00000005	          0.00000023	          0.00000006	         11.23625044	        -15.81137903	         -0.10946824	         -3.22135965	        -84.58300769	          9.98694331	          1.15184281	        -17.52898798	          0.92614802	         16.84278157	         -0.46988800	          6.69545867	         -0.01931156	          0.00017766	         16.90721492	        -10.55268215	         -2.06328553	          3.73090928	         -4.16890920	         -1.34968289	          4.89859208	          2.12883806	         -0.38191204	          2.19425333	          2.81707964	         -0.07764417	         -0.03391211	
          5.22000000	          0.00000003	          0.00000041	         -0.00000003	          0.00000000	          0.00000027	         -0.00000041	         13.20448982	        -16.10636484	         -0.21708465	         -8.29909315	        -87.23180709	          8.82200023	          0.16871170	        -14.17796069	          0.96309355	         16.33867546	         -0.47177405	          5.83328397	         -0.02196835	         -0.00024485	         19.95250745	         -8.96646266	         -0.72628589	          3.88779787	         -4.49508192	         -1.48080346	          5.86986094	          2.30447826	         -0.62156266	          2.23473168	          3.03527326	         -0.08327637	         -0.04631042	
          5.23000000	         -0.00000003	          0.00000060	         -0.00000011	         -0.00000003	          0.00000023	         -0.00000062	         15.10821355	        -15.93495878	         -0.30808940	        -13.00160885	        -89.20093315	          7.80821649	         -0.77577779	        -11.10699449	          1.00738098	         15.75724163	         -0.46083017	          5.18673201	         -0.02527771	         -0.00116711	         22.73835994	         -7.74096937	          0.46550263	          4.00710665	         -4.75125072	         -1.58305133	          6.77258109	          2.42456298	         -0.85963371	          2.27121993	          3.22697914	         -0.08770274	         -0.05804484	
          5.24000000	         -0.00000007	          0.00000069	         -0.00000013	         -0.00000008	          0.00000027	         -0.00000070	         16.88152539	        -15.61947529	         -0.32856328	        -16.70487374	        -90.83598063	          7.01902287	         -1.70516577	         -8.67211049	          1.05836655	         15.16565140	         -0.44056638	          4.70573389	         -0.02911470	         -0.00398230	         24.75982465	         -6.80365858	          1.42098813	          4.06840374	         -4.91071157	         -1.65166344	          7.55698830	          2.44803968	         -1.09127993	          2.29639702	          3.39056199	         -0.09101010	         -0.06867696	
          5.25000000	         -0.00000000	          0.00000072	         -0.00000011	          0.00000007	          0.00000011	         -0.00000074	         18.61376838	        -15.21390121	         -0.30519057	        -19.89218996	        -92.23949753	          6.33957864	         -2.60044376	         -6.56440577	          1.10682031	         14.49569267	         -0.41211512	          4.34723210	         -0.03262754	         -0.00714972	         26.33691423	         -6.09823770	          2.31639349	          4.04359805	         -5.02896348	         -1.70085510	          8.27227247	          2.43067623	         -1.30951770	          2.29672846	          3.55276559	         -0.09345152	         -0.07789566	
          5.26000000	          0.00000012	          0.00000070	         -0.00000011	          0.00000024	         -0.00000001	         -0.00000073	         20.46953722	        -14.93181716	         -0.24035542	        -22.93757136	        -93.79518949	          5.73205942	         -3.53905548	         -4.48879217	          1.15664349	         13.65858784	         -0.38131371	          4.06469312	         -0.03596848	         -0.01065508	         27.64232416	         -5.45110471	          3.20102719	          3.95010122	         -5.13146650	         -1.74166943	          8.95914849	          2.38335461	         -1.52489910	          2.27600150	          3.72330652	         -0.09556767	         -0.08643325	
          5.27000000	          0.00000019	          0.00000044	         -0.00000009	          0.00000031	          0.00000002	         -0.00000045	         22.14446788	        -15.19024404	         -0.10836769	        -25.09018590	        -95.99074956	          5.23146794	         -4.39109913	         -2.78208018	          1.19517333	         12.64166828	         -0.35567633	          3.79544170	         -0.03801867	         -0.01410314	         28.23525053	         -4.78010085	          3.88607278	          3.76645194	         -5.21549250	         -1.76927936	          9.45673866	          2.27859892	         -1.69070595	          2.22347680	          3.87930211	         -0.09675435	         -0.09172180	
          5.28000000	          0.00000024	          0.00000014	         -0.00000004	          0.00000037	          0.00000003	         -0.00000016	         23.03835258	        -15.45223006	          0.04756184	        -25.66725627	        -97.90470799	          4.67436848	         -4.94548966	         -1.88012591	          1.22078339	         11.43635451	         -0.32717000	          3.50754650	         -0.03957517	         -0.01782005	         28.05352370	         -4.24216193	          4.28243819	          3.55699392	         -5.25122365	         -1.76973206	          9.74039208	          2.14453180	         -1.79762159	          2.16428732	          3.98614150	         -0.09633949	         -0.09425259	
          5.29000000	          0.00000025	          0.00000009	         -0.00000003	          0.00000036	          0.00000029	         -0.00000012	         21.50464137	        -15.47698644	          0.25139235	        -21.09120271	        -98.39631787	          4.11871588	         -4.59268015	         -4.03551216	          1.20542922	         10.34732347	         -0.28986659	          3.25091179	         -0.03965140	         -0.02148133	         25.38106844	         -4.30618966	          3.74544529	          3.34020538	         -5.16031152	         -1.70048057	          9.41326597	          1.93142622	         -1.74077609	          2.10211582	          3.94297245	         -0.09177832	         -0.08942473	
          5.30000000	          0.00000027	          0.00000019	         -0.00000003	          0.00000041	          0.00000039	         -0.00000021	         19.88170386	        -16.21980093	          0.47120300	        -15.09357040	        -99.27573164	          3.62213142	         -4.33348018	         -6.87897307	          1.20402945	          8.97672006	         -0.28015959	          3.01390619	         -0.04011739	         -0.02493173	         21.41544869	         -4.32969110	          2.88981319	          3.14874351	         -5.10978235	         -1.63444609	          8.85828687	          1.75230940	         -1.62040776	          2.03550520	          3.84755928	         -0.08725329	         -0.08299103	
          5.31000000	          0.00000035	          0.00000012	          0.00000001	          0.00000045	          0.00000041	         -0.00000013	         19.06673217	        -17.94023733	          0.70478858	         -9.31161429	       -101.26769471	          3.29699115	         -4.52107889	         -9.26783761	          1.23209681	          7.13572245	         -0.30513766	          2.83690916	         -0.04138608	         -0.02600554	         16.77359451	         -4.02359292	          1.88460192	          2.96837087	         -5.13727465	         -1.58987148	          8.18662546	          1.62115875	         -1.46783073	          1.95768093	          3.73432628	         -0.08372632	         -0.07625883	
          5.32000000	          0.00000036	         -0.00000019	          0.00000003	          0.00000047	          0.00000026	          0.00000018	         16.65329021	        -19.14770694	          0.89803046	         -0.38090493	       -101.62016619	          3.00791580	         -4.10116765	        -13.48176090	          1.23967880	          5.30171427	         -0.32872263	          2.81895099	         -0.04256692	         -0.02177641	         10.70623836	         -4.12598075	          0.32259158	          2.91353783	         -5.09779749	         -1.50918576	          7.05080993	          1.47712401	         -1.19276691	          1.93041548	          3.48467253	         -0.07872171	         -0.06573453	
          5.33000000	          0.00000034	         -0.00000022	          0.00000004	          0.00000038	          0.00000027	          0.00000022	         12.38313100	        -19.02598883	          1.05317408	         11.13416485	        -99.07027710	          2.67275992	         -2.86840814	        -19.39058432	          1.20525607	          3.67997062	         -0.32082269	          2.98353842	         -0.04284458	         -0.00016111	          3.98165771	         -5.10630440	         -1.63934386	          2.90466171	         -4.93902694	         -1.37865836	          5.61729958	          1.27575585	         -0.83904881	          1.92541594	          3.13784228	         -0.07131827	         -0.05177144	
          5.34000000	          0.00000030	         -0.00000010	          0.00000000	          0.00000036	          0.00000033	          0.00000008	          9.53288033	        -19.61093683	          1.14769146	         20.10749387	        -97.93019136	          2.83421447	         -2.15579127	        -23.60923401	          1.19935040	          1.97301039	         -0.34128742	          3.34606739	         -0.04416762	          0.04540221	         -1.79676341	         -5.23770277	         -3.54033817	          3.06608607	         -4.89807997	         -1.31009900	          4.21995570	          1.02341243	         -0.53459373	          1.96553900	          2.76901174	         -0.06795676	         -0.04126836	
          5.35000000	          0.00000037	          0.00000047	         -0.00000000	          0.00000030	          0.00000040	         -0.00000045	          7.41315329	        -19.25365259	          1.15196526	         26.56761465	        -95.22879560	          3.39681777	         -1.54379918	        -26.57503237	          1.18831860	          0.67821340	         -0.34325941	          4.02092860	         -0.04552050	          0.10875281	         -6.00829165	         -5.76005988	         -5.21381633	          3.18917240	         -4.84082756	         -1.24676556	          3.05763770	          0.72106551	         -0.31217851	          1.98222594	          2.43356581	         -0.06511890	         -0.03364789	
          5.36000000	          0.00000037	          0.00000033	         -0.00000001	          0.00000042	          0.00000003	         -0.00000033	          6.48160108	        -18.30067996	          1.08005116	         30.34131216	        -91.75931750	          4.47693099	         -1.26229016	        -28.31886434	          1.18366593	          0.21625770	         -0.33563450	          4.86661062	         -0.04728138	          0.16383925	         -8.88955298	         -6.29302323	         -6.55878057	          3.25321120	         -4.77384322	         -1.18933473	          2.22148941	          0.37592910	         -0.20325525	          1.96863794	          2.15114219	         -0.06274074	         -0.03062443	
          5.37000000	          0.00000025	          0.00000065	         -0.00000001	          0.00000026	          0.00000023	         -0.00000064	          5.83753889	        -17.80896383	          0.95683448	         30.53486065	        -88.91365065	          5.14973122	         -0.88407541	        -28.25374003	          1.15521964	          0.87200076	         -0.33813524	          5.13447533	         -0.04731786	          0.19181929	         -8.94177345	         -6.56355365	         -7.43330244	          3.24495861	         -4.71870569	         -1.16597972	          1.63485762	          0.08885712	         -0.12285321	          1.90724976	          1.93985344	         -0.06161081	         -0.02603416	
          5.38000000	          0.00000008	          0.00000068	         -0.00000004	          0.00000021	         -0.00000010	         -0.00000068	          4.83444846	        -17.34617678	          0.82523830	         30.60209471	        -85.85275184	          5.71310511	         -0.31726315	        -28.65170947	          1.11004323	          2.77211354	         -0.34028372	          5.00400411	         -0.04646831	          0.17585257	         -8.52303326	         -6.92667264	         -8.26246655	          3.26033995	         -4.63572907	         -1.14369729	          1.07255972	         -0.18001181	         -0.03424454	          1.85239143	          1.73858014	         -0.06043806	         -0.02027536	
          5.39000000	         -0.00000008	          0.00000022	         -0.00000001	         -0.00000001	          0.00000051	         -0.00000025	          5.01333510	        -15.63641329	          0.61727785	         27.33408011	        -80.55842051	          6.66461150	         -0.05539319	        -27.48090818	          1.06596475	          4.92126808	         -0.32072305	          5.42895368	         -0.04516926	          0.13224640	         -6.13896622	         -8.76436180	         -8.75538657	          3.12601129	         -4.44286338	         -1.08138366	          0.97882060	         -0.39764763	         -0.06274411	          1.78070654	          1.69189510	         -0.05698080	         -0.01877334	
          5.40000000	         -0.00000027	          0.00000025	         -0.00000004	         -0.00000017	          0.00000038	         -0.00000030	          6.49001760	        -13.56095885	          0.39851245	         22.32317480	        -75.35789141	          8.27389932	         -0.30081100	        -25.28211606	          1.04520486	          6.81774580	         -0.29767745	          6.43231190	         -0.04431312	          0.08400325	         -3.21807619	        -10.97354406	         -9.23277987	          2.98019155	         -4.22820741	         -1.00270753	          1.21428252	         -0.61387895	         -0.20566517	          1.74422632	          1.75674473	         -0.05287643	         -0.02344278	
          5.41000000	         -0.00000019	          0.00000018	         -0.00000005	         -0.00000010	          0.00000063	         -0.00000022	          7.80785871	        -10.92347023	          0.17574352	         17.57174195	        -69.40126264	          9.76019973	         -0.47034095	        -23.39136155	          1.02218320	          8.52505782	         -0.26374691	          7.63992209	         -0.04326570	          0.04273497	         -0.26129876	        -13.93942827	         -9.53789842	          2.71828422	         -3.95979032	         -0.88446006	          1.63347935	         -0.78291151	         -0.38900521	          1.70365405	          1.89931980	         -0.04661294	         -0.03053448	
          5.42000000	         -0.00000021	         -0.00000008	         -0.00000002	         -0.00000012	          0.00000053	          0.00000002	          8.92059601	         -8.66681073	          0.01599447	         13.64709984	        -64.66165105	         10.80866613	         -0.63816979	        -21.97956927	          0.99604649	         10.01046578	         -0.23088753	          8.61282057	         -0.04142519	          0.01137898	          2.30634293	        -16.58726744	         -9.49511116	          2.53326788	         -3.74293426	         -0.78059739	          2.30835577	         -0.84728200	         -0.62612599	          1.71878901	          2.13086835	         -0.04172150	         -0.04171566	
          5.43000000	         -0.00000005	          0.00000060	         -0.00000007	          0.00000003	          0.00000059	         -0.00000064	         10.36379875	         -6.94091205	         -0.11899930	          9.29780758	        -61.30470594	         11.33337251	         -0.96373698	        -20.23442040	          0.98053088	         11.04849318	         -0.20763300	          9.31307690	         -0.03967559	         -0.00739965	          5.02813402	        -18.86713960	         -8.91323147	          2.32453015	         -3.60661385	         -0.70439252	          3.19535646	         -0.79215795	         -0.89159445	          1.72976869	          2.43015241	         -0.03842686	         -0.05477031	
          5.44000000	         -0.00000001	          0.00000070	         -0.00000009	          0.00000004	          0.00000059	         -0.00000073	         12.56514474	         -5.50807834	         -0.21725386	          3.87335665	        -59.40921322	         11.35951807	         -1.58236765	        -17.71984534	          0.97353592	         11.55957342	         -0.18020371	          9.73136891	         -0.03777331	         -0.01295575	          8.10650868	        -20.43190823	         -7.42293454	          2.17319176	         -3.57542590	         -0.67868658	          4.48581465	         -0.52316344	         -1.21605194	          1.75737224	          2.83477854	         -0.03841107	         -0.07123614	
          5.45000000	          0.00000009	          0.00000014	         -0.00000004	          0.00000011	          0.00000057	         -0.00000016	         15.24994231	         -4.56129012	         -0.28590471	         -2.01104576	        -59.09474855	         10.99278318	         -2.38727689	        -14.76842672	          0.97454985	         11.66101149	         -0.15541413	          9.84539889	         -0.03597665	         -0.01139746	         11.17290578	        -21.08339584	         -5.30453318	          2.10001658	         -3.66341971	         -0.71351972	          5.95313395	         -0.04632994	         -1.53161155	          1.78871561	          3.28857710	         -0.04185732	         -0.08726730	
          5.46000000	          0.00000014	         -0.00000078	          0.00000005	          0.00000024	          0.00000044	          0.00000076	         18.35885734	         -4.57948243	         -0.31383294	         -8.34014205	        -60.96137038	         10.34089422	         -3.38486165	        -11.25233386	          0.98467533	         11.38872396	         -0.14591273	          9.65064108	         -0.03417050	         -0.00585453	         14.24715372	        -20.61123707	         -2.86408917	          2.17579159	         -3.88798623	         -0.81898121	          7.51233330	          0.56316417	         -1.84145598	          1.84632955	          3.76406554	         -0.04941154	         -0.10299352	
          5.47000000	          0.00000020	         -0.00000119	          0.00000011	          0.00000024	          0.00000041	          0.00000116	         21.20449822	         -4.63457493	         -0.31868026	        -13.39139765	        -63.11545547	          9.58857164	         -4.26688602	         -8.52873122	          0.99111750	         11.03503274	         -0.12864259	          9.29652834	         -0.03242230	         -0.00310803	         16.38853562	        -19.74126425	         -0.30573971	          2.35140834	         -4.09745661	         -0.94120654	          8.78249449	          1.39683403	         -1.98277416	          1.91285971	          4.18239916	         -0.05788130	         -0.10978847	
          5.48000000	          0.00000025	         -0.00000129	          0.00000015	          0.00000021	          0.00000038	          0.00000123	         23.31444011	         -4.69081444	         -0.31279013	        -16.95373930	        -65.05340553	          8.79668452	         -4.87808478	         -6.76792657	          0.98847736	         10.64039994	         -0.10896016	          8.91680156	         -0.03050683	         -0.00121530	         17.87134077	        -18.94172926	          1.97674895	          2.57454172	         -4.27064287	         -1.05502671	          9.80969966	          2.23400783	         -2.04779334	          1.98893247	          4.52951188	         -0.06590120	         -0.11260525	
          5.49000000	          0.00000021	         -0.00000073	          0.00000010	          0.00000019	          0.00000042	          0.00000069	         24.24115410	         -4.74613816	         -0.29345443	        -17.74921858	        -66.48600141	          8.18813451	         -5.08038751	         -6.80703277	          0.97495281	         10.35941871	         -0.08772408	          8.56881031	         -0.02855268	         -0.00332333	         17.92641653	        -18.32577860	          3.54125522	          2.85895586	         -4.32392147	         -1.13083925	         10.19162633	          3.11299969	         -1.89904455	          2.07407859	          4.70719820	         -0.07162391	         -0.10505419	
          5.50000000	          0.00000017	          0.00000008	          0.00000002	          0.00000013	          0.00000042	         -0.00000013	         23.79024262	         -4.36330997	         -0.28125015	        -15.44572986	        -66.55111273	          7.79198633	         -4.84126990	         -8.97969795	          0.95193111	         10.24243699	         -0.06047024	          8.33255538	         -0.02685128	         -0.00773273	         16.45511368	        -18.30893796	          4.29181838	          3.09834189	         -4.24304509	         -1.14489821	         10.01576723	          3.87112532	         -1.62499260	          2.14512504	          4.68998762	         -0.07377444	         -0.09233323	
          5.51000000	          0.00000010	          0.00000024	         -0.00000000	          0.00000005	          0.00000041	         -0.00000026	         22.02540190	         -3.35390730	         -0.27841498	        -10.53767975	        -64.88321047	          7.47139726	         -4.14341168	        -12.99170162	          0.91422172	         10.25678827	         -0.02093778	          8.19202811	         -0.02511795	         -0.01364195	         13.79217320	        -19.00914008	          4.45104897	          3.25704490	         -3.99531992	         -1.08470377	          9.34835120	          4.55583487	         -1.21887308	          2.19637838	          4.51376843	         -0.07161099	         -0.07385557	
          5.52000000	          0.00000008	          0.00000021	          0.00000000	         -0.00000000	          0.00000039	         -0.00000023	         19.12228441	         -2.64979664	         -0.25717630	         -2.90270770	        -63.16686860	          7.38265378	         -3.19774301	        -18.61134515	          0.87926376	         10.41815007	          0.00489668	          8.01371544	         -0.02397898	         -0.02023014	          9.65161607	        -19.63233205	          3.53724328	          3.40313083	         -3.74174663	         -1.00784761	          8.05401918	          4.85604918	         -0.76378967	          2.23749594	          4.06331918	         -0.06849283	         -0.05493280	
          5.53000000	          0.00000005	          0.00000039	         -0.00000003	         -0.00000006	          0.00000051	         -0.00000044	         16.57299585	         -2.22255604	         -0.23250405	          4.08389079	        -62.06860688	          7.36649257	         -2.43527502	        -23.64504123	          0.85379602	         10.42632498	          0.02112596	          7.77128556	         -0.02314958	         -0.02660580	          5.68182282	        -19.84747609	          2.53308921	          3.50644000	         -3.50885890	         -0.93491627	          6.69543735	          4.98907699	         -0.34469899	          2.26636503	          3.55810392	         -0.06555046	         -0.03813788	
          5.54000000	         -0.00000002	          0.00000005	         -0.00000001	         -0.00000009	          0.00000051	         -0.00000009	         14.47972569	         -2.08361781	         -0.20023034	          9.82935846	        -61.52045589	          7.27259747	         -1.89939612	        -27.68812069	          0.83910209	         10.29946545	          0.02555233	          7.40946578	         -0.02270988	         -0.03166571	          2.29859885	        -19.75147622	          1.52815010	          3.46526800	         -3.35203443	         -0.87726670	          5.37679205	          4.70820217	         -0.07658335	          2.25441807	          2.98510045	         -0.06344379	         -0.02896884	
          5.55000000	         -0.00000020	          0.00000016	         -0.00000004	         -0.00000026	          0.00000064	         -0.00000021	         13.09020046	         -2.36403081	         -0.16115157	         13.51255225	        -61.55415797	          6.96394568	         -1.59992514	        -30.19385664	          0.83025177	         10.01725340	          0.01787635	          6.89713037	         -0.02219355	         -0.03474478	         -0.00411843	        -19.49154900	          0.77972701	          3.27109704	         -3.24799415	         -0.82665195	          4.26726247	          4.08592848	          0.02841118	          2.19730933	          2.42561893	         -0.06141795	         -0.02691721	
          5.56000000	         -0.00000033	          0.00000010	         -0.00000005	         -0.00000036	          0.00000069	         -0.00000013	         12.30933482	         -3.03756425	         -0.11753351	         15.60955725	        -62.09519261	          6.47339327	         -1.52566556	        -31.54287595	          0.82815718	          9.69729490	         -0.00121701	          6.25053228	         -0.02172218	         -0.03608107	         -1.50784229	        -19.06278989	          0.27768851	          2.98520530	         -3.22841414	         -0.80128275	          3.38353343	          3.23470968	         -0.00616087	          2.10545490	          1.89516998	         -0.06063972	         -0.03109385	
          5.57000000	         -0.00000044	         -0.00000019	         -0.00000001	         -0.00000042	          0.00000077	          0.00000017	         12.86702629	         -5.21722822	         -0.05391306	         14.63648869	        -64.47126056	          5.81562857	         -1.88593722	        -30.50594970	          0.84059022	          9.12672756	         -0.05568494	          5.46597453	         -0.02085526	         -0.03492700	         -1.62822697	        -18.53893103	         -0.08979191	          2.60588606	         -3.36213127	         -0.81389374	          2.72360502	          1.96495421	         -0.20202919	          1.96051319	          1.38657553	         -0.06082101	         -0.04077602	
          5.58000000	         -0.00000047	         -0.00000016	         -0.00000002	         -0.00000045	          0.00000085	          0.00000012	         14.13975120	         -8.24254665	          0.01644618	         12.47339955	        -68.07326462	          5.21308386	         -2.52200194	        -28.45106408	          0.86518985	          8.47171847	         -0.12978631	          4.65370851	         -0.02006608	         -0.03275659	         -1.36141963	        -17.72173430	         -0.45932314	          2.25847132	         -3.59663935	         -0.86017763	          2.16584815	          0.64872451	         -0.43231028	          1.80797890	          0.91128964	         -0.06236036	         -0.05162861	
          5.59000000	         -0.00000052	         -0.00000021	         -0.00000001	         -0.00000043	          0.00000087	          0.00000018	         16.16258248	        -11.99222066	          0.07915124	          8.92633742	        -72.28203608	          4.61451582	         -3.36502496	        -25.29673710	          0.89773620	          7.63520723	         -0.21973764	          3.92206961	         -0.01909321	         -0.02912934	         -0.61309520	        -17.23824940	         -0.77344815	          1.82445048	         -3.89946114	         -0.90852926	          1.70926723	         -0.73789765	         -0.67642063	          1.60723315	          0.48064241	         -0.06254629	         -0.06160731	
          5.60000000	         -0.00000055	         -0.00000011	         -0.00000002	         -0.00000045	          0.00000084	          0.00000007	         18.24162861	        -15.42330172	          0.11764644	          5.31143061	        -76.02645016	          4.00717952	         -4.14963766	        -22.08352170	          0.92844417	          6.71792500	         -0.29975284	          3.31871681	         -0.01831320	         -0.02447530	          0.14575887	        -16.96794860	         -0.85455114	          1.30029119	         -4.19490999	         -0.93300150	          1.38390575	         -1.84735040	         -0.86141408	          1.37759400	          0.17877138	         -0.06022905	         -0.06872729	
          5.61000000	         -0.00000059	         -0.00000011	         -0.00000003	         -0.00000048	          0.00000085	          0.00000005	         20.42417254	        -18.56600014	          0.13565541	          1.56443194	        -79.35348032	          3.37426277	         -4.91443948	        -18.78270498	          0.95911993	          5.65409996	         -0.37204905	          2.82402462	         -0.01769180	         -0.01887588	          0.92095136	        -16.93364066	         -0.72645282	          0.67840714	         -4.47472134	         -0.93441547	          1.11646334	         -2.78123933	         -0.99608686	          1.11913963	         -0.04663066	         -0.05574425	         -0.07343220	
          5.62000000	         -0.00000060	         -0.00000019	         -0.00000002	         -0.00000045	          0.00000091	          0.00000011	         22.47761762	        -20.32513567	          0.12094602	         -2.29631932	        -81.71089876	          2.67285149	         -5.50489425	        -15.59467436	          0.98529023	          4.40278309	         -0.40524869	          2.46323543	         -0.01806181	         -0.01198641	          2.07666988	        -16.54852867	          0.21587495	          0.11490535	         -4.70575362	         -0.91383375	          1.42474114	         -2.83064725	         -1.05868342	          0.91333449	          0.14590617	         -0.04956483	         -0.07569715	
          5.63000000	         -0.00000056	         -0.00000056	          0.00000003	         -0.00000036	          0.00000078	          0.00000048	         24.33562820	        -21.34805037	          0.10083534	         -5.96651550	        -83.57508446	          2.01092551	         -5.97140431	        -12.59206768	          1.00995459	          2.89968732	         -0.41852715	          2.22946684	         -0.01894768	         -0.00351416	          3.36630410	        -16.05718596	          1.39818676	         -0.33312030	         -4.90762360	         -0.89184826	          1.93805260	         -2.54422647	         -1.08730233	          0.76357583	          0.49271075	         -0.04368617	         -0.07677041	
          5.64000000	         -0.00000045	         -0.00000099	          0.00000009	         -0.00000033	          0.00000077	          0.00000093	         26.28907718	        -20.97762951	          0.06557612	        -10.14727030	        -84.50203441	          1.34187110	         -6.40720301	         -9.49988196	          1.04207222	          0.99831536	         -0.39633901	          2.19612720	         -0.02135265	          0.00837475	          5.29612655	        -15.26804125	          3.35862085	         -0.53760434	         -5.08004644	         -0.88473346	          3.18840990	         -1.44597087	         -1.12110087	          0.72787417	          1.25936213	         -0.03980459	         -0.07916680	
          5.65000000	         -0.00000043	         -0.00000110	          0.00000010	         -0.00000030	          0.00000061	          0.00000106	         28.05908237	        -19.80005332	          0.03540050	        -13.88426671	        -84.85542026	          0.75888631	         -6.80210502	         -6.78980114	          1.08924451	         -1.31306841	         -0.35779564	          2.34290546	         -0.02550257	          0.02727277	          7.27656304	        -14.36651708	          5.51797235	         -0.42354572	         -5.24124436	         -0.91182363	          4.94990928	          0.14860282	         -1.17476518	          0.80552983	          2.27414099	         -0.03977858	         -0.08341546	
          5.66000000	         -0.00000042	         -0.00000086	          0.00000006	         -0.00000029	          0.00000060	          0.00000085	         29.58617975	        -17.97059150	          0.00805904	        -17.20152245	        -84.64459448	          0.20470854	         -7.10298020	         -4.37592615	          1.14473731	         -4.16246232	         -0.30506752	          2.67713119	         -0.03073901	          0.06211810	          9.29862996	        -13.50262647	          7.79502476	         -0.10526331	         -5.38042483	         -0.95408692	          7.08180793	          2.07984254	         -1.23986626	          0.96000281	          3.45693915	         -0.04189828	         -0.08891508	
          5.67000000	         -0.00000039	         -0.00000030	         -0.00000001	         -0.00000027	          0.00000091	          0.00000032	         30.58159800	        -16.11651565	          0.00711202	        -18.96013478	        -84.36010577	         -0.20502423	         -7.40177037	         -2.82312010	          1.22906521	         -7.55326170	         -0.26278999	          3.15641314	         -0.03831758	          0.12570019	         10.68673845	        -12.65293552	          9.58925959	          0.62484217	         -5.49098710	         -1.04618226	          9.45240936	          4.21532301	         -1.31163787	          1.22961904	          4.70649051	         -0.05002577	         -0.09529256	
          5.68000000	         -0.00000043	          0.00000052	         -0.00000013	         -0.00000026	          0.00000095	         -0.00000049	         31.36614320	        -14.38994889	          0.01364412	        -20.43213952	        -84.09143228	         -0.75798775	         -7.68360449	         -1.28103862	          1.31955659	        -11.62467584	         -0.22769746	          3.67281502	         -0.04624700	          0.23170029	         12.01702452	        -11.88945239	         11.27382459	          1.36099121	         -5.58721421	         -1.14219733	         11.84470686	          6.28941086	         -1.38722747	          1.49365129	          5.91238459	         -0.05905400	         -0.10208419	
          5.69000000	         -0.00000041	          0.00000057	         -0.00000012	         -0.00000024	          0.00000102	         -0.00000054	         30.90855608	        -13.52540483	          0.06704457	        -19.99140796	        -84.66936711	         -1.62803548	         -7.68286943	         -0.59156936	          1.40474333	        -16.11814488	         -0.21787505	          3.80809836	         -0.05399127	          0.39232272	         12.72366878	        -10.79599001	         12.24566077	          2.26686192	         -5.65185725	         -1.25769891	         13.79981301	          8.08848252	         -1.39699471	          1.78870656	          6.89266372	         -0.07063861	         -0.10487141	
          5.70000000	         -0.00000039	          0.00000038	         -0.00000014	         -0.00000018	          0.00000107	         -0.00000043	         29.72362831	        -13.17661656	          0.13927413	        -19.05955418	        -85.47757932	         -2.80047264	         -7.50063351	          0.25079765	          1.47468334	        -21.81720103	         -0.22366432	          3.88438712	         -0.06038066	          0.74452435	         13.44475455	         -9.88017342	         12.78128578	          3.02971364	         -5.65047417	         -1.34379480	         15.15121365	          9.45643545	         -1.34705651	          2.03157526	          7.57145710	         -0.08033103	         -0.10386601	
          5.71000000	         -0.00000012	          0.00000050	         -0.00000012	          0.00000007	          0.00000161	         -0.00000061	         28.44835102	        -12.62275488	          0.20688189	        -18.64440269	        -85.85836999	         -3.82526858	         -7.29865033	          2.19017077	          1.54091629	        -29.75605520	         -0.22878384	          4.50333163	         -0.06641972	          1.44588647	         14.52917078	         -9.44159889	         12.96838098	          3.67870339	         -5.57940619	         -1.40051936	         16.12418247	         10.54507219	         -1.26841379	          2.24323174	          8.07653394	         -0.08823978	         -0.10067388	
          5.72000000	         -0.00000005	          0.00000174	         -0.00000015	         -0.00000008	          0.00000089	         -0.00000182	         25.53605874	        -11.76942874	          0.27340927	        -16.30561844	        -84.81995251	         -4.57966755	         -6.49883082	          3.67283880	          1.54798620	        -39.20275107	         -0.22650925	          5.56331106	         -0.06878431	          2.39644297	         14.88091903	         -9.73760777	         11.96466227	          3.97176042	         -5.26387917	         -1.33842552	         15.71228573	         10.73482984	         -1.07064099	          2.34610018	          7.98099722	         -0.08775108	         -0.08931520	
          5.73000000	         -0.00000041	          0.00000100	         -0.00000013	         -0.00000047	          0.00000183	         -0.00000112	         22.46419221	        -10.44151822	          0.31462163	        -14.12254872	        -82.52375923	         -4.99188468	         -5.64141023	          5.83595974	          1.53654025	        -49.90811246	         -0.21582607	          7.00529365	         -0.07014828	          3.49666507	         15.13722768	        -10.38988101	         10.55575748	          4.11428754	         -4.84465859	         -1.23396316	         14.81287222	         10.60236305	         -0.84667083	          2.40173551	          7.69146172	         -0.08435031	         -0.07536377	
          5.74000000	         -0.00000082	          0.00000024	         -0.00000014	         -0.00000081	          0.00000157	         -0.00000030	         18.15894165	         -8.62358938	          0.33475868	        -10.46693741	        -78.87356882	         -5.51965859	         -4.30695725	          7.63438904	          1.47664796	        -61.49974868	         -0.19167390	          8.45214397	         -0.06877480	          4.71094037	         14.80567965	        -11.56384655	          8.65498075	          3.99299307	         -4.35899718	         -1.08744108	         13.20748478	          9.86650399	         -0.61402816	          2.37344466	          7.07453217	         -0.07784906	         -0.06010622	
          5.75000000	         -0.00000108	         -0.00000021	         -0.00000012	         -0.00000122	          0.00000159	          0.00000007	         13.50573574	         -5.91392543	          0.25541477	         -5.13623586	        -71.80400876	         -6.98955801	         -2.85221507	          8.45164650	          1.40931009	        -73.85621737	         -0.15995906	          9.84797457	         -0.06721297	          6.04431263	         12.87112696	        -15.11745182	          7.33788529	          2.97769509	         -3.64859091	         -0.78338502	         11.13870568	          8.87879065	         -0.32493678	          2.07750852	          6.28622614	         -0.05984594	         -0.04009818	
          5.76000000	         -0.00000151	         -0.00000027	         -0.00000017	         -0.00000149	          0.00000131	          0.00000001	          8.13658288	         -6.81791487	          0.31722417	          1.91329827	        -72.23634384	         -9.96117724	         -1.41631346	          9.04708315	          1.35490248	        -86.44237111	         -0.20829357	          9.09059438	         -0.06490360	          7.45881303	          9.97724387	        -15.49384895	          5.95369047	          2.08320084	         -3.26511461	         -0.59265451	          8.69992946	          7.80586270	          0.00805389	          1.78981860	          5.40283998	         -0.04810281	         -0.01806913	
          5.77000000	         -0.00000162	         -0.00000077	         -0.00000009	         -0.00000162	          0.00000116	          0.00000082	          2.36964980	         -6.39431488	          0.29435571	         10.63902511	        -68.18964072	        -13.54351566	          0.25991332	          8.11370047	          1.29374717	        -98.98951302	         -0.23088807	          8.99427320	         -0.06312646	          8.98909450	          5.95304976	        -18.67737146	          5.28039249	          0.75021076	         -3.15301086	         -0.44774724	          6.74744435	          6.73511541	          0.20631365	          1.33498309	          4.66049987	         -0.03839410	         -0.00534050	
          5.78000000	         -0.00000134	         -0.00000039	         -0.00000027	         -0.00000109	          0.00000099	          0.00000027	         -2.87830493	         -6.52210216	          0.32948761	         19.10349928	        -65.18991283	        -14.94875225	          1.76468809	          7.01880828	          1.24243313	       -110.92793639	         -0.25736883	         10.45426849	         -0.06156559	         10.62853682	          1.95689516	        -21.34978641	          3.01148002	          0.17595698	         -3.25735960	         -0.42780541	          4.77582794	          5.56603036	          0.35399291	          1.09052969	          3.92561919	         -0.03733621	          0.00339320	
          5.79000000	         -0.00000113	         -0.00000068	         -0.00000015	         -0.00000081	          0.00000094	          0.00000087	         -6.83576034	         -7.48117032	          0.42639693	         27.11338666	        -63.21703347	        -13.46606045	          2.88076009	          4.59847647	          1.22659621	       -120.93176979	         -0.29279031	         14.10521632	         -0.06139199	         12.31290391	         -2.11157312	        -24.23815210	         -1.04356946	          0.51024914	         -3.69822761	         -0.56861402	          3.05061231	          4.36041275	          0.40263877	          1.09975566	          3.29758950	         -0.04666153	          0.00485249	
          5.80000000	         -0.00000062	         -0.00000047	         -0.00000007	         -0.00000030	          0.00000042	          0.00000049	         -8.86358462	        -10.17742617	          0.55312397	         33.34173274	        -63.24600577	        -12.46998957	          3.32713874	         -0.10897171	          1.26941108	       -126.65937383	         -0.37177639	         17.84670853	         -0.06305422	         13.88161301	         -5.47123818	        -27.64286530	         -3.56173453	          0.89786808	         -4.57291129	         -0.83054935	          2.32274663	          3.69358319	          0.35985878	          1.08239491	          3.03982158	         -0.06200751	          0.00029617	
          5.81000000	         -0.00000020	         -0.00000035	          0.00000007	         -0.00000004	          0.00000020	          0.00000039	        -10.28510922	        -15.11129136	          0.79658569	         38.23549706	        -65.87890697	        -10.44503316	          3.39433936	         -4.93710075	          1.31936951	       -128.91910816	         -0.49630651	         21.93741066	         -0.06421525	         15.19215345	         -8.33890987	        -29.09064110	         -6.79021006	          1.79559256	         -5.51567941	         -1.16385802	          1.55713626	          2.99464634	          0.30536160	          1.18445488	          2.76446172	         -0.08159118	         -0.00504195	
          5.82000000	          0.00000013	         -0.00000030	          0.00000009	          0.00000022	          0.00000007	          0.00000027	        -10.37526968	        -20.62606315	          1.02170845	         40.53064445	        -69.93914716	         -8.61168191	          3.09229315	         -9.71895390	          1.37257232	       -128.12352013	         -0.62498224	         25.72937700	         -0.06497692	         16.21683783	        -10.06392650	        -28.94896630	         -8.82105647	          2.79415890	         -6.37059008	         -1.47687881	          1.34886863	          2.62419429	          0.21101329	          1.30854072	          2.64809392	         -0.09836556	         -0.01216531	
          5.83000000	          0.00000006	         -0.00000055	          0.00000007	          0.00000013	         -0.00000007	          0.00000055	        -10.21929616	        -26.31840339	          1.23685892	         41.81509910	        -73.68574963	         -6.28806891	          2.67063762	        -14.41764942	          1.40238198	       -124.53735677	         -0.75192936	         28.94194408	         -0.06429534	         16.91418038	        -11.48052542	        -27.67502039	        -10.86872970	          3.87965243	         -7.01405694	         -1.75085846	          1.04986614	          2.17163335	          0.12086993	          1.45489106	          2.45382194	         -0.11277252	         -0.01859039	
          5.84000000	         -0.00000001	         -0.00000043	          0.00000002	          0.00000008	         -0.00000010	          0.00000035	         -9.11665472	        -30.24358477	          1.32297495	         41.01580846	        -75.41479006	         -3.59033957	          2.12153230	        -18.42756408	          1.40494506	       -119.75824228	         -0.82886312	         31.64844276	         -0.06228857	         17.38956845	        -12.08746534	        -25.98951804	        -12.22632689	          4.89485956	         -7.32791669	         -1.93268320	          0.95781230	          1.75856674	          0.00444277	          1.60865988	          2.25553868	         -0.12149690	         -0.02588765	
          5.85000000	         -0.00000005	         -0.00000023	          0.00000000	          0.00000001	         -0.00000014	          0.00000015	         -7.17775697	        -31.80245449	          1.25882430	         38.48034385	        -74.71346568	         -0.77119989	          1.49208276	        -21.79240206	          1.37792559	       -114.65726027	         -0.84462098	         33.63138377	         -0.05882321	         17.69059420	        -12.03006064	        -24.27723140	        -12.79007569	          5.67643264	         -7.31190546	         -2.01355458	          1.02047429	          1.33510503	         -0.13593901	          1.73655803	          2.03011169	         -0.12478469	         -0.03402646	
          5.86000000	         -0.00000011	         -0.00000016	         -0.00000002	         -0.00000010	         -0.00000011	          0.00000011	         -4.95671881	        -32.09656183	          1.12075678	         35.37888938	        -73.77145188	          1.94368269	          0.90226238	        -24.90549851	          1.33248246	       -109.60070089	         -0.82542053	         34.32550195	         -0.05454704	         17.87503585	        -11.74651828	        -21.97590796	        -12.86699393	          6.27411721	         -7.08712863	         -2.02196142	          1.13534350	          0.87541562	         -0.28666086	          1.84666085	          1.77447066	         -0.12372265	         -0.04226480	
          5.87000000	         -0.00000012	         -0.00000014	         -0.00000001	         -0.00000012	          0.00000007	          0.00000016	         -2.88086690	        -30.02977762	          0.87009774	         32.74718163	        -71.36764550	          4.29098195	          0.49321953	        -28.54028139	          1.24384352	       -103.66763000	         -0.74884046	         33.31956579	         -0.04829714	         17.85820579	        -11.84994349	        -18.88793582	        -12.23660900	          6.55375235	         -6.50394542	         -1.92363877	          1.19992351	          0.32607269	         -0.43763325	          1.90909206	          1.39646456	         -0.11763736	         -0.05024799	
          5.88000000	         -0.00000002	         -0.00000026	         -0.00000003	         -0.00000002	          0.00000026	          0.00000019	         -1.42195528	        -27.49644266	          0.61968391	         31.31870973	        -69.73358008	          6.31448991	          0.31399312	        -32.70229756	          1.13965464	        -97.25197423	         -0.66160175	         30.65202479	         -0.04159301	         17.71570213	        -12.47825141	        -14.95008496	        -11.46593125	          6.65568805	         -5.82267257	         -1.78248000	          1.14690503	         -0.28455386	         -0.57117813	          1.93607537	          0.95527117	         -0.10889366	         -0.05688847	
          5.89000000	          0.00000009	         -0.00000031	          0.00000000	          0.00000004	          0.00000057	          0.00000029	         -0.71974242	        -23.85735946	          0.34780014	         31.50523034	        -67.28527043	          7.89656299	          0.39166648	        -37.63300750	          1.01323643	        -89.91115978	         -0.55400058	         26.69554491	         -0.03428506	         17.37368327	        -13.91520396	        -10.69521020	        -10.48480313	          6.49595082	         -5.01326631	         -1.58997205	          0.96427932	         -0.92567907	         -0.67986149	          1.89547806	          0.43591794	         -0.09752192	         -0.06192593	
          5.90000000	          0.00000024	         -0.00000015	          0.00000001	          0.00000018	          0.00000079	          0.00000009	         -0.14331128	        -20.47406801	          0.11608950	         31.52495610	        -65.64145693	          9.15655108	          0.45242382	        -42.06746382	          0.89751839	        -82.83716215	         -0.45965440	         22.07452070	         -0.02756700	         16.95949543	        -15.05290084	         -6.34578301	         -9.27522445	          6.09143995	         -4.31987460	         -1.40438691	          0.81603842	         -1.41589416	         -0.75841754	          1.77319584	         -0.01383331	         -0.08633680	         -0.06479485	
          5.91000000	          0.00000045	         -0.00000006	          0.00000001	          0.00000045	          0.00000106	         -0.00000004	          0.56884729	        -17.41374383	         -0.08746147	         31.45261609	        -65.12305847	         10.37527637	          0.44354971	        -46.47348338	          0.80064327	        -76.74128049	         -0.37707585	         17.34934156	         -0.02156091	         16.57396907	        -16.02279740	         -2.08275272	         -7.98407428	          5.61742062	         -3.76340885	         -1.24433492	          0.74491478	         -1.78252117	         -0.82850162	          1.62441513	         -0.39568309	         -0.07669490	         -0.06723829	
          5.92000000	          0.00000057	          0.00000016	          0.00000002	          0.00000061	          0.00000114	         -0.00000026	          2.11758924	        -16.75379790	         -0.16821997	         28.53229247	        -67.73806084	         11.75556576	         -0.02663360	        -48.87682312	          0.76280224	        -72.77511007	         -0.35836185	         12.75411896	         -0.01778244	         16.39126457	        -15.07520566	          1.84261046	         -6.40567773	          4.92122469	         -3.64967079	         -1.17270561	          0.90990540	         -1.74575234	         -0.85175831	          1.37497948	         -0.50113831	         -0.07142178	         -0.06633196	
          5.93000000	          0.00000074	          0.00000042	          0.00000003	          0.00000074	          0.00000107	         -0.00000053	          4.08611270	        -16.63521434	         -0.22005376	         24.88508548	        -70.98757613	         13.39317474	         -0.65209549	        -51.19058464	          0.75913421	        -70.95754707	         -0.35443925	          8.83148614	         -0.01554988	         16.44647489	        -13.59344487	          4.77500481	         -4.87819795	          4.25574300	         -3.73849471	         -1.14515929	          1.19612929	         -1.54222068	         -0.86317736	          1.12966788	         -0.47900757	         -0.06865289	         -0.06498154	
          5.94000000	          0.00000095	          0.00000070	          0.00000006	          0.00000089	          0.00000086	         -0.00000088	          6.69690903	        -17.88582978	         -0.20508119	         19.62660764	        -75.21120538	         15.37041537	         -1.59147893	        -52.73537024	          0.80523863	        -71.55491847	         -0.38619722	          5.60494501	         -0.01558354	         16.80308940	        -11.07178146	          6.38739598	         -3.40963054	          3.57433238	         -4.10548414	         -1.17423923	          1.62727518	         -1.10467985	         -0.84615136	          0.86895194	         -0.26574900	         -0.06878749	         -0.06194779	
          5.95000000	          0.00000103	          0.00000102	          0.00000016	          0.00000093	          0.00000073	         -0.00000105	          9.28817029	        -19.41238656	         -0.15964766	         14.36449701	        -78.62194348	         17.46401119	         -2.54339484	        -54.54469130	          0.88044875	        -74.09615451	         -0.42606724	          3.21145064	         -0.01754460	         17.40664984	         -8.33918154	          6.28300848	         -2.30533320	          2.99439382	         -4.53698404	         -1.20917986	          2.12624790	         -0.57414430	         -0.81582504	          0.66352846	          0.06358085	         -0.06917459	         -0.05823880	
          5.96000000	          0.00000112	          0.00000127	          0.00000015	          0.00000116	          0.00000062	         -0.00000139	         11.72034929	        -20.94026621	         -0.09625164	          9.28080230	        -81.19951667	         19.59781495	         -3.42533889	        -56.70042899	          0.96908903	        -78.04954245	         -0.46638041	          1.37986326	         -0.02052695	         18.17969214	         -5.48182212	          4.93265375	         -1.48322335	          2.48468759	         -4.99604892	         -1.24251008	          2.64364746	          0.01610830	         -0.76776448	          0.49376110	          0.45682096	         -0.06950173	         -0.05363532	
          5.97000000	          0.00000112	          0.00000192	          0.00000021	          0.00000119	          0.00000047	         -0.00000196	         13.33841711	        -21.71556801	         -0.01529744	          5.36003776	        -81.79877637	         21.40435210	         -3.98754060	        -59.64087295	          1.06003451	        -83.08651281	         -0.48924772	          0.14087808	         -0.02485520	         19.05589502	         -2.76299024	          2.10489349	         -1.20330909	          2.12300318	         -5.22204839	         -1.20712890	          3.24673672	          0.61703286	         -0.73519246	          0.44987873	          0.93066767	         -0.06608965	         -0.04995418	
          5.98000000	          0.00000092	          0.00000220	          0.00000024	          0.00000094	          0.00000028	         -0.00000230	         15.27838589	        -21.20779894	          0.02871609	          0.72644786	        -80.14036776	         22.75859420	         -4.58229765	        -62.09169661	          1.14490997	        -88.75077533	         -0.48387151	         -0.61647520	         -0.02966795	         19.90552140	          0.32853375	         -1.62436049	         -0.68997385	          1.70595499	         -5.37709710	         -1.14776196	          3.98079906	          1.32047762	         -0.70954363	          0.41019366	          1.46124125	         -0.06170471	         -0.04688158	
          5.99000000	          0.00000054	          0.00000155	          0.00000024	          0.00000053	          0.00000026	         -0.00000172	         16.34156336	        -19.85295624	          0.10200208	         -2.88924835	        -77.40806390	         23.70360570	         -4.79662060	        -65.03222505	          1.20280697	        -94.42386209	         -0.45986859	         -1.36825600	         -0.03440073	         20.66126969	          3.40081225	         -5.47570756	         -0.35064477	          1.37779436	         -5.32414207	         -1.04097916	          4.78635487	          2.03301276	         -0.70273256	          0.44579998	          2.00942321	         -0.05515863	         -0.04532132	
          6.00000000	          0.00000003	          0.00000047	          0.00000017	          0.00000001	          0.00000019	         -0.00000067	         16.23419654	        -17.74467056	          0.24124101	         -4.93716480	        -73.76380864	         24.01636905	         -4.53257894	        -68.63438893	          1.21688644	        -99.45984371	         -0.42452309	         -2.31682476	         -0.03831230	         21.23971411	          6.19250031	         -9.09113421	         -0.01353580	          1.11265659	         -5.08293909	         -0.89795529	          5.59151307	          2.74905382	         -0.69768754	          0.52589028	          2.52598569	         -0.04732077	         -0.04457389	
          6.01000000	          0.00000003	         -0.00000130	          0.00000003	          0.00000005	          0.00000106	          0.00000122	         14.72296351	        -15.45890071	          0.50172159	         -5.17612487	        -69.91639267	         23.86313908	         -3.70513848	        -73.26775144	          1.19405437	       -103.84520335	         -0.39255660	         -3.23287679	         -0.04165357	         21.61756540	          8.78882012	        -12.44076066	          0.16495155	          1.01178796	         -4.81226558	         -0.76929515	          6.45637538	          3.45692286	         -0.71372394	          0.65807716	          3.03750034	         -0.04083213	         -0.04558861	
          6.02000000	         -0.00000020	         -0.00000062	          0.00000003	         -0.00000012	          0.00000086	          0.00000030	         11.98661296	        -12.02959598	          0.81968696	         -2.48479486	        -63.62378203	         22.60813848	         -2.39604037	        -80.41692529	          1.15006287	       -107.97686221	         -0.35265404	         -2.97719200	         -0.04448153	         21.75509117	         10.15128012	        -16.97666132	          0.23752872	          1.03969628	         -4.39936937	         -0.61883778	          7.24934198	          4.15904200	         -0.71480967	          0.83423949	          3.46892731	         -0.03418930	         -0.04681047	
          6.03000000	         -0.00000062	         -0.00000077	          0.00000006	         -0.00000062	          0.00000013	          0.00000033	          8.48178923	         -9.01671393	          1.31417707	          1.49472166	        -55.51701975	         19.74920310	         -0.84974481	        -87.84345234	          1.08755036	       -111.45321700	         -0.36008206	         -1.86532619	         -0.04822715	         21.67052343	         10.92580371	        -23.20816720	          0.83580209	          0.73633460	         -3.86763204	         -0.40395645	          8.01321846	          4.89228433	         -0.68446143	          0.91098444	          3.86858865	         -0.02281231	         -0.04609089	
          6.04000000	          0.00000010	         -0.00000059	         -0.00000009	          0.00000006	          0.00000088	          0.00000035	         -1.44948616	         -9.76543876	          2.62676061	         13.59561760	        -50.56308643	         15.78417450	          2.78561510	        -98.41110516	          0.90542608	       -111.99035602	         -0.52332770	         -1.82963023	         -0.05104667	         21.33182173	         10.20302935	        -28.19639380	         -0.02195438	          1.03953415	         -3.18379157	         -0.21852222	          8.31490084	          5.20890059	         -0.65511373	          1.16798628	          4.01750134	         -0.01421396	         -0.04587249	
          6.05000000	          0.00000008	         -0.00000139	         -0.00000025	          0.00000007	          0.00000160	          0.00000132	        -12.35045549	        -16.88649046	          4.58689566	         25.57708893	        -52.97037414	         12.26679989	          6.09783810	       -106.37886579	          0.71648245	       -110.49719907	         -0.91119992	         -3.55082354	         -0.05580979	         20.82422010	          9.92773448	        -30.52291426	         -0.41468141	          1.55091378	         -2.76492175	         -0.15573142	          8.48387848	          5.42999845	         -0.62675996	          1.43750037	          4.09421831	         -0.01372931	         -0.04621117	
          6.06000000	          0.00000058	         -0.00000058	         -0.00000017	          0.00000060	          0.00000171	          0.00000050	        -24.36889929	        -25.11525505	          6.76440335	         38.85053692	        -55.20684059	          7.55182948	          9.31575803	       -112.35962218	          0.58685208	       -106.93214733	         -1.39240442	         -5.74923245	         -0.05981159	         20.14970387	          8.99817164	        -32.31561027	         -0.61629019	          1.91238907	         -2.27251458	         -0.07786413	          8.39960848	          5.50129289	         -0.56648333	          1.63950690	          4.04505146	         -0.01203411	         -0.04413933	
          6.07000000	          0.00000048	         -0.00000011	         -0.00000018	          0.00000059	          0.00000190	         -0.00000003	        -34.63152377	        -35.86927591	          8.99928697	         49.46869415	        -60.68856687	          3.45780742	         11.13710531	       -114.07004743	          0.69391606	       -101.98092529	         -1.99624812	         -8.79010690	         -0.06345416	         19.37525793	          8.20309864	        -32.08843416	         -0.35261498	          2.19745377	         -2.07909690	         -0.07878205	          8.03812182	          5.48054837	         -0.46369492	          1.74730649	          3.90492442	         -0.01401624	         -0.03917399	
          6.08000000	          0.00000034	          0.00000076	         -0.00000007	          0.00000033	          0.00000180	         -0.00000096	        -42.51404369	        -45.47994084	         11.23501606	         56.82328512	        -62.64403194	         -1.13563157	         11.28816836	       -111.57738417	          1.14074499	        -96.11669331	         -2.69685976	        -11.12069876	         -0.06442773	         18.50335905	          7.76105739	        -32.38673232	          0.74733314	          2.05631763	         -1.97623184	         -0.07320219	          7.72229935	          5.54642072	         -0.34031412	          1.68924400	          3.79720052	         -0.01461917	         -0.03203605	
          6.09000000	          0.00000014	          0.00000053	         -0.00000017	          0.00000032	          0.00000154	         -0.00000094	        -48.31432131	        -53.45444618	         13.35507487	         59.63505776	        -62.86760852	         -4.90839105	          9.96308065	       -104.76261509	          1.94811402	        -89.82968574	         -3.51691769	        -12.81338105	         -0.06164061	         17.58021986	          9.50838073	        -30.71867199	          2.27527961	          2.34706893	         -2.64660666	         -0.31441246	          7.77092530	          5.83482532	         -0.26971825	          1.66153515	          3.88678119	         -0.03230510	         -0.02858416	
          6.10000000	          0.00000117	         -0.00000016	         -0.00000019	          0.00000125	          0.00000143	         -0.00000031	        -40.67033932	        -52.15904047	          9.74508645	         51.51078590	        -63.40446685	         -6.56755234	          2.88064533	        -91.78220038	          3.99181089	        -83.94513811	         -3.88986311	        -14.19085590	         -0.04690322	         16.65714442	          9.55110064	        -21.61110020	          3.14539625	          2.58458719	         -2.88811342	         -0.41496586	          7.75331168	          5.39246115	         -0.34628657	          1.68320882	          3.81547647	         -0.03851722	         -0.03279147	
          6.11000000	          0.00000158	          0.00000096	         -0.00000032	          0.00000150	          0.00000169	         -0.00000142	        -28.80628863	        -44.13215815	          5.42785385	         38.09984408	        -58.09873543	         -7.75630509	         -4.26919435	        -75.80956785	          5.61485167	        -79.01345330	         -3.79237460	        -14.10163610	         -0.03522891	         15.80183893	         10.21630931	        -11.68432078	          5.12986818	          2.34405621	         -3.36920502	         -0.50552708	          7.45841653	          5.14567035	         -0.29710407	          1.52843756	          3.73514757	         -0.04181310	         -0.02892956	
          6.12000000	          0.00000051	          0.00000202	         -0.00000014	          0.00000041	          0.00000172	         -0.00000234	        -22.21379259	        -40.36365165	          3.56373353	         26.57607461	        -52.21963938	         -7.43292923	         -8.59601128	        -61.45714780	          6.45862273	        -74.12308511	         -3.78952001	        -13.20008581	         -0.02194102	         14.98687702	         13.90816599	         -5.25505517	          5.99331495	          2.32040909	         -3.94811603	         -0.63003011	          7.19735734	          4.89683560	         -0.28806623	          1.42232831	          3.72424393	         -0.04952045	         -0.02591792	
          6.13000000	          0.00000082	          0.00000143	         -0.00000004	          0.00000096	          0.00000183	         -0.00000162	        -17.24711411	        -33.49647050	          1.51209745	         17.19456800	        -43.05959663	         -6.79539945	        -11.06200613	        -49.38328326	          6.85920857	        -69.73340312	         -3.54125049	        -11.29116017	         -0.00567638	         14.24329300	         17.46945652	          0.46193344	          5.22293455	          2.70125209	         -4.16704612	         -0.68792087	          6.86128973	          4.32098048	         -0.36464762	          1.49918439	          3.61719680	         -0.05416351	         -0.02761579	
          6.14000000	          0.00000063	          0.00000124	          0.00000001	          0.00000089	          0.00000192	         -0.00000130	        -14.34553905	        -25.82299076	         -0.26384787	         10.96343706	        -33.45236791	         -5.77230510	        -11.69794981	        -40.66912416	          6.67852757	        -65.73390514	         -3.04616961	         -9.05783067	          0.01366801	         13.58656722	         20.42585674	          5.72293522	          3.30891026	          3.36550908	         -4.16866920	         -0.70343047	          6.40459133	          3.51042285	         -0.48883305	          1.68510479	          3.41389597	         -0.05734943	         -0.03121627	
          6.15000000	          0.00000016	          0.00000109	          0.00000010	          0.00000045	          0.00000205	         -0.00000099	         -9.39953800	        -20.61035023	         -1.30759232	          4.23710289	        -25.18650185	         -4.18542922	        -13.57655916	        -32.96884861	          6.45195055	        -62.81868916	         -2.42177902	         -6.49400427	          0.03592282	         13.04495369	         22.16543880	          9.19404607	          2.27194496	          3.83098158	         -4.16674675	         -0.70788651	          6.14349924	          2.93409743	         -0.58952276	          1.79508016	          3.26520842	         -0.06108848	         -0.03289554	
          6.16000000	         -0.00000061	          0.00000057	         -0.00000013	         -0.00000032	          0.00000220	         -0.00000036	         -2.29532993	        -16.98598974	         -1.88912708	         -3.89441534	        -18.87101097	         -1.95638257	        -16.47470410	        -25.50977833	          6.11894431	        -61.01611082	         -1.57173017	         -3.93361006	          0.06861398	         12.62339949	         23.30568141	         11.94719104	          2.21222148	          4.08469767	         -4.28915396	         -0.72573233	          6.04256340	          2.57514162	         -0.66487340	          1.81536459	          3.18034601	         -0.06590576	         -0.03322134	
          6.17000000	         -0.00000091	          0.00000017	         -0.00000021	         -0.00000065	          0.00000243	          0.00000013	          4.58029579	        -15.88589307	         -1.83155647	         -9.96199390	        -14.59920397	          0.34726642	        -19.63849277	        -20.07733082	          5.62798748	        -59.72344586	         -0.67084330	         -1.64494215	          0.10970217	         12.29862455	         22.77975535	         13.38331741	          2.31445092	          4.17623320	         -4.25522664	         -0.71526535	          6.00060404	          2.43320842	         -0.66969171	          1.79092201	          3.12451656	         -0.06802480	         -0.03189644	
          6.18000000	         -0.00000086	          0.00000029	         -0.00000034	         -0.00000069	          0.00000272	          0.00000009	         10.69953811	        -15.22019470	         -1.50553774	        -14.84350676	        -11.28518495	          2.44186226	        -22.26225348	        -15.87725780	          4.94914517	        -58.88417383	          0.25825829	          0.42239255	          0.15271656	         12.04511842	         21.77873021	         14.19397966	          2.58780228	          4.04966375	         -4.24811543	         -0.70212187	          5.92596474	          2.45266167	         -0.60775031	          1.68601173	          3.09518867	         -0.06783537	         -0.02933614	
          6.19000000	         -0.00000070	         -0.00000035	         -0.00000035	         -0.00000037	          0.00000235	          0.00000052	         16.22193192	        -13.54530736	         -1.18263121	        -18.41139151	         -6.92152202	          3.85970589	        -24.28951575	        -12.48513023	          4.19554004	        -58.50067700	          1.23527319	          2.75474779	          0.19390248	         11.85924535	         19.96280359	         13.89108654	          2.83476576	          3.52750221	         -4.06840745	         -0.63386832	          5.82214365	          2.61058154	         -0.47031200	          1.47500396	          3.08393724	         -0.06016969	         -0.02683134	
          6.20000000	         -0.00000083	         -0.00000153	         -0.00000019	         -0.00000047	          0.00000191	          0.00000158	         21.65437565	        -13.34496772	         -0.60282768	        -21.10494102	         -4.22460739	          5.07979775	        -26.74284500	         -9.88836215	          3.66911692	        -58.20302732	          2.06708607	          4.63403700	          0.22859647	         11.73645989	         17.32759466	         13.08534523	          3.57161002	          2.67220901	         -3.89304667	         -0.54626482	          5.66302736	          2.91123284	         -0.26232727	          1.15970068	          3.07050298	         -0.04909933	         -0.02269316	
          6.21000000	         -0.00000180	         -0.00000054	         -0.00000012	         -0.00000156	          0.00000228	          0.00000048	         27.49211710	        -12.43116321	         -0.02759364	        -23.95030573	         -1.63956432	          5.99857232	        -29.33826150	         -7.27847119	          3.35344504	        -58.16508711	          2.89390315	          6.29480685	          0.25633249	         11.69026470	         14.36983669	         12.32873071	          4.83621542	          1.63208379	         -3.78373787	         -0.45925758	          5.48316727	          3.35556341	         -0.00548432	          0.78021945	          3.07138776	         -0.03745187	         -0.01674959	
          6.22000000	         -0.00000173	          0.00000152	         -0.00000014	         -0.00000139	          0.00000331	         -0.00000177	         34.42639605	        -10.86856282	          0.50944594	        -27.59546668	          1.00312891	          6.45873716	        -32.53931356	         -4.34868844	          3.33242416	        -58.38725074	          3.74345727	          7.86937206	          0.27725189	         11.72139714	         11.25521172	         11.74449765	          7.25492315	          0.66587249	         -3.75632196	         -0.37632448	          5.43650964	          3.77794904	          0.18998752	          0.43872534	          3.05152599	         -0.03064204	         -0.00916202	
          6.23000000	         -0.00000155	          0.00000325	         -0.00000025	         -0.00000118	          0.00000469	         -0.00000318	         42.35374972	         -9.94256114	          1.06428525	        -33.01221463	          2.12321132	          7.12352952	        -36.38792330	         -0.41098191	          3.58793745	        -58.76126559	          4.53156238	          8.98833628	          0.29187761	         11.81665447	          8.82804905	         11.79043368	         10.44777147	         -0.21791743	         -3.91807036	         -0.34130428	          5.53838713	          4.28721588	          0.35853532	          0.10792907	          3.08624402	         -0.02909062	         -0.00237251	
          6.24000000	         -0.00000208	          0.00000389	         -0.00000048	         -0.00000178	          0.00000551	         -0.00000361	         50.59746187	         -9.65240944	          1.62872347	        -39.71094453	          1.57189502	          7.99808566	        -40.48496805	          4.33610985	          4.00789848	        -59.01176882	          5.30161622	          9.66617760	          0.30301157	         11.93821469	          7.33808343	         12.86642708	         14.17666892	         -0.80052865	         -4.23258916	         -0.36465802	          5.79390339	          4.76661557	          0.45612416	         -0.13539725	          3.15426993	         -0.03464258	          0.00202387	
          6.25000000	         -0.00000181	          0.00000398	         -0.00000034	         -0.00000162	          0.00000571	         -0.00000364	         56.85495785	        -11.66220125	          2.47662279	        -46.43010988	         -2.05501387	          9.37979064	        -43.79454387	          9.54817334	          4.32500841	        -58.74677880	          5.96921333	          9.53629255	          0.31470754	         12.03480174	          7.56097198	         15.05966211	         17.42012691	         -1.00924733	         -4.64585969	         -0.47662582	          6.10431110	          5.23849332	          0.52154314	         -0.27061145	          3.28600680	         -0.04453544	         -0.00112611	
          6.26000000	         -0.00000078	          0.00000289	         -0.00000018	         -0.00000069	          0.00000607	         -0.00000261	         61.03302435	        -14.55333423	          3.60684621	        -51.63043190	         -7.77675518	         10.79536984	        -46.14622423	         14.21400717	          4.43587530	        -57.33776156	          6.75639046	          8.67595989	          0.33353586	         11.99684087	          8.32269142	         18.97498184	         20.30352536	         -0.95063484	         -5.12749596	         -0.63853388	          6.42278901	          5.64778197	          0.55890321	         -0.33958984	          3.43368228	         -0.05723419	         -0.00888104	
          6.27000000	         -0.00000028	          0.00000063	         -0.00000000	         -0.00000000	          0.00000606	         -0.00000102	         60.07058431	        -18.76432728	          5.21666440	        -54.08131536	        -14.80677490	         12.13308945	        -45.79684930	         18.61394019	          3.92835947	        -54.91829558	          7.64751671	          7.20699643	          0.36724296	         11.81495952	         11.00749739	         23.66919956	         21.38190548	         -0.46470232	         -5.34480140	         -0.79935574	          6.56090251	          5.82416526	          0.56845096	         -0.23322833	          3.54196146	         -0.06671714	         -0.02179879	
          6.28000000	         -0.00000150	          0.00000110	         -0.00000019	         -0.00000159	          0.00000578	         -0.00000104	         52.82191681	        -21.97985892	          7.18250523	        -49.85849765	        -19.25643960	         12.23464062	        -41.89388411	         19.75147318	          2.54478302	        -50.78347804	          8.84072998	          5.92865084	          0.42377904	         11.35319375	         13.52201206	         27.73633443	         20.39602605	          0.26679434	         -4.88573686	         -0.82160279	          6.71905048	          5.49887395	          0.43973747	          0.06446383	          3.55880316	         -0.06717508	         -0.03805570	
          6.29000000	         -0.00000088	         -0.00000120	         -0.00000005	         -0.00000082	          0.00000504	          0.00000038	         41.49476123	        -28.25710933	          9.83486342	        -41.67146507	        -27.98708776	         12.31753671	        -36.11723130	         18.60067847	          0.44793648	        -45.01695765	         10.21794747	          3.05380399	          0.50813478	         10.56383789	         16.06704703	         33.56090854	         18.78780628	          1.05256352	         -4.19587709	         -0.75726393	          6.44959150	          5.07673117	          0.38487803	          0.41446178	          3.44393361	         -0.06331573	         -0.04141964	
          6.30000000	          0.00000200	         -0.00000394	          0.00000089	          0.00000146	          0.00000449	          0.00000518	         31.01593750	        -36.65375394	         13.41571639	        -33.18113015	        -34.08665589	         12.36586743	        -31.44075131	         17.81332067	         -1.80348083	        -39.30882064	         12.05674989	          1.33422809	          0.62857564	          9.60741593	         17.52436042	         36.06360144	         17.32716869	          1.33030810	         -3.24163176	         -0.55701272	          6.01486145	          4.42784493	          0.32338271	          0.64994558	          3.18452614	         -0.05551016	         -0.03334257	
          6.31000000	          0.00000225	         -0.00000120	          0.00000091	          0.00000302	          0.00000443	         -0.00000021	          7.33130480	        -41.95474621	         17.45475297	        -11.98800094	        -40.24987309	         10.78636264	        -18.90159265	          9.76396950	         -5.92404815	        -32.02094350	         14.47485554	         -2.59283658	          0.80753293	          8.23837274	         19.95584964	         41.23465182	         11.59328801	          2.82025671	         -1.39509574	         -0.28980602	          5.24609158	          2.71290702	          0.01216149	          1.44975234	          2.65479257	         -0.04058618	         -0.03366550	
          6.32000000	          0.00000473	         -0.00000888	          0.00000086	          0.00000524	          0.00000520	          0.00000984	        -25.00707658	        -47.66715668	         21.60360642	         20.01086809	        -44.22197491	          8.84324020	         -2.21945140	         -5.31100145	        -11.02172068	        -23.32332343	         16.90221152	         -5.35306641	          1.05017697	          6.44192172	         21.19680118	         45.83624891	          1.59810851	          5.65300024	          0.41868228	         -0.21367760	          3.86055223	          0.41021597	         -0.36404072	          2.56931434	          1.85893846	         -0.03852224	         -0.03517613	
          6.33000000	         -0.00000298	         -0.00000652	         -0.00000033	         -0.00000125	          0.00000616	          0.00000568	        -86.70036678	        -66.13899266	         25.02853223	         81.47591071	        -70.54911296	          7.53976706	         28.25800137	        -37.30367845	        -18.54344139	        -11.75777217	         16.96196235	        -15.66108633	          1.38493397	          4.15941782	         22.72605407	         59.80159191	        -20.28502103	         11.79628007	          2.97512462	         -0.32771168	         -0.01341335	         -4.42831599	         -1.01584857	          4.71734320	         -0.03376363	         -0.03315132	         -0.04338408	
          6.34000000	         -0.00000264	         -0.00001255	          0.00000003	         -0.00000152	          0.00000639	          0.00001360	       -107.18284023	        -52.29454667	         26.57928464	        100.67962388	        -49.82173575	          1.72720973	         43.00432516	        -45.49492014	        -23.69729292	         -3.29264423	         19.61887070	        -15.18202696	          1.75921100	          1.77347339	         24.50821407	         57.54357255	        -26.12699111	         12.21065795	          4.40025498	         -0.27367438	          0.47870669	         -5.78423689	         -1.44667230	          5.00537768	         -0.08899207	         -0.02023573	         -0.06740908	
          6.35000000	         -0.00000434	         -0.00000173	         -0.00000100	         -0.00000341	          0.00000676	         -0.00000012	       -110.15113110	        -40.64852059	         27.11310591	         99.14374940	        -27.96527705	         -0.97832367	         47.81004085	        -41.70652644	        -26.72520263	          0.28377420	         21.56622168	        -10.57304764	          2.06385807	          0.60697835	         28.35276142	         51.98034763	        -27.63222356	         11.55563277	          5.23487720	         -0.28850529	          0.80695270	         -6.23558704	         -1.57967761	          4.95389730	         -0.05645017	         -0.00752511	         -0.08212993	
          6.36000000	         -0.00000606	          0.00001042	         -0.00000009	         -0.00000667	          0.00000314	         -0.00001099	       -101.86383678	        -21.83774200	         26.01300355	         87.15917862	         -5.15074831	         -3.79103337	         47.39070123	        -33.44222770	        -28.30556083	          1.74341645	         23.26096569	         -5.96144350	          2.24819109	          0.04188231	         31.58030289	         50.13239494	        -24.36905334	         10.04331318	          4.65246729	         -0.46388105	          1.80893093	         -5.40463884	         -1.48076647	          4.33533215	          0.43642172	         -0.01181248	         -0.09487153	
          6.37000000	         -0.00000559	          0.00000739	          0.00000053	         -0.00000561	          0.00000078	         -0.00000763	        -85.19474195	         -4.66692520	         24.28556009	         71.03906453	         11.67902009	         -5.78538849	         41.40074122	        -24.68937213	        -28.38449698	          1.94504469	         24.44326948	         -2.70635220	          2.31921124	         -0.14795133	         31.08446672	         50.84875934	        -17.66420012	          7.59646467	          3.28367722	         -0.53340362	          2.46361317	         -3.90030382	         -1.11446581	          3.30779824	          0.93469377	         -0.01620501	         -0.08902452	
          6.38000000	         -0.00000345	          0.00000301	          0.00000127	         -0.00000460	          0.00000052	         -0.00000234	        -69.44029252	          7.93064878	         22.32839162	         57.35797568	         22.26601208	         -7.21947689	         34.72109267	        -18.19072383	        -27.95249738	          1.71136302	         25.00321819	         -0.94402365	          2.30545567	         -0.18964271	         29.51288786	         52.48088091	        -11.46642782	          5.68036716	          1.81101974	         -0.60413796	          2.98233975	         -2.56851389	         -0.79275932	          2.41336881	          1.34842736	         -0.02397267	         -0.08268008	
          6.39000000	         -0.00000550	          0.00000354	          0.00000080	         -0.00000509	          0.00000302	         -0.00000375	        -53.03467303	          9.98646938	         20.69193588	         44.83388552	         24.66226124	         -7.19587533	         25.69496458	        -12.74996545	        -26.74743624	          1.46633162	         24.56864795	         -0.08176481	          2.23362297	         -0.18922241	         26.28754259	         52.35556606	         -5.38014351	          3.80851715	          0.35290369	         -0.57547076	          3.27488266	         -1.35397598	         -0.48552968	          1.55107397	          1.64876461	         -0.02781088	         -0.07100765	
          6.40000000	         -0.00000280	          0.00000825	          0.00000160	         -0.00000299	          0.00000186	         -0.00000613	        -37.53772687	          6.87017411	         19.04299867	         33.55833733	         23.36715271	         -6.54157810	         16.16446553	         -7.90669224	        -25.08612284	          1.28671405	         23.40580606	          0.36070585	          2.11615717	         -0.16315947	         22.84426687	         51.12421887	         -0.05798613	          2.50930440	         -0.88217247	         -0.54096392	          3.56383128	         -0.37754773	         -0.28801727	          0.91600476	          1.88556858	         -0.02264679	         -0.06666879	
          6.41000000	         -0.00000237	          0.00000423	          0.00000073	         -0.00000254	          0.00000247	         -0.00000338	        -23.58544794	          2.85505571	         17.07969832	         23.97504349	         21.27006567	         -5.95297985	          7.13279162	         -4.03316814	        -23.14908004	          1.17273087	         21.79867644	          0.50881419	          1.96227207	         -0.14610890	         19.43697218	         49.78041782	          4.34128217	          1.68152461	         -1.99812154	         -0.52652979	          3.84782446	          0.40284713	         -0.16704534	          0.43382768	          2.08359130	         -0.01503492	         -0.06706849	
          6.42000000	         -0.00000170	         -0.00000032	          0.00000028	         -0.00000175	          0.00000220	          0.00000023	        -12.26095429	         -2.18863585	         14.75761194	         15.96403210	         19.04900139	         -5.51449829	         -0.62787691	         -0.85312723	        -21.06685457	          1.10162635	         19.70716850	          0.54220623	          1.77384064	         -0.13590812	         17.06132405	         47.36749961	          7.28006520	          1.21741742	         -2.48261840	         -0.46912448	          4.24817088	          0.91060075	         -0.16113128	          0.20834173	          2.25632673	          0.00549944	         -0.07547343	
          6.43000000	         -0.00000075	         -0.00000152	          0.00000012	         -0.00000103	          0.00000176	          0.00000189	         -3.78569213	         -7.71742744	         12.73900511	          9.25995621	         15.59884082	         -4.79477256	         -6.72379213	          1.91400568	        -19.16271572	          1.05206885	         17.72367776	          0.50368282	          1.58382464	         -0.12289517	         16.14691761	         45.76747604	          9.41018764	          1.19348292	         -2.95409084	         -0.46934276	          4.68580667	          1.39307044	         -0.16311333	          0.07265912	          2.44548468	          0.01570080	         -0.08163432	
          6.44000000	         -0.00000032	         -0.00000354	         -0.00000004	          0.00000011	          0.00000155	          0.00000303	          0.50003664	        -11.85556804	         11.28826000	          4.47235655	         12.62199117	         -4.21020700	         -9.97771525	          4.03684006	        -17.89351622	          1.02151103	         16.28742230	          0.44045239	          1.42155400	         -0.10943295	         17.30705521	         45.03693899	         10.53341153	          1.51426032	         -3.25225191	         -0.49196686	          5.18052388	          1.79998880	         -0.18167543	          0.04070140	          2.64823500	          0.01637300	         -0.08433823	
          6.45000000	          0.00000050	          0.00000002	         -0.00000014	          0.00000088	          0.00000196	          0.00000043	          1.03977342	        -14.98478851	         10.28197724	          1.57634431	         10.02073156	         -3.75603835	        -10.66293625	          5.47917283	        -17.32148635	          0.99981462	         15.33214585	          0.36481124	          1.29725643	         -0.09659646	         20.06640789	         44.87579496	         10.63051802	          1.95535048	         -3.30808649	         -0.49859935	          5.65542688	          2.06386256	         -0.20379803	          0.07904667	          2.81682061	          0.00308523	         -0.07864362	
          6.46000000	          0.00000098	         -0.00000023	         -0.00000038	          0.00000177	          0.00000260	          0.00000008	         -1.03439433	        -22.06773396	          9.54606576	          0.26014013	          5.31261021	         -2.90104584	        -10.04784510	          6.38029838	        -17.14074167	          0.99908927	         14.17526739	          0.22804295	          1.20192127	         -0.08474417	         23.64514743	         43.30168398	          9.77615927	          2.48564270	         -3.05423978	         -0.47918536	          6.13580185	          2.13644122	         -0.27223765	          0.21933367	          2.94302312	         -0.01272797	         -0.07130577	
          6.47000000	          0.00000161	          0.00000048	         -0.00000032	          0.00000232	          0.00000295	          0.00000032	         -5.09380163	        -28.64305653	          8.81641130	          0.77479484	          0.83225083	         -2.07373828	         -8.07810821	          6.49138289	        -17.44509158	          1.01314158	         13.12711442	          0.08363757	          1.14120879	         -0.07420490	         27.25464626	         42.03286938	          7.92288597	          3.11645510	         -2.53131878	         -0.44176235	          6.52007620	          1.95795246	         -0.39516707	          0.47710915	          2.99162363	         -0.03236596	         -0.06356517	
          6.48000000	          0.00000187	          0.00000066	         -0.00000050	          0.00000273	          0.00000345	         -0.00000029	         -8.60630773	        -34.40521873	          8.09420727	          1.65815294	         -3.22502428	         -1.31178139	         -6.19282153	          6.37438450	        -18.01326995	          1.03049079	         12.22143427	         -0.05170862	          1.11556799	         -0.06573131	         29.93294926	         41.03741531	          6.23640921	          3.58907409	         -2.05605444	         -0.39577110	          6.77949345	          1.73324393	         -0.51841411	          0.70569614	          2.99571726	         -0.04865595	         -0.05769301	
          6.49000000	          0.00000236	          0.00000003	         -0.00000038	          0.00000283	          0.00000334	          0.00000083	        -10.93076215	        -39.39337510	          7.39151527	          2.75751839	         -6.91771506	         -0.58247143	         -4.82151503	          6.08042322	        -18.76875241	          1.05024454	         11.44894718	         -0.17706591	          1.12524073	         -0.05896079	         31.20571008	         40.33083700	          4.89168075	          3.77289599	         -1.64258622	         -0.32951982	          6.89711110	          1.47320503	         -0.63977414	          0.88163161	          2.95265388	         -0.06001202	         -0.05467309	
          6.50000000	          0.00000219	         -0.00000038	         -0.00000045	          0.00000263	          0.00000324	          0.00000083	        -11.85810748	        -42.91720632	          6.66441495	          3.86191165	        -10.06563568	          0.12004970	         -4.03187342	          5.72537862	        -19.67793070	          1.07603968	         10.84307652	         -0.28727445	          1.17028773	         -0.05429383	         31.09732791	         40.35352772	          3.95788431	          3.73963628	         -1.35481158	         -0.27989888	          6.89554694	          1.09308146	         -0.77886000	          0.98619911	          2.86605719	         -0.05908985	         -0.06048840	
          6.51000000	          0.00000224	         -0.00000128	         -0.00000026	          0.00000221	          0.00000237	          0.00000194	        -12.38107766	        -45.01254802	          5.90552970	          5.06282148	        -12.42180738	          0.69033591	         -3.24801695	          5.27221030	        -20.81063282	          1.10196366	         10.37891885	         -0.37595868	          1.25148353	         -0.05088491	         30.46613882	         40.79325648	          3.10474675	          3.63549778	         -1.08840406	         -0.23965030	          6.82412068	          0.63994931	         -0.92243319	          1.06655463	          2.75229372	         -0.05172547	         -0.07005451	
          6.52000000	          0.00000158	         -0.00000215	         -0.00000021	          0.00000159	          0.00000170	          0.00000254	        -13.22882405	        -45.48013048	          5.11649513	          6.55246468	        -14.23033226	          1.22591037	         -1.94254868	          4.72004145	        -22.26132379	          1.13940035	         10.08854269	         -0.45145645	          1.37165102	         -0.04920501	         29.82871517	         42.08432337	          2.15089669	          3.73494305	         -0.81948519	         -0.28337244	          6.75768392	         -0.05542521	         -1.10381553	          1.14143328	          2.61726824	         -0.02491868	         -0.09299916	
          6.53000000	          0.00000111	         -0.00000292	          0.00000011	          0.00000072	          0.00000098	          0.00000334	        -14.11364223	        -45.07589715	          4.32799313	          8.04290060	        -15.50998353	          1.65606468	         -0.42407459	          4.13319332	        -23.95136939	          1.17357540	          9.89925973	         -0.50957084	          1.53026747	         -0.04812629	         29.20835135	         43.51745263	          1.19479690	          3.91646665	         -0.49411624	         -0.34564104	          6.71526363	         -0.73919915	         -1.26662735	          1.22184512	          2.49554889	          0.00685262	         -0.11682390	
          6.54000000	         -0.00000002	         -0.00000341	          0.00000015	          0.00000007	          0.00000119	          0.00000381	        -15.07426392	        -44.09663642	          3.53633503	          9.49460976	        -16.51121210	          2.03511115	          1.31962436	          3.54651257	        -25.87542621	          1.20559484	          9.78326922	         -0.55575926	          1.72598866	         -0.04759322	         28.69505390	         45.07062599	          0.24986042	          4.25013365	         -0.11384705	         -0.44125658	          6.72986236	         -1.40768600	         -1.41065651	          1.31235696	          2.39940141	          0.04487509	         -0.14239535	
          6.55000000	         -0.00000007	         -0.00000326	          0.00000040	         -0.00000029	          0.00000152	          0.00000368	        -14.68439453	        -43.80048368	          2.80407289	         10.30798979	        -17.48717206	          2.36483399	          2.20751684	          3.14251726	        -27.79151231	          1.21803948	          9.61533207	         -0.58726224	          1.95069523	         -0.04658606	         27.56116147	         45.84774824	         -0.18966070	          4.43769287	          0.24987573	         -0.48853639	          6.83987074	         -1.76823395	         -1.47078381	          1.35724180	          2.37356696	          0.07275951	         -0.15580203	
          6.56000000	         -0.00000081	         -0.00000293	          0.00000032	         -0.00000053	          0.00000241	          0.00000340	        -13.86697817	        -43.86391457	          2.08506721	         10.92466575	        -18.42994842	          2.65771148	          2.82181412	          2.77296053	        -29.76176612	          1.22148819	          9.40511279	         -0.61099731	          2.19701243	         -0.04544767	         26.21589962	         46.15900862	         -0.48809628	          4.58042699	          0.61530432	         -0.51399496	          6.97470973	         -2.00831093	         -1.49709812	          1.39562185	          2.37099324	          0.09549567	         -0.16353046	
          6.57000000	         -0.00000077	         -0.00000213	          0.00000047	         -0.00000073	          0.00000276	          0.00000259	        -11.86887420	        -45.03878747	          1.47676196	         10.79877630	        -19.21463975	          2.83319336	          2.58727872	          2.62788778	        -31.63901507	          1.19493220	          9.10051412	         -0.61771641	          2.45545736	         -0.04287152	         24.50932003	         45.18758960	         -0.30269611	          4.51869387	          0.86135294	         -0.46655538	          7.17108927	         -1.88024533	         -1.44206799	          1.39425452	          2.42884387	          0.09847275	         -0.15502365	
          6.58000000	         -0.00000133	         -0.00000188	          0.00000039	         -0.00000076	          0.00000357	          0.00000240	        -10.28823202	        -46.50225285	          0.93774494	         10.71758338	        -19.85181490	          2.93943067	          2.56794184	          2.46958749	        -33.59644987	          1.16045280	          8.78110877	         -0.62065955	          2.72369819	         -0.03972790	         23.13807955	         43.75301262	         -0.19732055	          4.46614813	          1.03998771	         -0.41404177	          7.35271644	         -1.69334896	         -1.38562950	          1.40592505	          2.48879599	          0.09659109	         -0.14487131	
          6.59000000	         -0.00000098	         -0.00000124	          0.00000043	         -0.00000054	          0.00000367	          0.00000191	         -9.27686613	        -48.08800378	          0.44988163	         10.68438043	        -20.15183206	          2.93649760	          2.84746344	          2.29847680	        -35.64026161	          1.11575738	          8.43943585	         -0.61703880	          2.99925214	         -0.03578928	         22.25547767	         41.85266586	         -0.26595539	          4.46167602	          1.13974380	         -0.35733060	          7.52680494	         -1.43311125	         -1.33244973	          1.44212023	          2.55489147	          0.08856917	         -0.13295040	
          6.60000000	         -0.00000086	         -0.00000133	          0.00000024	         -0.00000014	          0.00000385	          0.00000200	         -9.66378892	        -48.66278006	         -0.06172717	         10.99254514	        -19.79592609	          2.79749285	          4.08061291	          2.06143445	        -37.93525742	          1.06855489	          8.18603581	         -0.60648335	          3.28717062	         -0.03137926	         22.35578526	         40.26695699	         -0.87823318	          4.63527881	          1.12731842	         -0.32769859	          7.64908705	         -1.27106422	         -1.32279881	          1.50646638	          2.60252933	          0.07929217	         -0.12486143	
          6.61000000	         -0.00000012	         -0.00000232	          0.00000028	          0.00000053	          0.00000375	          0.00000306	        -10.05412319	        -48.23562005	         -0.52506303	         11.10441479	        -18.96357296	          2.57279311	          5.42727542	          1.93121421	        -40.41361852	          1.01580358	          8.11000115	         -0.58630944	          3.59475456	         -0.02678390	         22.68625563	         39.16115301	         -1.49632912	          4.84882397	          1.00136313	         -0.31105934	          7.78609866	         -1.13375374	         -1.33099425	          1.54784863	          2.65654345	          0.06865607	         -0.11868187	
          6.62000000	          0.00000043	         -0.00000269	          0.00000016	          0.00000102	          0.00000357	          0.00000333	        -12.82060347	        -46.41588088	         -0.99754891	         12.19895351	        -17.59916809	          2.27956230	          8.45751363	          1.56967651	        -43.50432810	          0.98207468	          8.29273328	         -0.56831564	          3.94274775	         -0.02268640	         24.33887250	         39.09173091	         -3.06116992	          5.50412883	          0.79143878	         -0.35272590	          7.86966592	         -1.33460049	         -1.42032342	          1.61094232	          2.66794169	          0.05836090	         -0.11741936	
          6.63000000	          0.00000077	         -0.00000222	          0.00000007	          0.00000131	          0.00000415	          0.00000291	        -16.29618539	        -44.39511797	         -1.37989507	         13.82496995	        -16.19949821	          1.99321214	         12.04598422	          1.08880408	        -47.13891274	          0.96612430	          8.67570068	         -0.55611593	          4.34305318	         -0.01920932	         26.17254084	         39.48375731	         -4.90309768	          6.29584018	          0.52106414	         -0.42051567	          7.91443736	         -1.67656024	         -1.53831472	          1.65037793	          2.65694429	          0.04699592	         -0.11837049	
          6.64000000	          0.00000090	         -0.00000199	          0.00000002	          0.00000141	          0.00000449	          0.00000272	        -20.54046220	        -41.87139962	         -1.71728183	         16.03993457	        -14.65445319	          1.69712077	         16.30410437	          0.47608955	        -51.46700402	          0.97468976	          9.29685461	         -0.54921197	          4.80907797	         -0.01647406	         28.18083327	         40.54826988	         -7.10980228	          7.23455229	          0.17750177	         -0.51737676	          7.86938552	         -2.19961403	         -1.68322573	          1.65524533	          2.60765327	          0.03455893	         -0.12137536	
          6.65000000	          0.00000082	         -0.00000190	         -0.00000005	          0.00000132	          0.00000445	          0.00000265	        -23.83682836	        -39.50901376	         -1.91750934	         18.57526999	        -13.14678310	          1.41574212	         20.04261374	         -0.22755582	        -56.41385443	          1.01662528	         10.13368260	         -0.54753278	          5.35391969	         -0.01463505	         28.95961673	         41.88614830	         -9.16192906	          7.88016525	         -0.20838742	         -0.61063229	          7.54624552	         -2.76685720	         -1.79188162	          1.57084454	          2.47682197	          0.02026206	         -0.12490387	
          6.66000000	          0.00000069	         -0.00000141	         -0.00000010	          0.00000108	          0.00000452	          0.00000218	        -26.65804613	        -36.68406848	         -1.96257837	         21.29363806	        -11.33588785	          1.10303956	         23.72393470	         -1.06467907	        -62.34544250	          1.10536843	         11.26133133	         -0.54798085	          6.01660237	         -0.01335707	         29.21431050	         43.78523394	        -11.12587589	          8.41824437	         -0.59822286	         -0.70155486	          7.12156406	         -3.36033596	         -1.88860214	          1.45740418	          2.31698038	          0.00552601	         -0.12871490	
          6.67000000	          0.00000031	          0.00000004	         -0.00000023	          0.00000074	          0.00000484	          0.00000073	        -27.16250817	        -34.33202771	         -1.83511271	         23.72712109	         -9.61792570	          0.80164275	         26.07922705	         -1.96270323	        -69.30538295	          1.26666062	         12.50068161	         -0.55730820	          6.83337414	         -0.01289656	         27.70424719	         45.82705986	        -12.32676128	          8.52680536	         -0.85735935	         -0.76079557	          6.45311231	         -3.93442046	         -1.92661294	          1.31507688	          2.05775512	         -0.00775317	         -0.13002354	
          6.68000000	          0.00000001	          0.00000120	         -0.00000037	          0.00000050	          0.00000497	         -0.00000033	        -26.33724650	        -32.41277874	         -1.76998169	         25.85020945	         -7.95954667	          0.48821517	         27.74177432	         -2.95719880	        -77.32750539	          1.51754741	         13.61311798	         -0.58055339	          7.79580580	         -0.01348093	         25.46049318	         47.92842529	        -13.04193429	          8.58596423	         -0.94619112	         -0.80375501	          5.79064548	         -4.54458626	         -1.95631533	          1.22574573	          1.75464121	         -0.01761680	         -0.12846986	
          6.69000000	         -0.00000005	          0.00000061	         -0.00000034	          0.00000040	          0.00000456	          0.00000012	        -22.18858773	        -31.59919758	         -1.85802835	         26.48877527	         -6.79505718	          0.19727369	         27.25517156	         -3.54653132	        -85.64224811	          1.81127256	         14.34482346	         -0.61155053	          8.83994752	         -0.01453456	         21.62605161	         49.52457021	        -12.42694409	          8.22620584	         -0.90124005	         -0.79446848	          5.07695038	         -5.05983564	         -1.91774193	          1.13067529	          1.39389258	         -0.02300082	         -0.12027752	
          6.70000000	         -0.00000017	         -0.00000030	         -0.00000005	          0.00000018	          0.00000419	          0.00000110	        -15.44048594	        -30.18844240	         -2.05322292	         25.90252304	         -4.99130790	         -0.20583181	         24.91801466	         -3.89164696	        -93.68838129	          2.10370719	         14.84468886	         -0.62166124	          9.91486067	         -0.01852999	         16.72874305	         50.90616696	        -11.07910603	          7.98829646	         -0.56686584	         -0.78022118	          4.56483831	         -5.55768082	         -1.89413508	          1.15623262	          1.01734122	         -0.02399085	         -0.10957571	
          6.71000000	         -0.00000038	          0.00000026	         -0.00000017	         -0.00000004	          0.00000315	          0.00000026	         -9.43664134	        -28.57127262	         -2.40333148	         25.83001599	         -2.84353969	         -0.64161938	         22.53436343	         -4.50116497	       -101.27330743	          2.37664594	         15.02519112	         -0.62746947	         10.99849406	         -0.02396333	         12.09399251	         52.04716999	        -10.35658654	          8.13345105	         -0.01474516	         -0.79488164	          4.11872313	         -6.18009896	         -1.92409932	          1.30775747	          0.61918910	         -0.02330134	         -0.10016744	
          6.72000000	         -0.00000071	          0.00000156	          0.00000004	         -0.00000056	          0.00000341	         -0.00000085	         -0.68709751	        -28.51137007	         -3.01564727	         24.28671893	         -0.98535156	         -1.07636033	         17.81612306	         -4.76029080	       -107.54051337	          2.63121258	         14.48127209	         -0.62559629	         12.04622728	         -0.03132373	          6.35723513	         51.77862936	         -8.56477219	          7.84010486	          0.51727873	         -0.76636155	          4.01375615	         -6.34004374	         -1.90814453	          1.41133021	          0.40601295	         -0.02110348	         -0.09274425	
          6.73000000	         -0.00000097	          0.00000098	         -0.00000011	         -0.00000040	          0.00000395	         -0.00000038	          9.76807441	        -31.05092570	         -4.12337991	         21.65254811	         -0.11475311	         -1.42083927	         11.17775521	         -4.63869224	       -112.27967078	          2.84119489	         12.87728417	         -0.62934985	         13.03319912	         -0.03793865	          0.04194952	         49.85572853	         -6.09735141	          7.06267190	          0.85129112	         -0.69721454	          4.02776634	         -6.08297627	         -1.81264134	          1.40393247	          0.34415906	         -0.01936056	         -0.08615341	
          6.74000000	         -0.00000099	          0.00000145	          0.00000011	         -0.00000056	          0.00000400	         -0.00000068	         20.71798897	        -33.66351822	         -5.54913655	         18.38564795	          0.94429181	         -1.76349079	          3.59519605	         -4.33321568	       -115.56952689	          2.97243479	         10.72456237	         -0.60918725	         13.96082795	         -0.04481689	         -6.09712845	         47.45761544	         -3.73597350	          6.22098887	          0.98552211	         -0.63213377	          4.19436400	         -5.51764902	         -1.68829371	          1.33239258	          0.44378334	         -0.02000635	         -0.08392834	
          6.75000000	         -0.00000120	          0.00000002	          0.00000006	         -0.00000072	          0.00000426	          0.00000052	         33.42660392	        -33.82438936	         -6.98789432	         13.31837435	          3.32584962	         -2.21863364	         -5.20083060	         -3.41728117	       -117.57473737	          2.97649527	          8.74184765	         -0.52822125	         14.85477685	         -0.05119099	        -12.11914647	         45.77910338	         -1.11278627	          5.26187467	          0.60597498	         -0.58897498	          4.32193893	         -4.41156470	         -1.43803951	          1.08765932	          0.73212495	         -0.02786451	         -0.08424163	
          6.76000000	         -0.00000127	          0.00000008	          0.00000003	         -0.00000092	          0.00000429	          0.00000046	         47.61540408	        -31.50314519	         -8.42100165	          6.83248321	          7.38471464	         -2.86887016	        -14.87486362	         -1.97449373	       -118.59976805	          2.87721644	          7.00087773	         -0.37262182	         15.74092792	         -0.05743525	        -18.26411538	         44.40440358	          1.53295328	          4.26434344	          0.07924242	         -0.55222509	          4.36662713	         -3.13487713	         -1.12973515	          0.79587667	          1.05484074	         -0.03805152	         -0.08444830	
          6.77000000	         -0.00000142	         -0.00000037	          0.00000009	         -0.00000099	          0.00000407	          0.00000098	         64.02307841	        -28.71386496	         -9.99174890	         -1.16177288	         11.72644234	         -3.54880981	        -26.04479270	          0.00315663	       -118.66680699	          2.71196840	          5.19628215	         -0.16528675	         16.61635539	         -0.06249401	        -25.05768311	         43.04052454	          4.79195696	          3.09728622	         -0.71480862	         -0.53614903	          4.35783452	         -1.38812785	         -0.69820963	          0.41629835	          1.48583259	         -0.05477112	         -0.08533963	
          6.78000000	         -0.00000133	         -0.00000044	          0.00000001	         -0.00000098	          0.00000334	          0.00000088	         80.20794534	        -26.03663699	        -11.69391062	         -8.90576060	         15.62186141	         -4.19647103	        -37.36235472	          1.92685149	       -118.12298299	          2.54289299	          3.31800410	          0.07442089	         17.49512280	         -0.06627742	        -31.92898586	         41.92086253	          7.88801695	          1.98032664	         -1.40480934	         -0.53374776	          4.34341613	          0.39093803	         -0.25212685	          0.08524212	          1.90212966	         -0.07271049	         -0.08615815	
          6.79000000	         -0.00000115	          0.00000122	         -0.00000018	         -0.00000077	          0.00000241	         -0.00000076	         95.92795384	        -24.71303469	        -13.59357943	        -16.07958677	         18.56072673	         -4.76836251	        -48.89956638	          3.62382012	       -116.90246877	          2.38478980	          1.07984314	          0.35947471	         18.36438077	         -0.06782720	        -38.93840498	         40.47766578	         10.90727246	          0.86743839	         -1.97930703	         -0.54480159	          4.36614250	          2.23509879	          0.20819976	         -0.19835091	          2.31777326	         -0.09223238	         -0.08715149	
          6.80000000	         -0.00000122	          0.00000313	         -0.00000044	         -0.00000079	          0.00000169	         -0.00000283	        107.12658874	        -21.48053462	        -15.46974339	        -20.92666223	         21.84500066	         -5.41945279	        -57.76799661	          4.46613730	       -115.52544367	          2.22530874	         -0.73559428	          0.76628062	         19.23997020	         -0.06521901	        -44.12175681	         40.11514928	         11.94662176	          0.36593954	         -2.04780499	         -0.60466190	          4.37997968	          3.62355370	          0.56335042	         -0.25457042	          2.60371697	         -0.10999778	         -0.08814388	
          6.81000000	         -0.00000128	          0.00000434	         -0.00000048	         -0.00000084	          0.00000098	         -0.00000401	        116.04225296	        -16.97519933	        -17.33784363	        -24.84832122	         26.26589402	         -6.28722109	        -65.36355290	          4.82231098	       -113.37371446	          1.98014687	         -2.33726001	          1.44872774	         20.07511894	         -0.05580719	        -48.27331630	         39.35542655	         11.93075171	          0.16140982	         -1.92786491	         -0.68801057	          4.34199122	          4.76005702	          0.86457509	         -0.22426872	          2.80734049	         -0.12683421	         -0.08828495	
          6.82000000	         -0.00000110	          0.00000420	         -0.00000061	         -0.00000052	          0.00000062	         -0.00000386	        117.67532792	        -12.36357765	        -18.92011007	        -25.85874824	         31.09745333	         -7.29187957	        -68.47925578	          4.26042527	       -110.82760946	          1.54200737	         -3.90251543	          2.57620240	         20.86261039	         -0.03185766	        -49.10230777	         37.38270237	          9.78776410	          0.58068662	         -1.34102086	         -0.79968053	          4.31271601	          5.22193396	          1.00223183	          0.01593843	          2.84141048	         -0.13820134	         -0.08688162	
          6.83000000	         -0.00000134	          0.00000340	         -0.00000074	         -0.00000123	          0.00000086	         -0.00000349	        117.63113691	         -2.92116955	        -20.21760446	        -27.98651334	         39.76686235	         -8.87785636	        -69.64034035	          4.35319968	       -107.18978908	          0.70357298	         -4.51527636	          4.33679514	         21.55249534	          0.01287750	        -47.96311835	         34.93620739	          6.68122458	          1.35782997	         -0.82713866	         -0.91947926	          4.15063580	          5.23657886	          1.03943182	          0.26714707	          2.74483967	         -0.14546763	         -0.08356420	
          6.84000000	         -0.00000192	          0.00000280	         -0.00000074	         -0.00000176	          0.00000101	         -0.00000275	        116.08993194	          9.43418971	        -21.12296466	        -31.95967210	         51.08838142	        -10.89910262	        -68.98340947	          5.89513743	       -102.43769572	         -0.65626099	         -4.47010998	          6.65964909	         22.11874732	          0.08472101	        -44.45715981	         31.39311256	          3.33896761	          2.31793920	         -0.48730861	         -1.03982269	          4.05630620	          4.89047226	          0.96719336	          0.48939942	          2.58460979	         -0.14931256	         -0.07986475	
          6.85000000	         -0.00000138	          0.00000171	         -0.00000063	         -0.00000130	          0.00000119	         -0.00000157	        112.10347479	         21.35286155	        -21.33313027	        -37.82581543	         62.28470323	        -13.06133640	        -66.18886013	          9.27600946	        -96.81962501	         -2.48482088	         -4.29414265	          9.15158917	         22.54693942	          0.18135509	        -37.80289600	         26.35975357	          0.98344696	          2.97901212	         -0.73912787	         -1.03726709	          4.13177619	          4.18675008	          0.76738272	          0.49955941	          2.40860981	         -0.13534838	         -0.07366110	
          6.86000000	         -0.00000014	          0.00000134	         -0.00000042	         -0.00000016	          0.00000123	         -0.00000119	        108.76936658	         36.15786126	        -20.91258171	        -46.22984949	         73.79424846	        -15.39579615	        -62.69134945	         14.35297593	        -90.38722145	         -4.49603651	         -3.10573663	         11.32151057	         22.81925909	          0.28122277	        -29.91401892	         22.40961631	          0.14309789	          3.19867695	         -1.44077310	         -0.96658721	          4.39127222	          3.56010398	          0.55348828	          0.32971250	          2.30123892	         -0.11431435	         -0.06694711	
          6.87000000	          0.00000010	          0.00000150	         -0.00000031	         -0.00000002	          0.00000119	         -0.00000150	        102.26939514	         48.85756529	        -19.41172062	        -53.91475200	         82.53040721	        -17.58637462	        -57.19160333	         19.56134128	        -83.85205934	         -6.26430618	         -1.77448963	         12.77265633	         22.93951736	          0.36695948	        -20.26050779	         18.28228326	          0.90604145	          2.67424742	         -2.49557538	         -0.63859099	          4.84166988	          2.83422155	          0.27220595	         -0.03824118	          2.25393545	         -0.05885664	         -0.05608067	
          6.88000000	          0.00000036	          0.00000128	         -0.00000020	          0.00000035	          0.00000100	         -0.00000112	         94.52993680	         57.95683777	        -17.28795740	        -59.73147208	         87.65706674	        -19.59800113	        -51.49062566	         23.61328270	        -77.25209834	         -7.28081540	         -0.86975696	         13.21976472	         22.86527405	          0.40005337	        -11.15882988	         13.78488829	          3.27463935	          1.49870475	         -3.07530475	         -0.17246074	          5.59909355	          2.47464616	          0.03867894	         -0.35216653	          2.37606633	          0.00982868	         -0.04675319	
          6.89000000	          0.00000023	          0.00000069	         -0.00000025	          0.00000040	          0.00000078	         -0.00000054	         85.27996495	         65.11802944	        -15.17084245	        -62.82510255	         90.66012128	        -21.80135367	        -45.58845869	         25.33463928	        -71.08808227	         -7.14750177	         -0.31644062	         12.07181971	         22.57229444	          0.34144797	         -2.59882291	          8.84711456	          5.93474235	          0.24852208	         -2.60641136	          0.46536143	          6.80717944	          2.10643270	         -0.27362765	         -0.36507047	          2.64433363	          0.10051932	         -0.04438667	
          6.90000000	          0.00000005	          0.00000031	         -0.00000018	          0.00000012	          0.00000083	         -0.00000027	         72.25786111	         65.60574968	        -12.98256791	        -58.50989494	         83.61024484	        -23.29121864	        -39.57112457	         21.86842423	        -65.63211892	         -5.58616631	         -0.67507747	          9.11078202	         22.03800466	          0.27900125	          3.58425267	          6.99301209	          9.30971733	         -0.64847684	         -2.11886524	          0.87386258	          8.06144868	          2.46175419	         -0.40228732	         -0.28024543	          3.13632228	          0.15834818	         -0.05094922	
          6.91000000	          0.00000002	         -0.00000012	         -0.00000011	         -0.00000002	          0.00000112	          0.00000022	         55.00392717	         64.18079293	        -11.48775208	        -47.64974111	         70.19654575	        -19.57173545	        -32.55294034	         14.02805411	        -62.32871442	         -3.32775027	         -0.70207693	          5.75272081	         21.26463918	          0.22505189	          9.28915207	         10.00553730	          6.66690749	          0.67072789	         -0.46516431	          1.21800736	          8.75439863	          1.38887856	         -0.81231545	          0.66729915	          3.26595326	          0.22980231	         -0.07052050	
          6.92000000	          0.00000023	         -0.00000016	         -0.00000012	          0.00000023	          0.00000098	          0.00000014	         40.31392847	         59.57182892	        -10.80568482	        -36.51142398	         61.57458980	        -16.03681499	        -28.74614743	          6.12792779	        -58.59469467	         -1.41737419	         -1.68312559	          5.43416447	         20.16848865	          0.22565681	         13.30732866	          8.45496411	          2.11377432	          2.69183033	          0.42695114	          1.16141935	          9.03089566	          0.65986405	         -1.06702530	          1.62574507	          3.41198762	          0.25204045	         -0.09724507	
          6.93000000	          0.00000019	         -0.00000005	         -0.00000011	          0.00000025	          0.00000107	          0.00000022	         25.48166987	         56.16371942	         -9.74417477	        -25.59397048	         52.12222013	        -12.47072792	        -23.70250304	         -1.81399883	        -54.55308164	          0.44369742	         -1.66741219	          5.15561499	         18.81130942	          0.23527706	         17.52297085	          7.68671101	         -2.24442712	          4.42762091	          0.69879603	          0.98263635	          8.98611405	          0.09458842	         -1.21790515	          2.34405154	          3.50205816	          0.25624725	         -0.12167858	
          6.94000000	          0.00000024	         -0.00000021	         -0.00000013	          0.00000029	          0.00000098	          0.00000026	         16.48962511	         52.72252799	         -9.36083859	        -19.12146022	         44.66880509	         -9.63826177	        -21.21785676	         -7.21705636	        -48.59893490	          1.66222000	         -1.48146518	          5.32612789	         16.95224479	          0.26133482	         20.36109394	          4.55610416	         -5.34260241	          5.30432647	          0.49198384	          0.71573904	          8.89522436	         -0.22529944	         -1.28163419	          2.67741120	          3.59243102	          0.23953151	         -0.14453055	
          6.95000000	          0.00000027	         -0.00000067	          0.00000003	          0.00000037	          0.00000082	          0.00000122	         12.36969633	         45.95541747	         -9.09261360	        -15.84035369	         34.45617737	         -6.46887328	        -21.26554903	        -10.91024097	        -40.74221014	          2.19789688	         -1.90155983	          5.65610371	         14.62046130	          0.30190289	         21.74849300	          0.33916724	         -7.12367891	          5.48570304	         -0.00063356	          0.44193887	          8.76044063	         -0.32790295	         -1.27718726	          2.71231759	          3.64430181	          0.21583575	         -0.16267100	
          6.96000000	          0.00000010	         -0.00000080	          0.00000003	          0.00000012	          0.00000040	          0.00000086	          7.64225351	         40.93057789	         -8.38911364	        -12.45810002	         21.04327077	         -2.78285918	        -18.37423515	        -14.87718759	        -33.18484189	          2.27661560	         -0.70229159	          6.26793795	         12.09778903	          0.36192756	         23.38270452	         -1.11320045	         -8.39325123	          5.48093481	         -0.88910272	          0.11728270	          8.44874883	         -0.30681186	         -1.22357174	          2.60085251	          3.66953914	          0.18710622	         -0.17725672	
          6.97000000	         -0.00000033	         -0.00000094	          0.00000003	         -0.00000024	          0.00000038	          0.00000110	         12.67930457	         28.23893709	         -7.51350153	        -17.42919990	          3.59422851	          1.54326652	        -21.50261014	        -13.98984377	        -23.54134834	          0.82033311	         -2.09837954	          7.33489801	          9.23667571	          0.46593107	         23.83083331	         -5.87570946	         -6.86993489	          4.35846932	         -1.71554216	         -0.09663560	          8.49842169	          0.05610477	         -1.13046716	          2.16603809	          3.78270188	          0.15795005	         -0.18604727	
          6.98000000	          0.00000010	         -0.00000174	         -0.00000002	          0.00000018	          0.00000031	          0.00000143	         23.59157378	         24.03860140	         -8.60851725	        -28.61326878	         -8.05371555	          5.48079166	        -24.99609596	         -8.82214805	        -14.19211053	         -2.23996298	         -0.90889304	          9.60717831	          6.30246857	          0.65604175	         24.41709760	         -8.63142747	         -4.90077925	          3.23453020	         -2.52062655	         -0.27905040	          8.32976358	          0.33658376	         -1.02477288	          1.73766614	          3.80312507	          0.12992611	         -0.18525290	
          6.99000000	          0.00000013	         -0.00000080	         -0.00000009	          0.00000027	          0.00000028	          0.00000092	         37.33774456	         14.91338216	         -8.53331418	        -42.03338229	        -23.24695361	         10.02059715	        -30.39729138	         -1.72870675	         -4.89222861	         -6.46412402	         -1.06198355	         12.12000713	          3.42456059	          0.95541114	         24.38494715	        -12.32609236	         -1.75120134	          1.65071997	         -3.09906839	         -0.36100562	          8.18894820	          0.61956017	         -0.91430990	          1.21428048	          3.79457769	          0.10364230	         -0.17571136	
          7.00000000	          0.00000059	         -0.00000154	         -0.00000014	          0.00000069	          0.00000036	          0.00000175	         57.26764985	          6.24900353	         -9.32588376	        -62.87111359	        -38.93076197	         13.63879370	        -38.85043677	         10.55754057	          3.65412340	        -12.20709856	         -2.24782782	         14.11043488	          0.79937620	          1.35480005	         25.16649564	        -13.98840820	          3.94153823	         -0.30648982	         -3.87115403	         -0.40140595	          8.00396321	          1.29569946	         -0.70483847	          0.55653262	          3.83839807	          0.06567058	         -0.14172242	
          7.01000000	          0.00000046	         -0.00000279	          0.00000027	          0.00000045	          0.00000035	          0.00000286	         59.51188233	          2.97905357	         -8.79421654	        -66.03662355	        -47.03424368	         14.95592239	        -37.85296506	         13.79833010	          7.53370180	        -16.71347933	         -2.46998515	         15.56073519	         -0.72948550	          1.76753020	         26.34729542	        -15.14991156	          4.14338821	         -0.17119560	         -3.95753305	         -0.43389136	          7.11019553	          0.87281891	         -0.67717568	          0.65950287	          3.49304539	          0.04742851	         -0.10742800	
          7.02000000	          0.00000014	         -0.00000048	          0.00000001	          0.00000008	          0.00000074	          0.00000033	         47.59831445	          4.71141876	         -7.97169122	        -57.98204446	        -49.75396112	         14.37748425	        -27.89134945	         11.49332217	          6.22989164	        -20.74777921	         -1.56066812	         16.77513844	         -0.81508057	          2.14125089	         30.04122556	        -14.72814765	          0.51507577	          1.35770256	         -3.62388954	         -0.43781328	          5.47834649	         -0.05998728	         -0.69170208	          1.26906683	          2.89921118	          0.04206088	         -0.06503089	
          7.03000000	         -0.00000016	          0.00000012	          0.00000001	         -0.00000019	          0.00000056	         -0.00000014	         43.72884700	          2.72301956	         -7.12762326	        -57.59278139	        -57.84744598	         13.35458753	        -24.88126635	         13.88596168	          5.86968819	        -25.86241812	         -1.14104933	         17.19644348	         -0.90362259	          2.49896282	         33.67609834	        -12.13319714	          0.32404256	          2.01603599	         -3.56487147	         -0.44825178	          4.63375129	         -0.37067558	         -0.66950081	          1.59074554	          2.62407273	          0.03760429	         -0.03528628	
          7.04000000	         -0.00000025	         -0.00000029	          0.00000007	         -0.00000027	          0.00000077	          0.00000029	         44.55920820	          0.93257196	         -7.04411738	        -63.32246178	        -65.64110596	         12.05893015	        -24.73310264	         20.22432556	          5.86630376	        -31.40149290	         -0.94127175	         17.24954691	         -1.00976597	          2.86811500	         38.30095271	         -8.27032846	          1.67965622	          2.25543295	         -3.68920633	         -0.47820202	          4.21665162	         -0.25053488	         -0.62114551	          1.75695377	          2.55479787	          0.03726561	         -0.01652502	
          7.05000000	         -0.00000018	         -0.00000099	          0.00000005	         -0.00000023	          0.00000064	          0.00000100	         46.07912747	         -1.35773139	         -6.90095418	        -70.97010736	        -75.47039474	         10.93451734	        -24.72466597	         27.61631617	          5.83757600	        -36.45097903	         -0.79866026	         16.53482537	         -1.09129403	          3.22224798	         43.73772718	         -2.11589191	          3.73181309	          2.28913681	         -4.12536673	         -0.59531133	          4.26638345	          0.20491536	         -0.57259311	          1.78375017	          2.67070085	          0.04509988	         -0.02035463	
          7.06000000	          0.00000002	         -0.00000166	          0.00000001	         -0.00000002	          0.00000056	          0.00000166	         45.77138809	         -3.48329673	         -6.53673057	        -76.68598805	        -84.09495922	         10.03185050	        -23.42010886	         33.70741680	          5.44750221	        -40.42582327	         -0.63205071	         15.56017303	         -1.06981071	          3.53610441	         48.89398611	          3.92387443	          4.94669061	          2.47368669	         -4.46212623	         -0.72198037	          4.37052873	          0.51052408	         -0.56918314	          1.84886439	          2.76081106	          0.05480207	         -0.03069996	
          7.07000000	          0.00000012	         -0.00000151	         -0.00000003	          0.00000007	          0.00000047	          0.00000148	         43.38966594	         -5.07561300	         -6.04409885	        -79.19838554	        -91.82050172	          9.75940069	        -20.68757989	         37.55748473	          4.74897464	        -43.25889275	         -0.44727243	         14.60311339	         -0.95206460	          3.82184876	         53.04776187	         10.11563695	          5.06425905	          2.77630775	         -4.78727621	         -0.88182261	          4.67834120	          0.72668810	         -0.60900014	          1.91266635	          2.87322254	          0.05519536	         -0.04642685	
          7.08000000	          0.00000028	         -0.00000099	         -0.00000008	          0.00000022	          0.00000045	          0.00000088	         39.75745796	         -6.48800292	         -5.43251815	        -78.16729917	        -98.40733053	          9.95406205	        -17.43599542	         38.92423443	          3.95132984	        -44.85104738	         -0.28752561	         13.72583392	         -0.78877043	          4.06434751	         55.22623654	         15.72890581	          4.32559909	          3.07525263	         -4.94732517	         -1.01345603	          4.98395864	          0.84930989	         -0.65846465	          1.97966218	          2.95350514	          0.03910633	         -0.05552986	
          7.09000000	         -0.00000005	         -0.00000053	         -0.00000009	         -0.00000012	          0.00000074	          0.00000051	         36.18173435	         -7.58282598	         -4.91177222	        -74.94398183	       -103.95328127	         10.39837302	        -14.53268915	         38.59361548	          3.30170081	        -45.35317327	         -0.17757313	         12.81016902	         -0.65229407	          4.22898442	         55.49291727	         20.81486678	          3.30257412	          3.23180654	         -4.98341024	         -1.11084660	          5.33425039	          0.99205231	         -0.69428742	          2.00876587	          3.03353247	          0.00690416	         -0.05737077	
          7.10000000	         -0.00000017	         -0.00000111	         -0.00000014	         -0.00000025	          0.00000089	          0.00000097	         32.36975123	         -8.11130957	         -4.46954673	        -66.80765693	       -106.80646912	         10.98270964	        -12.27448459	         35.12463515	          2.87476984	        -44.61002941	         -0.12295627	         12.13056245	         -0.57080194	          4.28227928	         51.58973584	         24.48010043	          1.93541887	          3.04345676	         -4.68243874	         -1.09279045	          5.43398179	          1.25719429	         -0.64816366	          1.95519691	          3.06185773	         -0.03827601	         -0.04691444	
          7.11000000	         -0.00000019	         -0.00000095	         -0.00000016	         -0.00000026	          0.00000101	          0.00000084	         28.33481881	         -8.79603249	         -3.95982957	        -56.38031046	       -109.20281199	         11.25125324	        -10.34539500	         30.02181928	          2.60336750	        -43.06829594	         -0.10767223	         11.18154986	         -0.53196872	          4.23231187	         45.84722707	         27.52295327	          0.78994321	          2.67483809	         -4.27618887	         -1.02146428	          5.29295062	          1.64747609	         -0.51616423	          1.85336509	          3.04272927	         -0.08034010	         -0.03147914	
          7.12000000	         -0.00000022	         -0.00000009	         -0.00000018	         -0.00000030	          0.00000115	         -0.00000003	         23.96526088	         -8.99095866	         -3.43339976	        -42.83964406	       -108.63154728	         11.43384752	         -8.71004982	         23.14329331	          2.44752794	        -41.15067599	         -0.11972734	         10.71115757	         -0.52193880	          4.13629079	         37.58127063	         28.46066371	         -0.50564453	          2.08734308	         -3.64420623	         -0.85705370	          4.83426052	          2.22180028	         -0.29860715	          1.67687923	          3.00254651	         -0.10108906	         -0.01746796	
          7.13000000	         -0.00000004	          0.00000071	         -0.00000019	         -0.00000009	          0.00000109	         -0.00000091	         20.38227326	         -9.29026662	         -2.81107865	        -31.15608376	       -107.28661560	         11.12876108	         -7.45757047	         17.55911689	          2.39209856	        -39.90380533	         -0.15387647	         10.42066987	         -0.53252971	          4.07508208	         30.26920398	         27.85355616	         -1.21587491	          1.36681629	         -3.11769868	         -0.69638030	          4.47183303	          3.10247097	         -0.02488656	          1.43242539	          3.08925385	         -0.10542637	         -0.00746315	
          7.14000000	          0.00000033	          0.00000120	         -0.00000019	          0.00000031	          0.00000091	         -0.00000137	         17.34999627	        -10.03924159	         -2.02029596	        -21.03510450	       -106.34743442	         10.16354634	         -6.50130053	         13.10360628	          2.41274791	        -39.68347064	         -0.20957977	         10.20256018	         -0.55944653	          4.09491542	         23.93533371	         26.17537195	         -1.17853932	          0.50971215	         -2.80039218	         -0.56962361	          4.27305908	          4.30593051	          0.29937713	          1.10092835	          3.32946686	         -0.09635773	         -0.00161635	
          7.15000000	          0.00000053	          0.00000058	         -0.00000014	          0.00000054	          0.00000061	         -0.00000075	         15.52020821	        -11.72009072	         -0.78938563	        -16.57303364	       -105.38284667	          8.28930885	         -5.85520309	         12.62716970	          2.50783648	        -41.49389933	         -0.29227614	         10.20302380	         -0.59989801	          4.26643008	         21.58895212	         22.05085121	         -0.49622472	         -0.34392077	         -2.76666626	         -0.51482939	          4.42626261	          5.86415214	          0.65551174	          0.74053474	          3.80524789	         -0.07977737	          0.00185736	
          7.16000000	          0.00000049	          0.00000044	         -0.00000004	          0.00000051	          0.00000063	         -0.00000051	         13.84152617	        -14.22455437	          0.65467194	        -14.16661398	       -106.32819178	          5.65566975	         -5.24371009	         13.86433137	          2.59150883	        -45.19591805	         -0.38393056	         10.21813761	         -0.63754687	          4.60557869	         21.10665015	         17.46469591	          0.61372401	         -1.20088657	         -2.95430646	         -0.51523396	          4.80881423	          7.48207430	          0.98825510	          0.36740988	          4.39626244	         -0.06399112	          0.00297463	
          7.17000000	         -0.00000029	          0.00000248	          0.00000006	         -0.00000033	          0.00000115	         -0.00000241	         12.05448763	        -17.98289210	          2.51052083	        -15.23023404	       -108.86444157	          1.84635368	         -4.35104232	         17.67231705	          2.60004052	        -50.94977847	         -0.49421005	         10.06011700	         -0.64776408	          5.12227868	         23.89673177	         11.67729338	          2.04530016	         -1.88806322	         -3.43232529	         -0.61333537	          5.45353435	          8.97795008	          1.23034302	          0.04407390	          5.08418856	         -0.05459256	          0.00077659	
          7.18000000	         -0.00000063	          0.00000249	          0.00000010	         -0.00000066	          0.00000137	         -0.00000233	          9.68592495	        -20.86232684	          4.02500828	        -17.10491570	       -110.02816810	         -1.99003272	         -2.83596485	         22.34653584	          2.44830364	        -58.12370258	         -0.58199157	         10.56184442	         -0.59980980	          5.79407621	         27.97409167	          5.06411652	          2.63322188	         -2.32162301	         -3.87651092	         -0.71884089	          6.00279070	          9.81266589	          1.29788873	         -0.16515381	          5.65481990	         -0.04923803	         -0.00660414	
          7.19000000	         -0.00000059	          0.00000145	          0.00000016	         -0.00000075	          0.00000145	         -0.00000119	          5.79682741	        -23.00254148	          5.36857718	        -17.96504523	       -108.93263129	         -5.00007006	         -0.28726835	         26.54009962	          2.15324974	        -65.49265063	         -0.66544189	         12.00222669	         -0.48832883	          6.52792229	         32.37084110	         -2.31473392	          1.57241970	         -2.38139049	         -4.12088503	         -0.78917601	          6.16683330	          9.92075973	          1.23414252	         -0.22537122	          6.00113498	         -0.04506038	         -0.01619195	
          7.20000000	         -0.00000033	          0.00000067	          0.00000007	         -0.00000040	          0.00000146	         -0.00000062	          0.63928222	        -26.09305813	          6.74222890	        -16.85672906	       -110.25030069	         -6.72986138	          2.78901567	         28.78723892	          1.81725086	        -71.01118898	         -0.76880796	         13.32437717	         -0.34220962	          7.14175150	         35.99828887	         -7.11259562	         -0.74752301	         -1.93534013	         -4.27032199	         -0.86220604	          5.67209937	          8.65780040	          0.93625354	         -0.09893609	          5.90548106	         -0.05108403	         -0.02872152	
          7.21000000	          0.00000029	          0.00000031	         -0.00000006	          0.00000032	          0.00000106	         -0.00000052	         -3.37273444	        -25.05616522	          6.94795030	        -16.09879441	       -103.02150824	         -6.15788646	          5.49359328	         29.78683847	          1.52940459	        -73.03891178	         -0.76368070	         15.81477160	         -0.21517469	          7.45380020	         38.51284660	        -12.55184492	         -4.59189981	         -1.16848814	         -4.03788497	         -0.84020319	          4.85352264	          6.77629692	          0.52603599	          0.13041676	          5.56172103	         -0.05597287	         -0.04231765	
          7.22000000	          0.00000052	          0.00000104	         -0.00000011	          0.00000061	          0.00000098	         -0.00000128	         -5.06027465	        -23.77815894	          6.70196353	        -16.84064690	        -95.68070896	         -4.13667325	          6.79432434	         29.37701409	          1.34025061	        -70.26544596	         -0.71005121	         17.58710825	         -0.13412267	          7.29095346	         39.99491955	        -15.07289098	         -7.95176960	         -0.28034037	         -3.74683913	         -0.79670873	          3.96163750	          4.24371987	         -0.03954142	          0.39181010	          4.99709533	         -0.06770381	         -0.05694842	
          7.23000000	          0.00000075	          0.00000109	          0.00000001	          0.00000068	          0.00000137	         -0.00000121	         -4.55822306	        -23.73185068	          6.39815313	        -19.28090948	        -91.74533078	         -1.46881573	          6.75919235	         27.95610696	          1.22756880	        -63.11711509	         -0.66179774	         17.80778163	         -0.08779514	          6.63799822	         40.80842217	        -13.84231964	         -9.85667696	          0.62631595	         -3.63242754	         -0.83558546	          3.29723981	          1.97736677	         -0.57425394	          0.62542310	          4.44013128	         -0.08311473	         -0.06891376	
          7.24000000	          0.00000086	         -0.00000060	          0.00000003	          0.00000072	          0.00000144	          0.00000057	         -2.78679951	        -23.66241913	          5.89054673	        -22.60941633	        -88.70148310	          1.16654334	          6.09409395	         25.32991775	          1.14133622	        -53.01082583	         -0.60285508	         16.87003208	         -0.06009811	          5.59318027	         41.38350406	        -10.97642636	        -10.48750805	          1.52708202	         -3.66751469	         -0.94315191	          3.06773897	         -0.07891553	         -1.16369934	          0.84361830	          3.95499419	         -0.10194490	         -0.08216511	
          7.25000000	          0.00000072	         -0.00000107	          0.00000002	          0.00000062	          0.00000164	          0.00000098	          0.62348459	        -21.40956282	          4.81004127	        -26.46500813	        -85.23885543	          4.04191847	          4.96932112	         22.19208143	          1.08516279	        -42.12806387	         -0.51019884	         15.64922892	         -0.04666011	          4.36234750	         41.39039895	         -7.02785163	         -9.83064551	          2.34971489	         -3.75446131	         -1.08908301	          3.68576847	         -1.31570062	         -1.74073106	          1.08160878	          3.68745583	         -0.11274945	         -0.09640842	
          7.26000000	          0.00000046	         -0.00000064	          0.00000002	          0.00000039	          0.00000153	          0.00000061	          3.82036179	        -17.47075002	          3.58388891	        -29.66948390	        -80.86751356	          6.70526974	          4.20899481	         18.92320992	          1.03386121	        -32.68020804	         -0.38942346	         14.74253936	         -0.04136317	          3.21410316	         41.65091739	         -4.40322622	         -9.12929611	          3.07570965	         -3.65071636	         -1.14216369	          4.74751021	         -2.34386771	         -2.40141053	          1.37715068	          3.54387924	         -0.11602521	         -0.11411361	
          7.27000000	          0.00000033	         -0.00000035	         -0.00000003	          0.00000032	          0.00000153	          0.00000030	          6.50545929	        -13.21015783	          2.45063312	        -30.36360385	        -79.62788490	          9.03440419	          3.69662181	         14.84738957	          1.01416310	        -24.95348254	         -0.29051520	         13.81543473	         -0.04064394	          2.25030314	         40.80415179	         -1.08229268	         -7.85409454	          3.71630757	         -3.49726120	         -1.16176132	          6.34930674	         -2.64781894	         -3.00841717	          1.72317553	          3.56855557	         -0.10994495	         -0.13077793	
          7.28000000	          0.00000017	         -0.00000019	         -0.00000001	          0.00000016	          0.00000134	          0.00000011	          9.20370827	         -9.24255440	          1.48097691	        -30.38017160	        -81.40121358	         10.62098009	          3.20076454	         11.33391365	          1.03215928	        -19.36177491	         -0.20816520	         12.89552915	         -0.04265228	          1.56103630	         39.84429000	          2.06176261	         -6.04615824	          4.13053119	         -3.31204123	         -1.12885779	          8.15433043	         -2.51492313	         -3.54587666	          2.06367513	          3.73366025	         -0.10038757	         -0.14460003	
          7.29000000	         -0.00000006	          0.00000044	         -0.00000005	         -0.00000001	          0.00000137	         -0.00000035	         12.00021173	         -4.54787411	          0.46233480	        -29.66584044	        -84.98990632	         11.54969296	          2.77690204	          8.17947379	          1.07306240	        -15.26606975	         -0.11730992	         11.98739595	         -0.04650414	          1.10170319	         38.53823304	          5.59599833	         -3.52830808	          4.39807883	         -3.27416527	         -1.12888716	         10.07223633	         -1.93997057	         -3.97031357	          2.38345310	          4.00730010	         -0.09152599	         -0.15411622	
          7.30000000	         -0.00000033	          0.00000054	         -0.00000006	         -0.00000027	          0.00000138	         -0.00000051	         14.82930608	         -0.47557612	         -0.36300780	        -28.38024207	        -89.50804514	         11.41563522	          2.17411381	          5.85371825	          1.12872876	        -12.11923757	         -0.03117263	         10.98392596	         -0.05064501	          0.78702707	         36.57425288	          8.37614858	         -0.53221805	          4.26947759	         -3.15867579	         -1.06158036	         11.59962561	         -0.94867305	         -4.09433646	          2.59146812	          4.33007853	         -0.08140320	         -0.15255564	
          7.31000000	         -0.00000048	         -0.00000021	          0.00000002	         -0.00000044	          0.00000157	          0.00000011	         17.06357370	          2.83899853	         -0.95624048	        -26.18005502	        -94.15825742	         10.51836528	          1.66260801	          3.78660343	          1.18463314	         -9.42466976	          0.03752971	          9.82795683	         -0.05423492	          0.54671731	         34.24093482	         10.34667260	          2.51190369	          3.98760598	         -2.97782702	         -0.95559186	         12.89323432	          0.11328434	         -4.08421278	          2.74517821	          4.62893987	         -0.07027119	         -0.14651111	
          7.32000000	         -0.00000062	         -0.00000001	          0.00000004	         -0.00000050	          0.00000162	         -0.00000017	         19.15821601	          4.52522389	         -1.24031821	        -24.19906754	        -98.50549430	          8.88241051	          0.91470707	          3.14428276	          1.23718491	         -7.50316390	          0.08597131	          8.62660336	         -0.05609167	          0.39869928	         31.75710880	         10.96947102	          5.30207288	          3.46241872	         -2.74186354	         -0.81621947	         13.60377340	          1.25835803	         -3.80709754	          2.77752298	          4.89475841	         -0.05983597	         -0.13214528	
          7.33000000	         -0.00000066	          0.00000076	         -0.00000004	         -0.00000053	          0.00000187	         -0.00000097	         20.56017138	          4.32014129	         -1.24756551	        -21.69015582	       -103.04459693	          6.68878448	          0.12277679	          3.18029348	          1.28725779	         -6.15776630	          0.09623993	          7.15965819	         -0.05591526	          0.32579232	         28.97982250	         11.10988266	          7.61362484	          2.93471975	         -2.64691630	         -0.73879860	         13.78056219	          2.29320637	         -3.35425990	          2.73061827	          5.06094931	         -0.05355274	         -0.11307844	
          7.34000000	         -0.00000051	          0.00000029	         -0.00000004	         -0.00000034	          0.00000220	         -0.00000047	         20.97406925	          3.02293540	         -1.09204494	        -18.23738796	       -107.15613504	          4.28363489	         -0.52035189	          3.69739654	          1.33349157	         -5.47977585	          0.08815002	          5.65879878	         -0.05371202	          0.29342463	         25.75452860	         11.27561385	          9.21692790	          2.48814317	         -2.68372775	         -0.72290310	         13.39683750	          3.16938636	         -2.72703550	          2.63176109	          5.08929700	         -0.05096275	         -0.08926159	
          7.35000000	         -0.00000054	          0.00000058	         -0.00000010	         -0.00000042	          0.00000232	         -0.00000061	         19.19238596	         -0.05027893	         -0.69879042	        -11.78436783	       -109.84101808	          1.95507401	         -0.67492288	          2.91368314	          1.39394495	         -5.22678798	          0.03023850	          4.31219766	         -0.04929134	          0.28350178	         21.55455522	         10.08624207	          9.16431273	          2.16556338	         -2.81080129	         -0.73640927	         12.35008993	          3.49566935	         -2.07836288	          2.49165700	          4.92527678	         -0.05088705	         -0.06654803	
          7.36000000	         -0.00000055	          0.00000003	         -0.00000010	         -0.00000033	          0.00000231	         -0.00000009	         17.56790508	         -2.63018758	         -0.41444899	         -6.07344798	       -109.79480350	         -0.26687755	         -0.98370420	          2.86689313	          1.50720377	         -5.80301932	         -0.02604073	          3.37455887	         -0.04490779	          0.29968909	         17.57963675	          7.92199269	          8.83540247	          1.77617027	         -2.88030090	         -0.72234475	         11.26303519	          3.67007665	         -1.47325731	          2.30956933	          4.72744349	         -0.04961248	         -0.04635094	
          7.37000000	         -0.00000051	         -0.00000055	          0.00000005	         -0.00000042	          0.00000262	          0.00000052	         15.55663169	         -6.11787507	         -0.11615790	         -0.23678273	       -109.61844699	         -2.03543972	         -1.31711136	          2.85590819	          1.67595660	         -7.16200633	         -0.12153296	          2.82051486	         -0.04113118	          0.34778038	         13.78325727	          5.53904604	          7.59586674	          1.48410224	         -3.12599311	         -0.76850003	          9.99324929	          3.43770097	         -1.00191735	          2.12546292	          4.48625197	         -0.05167190	         -0.03210392	
          7.38000000	         -0.00000068	          0.00000104	         -0.00000018	         -0.00000036	          0.00000320	         -0.00000124	         12.22029398	         -8.68953012	          0.09273502	          6.63748859	       -107.70337343	         -3.44242030	         -1.00487589	          2.17232012	          1.82672225	         -9.19046827	         -0.20980937	          2.75518055	         -0.03805800	          0.45089440	         10.28179104	          2.87642963	          5.71655798	          1.23960464	         -3.33877788	         -0.78762984	          8.76872159	          2.93412524	         -0.68807713	          1.96466802	          4.22790225	         -0.05234104	         -0.02359883	
          7.39000000	         -0.00000039	         -0.00000007	          0.00000003	         -0.00000020	          0.00000326	          0.00000001	          8.08385239	        -11.33037134	          0.29584386	         13.86705374	       -106.18247605	         -4.63191183	         -0.26766755	          1.34033060	          1.93550107	        -12.00162525	         -0.30609809	          2.99362786	         -0.03571652	          0.65714632	          7.23710622	          0.54496256	          3.41310549	          1.03910886	         -3.62158604	         -0.82363104	          7.63291751	          2.24067839	         -0.52502855	          1.81955599	          3.98546498	         -0.05381099	         -0.02057673	
          7.40000000	         -0.00000035	         -0.00000045	          0.00000013	         -0.00000013	          0.00000414	          0.00000023	          3.22365025	        -13.77900865	          0.45620857	         20.41767503	       -105.29002011	         -6.15134328	          0.96803667	          0.67187712	          1.99740667	        -15.46320482	         -0.40936981	          3.16969843	         -0.03459935	          0.98994868	          5.53874033	         -1.16297024	          1.22401394	          0.86189635	         -3.94913000	         -0.87372094	          6.82246830	          1.47475767	         -0.57826736	          1.69426969	          3.79420593	         -0.05654509	         -0.02479690	
          7.41000000	         -0.00000135	          0.00000369	         -0.00000028	         -0.00000111	          0.00000428	         -0.00000386	         -0.26409620	        -15.09782996	          0.50513404	         24.05077863	       -103.20782338	         -7.32895561	          1.90461689	          1.60008082	          2.03540332	        -19.82522719	         -0.48505345	          4.03012277	         -0.03461587	          1.43572058	          5.14959438	         -3.24458771	         -0.46845734	          0.60820362	         -4.26160872	         -0.92049911	          6.26209027	          0.90661319	         -0.66275003	          1.55412704	          3.69624556	         -0.05975260	         -0.03027780	
          7.42000000	         -0.00000162	          0.00000413	         -0.00000031	         -0.00000140	          0.00000474	         -0.00000432	         -2.22757226	        -14.63549592	          0.40815986	         24.11778303	        -99.56911315	         -8.27830208	          2.56273817	          4.22063495	          2.05211525	        -24.72145515	         -0.51856592	          5.38304539	         -0.03562662	          1.93697453	          6.48579896	         -5.40283195	         -1.30922780	          0.34429580	         -4.45619926	         -0.94374251	          6.03425631	          0.62429450	         -0.78853627	          1.42649587	          3.64156470	         -0.06322001	         -0.03712465	
          7.43000000	         -0.00000173	          0.00000379	         -0.00000021	         -0.00000154	          0.00000490	         -0.00000398	         -3.87686500	        -12.18213123	          0.20457909	         23.23619316	        -93.70349356	         -9.14918598	          3.34936949	          6.75613459	          2.02397829	        -29.54666835	         -0.49561375	          6.99820397	         -0.03605851	          2.44122293	          8.30297877	         -7.72527988	         -1.35889811	          0.11485398	         -4.45435392	         -0.91487245	          5.96697879	          0.60487619	         -0.88645327	          1.32353073	          3.51693909	         -0.06527621	         -0.04306225	
          7.44000000	         -0.00000145	          0.00000239	         -0.00000010	         -0.00000127	          0.00000468	         -0.00000251	         -5.25310753	         -8.32966339	         -0.07769849	         21.70191072	        -86.21225900	         -9.82609179	          4.19187805	          8.99106136	          1.96961044	        -34.10473418	         -0.43503027	          8.83194083	         -0.03612876	          2.92601379	         10.39786748	        -10.10007249	         -0.88556866	         -0.03942101	         -4.33563306	         -0.86306354	          5.98165677	          0.77716449	         -0.95440951	          1.24815028	          3.31726684	         -0.06708515	         -0.04802309	
          7.45000000	         -0.00000121	          0.00000137	          0.00000003	         -0.00000101	          0.00000439	         -0.00000155	         -4.40736928	         -5.39997701	         -0.34105604	         17.19759944	        -81.85126816	        -10.41837445	          4.13040074	         12.98944005	          1.93650802	        -38.61835846	         -0.37516021	         10.48229910	         -0.03539568	          3.38886286	         13.08441908	        -10.73791454	          0.14627129	          0.15984636	         -3.98598483	         -0.78675298	          6.09612634	          1.19904617	         -1.01243808	          1.31214086	          3.01823102	         -0.07042793	         -0.05330750	
          7.46000000	         -0.00000093	          0.00000098	          0.00000006	         -0.00000072	          0.00000447	         -0.00000113	         -2.19848880	         -2.56643219	         -0.62616552	         11.09266570	        -78.50347449	        -10.58796297	          3.52144525	         17.89001809	          1.93484366	        -43.22442251	         -0.31452666	         12.30912883	         -0.03516938	          3.85173305	         15.94266485	        -10.75880802	          1.27438244	          0.42122630	         -3.55280870	         -0.69287346	          6.16241287	          1.70788143	         -1.01424439	          1.40890127	          2.70234936	         -0.07346199	         -0.05716038	
          7.47000000	         -0.00000059	          0.00000053	          0.00000008	         -0.00000029	          0.00000465	         -0.00000079	          0.36067210	          1.02853103	         -0.95838464	          5.16046469	        -75.60486358	        -10.62313974	          2.78650444	         22.56299209	          1.93917935	        -47.62474356	         -0.22391277	         14.04533199	         -0.03451192	          4.30244098	         18.30438941	         -9.68912994	          2.74349582	          0.68586692	         -2.96525131	         -0.55321372	          6.09206845	          2.30238792	         -0.91113959	          1.52832020	          2.31653811	         -0.07516032	         -0.05833231	
          7.48000000	         -0.00000054	          0.00000153	          0.00000013	         -0.00000027	          0.00000488	         -0.00000161	          2.51758323	          4.91307189	         -1.31064447	          0.53582017	        -72.44694336	        -10.53965133	          2.15644974	         26.17509878	          1.95339042	        -51.61507756	         -0.12130921	         15.66634725	         -0.03414151	          4.73036261	         19.86232661	         -8.39608593	          4.12890061	          0.84751948	         -2.37172636	         -0.40226146	          5.91344999	          2.84502485	         -0.74928596	          1.61632816	          1.92749076	         -0.07543781	         -0.05761621	
          7.49000000	         -0.00000070	          0.00000197	          0.00000008	         -0.00000029	          0.00000489	         -0.00000218	          4.38063591	          8.89559203	         -1.71398188	         -3.21415194	        -69.11565339	        -10.34794158	          1.60999740	         28.93025964	          1.97119907	        -55.01817522	         -0.00961937	         17.12457424	         -0.03391989	          5.11620121	         20.88601800	         -6.86433810	          5.37750953	          0.96033557	         -1.78508499	         -0.25051953	          5.67784004	          3.32912751	         -0.57941122	          1.68501540	          1.54052784	         -0.07489333	         -0.05671076	
          7.50000000	         -0.00000098	          0.00000329	          0.00000009	         -0.00000076	          0.00000531	         -0.00000323	          5.42778370	         11.83397900	         -2.10894374	         -4.20983838	        -66.05283528	         -9.87138147	          1.23874348	         29.77908772	          1.99379312	        -57.53608520	          0.08450985	         18.34353126	         -0.03465750	          5.43718746	         20.28241445	         -5.66116696	          5.86883893	          1.11188658	         -1.45148775	         -0.17622456	          5.49093389	          3.57971760	         -0.46517136	          1.73800303	          1.23831982	         -0.07455603	         -0.05573889	
          7.51000000	         -0.00000085	          0.00000337	          0.00000016	         -0.00000060	          0.00000541	         -0.00000335	          5.99010509	         14.39089378	         -2.56792275	         -3.95946068	        -62.96608846	         -9.33202292	          1.05599855	         29.43503053	          2.00272341	        -58.96522341	          0.17853273	         19.20791100	         -0.03554682	          5.66481980	         19.03079892	         -4.39649876	          6.08812691	          1.32832237	         -1.31683580	         -0.17064589	          5.39334146	          3.72977895	         -0.43831077	          1.78625414	          0.97014531	         -0.07439430	         -0.05626320	
          7.52000000	         -0.00000043	          0.00000283	          0.00000025	         -0.00000020	          0.00000559	         -0.00000279	          5.99941125	         15.50817340	         -3.04121667	         -1.40112178	        -60.93476140	         -8.76894416	          0.98334272	         27.52136450	          2.01934455	        -59.29984240	          0.24697715	         19.57270501	         -0.03688942	          5.79471568	         16.33043469	         -3.24099380	          5.72131207	          1.66566855	         -1.58683293	         -0.29462862	          5.45627709	          3.69585944	         -0.52420924	          1.83466538	          0.77464676	         -0.07293200	         -0.05708110	
          7.53000000	         -0.00000031	          0.00000274	          0.00000026	         -0.00000018	          0.00000569	         -0.00000261	          5.58512002	         16.07984431	         -3.59149000	          2.67235596	        -59.44175046	         -8.30193148	          1.04662643	         24.48652356	          2.04684122	        -58.72771055	          0.31187276	         19.51482606	         -0.03796924	          5.83454447	         12.69381929	         -1.98150377	          5.11635586	          1.90607842	         -2.14872422	         -0.49859893	          5.55564442	          3.58390010	         -0.61929004	          1.81534122	          0.62671647	         -0.06556968	         -0.05495379	
          7.54000000	         -0.00000080	          0.00000250	          0.00000022	         -0.00000061	          0.00000613	         -0.00000237	          5.54276502	         16.11209391	         -4.23113645	          6.77563788	        -58.84905472	         -7.90449553	          0.94691292	         21.39855369	          2.10370314	        -57.85203276	          0.37339204	         19.26843430	         -0.03941894	          5.82663046	          8.76369450	         -0.60309753	          4.42295953	          2.08846888	         -2.94595493	         -0.76644786	          5.71505689	          3.45525478	         -0.70847719	          1.75431541	          0.54735964	         -0.05528742	         -0.05050876	
          7.55000000	         -0.00000108	          0.00000100	          0.00000031	         -0.00000098	          0.00000628	         -0.00000081	          4.62614270	         17.00293043	         -4.97362642	         11.67797119	        -57.94501548	         -7.29123205	          1.27406861	         18.01028194	          2.15164419	        -57.13134020	          0.47489821	         19.19986539	         -0.03956585	          5.80986121	          4.94516475	          0.94020065	          3.39516089	          1.97224681	         -3.77550715	         -1.00717374	          5.61886991	          3.17322552	         -0.63494047	          1.56033632	          0.51244647	         -0.03836872	         -0.03950402	
          7.56000000	         -0.00000156	          0.00000036	          0.00000036	         -0.00000141	          0.00000633	         -0.00000022	          3.22115084	         18.68788840	         -5.77448611	         16.51609996	        -56.90865980	         -6.61359049	          1.91837468	         14.86875115	          2.17780751	        -57.02866377	          0.61438433	         19.37165854	         -0.03950298	          5.83016649	          1.76277404	          2.54206281	          2.33913165	          1.76659804	         -4.50398285	         -1.19200034	          5.44080129	          2.82603028	         -0.51272424	          1.34768228	          0.50250941	         -0.02264976	         -0.02824730	
          7.57000000	         -0.00000207	          0.00000036	          0.00000040	         -0.00000182	          0.00000624	         -0.00000027	          1.11583313	         21.56607331	         -6.59362433	         20.17709605	        -54.93107569	         -6.02504831	          3.04063674	         12.47943819	          2.14153649	        -57.68323921	          0.80429225	         19.85379320	         -0.03857777	          5.90466600	          0.27755889	          3.97480223	          1.49537812	          1.33917291	         -5.04317967	         -1.27696182	          4.99287947	          2.34306977	         -0.26119576	          1.06312794	          0.51603243	         -0.01270962	         -0.01660479	
          7.58000000	         -0.00000246	          0.00000034	          0.00000043	         -0.00000207	          0.00000624	         -0.00000033	         -1.63923303	         25.33324029	         -7.36471072	         22.76643205	        -51.94231095	         -5.51158229	          4.66016981	         10.77715441	          2.01913392	        -59.20187442	          1.03228995	         20.69175501	         -0.03773724	          6.05079670	          0.37956450	          4.89979187	          0.85408314	          0.88388624	         -5.40733543	         -1.29082883	          4.46699557	          1.74304843	         -0.05147231	          0.80673032	          0.54970324	         -0.01010538	         -0.00974548	
          7.59000000	         -0.00000285	          0.00000065	          0.00000044	         -0.00000236	          0.00000638	         -0.00000073	         -5.08430707	         29.70321152	         -8.01879693	         24.83572834	        -47.98407752	         -5.02583430	          6.78334399	          9.46731931	          1.78147802	        -61.47010118	          1.28555654	         21.82062241	         -0.03696613	          6.26616014	          1.54990399	          5.23595859	          0.36056956	          0.40345759	         -5.65667246	         -1.25916116	          3.85224136	          1.07440562	          0.16063957	          0.56527766	          0.58855918	         -0.01248320	         -0.00501939	
          7.60000000	         -0.00000260	         -0.00000041	          0.00000014	         -0.00000190	          0.00000583	          0.00000017	         -9.37102766	         34.50185755	         -8.51919427	         26.31138748	        -43.42479860	         -4.60005224	          9.51471121	          8.56390902	          1.42043478	        -64.30739527	          1.55237601	         23.15970020	         -0.03710369	          6.54011580	          4.05025747	          5.28030908	         -0.05347511	          0.15902854	         -5.69718174	         -1.19682507	          3.40500209	          0.28186956	          0.10369463	          0.46388909	          0.61839307	         -0.02056881	         -0.01000323	
          7.61000000	         -0.00000263	         -0.00000224	         -0.00000012	         -0.00000171	          0.00000415	          0.00000159	        -12.55327086	         34.68898751	         -8.07457538	         26.54384710	        -42.55029372	         -4.51541518	         11.25491174	          8.95850115	          1.15622998	        -67.57903299	          1.65150424	         24.12277427	         -0.03718030	          6.86595208	          6.61570245	          4.38253894	         -0.57073513	         -0.04181169	         -5.46460251	         -1.06719029	          3.02742174	         -0.49201765	          0.00969014	          0.42199782	          0.60124291	         -0.02508409	         -0.01556768	
          7.62000000	         -0.00000296	         -0.00000515	         -0.00000047	         -0.00000117	          0.00000011	          0.00000372	        -15.11956496	         33.99490505	         -7.47235175	         26.16987337	        -43.47956638	         -4.57128671	         12.60884668	         10.07313556	          0.88684501	        -71.12840206	          1.75498018	         24.87622962	         -0.03609261	          7.23192696	          9.23769145	          4.30909409	         -1.09295513	          0.06830672	         -5.07552591	         -0.94024318	          2.93180043	         -1.27031523	         -0.32504810	          0.51515409	          0.51017286	         -0.03025188	         -0.02731470	
          7.63000000	         -0.00000659	         -0.00000535	          0.00000025	         -0.00000431	         -0.00000326	          0.00000337	        -17.51499189	         34.28591262	         -7.12068337	         26.30632349	        -44.82958914	         -4.59326128	         14.06575963	         11.11185126	          0.45325895	        -74.76200557	          2.00492633	         25.53156694	         -0.02879267	          7.62283930	         11.27795037	          5.58597749	         -1.57639506	          0.44462388	         -4.63102334	         -0.83756603	          3.07320395	         -1.96430792	         -0.80507458	          0.70943564	          0.37956762	         -0.03549525	         -0.04230992	
          7.64000000	         -0.00000299	         -0.00000267	         -0.00000043	         -0.00000026	         -0.00000490	          0.00000043	        -19.58150073	         35.50034765	         -6.94700649	         26.51586085	        -46.18521000	         -4.54762007	         15.51383840	         12.20492995	         -0.15808928	        -78.42915700	          2.42460964	         26.17570368	         -0.00127763	          8.03145209	         12.95177566	          7.85125857	         -1.97144099	          0.98012495	         -4.18615640	         -0.75918761	          3.37302741	         -2.60892265	         -1.39381339	          0.95894978	          0.22943944	         -0.04132094	         -0.05992692	
          7.65000000	         -0.00000245	          0.00000434	          0.00000012	          0.00000039	         -0.00000472	         -0.00000642	        -20.98374872	         37.28641129	         -6.85269419	         27.98222196	        -48.15827439	         -4.46015966	         16.68819121	         12.79252560	         -0.94781917	        -81.96956623	          3.01168486	         26.64606019	          0.07707171	          8.44858363	         12.88855244	         11.29299626	         -2.12685010	          1.57273714	         -3.66257368	         -0.67596654	          3.88487350	         -2.97698133	         -2.00324444	          1.25330672	          0.08683643	         -0.04315971	         -0.07730715	
          7.66000000	         -0.00000061	          0.00000955	          0.00000068	          0.00000228	         -0.00000570	         -0.00001151	        -21.37562687	         39.10399906	         -6.71812754	         29.15234997	        -50.32808036	         -4.32116130	         17.36704568	         13.54351098	         -1.88978918	        -85.42997334	          3.74193154	         27.08459108	          0.24662422	          8.87108254	         12.09454766	         15.03916748	         -2.09052544	          2.03543814	         -3.17752903	         -0.59377750	          4.39849581	         -3.21854794	         -2.55830558	          1.50124152	         -0.02268823	         -0.04316172	         -0.09319515	
          7.67000000	          0.00000067	          0.00001229	          0.00000144	          0.00000353	         -0.00000776	         -0.00001453	        -20.66694630	         40.57058306	         -6.47196844	         30.73820568	        -52.94053652	         -4.12824480	         17.42684636	         14.09086773	         -2.97906352	        -88.75797809	          4.57821656	         27.43396559	          0.50404019	          9.29692318	          9.81837946	         18.92843452	         -1.86140135	          2.22753821	         -2.69691588	         -0.49094019	          4.89812342	         -3.16554034	         -2.94557261	          1.66756250	         -0.06840884	         -0.03776853	         -0.10443164	
          7.68000000	          0.00000434	          0.00001274	          0.00000110	          0.00000646	         -0.00000603	         -0.00001431	        -18.98990370	         41.27703703	         -6.09597241	         32.48176330	        -55.41845001	         -3.86766733	         16.79062631	         14.36133635	         -4.09570003	        -91.88771428	          5.42752813	         27.76194031	          0.77204739	          9.71891305	          6.41114886	         22.11959536	         -1.58087373	          2.11123240	         -2.30496620	         -0.38553034	          5.29934678	         -2.85826953	         -3.12030187	          1.72637026	         -0.03841060	         -0.02771955	         -0.11037129	
          7.69000000	          0.00000184	          0.00001073	          0.00000135	          0.00000387	         -0.00000566	         -0.00001199	        -16.39941540	         41.00579609	         -5.59438739	         34.07204169	        -57.81177758	         -3.61390370	         15.47460829	         14.43020842	         -5.12299934	        -94.71683740	          6.17620225	         28.01943450	          1.02041283	         10.12930565	          2.22737526	         24.43641520	         -1.22941473	          1.76217595	         -1.90836631	         -0.26155607	          5.62910045	         -2.37221695	         -3.13660823	          1.71290395	          0.03511314	         -0.01352518	         -0.11216301	
          7.70000000	          0.00000637	          0.00000890	          0.00000053	          0.00000725	         -0.00000178	         -0.00000932	        -13.25726505	         39.48543661	         -4.97710543	         34.47352294	        -58.88518904	         -3.35776802	         13.63905796	         14.65857137	         -5.96609142	        -97.32644867	          6.72659396	         28.41965272	          1.26836085	         10.53004019	         -1.45449069	         24.46706070	         -0.85730610	          1.31251177	         -1.70454829	         -0.17561199	          5.83798214	         -1.66576842	         -2.92480200	          1.62277823	          0.16199330	          0.00141190	         -0.10811571	
          7.71000000	          0.00000431	          0.00000710	          0.00000071	          0.00000452	          0.00000019	         -0.00000693	         -9.44045402	         36.74819488	         -4.29192256	         33.28599057	        -59.39200845	         -3.20988484	         11.31977054	         15.24895569	         -6.44027831	        -99.57277998	          6.93737327	         28.82256904	          1.45927129	         10.91601287	         -4.34613344	         22.85936570	         -0.34855106	          0.89658373	         -1.49381543	         -0.09020864	          5.99404624	         -0.94027319	         -2.65372417	          1.52291087	          0.26242296	          0.01530132	         -0.10194349	
          7.72000000	          0.00000259	          0.00000551	          0.00000055	          0.00000241	          0.00000186	         -0.00000521	         -4.52190150	         32.66136111	         -3.56144304	         28.99777531	        -58.84502133	         -3.16940129	          8.33735774	         16.93638706	         -6.39022842	       -101.64445841	          6.76019952	         29.38668389	          1.53574880	         11.30077736	         -5.44834403	         18.91611420	          0.46265563	          0.54692949	         -1.38481835	         -0.02231220	          6.07266497	         -0.26990389	         -2.35040793	          1.38233829	          0.28545019	          0.02514156	         -0.09408955	
          7.73000000	          0.00000218	          0.00000367	          0.00000021	          0.00000183	          0.00000252	         -0.00000323	          1.77242681	         27.88790004	         -2.84347211	         21.51380109	        -56.77725180	         -3.03170684	          4.61312345	         19.69919368	         -5.78303771	       -103.60300415	          6.23015371	         30.35782526	          1.48502046	         11.69039622	         -4.90993511	         12.98124190	          1.59295639	          0.32202063	         -1.44779987	         -0.00002628	          6.17057310	          0.38216707	         -2.06274286	          1.22130321	          0.28431612	          0.02777025	         -0.08594523	
          7.74000000	          0.00000071	          0.00000278	          0.00000025	          0.00000048	          0.00000255	         -0.00000248	          7.87673748	         23.19808205	         -2.17022324	         13.56709172	        -53.60508776	         -2.79371618	          0.86837162	         22.14318590	         -4.77384897	       -105.28853749	          5.52843769	         31.53797202	          1.33765364	         12.08836441	         -3.65257616	          6.01818120	          2.74576078	          0.22878259	         -1.61525160	         -0.00640689	          6.28839855	          0.97317454	         -1.82684719	          1.06560302	          0.25637162	          0.02606673	         -0.07892512	
          7.75000000	         -0.00000047	          0.00000220	          0.00000028	         -0.00000061	          0.00000277	         -0.00000196	         11.92097010	         18.49244950	         -1.57885239	          7.75383672	        -49.97042251	         -2.45430105	         -1.91945292	         22.88278284	         -3.61787597	       -106.35856535	          4.69040871	         32.68315836	          1.13235618	         12.47980708	         -2.34975707	         -1.32416300	          3.29530248	          0.12902495	         -2.03167453	         -0.06727230	          6.45925454	          1.46834923	         -1.69260863	          0.85513227	          0.24439517	          0.01861838	         -0.07490210	
          7.76000000	         -0.00000078	          0.00000213	          0.00000023	         -0.00000073	          0.00000254	         -0.00000217	         13.81388085	         14.37463409	         -1.13221098	          4.08783865	        -46.18063211	         -2.05882400	         -3.53271225	         22.18398598	         -2.54745417	       -107.01494571	          3.83047495	         33.77682783	          0.91853874	         12.87689417	         -1.00886632	         -8.11240644	          3.34527799	          0.08034174	         -2.53468421	         -0.15830244	          6.65805853	          1.94427113	         -1.58028205	          0.65065765	          0.26609396	          0.00901421	         -0.07165688	
          7.77000000	         -0.00000199	          0.00000120	          0.00000028	         -0.00000182	          0.00000184	         -0.00000134	         14.05940191	         10.68640454	         -0.81191754	          2.41921615	        -43.31524359	         -1.63155030	         -4.18676410	         20.30384301	         -1.64617478	       -107.38715054	          3.03779108	         34.68326107	          0.72417714	         13.29533271	          0.00610722	        -13.60894702	          2.85532375	         -0.12302375	         -3.18041396	         -0.28488439	          6.89836029	          2.42567567	         -1.46105587	          0.38900544	          0.32402900	         -0.00302429	         -0.06854370	
          7.78000000	         -0.00000260	          0.00000018	          0.00000029	         -0.00000229	          0.00000103	         -0.00000058	         13.21080170	          7.31729121	         -0.55465620	          2.39609603	        -41.96529504	         -1.19760807	         -4.18558487	         17.47555363	         -0.95574344	       -107.64784144	          2.35524111	         35.32172799	          0.56572118	         13.75541823	          0.58288872	        -17.47742584	          2.08298692	         -0.31411775	         -3.75719700	         -0.41042553	          7.12426488	          2.81501227	         -1.36857871	          0.16366503	          0.34967712	         -0.01441593	         -0.06620657	
          7.79000000	         -0.00000292	         -0.00000060	          0.00000029	         -0.00000255	          0.00000041	          0.00000010	         11.58869122	          4.17423920	         -0.31805725	          3.58647332	        -41.74093992	         -0.73567186	         -3.74590962	         13.89357118	         -0.47127081	       -107.93541684	          1.79737754	         35.76829908	          0.44716813	         14.27170557	          0.81957771	        -20.19196080	          1.14489797	         -0.52276412	         -4.26872700	         -0.52595400	          7.34341339	          3.14053863	         -1.29977757	         -0.03991281	          0.35350761	         -0.02475954	         -0.06462304	
          7.80000000	         -0.00000292	         -0.00000102	          0.00000024	         -0.00000250	         -0.00000028	          0.00000047	         10.13812323	          2.04264743	         -0.11590856	          5.12511449	        -41.84375572	         -0.24423009	         -3.23482018	          9.78752400	         -0.16533976	       -108.29352156	          1.37438824	         36.17248545	          0.36503779	         14.84435644	          0.69498465	        -21.68787524	          0.63859353	         -0.41739519	         -4.37002152	         -0.57373343	          7.46004596	          3.25036490	         -1.30368707	         -0.05662368	          0.25637876	         -0.02919309	         -0.06434772	
          7.81000000	         -0.00000286	         -0.00000164	          0.00000017	         -0.00000241	         -0.00000086	          0.00000111	          9.04671910	          1.18976265	          0.01069258	          6.50854652	        -40.57149163	          0.25751484	         -2.79144780	          5.36116703	          0.02237440	       -109.04651918	          1.07770760	         36.92456691	          0.30934742	         15.49559703	          0.42674230	        -23.29227233	          0.57145704	         -0.23789093	         -4.35591974	         -0.60072962	          7.58322632	          3.38503662	         -1.28515548	         -0.02201578	          0.16357974	         -0.03218274	         -0.06329593	
          7.82000000	         -0.00000356	         -0.00000197	          0.00000016	         -0.00000311	         -0.00000115	          0.00000143	          6.84283665	          1.66326443	          0.11043063	         10.92615955	        -37.83554528	          0.69181801	         -1.95665241	         -1.39650773	          0.11384964	       -109.52884237	          0.88986086	         37.68375400	          0.27121061	         16.18868659	         -1.41162374	        -24.95528778	          0.75367670	          0.10074224	         -4.03922690	         -0.56026856	          7.59955393	          3.35689180	         -1.31800325	          0.10983181	          0.01174401	         -0.02949889	         -0.06339434	
          7.83000000	         -0.00000337	         -0.00000177	          0.00000017	         -0.00000287	         -0.00000186	          0.00000124	          3.47966927	          3.44905278	          0.12955059	         18.02878497	        -33.20485061	          1.01473708	         -0.67690198	        -10.26326881	          0.11511803	       -109.59214720	          0.79325604	         38.55808657	          0.24772538	         16.90326137	         -4.55653148	        -26.96999594	          0.98214022	          0.41535040	         -3.70492074	         -0.50616582	          7.58637578	          3.30935009	         -1.35078141	          0.22836572	         -0.11096156	         -0.02581645	         -0.06367267	
          7.84000000	         -0.00000308	          0.00000003	          0.00000020	         -0.00000250	         -0.00000222	         -0.00000067	         -1.52701464	          6.42616761	          0.08647789	         28.01630048	        -27.04131168	          1.07233737	          1.30322472	        -21.25542472	          0.00445174	       -108.81101403	          0.78784365	         39.27991761	          0.23921482	         17.59066432	         -8.75764611	        -29.06772302	          1.20390256	          0.70390973	         -3.36188252	         -0.44303784	          7.52821949	          3.21233671	         -1.39808375	          0.33294059	         -0.23772056	         -0.02141743	         -0.06445083	
          7.85000000	         -0.00000275	          0.00000073	          0.00000022	         -0.00000219	         -0.00000238	         -0.00000133	         -5.80700008	          9.42110506	         -0.09929153	         35.67981259	        -21.21850510	          0.89214260	          3.21134658	        -30.98986620	         -0.20476746	       -107.62628722	          0.85639229	         39.93956399	          0.24820474	         18.25347510	        -11.70937892	        -30.71128906	          1.41332733	          0.76851316	         -3.15958877	         -0.38449276	          7.49098370	          3.12358544	         -1.45520163	          0.35229350	         -0.27259370	         -0.01765997	         -0.06571982	
          7.86000000	         -0.00000208	          0.00000185	          0.00000019	         -0.00000153	         -0.00000307	         -0.00000274	         -9.95240797	         11.87098792	         -0.33187755	         41.95563856	        -16.94968817	          0.58141844	          5.21262791	        -39.72129866	         -0.53080792	       -105.32288671	          1.00120905	         39.97004336	          0.27498045	         18.79426848	        -13.68180877	        -31.00096562	          1.46983407	          0.85731279	         -3.04608811	         -0.34900485	          7.38923039	          2.95708224	         -1.54510008	          0.36342814	         -0.27358856	         -0.01562884	         -0.06791392	
          7.87000000	         -0.00000125	          0.00000175	          0.00000023	         -0.00000071	         -0.00000385	         -0.00000252	        -12.76900576	         13.44037505	         -0.67361886	         44.00270677	        -15.35763174	          0.32990221	          6.96729403	        -45.45895824	         -0.98460216	       -102.19102349	          1.22707878	         39.28514326	          0.32159619	         19.19878677	        -13.29448446	        -29.24728820	          1.36378714	          0.95228679	         -3.03856107	         -0.34081216	          7.23600925	          2.70890878	         -1.67633028	          0.37038642	         -0.19941980	         -0.01555222	         -0.07129955	
          7.88000000	         -0.00000020	          0.00000108	          0.00000019	          0.00000045	         -0.00000456	         -0.00000198	        -15.17398630	         15.28183316	         -1.15778039	         43.48781753	        -14.78192020	          0.31606675	          8.87344956	        -49.02769653	         -1.61811034	        -97.89070785	          1.59268838	         37.98399313	          0.38905356	         19.35262935	        -11.17194134	        -25.57585178	          0.93315400	          1.13787316	         -2.98431599	         -0.34072763	          6.98212561	          2.34387806	         -1.84012285	          0.42600227	         -0.08880056	         -0.01550909	         -0.07554197	
          7.89000000	          0.00000179	          0.00000163	          0.00000013	          0.00000254	         -0.00000457	         -0.00000239	        -18.46198789	         17.81134570	         -1.82464978	         42.50316017	        -14.39268605	          0.68503859	         11.44927407	        -51.54338262	         -2.53277908	        -92.27874973	          2.19505865	         36.14615162	          0.48032987	         19.16738592	         -7.89779699	        -20.12359838	         -0.16463747	          1.57458964	         -2.92283714	         -0.36884226	          6.65518111	          1.84749913	         -2.06275911	          0.55684006	          0.06752374	         -0.01680696	         -0.08147942	
          7.90000000	          0.00000583	          0.00000383	         -0.00000003	          0.00000635	         -0.00000271	         -0.00000425	        -22.68117466	         22.19132929	         -2.78529127	         40.40568169	        -13.94033460	          1.47957808	         14.94607091	        -52.35120697	         -3.87492492	        -85.75907066	          3.19228186	         33.77035123	          0.59672422	         18.65049449	         -2.84930856	        -12.01531129	         -1.89562627	          2.30253792	         -2.76701020	         -0.42357919	          6.23694763	          1.26411739	         -2.25524649	          0.79620155	          0.28620180	         -0.01930422	         -0.08673192	
          7.91000000	          0.00000776	          0.00000433	         -0.00000021	          0.00000794	         -0.00000030	         -0.00000446	        -29.21938891	         29.32946459	         -4.02076441	         40.98216633	        -10.09856269	          2.10899537	         19.48538754	        -53.92094478	         -5.65929786	        -78.21108724	          4.73370294	         31.35553799	          0.73498740	         17.71156816	          2.10587687	         -3.03756789	         -4.25798264	          3.29504641	         -2.57711880	         -0.50580161	          5.83690801	          0.61395987	         -2.46151258	          1.10973223	          0.52573317	         -0.02322524	         -0.09272936	
          7.92000000	          0.00000760	          0.00000459	         -0.00000023	          0.00000768	          0.00000212	         -0.00000446	        -35.43509075	         35.73221680	         -5.10380939	         42.13619436	         -5.89421248	          2.81757396	         23.10762117	        -54.91087277	         -7.62966335	        -69.92302421	          6.62892293	         28.59463526	          0.89825451	         16.41994320	          6.54388451	          6.79875337	         -6.85225967	          4.48562299	         -2.36134414	         -0.61934749	          5.46454255	         -0.03408126	         -2.60542338	          1.47460879	          0.77533488	         -0.02933609	         -0.09749867	
          7.93000000	          0.00000461	          0.00000294	         -0.00000003	          0.00000454	          0.00000383	         -0.00000254	        -38.60564937	         36.48745002	         -5.22785627	         42.69304858	         -4.17764476	          3.62807892	         23.29733258	        -54.59423501	         -9.28789108	        -60.71999692	          8.12592966	         24.64802771	          1.08932465	         14.89013986	          9.08242479	         16.24266725	         -8.63791732	          5.45767679	         -2.33819714	         -0.75611280	          5.17555303	         -0.55693071	         -2.66145756	          1.72189183	          0.97172240	         -0.03832310	         -0.10039523	
          7.94000000	          0.00000407	          0.00000106	          0.00000006	          0.00000386	          0.00000500	         -0.00000027	        -38.02017021	         33.80386670	         -4.71920686	         40.08059272	          0.74998976	          3.46610341	         20.60097429	        -51.61148481	        -11.08448142	        -52.48654922	          9.61422987	         21.79956880	          1.37775664	         13.15297754	         11.23332488	         21.78655673	         -9.19009264	          5.90184986	         -2.02308246	         -0.79671790	          5.13674260	         -0.75506181	         -2.52708331	          1.90976474	          1.10918201	         -0.04057602	         -0.09823074	
          7.95000000	          0.00000320	         -0.00000069	         -0.00000005	          0.00000280	          0.00000690	          0.00000157	        -36.49352000	         29.08186229	         -4.13433781	         38.39993133	          5.97918007	          2.84238635	         16.57651204	        -48.55079394	        -13.30550875	        -44.61030156	         11.27515996	         19.32578869	          1.75811613	         11.30669261	         12.07882164	         26.79822743	         -9.36672707	          6.15336088	         -1.97159263	         -0.85560098	          5.30710217	         -0.76079533	         -2.40277620	          1.99409682	          1.23392821	         -0.04390988	         -0.09739261	
          7.96000000	          0.00000232	          0.00000012	         -0.00000001	          0.00000185	          0.00000793	          0.00000080	        -37.74551277	         22.13806123	         -3.62897900	         40.25656216	          7.98028625	          2.24097663	         13.75096062	        -47.28150068	        -16.29903119	        -36.76003976	         12.88637954	         16.07206337	          2.19164403	          9.65013776	         12.57826303	         33.03327940	         -9.81831830	          6.45726356	         -1.99684757	         -0.92343798	          5.68097259	         -0.78800654	         -2.44322341	          2.10282970	          1.40772694	         -0.04698906	         -0.10202474	
          7.97000000	          0.00000210	          0.00000251	          0.00000009	          0.00000155	          0.00000858	         -0.00000156	        -41.10897812	         14.06930722	         -3.03920394	         45.73907639	          9.46116457	          1.33969993	         11.84104004	        -48.05521259	        -19.73517139	        -29.30013261	         14.50362612	         13.13828903	          2.62411747	          8.04335757	         11.93983480	         38.37184516	        -10.36909357	          6.69278706	         -2.00369874	         -0.96696464	          6.22563518	         -0.76596041	         -2.62687851	          2.22104657	          1.57176814	         -0.04739091	         -0.11090623	
          7.98000000	          0.00000249	          0.00000347	          0.00000019	          0.00000201	          0.00000885	         -0.00000242	        -52.27282150	         -1.46737311	         -1.55789013	         58.46368396	          5.26862052	          1.68749721	         13.56053714	        -52.72980859	        -23.45918110	        -21.62356381	         15.02293608	          9.34606843	          2.98545650	          6.57073785	         11.82961965	         40.60286230	        -12.42166427	          7.35714114	         -1.57385967	         -0.98041649	          6.78628966	         -0.76409569	         -2.82962166	          2.54557048	          1.74964572	         -0.04312461	         -0.11980176	
          7.99000000	          0.00000185	          0.00000520	          0.00000015	          0.00000138	          0.00000897	         -0.00000423	        -81.48680362	         -0.62918875	         -0.46982287	         87.98061206	          6.99340102	          1.04663465	         28.89880020	        -68.84578745	        -29.93830544	        -14.66478553	         17.84778653	          6.96372183	          3.29686470	          4.49988483	         12.89496580	         47.39622631	        -17.25607334	          8.90871397	         -1.78840726	         -1.17243811	          7.29509865	         -1.15421099	         -3.44258880	          2.93682373	          2.09315948	         -0.05005485	         -0.14111446	
