
======================================================================
  EXPERIMENT control_belt0: trial=treadmill_walk01_pre speed=0.0 m/s mesh=50 window=[2.0, 6.0] case=control_belt0
======================================================================


  >>> Prep: 0.0s (treadmill_speed=0.0)
Processing treadmill_walk01_pre - Case control_belt0

******************************************************************************
This program contains Ipopt, a library for large-scale nonlinear optimization.
 Ipopt is released as open source code under the Eclipse Public License (EPL).
         For more information visit https://github.com/coin-or/Ipopt
******************************************************************************

This is Ipopt version 3.14.11, running with linear solver MUMPS 5.4.1.

Number of nonzeros in equality constraint Jacobian...:  1322600
Number of nonzeros in inequality constraint Jacobian.:    64400
Number of nonzeros in Lagrangian Hessian.............:        0

Total number of variables............................:   232640
                     variables with only lower bounds:        0
                variables with lower and upper bounds:   232640
                     variables with only upper bounds:        0
Total number of equality constraints.................:   213800
Total number of inequality constraints...............:    32200
        inequality constraints with only lower bounds:    16000
   inequality constraints with lower and upper bounds:      200
        inequality constraints with only upper bounds:    16000

iter    objective    inf_pr   inf_du lg(mu)  ||d||  lg(rg) alpha_du alpha_pr  ls
   0  1.3278079e-01 5.30e+03 1.00e+00   0.0 0.00e+00    -  0.00e+00 0.00e+00   0
   1  3.9004257e+00 7.17e+03 3.38e+04   0.3 1.46e+02    -  5.32e-03 5.69e-02f  1
   2  3.9687105e+00 7.09e+03 3.32e+04   0.3 1.61e+02    -  4.52e-02 1.16e-02f  1
   3  5.1385708e+00 6.90e+03 3.18e+04   0.3 1.82e+02    -  2.82e-02 2.54e-02f  1
   4  5.2193658e+00 6.89e+03 3.17e+04   0.3 2.61e+02    -  3.71e-02 1.75e-03f  1
   5  6.8071337e+00 6.76e+03 3.07e+04   0.3 3.16e+02    -  3.30e-02 1.86e-02f  1
   6  7.0911955e+00 6.73e+03 3.05e+04   0.3 3.62e+02    -  1.68e-02 3.37e-03f  1
   7  1.2266164e+01 6.50e+03 2.87e+04   0.3 3.43e+02    -  4.50e-02 3.35e-02f  1
   8  1.4369808e+01 6.40e+03 2.80e+04   0.3 2.10e+02    -  2.84e-02 1.57e-02f  1
   9  1.7077219e+01 6.27e+03 2.70e+04   0.3 1.95e+02    -  1.62e-02 2.18e-02f  1
iter    objective    inf_pr   inf_du lg(mu)  ||d||  lg(rg) alpha_du alpha_pr  ls
  10  1.9566364e+01 6.17e+03 2.62e+04   0.3 1.63e+02    -  3.58e-02 1.62e-02f  1
  11  2.4212815e+01 5.97e+03 3.80e+04   0.3 1.76e+02    -  1.50e-02 3.25e-02f  1
  12  2.6439819e+01 5.86e+03 4.07e+04   0.3 1.80e+02    -  2.33e-02 1.77e-02f  1
  13  2.9189309e+01 5.71e+03 3.95e+04   0.3 2.11e+02    -  1.55e-02 2.48e-02f  1
  14  3.2198833e+01 5.58e+03 4.69e+04   0.3 2.09e+02    -  3.16e-02 2.30e-02f  1
  15  3.3122027e+01 5.53e+03 4.85e+04   0.3 2.28e+02    -  3.28e-02 8.26e-03f  1
  16  3.5231244e+01 5.42e+03 4.96e+04   0.3 2.18e+02    -  3.66e-02 1.92e-02f  1
  17  3.9237051e+01 5.22e+03 8.23e+04   0.3 2.80e+02    -  3.43e-02 3.62e-02f  1
  18  4.0848063e+01 5.12e+03 1.00e+05   0.3 2.93e+02    -  1.26e-02 1.88e-02f  1
  19  4.1651642e+01 5.08e+03 1.06e+05   0.3 2.64e+02    -  2.85e-02 8.98e-03f  1
iter    objective    inf_pr   inf_du lg(mu)  ||d||  lg(rg) alpha_du alpha_pr  ls
  20  4.3147419e+01 4.99e+03 1.12e+05   0.3 1.90e+02    -  4.27e-02 1.61e-02f  1
  21  4.7799471e+01 4.76e+03 1.22e+05   0.3 1.48e+02    -  2.65e-02 4.37e-02f  1
  22  5.1079088e+01 4.58e+03 1.25e+05   0.3 1.45e+02    -  2.21e-02 3.69e-02f  1
  23  5.2626128e+01 4.50e+03 1.28e+05  -1.3 1.23e+02    -  5.18e-02 1.80e-02h  1
  24  5.5126405e+01 4.35e+03 1.46e+05  -5.6 1.65e+02    -  2.25e-02 3.17e-02h  1
  25  5.9038993e+01 4.13e+03 1.56e+05  -0.1 1.46e+02    -  5.11e-02 4.99e-02f  1
  26  6.0428145e+01 4.05e+03 1.57e+05  -5.7 1.96e+02    -  3.27e-02 1.84e-02h  1
  27  6.2914886e+01 3.90e+03 1.51e+05  -0.9 1.60e+02    -  3.04e-02 3.68e-02h  1
  28  6.3828718e+01 3.83e+03 1.55e+05  -1.4 1.40e+02    -  3.55e-02 1.68e-02h  1
  29  6.5355436e+01 3.71e+03 1.62e+05  -1.6 1.46e+02    -  2.61e-02 3.04e-02h  1
iter    objective    inf_pr   inf_du lg(mu)  ||d||  lg(rg) alpha_du alpha_pr  ls
  30  6.6158253e+01 3.64e+03 1.66e+05  -0.5 1.10e+02    -  3.08e-02 1.94e-02f  1
  31  6.8889693e+01 3.44e+03 1.73e+05  -1.1 1.01e+02    -  3.66e-02 5.29e-02h  1
  32  6.9806348e+01 3.37e+03 1.73e+05  -0.6 9.11e+01    -  4.56e-02 2.05e-02f  1
  33  6.9649142e+01 3.31e+03 1.74e+05   0.7 1.72e+02    -  3.58e-02 1.42e-02f  1
  34  7.0350416e+01 2.97e+03 1.74e+05   0.8 1.79e+02    -  4.34e-02 5.66e-02f  1
  35  7.1836742e+01 2.81e+03 1.68e+05   0.3 1.32e+02    -  1.13e-01 4.91e-02f  1
  36  7.4647201e+01 2.60e+03 1.69e+05  -0.1 7.35e+01    -  8.70e-02 7.24e-02f  1
  37  7.5373899e+01 2.55e+03 1.71e+05  -0.5 7.82e+01    -  6.26e-02 2.00e-02h  1
  38  7.6563719e+01 2.40e+03 1.97e+05   0.6 1.35e+02    -  6.07e-02 5.24e-02f  1
  39  7.6982860e+01 2.37e+03 1.96e+05  -5.7 1.74e+02    -  5.62e-02 1.37e-02h  1
iter    objective    inf_pr   inf_du lg(mu)  ||d||  lg(rg) alpha_du alpha_pr  ls
  40  7.8924421e+01 2.22e+03 1.98e+05  -5.7 1.75e+02    -  2.31e-02 5.97e-02h  1
  41  7.9484369e+01 2.18e+03 1.98e+05  -1.3 7.61e+01    -  5.08e-02 1.85e-02h  1
  42  7.9429455e+01 2.14e+03 2.00e+05   0.7 1.31e+02    -  3.83e-02 1.87e-02f  1
  43  7.9883271e+01 2.07e+03 2.01e+05   0.5 1.36e+02    -  8.27e-02 3.21e-02f  1
  44  8.0894551e+01 1.92e+03 2.26e+05   0.9 2.16e+02    -  6.75e-02 5.54e-02f  1
  45  8.3281240e+01 1.72e+03 1.97e+05   0.3 8.04e+01    -  6.68e-02 1.01e-01f  1
  46  8.3889506e+01 1.66e+03 1.92e+05  -5.6 6.96e+01    -  3.57e-02 3.48e-02h  1
  47  8.4841163e+01 1.57e+03 1.84e+05  -0.5 6.43e+01    -  7.07e-02 5.29e-02h  1
  48  8.4953676e+01 1.56e+03 1.83e+05  -5.7 7.71e+01    -  9.94e-03 6.49e-03h  1
  49  8.5983418e+01 1.45e+03 1.73e+05   0.1 1.06e+02    -  5.87e-02 6.94e-02f  1
iter    objective    inf_pr   inf_du lg(mu)  ||d||  lg(rg) alpha_du alpha_pr  ls
  50  8.6364351e+01 1.42e+03 1.69e+05  -1.8 1.15e+02    -  8.99e-02 2.37e-02h  1
  51  8.6863786e+01 1.37e+03 1.64e+05  -5.7 1.17e+02    -  7.97e-03 3.16e-02h  1
  52  8.7656705e+01 1.31e+03 1.57e+05  -0.6 9.74e+01    -  5.98e-02 4.93e-02h  1
  53  8.7940095e+01 1.28e+03 1.54e+05  -1.0 9.07e+01    -  6.44e-02 1.93e-02h  1
  54  8.9562062e+01 1.17e+03 1.42e+05  -0.4 7.32e+01    -  1.00e-01 9.28e-02h  1
  55  9.0816620e+01 1.09e+03 1.33e+05  -0.5 8.55e+01    -  3.21e-02 7.01e-02h  1
  56  9.2395501e+01 1.01e+03 1.23e+05  -0.5 8.32e+01    -  1.12e-01 8.08e-02h  1
  57  9.3303046e+01 9.59e+02 1.17e+05  -5.9 7.43e+01    -  1.34e-01 4.71e-02h  1
  58  9.4413617e+01 9.05e+02 1.11e+05  -5.9 7.89e+01    -  8.61e-02 6.03e-02h  1
  59  9.5118255e+01 8.61e+02 1.07e+05  -1.3 7.93e+01    -  8.31e-02 5.20e-02h  1
iter    objective    inf_pr   inf_du lg(mu)  ||d||  lg(rg) alpha_du alpha_pr  ls
  60  9.4480611e+01 8.18e+02 1.17e+05   1.0 2.46e+02    -  3.26e-02 2.24e-02f  1
  61  9.4617074e+01 7.89e+02 1.15e+05   0.0 9.46e+01    -  5.41e-02 3.62e-02f  1
  62  9.4734728e+01 7.46e+02 1.12e+05   0.0 9.22e+01    -  2.70e-02 5.40e-02f  1
  63  9.4781795e+01 7.21e+02 1.08e+05   0.0 9.67e+01    -  7.00e-02 3.32e-02f  1
  64  9.4842657e+01 6.60e+02 1.01e+05   0.0 9.54e+01    -  4.22e-02 8.18e-02f  1
  65  9.5150179e+01 6.36e+02 9.75e+04  -2.0 6.30e+01    -  1.13e-01 3.58e-02h  1
  66  9.4643741e+01 5.87e+02 9.34e+04   0.4 1.67e+02    -  3.71e-02 6.62e-02f  1
  67  9.4920142e+01 5.67e+02 9.03e+04  -5.9 8.51e+01    -  6.36e-02 3.44e-02h  1
  68  9.5179422e+01 5.25e+02 8.46e+04  -0.2 1.06e+02    -  1.21e-01 7.25e-02f  1
  69  9.5303873e+01 5.17e+02 8.34e+04  -6.0 7.31e+01    -  5.08e-02 1.38e-02h  1
iter    objective    inf_pr   inf_du lg(mu)  ||d||  lg(rg) alpha_du alpha_pr  ls
  70  9.5639973e+01 4.78e+02 9.89e+04  -0.6 9.69e+01    -  5.67e-02 7.51e-02h  1
  71  9.5128819e+01 4.26e+02 1.15e+05  -0.0 7.74e+01    -  8.74e-02 9.77e-02f  1
  72  9.5292220e+01 4.07e+02 1.14e+05  -6.0 4.07e+01    -  5.15e-02 4.53e-02h  1
  73  9.5277673e+01 3.77e+02 1.16e+05  -0.6 4.35e+01    -  5.70e-02 7.18e-02h  1
  74  9.5553005e+01 3.32e+02 1.14e+05  -1.1 3.53e+01    -  2.30e-01 1.19e-01h  1
  75  9.5700142e+01 3.17e+02 1.10e+05  -6.2 3.36e+01    -  8.31e-02 4.60e-02h  1
  76  9.5936181e+01 2.79e+02 1.04e+05  -1.3 2.89e+01    -  9.38e-02 1.18e-01h  1
  77  9.6252606e+01 2.47e+02 9.55e+04  -1.9 2.09e+01    -  1.00e-01 1.15e-01h  1
  78  9.6304310e+01 1.99e+02 8.01e+04  -2.4 4.06e+01    -  1.04e-01 1.97e-01h  1
  79  9.6187730e+01 1.80e+02 7.37e+04  -1.6 5.43e+01    -  1.16e-01 9.47e-02h  1
iter    objective    inf_pr   inf_du lg(mu)  ||d||  lg(rg) alpha_du alpha_pr  ls
  80  9.5237567e+01 1.38e+02 6.12e+04  -0.8 9.85e+01    -  1.24e-01 2.21e-01f  1
  81  9.5198704e+01 1.35e+02 5.99e+04  -6.4 3.00e+01    -  1.54e-01 2.18e-02h  1
  82  9.4863645e+01 1.15e+02 5.09e+04  -6.5 2.77e+01    -  1.20e-01 1.52e-01h  1
  83  9.3999524e+01 7.96e+01 3.52e+04  -6.6 2.05e+01    -  1.12e-01 3.12e-01h  1
  84  9.3148888e+01 6.58e+01 2.97e+04  -1.4 2.23e+01    -  2.02e-01 1.70e-01f  1
  85  9.1949254e+01 4.81e+01 2.19e+04  -2.8 1.14e+01    -  2.93e-01 2.71e-01h  1
  86  9.0296590e+01 3.33e+01 1.53e+04  -2.4 6.62e+00    -  4.66e-01 3.09e-01h  1
  87  8.6761129e+01 1.67e+01 7.49e+03  -1.9 7.89e+00    -  2.42e-01 5.28e-01h  1
  88  8.4795671e+01 1.53e+01 6.41e+03  -2.5 4.50e+00    -  4.12e-01 1.45e-01h  1
  89  7.3171288e+01 1.79e+02 3.08e+02  -3.1 1.20e+01    -  1.35e-01 1.00e+00f  1
iter    objective    inf_pr   inf_du lg(mu)  ||d||  lg(rg) alpha_du alpha_pr  ls
  90  6.8321142e+01 5.93e+01 1.85e+02  -2.2 5.44e+00    -  3.96e-01 5.95e-01h  1
  91  6.6530470e+01 4.27e+01 1.15e+02  -2.7 5.34e+00    -  3.69e-01 2.70e-01h  1
  92  6.0677859e+01 1.36e+02 9.43e+01  -2.5 1.51e+01    -  2.02e-01 7.84e-01h  1
  93  5.6987153e+01 1.11e+02 8.62e+01  -7.9 1.67e+01    -  1.58e-01 6.10e-01h  1
  94  5.5388991e+01 7.54e+01 5.65e+01  -3.9 9.87e+00    -  3.44e-01 3.33e-01h  1
  95  5.2643010e+01 5.47e+01 4.53e+01  -2.7 1.33e+01    -  1.74e-01 6.61e-01h  1
  96  5.2165608e+01 6.45e+01 3.26e+01  -2.4 1.86e+01    -  2.83e-01 2.70e-01h  1
  97  5.1371490e+01 5.82e+01 2.44e+01  -2.6 1.92e+01    -  2.56e-01 1.78e-01h  1
  98  5.0698073e+01 7.52e+01 4.51e+01  -2.5 3.21e+01    -  2.01e-01 1.86e-01h  1
  99  5.0318255e+01 6.95e+01 3.09e+01  -3.7 2.71e+01    -  1.51e-01 3.91e-01H  1
iter    objective    inf_pr   inf_du lg(mu)  ||d||  lg(rg) alpha_du alpha_pr  ls
 100  4.7577109e+01 3.84e+01 1.48e+01  -3.1 8.24e+00    -  2.84e-01 4.33e-01h  1
 101  4.4957237e+01 4.68e+01 1.86e+01  -3.3 7.35e+00    -  1.31e-01 7.20e-01h  1
 102  4.4929852e+01 3.44e+01 1.55e+01  -2.7 2.17e+01    -  3.76e-01 2.61e-01h  1
 103  4.4644147e+01 2.75e+01 2.42e+01  -2.8 1.69e+01    -  3.73e-01 4.40e-01h  1
 104  4.3955191e+01 2.16e+01 2.56e+01  -2.9 1.27e+01    -  4.90e-01 4.59e-01h  1
 105  4.3710057e+01 9.87e+01 1.95e+01  -2.8 1.92e+01    -  1.81e-01 1.59e-01h  1
 106  4.1897852e+01 6.08e+01 1.17e+01  -3.7 9.58e+00    -  2.14e-01 4.51e-01h  1
 107  4.1361859e+01 8.92e+01 1.04e+01  -3.0 1.60e+01    -  3.11e-01 5.87e-01h  1
 108  4.0570283e+01 4.92e+01 8.48e+00  -3.0 1.36e+01    -  3.15e-01 5.17e-01h  1
 109  4.0657301e+01 3.76e+01 7.24e+00  -2.9 7.41e+00    -  3.70e-01 7.55e-01h  1
iter    objective    inf_pr   inf_du lg(mu)  ||d||  lg(rg) alpha_du alpha_pr  ls
 110  3.9330279e+01 1.28e+02 4.97e+00  -3.2 6.57e+00    -  3.96e-01 8.87e-01h  1
 111  3.8390622e+01 2.06e+01 8.06e+00  -3.2 6.01e+00    -  2.99e-01 8.85e-01h  1
 112  3.8368680e+01 4.40e+01 1.26e+01  -3.1 5.82e+00    -  5.33e-01 7.07e-01h  1
 113  3.7689924e+01 2.59e+01 5.29e+00  -3.3 8.92e+00    -  4.39e-01 6.44e-01h  1
 114  3.8024890e+01 2.38e+01 1.76e+01  -2.9 1.42e+01    -  2.07e-01 1.02e-01h  1
 115  3.7844074e+01 2.23e+01 2.10e+01  -3.2 1.42e+01    -  2.28e-01 9.21e-02h  1
 116  3.7451170e+01 8.04e+01 2.16e+01  -3.2 5.55e+01    -  2.50e-01 1.43e-01h  1
 117  3.8074781e+01 6.69e+01 1.98e+01  -2.9 2.67e+01    -  4.51e-01 2.15e-01h  1
 118  3.7931965e+01 6.58e+01 1.67e+01  -3.1 1.34e+01    -  9.12e-02 2.81e-01h  1
 119  3.7799950e+01 5.97e+01 1.42e+01  -3.1 9.98e+00    -  3.29e-01 3.80e-01h  1
iter    objective    inf_pr   inf_du lg(mu)  ||d||  lg(rg) alpha_du alpha_pr  ls
 120  3.7687575e+01 3.47e+01 1.28e+01  -3.1 7.89e+00    -  7.14e-01 4.15e-01h  1
 121  3.7020416e+01 7.23e+01 1.18e+01  -3.2 1.16e+01    -  5.38e-01 6.66e-01h  1
 122  3.7464775e+01 4.61e+01 6.66e+00  -3.2 5.62e+00    -  9.96e-01 7.98e-01h  1
 123  3.7112848e+01 1.81e+01 2.35e+00  -3.2 3.78e+00    -  5.85e-01 1.00e+00h  1
 124  3.6520363e+01 8.67e+00 2.06e+00  -3.3 4.09e+00    -  1.00e+00 1.00e+00h  1
 125  3.5935244e+01 9.88e+01 1.06e+01  -3.3 8.23e+00    -  3.12e-01 5.39e-01h  1
 126  3.5556547e+01 4.14e+01 4.86e+00  -3.3 6.49e+00    -  9.57e-01 6.22e-01h  1
 127  3.5430451e+01 8.68e+01 3.64e+00  -3.3 7.31e+00    -  3.23e-01 5.35e-01h  1
 128  3.5437206e+01 4.97e+01 6.48e+00  -3.3 2.51e+00    -  5.40e-01 1.00e+00h  1
 129  3.5323776e+01 3.10e+01 2.35e+00  -3.3 1.49e+00    -  1.00e+00 8.04e-01h  1
iter    objective    inf_pr   inf_du lg(mu)  ||d||  lg(rg) alpha_du alpha_pr  ls
 130  3.5054423e+01 1.41e+01 3.05e+00  -3.4 1.68e+00    -  8.92e-01 1.00e+00h  1
 131  3.4583640e+01 1.31e+01 2.33e+00  -3.4 4.77e+00    -  1.00e+00 1.00e+00h  1
 132  3.4365965e+01 5.62e+01 2.76e+00  -3.4 1.70e+01    -  2.09e-01 4.97e-01h  1
 133  3.4381025e+01 2.43e+01 2.86e+00  -3.4 7.60e+00    -  9.12e-01 1.00e+00h  1
 134  3.3842060e+01 5.73e+00 2.04e+00  -3.5 1.63e+00    -  1.00e+00 1.00e+00h  1
 135  3.3438503e+01 9.08e+00 1.59e+00  -3.6 2.78e+00    -  1.00e+00 1.00e+00h  1
 136  3.3279497e+01 5.21e+01 4.05e+00  -3.6 8.50e+00    -  6.03e-01 8.96e-01H  1
 137  3.2954073e+01 2.03e+01 4.66e+00  -3.6 3.08e+00    -  1.00e+00 8.14e-01h  1
 138  3.2862169e+01 1.23e+01 1.64e+00  -3.6 1.68e+00    -  5.02e-01 1.00e+00h  1
 139  3.2740067e+01 6.88e+00 9.00e-01  -3.7 1.28e+00    -  1.00e+00 1.00e+00h  1
iter    objective    inf_pr   inf_du lg(mu)  ||d||  lg(rg) alpha_du alpha_pr  ls
 140  3.2584142e+01 3.73e+01 2.20e+00  -3.7 3.81e+00    -  4.78e-01 9.34e-01h  1
 141  3.2518982e+01 1.32e+01 2.59e+00  -3.7 4.62e+00    -  1.00e+00 7.56e-01h  1
 142  3.2480638e+01 2.54e+01 3.66e+00  -3.7 4.83e+00    -  2.38e-01 9.25e-01H  1
 143  3.2152143e+01 8.41e+00 2.72e+00  -3.8 2.19e+00    -  1.00e+00 1.00e+00h  1
 144  3.1962022e+01 7.07e+00 3.03e+00  -3.8 3.41e+00    -  6.38e-01 7.05e-01h  1
 145  3.1761541e+01 1.50e+01 4.67e+00  -3.8 4.31e+00    -  9.79e-01 7.20e-01h  1
 146  3.2246134e+01 3.04e+01 2.16e+00  -3.5 6.49e+00    -  3.00e-01 4.54e-01h  1
 147  3.1950430e+01 3.05e+01 3.19e+00  -3.8 8.54e+00    -  4.96e-01 4.12e-01h  1
 148  3.1672729e+01 4.38e+01 7.94e+00  -3.8 4.85e+00    -  6.20e-01 9.13e-01H  1
 149  3.1345979e+01 4.30e+01 7.91e+00  -3.8 2.05e+00    -  6.80e-01 1.00e+00h  1
iter    objective    inf_pr   inf_du lg(mu)  ||d||  lg(rg) alpha_du alpha_pr  ls
 150  3.1396604e+01 1.79e+01 1.01e+00  -3.8 2.06e+00    -  1.00e+00 9.94e-01h  1
 151  3.1374203e+01 1.15e+01 3.71e+00  -3.8 1.49e+00    -  7.43e-01 1.00e+00h  1
 152  3.1305086e+01 4.75e+01 5.92e+00  -3.8 1.56e+00    -  6.99e-01 8.17e-01h  1
 153  3.1291418e+01 8.51e+00 2.73e+00  -3.8 1.56e+00    -  5.89e-01 8.16e-01h  1
 154  3.1771810e+01 3.97e+01 2.89e+00  -3.6 2.72e+00    -  9.22e-01 1.00e+00h  1
 155  3.1987343e+01 1.94e+01 4.99e+00  -3.7 3.71e+00    -  1.42e-01 7.69e-01h  1
 156  3.1713441e+01 3.66e+00 2.26e+00  -3.7 1.48e+00    -  1.00e+00 1.00e+00h  1
 157  3.1722767e+01 8.58e+00 9.80e-01  -3.7 6.66e-01    -  1.00e+00 1.00e+00h  1
 158  3.1530796e+01 5.32e+00 9.81e-01  -3.8 9.86e-01    -  1.00e+00 1.00e+00h  1
 159  3.1258022e+01 3.02e+01 3.10e+00  -3.9 3.65e+00    -  6.90e-01 5.00e-01h  2
iter    objective    inf_pr   inf_du lg(mu)  ||d||  lg(rg) alpha_du alpha_pr  ls
 160  3.1178386e+01 1.24e+01 2.84e+00  -3.8 2.18e+00    -  1.00e+00 6.55e-01h  1
 161  3.1706126e+01 3.13e+01 3.60e+00  -3.6 5.48e+00    -  8.93e-01 6.16e-01h  1
 162  3.1929548e+01 7.27e+01 5.58e+00  -3.7 1.61e+01    -  5.74e-02 4.43e-01H  1
 163  3.1650814e+01 6.02e+01 2.60e+00  -3.7 2.91e+00    -  8.64e-01 1.00e+00h  1
 164  3.1610249e+01 1.45e+01 9.24e-01  -3.7 1.85e+00    -  9.69e-01 1.00e+00h  1
 165  3.1596613e+01 1.08e+01 8.08e-01  -3.7 3.43e+00    -  9.27e-01 1.00e+00h  1
 166  3.1394777e+01 5.11e+01 3.28e+00  -3.7 1.06e+01    -  4.27e-01 9.87e-01h  1
 167  3.1201338e+01 1.51e+01 7.43e+00  -3.8 5.76e+00    -  2.16e-01 9.50e-01H  1
 168  3.1322630e+01 8.07e+00 1.85e+00  -3.7 5.02e+00    -  9.36e-01 1.00e+00h  1
 169  3.1185796e+01 2.44e+00 9.87e-01  -3.8 2.13e+00    -  1.00e+00 1.00e+00h  1
iter    objective    inf_pr   inf_du lg(mu)  ||d||  lg(rg) alpha_du alpha_pr  ls
 170  3.0922935e+01 1.09e+01 1.10e+00  -4.0 4.18e+00    -  1.00e+00 1.00e+00h  1
 171  3.0624912e+01 4.64e+01 3.13e+00  -4.0 6.39e+00    -  6.66e-01 8.30e-01h  1
 172  3.1235106e+01 3.76e+01 7.23e+00  -3.8 7.25e+00    -  6.91e-01 8.40e-01h  1
 173  3.0911229e+01 4.06e+01 4.41e+00  -3.9 6.18e+00    -  1.22e-01 5.62e-01h  1
 174  3.0742210e+01 2.14e+01 1.95e+00  -3.9 3.15e+00    -  6.71e-01 1.00e+00h  1
 175  3.0455977e+01 2.33e+01 9.17e-01  -4.0 3.30e+00    -  1.00e+00 1.00e+00h  1
 176  3.0563771e+01 5.93e+01 2.01e+00  -4.0 5.28e+00    -  4.74e-01 1.00e+00H  1
 177  3.0318915e+01 2.30e+01 9.63e-01  -4.0 2.87e+00    -  1.00e+00 1.00e+00h  1
 178  3.0306201e+01 8.63e-01 5.06e-01  -4.0 1.37e+00    -  6.35e-01 1.00e+00h  1
 179  3.0078288e+01 9.77e+00 1.89e+00  -4.3 3.18e+00    -  1.00e+00 1.00e+00h  1
iter    objective    inf_pr   inf_du lg(mu)  ||d||  lg(rg) alpha_du alpha_pr  ls
 180  3.0164755e+01 1.03e+01 1.21e+00  -4.0 9.21e+00    -  5.99e-01 3.08e-01h  2
 181  3.0091274e+01 2.74e+01 3.43e+00  -4.1 1.77e+00    -  8.12e-01 1.00e+00h  1
 182  2.9985960e+01 2.32e+01 2.07e+00  -4.2 1.75e+00    -  1.00e+00 1.00e+00h  1
 183  3.0516973e+01 4.78e+01 2.29e+00  -3.9 6.69e+00    -  4.57e-01 1.00e+00h  1
 184  3.0363468e+01 3.16e+01 2.96e+00  -4.1 8.37e+00    -  7.47e-01 3.68e-01h  1
 185  3.0087485e+01 2.83e+01 2.21e+00  -4.1 5.85e+00    -  8.48e-01 4.79e-01h  1
 186  3.0295483e+01 1.92e+01 2.54e+00  -4.1 6.39e+00    -  5.76e-01 6.36e-01H  1
 187  2.9871537e+01 1.35e+01 1.58e+00  -4.1 2.36e+00    -  2.68e-01 7.66e-01h  1
 188  2.9758444e+01 6.35e+00 1.72e+00  -4.3 1.30e+00    -  7.30e-01 1.00e+00h  1
 189  2.9753552e+01 5.34e+00 9.99e-01  -4.2 1.35e+00    -  8.94e-01 7.14e-01h  1
iter    objective    inf_pr   inf_du lg(mu)  ||d||  lg(rg) alpha_du alpha_pr  ls
 190  2.9645134e+01 2.75e+00 1.10e+00  -4.4 2.50e+00    -  6.28e-01 7.52e-01h  1
 191  2.9711904e+01 4.54e+00 4.68e+00  -4.1 1.09e+01    -  3.66e-01 1.71e-01h  1
 192  2.9622948e+01 4.65e+00 1.59e+00  -4.3 5.84e+00    -  6.24e-01 4.78e-01h  1
 193  2.9585164e+01 3.82e+00 2.26e+00  -4.3 6.17e+00    -  6.49e-01 6.10e-01H  1
 194  2.9528453e+01 9.37e+00 9.59e-01  -4.3 1.84e+00    -  3.13e-01 6.67e-01h  1
 195  2.9513370e+01 1.57e+01 5.42e-01  -4.3 1.02e+00    -  1.00e+00 1.00e+00h  1
 196  2.9484514e+01 8.63e-01 4.21e-01  -4.3 1.61e+00    -  8.77e-01 1.00e+00h  1
 197  2.9456410e+01 1.32e+00 5.40e-01  -4.3 5.19e+00    -  6.87e-01 3.83e-01h  1
 198  3.0008612e+01 4.27e+01 5.42e+00  -4.0 7.55e+00    -  2.94e-01 9.00e-01h  1
 199  2.9708176e+01 3.20e+01 3.74e+00  -4.3 1.46e+01    -  8.94e-01 4.36e-01h  1
iter    objective    inf_pr   inf_du lg(mu)  ||d||  lg(rg) alpha_du alpha_pr  ls
 200  2.9568839e+01 3.25e+01 3.04e+00  -4.3 2.10e+01    -  1.73e-01 1.60e-01h  2
 201  2.9427803e+01 1.86e+01 1.56e+00  -4.3 4.81e+00    -  4.25e-01 4.70e-01h  1
 202  2.9458728e+01 9.82e+00 1.07e+00  -4.3 5.86e+00    -  1.20e-01 6.46e-01h  1
 203  2.9286551e+01 4.15e+00 1.29e+00  -4.4 1.75e+00    -  4.95e-01 6.72e-01h  1
 204  2.9168858e+01 5.21e+00 1.46e+00  -4.7 3.66e+00    -  6.94e-01 5.54e-01h  1
 205  2.9096068e+01 9.04e+00 1.43e+00  -4.7 9.48e+00    -  1.36e-01 3.67e-01h  1
 206  2.9048519e+01 8.03e+00 9.80e-01  -4.6 6.75e+00    -  3.93e-01 4.44e-01h  1
 207  2.8994568e+01 7.02e+00 1.65e+00  -4.6 3.80e+00    -  6.55e-01 5.26e-01h  1
 208  2.9140104e+01 1.43e+01 2.69e+00  -4.2 6.81e+00    -  1.98e-01 5.38e-01h  1
 209  2.9111721e+01 1.32e+01 1.86e+00  -4.6 9.29e+00    -  3.93e-01 2.92e-01h  1
iter    objective    inf_pr   inf_du lg(mu)  ||d||  lg(rg) alpha_du alpha_pr  ls
 210  2.9042025e+01 1.03e+01 1.18e+00  -4.6 4.06e+00    -  3.75e-03 2.67e-01h  1
 211  2.8989641e+01 9.09e+00 1.41e+00  -4.6 7.38e+00    -  5.33e-02 1.68e-01f  1
 212  2.9267429e+01 2.95e+01 6.40e+00  -4.3 5.35e+00    -  7.97e-02 1.00e+00h  1
 213  2.9190221e+01 2.58e+01 5.97e+00  -4.6 1.53e+01    -  3.87e-01 1.87e-01h  1
 214  2.9047296e+01 2.37e+01 4.18e+00  -4.6 1.14e+01    -  7.15e-02 2.68e-01h  1
 215  2.8995088e+01 2.25e+01 3.21e+00  -4.6 1.84e+01    -  2.83e-01 1.14e-01h  2
 216  2.8905073e+01 1.63e+01 1.69e+00  -4.6 5.24e+00    -  5.99e-01 4.11e-01h  1
 217  2.9398743e+01 1.01e+01 2.57e+00  -4.3 6.66e+00    -  1.93e-01 8.19e-01H  1
 218  2.9243657e+01 9.50e+00 2.60e+00  -4.6 5.82e+00    -  1.00e+00 1.75e-01h  1
 219  2.9089249e+01 2.02e+01 2.31e+00  -4.6 9.72e+00    -  1.82e-01 1.62e-01h  2
iter    objective    inf_pr   inf_du lg(mu)  ||d||  lg(rg) alpha_du alpha_pr  ls
 220  2.8881415e+01 9.22e+00 1.17e+00  -4.6 4.49e+00    -  1.00e+00 5.76e-01h  1
 221  2.9597998e+01 9.27e+01 5.85e+00  -4.1 1.31e+01    -  1.90e-01 6.62e-01h  1
 222  2.9346905e+01 7.61e+01 4.27e+00  -4.5 9.87e+00    -  2.99e-01 2.70e-01h  1
 223  2.9024265e+01 6.91e+01 3.25e+00  -4.5 1.35e+01    -  2.69e-01 2.43e-01h  1
 224  2.9271526e+01 5.39e+01 1.86e+00  -4.5 1.07e+01    -  1.97e-02 3.29e-01h  1
 225  2.8876515e+01 1.45e+01 6.59e-01  -4.5 1.58e+00    -  3.15e-01 7.17e-01h  1
 226  2.8791757e+01 1.10e+01 5.13e-01  -5.3 3.61e+00    -  3.56e-01 3.64e-01h  1
 227  2.8818641e+01 8.46e+00 8.43e-01  -4.8 4.11e+00    -  3.10e-02 3.08e-01h  1
 228  2.8928796e+01 1.47e+01 1.40e+00  -4.4 3.47e+00    -  1.67e-01 1.00e+00h  1
 229  2.8854908e+01 1.51e+01 1.06e+00  -4.7 8.54e+00    -  1.48e-01 2.21e-01h  1
iter    objective    inf_pr   inf_du lg(mu)  ||d||  lg(rg) alpha_du alpha_pr  ls
 230  2.8790444e+01 1.33e+01 8.11e-01  -4.7 5.51e+00    -  1.10e-01 2.53e-01h  1
 231  2.8852111e+01 1.04e+01 7.99e-01  -4.4 4.10e+00    -  6.72e-01 4.21e-01h  1
 232  2.8815502e+01 8.41e+00 6.94e-01  -4.5 5.77e+00    -  3.33e-01 2.18e-01h  1
 233  2.8814426e+01 5.11e+00 5.61e-01  -4.5 2.27e+00    -  6.51e-01 3.90e-01h  1
 234  2.8817494e+01 1.51e+00 6.32e-01  -4.5 1.07e+00    -  2.55e-01 7.08e-01h  1
 235  2.8776043e+01 1.16e+00 4.99e-01  -4.5 1.40e+00    -  6.16e-01 9.63e-01h  1
 236  2.8765002e+01 3.13e+00 8.59e-01  -4.5 9.79e+00    -  2.68e-01 2.50e-01h  2
 237  2.8737144e+01 1.10e+01 9.78e-01  -4.5 6.10e+00    -  8.94e-01 6.52e-01h  1
 238  2.8719637e+01 9.68e+00 1.03e+00  -4.5 1.59e+01    -  4.75e-01 1.71e-01h  1
 239  2.8732644e+01 6.58e+00 8.40e-01  -4.5 7.77e+00    -  7.08e-02 3.71e-01H  1
iter    objective    inf_pr   inf_du lg(mu)  ||d||  lg(rg) alpha_du alpha_pr  ls
 240  2.8659482e+01 3.67e+00 1.06e+00  -4.8 2.11e+00    -  6.05e-01 4.73e-01h  1
 241  2.8594401e+01 5.23e+00 1.43e+00  -5.0 1.75e+01    -  2.53e-01 1.62e-01h  1
 242  2.8881951e+01 3.60e+01 2.19e+00  -4.1 1.07e+01    -  9.86e-02 4.12e-01h  1
 243  2.8845678e+01 3.03e+01 1.74e+00  -4.7 1.66e+01    -  3.55e-01 2.73e-01h  1
 244  2.8638433e+01 2.84e+01 9.89e-01  -4.7 6.08e+00    -  1.57e-01 4.96e-01h  1
 245  2.8568426e+01 2.36e+01 1.47e+00  -4.7 7.65e+00    -  2.27e-01 2.32e-01h  1
 246  2.8733938e+01 3.34e+01 2.30e+00  -4.4 3.97e+00    -  2.27e-01 9.65e-01h  1
 247  2.8698309e+01 2.99e+01 1.99e+00  -4.7 8.57e+00    -  1.53e-01 1.27e-01h  1
 248  2.8598341e+01 2.16e+01 1.54e+00  -4.7 3.55e+00    -  1.00e+00 4.16e-01h  1
 249  2.8594076e+01 1.92e+01 1.14e+00  -4.7 6.88e+00    -  5.80e-02 1.62e-01h  1
iter    objective    inf_pr   inf_du lg(mu)  ||d||  lg(rg) alpha_du alpha_pr  ls
 250  2.8785213e+01 3.74e+01 1.52e+00  -4.3 5.92e+00    -  5.26e-01 6.95e-01h  1
 251  2.8837775e+01 3.11e+01 1.07e+00  -4.5 7.46e+00    -  1.89e-01 1.75e-01h  1
 252  2.8583139e+01 1.61e+01 3.14e+00  -4.5 2.91e+00    -  5.43e-01 1.00e+00h  1
 253  2.8630833e+01 7.08e+00 6.04e-01  -4.5 1.72e+00    -  5.34e-01 7.09e-01h  1
 254  2.8535135e+01 3.28e+00 3.68e-01  -4.6 1.48e+00    -  1.00e+00 1.00e+00h  1
 255  2.8641536e+01 1.14e+01 6.52e-01  -4.3 6.50e+00    -  5.01e-01 3.28e-01h  1
 256  2.8694603e+01 1.68e+01 8.05e-01  -4.6 4.83e+00    -  4.65e-01 8.76e-01h  1
 257  2.8587604e+01 8.16e+00 6.03e-01  -4.6 2.55e+00    -  4.59e-01 5.13e-01h  1
 258  2.8553631e+01 8.00e-01 5.37e-01  -4.6 2.52e+00    -  1.95e-01 1.00e+00h  1
 259  2.8551706e+01 1.35e+00 9.01e-02  -4.5 1.08e+00    -  1.00e+00 8.34e-01h  1
iter    objective    inf_pr   inf_du lg(mu)  ||d||  lg(rg) alpha_du alpha_pr  ls
 260  2.8558339e+01 6.79e-01 2.55e-01  -4.5 1.33e+00    -  4.01e-02 7.41e-01h  1
 261  2.8558075e+01 3.61e+00 4.62e-01  -4.5 2.79e+00    -  7.54e-01 9.18e-01h  1
 262  2.8529228e+01 5.65e+00 5.60e-01  -4.6 6.33e+00    -  6.27e-01 3.40e-01h  1
 263  2.8766475e+01 2.01e+01 1.81e+00  -4.2 1.07e+01    -  4.40e-01 4.76e-01h  1
 264  2.8698592e+01 1.56e+01 1.35e+00  -4.5 1.30e+01    -  9.93e-02 2.43e-01h  1
 265  2.8636576e+01 1.41e+01 7.76e-01  -4.5 6.47e+00    -  1.97e-01 1.55e-01h  1
 266  2.8562485e+01 9.54e+00 5.51e-01  -4.5 3.12e+00    -  1.93e-01 4.37e-01h  1
 267  2.8557970e+01 7.36e+00 1.35e+00  -4.5 2.68e+00    -  5.11e-01 7.68e-01h  1
 268  2.8495472e+01 3.10e+00 1.16e+00  -4.5 3.63e+00    -  5.94e-01 5.99e-01h  1
 269  2.8426090e+01 3.42e+00 1.08e+00  -4.9 1.77e+00    -  3.91e-01 6.46e-01h  1
iter    objective    inf_pr   inf_du lg(mu)  ||d||  lg(rg) alpha_du alpha_pr  ls
 270  2.8413899e+01 3.05e+00 9.81e-01  -4.6 1.50e+01    -  4.59e-01 1.21e-01h  1
 271  2.8400597e+01 2.55e+00 9.76e-01  -4.7 3.20e+00    -  1.00e+00 2.20e-01h  1
 272  2.8375992e+01 2.85e+00 2.42e+00  -5.0 3.89e+00    -  6.52e-01 1.58e-01h  1
 273  2.8340884e+01 5.80e+00 3.04e+00  -4.9 8.27e+00    -  7.33e-01 2.10e-01h  2
 274  2.8307762e+01 5.70e+00 1.99e+00  -4.9 6.65e+00    -  5.40e-01 2.31e-01h  2
 275  2.8306592e+01 4.51e+00 2.04e+00  -4.9 4.49e+00    -  5.04e-01 5.40e-01H  1
 276  2.8296275e+01 4.27e+00 2.00e+00  -4.9 5.16e+00    -  8.99e-01 5.45e-02h  1
 277  2.8278359e+01 3.88e+00 1.78e+00  -4.7 3.92e+00    -  1.87e-01 1.01e-01h  1
 278  2.8329595e+01 8.10e+00 8.26e-01  -4.2 1.11e+01    -  1.73e-01 1.63e-01h  1
 279  2.8356143e+01 7.81e+00 1.07e+00  -4.8 1.89e+01    -  8.65e-02 8.95e-02h  1
iter    objective    inf_pr   inf_du lg(mu)  ||d||  lg(rg) alpha_du alpha_pr  ls
 280  2.8295849e+01 4.60e+00 9.58e-01  -4.8 1.35e+00    -  3.68e-01 4.43e-01h  1
 281  2.8269782e+01 3.42e+00 7.82e-01  -4.8 1.68e+00    -  4.13e-01 3.00e-01h  1
 282  2.8328118e+01 7.04e+00 6.96e+01  -4.5 4.16e+00    -  1.03e-04 3.60e-01h  1
 283  2.8329269e+01 6.35e+00 6.14e+01  -4.8 3.51e+01    -  4.79e-02 1.18e-01H  1
 284  2.8264656e+01 5.28e+00 3.47e+01  -4.8 5.27e+00    -  2.52e-01 4.34e-01h  1
 285  2.8246159e+01 4.85e+00 3.06e+01  -4.8 1.33e+01    -  3.16e-01 1.18e-01h  1
 286  2.8186652e+01 8.36e+00 2.01e+01  -5.5 5.58e+00    -  3.02e-01 3.45e-01h  1
 287  2.8179410e+01 7.97e+00 1.89e+01  -4.9 1.09e+01    -  3.86e-01 6.11e-02h  1
 288  2.8251178e+01 1.25e+01 1.22e+01  -4.5 6.30e+00    -  8.16e-02 3.60e-01h  1
 289  2.8275763e+01 1.43e+01 9.30e+00  -4.9 1.46e+01    -  7.87e-02 2.42e-01H  1
iter    objective    inf_pr   inf_du lg(mu)  ||d||  lg(rg) alpha_du alpha_pr  ls
 290  2.8219862e+01 1.25e+01 7.43e+00  -4.9 4.70e+00    -  2.19e-01 2.01e-01h  1
 291  2.8172352e+01 1.17e+01 6.65e+00  -4.9 1.21e+01    -  1.37e-01 1.05e-01h  1
 292  2.8252023e+01 1.20e+01 2.57e+00  -4.6 3.95e+00    -  2.38e-01 6.12e-01h  1
 293  2.8209560e+01 1.25e+01 2.12e+00  -4.9 7.89e+00    -  4.71e-02 1.74e-01h  2
 294  2.8166850e+01 1.18e+01 1.54e+00  -4.9 5.23e+00    -  4.46e-01 3.35e-01h  1
 295  2.8136725e+01 9.25e+00 4.33e+01  -4.8 3.88e+00    -  1.41e-04 2.76e-01h  1
 296  2.8117396e+01 5.48e+00 2.48e+01  -4.8 5.75e+00    -  8.56e-02 4.26e-01h  1
 297  2.8124051e+01 5.36e-01 3.38e-01  -4.8 1.25e+00    -  3.55e-01 1.00e+00h  1
 298  2.8090734e+01 5.83e-01 2.93e-01  -5.0 7.89e-01    -  1.00e+00 1.00e+00h  1
 299  2.8077383e+01 5.37e-01 5.31e-01  -5.0 2.25e+00    -  5.60e-01 7.20e-01H  1
iter    objective    inf_pr   inf_du lg(mu)  ||d||  lg(rg) alpha_du alpha_pr  ls
 300  2.8049504e+01 1.87e+00 9.64e-01  -5.2 7.48e+00    -  7.20e-01 2.23e-01h  1
 301  2.8057172e+01 5.21e+00 1.40e+00  -4.7 7.13e+00    -  7.85e-01 1.54e-01h  2
 302  2.8046374e+01 3.12e+00 6.49e-01  -4.9 1.51e+00    -  7.76e-01 4.03e-01h  1
 303  2.8025006e+01 1.85e+00 3.54e-01  -5.0 2.70e+00    -  7.06e-01 1.00e+00H  1
 304  2.8021056e+01 1.40e+00 5.61e-01  -4.9 4.63e+00    -  3.55e-01 3.13e-01h  1
 305  2.8017566e+01 1.09e+00 3.45e-01  -4.9 1.36e+00    -  7.64e-01 9.78e-01h  1
 306  2.8006701e+01 8.11e-01 1.52e+00  -4.9 1.08e+00    -  1.00e+00 2.64e-01h  1
 307  2.7993321e+01 8.06e-01 2.16e-01  -4.9 1.20e+00    -  8.73e-01 8.39e-01h  1
 308  2.7993672e+01 7.00e-01 3.28e-01  -5.0 2.94e+00    -  8.58e-01 9.26e-01H  1
 309  2.8062456e+01 5.43e+00 8.83e-01  -4.7 3.33e+00    -  4.58e-01 7.80e-01h  1
iter    objective    inf_pr   inf_du lg(mu)  ||d||  lg(rg) alpha_du alpha_pr  ls
 310  2.8138882e+01 8.09e+00 7.58e-01  -5.0 4.53e+00    -  3.96e-01 4.75e-01h  1
 311  2.8016059e+01 9.13e+00 1.69e-01  -5.0 2.45e+00    -  9.50e-01 7.64e-01h  1
 312  2.7987673e+01 7.98e+00 2.46e-01  -5.0 5.89e+00    -  3.70e-01 1.85e-01h  2
 313  2.7990278e+01 5.69e+00 5.57e-01  -4.9 3.33e+00    -  1.00e+00 9.69e-01h  1
 314  2.8153867e+01 3.16e+00 1.01e+00  -4.7 4.86e+00    -  2.83e-01 8.32e-01H  1
 315  2.8109986e+01 2.66e+00 9.06e-01  -4.9 4.92e+00    -  3.70e-01 2.09e-01h  2
 316  2.7968846e+01 7.56e+00 4.73e-01  -4.9 3.21e+00    -  6.01e-01 1.00e+00h  1
 317  2.8028850e+01 7.67e+00 6.45e-01  -4.7 7.30e+00    -  3.89e-01 2.42e-01h  2
 318  2.8009411e+01 3.64e+00 3.13e-01  -4.9 5.34e+00    -  1.56e-01 6.78e-01H  1
 319  2.7964667e+01 4.93e+00 9.50e-01  -4.9 6.10e+00    -  2.11e-01 3.65e-01h  1
iter    objective    inf_pr   inf_du lg(mu)  ||d||  lg(rg) alpha_du alpha_pr  ls
 320  2.7915800e+01 4.21e+00 1.53e+00  -5.3 5.36e+00    -  3.64e-01 1.92e-01h  1
 321  2.8015435e+01 1.23e+01 3.52e-01  -4.7 7.37e+00    -  2.49e-01 3.95e-01h  1
 322  2.8067638e+01 8.84e+00 3.65e-01  -5.0 4.09e+00    -  1.67e-01 7.10e-01h  1
 323  2.7916067e+01 4.39e+00 5.71e-01  -5.0 2.61e+00    -  4.16e-01 6.06e-01h  1
 324  2.7958229e+01 4.83e+00 4.59e-01  -5.0 5.68e+00    -  3.89e-01 6.45e-01h  1
 325  2.7971341e+01 1.38e+01 7.34e-01  -4.7 3.51e+00    -  8.19e-01 7.96e-01h  1
 326  2.8378979e+01 7.55e+00 3.88e-01  -4.8 1.09e+01    -  3.36e-01 4.56e-01h  1
 327  2.7937252e+01 1.72e+00 1.25e+00  -4.8 4.83e+00    -  7.06e-02 1.00e+00h  1
 328  2.7920422e+01 1.24e+00 6.87e-01  -5.2 1.49e+00    -  6.32e-01 3.45e-01h  1
 329  2.7945927e+01 2.83e+00 5.47e-01  -4.7 8.74e+00    -  4.13e-01 8.60e-02h  3
iter    objective    inf_pr   inf_du lg(mu)  ||d||  lg(rg) alpha_du alpha_pr  ls
 330  2.7900622e+01 1.32e+00 7.32e-01  -5.0 2.36e+00    -  8.24e-01 1.00e+00H  1
 331  2.7888321e+01 1.15e+00 9.16e-01  -4.9 6.65e+00    -  5.39e-01 1.23e-01h  2
 332  2.7892041e+01 6.37e+00 4.47e-01  -4.9 6.75e-01    -  5.51e-01 1.00e+00h  1
 333  2.7860525e+01 6.85e+00 2.62e-01  -5.0 7.78e-01    -  8.20e-01 9.54e-01h  1
 334  2.7955389e+01 4.69e+00 9.80e-01  -4.8 6.28e+00    -  1.88e-01 4.38e-01H  1
 335  2.7942523e+01 4.34e+00 8.41e-01  -5.0 7.61e+00    -  5.00e-01 7.63e-02h  1
 336  2.7872711e+01 6.29e+00 4.73e-01  -5.0 5.46e+00    -  1.48e-01 4.36e-01h  1
 337  2.7860089e+01 6.18e+00 5.50e-01  -5.0 2.84e+01    -  1.56e-01 2.60e-02h  3
 338  2.7946785e+01 1.13e+01 1.09e+00  -4.7 4.77e+00    -  4.35e-01 6.16e-01h  1
 339  2.7938671e+01 1.06e+01 6.33e-01  -5.0 1.37e+01    -  2.06e-01 1.01e-01h  2
iter    objective    inf_pr   inf_du lg(mu)  ||d||  lg(rg) alpha_du alpha_pr  ls
 340  2.7852724e+01 1.16e+01 6.35e-01  -5.0 3.83e+00    -  7.99e-01 7.52e-01h  1
 341  2.7836500e+01 2.15e+01 8.32e-01  -5.1 2.50e+01    -  2.24e-01 4.37e-02h  3
 342  2.7821812e+01 7.43e+00 5.39e-01  -5.0 1.29e+00    -  1.74e-01 6.39e-01h  1
 343  2.7810809e+01 2.95e+00 4.00e-01  -5.0 1.26e+00    -  2.67e-02 5.96e-01h  1
 344  2.7809822e+01 1.84e+00 4.61e-01  -5.0 2.89e+00    -  5.40e-01 1.00e+00h  1
 345  2.7791193e+01 3.95e+00 5.85e-01  -5.0 2.62e+00    -  1.00e+00 1.00e+00h  1
 346  2.7903571e+01 2.05e+01 1.31e+00  -4.7 5.85e+00    -  1.53e-01 5.39e-01h  1
 347  2.7871625e+01 1.73e+01 9.88e-01  -5.0 1.01e+01    -  3.40e-01 1.81e-01h  2
 348  2.7812656e+01 1.71e+01 5.68e-01  -5.0 1.06e+01    -  1.48e-01 2.52e-01h  1
 349  2.7784271e+01 2.67e+01 9.04e-01  -5.0 2.48e+01    -  1.80e-01 1.38e-01h  1
iter    objective    inf_pr   inf_du lg(mu)  ||d||  lg(rg) alpha_du alpha_pr  ls
 350  2.7888607e+01 4.16e+01 7.49e-01  -4.7 4.96e+00    -  2.79e-01 6.10e-01h  1
 351  2.7843816e+01 3.43e+01 6.78e-01  -5.0 9.89e+00    -  8.69e-02 1.98e-01h  1
 352  2.7788719e+01 2.47e+01 5.24e-01  -5.0 4.18e+00    -  2.13e-01 2.92e-01h  1
 353  2.7833204e+01 2.02e+01 6.51e-01  -4.6 7.57e+00    -  3.07e-01 2.22e-01h  1
 354  2.7817429e+01 1.79e+01 6.66e-01  -4.9 9.21e+00    -  2.20e-01 1.55e-01h  2
 355  2.7764841e+01 8.81e+00 4.96e-01  -4.9 1.82e+00    -  7.27e-01 8.30e-01h  1
 356  2.7920203e+01 3.23e+01 1.35e+00  -4.6 9.72e+00    -  7.48e-02 3.72e-01h  1
 357  2.7891980e+01 2.91e+01 1.16e+00  -4.9 1.27e+01    -  2.04e-01 1.26e-01h  1
 358  2.7756134e+01 1.50e+01 8.57e-01  -4.9 3.91e+00    -  2.48e-01 6.94e-01h  1
 359  2.7786631e+01 2.22e+01 6.83e-01  -4.6 1.12e+01    -  2.55e-01 1.07e-01h  2
iter    objective    inf_pr   inf_du lg(mu)  ||d||  lg(rg) alpha_du alpha_pr  ls
 360  2.7780675e+01 1.54e+01 6.52e-01  -4.9 3.70e+00    -  6.45e-01 5.75e-01h  1
 361  2.7741999e+01 1.67e+00 5.09e-01  -4.9 1.11e+00    -  3.22e-01 1.00e+00h  1
 362  2.7750717e+01 3.24e-01 1.67e-01  -4.9 6.46e-01    -  7.90e-01 1.00e+00h  1
 363  2.7747955e+01 1.21e+01 5.56e-01  -4.9 3.73e+00    -  8.28e-01 4.68e-01h  2
 364  2.7728528e+01 1.11e+01 1.16e+00  -4.9 1.08e+01    -  5.20e-01 2.43e-01h  1
 365  2.7830053e+01 1.79e+01 1.23e+00  -4.5 1.23e+01    -  4.87e-01 2.16e-01h  1
 366  2.7832456e+01 1.54e+01 1.47e+00  -4.8 1.65e+01    -  2.35e-01 2.02e-01h  1
 367  2.7825217e+01 5.47e+00 7.54e-01  -4.8 4.69e+00    -  1.78e-01 8.69e-01h  1
 368  2.7780145e+01 4.90e+00 5.73e-01  -4.8 1.97e+00    -  4.91e-01 4.53e-01h  1
 369  2.7761747e+01 2.03e+00 2.08e-01  -4.8 2.27e+00    -  4.65e-01 1.00e+00h  1
iter    objective    inf_pr   inf_du lg(mu)  ||d||  lg(rg) alpha_du alpha_pr  ls
 370  2.7766674e+01 2.27e+00 1.79e-01  -4.8 1.33e+00    -  1.00e+00 1.00e+00h  1
 371  2.7713075e+01 1.78e+00 3.80e-01  -4.9 1.29e+00    -  1.00e+00 1.00e+00h  1
 372  2.7704597e+01 3.96e+00 5.04e-01  -4.9 1.41e+01    -  3.34e-01 1.23e-01h  2
 373  2.7776736e+01 4.26e+00 6.39e-01  -4.6 2.94e+00    -  1.00e+00 6.60e-01h  1
 374  2.7780260e+01 5.25e+00 8.33e-01  -4.7 1.68e+01    -  4.53e-01 7.81e-02h  2
 375  2.7805380e+01 1.08e+01 3.88e-01  -4.7 2.93e+00    -  1.00e+00 1.00e+00h  1
 376  2.7787723e+01 1.49e+00 3.90e-01  -4.7 1.91e+00    -  3.32e-01 1.00e+00h  1
 377  2.7753048e+01 3.66e+00 1.05e-01  -4.7 7.66e-01    -  1.00e+00 1.00e+00h  1
 378  2.7761068e+01 1.70e+00 1.12e-01  -4.7 8.71e-01    -  1.00e+00 1.00e+00h  1
 379  2.7776558e+01 2.69e+00 2.81e-01  -4.7 2.65e+00    -  6.02e-01 6.70e-01H  1
iter    objective    inf_pr   inf_du lg(mu)  ||d||  lg(rg) alpha_du alpha_pr  ls
 380  2.7777361e+01 2.68e+00 6.10e-01  -4.7 3.49e+00    -  1.00e+00 9.87e-01h  1
 381  2.7768886e+01 4.40e+00 7.86e-01  -4.7 4.27e+00    -  7.14e-01 2.33e-01h  2
 382  2.7760614e+01 1.11e+01 2.89e-01  -4.7 6.33e-01    -  5.95e-01 1.00e+00h  1
 383  2.7760413e+01 1.53e+00 1.26e-01  -4.7 8.70e-01    -  9.82e-01 1.00e+00h  1
 384  2.7760639e+01 3.43e+00 2.28e-01  -4.7 1.54e+00    -  1.00e+00 7.22e-01h  1
 385  2.7743369e+01 2.95e+00 3.53e-01  -4.8 1.51e+00    -  7.50e-01 1.00e+00h  1
 386  2.7733105e+01 4.36e+00 2.99e-01  -4.8 1.57e+00    -  1.00e+00 1.00e+00h  1
 387  2.7707536e+01 1.10e-01 2.63e-01  -5.0 4.55e-01    -  1.00e+00 1.00e+00h  1
 388  2.7681480e+01 6.11e-01 2.86e-01  -5.3 9.36e-01    -  1.00e+00 1.00e+00h  1
 389  2.7717407e+01 5.78e+00 4.85e-01  -4.8 8.36e-01    -  7.48e-01 8.48e-01h  1
iter    objective    inf_pr   inf_du lg(mu)  ||d||  lg(rg) alpha_du alpha_pr  ls
 390  2.7693587e+01 2.49e+00 4.75e-01  -5.0 1.36e+00    -  1.00e+00 6.61e-01h  1
 391  2.7693610e+01 3.09e+00 3.59e-01  -5.0 1.78e+00    -  5.69e-01 1.00e+00H  1
 392  2.7729435e+01 3.61e+00 6.64e-01  -4.7 1.79e+00    -  7.40e-01 1.00e+00h  1
 393  2.7719236e+01 3.11e+00 5.41e-01  -4.9 3.93e+00    -  3.33e-01 1.44e-01h  1
 394  2.7703431e+01 1.90e+00 6.41e-01  -4.9 1.48e+00    -  1.00e+00 4.41e-01h  1
 395  2.7691922e+01 1.17e+01 2.80e-01  -4.9 5.71e+00    -  1.00e+00 2.34e-01h  2
 396  2.7669109e+01 9.50e+00 5.29e-01  -4.9 4.14e+00    -  1.00e+00 7.29e-01H  1
 397  2.7873040e+01 3.91e-01 1.53e+00  -4.6 2.87e+00    -  5.99e-01 1.00e+00H  1
 398  2.7767486e+01 7.28e+00 5.86e-01  -4.8 3.99e+00    -  1.00e+00 7.41e-01h  1
 399  2.7712652e+01 4.97e+00 3.90e-01  -4.8 2.62e+00    -  5.90e-01 3.18e-01h  1
iter    objective    inf_pr   inf_du lg(mu)  ||d||  lg(rg) alpha_du alpha_pr  ls
 400  2.7694716e+01 3.73e+00 2.82e-01  -4.8 1.33e+00    -  2.17e-01 2.79e-01H  1
 401  2.7693312e+01 3.57e+00 2.71e-01  -4.8 1.16e+00    -  4.53e-03 4.29e-02h  1
 402  2.7692979e+01 3.53e+00 2.68e-01  -4.8 1.25e+01    -  5.22e-03 1.07e-02f  1
 403  2.7678442e+01 5.60e+00 3.29e-01  -4.8 1.00e+00    -  1.26e-01 1.00e+00f  1
 404  2.7665747e+01 3.39e+00 3.95e-01  -4.8 1.14e+00    -  1.00e+00 1.00e+00H  1
 405  2.7658777e+01 4.13e+00 2.38e-01  -4.9 3.85e-01    -  1.00e+00 1.00e+00h  1
 406  2.7656263e+01 1.88e-01 4.88e-01  -4.9 2.52e-01    -  2.29e-01 1.00e+00h  1
 407  2.7641091e+01 8.27e-01 1.21e-01  -5.0 5.63e-01    -  1.00e+00 1.00e+00h  1
 408  2.7648349e+01 3.96e+00 1.91e-01  -4.8 1.54e+00    -  3.75e-01 1.92e-01h  2
 409  2.7628165e+01 2.06e+00 7.45e-01  -5.0 1.57e+00    -  9.45e-01 6.31e-01h  1
iter    objective    inf_pr   inf_du lg(mu)  ||d||  lg(rg) alpha_du alpha_pr  ls
 410  2.7632771e+01 2.62e+00 1.76e+00  -4.8 3.75e+00    -  7.67e-01 1.19e-01h  1
 411  2.7629896e+01 2.21e+00 4.48e-01  -4.9 1.02e+00    -  4.60e-01 1.00e+00h  1
 412  2.7651642e+01 6.04e+00 3.83e-01  -4.8 2.34e+00    -  5.41e-01 1.00e+00H  1
 413  2.7621468e+01 2.16e+00 3.67e-01  -4.9 8.11e-01    -  3.19e-01 7.57e-01h  1
 414  2.7619355e+01 8.99e-01 2.35e-01  -4.9 8.36e-01    -  5.79e-01 6.89e-01h  1
 415  2.7610447e+01 9.67e-01 1.01e-01  -4.9 8.56e-01    -  1.00e+00 1.00e+00h  1
 416  2.7686898e+01 1.13e+01 1.00e+00  -4.7 2.40e+00    -  5.83e-01 7.41e-01h  1
 417  2.7648622e+01 5.49e+00 4.66e-01  -4.9 3.84e+00    -  7.44e-01 5.39e-01h  1
 418  2.7641636e+01 1.10e+01 5.71e-01  -4.9 5.28e+00    -  1.82e-01 4.22e-01H  1
 419  2.7608138e+01 3.13e+00 4.82e-01  -4.9 1.64e+00    -  1.00e+00 7.23e-01h  1
iter    objective    inf_pr   inf_du lg(mu)  ||d||  lg(rg) alpha_du alpha_pr  ls
 420  2.7599013e+01 8.33e-01 6.35e-01  -4.9 9.42e-01    -  3.37e-01 9.80e-01h  1
 421  2.7604487e+01 1.05e+00 2.40e-01  -4.9 6.02e-01    -  6.50e-01 7.30e-01H  1
 422  2.7607324e+01 4.30e-01 1.56e-01  -4.9 5.06e-01    -  2.68e-01 1.00e+00h  1
 423  2.7580183e+01 2.92e+00 2.02e-01  -5.0 1.14e+00    -  1.00e+00 1.00e+00h  1
 424  2.7593475e+01 7.02e+00 2.53e-01  -4.8 2.10e+00    -  2.25e-01 2.40e-01h  2
 425  2.7561296e+01 3.53e+00 4.84e-01  -5.0 1.64e+00    -  4.51e-01 1.00e+00h  1
 426  2.7597543e+01 6.02e+00 1.67e+00  -4.7 3.45e+00    -  7.82e-01 4.28e-01h  1
 427  2.7650785e+01 9.37e+00 1.11e+00  -4.9 1.93e+00    -  3.57e-01 9.33e-01h  1
 428  2.7587134e+01 1.48e+00 7.29e-01  -4.9 1.46e+00    -  4.61e-01 9.98e-01h  1
 429  2.7593543e+01 2.38e-01 9.77e-02  -4.8 4.84e-01    -  6.63e-02 8.41e-01h  1
iter    objective    inf_pr   inf_du lg(mu)  ||d||  lg(rg) alpha_du alpha_pr  ls
 430  2.7565418e+01 1.47e+00 4.26e-01  -5.0 9.01e-01    -  5.39e-01 1.00e+00h  1
 431  2.7564835e+01 8.58e+00 2.23e-01  -4.9 5.33e+00    -  7.08e-01 3.51e-01h  2
 432  2.7641595e+01 7.78e+00 8.41e-01  -4.6 6.57e+00    -  6.07e-01 4.88e-01h  1
 433  2.7749684e+01 2.19e+01 7.24e-01  -4.8 6.27e+00    -  4.60e-01 8.98e-01h  1
 434  2.7598341e+01 4.26e+00 1.63e-01  -4.8 4.57e+00    -  4.01e-01 1.00e+00h  1
 435  2.7614008e+01 1.83e+00 2.48e-01  -4.8 9.69e-01    -  9.47e-01 1.00e+00h  1
 436  2.7593671e+01 2.38e+00 4.63e-02  -4.8 7.69e-01    -  1.00e+00 1.00e+00h  1
 437  2.7593771e+01 4.76e-02 2.12e-02  -4.8 2.42e-01    -  1.00e+00 1.00e+00h  1
 438  2.7556534e+01 5.31e+00 3.61e-01  -5.0 1.19e+00    -  9.93e-01 1.00e+00h  1
 439  2.7558365e+01 3.85e+00 6.96e-01  -5.0 4.74e+00    -  2.47e-01 4.28e-01H  1
iter    objective    inf_pr   inf_du lg(mu)  ||d||  lg(rg) alpha_du alpha_pr  ls
 440  2.7611687e+01 4.93e+00 6.43e-01  -4.7 3.60e+00    -  8.52e-01 6.24e-01h  1
 441  2.7632209e+01 1.35e+01 5.11e-01  -4.8 2.17e+01    -  1.76e-01 1.62e-01h  1
 442  2.7591297e+01 1.98e+00 1.12e-01  -4.8 1.95e+00    -  9.67e-01 1.00e+00h  1
 443  2.7586872e+01 6.92e-01 9.86e-02  -4.8 5.21e-01    -  3.33e-01 7.01e-01h  1
 444  2.7637882e+01 4.10e+00 2.75e+00  -4.1 1.66e+01    -  2.32e-01 8.82e-02f  1
 445  2.7652126e+01 9.12e+00 2.10e+00  -4.6 3.63e+00    -  2.36e-01 1.33e-01h  3
 446  2.7688646e+01 5.10e+00 3.28e-01  -4.6 1.09e+00    -  8.02e-01 1.00e+00h  1
 447  2.7719910e+01 2.70e+00 4.87e-01  -4.6 1.72e+00    -  3.20e-01 4.51e-01H  1
 448  2.7699157e+01 4.10e+00 1.41e-01  -4.6 5.30e-01    -  1.00e+00 1.00e+00h  1
 449  2.7697362e+01 5.75e-01 5.17e-02  -4.6 2.75e-01    -  7.94e-01 1.00e+00h  1
iter    objective    inf_pr   inf_du lg(mu)  ||d||  lg(rg) alpha_du alpha_pr  ls
 450  2.7702357e+01 1.98e-02 3.90e-02  -4.6 2.48e-01    -  1.00e+00 1.00e+00h  1
 451  2.7715070e+01 3.71e+00 7.10e-02  -4.6 1.53e+00    -  1.00e+00 5.00e-01h  2
 452  2.7732599e+01 5.29e+00 3.01e-01  -4.6 3.31e+00    -  7.54e-01 5.00e-01h  2
 453  2.7742284e+01 4.63e+00 3.83e-01  -4.6 4.51e+00    -  7.31e-01 2.50e-01h  3
 454  2.7743525e+01 3.58e+00 3.64e-01  -4.6 3.05e+00    -  1.00e+00 2.50e-01h  3
 455  2.7742308e+01 7.85e+00 1.85e-01  -4.6 1.14e+00    -  1.00e+00 5.00e-01h  2
 456  2.7743743e+01 2.56e-01 9.37e-02  -4.6 4.64e-01    -  1.00e+00 1.00e+00h  1
 457  2.7749949e+01 9.83e-02 4.48e-02  -4.6 5.14e-01    -  1.00e+00 1.00e+00h  1
 458  2.7754802e+01 6.29e+00 2.31e-01  -4.6 4.70e+00    -  1.00e+00 1.25e-01h  4
 459  2.7767290e+01 4.85e+00 2.33e-01  -4.6 1.84e+00    -  1.00e+00 1.00e+00h  1
iter    objective    inf_pr   inf_du lg(mu)  ||d||  lg(rg) alpha_du alpha_pr  ls
 460  2.7770593e+01 4.38e+00 8.49e-01  -4.6 8.32e+00    -  1.00e+00 1.03e-01h  4
 461  2.7776729e+01 2.30e+00 2.37e-01  -4.6 2.00e+00    -  1.00e+00 5.00e-01h  2
 462  2.7785761e+01 1.15e+00 2.05e-01  -4.6 1.17e+00    -  1.00e+00 1.00e+00h  1
 463  2.7821341e+01 1.30e-01 2.33e-01  -4.6 1.78e+00    -  1.00e+00 1.00e+00H  1
 464  2.7792621e+01 2.98e+00 1.03e-01  -4.6 7.79e-01    -  1.00e+00 9.33e-01h  1
 465  2.7796340e+01 7.34e+00 1.01e-01  -4.6 1.32e+00    -  1.00e+00 1.00e+00h  1
 466  2.7796899e+01 3.71e+00 1.49e-01  -4.6 1.04e+00    -  1.00e+00 5.00e-01h  2
 467  2.7798502e+01 1.31e+00 5.45e-02  -4.6 3.38e-01    -  1.00e+00 1.00e+00h  1
 468  2.7798602e+01 4.77e+00 3.41e-02  -4.6 2.04e-01    -  1.00e+00 1.00e+00h  1
 469  2.7798973e+01 2.46e+00 2.67e-02  -4.6 3.35e-01    -  1.00e+00 1.00e+00h  1
iter    objective    inf_pr   inf_du lg(mu)  ||d||  lg(rg) alpha_du alpha_pr  ls
 470  2.7799844e+01 4.41e-01 2.18e-02  -4.6 2.97e-01    -  1.00e+00 1.00e+00h  1
 471  2.7804019e+01 7.00e+00 6.94e-02  -4.6 1.11e+00    -  1.00e+00 1.00e+00h  1
 472  2.7806116e+01 5.27e+00 1.52e-01  -4.6 3.35e+00    -  1.00e+00 2.50e-01h  3
 473  2.7807084e+01 4.62e+00 1.97e-01  -4.6 4.72e+00    -  1.00e+00 1.25e-01h  4
 474  2.7807203e+01 4.91e+00 2.42e-01  -4.6 1.57e+00    -  1.00e+00 2.50e-01h  3
 475  2.7811984e+01 5.32e+00 9.70e-02  -4.6 1.33e+00    -  1.00e+00 1.00e+00H  1
 476  2.7847773e+01 3.41e-01 1.89e-01  -4.6 2.69e+00    -  1.00e+00 1.00e+00H  1
 477  2.7813420e+01 3.31e+00 1.03e-01  -4.6 9.85e-01    -  1.00e+00 1.00e+00h  1
 478  2.7812744e+01 1.26e+00 6.10e-02  -4.6 4.83e-01    -  9.55e-01 1.00e+00h  1
 479  2.7809838e+01 5.83e-01 2.05e-02  -4.6 1.79e-01    -  1.00e+00 1.00e+00h  1
iter    objective    inf_pr   inf_du lg(mu)  ||d||  lg(rg) alpha_du alpha_pr  ls
 480  2.7809801e+01 4.80e-01 1.73e-02  -4.6 1.52e-01    -  1.00e+00 1.00e+00h  1
 481  2.7810673e+01 1.01e+01 1.73e-01  -4.6 4.40e+00    -  9.02e-01 5.00e-01h  2
 482  2.7811794e+01 5.05e+00 2.38e-01  -4.6 2.52e+00    -  1.00e+00 5.00e-01h  2
 483  2.7809506e+01 4.42e+00 1.68e-01  -4.6 9.99e-01    -  1.00e+00 5.00e-01h  2
 484  2.7808571e+01 3.16e+00 3.02e-02  -4.6 7.17e-01    -  1.00e+00 1.00e+00h  1
 485  2.7809659e+01 1.86e+00 3.50e-02  -4.6 2.73e-01    -  1.00e+00 1.00e+00h  1
 486  2.7808151e+01 7.09e-01 1.47e-02  -4.6 4.13e-01    -  1.00e+00 1.00e+00h  1
 487  2.7808233e+01 4.24e+00 3.82e-02  -4.6 2.54e-01    -  1.00e+00 1.00e+00h  1
 488  2.7807775e+01 4.32e-01 3.16e-02  -4.6 2.52e-01    -  1.00e+00 1.00e+00h  1
 489  2.7808258e+01 1.96e-01 3.67e-02  -4.6 4.36e-01    -  1.00e+00 1.00e+00H  1
iter    objective    inf_pr   inf_du lg(mu)  ||d||  lg(rg) alpha_du alpha_pr  ls
 490  2.7807333e+01 2.35e-02 3.36e-02  -4.6 1.20e-01    -  1.00e+00 1.00e+00h  1
 491  2.7792167e+01 6.60e-01 3.47e-01  -5.0 3.21e-01    -  1.00e+00 6.73e-01h  1
 492  2.7758766e+01 3.77e+00 2.25e+00  -5.1 2.89e+00    -  7.89e-01 3.72e-01h  1
 493  2.7719428e+01 7.39e+00 1.38e+00  -5.1 6.00e+00    -  5.72e-01 3.28e-01h  1
 494  2.7690399e+01 9.51e+00 1.38e+00  -5.1 4.09e+00    -  6.41e-01 4.55e-01h  1
 495  2.7674312e+01 5.50e+00 1.57e+00  -5.1 2.62e+00    -  6.34e-01 5.24e-01h  1
 496  2.7678093e+01 1.59e+01 5.51e-01  -5.1 1.37e+00    -  4.11e-01 1.00e+00h  1
 497  2.7649615e+01 1.93e+00 3.24e-01  -5.1 5.64e-01    -  9.57e-01 1.00e+00h  1
 498  2.7640356e+01 2.26e+00 1.07e-01  -5.1 5.02e-01    -  1.00e+00 1.00e+00h  1
 499  2.7629532e+01 5.21e-01 3.00e-01  -5.1 8.97e-01    -  1.00e+00 1.00e+00h  1
iter    objective    inf_pr   inf_du lg(mu)  ||d||  lg(rg) alpha_du alpha_pr  ls
 500  2.7611293e+01 1.05e+01 8.01e-01  -5.1 3.91e+00    -  8.29e-01 4.89e-01h  1
 501  2.7603317e+01 8.92e+00 8.67e-01  -5.1 5.84e+00    -  7.33e-01 2.01e-01h  2
 502  2.7597227e+01 1.32e+01 9.08e-01  -5.1 1.33e+00    -  7.23e-01 5.00e-01h  2
 503  2.7583636e+01 1.95e+00 1.02e+00  -5.1 6.68e-01    -  4.02e-01 1.00e+00h  1
 504  2.7567594e+01 2.20e-01 1.34e-01  -5.1 8.39e-01    -  1.00e+00 1.00e+00h  1
 505  2.7560554e+01 2.00e+00 1.35e+00  -5.1 1.94e+00    -  7.58e-01 2.32e-01h  3
 506  2.7538376e+01 8.93e+00 3.24e-01  -5.1 1.83e+00    -  1.00e+00 1.00e+00h  1
 507  2.7547009e+01 6.79e+00 9.57e-01  -4.9 4.32e+00    -  4.89e-01 3.30e-01h  2
 508  2.7556705e+01 2.58e+01 8.39e-01  -5.1 2.71e+00    -  7.82e-01 9.39e-01H  1
 509  2.7513519e+01 1.28e+01 2.60e-01  -5.1 2.02e+00    -  2.76e-01 5.01e-01h  1
iter    objective    inf_pr   inf_du lg(mu)  ||d||  lg(rg) alpha_du alpha_pr  ls
 510  2.7553127e+01 8.07e+00 2.28e+00  -4.8 2.99e+00    -  5.20e-02 6.75e-01h  1
 511  2.7529892e+01 6.60e+00 1.60e+00  -5.1 4.51e+00    -  6.30e-01 1.82e-01h  1
 512  2.7495802e+01 8.82e+00 1.16e+00  -5.1 9.31e+00    -  4.35e-01 2.54e-01h  1
 513  2.7555180e+01 6.65e+00 3.01e-01  -4.7 5.59e+00    -  5.65e-01 3.50e-01h  1
 514  2.7531055e+01 1.27e+01 6.34e-01  -5.0 5.49e+00    -  7.79e-01 4.87e-01h  1
 515  2.7500192e+01 5.14e+00 3.01e-01  -5.0 3.01e+00    -  3.29e-01 5.83e-01h  1
 516  2.7506353e+01 9.22e+00 5.85e-01  -5.0 1.20e+00    -  7.72e-01 1.00e+00h  1
 517  2.7489336e+01 1.59e+00 3.88e-01  -5.0 9.66e-01    -  8.37e-01 1.00e+00h  1
 518  2.7484148e+01 6.36e-01 3.15e-01  -5.0 8.97e-01    -  5.95e-01 8.74e-01h  1
 519  2.7458698e+01 3.96e+00 2.15e-01  -5.1 9.94e-01    -  1.00e+00 1.00e+00h  1
iter    objective    inf_pr   inf_du lg(mu)  ||d||  lg(rg) alpha_du alpha_pr  ls
 520  2.7546783e+01 8.10e+00 5.91e-01  -4.8 2.74e+00    -  9.88e-01 1.00e+00h  1
 521  2.7539870e+01 5.89e+00 9.04e-01  -4.9 5.62e+00    -  8.20e-01 2.73e-01h  1
 522  2.7486276e+01 1.73e+00 8.23e-02  -4.9 1.49e+00    -  1.00e+00 8.98e-01h  1
 523  2.7479931e+01 3.75e+00 3.26e-01  -4.9 1.88e+00    -  5.69e-01 2.25e-01h  3
 524  2.7478025e+01 2.72e+00 4.28e-02  -4.9 6.87e-01    -  1.00e+00 1.00e+00h  1
 525  2.7480066e+01 1.58e+00 1.29e-01  -4.9 7.45e-01    -  1.00e+00 9.23e-01h  1
 526  2.7444556e+01 4.47e+00 1.47e+00  -5.1 1.17e+00    -  5.01e-02 9.98e-01h  1
 527  2.7444813e+01 4.16e+00 1.19e+00  -5.0 9.64e+00    -  3.83e-01 7.51e-02h  4
 528  2.7471430e+01 4.35e+00 1.19e-01  -5.0 1.52e+00    -  4.51e-01 1.00e+00h  1
 529  2.7576015e+01 1.19e+01 6.49e-01  -4.7 7.57e+00    -  6.10e-01 4.72e-01h  1
iter    objective    inf_pr   inf_du lg(mu)  ||d||  lg(rg) alpha_du alpha_pr  ls
 530  2.7697916e+01 1.36e+01 6.90e-01  -4.9 7.35e+00    -  6.52e-01 4.54e-01h  1
 531  2.7511739e+01 5.49e+00 3.22e-01  -4.9 3.61e+00    -  3.63e-01 7.78e-01h  1
 532  2.7506556e+01 1.17e+01 1.23e-01  -4.9 8.33e-01    -  1.00e+00 8.19e-01h  1
 533  2.7499482e+01 1.76e+00 1.57e-01  -4.9 3.63e-01    -  4.37e-02 1.00e+00h  1
 534  2.7486194e+01 1.85e-01 5.78e-02  -4.9 3.92e-01    -  9.96e-01 1.00e+00h  1
 535  2.7481549e+01 2.22e+00 1.89e-01  -4.9 1.01e+00    -  1.00e+00 4.39e-01h  2
 536  2.7458506e+01 5.01e-01 2.90e-01  -5.0 7.91e-01    -  1.00e+00 1.00e+00h  1
 537  2.7448754e+01 6.60e-01 5.05e-01  -5.0 5.31e+00    -  1.00e+00 1.84e-01h  3
 538  2.7457463e+01 9.43e+00 6.62e-01  -5.0 4.65e+00    -  6.30e-01 1.00e+00H  1
 539  2.7459932e+01 1.66e-01 5.57e-01  -5.0 1.57e+00    -  8.97e-01 1.00e+00H  1
iter    objective    inf_pr   inf_du lg(mu)  ||d||  lg(rg) alpha_du alpha_pr  ls
 540  2.7426218e+01 8.12e-01 1.17e-01  -5.0 1.96e+00    -  3.60e-01 8.33e-01h  1
 541  2.7414849e+01 5.68e-01 7.00e-02  -5.0 6.96e-01    -  1.00e+00 1.00e+00h  1
 542  2.7411332e+01 1.51e+00 1.52e-01  -5.0 1.25e+00    -  7.91e-01 9.95e-01h  1
 543  2.7522899e+01 3.51e+01 1.61e+00  -4.8 5.72e+00    -  1.99e-02 8.48e-01h  1
 544  2.7470052e+01 2.68e+01 1.17e+00  -5.1 1.73e+01    -  2.08e-01 2.84e-01h  1
 545  2.7441350e+01 2.49e+01 8.83e-01  -5.1 2.83e+01    -  2.32e-01 8.59e-02h  2
 546  2.7390118e+01 1.91e+01 5.83e-01  -5.1 1.51e+01    -  4.26e-01 2.50e-01h  1
 547  2.7592832e+01 2.57e+01 8.50e-01  -4.8 6.20e+00    -  1.08e-01 3.34e-01h  1
 548  2.7509785e+01 2.04e+01 5.58e-01  -5.2 4.24e+00    -  1.37e-01 2.08e-01h  1
 549  2.7478398e+01 1.86e+01 5.28e-01  -5.2 2.81e+00    -  1.52e-01 8.91e-02h  1
iter    objective    inf_pr   inf_du lg(mu)  ||d||  lg(rg) alpha_du alpha_pr  ls
 550  2.7427317e+01 1.44e+01 3.74e-01  -5.2 3.93e+00    -  4.12e-03 2.32e-01h  1
 551  2.7393334e+01 1.06e+01 2.97e-01  -5.2 5.40e+00    -  1.65e-01 2.62e-01h  1
 552  2.7448230e+01 1.41e+01 9.37e-01  -4.8 4.55e+00    -  1.12e-01 5.57e-01h  1
 553  2.7394519e+01 8.84e+00 5.55e-01  -5.1 3.63e+00    -  6.50e-01 3.97e-01h  1
 554  2.7357091e+01 1.44e+01 8.39e-01  -5.1 6.84e+00    -  1.68e-01 4.39e-01h  1
 555  2.7464662e+01 2.77e+00 1.40e+00  -4.9 4.27e+00    -  1.48e-01 7.73e-01H  1
 556  2.7421527e+01 2.82e+00 1.42e+00  -5.2 5.92e+00    -  5.01e-01 2.37e-01h  1
 557  2.7361964e+01 5.08e+00 9.81e-01  -5.2 6.95e+00    -  3.42e-01 3.14e-01h  1
 558  2.7390774e+01 4.13e+00 7.37e-01  -4.9 3.17e+00    -  2.74e-01 3.20e-01h  2
 559  2.7358025e+01 2.94e+00 4.91e-01  -5.1 4.21e+00    -  2.70e-01 3.58e-01h  1
iter    objective    inf_pr   inf_du lg(mu)  ||d||  lg(rg) alpha_du alpha_pr  ls
 560  2.7376568e+01 1.01e+01 6.69e-01  -4.8 7.82e+00    -  1.98e-01 1.12e-01f  3
 561  2.7360952e+01 8.15e+00 7.35e-01  -5.1 3.82e+00    -  7.86e-01 2.02e-01h  1
 562  2.7344374e+01 8.37e+00 2.84e-01  -5.1 6.25e+00    -  1.00e+00 2.71e-01h  2
 563  2.7410472e+01 6.51e+00 8.66e-01  -4.8 6.15e+00    -  3.51e-01 4.20e-01h  2
 564  2.7399176e+01 6.23e+00 6.73e-01  -5.1 1.56e+01    -  4.81e-01 7.81e-02h  3
 565  2.7347213e+01 1.16e+01 6.35e-01  -5.1 5.07e+00    -  1.00e+00 8.04e-01h  1
 566  2.7399347e+01 1.06e+01 5.90e-01  -5.1 5.53e+00    -  5.52e-01 3.75e-01h  1
 567  2.7331626e+01 4.09e+00 3.36e-01  -5.1 1.93e+00    -  2.90e-01 6.41e-01h  1
 568  2.7307809e+01 1.46e+00 3.18e-01  -5.2 1.13e+00    -  3.31e-01 6.34e-01h  1
 569  2.7379127e+01 9.41e-01 4.03e-01  -5.1 1.08e+00    -  1.00e-02 1.00e+00H  1
iter    objective    inf_pr   inf_du lg(mu)  ||d||  lg(rg) alpha_du alpha_pr  ls
 570  2.7297895e+01 3.68e+00 1.98e-01  -5.2 1.07e+00    -  1.00e+00 1.00e+00h  1
 571  2.7280064e+01 1.71e+00 1.08e+00  -5.5 1.93e+00    -  1.04e-01 5.86e-01h  1
 572  2.7278621e+01 6.33e+00 3.26e-01  -5.2 2.07e+00    -  9.15e-01 1.00e+00h  1
 573  2.7278822e+01 5.89e+00 6.20e-01  -5.2 4.07e+00    -  3.21e-01 8.02e-01H  1
 574  2.7266510e+01 3.61e+00 2.46e-01  -5.2 2.28e+00    -  7.14e-01 7.71e-01H  1
 575  2.7235016e+01 6.11e+00 1.05e+00  -5.4 1.81e+00    -  1.10e-01 5.82e-01h  1
 576  2.7215176e+01 4.26e+00 8.83e-01  -5.6 2.36e+00    -  3.39e-01 4.29e-01h  1
 577  2.7214502e+01 2.28e+00 4.58e-01  -5.3 1.83e+00    -  3.35e-01 4.76e-01h  1
 578  2.7195548e+01 3.97e-01 8.52e-01  -5.6 1.13e+00    -  2.34e-01 1.00e+00h  1
 579  2.7234599e+01 3.74e+00 1.04e+00  -5.0 2.48e+00    -  2.21e-01 5.98e-01h  1
iter    objective    inf_pr   inf_du lg(mu)  ||d||  lg(rg) alpha_du alpha_pr  ls
 580  2.7218439e+01 5.15e+00 6.24e-01  -5.4 3.38e+00    -  3.12e-02 5.41e-01h  1
 581  2.7204866e+01 4.49e+00 8.12e-01  -5.4 5.56e+00    -  6.55e-01 1.37e-01h  1
 582  2.7191903e+01 5.49e+00 7.26e-01  -5.4 1.03e+01    -  2.67e-01 9.20e-02h  2
 583  2.7179244e+01 3.42e+00 5.64e-01  -5.6 6.23e+00    -  4.91e-01 4.00e-01h  1
 584  2.7189668e+01 2.78e+00 2.04e-01  -5.2 2.40e+00    -  4.22e-01 2.63e-01h  2
 585  2.7173101e+01 1.36e+00 4.32e-01  -5.4 5.04e-01    -  3.32e-01 5.36e-01h  1
 586  2.7220103e+01 2.64e+00 1.31e+00  -5.1 3.68e+00    -  1.28e-01 1.00e+00f  1
 587  2.7214130e+01 3.18e+00 1.11e+00  -5.4 1.46e+01    -  2.46e-01 5.62e-02h  3
 588  2.7173402e+01 3.90e+00 5.48e-01  -5.4 9.10e+00    -  6.53e-01 4.66e-01h  1
 589  2.7166537e+01 7.18e+00 5.64e-01  -5.4 2.63e+01    -  9.31e-02 3.13e-02h  3
iter    objective    inf_pr   inf_du lg(mu)  ||d||  lg(rg) alpha_du alpha_pr  ls
 590  2.7185419e+01 4.86e+00 4.04e-01  -5.1 3.80e+00    -  1.67e-01 3.39e-01h  1
 591  2.7182890e+01 4.76e+00 3.64e-01  -5.4 9.32e+00    -  7.75e-01 2.17e-02h  1
 592  2.7172186e+01 3.17e+01 3.31e-01  -5.4 8.52e+00    -  2.19e-01 1.67e-01h  2
 593  2.7157049e+01 2.59e+01 3.37e-01  -5.4 8.93e+00    -  5.89e-02 1.82e-01h  1
 594  2.7157061e+01 2.36e+01 3.76e-01  -5.1 1.17e+01    -  4.91e-02 8.86e-02h  3
 595  2.7195630e+01 1.11e+01 5.97e-01  -5.1 3.83e+00    -  9.73e-02 5.45e-01h  1
 596  2.7183485e+01 1.03e+01 5.66e-01  -5.4 1.05e+01    -  1.66e-02 7.82e-02h  1
 597  2.7166049e+01 1.47e+01 5.25e-01  -5.4 1.41e+01    -  1.14e-01 1.49e-01f  1
 598  2.7150111e+01 1.25e+01 4.06e-01  -5.4 1.22e+01    -  2.72e-01 1.51e-01h  2
 599  2.7174048e+01 1.04e+01 4.67e-01  -5.1 5.17e+00    -  3.47e-01 2.80e-01h  1
iter    objective    inf_pr   inf_du lg(mu)  ||d||  lg(rg) alpha_du alpha_pr  ls
 600  2.7145404e+01 1.43e+01 4.83e-01  -5.3 3.90e+00    -  3.55e-02 4.69e-01h  1
 601  2.7119653e+01 1.09e+01 5.09e-01  -5.6 6.90e+00    -  1.17e-01 2.31e-01h  1
 602  2.7184617e+01 8.78e+00 4.55e-01  -4.9 1.55e+01    -  1.79e-02 2.93e-01h  1
 603  2.7196723e+01 8.41e+00 5.72e-01  -5.4 2.87e+00  -4.0 2.72e-01 4.41e-02h  1
 604  2.7120105e+01 2.99e+00 9.14e-01  -5.4 3.47e+00    -  1.41e-01 1.00e+00h  1
 605  2.7111736e+01 2.73e+00 8.25e-01  -5.5 1.02e+01    -  1.07e-01 8.51e-02h  2
 606  2.7108385e+01 2.35e+00 5.23e-01  -5.3 1.16e+00    -  9.40e-01 1.42e-01h  1
 607  2.7106036e+01 2.56e-01 3.36e-01  -5.3 3.07e-01    -  2.46e-02 1.00e+00h  1
 608  2.7092480e+01 4.73e-01 6.68e-02  -5.4 8.78e-01    -  1.00e+00 1.00e+00h  1
 609  2.7111598e+01 7.40e+00 2.27e-01  -5.1 1.28e+01    -  2.59e-01 8.57e-02h  3
iter    objective    inf_pr   inf_du lg(mu)  ||d||  lg(rg) alpha_du alpha_pr  ls
 610  2.7090383e+01 6.31e+00 2.96e-01  -5.4 4.99e+00    -  5.60e-01 4.69e-01h  1
 611  2.7101629e+01 6.82e+00 3.67e-01  -5.1 1.34e+01    -  1.33e-01 8.31e-02h  3
 612  2.7079478e+01 8.88e+00 3.73e-01  -5.4 3.54e+00    -  5.35e-01 4.80e-01h  1
 613  2.7127671e+01 7.56e+00 3.45e-01  -5.1 8.89e+00    -  8.92e-02 2.57e-01h  2
 614  2.7111727e+01 6.54e+00 3.18e-01  -5.4 4.29e+00    -  2.64e-01 1.33e-01h  1
 615  2.7083407e+01 4.39e+00 2.55e-01  -5.4 3.15e+00    -  5.75e-01 3.62e-01h  1
 616  2.7118607e+01 3.80e+00 4.74e-01  -5.1 7.48e+00    -  7.49e-02 3.20e-01h  2
 617  2.7113767e+01 3.75e+00 3.57e-01  -5.5 4.67e+00    -  2.98e-01 1.65e-01h  1
 618  2.7080784e+01 2.71e+00 2.40e-01  -5.5 3.84e+00    -  4.82e-01 3.59e-01h  1
 619  2.7070489e+01 3.70e+00 4.82e-01  -5.5 1.18e+01    -  1.91e-01 3.46e-02h  3
iter    objective    inf_pr   inf_du lg(mu)  ||d||  lg(rg) alpha_du alpha_pr  ls
 620  2.7135402e+01 3.98e+00 5.92e-01  -5.2 3.54e+00    -  5.23e-01 9.22e-01H  1
 621  2.7129193e+01 3.86e+00 6.14e-01  -5.4 3.90e+00    -  1.93e-02 6.91e-02h  4
 622  2.7075338e+01 3.58e+00 4.45e-01  -5.4 3.07e+00    -  8.47e-02 1.00e+00h  1
 623  2.7097933e+01 3.25e+00 4.17e-01  -5.0 1.26e+01    -  2.56e-01 9.99e-02h  3
 624  2.7168388e+01 2.96e+01 6.39e-01  -5.3 2.28e+00    -  8.60e-01 6.88e-01h  1
 625  2.7083587e+01 4.65e+00 5.16e-01  -5.3 1.45e+00    -  2.22e-02 1.00e+00h  1
 626  2.7050264e+01 3.92e+00 6.34e-01  -5.6 2.55e+00    -  4.16e-01 9.23e-01h  1
 627  2.7062384e+01 3.92e+00 4.02e-01  -5.1 1.51e+01    -  3.19e-01 4.56e-02h  3
 628  2.7061558e+01 3.60e+00 2.05e-01  -5.4 1.14e+00    -  1.00e+00 1.00e+00h  1
 629  2.7053877e+01 1.95e+00 1.78e-01  -5.4 6.71e-01    -  2.84e-01 4.70e-01h  1
iter    objective    inf_pr   inf_du lg(mu)  ||d||  lg(rg) alpha_du alpha_pr  ls
 630  2.7035320e+01 4.11e+00 5.25e-01  -5.5 1.15e+00    -  2.69e-02 1.00e+00h  1
 631  2.7055255e+01 3.15e+00 3.24e-01  -5.4 4.15e+00    -  3.68e-01 2.50e-01h  2
 632  2.7030288e+01 2.90e-01 1.04e-01  -5.5 9.64e-01    -  1.00e+00 1.00e+00h  1
 633  2.7028597e+01 3.09e+00 3.60e-01  -5.7 1.22e+00    -  3.55e-01 9.87e-01H  1
 634  2.7018202e+01 1.65e+00 1.70e-01  -5.6 2.96e+00    -  6.10e-01 4.79e-01h  1
 635  2.7010703e+01 1.48e+00 8.68e-02  -5.6 3.97e+00    -  3.79e-01 3.00e-01h  2
 636  2.7041908e+01 4.77e+00 3.87e-01  -5.3 2.54e+00    -  3.90e-01 6.92e-01h  1
 637  2.7039199e+01 4.35e+00 3.64e-01  -5.6 1.39e+01    -  7.78e-02 7.27e-02h  2
 638  2.7030756e+01 3.53e+00 2.73e-01  -5.6 2.11e+00    -  2.68e-01 1.89e-01h  1
 639  2.7025050e+01 3.18e+00 3.64e-01  -5.6 6.09e+00    -  1.64e-03 8.89e-02h  2
iter    objective    inf_pr   inf_du lg(mu)  ||d||  lg(rg) alpha_du alpha_pr  ls
 640  2.7012003e+01 5.65e+00 5.27e-01  -5.6 1.10e+01    -  1.05e-02 1.78e-01h  1
 641  2.7009210e+01 4.63e+00 3.36e-01  -5.6 1.05e+01    -  2.83e-01 1.84e-01h  1
 642  2.7051079e+01 3.14e+00 3.45e-01  -5.3 6.52e+00    -  2.48e-01 4.33e-01f  1
 643  2.7051028e+01 2.99e+00 3.13e-01  -5.5 5.35e+01    -  1.07e-01 4.13e-02h  1
 644  2.7045536e+01 2.79e+00 2.68e-01  -5.5 4.01e+00    -  5.95e-01 6.74e-02h  1
 645  2.7040691e+01 3.93e+00 2.39e-01  -5.5 1.35e+01    -  4.31e-02 3.33e-02h  3
 646  2.7021051e+01 2.69e+00 1.91e-01  -5.5 2.97e+00    -  5.28e-01 3.27e-01h  1
 647  2.7019111e+01 3.13e+00 2.65e-01  -5.5 9.89e+00    -  2.26e-01 4.65e-02h  3
 648  2.7005830e+01 2.27e+00 5.86e-01  -5.5 2.41e+00    -  1.00e+00 2.89e-01h  1
 649  2.7033132e+01 4.58e+00 6.00e-01  -5.2 1.01e+01    -  9.31e-03 1.42e-01h  2
iter    objective    inf_pr   inf_du lg(mu)  ||d||  lg(rg) alpha_du alpha_pr  ls
 650  2.7026915e+01 4.34e+00 5.81e-01  -5.6 5.08e+00    -  2.04e-02 5.80e-02h  3
 651  2.7009008e+01 2.38e+00 5.42e-01  -5.6 4.05e+00    -  1.16e-01 4.93e-01H  1
 652  2.7057077e+01 5.03e+00 5.25e-01  -4.7 5.94e+01    -  4.67e-02 5.05e-02f  1
 653  2.7062000e+01 4.97e+00 5.10e-01  -5.5 2.56e+01    -  5.03e-02 1.94e-02h  4
 654  2.6991719e+01 2.45e+00 1.92e-01  -5.5 2.79e+00    -  1.00e+00 1.00e+00h  1
 655  2.6987047e+01 5.55e+00 2.36e-01  -6.2 1.41e+01    -  6.93e-02 4.82e-02h  3
 656  2.7014203e+01 1.67e+00 1.78e-01  -5.6 1.72e+00    -  5.52e-01 6.75e-01h  1
 657  2.6970011e+01 8.60e-01 1.51e-01  -5.7 1.36e+00    -  1.90e-02 5.49e-01h  1
 658  2.6966593e+01 3.88e+00 2.48e-01  -5.8 2.42e+00    -  9.38e-02 2.56e-01H  1
 659  2.7038541e+01 1.06e+01 4.18e-01  -5.3 4.28e+00    -  7.47e-02 9.06e-01h  1
iter    objective    inf_pr   inf_du lg(mu)  ||d||  lg(rg) alpha_du alpha_pr  ls
 660  2.7188452e+01 1.60e+01 4.00e-01  -5.7 8.10e+00    -  5.56e-02 1.45e-01H  1
 661  2.7045505e+01 9.18e+00 2.77e-01  -5.7 2.82e+00    -  9.36e-02 4.24e-01h  1
 662  2.7028772e+01 8.20e+00 2.02e-01  -5.7 3.59e+00    -  1.21e-01 1.16e-01h  1
 663  2.6972261e+01 5.61e+00 1.69e-01  -5.7 3.46e+00    -  2.69e-04 4.64e-01h  1
 664  2.6962550e+01 5.35e+00 1.30e-01  -5.7 6.82e+00    -  5.08e-02 4.94e-02h  1
 665  2.6961312e+01 7.72e-01 1.32e-01  -5.6 3.75e-01    -  1.00e+00 1.00e+00h  1
 666  2.6953635e+01 1.34e+00 1.10e-01  -5.9 3.98e-01    -  1.00e+00 1.00e+00h  1
 667  2.6960068e+01 4.00e+00 1.75e-01  -5.6 9.66e-01    -  6.05e-01 4.71e-01h  1
 668  2.6951115e+01 4.91e+00 1.35e-01  -5.8 2.59e+00    -  9.35e-02 5.07e-01H  1
 669  2.6962107e+01 8.53e+00 1.67e-01  -5.4 6.34e+00    -  2.04e-01 1.49e-01h  2
iter    objective    inf_pr   inf_du lg(mu)  ||d||  lg(rg) alpha_du alpha_pr  ls
 670  2.6961912e+01 6.05e+00 3.21e-01  -5.7 4.22e+00    -  4.32e-01 3.30e-01h  1
 671  2.6951949e+01 2.92e+00 1.84e-01  -5.7 1.37e+00    -  1.03e-01 5.20e-01h  1
 672  2.6944586e+01 2.92e+00 1.25e-01  -5.7 1.10e+00    -  2.18e-01 2.84e-01h  1
 673  2.6940296e+01 2.09e+00 1.89e-01  -5.7 1.64e+00    -  1.75e-01 2.92e-01h  1
 674  2.6938640e+01 7.70e-01 1.27e-01  -5.7 5.06e-01    -  2.75e-01 6.33e-01h  1
 675  2.6937384e+01 2.82e-01 4.74e-02  -5.7 2.85e-01    -  1.00e+00 8.08e-01h  1
 676  2.6935174e+01 1.51e+00 6.37e-02  -5.7 6.51e-01    -  7.82e-01 9.49e-01h  1
 677  2.6951224e+01 4.07e+00 2.69e-01  -5.3 3.26e+00    -  4.03e-01 2.94e-01h  1
 678  2.6948917e+01 8.39e+00 3.45e-01  -5.6 9.55e+00    -  3.33e-01 1.97e-01h  1
 679  2.6945746e+01 7.05e+00 4.13e-01  -5.6 6.31e+00    -  3.55e-01 1.66e-01h  2
iter    objective    inf_pr   inf_du lg(mu)  ||d||  lg(rg) alpha_du alpha_pr  ls
 680  2.6939095e+01 5.18e+00 3.90e-01  -5.6 3.16e+00    -  2.91e-01 3.52e-01h  1
 681  2.6936563e+01 3.39e+00 3.32e-01  -5.6 2.61e+00    -  2.07e-01 3.51e-01h  1
 682  2.6933349e+01 4.01e+00 1.93e-01  -5.6 5.96e-01    -  4.23e-01 6.85e-01h  1
 683  2.6935929e+01 3.83e-01 1.90e-01  -5.6 4.15e-01    -  1.62e-03 1.00e+00h  1
 684  2.6959394e+01 6.28e-01 2.66e-01  -5.2 6.17e-01    -  1.00e+00 9.38e-01h  1
 685  2.6975455e+01 1.94e+00 1.50e+00  -5.3 1.09e+00    -  3.02e-01 1.00e+00H  1
 686  2.6958134e+01 2.69e-01 1.57e-01  -5.3 7.22e-01    -  7.67e-01 1.00e+00h  1
 687  2.6956203e+01 1.41e-01 7.16e-02  -5.3 3.76e-01    -  1.00e+00 1.00e+00h  1
 688  2.6961618e+01 9.94e-01 5.07e-02  -5.3 6.90e-01    -  1.00e+00 1.00e+00h  1
 689  2.6976946e+01 5.18e+00 1.88e-01  -5.3 5.20e+00    -  5.89e-01 4.91e-01h  1
iter    objective    inf_pr   inf_du lg(mu)  ||d||  lg(rg) alpha_du alpha_pr  ls
 690  2.6985629e+01 4.66e+00 1.82e-01  -5.3 1.18e+01    -  3.94e-02 2.03e-01h  1
 691  2.6988456e+01 3.75e+00 2.31e-01  -5.3 7.84e+00    -  1.22e-01 2.48e-01h  1
 692  2.6992736e+01 2.13e+00 2.09e-01  -5.3 4.48e+00    -  4.75e-01 4.12e-01h  1
 693  2.6985125e+01 2.08e+00 1.34e-01  -5.3 8.30e-01    -  8.17e-01 8.03e-01h  1
 694  2.6982860e+01 9.32e-01 7.70e-02  -5.3 3.89e-01    -  5.97e-01 5.54e-01h  1
 695  2.6983625e+01 5.37e-02 1.75e-01  -5.3 5.58e-01    -  5.72e-03 1.00e+00h  1
 696  2.6975209e+01 3.10e+00 9.60e-02  -5.5 8.90e-01    -  1.00e+00 1.00e+00h  1
 697  2.6965661e+01 2.19e+00 1.52e-01  -5.6 4.90e+00    -  3.21e-01 3.10e-01h  2
 698  2.6960803e+01 2.03e+00 2.07e-01  -5.6 7.19e+00    -  2.69e-01 7.84e-02h  2
 699  2.6969424e+01 3.93e+00 2.19e-01  -5.6 1.13e+00    -  4.33e-01 9.21e-01H  1
iter    objective    inf_pr   inf_du lg(mu)  ||d||  lg(rg) alpha_du alpha_pr  ls
 700  2.6958445e+01 2.93e-01 2.69e-01  -5.6 1.58e+00    -  3.60e-01 1.00e+00H  1
 701  2.6975976e+01 9.33e-02 9.08e-01  -5.6 7.61e-01    -  2.09e-02 9.01e-01H  1
 702  2.6970560e+01 1.64e-01 8.03e-01  -5.3 1.42e+00    -  1.00e+00 4.74e-01f  1
 703  2.6973326e+01 5.07e-01 1.25e+00  -5.4 3.12e+00    -  4.11e-02 3.82e-01h  2
 704  2.6963813e+01 1.73e-01 5.60e-02  -5.4 6.19e-01    -  9.92e-01 1.00e+00h  1
 705  2.6971571e+01 5.76e-02 8.48e-02  -5.4 5.75e-01    -  1.00e+00 1.00e+00H  1
 706  2.6979181e+01 4.75e-01 1.22e-01  -5.1 1.24e+00    -  1.00e+00 1.00e+00h  1
 707  2.6982985e+01 3.25e-01 4.11e-01  -5.2 8.90e-01    -  6.56e-01 2.97e-01h  1
 708  2.6978620e+01 4.05e-02 2.35e-01  -5.2 9.84e-02    -  1.92e-02 1.00e+00h  1
 709  2.6980210e+01 2.36e-02 4.23e-01  -5.2 2.19e-01    -  1.41e-01 1.00e+00h  1
iter    objective    inf_pr   inf_du lg(mu)  ||d||  lg(rg) alpha_du alpha_pr  ls
 710  2.6981446e+01 2.06e-02 4.19e-02  -5.2 2.34e-01    -  1.00e+00 1.00e+00h  1
 711  2.6987440e+01 3.28e+00 9.75e-02  -5.2 7.87e-01    -  1.00e+00 1.00e+00h  1
 712  2.7003439e+01 2.56e+00 4.42e-01  -5.2 2.82e+00    -  1.00e+00 1.00e+00h  1
 713  2.7006092e+01 2.49e+00 5.58e-01  -5.2 1.50e+01    -  4.78e-01 7.54e-02h  3
 714  2.7006553e+01 2.51e+00 4.81e-01  -5.2 4.28e+00    -  2.02e-01 1.67e-01h  3
 715  2.7007298e+01 1.29e+01 1.70e-01  -5.2 2.88e+00    -  6.56e-01 5.58e-01h  1
 716  2.7014705e+01 8.06e+00 1.64e-01  -5.2 6.68e+00    -  1.63e-01 3.98e-01h  1
 717  2.7014642e+01 6.79e+00 1.60e-01  -5.2 4.43e+00    -  2.13e-01 1.61e-01h  3
 718  2.7022059e+01 1.15e+00 1.78e-01  -5.2 1.47e+00    -  3.91e-01 8.37e-01h  1
 719  2.7021798e+01 7.94e-01 3.06e-01  -5.2 1.31e+00    -  2.39e-01 5.00e-01h  2
iter    objective    inf_pr   inf_du lg(mu)  ||d||  lg(rg) alpha_du alpha_pr  ls
 720  2.7017852e+01 3.19e-01 1.46e-01  -5.2 3.87e-01    -  1.00e+00 5.97e-01h  1
 721  2.7015582e+01 6.12e-02 1.03e-01  -5.2 1.24e-01    -  1.56e-02 1.00e+00h  1
 722  2.7015318e+01 2.12e-02 2.51e-02  -5.2 1.92e-01    -  3.46e-01 1.00e+00h  1
 723  2.7005201e+01 1.76e-02 9.42e-02  -5.8 4.39e-01    -  1.00e+00 9.66e-01h  1
 724  2.6993276e+01 2.79e-01 3.19e-01  -5.9 6.36e+00    -  2.68e-01 2.29e-01h  1
 725  2.6988575e+01 2.97e-01 5.23e-01  -5.9 7.40e+00    -  3.65e-01 5.77e-02h  1
 726  2.6976755e+01 4.99e-01 7.65e-01  -5.9 4.85e+00    -  3.92e-01 1.63e-01h  1
 727  2.6961427e+01 2.29e+01 7.75e-01  -5.9 7.94e+00    -  2.74e-01 1.57e-01h  1
 728  2.6953236e+01 1.91e+01 9.22e-01  -5.9 4.71e+00    -  1.79e-01 1.71e-01h  1
 729  2.6946287e+01 1.65e+01 8.08e-01  -5.9 3.11e+00    -  1.58e-01 1.55e-01h  1
iter    objective    inf_pr   inf_du lg(mu)  ||d||  lg(rg) alpha_du alpha_pr  ls
 730  2.6934589e+01 1.32e+01 6.80e-01  -5.9 4.26e+00    -  1.61e-02 2.06e-01h  1
 731  2.6926067e+01 1.18e+01 6.81e-01  -5.9 6.87e+00    -  7.02e-02 1.11e-01h  1
 732  2.6943013e+01 1.08e+01 2.73e-01  -5.3 6.00e+00    -  7.33e-02 1.78e-01f  1
 733  2.6936671e+01 1.17e+01 2.35e-01  -5.9 6.45e+00    -  1.77e-02 9.25e-02h  1
 734  2.6932906e+01 1.10e+01 3.07e-01  -5.9 7.47e+00    -  2.38e-01 6.11e-02f  1
 735  2.6922912e+01 9.77e+00 3.02e-01  -5.9 6.90e+00    -  1.45e-01 1.25e-01h  1
 736  2.6943187e+01 6.50e+00 2.02e-01  -5.5 3.12e+00    -  2.56e-01 3.53e-01h  1
 737  2.6932313e+01 5.40e+00 1.63e-01  -5.8 2.21e+00    -  1.29e-01 1.67e-01h  1
 738  2.6927069e+01 5.31e+00 1.80e-01 -11.0 1.06e+01    -  3.39e-02 1.55e-02h  1
 739  2.6930993e+01 2.18e+00 3.36e-01  -5.5 1.57e+00    -  2.72e-01 7.43e-01f  1
iter    objective    inf_pr   inf_du lg(mu)  ||d||  lg(rg) alpha_du alpha_pr  ls
 740  2.6924850e+01 3.86e+00 3.90e-01  -5.9 2.37e+00    -  3.41e-01 1.72e-01h  2
 741  2.6917119e+01 1.14e+00 1.29e-01  -5.7 1.49e+00    -  8.96e-01 7.54e-01h  1
 742  2.6924371e+01 5.18e+00 1.07e-01  -5.5 2.71e+00    -  2.96e-01 2.17e-01h  2
 743  2.6917602e+01 1.15e+01 1.78e-01  -5.7 2.12e+00    -  1.79e-01 3.20e-01h  1
 744  2.6912047e+01 6.30e+00 3.99e-01  -5.7 6.45e-01    -  1.37e-01 4.53e-01h  1
 745  2.6917800e+01 1.15e+00 3.12e-01  -5.6 9.83e-01    -  4.68e-01 8.99e-01h  1
 746  2.6934704e+01 7.33e-01 9.87e-02  -5.4 1.47e+00    -  1.00e+00 9.97e-01h  1
 747  2.6934856e+01 2.77e+00 1.14e-01  -5.5 4.52e+00    -  5.33e-03 5.97e-02h  4
 748  2.6931732e+01 2.47e+00 8.36e-02  -5.5 1.31e-01    -  9.45e-01 1.00e+00h  1
 749  2.6927153e+01 1.91e-01 4.11e-02  -5.5 2.89e-01    -  1.00e+00 1.00e+00h  1
iter    objective    inf_pr   inf_du lg(mu)  ||d||  lg(rg) alpha_du alpha_pr  ls
 750  2.6923873e+01 8.47e-01 1.33e-01  -5.6 6.42e-01    -  1.00e+00 9.61e-01H  1
 751  2.6918024e+01 5.92e-01 2.15e-01  -5.7 1.16e+00    -  1.00e+00 5.00e-01h  2
 752  2.6906534e+01 5.42e+00 2.47e-01  -5.8 1.76e+00    -  5.25e-01 5.49e-01h  1
 753  2.6918591e+01 4.13e+00 1.58e-01  -5.3 3.12e+00    -  2.35e-01 2.83e-01h  1
 754  2.6918416e+01 4.68e+00 2.34e-01  -5.7 1.44e+00    -  1.25e-01 1.81e-01h  1
 755  2.6906617e+01 7.74e-01 1.21e+00  -5.7 4.28e-01    -  7.13e-03 1.00e+00h  1
 756  2.6910611e+01 4.81e-01 5.76e-01  -5.6 7.47e-01    -  5.17e-01 4.21e-01h  1
 757  2.6936990e+01 2.48e+00 2.41e-01  -5.2 2.92e+00    -  3.31e-01 5.68e-01h  1
 758  2.6941743e+01 2.69e+00 2.45e-01  -5.5 6.11e+00    -  1.99e-01 8.65e-02h  4
 759  2.6920992e+01 1.70e+00 1.84e-02  -5.5 7.15e-01    -  1.00e+00 1.00e+00h  1
iter    objective    inf_pr   inf_du lg(mu)  ||d||  lg(rg) alpha_du alpha_pr  ls
 760  2.6930009e+01 5.06e+00 1.22e-01  -5.5 9.10e-01    -  5.35e-01 5.92e-01H  1
 761  2.6920717e+01 5.73e-01 9.79e-02  -5.5 4.00e-01    -  1.19e-02 1.00e+00h  1
 762  2.6943319e+01 1.64e+00 8.11e-02  -5.3 3.31e+00    -  6.05e-01 4.16e-01h  1
 763  2.6943271e+01 1.64e+00 8.80e-02  -5.5 1.33e+01    -  2.05e-01 5.05e-03h  7
 764  2.6935026e+01 2.27e-01 2.70e-02  -5.5 4.89e-01    -  1.00e+00 1.00e+00h  1
 765  2.6934697e+01 3.37e+00 1.21e-01  -5.5 4.23e+00    -  3.05e-01 5.61e-02h  3
 766  2.6936074e+01 1.70e+00 1.49e-01  -5.5 2.21e-01    -  1.00e+00 5.00e-01h  2
 767  2.6937541e+01 5.03e+00 9.72e-02  -5.5 1.28e+00    -  5.74e-01 4.14e-01h  2
 768  2.6945631e+01 2.10e+00 1.46e-01  -5.5 1.89e+00    -  1.00e+00 9.42e-01H  1
 769  2.6943418e+01 4.21e-01 5.65e-02  -5.5 2.72e-01    -  9.46e-01 1.00e+00h  1
iter    objective    inf_pr   inf_du lg(mu)  ||d||  lg(rg) alpha_du alpha_pr  ls
 770  2.6938975e+01 8.25e-02 2.86e-02  -5.5 5.83e-01    -  1.00e+00 1.00e+00h  1
 771  2.6941448e+01 3.49e-01 3.97e-02  -5.5 3.69e-01    -  1.00e+00 1.00e+00h  1
 772  2.6938783e+01 1.03e-01 2.98e-02  -5.5 1.60e-01    -  1.00e+00 1.00e+00h  1
 773  2.6947169e+01 5.08e-01 7.36e-01  -5.2 1.47e+00    -  1.00e+00 7.44e-01h  1
 774  2.6953570e+01 3.44e-01 6.42e-01  -5.3 4.79e+00    -  7.19e-01 2.42e-01h  2
 775  2.6959555e+01 2.67e+00 4.98e-01  -5.3 2.89e+00    -  8.28e-01 4.15e-01h  1
 776  2.6965013e+01 3.14e+00 6.70e-01  -5.3 3.52e+00    -  5.29e-01 1.77e-01h  3
 777  2.6969657e+01 2.08e+00 3.08e-01  -5.3 2.58e+00    -  7.06e-01 3.43e-01h  2
 778  2.6993702e+01 1.96e+00 3.14e-01  -5.3 1.16e+00    -  7.35e-01 1.00e+00H  1
 779  2.6980005e+01 8.55e-01 6.93e-01  -5.3 3.89e-01    -  1.00e+00 5.63e-01h  1
iter    objective    inf_pr   inf_du lg(mu)  ||d||  lg(rg) alpha_du alpha_pr  ls
 780  2.6983139e+01 8.88e-01 1.21e+00  -5.3 4.25e-01    -  1.99e-01 9.16e-01h  1
 781  2.6979454e+01 7.75e-02 4.07e-02  -5.3 2.62e-01    -  1.00e+00 1.00e+00f  1
 782  2.6978003e+01 1.38e-01 1.35e-02  -5.3 1.85e-01    -  1.00e+00 1.00e+00h  1
 783  2.6977879e+01 6.06e-03 4.89e-03  -5.3 4.87e-02    -  1.00e+00 1.00e+00h  1
 784  2.6968877e+01 4.59e-02 7.90e-02  -5.7 2.71e-01    -  9.96e-01 1.00e+00h  1
 785  2.6951050e+01 1.38e+01 4.81e-01  -5.8 5.69e+00    -  2.79e-01 3.01e-01h  1
 786  2.6940984e+01 1.24e+01 6.90e-01  -5.8 7.10e+00    -  2.81e-01 1.07e-01h  1
 787  2.6935129e+01 1.17e+01 7.89e-01  -5.8 7.81e+00    -  1.35e-01 6.05e-02h  1
 788  2.6927975e+01 1.02e+01 7.69e-01  -5.8 3.83e+00    -  3.02e-01 1.46e-01h  1
 789  2.6922168e+01 1.07e+01 7.19e-01  -5.8 3.54e+00    -  1.05e-01 2.33e-01h  1
iter    objective    inf_pr   inf_du lg(mu)  ||d||  lg(rg) alpha_du alpha_pr  ls
 790  2.6917366e+01 8.88e+00 7.28e-01  -5.8 3.49e+00    -  2.19e-01 1.94e-01h  1
 791  2.6912662e+01 9.47e+00 5.08e-01  -5.8 1.69e+00    -  6.94e-02 2.79e-01h  1
 792  2.6909721e+01 8.41e+00 4.75e-01  -5.8 1.02e+00    -  9.21e-02 1.14e-01h  1
 793  2.6906060e+01 4.46e+00 3.30e-01  -5.8 1.15e+00    -  1.32e-01 4.73e-01h  1
 794  2.6923708e+01 6.39e+00 1.17e+00  -5.5 1.37e+00    -  8.10e-02 1.00e+00h  1
 795  2.6920870e+01 5.64e+00 7.80e-01  -5.9 3.80e+00    -  4.29e-01 1.39e-01h  2
 796  2.6907599e+01 1.07e+01 5.18e-01  -5.9 2.48e+00    -  4.97e-01 3.78e-01h  1
 797  2.6903446e+01 1.03e+01 5.37e-01  -5.9 1.25e+01    -  1.61e-01 3.76e-02h  3
 798  2.6919523e+01 3.70e+00 6.48e-01  -5.6 1.22e+00    -  2.21e-01 7.38e-01h  1
 799  2.6906218e+01 2.05e+00 3.45e-01  -5.9 2.43e+00    -  4.71e-01 4.66e-01h  1
iter    objective    inf_pr   inf_du lg(mu)  ||d||  lg(rg) alpha_du alpha_pr  ls
 800  2.6904115e+01 4.44e+00 1.92e-01  -5.9 3.29e+00    -  8.85e-03 2.17e-01H  1
 801  2.6893444e+01 1.97e+00 4.08e-01  -5.8 9.98e-01    -  2.47e-01 5.93e-01h  1
 802  2.6890277e+01 2.52e+00 2.45e-01  -5.9 1.19e+00    -  3.98e-01 4.07e-01h  1
 803  2.6886926e+01 1.16e+00 1.22e-01  -5.9 7.02e-01    -  9.53e-03 5.28e-01h  1
 804  2.6882029e+01 7.67e-01 3.20e-01  -6.1 8.36e-01    -  5.44e-01 3.72e-01h  1
 805  2.6879645e+01 6.60e-01 1.75e-01  -6.0 1.62e+00    -  5.87e-01 2.44e-01h  2
 806  2.6896861e+01 2.11e+00 6.73e-01  -5.7 8.34e-01    -  4.74e-01 1.00e+00H  1
 807  2.6900188e+01 7.62e-01 3.07e-01  -5.9 1.06e+00    -  8.35e-01 6.53e-01H  1
 808  2.6897169e+01 4.97e-01 3.08e-01  -5.5 1.46e+00    -  1.83e-01 3.34e-01h  1
 809  2.6893047e+01 5.09e-01 2.80e-01  -5.9 4.75e+00    -  9.46e-02 9.39e-02h  2
iter    objective    inf_pr   inf_du lg(mu)  ||d||  lg(rg) alpha_du alpha_pr  ls
 810  2.6906400e+01 3.06e+00 1.24e-01  -5.6 1.14e+00    -  1.00e+00 1.00e+00h  1
 811  2.6909976e+01 3.06e+00 1.25e-01  -5.7 3.92e+00    -  2.92e-01 1.12e-01h  2
 812  2.6899256e+01 1.70e-01 1.95e-02  -5.7 2.84e-01    -  1.00e+00 9.82e-01h  1
 813  2.6922307e+01 5.35e-01 2.46e-01  -5.4 1.70e+00    -  5.37e-01 6.73e-01f  1
 814  2.6921945e+01 5.08e-01 4.49e-01  -5.6 2.40e+00    -  4.36e-01 5.20e-02h  4
 815  2.6907168e+01 2.19e+00 6.84e-02  -5.6 6.27e-01    -  8.84e-01 1.00e+00h  1
 816  2.6907167e+01 2.06e+00 1.57e-01  -5.6 1.26e+00    -  1.00e+00 6.25e-02h  5
 817  2.6909421e+01 1.68e+00 5.22e-02  -5.6 3.21e-01    -  1.00e+00 1.00e+00h  1
 818  2.6913237e+01 7.54e-01 9.47e-02  -5.6 1.21e+00    -  4.91e-01 6.37e-01H  1
 819  2.6914344e+01 1.12e+00 1.09e-01  -5.6 3.71e-01    -  1.00e+00 1.00e+00h  1
iter    objective    inf_pr   inf_du lg(mu)  ||d||  lg(rg) alpha_du alpha_pr  ls
 820  2.6911050e+01 1.26e+00 8.63e-02  -5.6 1.01e+00    -  1.00e+00 1.00e+00H  1
 821  2.6900657e+01 5.73e-01 3.28e-01  -5.7 1.32e+00    -  8.77e-01 1.00e+00H  1
 822  2.6890506e+01 5.14e-01 4.31e-01  -5.9 3.97e+00    -  5.65e-01 1.83e-01h  2
 823  2.6886676e+01 1.13e+01 3.43e-01  -5.9 5.62e+00    -  8.95e-02 1.62e-01h  2
 824  2.6887022e+01 5.37e+00 3.13e-01  -5.9 1.56e+00    -  3.13e-01 5.27e-01h  1
 825  2.6883149e+01 3.94e+00 2.92e-01  -5.9 1.06e+00    -  1.75e-02 2.69e-01h  1
 826  2.6875250e+01 1.49e+00 1.38e-01  -5.9 9.43e-01    -  8.21e-01 1.00e+00h  1
 827  2.6906288e+01 3.30e+00 3.05e-01  -5.7 1.21e+00    -  4.37e-02 6.02e-01H  1
 828  2.6873384e+01 1.79e+00 1.84e-01  -6.0 1.40e+00    -  1.22e-01 7.04e-01h  1
 829  2.6878128e+01 1.56e+00 1.08e-01  -5.7 5.82e+00    -  1.83e-01 1.37e-01h  1
iter    objective    inf_pr   inf_du lg(mu)  ||d||  lg(rg) alpha_du alpha_pr  ls
 830  2.6870007e+01 3.30e-01 6.26e-02  -6.0 6.26e-01    -  1.00e+00 8.05e-01h  1
 831  2.6872930e+01 3.09e+00 1.63e-01  -5.6 3.12e+00    -  2.52e-01 1.29e-01h  1
 832  2.6885704e+01 3.38e+00 2.24e-01  -5.9 1.30e+00    -  7.11e-02 7.52e-01H  1
 833  2.6870511e+01 8.07e-01 1.68e-01  -5.9 5.46e-01    -  3.50e-01 7.75e-01h  1
 834  2.6866806e+01 6.93e-01 2.79e-01  -6.8 8.51e-01    -  3.83e-02 1.51e-01h  1
 835  2.6876734e+01 2.52e+00 2.41e-01  -5.6 3.25e+00    -  9.99e-02 2.69e-01h  2
 836  2.6874559e+01 2.18e+00 2.44e-01  -5.9 4.34e+00    -  2.94e-01 1.41e-01h  1
 837  2.6867548e+01 1.65e+00 2.02e-01  -5.9 1.29e+00    -  4.58e-01 2.95e-01h  1
 838  2.6864780e+01 1.52e+00 1.69e-01  -5.9 2.92e+00    -  2.09e-01 9.19e-02h  2
 839  2.6883431e+01 4.99e+00 2.26e-01  -5.7 8.39e-01    -  1.95e-01 1.00e+00h  1
iter    objective    inf_pr   inf_du lg(mu)  ||d||  lg(rg) alpha_du alpha_pr  ls
 840  2.6877119e+01 3.63e+00 1.60e-01  -5.9 3.10e+00    -  3.89e-01 2.49e-01h  1
 841  2.6871778e+01 2.14e+00 1.46e-01  -5.9 2.74e+00    -  2.13e-01 4.12e-01h  1
 842  2.6864022e+01 5.71e+00 2.99e-01  -5.9 2.91e+00    -  1.74e-01 2.60e-01h  1
 843  2.6856122e+01 4.57e+00 1.45e-01  -6.0 2.92e+00    -  1.33e-01 2.09e-01h  1
 844  2.6865064e+01 9.06e+00 5.96e-01  -5.7 2.69e+00    -  7.92e-03 4.13e-01h  1
 845  2.6865108e+01 6.83e+00 5.06e-01  -6.0 1.59e+00    -  2.86e-01 3.96e-01h  1
 846  2.6856898e+01 5.35e+00 4.05e-01  -6.0 9.92e-01    -  3.10e-01 2.20e-01h  1
 847  2.6849929e+01 3.73e+00 3.38e-01  -6.0 2.00e+00    -  3.80e-01 3.11e-01h  1
 848  2.6844976e+01 4.60e+00 1.87e-01  -6.4 2.78e+00    -  6.40e-02 1.78e-01h  1
 849  2.6887534e+01 7.28e+00 3.19e-01  -5.7 1.08e+00    -  3.00e-01 9.41e-01H  1
iter    objective    inf_pr   inf_du lg(mu)  ||d||  lg(rg) alpha_du alpha_pr  ls
 850  2.6852485e+01 1.98e+00 4.81e-01  -6.0 6.23e-01    -  3.86e-01 9.98e-01h  1
 851  2.6851466e+01 1.99e+00 2.07e+00  -5.7 3.70e-01    -  2.88e-03 1.00e+00h  1
 852  2.6844179e+01 2.98e+00 1.89e-01  -5.9 3.58e-01    -  4.84e-01 1.00e+00h  1
 853  2.6849728e+01 2.49e+00 3.33e-01  -5.7 2.22e+00    -  4.68e-01 1.72e-01h  3
 854  2.6849869e+01 2.62e+00 1.74e-01  -5.9 7.38e-01    -  4.57e-01 5.00e-01H  1
 855  2.6845190e+01 1.06e+00 7.21e-02  -5.9 5.29e-01    -  6.58e-01 1.00e+00h  1
 856  2.6845725e+01 8.78e-01 1.83e-01  -5.9 1.60e+00    -  1.35e-02 1.77e-01h  2
 857  2.6842178e+01 5.57e+00 1.05e-01  -6.0 5.28e-01    -  8.63e-01 8.40e-01h  1
 858  2.6870196e+01 5.64e+00 7.13e-01  -5.7 1.44e+00    -  6.01e-02 1.00e+00H  1
 859  2.6863906e+01 4.56e+00 6.93e-01  -6.0 2.14e+00    -  4.43e-01 1.90e-01h  2
iter    objective    inf_pr   inf_du lg(mu)  ||d||  lg(rg) alpha_du alpha_pr  ls
 860  2.6845034e+01 2.56e+00 4.52e-01  -6.0 2.40e+00    -  2.64e-01 4.41e-01h  1
 861  2.6841154e+01 2.44e+00 4.10e-01  -6.0 4.19e+00    -  7.58e-02 5.12e-02h  3
 862  2.6857773e+01 8.27e-01 1.34e-01  -5.7 1.57e+00    -  4.82e-01 6.76e-01h  1
 863  2.6852923e+01 3.06e+00 1.25e-01  -5.9 2.89e+00    -  4.65e-02 1.72e-01h  2
 864  2.6848473e+01 9.62e+00 6.50e-02  -5.9 2.38e+00    -  4.32e-02 1.64e-01h  1
 865  2.6839393e+01 6.91e+00 3.54e-01  -5.9 1.46e+00    -  6.07e-02 5.99e-01h  1
 866  2.6875192e+01 1.19e+01 3.85e-01  -5.5 7.98e+00    -  1.57e-01 2.54e-01f  1
 867  2.6872078e+01 1.07e+01 2.56e-01  -5.9 4.33e+00    -  5.67e-02 2.16e-01h  1
 868  2.6852549e+01 5.49e+00 2.35e-01  -5.9 1.01e+00    -  8.93e-02 4.87e-01h  1
 869  2.6849806e+01 4.28e+00 2.25e-01  -5.9 2.71e+00    -  9.85e-02 2.66e-01h  1
iter    objective    inf_pr   inf_du lg(mu)  ||d||  lg(rg) alpha_du alpha_pr  ls
 870  2.6846623e+01 5.35e-01 1.68e-01  -5.9 3.99e-01    -  3.89e-01 1.00e+00h  1
 871  2.6837721e+01 1.53e-01 1.10e-01  -6.0 7.77e-01    -  1.00e+00 1.00e+00h  1
 872  2.6851521e+01 4.77e-01 1.48e-01  -5.6 4.28e+00    -  3.60e-02 1.78e-01h  2
 873  2.6839375e+01 1.14e+00 2.25e-01  -6.1 2.47e+00    -  8.87e-01 5.13e-01h  1
 874  2.6834406e+01 2.60e+00 1.92e-01  -6.1 4.04e+00    -  3.14e-01 1.10e-01h  1
 875  2.6840060e+01 5.26e+00 1.35e-01  -5.8 2.18e+00    -  1.94e-01 4.53e-01h  1
 876  2.6838070e+01 4.91e+00 1.10e-01  -6.1 2.53e+00    -  6.10e-02 7.98e-02h  2
 877  2.6833675e+01 4.05e+00 8.08e-02  -6.1 1.90e+00    -  2.05e-01 1.74e-01h  1
 878  2.6854927e+01 8.70e+00 2.19e-01  -5.4 1.47e+01    -  6.93e-02 1.25e-01f  1
 879  2.6854396e+01 8.34e+00 1.70e-01  -6.0 6.57e+00    -  1.76e-03 5.85e-02h  2
iter    objective    inf_pr   inf_du lg(mu)  ||d||  lg(rg) alpha_du alpha_pr  ls
 880  2.6843089e+01 5.95e+00 2.69e-01  -6.0 2.72e+00    -  7.75e-01 2.89e-01h  1
 881  2.6841765e+01 7.45e+00 2.68e-01  -6.0 1.88e+01    -  1.53e-02 1.28e-02h  4
 882  2.6829520e+01 4.41e+00 6.94e-02  -6.0 1.29e+00    -  7.77e-01 9.54e-01h  1
 883  2.6852697e+01 1.22e+01 2.05e-01  -5.5 1.20e+01    -  1.24e-01 1.35e-01h  2
 884  2.6849691e+01 1.11e+01 1.45e-01  -6.0 4.04e+00    -  1.80e-01 8.87e-02h  1
 885  2.6836713e+01 7.35e+00 1.91e-01  -6.0 2.68e+00    -  5.69e-03 3.38e-01h  1
 886  2.6833415e+01 6.87e+00 2.66e-01  -6.0 4.79e+00    -  1.14e-02 7.90e-02h  1
 887  2.6827336e+01 1.03e+00 3.19e-02  -6.0 5.45e-01    -  1.00e+00 8.97e-01h  1
 888  2.6835501e+01 8.53e-01 7.63e-02  -5.7 3.58e+00    -  2.56e-01 2.49e-01h  2
 889  2.6834484e+01 9.00e-01 5.40e-02  -6.0 6.48e+00    -  1.24e-01 4.31e-02h  4
iter    objective    inf_pr   inf_du lg(mu)  ||d||  lg(rg) alpha_du alpha_pr  ls
 890  2.6823993e+01 3.24e+00 8.23e-02  -6.0 1.14e+00    -  1.00e+00 1.00e+00h  1
 891  2.6832569e+01 3.06e+00 6.46e-01  -5.3 1.75e+00  -4.5 3.19e-01 8.51e-02h  3
 892  2.6839947e+01 2.70e+00 7.50e-01  -5.7 1.55e+00    -  4.66e-01 1.00e+00h  1
 893  2.6849412e+01 2.37e+00 6.19e-01  -5.7 4.63e+00    -  1.92e-01 1.44e-01h  1
 894  2.6848292e+01 9.22e-01 1.57e-01  -5.7 5.74e-01    -  4.81e-01 1.00e+00h  1
 895  2.6877365e+01 1.53e+00 1.49e-01  -5.7 6.19e-01    -  3.52e-01 7.26e-01H  1
 896  2.6847848e+01 7.52e-01 2.14e-02  -5.7 4.21e-01    -  9.82e-01 1.00e+00h  1
 897  2.6849442e+01 3.33e-01 4.32e-02  -5.7 1.15e-01    -  1.00e+00 1.00e+00h  1
 898  2.6840891e+01 1.44e+00 7.35e-02  -5.8 7.39e-01    -  9.99e-01 1.00e+00h  1
 899  2.6840261e+01 1.42e+00 9.75e-02  -5.9 4.06e+00    -  1.91e-01 1.52e-02h  6
iter    objective    inf_pr   inf_du lg(mu)  ||d||  lg(rg) alpha_du alpha_pr  ls
 900  2.6833889e+01 8.76e-01 1.44e-01  -5.9 7.47e-01    -  1.00e+00 1.00e+00H  1
 901  2.6864871e+01 1.15e+00 2.37e-01  -5.7 4.40e+00    -  6.19e-01 6.08e-01h  1
 902  2.6864843e+01 1.11e+00 3.28e-01  -5.8 5.09e+00    -  9.97e-02 4.32e-02h  4
 903  2.6840105e+01 2.70e+00 2.23e-02  -5.8 1.83e+00    -  1.00e+00 1.00e+00h  1
 904  2.6839805e+01 2.65e+00 2.24e-01  -5.8 5.25e+00    -  3.30e-01 2.01e-02h  4
 905  2.6839025e+01 5.32e-02 2.99e-02  -5.8 1.28e-01    -  9.75e-01 1.00e+00h  1
 906  2.6868221e+01 1.57e+00 2.30e-01  -5.6 5.47e+00    -  3.72e-01 4.97e-01h  1
 907  2.6868112e+01 1.56e+00 2.29e-01  -5.8 1.00e+01    -  1.81e-01 1.10e-02h  5
 908  2.6840659e+01 1.29e+00 5.55e-02  -5.8 2.51e+00    -  6.17e-01 1.00e+00h  1
 909  2.6840594e+01 1.78e+00 4.59e-02  -5.8 1.04e+01    -  1.65e-01 3.18e-03h  6
iter    objective    inf_pr   inf_du lg(mu)  ||d||  lg(rg) alpha_du alpha_pr  ls
 910  2.6841322e+01 9.60e-01 2.92e-02  -5.8 8.82e-02    -  1.00e+00 1.00e+00h  1
 911  2.6840541e+01 1.34e+00 2.24e-02  -5.8 1.52e-01    -  1.00e+00 1.00e+00h  1
 912  2.6846345e+01 7.41e-01 1.07e-01  -5.8 7.15e-01    -  6.71e-01 1.00e+00H  1
 913  2.6840274e+01 9.29e-01 2.09e-02  -5.8 4.78e-01    -  1.00e+00 1.00e+00h  1
 914  2.6840512e+01 4.79e-01 5.14e-02  -5.8 2.23e-01    -  1.00e+00 5.00e-01h  2
 915  2.6840083e+01 4.31e-03 8.69e-03  -5.8 8.22e-02    -  1.00e+00 1.00e+00h  1
 916  2.6829585e+01 1.23e+01 1.51e-01  -6.1 1.20e+00    -  9.98e-01 1.00e+00h  1
 917  2.6822783e+01 1.08e+01 2.30e-01  -6.2 1.50e+01    -  3.94e-01 1.24e-01h  1
 918  2.6827690e+01 1.16e+01 1.31e-01  -5.8 3.42e+00    -  2.23e-01 1.47e-01h  2
 919  2.6825486e+01 1.08e+01 2.09e-01  -6.1 3.23e+00    -  4.53e-01 7.07e-02h  1
iter    objective    inf_pr   inf_du lg(mu)  ||d||  lg(rg) alpha_du alpha_pr  ls
 920  2.6822588e+01 1.05e+01 2.60e-01  -6.1 1.31e+01    -  9.91e-02 2.64e-02h  3
 921  2.6834145e+01 6.01e+00 6.81e-01  -5.8 1.78e+00    -  9.88e-02 8.78e-01h  1
 922  2.6833533e+01 5.96e+00 6.78e-01  -6.1 9.68e+00    -  2.84e-02 7.18e-03h  1
 923  2.6818879e+01 2.61e+00 2.81e-01  -6.1 3.95e+00    -  1.59e-01 5.63e-01f  1
 924  2.6922191e+01 1.45e+01 4.33e-01  -5.2 6.40e+01    -  4.18e-02 8.27e-02f  1
 925  2.6905126e+01 1.29e+01 2.43e-01  -6.0 1.26e+01    -  2.06e-01 1.51e-01h  1
 926  2.6871254e+01 1.24e+01 1.85e-01  -6.0 1.89e+01    -  3.00e-02 7.93e-02h  1
 927  2.6847968e+01 1.11e+01 3.02e-01  -6.0 9.84e+00    -  1.38e-02 1.23e-01h  1
 928  2.6847903e+01 1.09e+01 1.91e-01  -6.0 2.80e+01    -  3.65e-04 1.55e-02f  1
 929  2.6834771e+01 9.18e+00 1.73e-01  -6.0 5.21e+00    -  9.08e-02 1.66e-01h  1
iter    objective    inf_pr   inf_du lg(mu)  ||d||  lg(rg) alpha_du alpha_pr  ls
 930  2.6832249e+01 9.51e+00 1.66e-01  -6.0 1.83e+01    -  5.64e-02 4.22e-02h  2
 931  2.6824836e+01 7.31e+00 1.26e-01  -6.0 2.66e+00    -  4.72e-01 2.31e-01h  1
 932  2.6834633e+01 6.93e+00 1.20e-01  -6.0 1.51e+01    -  5.95e-02 5.71e-02h  1
 933  2.6832410e+01 6.55e+00 1.17e-01  -6.0 1.38e+00    -  7.92e-02 5.48e-02h  1
 934  2.6836840e+01 5.13e+00 1.85e-01  -6.0 2.63e+00    -  3.00e-03 2.21e-01h  1
 935  2.6845456e+01 4.84e+00 1.86e-01  -6.0 3.21e+00    -  5.11e-03 8.59e-02h  1
 936  2.6834776e+01 4.01e+00 1.79e-01  -6.0 8.65e-01    -  3.67e-01 1.74e-01h  1
 937  2.6812184e+01 1.17e+00 7.40e-02  -6.0 1.14e+00    -  4.22e-01 7.26e-01h  1
 938  2.6812038e+01 4.47e+00 6.78e-02  -5.8 1.76e+00    -  1.82e-01 1.03e-01h  3
 939  2.6816655e+01 1.26e-01 5.14e-01  -5.7 4.17e-01    -  7.60e-01 1.00e+00h  1
iter    objective    inf_pr   inf_du lg(mu)  ||d||  lg(rg) alpha_du alpha_pr  ls
 940  2.6846428e+01 1.55e-01 2.35e-01  -6.0 8.72e-01    -  7.21e-01 8.95e-01H  1
 941  2.6812791e+01 2.65e-01 6.04e-02  -6.0 7.79e-01    -  1.00e+00 8.64e-01h  1
 942  2.6810462e+01 2.45e-01 6.30e-02  -6.9 1.57e+00    -  1.63e-01 1.70e-01h  1
 943  2.6831591e+01 8.36e+00 3.43e-01  -5.7 2.87e+00    -  2.77e-01 7.77e-01h  1
 944  2.6830876e+01 8.24e+00 3.26e-01  -6.1 5.53e+00    -  4.91e-02 1.81e-02h  4
 945  2.6808630e+01 5.47e+00 3.92e-02  -6.1 2.33e+00    -  5.08e-01 1.00e+00h  1
 946  2.6829430e+01 8.88e+00 9.57e-02  -5.5 2.54e+01    -  9.34e-02 5.21e-02h  2
 947  2.6818918e+01 5.68e+00 7.10e-02  -6.0 2.41e+00    -  8.62e-01 5.79e-01h  1
 948  2.6811969e+01 6.69e+00 6.87e-02  -6.0 8.58e+00    -  7.44e-02 8.34e-02h  1
 949  2.6810211e+01 4.00e+00 5.69e-02  -6.0 7.88e-01    -  1.46e-01 4.16e-01h  1
iter    objective    inf_pr   inf_du lg(mu)  ||d||  lg(rg) alpha_du alpha_pr  ls
 950  2.6833325e+01 8.10e+00 1.47e-01  -5.8 3.51e+00    -  3.98e-01 8.77e-01f  1
 951  2.6833048e+01 8.07e+00 1.29e-01  -6.0 2.42e+01    -  8.40e-02 5.46e-03h  6
 952  2.6815177e+01 3.24e+00 5.42e-02  -6.0 2.17e+00    -  1.00e+00 1.00e+00h  1
 953  2.6815456e+01 3.20e+00 7.68e-02  -6.0 1.14e+01    -  1.61e-01 1.71e-02h  4
 954  2.6812618e+01 1.09e+00 1.02e-01  -6.0 5.10e-01    -  8.99e-01 9.52e-01h  1
 955  2.6844003e+01 4.56e+00 1.79e-01  -5.7 8.09e+00    -  1.93e-03 4.20e-01H  1
 956  2.6846190e+01 4.44e+00 1.96e-01  -6.1 1.28e+01    -  2.05e-02 4.01e-02h  2
 957  2.6822936e+01 2.06e+00 1.13e-01  -6.1 3.67e+00    -  9.71e-01 5.10e-01h  1
 958  2.6822432e+01 2.11e+00 7.88e-02  -6.1 3.37e+01    -  6.76e-02 9.41e-03h  4
 959  2.6807164e+01 1.45e+00 3.59e-02  -6.1 2.05e+00    -  2.97e-01 9.22e-01h  1
iter    objective    inf_pr   inf_du lg(mu)  ||d||  lg(rg) alpha_du alpha_pr  ls
 960  2.6820961e+01 7.32e+00 1.27e-01  -5.5 2.61e+01    -  9.72e-02 4.28e-02f  3
 961  2.6821412e+01 5.88e+00 1.46e-01  -6.1 2.54e+00    -  3.14e-01 4.73e-01h  1
 962  2.6817274e+01 4.30e+00 9.60e-02  -6.1 2.82e+00    -  9.27e-03 2.61e-01h  1
 963  2.6813137e+01 4.56e+00 8.91e-02  -6.1 2.12e+00    -  1.28e-01 3.27e-01h  1
 964  2.6808170e+01 3.80e+00 5.48e-02  -6.1 1.35e+00    -  2.20e-01 3.13e-01h  1
 965  2.6807739e+01 6.96e-01 4.51e-02  -6.1 5.79e-01    -  2.63e-01 9.01e-01h  1
 966  2.6801109e+01 6.40e-01 1.12e-01  -6.7 2.80e+00    -  4.33e-01 4.48e-01h  1
 967  2.6799790e+01 5.18e+00 1.26e-01  -6.3 9.36e+00    -  9.49e-02 3.63e-02h  2
 968  2.6813432e+01 7.61e+00 1.77e-01  -5.9 2.21e+00    -  3.25e-01 9.42e-01h  1
 969  2.6813492e+01 7.38e+00 1.66e-01  -6.2 1.89e+01    -  7.04e-02 2.58e-02h  2
iter    objective    inf_pr   inf_du lg(mu)  ||d||  lg(rg) alpha_du alpha_pr  ls
 970  2.6799037e+01 9.23e-01 1.29e-01  -6.2 1.74e+00    -  9.35e-02 1.00e+00h  1
 971  2.6799504e+01 9.16e-01 9.88e-02  -5.9 1.18e+01    -  1.22e-01 1.19e-02h  5
 972  2.6807693e+01 8.18e-01 1.41e-01  -6.1 3.34e-01    -  7.63e-01 1.00e+00h  1
 973  2.6802542e+01 3.24e+00 1.53e-01  -6.1 3.36e-01    -  5.10e-02 1.00e+00h  1
 974  2.6800432e+01 3.90e+00 1.02e-01  -6.1 5.72e-01    -  3.47e-01 3.35e-01h  2
 975  2.6818351e+01 4.78e+00 3.62e-01  -5.8 2.18e+00    -  5.32e-01 1.00e+00h  1
 976  2.6818160e+01 4.75e+00 3.83e-01  -6.0 2.08e+01    -  1.24e-01 7.26e-03h  5
 977  2.6806720e+01 4.42e-01 1.53e-02  -6.0 1.21e+00    -  1.00e+00 1.00e+00h  1
 978  2.6806710e+01 4.37e-01 2.63e-02  -6.0 5.17e+00    -  9.48e-02 1.53e-02h  5
 979  2.6806339e+01 5.14e-03 9.56e-03  -6.0 3.34e-02    -  1.00e+00 1.00e+00h  1
iter    objective    inf_pr   inf_du lg(mu)  ||d||  lg(rg) alpha_du alpha_pr  ls
 980  2.6800470e+01 3.96e-01 6.27e-02  -6.1 8.28e-01    -  1.00e+00 1.00e+00h  1
 981  2.6801852e+01 5.50e+00 4.78e-02  -5.9 1.96e+01    -  1.96e-01 2.29e-02h  5
 982  2.6796101e+01 3.00e+00 1.31e-01  -6.1 1.61e+00    -  1.00e+00 6.13e-01h  1
 983  2.6836024e+01 7.20e+00 2.75e-01  -5.6 2.15e+01    -  3.24e-02 1.43e-01f  1
 984  2.6834276e+01 7.04e+00 2.74e-01  -6.2 5.11e+00    -  3.12e-01 2.66e-02h  1
 985  2.6821964e+01 5.79e+00 1.96e-01  -6.2 3.90e+00    -  7.72e-01 1.79e-01h  1
 986  2.6819853e+01 5.73e+00 1.93e-01  -6.2 2.35e+01    -  2.58e-02 1.37e-02h  4
 987  2.6808889e+01 4.31e+00 2.02e-01  -6.2 3.19e+00    -  1.34e-02 2.56e-01h  1
 988  2.6805650e+01 4.25e+00 1.71e-01  -6.2 1.79e+01    -  4.22e-02 2.25e-02h  1
 989  2.6796661e+01 2.31e+00 5.23e-02  -6.2 1.42e+00    -  2.77e-02 8.13e-01h  1
iter    objective    inf_pr   inf_du lg(mu)  ||d||  lg(rg) alpha_du alpha_pr  ls
 990  2.6802528e+01 3.03e+00 2.30e-01  -6.2 4.70e+00    -  1.03e-02 1.61e-01h  1
 991  2.6799075e+01 2.36e+00 1.68e-01  -6.2 2.17e+00    -  6.06e-02 2.22e-01f  1
 992  2.6797245e+01 2.00e+00 1.40e-01  -6.2 6.32e-01    -  2.34e-01 1.52e-01h  1
 993  2.6794323e+01 1.50e-01 7.16e-02  -6.2 2.69e-01    -  8.10e-01 1.00e+00h  1
 994  2.6791903e+01 1.14e-01 1.64e-02  -6.3 3.75e-01    -  1.00e+00 1.00e+00h  1
 995  2.6792708e+01 1.82e+00 9.79e-02  -6.0 7.70e+00    -  2.94e-01 2.37e-02h  5
 996  2.6789594e+01 1.93e+00 1.96e-01  -6.3 1.56e+00    -  9.19e-01 3.60e-01h  1
 997  2.6789025e+01 2.95e+00 1.94e-01  -7.0 1.32e+01    -  1.36e-01 4.34e-02h  3
 998  2.6794191e+01 5.94e+00 1.14e-01  -6.1 2.02e+00    -  8.35e-02 3.46e-01h  2
 999  2.6800248e+01 4.79e+00 1.01e-01  -6.4 4.09e+00    -  1.52e-01 2.16e-01h  1
iter    objective    inf_pr   inf_du lg(mu)  ||d||  lg(rg) alpha_du alpha_pr  ls
1000  2.6793873e+01 3.56e+00 8.15e-02  -6.4 1.49e+00    -  1.65e-01 2.61e-01h  1
1001  2.6788311e+01 3.44e+00 5.79e-02  -6.4 1.20e+01    -  2.71e-02 4.22e-02h  1
1002  2.6795183e+01 2.78e-01 4.14e-01  -6.1 1.43e+00    -  4.55e-02 1.00e+00f  1
1003  2.6794774e+01 2.97e-01 4.15e-01  -6.4 4.63e+01    -  2.35e-02 5.05e-03h  4
1004  2.6786408e+01 3.66e-01 4.15e-02  -6.4 1.57e+00    -  5.54e-01 8.24e-01h  1
1005  2.6786214e+01 3.67e-01 4.58e-02 -11.0 7.05e+01    -  2.22e-02 8.03e-03h  4
1006  2.6798981e+01 5.40e+00 2.05e-01  -6.1 2.02e+00    -  3.03e-01 1.00e+00f  1
1007  2.6803225e+01 5.25e+00 1.73e-01  -6.3 4.90e+00  -5.2 1.36e-01 3.15e-02h  3
1008  2.6786876e+01 2.01e+00 7.85e-02  -6.3 2.39e+00    -  4.68e-01 7.65e-01h  1
1009  2.6786715e+01 2.04e+00 7.10e-02  -6.3 8.47e+00    -  6.06e-02 9.98e-03h  5
iter    objective    inf_pr   inf_du lg(mu)  ||d||  lg(rg) alpha_du alpha_pr  ls
1010  2.6783668e+01 2.99e+00 8.59e-02  -6.3 8.37e-01    -  1.00e+00 6.28e-01h  1
1011  2.6803097e+01 7.76e+00 1.20e-01  -5.6 2.71e+01    -  5.09e-02 7.43e-02f  1
1012  2.6802823e+01 7.71e+00 1.19e-01  -6.4 3.80e+00    -  4.76e-01 6.41e-03h  1
1013  2.6796533e+01 1.41e+01 1.20e-01  -6.4 4.41e+00    -  1.68e-01 4.74e-01h  1
1014  2.6793119e+01 1.35e+01 1.01e-01  -6.4 9.97e+00    -  6.88e-03 3.81e-02h  1
1015  2.6785847e+01 1.07e+01 1.08e-01  -6.4 2.63e+00    -  1.20e-02 2.10e-01h  1
1016  2.6783538e+01 8.16e+00 1.99e-01  -6.4 2.34e+00    -  7.73e-02 2.64e-01h  1
1017  2.6782911e+01 5.40e+00 8.76e-02  -6.3 7.99e-01    -  3.64e-01 4.52e-01h  1
1018  2.6786216e+01 5.03e+00 8.76e-02  -6.0 5.61e+00    -  2.11e-01 8.95e-02h  1
1019  2.6793061e+01 6.79e+00 8.36e-02  -6.3 2.12e+00    -  9.50e-03 4.48e-01h  1
iter    objective    inf_pr   inf_du lg(mu)  ||d||  lg(rg) alpha_du alpha_pr  ls
1020  2.6783480e+01 2.40e+00 4.82e-02  -6.3 7.37e-01    -  1.48e-01 1.00e+00h  1
1021  2.6781273e+01 3.09e+00 3.41e-01  -6.5 6.65e-01    -  4.93e-01 9.95e-01h  1
1022  2.6780273e+01 3.12e+00 2.81e-01  -7.6 6.89e+00    -  8.71e-02 1.52e-01h  1
1023  2.6800769e+01 1.23e+01 2.91e-01  -5.7 2.97e+00  -5.6 1.13e-01 3.90e-01h  1
1024  2.6791805e+01 6.79e+00 2.56e-01  -6.3 1.37e+00    -  6.27e-01 4.82e-01h  1
1025  2.6786566e+01 7.53e+00 1.87e-01  -6.3 2.22e+00    -  1.70e-01 2.03e-01h  1
1026  2.6782066e+01 3.89e+00 2.19e-01  -6.3 1.36e+00    -  1.36e-01 4.86e-01h  1
1027  2.6782026e+01 3.08e+00 1.75e-01  -6.3 2.59e+00    -  2.19e-01 2.03e-01h  1
1028  2.6781253e+01 1.24e+00 1.05e-01  -6.3 6.85e-01    -  7.46e-04 5.99e-01h  1
1029  2.6781992e+01 1.23e+00 1.45e-01  -6.3 1.36e+00    -  1.65e-01 3.20e-01h  1
iter    objective    inf_pr   inf_du lg(mu)  ||d||  lg(rg) alpha_du alpha_pr  ls
1030  2.6783409e+01 4.42e-01 5.35e-02  -6.3 8.42e-01    -  5.26e-01 6.94e-01h  1
1031  2.6788560e+01 6.96e-02 1.14e-01  -6.0 3.44e-01    -  9.37e-01 1.00e+00h  1
1032  2.6804732e+01 1.93e+00 7.21e-01  -6.1 8.53e-01    -  4.82e-01 1.00e+00H  1
1033  2.6786782e+01 2.68e+00 2.42e-02  -6.1 2.78e-01    -  1.00e+00 1.00e+00h  1
1034  2.6788002e+01 5.50e-02 3.67e-01  -6.1 4.01e-01    -  3.50e-01 1.00e+00h  1
1035  2.6793697e+01 1.89e-01 2.33e-01  -5.7 3.43e+00    -  4.51e-01 1.66e-01h  1
1036  2.6796083e+01 1.54e-01 2.64e-01  -6.0 1.77e+00    -  6.56e-03 2.26e-01h  1
1037  2.6798715e+01 2.56e-01 2.04e-01  -6.0 3.37e+00    -  2.31e-01 2.29e-01h  1
1038  2.6799175e+01 2.65e-01 1.85e-01  -6.0 4.89e+00    -  9.90e-02 9.82e-02h  2
1039  2.6801558e+01 3.24e+00 1.29e-01  -6.0 1.36e+00    -  3.08e-01 2.60e-01h  2
iter    objective    inf_pr   inf_du lg(mu)  ||d||  lg(rg) alpha_du alpha_pr  ls
1040  2.6801556e+01 3.01e+00 1.41e-01  -6.0 4.24e+00    -  7.99e-02 7.40e-02h  3
1041  2.6803432e+01 9.23e+00 9.40e-02  -6.0 1.38e+00    -  7.34e-01 5.78e-01h  1
1042  2.6803815e+01 8.58e+00 9.15e-02  -6.0 5.92e+00    -  1.53e-01 7.10e-02h  2
1043  2.6804102e+01 7.58e+00 7.61e-02  -6.0 3.07e+00    -  1.47e-01 1.17e-01h  1
1044  2.6804414e+01 7.12e+00 5.14e-02  -6.0 1.83e+01    -  1.65e-01 6.05e-02h  2
1045  2.6805078e+01 5.29e+00 1.87e-01  -6.0 5.74e+00    -  7.36e-01 2.57e-01h  1
1046  2.6806076e+01 4.71e+00 1.65e-01  -6.0 2.53e+01    -  1.12e-01 1.13e-01h  2
1047  2.6806694e+01 8.54e+00 1.64e-01  -6.0 5.19e+01    -  1.67e-01 9.34e-02h  2
1048  2.6807202e+01 7.01e+00 1.81e-01  -6.0 2.62e+01    -  3.76e-01 1.80e-01h  1
1049  2.6807170e+01 6.30e+00 1.75e-01  -6.0 3.51e+01    -  2.17e-01 1.08e-01h  1
iter    objective    inf_pr   inf_du lg(mu)  ||d||  lg(rg) alpha_du alpha_pr  ls
1050  2.6806823e+01 6.91e+00 2.13e-01  -6.0 5.12e+01    -  7.37e-02 6.93e-02h  2
1051  2.6807263e+01 5.05e+00 2.26e-01  -6.0 1.21e+01    -  1.20e-01 2.70e-01h  1
1052  2.6806975e+01 4.73e+00 2.18e-01  -6.0 2.53e+00    -  2.42e-01 6.50e-02h  1
1053  2.6806414e+01 3.43e+00 1.59e-01  -6.0 1.10e+00    -  2.07e-01 2.76e-01h  1
1054  2.6807172e+01 1.01e+00 1.81e-01  -6.0 1.61e+00    -  2.57e-01 7.43e-01h  1
1055  2.6806091e+01 2.72e+00 1.85e-01  -6.0 5.84e-01    -  6.30e-01 1.00e+00h  1
1056  2.6805621e+01 1.77e-01 1.43e-02  -6.0 1.40e-01    -  1.00e+00 1.00e+00h  1
1057  2.6803695e+01 9.94e-03 1.27e-02  -6.3 3.72e-01    -  1.00e+00 1.00e+00h  1
1058  2.6808972e+01 3.00e-01 7.43e-01  -5.7 3.90e+00    -  7.34e-01 4.42e-01h  1
1059  2.6809453e+01 1.03e-01 7.23e-01  -5.9 1.37e+00    -  1.52e-01 7.93e-01h  1
iter    objective    inf_pr   inf_du lg(mu)  ||d||  lg(rg) alpha_du alpha_pr  ls
1060  2.6808811e+01 7.51e-01 5.49e-01  -5.9 1.54e+00    -  5.64e-01 3.10e-01h  1
1061  2.6808543e+01 2.64e+00 2.04e-01  -5.9 8.40e-01    -  8.53e-01 5.37e-01h  1
1062  2.6809121e+01 7.10e-02 1.78e-02  -5.9 7.41e-01    -  1.00e+00 1.00e+00h  1
1063  2.6810516e+01 1.34e-02 4.86e-02  -5.9 1.18e+00    -  6.36e-01 8.08e-01h  1
1064  2.6809663e+01 4.44e-02 1.11e-01  -5.9 7.65e-01    -  1.93e-01 4.99e-01f  1
1065  2.6808947e+01 9.78e-03 1.29e-02  -5.9 1.63e-01    -  1.00e+00 1.00e+00f  1
1066  2.6809126e+01 2.45e-01 2.05e-02  -5.9 3.11e-01    -  1.00e+00 1.00e+00h  1
1067  2.6809696e+01 2.72e+00 1.69e-02  -5.9 3.11e+00    -  2.90e-01 3.66e-01h  2
1068  2.6810403e+01 2.28e+00 2.95e-02  -5.9 7.22e+00    -  7.60e-01 1.94e-01h  2
1069  2.6810980e+01 2.71e+00 3.78e-02  -5.9 5.80e+00    -  9.18e-01 3.45e-01h  1
iter    objective    inf_pr   inf_du lg(mu)  ||d||  lg(rg) alpha_du alpha_pr  ls
1070  2.6811506e+01 2.01e+00 5.45e-02  -5.9 7.93e+00    -  4.78e-01 3.36e-01h  1
1071  2.6811288e+01 1.73e+00 5.65e-02  -5.9 3.71e+00    -  1.74e-01 1.40e-01h  2
1072  2.6810953e+01 9.25e-01 3.49e-02  -5.9 2.73e-01    -  3.42e-01 4.67e-01h  1
1073  2.6811145e+01 1.51e+00 3.44e-02  -5.9 3.20e-01    -  9.65e-01 1.00e+00h  1
1074  2.6810842e+01 8.88e-02 1.59e-02  -5.9 1.02e+00    -  1.00e+00 9.43e-01h  1
1075  2.6810774e+01 4.33e-01 2.58e-02  -5.9 8.80e-01    -  7.24e-01 5.00e-01f  2
1076  2.6810701e+01 2.19e+00 1.64e-02  -5.9 6.69e-01    -  1.00e+00 9.95e-01h  1
1077  2.6810776e+01 1.51e+00 9.99e-02  -5.9 2.41e+00    -  9.70e-01 3.07e-01h  2
1078  2.6810852e+01 1.14e+00 5.44e-02  -5.9 2.50e+00    -  5.13e-01 2.50e-01h  3
1079  2.6811860e+01 8.68e-02 2.17e-02  -5.9 2.00e+00    -  1.00e+00 1.00e+00h  1
iter    objective    inf_pr   inf_du lg(mu)  ||d||  lg(rg) alpha_du alpha_pr  ls
1080  2.6811256e+01 7.12e-02 2.66e-02  -5.9 1.48e+00    -  9.67e-01 5.91e-01h  1
1081  2.6811072e+01 9.66e-02 1.51e-01  -5.9 1.59e+00    -  1.00e+00 5.00e-01h  2
1082  2.6811428e+01 2.22e-01 3.88e-02  -5.9 2.15e+00    -  1.00e+00 9.48e-01h  1
1083  2.6811323e+01 1.54e+00 2.89e-02  -5.9 2.04e+00    -  1.00e+00 5.00e-01h  2
1084  2.6811972e+01 1.39e+00 2.05e-02  -5.9 2.67e+00    -  1.00e+00 1.00e+00H  1
1085  2.6811817e+01 7.64e-01 1.35e-01  -5.9 1.78e+00    -  1.00e+00 4.49e-01h  2
1086  2.6811499e+01 2.50e-01 1.02e-02  -5.9 7.30e-01    -  1.00e+00 6.91e-01h  1
1087  2.6812494e+01 8.31e-02 5.75e-02  -5.9 2.64e+00    -  5.46e-01 7.26e-01h  1
1088  2.6812605e+01 1.87e-01 3.75e-02  -5.9 2.89e+00    -  2.76e-01 1.00e+00F  1
1089  2.6812423e+01 8.19e-01 5.74e-02  -5.9 2.96e+00    -  3.07e-01 5.00e-01h  2
iter    objective    inf_pr   inf_du lg(mu)  ||d||  lg(rg) alpha_du alpha_pr  ls
1090  2.6812048e+01 1.48e+00 1.59e-02  -5.9 5.29e-01    -  1.00e+00 1.00e+00h  1
1091  2.6811926e+01 1.03e+00 3.98e-03  -5.9 6.07e-01    -  1.00e+00 1.00e+00h  1
1092  2.6812095e+01 9.07e-01 2.63e-02  -5.9 1.52e+00    -  1.00e+00 1.00e+00h  1
1093  2.6812101e+01 8.62e-01 1.18e-01  -5.9 7.53e+00    -  6.28e-01 5.06e-02h  1
1094  2.6812601e+01 4.00e+00 7.15e-02  -5.9 1.27e+01    -  7.67e-01 3.19e-01h  1
1095  2.6812547e+01 3.77e+00 1.13e-01  -5.9 9.94e+00    -  9.40e-01 5.87e-02h  1
1096  2.6812411e+01 3.01e+00 7.51e-02  -5.9 1.20e+00    -  5.07e-01 2.01e-01h  1
1097  2.6813141e+01 2.57e-02 4.87e-02  -5.9 6.01e-01    -  1.00e+00 1.00e+00h  1
1098  2.6812379e+01 2.71e-03 6.23e-03  -5.9 2.37e-01    -  1.00e+00 1.00e+00h  1
1099  2.6812359e+01 1.23e-03 1.25e-03  -5.9 2.50e-02    -  1.00e+00 1.00e+00h  1
iter    objective    inf_pr   inf_du lg(mu)  ||d||  lg(rg) alpha_du alpha_pr  ls
1100  2.6810377e+01 1.07e+00 2.77e-02  -6.1 1.52e-01    -  1.00e+00 1.00e+00h  1
1101  2.6807934e+01 4.67e+00 2.35e-01  -6.2 1.89e+00    -  9.88e-01 5.21e-01h  1
1102  2.6806364e+01 3.26e+00 1.05e-01  -6.2 1.53e+00    -  7.74e-01 6.75e-01h  1
1103  2.6805574e+01 4.91e+00 1.38e-01  -6.2 4.98e-01    -  4.00e-01 8.55e-01h  1
1104  2.6804641e+01 3.78e+00 1.04e-01  -6.2 4.95e-01    -  7.93e-01 2.38e-01h  1
1105  2.6803237e+01 1.64e-01 5.93e-02  -6.2 2.49e-01    -  3.98e-01 1.00e+00f  1
1106  2.6802992e+01 6.36e-03 3.79e-02  -6.2 1.41e-01    -  1.00e+00 1.00e+00h  1
1107  2.6802357e+01 1.32e-02 1.71e-02  -6.2 8.71e-02    -  6.79e-01 5.33e-01h  1
1108  2.6800559e+01 9.11e-03 2.00e-02  -6.3 4.35e-01    -  1.00e+00 9.89e-01h  1
1109  2.6797449e+01 3.63e-02 6.06e-02  -6.4 1.90e+00    -  4.16e-01 4.63e-01h  1
iter    objective    inf_pr   inf_du lg(mu)  ||d||  lg(rg) alpha_du alpha_pr  ls
1110  2.6794867e+01 1.13e+01 9.17e-02  -6.4 5.66e+00    -  2.78e-01 1.76e-01h  1
1111  2.6793732e+01 9.73e+00 1.40e-01  -6.4 3.70e+00    -  3.85e-01 1.42e-01h  1
1112  2.6791398e+01 6.37e+00 1.82e-01  -6.4 1.68e+00    -  5.17e-01 3.59e-01h  1
1113  2.6789602e+01 5.75e+00 4.00e-01  -6.4 2.34e+00    -  2.34e-01 1.02e-01h  1
1114  2.6787855e+01 4.90e+00 1.34e-01  -6.4 1.01e+00    -  3.07e-01 4.17e-01h  1
1115  2.6786824e+01 3.80e+00 9.82e-02  -6.4 5.36e-01    -  2.96e-01 2.24e-01h  1
1116  2.6785992e+01 2.87e+00 6.91e-02  -6.4 3.75e-01    -  1.32e-01 2.47e-01h  1
1117  2.6784870e+01 2.39e+00 7.56e-02  -6.4 1.22e+00    -  2.47e-01 1.75e-01h  1
1118  2.6784383e+01 1.45e+00 6.80e-02  -6.4 6.39e-01    -  3.30e-01 7.53e-01h  1
1119  2.6783071e+01 3.75e+00 2.07e-01  -6.4 1.32e+00    -  9.06e-01 4.19e-01h  1
iter    objective    inf_pr   inf_du lg(mu)  ||d||  lg(rg) alpha_du alpha_pr  ls
1120  2.6782868e+01 2.06e+00 1.04e-01  -6.4 1.23e+00    -  2.68e-01 4.59e-01h  1
1121  2.6787121e+01 3.61e+00 2.42e-01  -6.2 3.82e-01    -  6.01e-01 9.19e-01f  1
1122  2.6782682e+01 2.12e+00 1.80e-01  -6.4 2.47e-01    -  4.18e-01 6.82e-01h  1
1123  2.6789705e+01 4.16e-01 3.91e-01  -6.0 8.66e-01    -  7.27e-01 1.00e+00f  1
1124  2.6789531e+01 4.43e-01 3.65e-01  -6.1 1.51e+00    -  6.52e-02 6.59e-02h  4
1125  2.6786491e+01 4.06e-01 3.31e-02  -6.1 3.18e-01    -  1.00e+00 1.00e+00h  1
1126  2.6793955e+01 8.58e+00 1.10e-01  -5.9 2.04e+00    -  3.97e-01 4.28e-01h  1
1127  2.6793546e+01 8.15e+00 1.08e-01  -6.1 3.83e+00    -  3.75e-01 5.57e-02h  3
1128  2.6790235e+01 2.49e-01 5.82e-02  -6.1 6.99e-01    -  3.56e-01 1.00e+00h  1
1129  2.6789722e+01 4.01e-01 8.66e-02  -6.1 1.38e+00    -  1.56e-01 1.59e-01h  2
iter    objective    inf_pr   inf_du lg(mu)  ||d||  lg(rg) alpha_du alpha_pr  ls
1130  2.6790445e+01 1.12e+00 2.25e-02  -6.1 1.42e-01    -  1.00e+00 1.00e+00h  1
1131  2.6790573e+01 9.98e-01 3.28e-02  -6.1 3.85e-01    -  9.05e-01 3.68e-01h  2
1132  2.6791086e+01 7.43e-01 1.34e-02  -6.1 1.22e-01    -  9.86e-01 1.00e+00h  1
1133  2.6791084e+01 8.42e-01 4.16e-02  -6.1 5.38e-01    -  1.00e+00 2.50e-01h  3
1134  2.6791037e+01 1.46e+00 1.04e-02  -6.1 1.16e-01    -  1.00e+00 1.00e+00h  1
1135  2.6791367e+01 8.01e-01 3.61e-02  -6.1 2.21e-01    -  1.00e+00 1.00e+00H  1
1136  2.6791389e+01 2.48e-02 1.79e-02  -6.1 1.44e-01    -  1.00e+00 1.00e+00h  1
1137  2.6795094e+01 2.05e+00 9.82e-01  -5.7 1.25e+00    -  1.00e+00 4.58e-01h  1
1138  2.6796679e+01 1.88e+00 1.29e-01  -5.8 2.85e+00    -  5.06e-01 1.15e-01h  4
1139  2.6806780e+01 4.04e+00 1.46e-01  -5.8 2.60e+00    -  7.01e-01 6.30e-01h  1
iter    objective    inf_pr   inf_du lg(mu)  ||d||  lg(rg) alpha_du alpha_pr  ls
1140  2.6809061e+01 3.40e+00 1.73e-01  -5.8 3.23e+00    -  9.10e-03 1.66e-01h  3
1141  2.6810515e+01 2.64e+00 1.70e-01  -5.8 1.47e+00    -  5.50e-01 2.24e-01h  3
1142  2.6810155e+01 4.34e+00 7.03e-02  -5.8 4.29e-01    -  1.84e-01 6.23e-01h  1
1143  2.6810730e+01 1.03e+00 1.93e-02  -5.8 2.66e-01    -  1.00e+00 1.00e+00h  1
1144  2.6811009e+01 9.43e-02 3.32e-02  -5.8 2.01e-01    -  9.41e-01 1.00e+00h  1
1145  2.6811709e+01 6.64e-02 1.34e-02  -5.8 2.28e-01    -  1.00e+00 1.00e+00h  1
1146  2.6811903e+01 6.73e-01 3.02e-02  -5.8 4.84e-01    -  9.29e-01 1.08e-01h  4
1147  2.6811909e+01 2.39e+00 2.51e-02  -5.8 9.51e-02    -  1.00e+00 1.00e+00h  1
1148  2.6811685e+01 1.08e+00 1.46e-02  -5.8 1.39e-01    -  8.83e-01 1.00e+00h  1
1149  2.6811695e+01 5.40e-01 1.55e-02  -5.8 2.25e-01    -  1.00e+00 5.00e-01h  2
iter    objective    inf_pr   inf_du lg(mu)  ||d||  lg(rg) alpha_du alpha_pr  ls
1150  2.6811956e+01 7.14e-03 1.16e-02  -5.8 1.17e-01    -  1.00e+00 1.00e+00h  1
1151  2.6813505e+01 2.94e-04 2.45e-02  -5.8 4.18e-01    -  1.00e+00 1.00e+00H  1
1152  2.6806781e+01 2.24e+00 9.89e-02  -6.0 1.04e+00    -  1.00e+00 1.00e+00h  1
1153  2.6802417e+01 1.79e+00 2.01e-01  -6.1 3.97e+00    -  5.88e-02 2.24e-01h  2
1154  2.6800471e+01 3.57e+00 2.12e-01  -6.1 2.07e+00    -  3.51e-01 2.03e-01h  1
1155  2.6799384e+01 3.01e+00 1.88e-01  -6.1 7.39e-01    -  5.01e-01 1.60e-01h  3
1156  2.6798269e+01 1.95e+00 4.70e-01  -6.1 2.01e-01    -  1.67e-01 1.00e+00h  1
1157  2.6799102e+01 2.89e+00 3.37e-01  -6.1 3.43e-01    -  2.53e-01 9.97e-01H  1
1158  2.6794167e+01 2.57e-01 4.18e-02  -6.1 5.06e-01    -  1.00e+00 1.00e+00h  1
1159  2.6793606e+01 1.45e+00 3.90e-02  -6.1 9.29e-01    -  4.06e-01 1.32e-01h  2
iter    objective    inf_pr   inf_du lg(mu)  ||d||  lg(rg) alpha_du alpha_pr  ls
1160  2.6793529e+01 6.27e-02 1.72e-02  -6.1 1.22e-01    -  1.00e+00 1.00e+00h  1
1161  2.6793352e+01 3.98e-02 2.15e-02  -6.1 6.99e-02    -  1.00e+00 1.00e+00h  1
1162  2.6793139e+01 2.90e-02 1.22e-02  -6.1 7.01e-02    -  1.00e+00 1.00e+00h  1
1163  2.6792788e+01 1.38e-02 6.19e-03  -6.1 3.43e-02    -  1.00e+00 1.00e+00h  1
1164  2.6788974e+01 5.23e-02 4.11e-02  -6.4 3.81e-01    -  9.99e-01 1.00e+00h  1
1165  2.6788159e+01 1.20e-01 1.40e-01  -6.5 5.18e+00    -  2.46e-01 5.75e-02h  3
1166  2.6783272e+01 2.82e-01 1.04e-01  -6.5 2.53e+00    -  4.04e-01 3.76e-01h  1
1167  2.6782014e+01 1.84e+00 9.41e-02  -6.5 6.35e+00    -  1.78e-01 4.61e-02h  3
1168  2.6780497e+01 2.52e+00 5.38e-02  -6.5 1.45e+00    -  2.27e-01 2.71e-01h  1
1169  2.6785650e+01 2.24e+00 7.06e-02  -6.1 1.74e+00    -  3.28e-01 4.10e-01f  1
iter    objective    inf_pr   inf_du lg(mu)  ||d||  lg(rg) alpha_du alpha_pr  ls
1170  2.6797289e+01 1.64e+00 9.79e-02  -6.4 1.78e+00    -  1.97e-01 3.49e-01h  1
1171  2.6779717e+01 1.21e+00 7.15e-02  -6.4 8.74e-01    -  6.57e-01 1.00e+00h  1
1172  2.6779208e+01 4.88e-01 1.25e-01  -6.4 3.76e-01    -  6.93e-01 9.82e-01h  1
1173  2.6787149e+01 4.48e+00 5.45e-02  -6.0 2.54e+00    -  1.62e-01 3.90e-01h  1
1174  2.6793742e+01 3.02e+00 1.75e-01  -6.4 2.41e+00    -  2.07e-01 3.25e-01H  1
1175  2.6780628e+01 1.13e+00 7.85e-02  -6.4 9.98e-01    -  7.67e-01 6.92e-01h  1
1176  2.6779574e+01 2.70e+00 3.57e-02  -6.4 2.29e+00    -  9.61e-02 1.06e-01h  2
1177  2.6777798e+01 1.33e+00 2.41e-02  -6.4 4.90e-01    -  6.99e-01 6.58e-01h  1
1178  2.6783197e+01 8.07e-01 5.19e-02  -6.4 8.17e-01    -  2.99e-01 3.99e-01h  1
1179  2.6776115e+01 1.66e-01 8.27e-02  -6.5 2.91e-01    -  6.16e-02 8.71e-01h  1
iter    objective    inf_pr   inf_du lg(mu)  ||d||  lg(rg) alpha_du alpha_pr  ls
1180  2.6775665e+01 6.98e-02 1.65e-01  -6.9 2.79e-01    -  3.31e-01 6.43e-01h  1
1181  2.6780970e+01 1.40e+00 5.73e-01  -6.3 7.85e-01    -  3.23e-01 1.00e+00h  1
1182  2.6780114e+01 1.88e+00 7.03e-01  -6.5 1.69e+00    -  5.44e-01 1.20e-01h  3
1183  2.6775627e+01 1.52e+00 1.02e-01  -6.5 6.04e-01    -  8.23e-01 8.75e-01h  1
1184  2.6778780e+01 1.15e+00 7.41e-02  -6.6 1.66e+00    -  4.56e-01 2.39e-01h  1
1185  2.6774215e+01 3.42e-01 1.95e-01  -6.6 2.70e-01    -  1.39e-02 7.06e-01h  1
1186  2.6773358e+01 3.97e-01 1.32e-01  -7.2 4.53e-01    -  4.46e-01 3.68e-01h  1
1187  2.6772109e+01 4.36e-01 1.04e-01  -7.2 4.31e-01    -  2.42e-01 2.80e-01h  1
1188  2.6773652e+01 7.60e+00 9.14e-02  -6.3 1.84e+00    -  1.17e-01 1.20e-01h  3
1189  2.6772010e+01 3.78e+00 6.85e-02  -6.8 3.98e-01    -  4.55e-01 4.99e-01h  1
iter    objective    inf_pr   inf_du lg(mu)  ||d||  lg(rg) alpha_du alpha_pr  ls
1190  2.6775601e+01 3.18e+00 6.04e-02  -6.4 1.36e+00    -  1.40e-01 3.10e-01H  1
1191  2.6773594e+01 2.46e+00 4.61e-02  -6.8 8.24e-01    -  3.59e-01 2.29e-01h  1
1192  2.6772348e+01 3.90e+00 2.47e-02  -6.8 1.21e+00    -  1.61e-01 1.52e-01h  1
1193  2.6770876e+01 2.24e+00 8.87e-02  -6.8 4.25e-01    -  1.41e-01 4.25e-01h  1
1194  2.6773727e+01 3.18e+00 7.13e-02  -6.2 1.49e+00    -  1.84e-01 2.46e-01f  2
1195  2.6772960e+01 3.25e+00 6.86e-02  -6.7 6.56e-01    -  3.44e-01 2.74e-01h  1
1196  2.6771199e+01 2.07e+00 1.75e-01  -6.7 5.15e-01    -  1.00e+00 3.65e-01h  1
1197  2.6773652e+01 2.61e+00 1.66e-01  -6.2 2.21e+00    -  2.20e-01 1.70e-01f  2
1198  2.6773226e+01 2.43e+00 1.58e-01  -6.6 1.43e+00    -  9.46e-02 6.94e-02h  3
1199  2.6771631e+01 6.53e-01 6.16e-02  -6.6 4.72e-01    -  5.00e-01 7.15e-01h  1
iter    objective    inf_pr   inf_du lg(mu)  ||d||  lg(rg) alpha_du alpha_pr  ls
1200  2.6772299e+01 5.45e-01 5.13e-02  -6.3 1.15e+00    -  1.68e-01 1.68e-01f  3
1201  2.6771104e+01 3.19e-01 1.41e-01  -6.6 4.22e-01    -  9.63e-01 4.17e-01h  1
1202  2.6771231e+01 2.10e+00 9.12e-02  -6.3 2.78e+00    -  3.10e-01 1.02e-01h  3
1203  2.6770452e+01 5.25e-01 4.07e-02  -6.6 2.30e-01    -  1.00e+00 7.46e-01h  1
1204  2.6778901e+01 7.22e+00 1.02e-01  -6.2 1.06e+00    -  3.84e-01 1.00e+00f  1
1205  2.6778681e+01 6.97e+00 7.49e-02  -6.5 6.88e+00    -  1.48e-01 3.69e-02h  2
1206  2.6771557e+01 2.98e-01 5.96e-02  -6.5 8.92e-01    -  5.24e-01 9.64e-01h  1
1207  2.6770984e+01 3.72e-01 1.02e-01  -6.5 5.32e+00    -  1.45e-01 3.32e-02h  3
1208  2.6770347e+01 1.27e-01 7.32e-02  -6.5 1.21e-01    -  8.74e-01 5.98e-01h  1
1209  2.6769589e+01 8.15e-01 2.01e-02  -6.6 2.80e-01    -  1.00e+00 1.00e+00h  1
iter    objective    inf_pr   inf_du lg(mu)  ||d||  lg(rg) alpha_du alpha_pr  ls
1210  2.6771080e+01 1.77e+00 4.26e-02  -6.3 9.59e-01    -  4.04e-01 2.84e-01H  1
1211  2.6770692e+01 1.43e+00 2.91e-02  -6.6 2.90e+00    -  2.59e-01 2.10e-01h  1
1212  2.6769437e+01 2.67e+00 1.54e-01  -6.6 1.08e+00    -  4.96e-01 2.63e-01h  1
1213  2.6770347e+01 2.77e+00 1.40e-01  -6.1 2.18e+00    -  9.95e-02 6.87e-02f  3
1214  2.6768935e+01 2.32e+00 1.81e-01  -6.6 7.96e-01    -  8.79e-01 3.07e-01h  1
1215  2.6775777e+01 1.37e+00 2.54e+00  -6.2 2.60e+00    -  3.87e-04 4.50e-01f  1
1216  2.6773586e+01 1.08e+00 2.05e+00  -6.6 6.03e+00    -  1.73e-02 1.95e-01h  2
1217  2.6772399e+01 5.58e+00 1.90e+00  -6.6 1.50e+01    -  2.70e-02 7.05e-02h  1
1218  2.6772057e+01 5.53e+00 1.88e+00  -6.6 1.08e+01    -  6.67e-04 8.92e-03h  1
1219  2.6770901e+01 5.32e+00 1.81e+00  -6.6 7.85e+00    -  7.91e-02 3.96e-02f  3
iter    objective    inf_pr   inf_du lg(mu)  ||d||  lg(rg) alpha_du alpha_pr  ls
1220  2.6769697e+01 5.12e+00 1.74e+00  -6.6 5.65e+00    -  9.11e-03 3.90e-02h  1
1221  2.6768726e+01 4.70e+00 1.57e+00  -6.6 3.33e+00    -  1.13e-01 9.91e-02h  2
1222  2.6766765e+01 6.35e+00 1.38e+00  -6.6 3.81e+00    -  2.48e-01 1.16e-01h  1
1223  2.6767736e+01 6.10e+00 1.33e+00  -6.1 7.14e+00    -  1.43e-01 4.19e-02h  2
1224  2.6768805e+01 6.52e+00 1.18e+00  -6.2 3.06e+00    -  1.66e-01 1.11e-01h  3
1225  2.6769950e+01 6.00e+00 9.43e-01  -6.5 4.77e+00    -  1.88e-01 2.00e-01h  1
1226  2.6768002e+01 5.08e+00 7.96e-01  -6.5 2.24e+00    -  3.80e-01 1.55e-01h  1
1227  2.6769797e+01 4.87e+00 5.00e-01  -6.4 1.65e+00    -  3.34e-01 3.72e-01H  1
1228  2.6765722e+01 3.99e+00 3.46e-01  -6.5 7.24e-01    -  5.85e-01 3.08e-01h  1
1229  2.6765002e+01 7.75e+00 3.57e-01  -6.8 1.09e+00    -  1.91e-01 3.46e-01h  1
iter    objective    inf_pr   inf_du lg(mu)  ||d||  lg(rg) alpha_du alpha_pr  ls
1230  2.6764303e+01 4.03e+00 1.31e-01  -6.3 4.86e-01    -  4.15e-01 4.86e-01h  1
1231  2.6763719e+01 6.35e+00 9.83e-02  -6.9 8.06e-01    -  2.53e-01 1.62e-01h  2
1232  2.6773843e+01 2.86e-01 1.63e+00  -6.0 1.81e+00    -  3.11e-01 1.00e+00h  1
1233  2.6775946e+01 2.71e-01 1.50e+00  -6.4 3.15e+00    -  7.28e-02 7.65e-02h  2
1234  2.6771291e+01 1.83e-01 1.36e+00  -6.4 9.88e-01    -  1.00e+00 4.01e-01h  1
1235  2.6770730e+01 3.12e-01 1.07e+00  -6.4 1.78e+00    -  2.88e-01 1.82e-01h  2
1236  2.6767027e+01 2.82e+00 3.34e-02  -6.4 5.24e-01    -  1.00e+00 1.00e+00h  1
1237  2.6764942e+01 2.18e+00 6.22e-02 -11.0 3.81e+00    -  1.64e-01 2.16e-01h  1
1238  2.6776443e+01 1.97e+00 9.77e-02  -5.8 1.89e+01    -  3.59e-02 1.79e-01h  1
1239  2.6776317e+01 2.48e+00 9.79e-02  -6.5 1.65e+01    -  9.00e-03 6.16e-03h  5
iter    objective    inf_pr   inf_du lg(mu)  ||d||  lg(rg) alpha_du alpha_pr  ls
1240  2.6763998e+01 1.01e+00 3.12e-01  -6.5 3.27e+00    -  6.72e-02 1.00e+00h  1
1241  2.6773706e+01 6.37e+00 3.08e-01  -5.5 6.11e+01    -  2.52e-02 1.59e-02h  3
1242  2.6769676e+01 4.76e+00 6.98e-02  -6.4 1.33e+00    -  7.85e-01 2.53e-01h  1
1243  2.6767626e+01 4.45e+00 6.50e-02  -6.4 2.99e+00    -  9.86e-02 6.52e-02h  1
1244  2.6766465e+01 3.58e+00 4.88e-02  -6.4 7.08e-01    -  1.39e-01 1.96e-01f  1
1245  2.6766037e+01 3.29e+00 1.20e-01  -6.4 1.25e+00    -  2.48e-01 8.20e-02h  1
1246  2.6765386e+01 2.73e+00 4.24e-02  -6.4 6.67e-01    -  3.09e-01 1.72e-01h  1
1247  2.6765160e+01 2.64e+00 3.67e-02  -6.4 2.57e+00    -  1.29e-01 3.45e-02h  2
1248  2.6764389e+01 3.98e+00 3.75e-02  -6.4 5.44e-01    -  4.77e-01 3.37e-01h  1
1249  2.6763988e+01 3.64e+00 2.38e-02  -6.4 1.35e+00    -  3.09e-01 8.33e-02h  1
iter    objective    inf_pr   inf_du lg(mu)  ||d||  lg(rg) alpha_du alpha_pr  ls
1250  2.6762139e+01 2.10e+00 4.76e-01  -7.0 7.25e-01    -  7.85e-02 6.66e-01h  1
1251  2.6761775e+01 1.84e+00 4.03e-01  -6.6 2.83e+00    -  5.23e-02 1.26e-01h  3
1252  2.6761392e+01 3.36e+00 3.09e-01  -6.5 1.89e+00    -  5.09e-01 1.99e-01h  1
1253  2.6774726e+01 5.89e+00 1.20e-01  -6.2 3.16e+00    -  2.35e-01 1.00e+00h  1
1254  2.6778190e+01 5.62e+00 1.19e-01  -6.5 1.73e+01    -  1.61e-01 5.49e-02h  2
1255  2.6768957e+01 3.10e+00 6.41e-02  -6.5 2.51e+00    -  4.23e-01 4.42e-01h  1
1256  2.6768378e+01 5.50e+00 1.27e-01  -6.5 1.65e+01    -  7.29e-05 2.19e-02h  1
1257  2.6765067e+01 3.30e+00 1.26e-01  -6.5 1.72e+00    -  3.30e-02 3.98e-01h  1
1258  2.6764868e+01 3.24e+00 1.19e-01  -6.5 1.05e+01    -  6.40e-02 1.74e-02h  3
1259  2.6761908e+01 6.52e-01 8.26e-02  -6.5 1.22e+00    -  4.78e-01 7.93e-01h  1
iter    objective    inf_pr   inf_du lg(mu)  ||d||  lg(rg) alpha_du alpha_pr  ls
1260  2.6767751e+01 6.03e-01 8.77e-02  -6.0 8.36e+00    -  9.69e-02 7.43e-02f  1
1261  2.6767625e+01 5.98e-01 6.29e-02  -6.5 2.64e+00    -  3.97e-01 7.23e-03h  1
1262  2.6765562e+01 5.21e-01 4.69e-02  -6.5 1.25e+00    -  1.94e-02 2.87e-01h  1
1263  2.6764127e+01 4.93e+00 3.58e-01  -6.5 1.32e+00    -  1.23e-02 3.53e-01h  1
1264  2.6762733e+01 3.94e+00 2.84e-01  -6.5 8.30e-01    -  2.59e-01 2.04e-01h  1
1265  2.6762411e+01 3.41e+00 2.66e-01  -6.5 9.96e-01    -  7.45e-02 1.39e-01h  2
1266  2.6761464e+01 3.00e+00 2.06e-01  -6.5 1.87e-01    -  2.74e-01 4.23e-01h  1
1267  2.6762140e+01 3.41e+00 8.34e-02  -6.5 2.01e-01    -  2.24e-01 5.32e-01H  1
1268  2.6761389e+01 2.07e+00 1.48e-01  -6.6 1.93e-01    -  1.00e+00 3.98e-01h  1
1269  2.6759885e+01 4.63e+00 4.57e-02 -11.0 8.19e-01    -  2.87e-01 3.52e-01h  1
iter    objective    inf_pr   inf_du lg(mu)  ||d||  lg(rg) alpha_du alpha_pr  ls
1270  2.6759928e+01 3.62e+00 1.20e-01  -6.5 6.73e-01    -  7.72e-02 2.22e-01h  1
1271  2.6759389e+01 8.38e-01 3.82e-02  -6.8 2.31e-01    -  1.54e-01 7.67e-01h  1
1272  2.6760553e+01 4.17e-01 9.01e-02  -6.5 3.62e-01    -  6.34e-01 5.00e-01f  2
1273  2.6760009e+01 1.28e+00 1.46e-01  -6.7 5.75e-01    -  7.28e-01 2.47e-01h  3
1274  2.6759049e+01 1.34e+00 1.00e-01  -6.7 8.36e-01    -  6.61e-01 3.74e-01H  1
1275  2.6759683e+01 1.24e+00 4.49e-02  -6.4 8.39e-01    -  5.85e-01 2.05e-01f  2
1276  2.6759141e+01 1.10e+00 2.48e-02  -6.6 3.88e-01    -  6.93e-01 4.00e-01h  1
1277  2.6758910e+01 1.97e+00 7.98e-02  -6.6 5.95e-01    -  4.55e-01 1.23e-01h  2
1278  2.6757964e+01 1.42e+00 2.82e-02  -6.7 1.67e-01    -  5.02e-01 1.00e+00h  1
1279  2.6764721e+01 1.11e+00 6.93e-02  -6.1 4.71e+00    -  6.28e-02 2.30e-01h  1
iter    objective    inf_pr   inf_du lg(mu)  ||d||  lg(rg) alpha_du alpha_pr  ls
1280  2.6768954e+01 1.00e+00 6.75e-02  -6.7 4.75e+00    -  4.32e-03 1.34e-01h  2
1281  2.6759720e+01 4.11e-01 2.95e-02  -6.7 1.26e+00    -  7.29e-01 5.92e-01h  1
1282  2.6759510e+01 6.24e-01 2.59e-02  -6.7 2.56e+00    -  9.64e-02 2.93e-02h  4
1283  2.6759157e+01 5.60e-01 1.68e-01  -6.7 3.28e-01    -  1.00e+00 1.02e-01h  1
1284  2.6758399e+01 5.09e+00 1.33e-01  -6.7 1.24e+00    -  2.18e-01 2.42e-01h  1
1285  2.6757491e+01 2.76e+00 2.10e-02  -6.7 4.44e-01    -  1.43e-01 4.70e-01h  1
1286  2.6758719e+01 1.94e+00 7.64e-02  -6.4 5.87e-01    -  7.00e-02 3.29e-01f  2
1287  2.6759524e+01 1.66e+00 7.51e-02  -6.7 9.39e-01    -  2.24e-01 1.77e-01h  1
1288  2.6758124e+01 1.08e+00 8.34e-02  -6.7 1.70e-01    -  2.18e-01 3.49e-01h  1
1289  2.6756916e+01 1.41e+00 3.60e-02  -6.7 2.50e-01    -  3.07e-01 5.26e-01f  1
iter    objective    inf_pr   inf_du lg(mu)  ||d||  lg(rg) alpha_du alpha_pr  ls
1290  2.6764278e+01 1.04e+00 2.29e-01  -6.3 1.06e+00    -  2.95e-01 1.00e+00f  1
1291  2.6763946e+01 1.01e+00 2.13e-01  -6.6 5.16e+00    -  7.95e-02 2.68e-02h  3
1292  2.6757714e+01 3.74e-01 3.20e-02  -6.6 8.40e-01    -  2.20e-01 9.82e-01h  1
1293  2.6757725e+01 7.68e-01 3.53e-02  -6.6 1.73e+00    -  5.12e-01 2.32e-02h  6
1294  2.6757031e+01 7.52e-01 1.29e-02  -6.7 1.20e-01    -  1.00e+00 1.00e+00h  1
1295  2.6761360e+01 1.06e+00 4.59e-02  -6.4 1.41e+00    -  4.66e-01 4.77e-01h  2
1296  2.6759880e+01 1.81e+00 2.61e-02  -6.6 9.36e-01    -  1.00e+00 5.15e-01h  1
1297  2.6759100e+01 1.63e+00 2.52e-02  -6.6 1.85e+00    -  1.04e-01 1.04e-01h  2
1298  2.6759194e+01 1.63e+00 4.88e-02  -6.6 7.22e-01    -  1.44e-01 2.14e-01h  1
1299  2.6757455e+01 7.70e-01 2.03e-01  -6.6 3.31e-01    -  3.27e-01 7.49e-01f  1
iter    objective    inf_pr   inf_du lg(mu)  ||d||  lg(rg) alpha_du alpha_pr  ls
1300  2.6757235e+01 1.41e+00 3.64e-01  -6.6 2.39e-01    -  8.88e-01 4.58e-01f  1
1301  2.6757203e+01 1.02e+00 2.30e-01  -6.6 2.26e-01    -  2.95e-01 7.58e-01h  1
1302  2.6757115e+01 6.26e-01 2.06e-01  -6.6 1.27e-01    -  1.62e-03 1.00e+00f  1
1303  2.6755812e+01 2.59e-01 2.31e-02  -6.9 2.33e-01    -  1.00e+00 1.00e+00h  1
1304  2.6757647e+01 1.95e+00 1.10e-01  -6.5 9.50e-01    -  7.55e-01 2.50e-01h  3
1305  2.6756741e+01 2.36e+00 7.22e-02  -6.7 4.92e-01    -  8.28e-01 5.42e-01h  1
1306  2.6756580e+01 2.23e+00 4.43e+00  -6.7 1.44e+00    -  3.93e-06 5.59e-02h  2
1307  2.6756194e+01 1.01e+00 2.01e+00  -6.7 1.68e-01    -  1.12e-01 5.47e-01h  1
1308  2.6755910e+01 2.01e+00 1.55e+01  -6.7 1.17e-01    -  6.32e-06 4.50e-01f  1
1309  2.6755791e+01 1.15e+00 9.27e+02  -6.7 1.86e-01    -  2.44e-07 4.29e-01f  2
iter    objective    inf_pr   inf_du lg(mu)  ||d||  lg(rg) alpha_du alpha_pr  ls
1310  2.6755369e+01 1.16e+00 4.22e+01  -6.7 1.87e-01    -  3.36e-01 9.54e-01H  1
1311  2.6755271e+01 1.01e+00 3.32e+01  -6.7 3.92e-01    -  1.00e+00 2.13e-01h  3
1312  2.6755174e+01 1.61e+00 1.01e+00  -6.8 1.39e-01    -  7.57e-01 9.70e-01h  1
1313  2.6757694e+01 1.12e+00 3.68e-02  -6.5 5.02e-01    -  1.00e+00 1.00e+00h  1
1314  2.6757679e+01 1.07e+00 9.95e-02  -6.6 2.12e+00    -  1.69e-01 3.84e-02h  3
1315  2.6756744e+01 1.19e+00 3.13e-02  -6.6 1.33e-01    -  1.00e+00 9.45e-01h  1
1316  2.6756665e+01 8.93e-01 3.27e-02  -6.6 2.51e-01    -  1.00e+00 2.50e-01h  3
1317  2.6756571e+01 1.16e+00 6.23e-02  -6.6 1.31e-01    -  1.92e-01 1.00e+00h  1
1318  2.6756613e+01 6.42e-01 3.82e-02  -6.6 1.24e-01    -  1.00e+00 4.66e-01h  1
1319  2.6756702e+01 1.09e+00 1.84e+00  -6.6 1.28e-01    -  1.50e-04 4.81e-01h  2
iter    objective    inf_pr   inf_du lg(mu)  ||d||  lg(rg) alpha_du alpha_pr  ls
1320  2.6756851e+01 3.09e-02 7.72e-02  -6.6 5.70e-02    -  5.16e-01 1.00e+00h  1
1321  2.6756068e+01 7.21e-03 9.52e-03  -6.8 9.09e-02    -  1.00e+00 1.00e+00h  1
1322  2.6756564e+01 1.10e+00 2.44e-01  -6.5 2.67e-01    -  1.00e+00 1.88e-01h  2
1323  2.6756786e+01 6.89e-01 2.43e-02  -6.6 8.75e-02    -  8.78e-01 1.00e+00h  1
1324  2.6756636e+01 5.66e-01 1.40e-02  -6.6 7.50e-02    -  6.94e-01 1.00e+00h  1
1325  2.6756685e+01 5.34e-01 1.76e-02  -6.6 7.79e-02    -  1.00e+00 1.00e+00h  1
1326  2.6756730e+01 1.06e+00 6.02e-03  -6.6 4.79e-02    -  1.00e+00 1.00e+00h  1
1327  2.6756761e+01 7.61e-03 4.14e-03  -6.6 3.15e-02    -  8.17e-01 1.00e+00h  1
1328  2.6755988e+01 2.46e-03 1.11e-02  -6.7 6.75e-02    -  1.00e+00 1.00e+00h  1
1329  2.6755638e+01 3.60e+00 1.84e-01  -6.7 5.13e-01    -  1.00e+00 2.19e-01h  3
iter    objective    inf_pr   inf_du lg(mu)  ||d||  lg(rg) alpha_du alpha_pr  ls
1330  2.6754539e+01 1.65e+00 5.87e-02  -6.8 3.10e-01    -  1.00e+00 7.27e-01h  1
1331  2.6761167e+01 1.23e+00 1.43e+00  -6.3 1.45e+00    -  1.22e-04 5.33e-01f  1
1332  2.6760910e+01 2.70e+00 1.38e+00  -6.9 4.48e+00    -  1.27e-01 3.43e-02h  2
1333  2.6758290e+01 1.95e+00 9.98e-01  -6.9 8.29e-01    -  3.38e-01 2.78e-01h  1
1334  2.6758090e+01 1.91e+00 9.77e-01  -6.9 2.88e+00    -  3.40e-01 2.10e-02h  3
1335  2.6753375e+01 1.60e-01 4.53e-02  -6.9 6.37e-01    -  3.42e-01 1.00e+00h  1
1336  2.6753417e+01 1.55e-01 7.07e-02  -6.9 2.50e+00    -  3.09e-01 4.30e-02h  4
1337  2.6753209e+01 3.74e-01 2.14e-02  -6.9 4.39e-02    -  9.81e-01 1.00e+00h  1
1338  2.6756432e+01 5.95e-01 3.05e-02  -6.5 6.87e-01    -  4.68e-01 7.17e-01h  1
1339  2.6756434e+01 5.87e-01 3.36e-02  -6.8 3.42e+00    -  4.93e-02 1.62e-02h  4
iter    objective    inf_pr   inf_du lg(mu)  ||d||  lg(rg) alpha_du alpha_pr  ls
1340  2.6754149e+01 1.60e-01 2.85e-02  -6.8 3.32e-01    -  2.81e-01 1.00e+00h  1
1341  2.6754134e+01 1.47e+00 1.58e-02  -6.8 3.54e+00    -  3.18e-01 1.88e-02h  5
1342  2.6754072e+01 7.48e-01 1.07e-02  -6.8 7.91e-02    -  5.16e-01 4.92e-01h  1
1343  2.6754050e+01 1.06e+00 1.92e-02  -6.8 9.94e-02    -  1.00e+00 5.00e-01f  2
1344  2.6754078e+01 3.68e-01 5.68e-03  -6.8 2.26e-02    -  1.00e+00 1.00e+00h  1
1345  2.6754056e+01 4.14e-04 3.87e-03  -6.8 1.92e-02    -  1.00e+00 1.00e+00h  1
1346  2.6752906e+01 5.12e-01 4.71e-02  -7.0 6.28e-01    -  1.00e+00 4.30e-01h  1
1347  2.6752945e+01 6.81e-01 4.34e-02  -6.7 1.92e+00    -  1.00e+00 4.23e-02h  4
1348  2.6752930e+01 1.40e+00 1.87e-02  -6.8 1.52e-01    -  2.95e-01 9.58e-01h  1
1349  2.6752877e+01 1.05e+00 1.76e-02  -6.8 2.45e-01    -  3.29e-01 2.50e-01h  3
iter    objective    inf_pr   inf_du lg(mu)  ||d||  lg(rg) alpha_du alpha_pr  ls
1350  2.6757828e+01 1.49e+00 1.15e-01  -6.5 1.08e+00    -  1.29e-01 8.98e-01h  1
1351  2.6757779e+01 1.47e+00 1.06e-01  -6.8 7.78e+00    -  1.16e-01 1.03e-02h  5
1352  2.6754063e+01 4.75e-01 1.21e-02  -6.8 1.08e+00    -  1.00e+00 6.94e-01h  1
1353  2.6754025e+01 4.71e-01 2.12e-02  -6.8 1.63e+01    -  7.41e-05 4.42e-03h  5
1354  2.6752852e+01 4.55e-03 7.94e-02  -6.8 2.91e-01    -  9.05e-03 1.00e+00h  1
1355  2.6754507e+01 2.63e+00 7.09e-02  -6.5 2.10e+00    -  3.43e-01 1.11e-01h  3
1356  2.6754511e+01 1.36e+00 2.98e-02  -6.8 2.11e-01    -  8.56e-01 1.00e+00h  1
1357  2.6753694e+01 8.33e-01 3.91e-02  -6.8 3.68e-01    -  5.23e-01 3.96e-01h  1
1358  2.6753497e+01 8.31e-01 1.80e+02  -6.8 1.38e-01    -  5.38e-07 1.00e+00f  1
1359  2.6753436e+01 7.54e-01 1.42e+02  -6.8 1.93e-01    -  8.31e-01 2.12e-01h  3
iter    objective    inf_pr   inf_du lg(mu)  ||d||  lg(rg) alpha_du alpha_pr  ls
1360  2.6753434e+01 2.48e-03 5.75e-03  -6.8 5.36e-02    -  8.98e-01 1.00e+00h  1
1361  2.6753398e+01 2.54e-03 4.02e-02  -6.8 1.10e-01    -  1.00e+00 2.11e-01h  3
1362  2.6753240e+01 6.81e-01 4.54e-02  -6.8 1.35e-01    -  1.00e+00 5.00e-01h  2
1363  2.6752833e+01 1.91e+00 1.77e-02  -6.9 2.46e-01    -  1.00e+00 5.69e-01h  1
1364  2.6754445e+01 1.64e+00 1.11e+02  -6.7 1.96e-01    -  6.87e-06 1.00e+00f  1
1365  2.6753603e+01 2.50e+00 7.38e+01  -7.0 6.58e-01    -  6.12e-01 3.34e-01h  1
1366  2.6753001e+01 2.22e+00 6.42e+01  -7.0 1.20e+00    -  3.66e-01 1.30e-01h  1
1367  2.6752645e+01 2.07e+00 5.98e+01  -7.0 2.17e+00    -  9.41e-05 6.87e-02h  2
1368  2.6752205e+01 1.76e+00 5.09e+01  -7.2 1.44e+00    -  2.59e-01 1.48e-01h  1
1369  2.6752034e+01 1.51e+00 4.37e+01  -7.3 2.11e+00    -  2.99e-01 1.43e-01h  1
iter    objective    inf_pr   inf_du lg(mu)  ||d||  lg(rg) alpha_du alpha_pr  ls
1370  2.6751491e+01 1.36e+00 3.67e+01  -7.1 9.54e-01    -  3.16e-01 1.59e-01h  1
1371  2.6751511e+01 1.07e+00 2.88e+01  -6.7 6.70e-01    -  1.98e-01 2.16e-01h  1
1372  2.6751284e+01 1.32e+00 2.48e+01  -7.0 6.57e-01    -  2.63e-01 1.39e-01h  1
1373  2.6750905e+01 1.59e+00 1.59e+01  -7.0 4.54e-01    -  9.35e-01 3.58e-01h  1
1374  2.6751059e+01 1.39e+00 1.36e+01  -7.1 1.97e+00    -  1.42e-01 1.42e-01h  2
1375  2.6753352e+01 1.65e+00 3.59e+00  -6.8 3.54e-01    -  2.23e-01 7.37e-01H  1
1376  2.6752574e+01 1.40e+00 3.03e+00  -7.1 2.81e-01    -  4.08e-01 1.56e-01h  1
1377  2.6752408e+01 1.09e+00 2.35e+00  -6.6 4.82e-01    -  2.20e-01 2.23e-01f  1
1378  2.6753289e+01 9.75e-01 2.09e+00  -6.4 3.56e+00    -  1.00e-01 1.12e-01h  1
1379  2.6753062e+01 1.58e+00 1.91e+00  -6.9 4.26e+00    -  1.77e-01 8.81e-02h  1
iter    objective    inf_pr   inf_du lg(mu)  ||d||  lg(rg) alpha_du alpha_pr  ls
1380  2.6751841e+01 1.44e+00 2.55e+01  -6.9 2.89e-01    -  1.58e-05 6.66e-01f  1
1381  2.6752312e+01 1.09e+00 1.93e+01  -6.9 1.81e+00    -  2.40e-01 2.44e-01h  1
1382  2.6752929e+01 6.27e-01 1.08e+01  -6.6 7.47e-01    -  3.04e-01 4.41e-01f  1
1383  2.6752735e+01 3.12e+00 1.01e+01  -6.8 2.84e+00    -  2.75e-02 6.29e-02h  3
1384  2.6752014e+01 1.08e+00 2.56e+00  -6.8 1.58e-01    -  2.68e-01 7.46e-01h  1
1385  2.6751240e+01 8.06e-01 1.90e+00 -11.0 1.41e+00    -  2.22e-01 2.59e-01h  1
1386  2.6750843e+01 7.27e-01 1.59e+00 -11.0 2.02e+00    -  8.01e-03 1.63e-01h  1
1387  2.6750836e+01 7.27e-01 1.59e+00 -11.0 2.21e+00    -  2.94e-01 9.53e-04h  1
1388  2.6750680e+01 6.75e-01 1.49e+00  -6.8 3.13e+00    -  3.69e-06 6.33e-02h  2
1389  2.6750183e+01 5.88e-01 1.29e+00  -7.7 1.19e+00    -  4.39e-01 1.29e-01h  1
iter    objective    inf_pr   inf_du lg(mu)  ||d||  lg(rg) alpha_du alpha_pr  ls
1390  2.6750369e+01 6.04e-01 1.25e+00  -6.6 3.44e+00    -  1.08e-01 3.58e-02h  2
1391  2.6750278e+01 5.77e-01 1.19e+00  -7.2 5.03e-01    -  4.50e-01 4.52e-02h  1
1392  2.6750278e+01 5.61e-01 1.16e+00  -7.2 6.59e+00    -  2.71e-02 2.33e-02h  3
1393  2.6749769e+01 3.83e-01 7.96e-01  -7.2 4.49e-01    -  1.00e+00 3.17e-01h  1
1394  2.6749464e+01 3.98e+00 6.11e-01  -7.4 2.19e+00    -  5.72e-01 2.32e-01h  1
1395  2.6749821e+01 3.21e+00 2.69e-01  -7.0 6.09e-01    -  4.70e-01 5.61e-01h  1
1396  2.6749380e+01 2.51e+00 2.10e-01  -7.2 2.23e-01    -  4.45e-01 2.17e-01h  1
1397  2.6749151e+01 2.19e+00 1.83e-01  -7.2 4.52e-01    -  3.83e-01 1.30e-01h  1
1398  2.6751776e+01 2.30e+00 1.22e-01  -6.5 3.48e+00    -  5.85e-02 3.34e-01h  1
1399  2.6751701e+01 2.28e+00 1.21e-01  -7.2 1.11e+01    -  4.10e-02 7.83e-03h  3
iter    objective    inf_pr   inf_du lg(mu)  ||d||  lg(rg) alpha_du alpha_pr  ls
1400  2.6750076e+01 1.14e+00 6.05e-02  -7.2 1.22e+00    -  6.69e-01 4.99e-01h  1
1401  2.6750038e+01 1.92e+00 6.00e-02  -7.2 9.44e+00    -  4.50e-02 8.48e-03h  5
1402  2.6748680e+01 1.43e-01 9.35e-03  -7.2 6.96e-01    -  1.00e+00 9.33e-01h  1
1403  2.6748706e+01 6.94e-01 2.94e-02  -6.9 4.51e+00    -  1.29e-01 1.20e-02h  5
1404  2.6748526e+01 3.90e-01 1.20e-02  -7.2 1.77e-01    -  1.00e+00 4.40e-01h  1
1405  2.6748666e+01 1.22e+00 2.58e-02  -6.8 2.23e+00    -  2.54e-01 3.83e-02f  4
1406  2.6748450e+01 4.58e-01 2.71e-02  -7.2 1.85e-01    -  1.00e+00 6.23e-01h  1
1407  2.6748397e+01 1.23e+00 2.19e-02  -7.3 1.56e+00    -  4.92e-01 3.77e-02h  4
1408  2.6748196e+01 5.72e-01 1.89e-02  -7.2 1.77e-01    -  1.00e+00 6.56e-01h  1
1409  2.6748511e+01 5.00e-01 2.64e-02  -7.0 6.73e-01    -  6.40e-01 1.31e-01h  3
iter    objective    inf_pr   inf_du lg(mu)  ||d||  lg(rg) alpha_du alpha_pr  ls
1410  2.6748523e+01 6.95e-01 1.98e-02  -7.2 5.87e-02    -  6.72e-01 1.00e+00h  1
1411  2.6748409e+01 5.59e-01 1.05e-02  -7.2 4.82e-02    -  1.00e+00 8.92e-01h  1
1412  2.6748136e+01 9.60e-02 6.17e-02  -7.3 1.69e-01    -  6.06e-01 1.00e+00h  1
1413  2.6748113e+01 6.10e-01 7.40e-02  -7.2 2.11e+00    -  2.63e-01 4.15e-02h  3
1414  2.6748117e+01 5.85e-03 5.31e-03  -7.2 1.68e-01    -  1.00e+00 1.00e+00h  1
1415  2.6747943e+01 3.94e-01 2.51e-02  -7.4 6.50e-01    -  6.27e-01 3.18e-01h  1
1416  2.6748162e+01 7.80e-01 1.86e-02  -7.1 4.13e-01    -  2.72e-01 2.50e-01h  3
1417  2.6747939e+01 4.44e-01 3.52e-02  -7.3 1.39e-01    -  1.00e+00 4.31e-01h  1
1418  2.6748117e+01 3.45e-01 2.84e-02  -7.1 7.04e-01    -  2.06e-01 2.23e-01f  3
1419  2.6748009e+01 3.10e-01 4.07e-02  -7.4 9.27e-01    -  1.00e+00 1.57e-01h  1
iter    objective    inf_pr   inf_du lg(mu)  ||d||  lg(rg) alpha_du alpha_pr  ls
1420  2.6747815e+01 1.00e+00 3.46e-02  -7.4 2.40e+00    -  1.77e-01 1.41e-01h  1
1421  2.6748447e+01 8.69e-01 2.35e-02  -6.9 9.73e-01    -  2.29e-01 1.69e-01f  2
1422  2.6748290e+01 7.64e-01 2.19e-02  -7.3 1.16e+00    -  9.84e-01 1.22e-01h  1
1423  2.6748243e+01 7.42e-01 3.09e-02  -7.3 5.14e+00    -  2.09e-01 3.54e-02h  3
1424  2.6748031e+01 6.18e-01 4.16e-02  -7.3 1.25e+00    -  5.62e-01 1.68e-01h  1
1425  2.6747878e+01 2.01e+00 2.20e-02  -7.3 3.26e+00    -  2.75e-01 4.84e-02h  3
1426  2.6747742e+01 1.14e+00 2.01e-02  -7.3 4.32e-01    -  6.39e-01 4.35e-01h  1
1427  2.6748091e+01 2.14e+00 1.07e-02  -6.9 8.53e-01    -  3.48e-01 1.65e-01f  2
1428  2.6747861e+01 9.40e-01 1.45e-02  -7.2 3.56e-01    -  7.34e-01 5.65e-01h  1
1429  2.6747816e+01 7.34e-01 6.51e-03  -7.2 6.01e-01    -  1.50e-01 2.21e-01h  1
iter    objective    inf_pr   inf_du lg(mu)  ||d||  lg(rg) alpha_du alpha_pr  ls
1430  2.6747737e+01 1.74e-01 4.82e-03  -7.2 1.34e-01    -  6.90e-01 7.65e-01f  1
1431  2.6747682e+01 8.70e-02 2.33e-02  -7.2 1.04e-01    -  1.00e+00 5.00e-01f  2
1432  2.6747672e+01 3.88e-01 2.75e-02  -7.2 4.79e-02    -  8.58e-01 1.00e+00h  1
1433  2.6748175e+01 9.94e-01 2.79e-01  -7.0 7.65e-02    -  4.43e-01 1.00e+00h  1
1434  2.6748642e+01 2.85e-01 1.03e-01  -7.2 3.49e-01    -  8.10e-01 7.11e-01h  1
1435  2.6747842e+01 2.87e-02 1.45e-02  -7.2 1.08e-01    -  8.20e-02 1.00e+00f  1
1436  2.6747443e+01 5.11e-02 1.53e-02  -7.4 5.83e-02    -  1.00e+00 1.00e+00h  1
1437  2.6747313e+01 3.39e-01 1.03e-01  -7.4 1.33e-01    -  1.00e+00 5.99e-01h  1
1438  2.6747176e+01 1.17e+00 1.12e-01  -7.6 1.02e+00    -  6.38e-01 2.07e-01h  1
1439  2.6748118e+01 1.24e+00 7.72e-02  -7.2 1.20e-01    -  1.71e-01 1.00e+00h  1
iter    objective    inf_pr   inf_du lg(mu)  ||d||  lg(rg) alpha_du alpha_pr  ls
1440  2.6747643e+01 7.10e-01 3.98e-02  -7.5 4.92e-01    -  6.05e-01 4.24e-01h  1
1441  2.6747316e+01 4.48e-01 4.08e-02  -7.5 2.22e-01    -  1.77e-01 3.69e-01h  1
1442  2.6747439e+01 2.70e-01 3.10e-02  -7.5 2.13e-01    -  3.62e-01 4.03e-01h  1
1443  2.6746957e+01 2.96e-02 2.54e-02  -7.5 4.65e-02    -  5.33e-01 8.92e-01f  1
1444  2.6746927e+01 1.20e-03 3.59e-02  -7.5 3.59e-02    -  4.53e-01 1.00e+00f  1
1445  2.6746738e+01 3.00e-03 3.40e-03  -7.7 5.87e-02    -  1.00e+00 9.95e-01h  1
1446  2.6746764e+01 1.96e+00 5.61e-02  -7.4 5.30e-01    -  7.77e-01 9.16e-02h  2
1447  2.6746746e+01 1.03e+00 4.93e-02  -7.5 4.46e-02    -  3.29e-01 4.76e-01h  1
1448  2.6746726e+01 8.46e-01 6.19e-02  -7.5 1.64e-01    -  4.22e-01 1.78e-01h  1
1449  2.6747376e+01 7.43e-01 6.67e-02  -7.2 1.70e-01    -  5.87e-01 1.00e+00f  1
iter    objective    inf_pr   inf_du lg(mu)  ||d||  lg(rg) alpha_du alpha_pr  ls
1450  2.6747421e+01 6.63e-01 7.12e-02  -7.4 6.99e-01    -  3.36e-01 1.49e-01h  2
1451  2.6747113e+01 7.76e-01 3.19e-02  -7.4 9.36e-02    -  7.36e-01 6.15e-01h  1
1452  2.6747103e+01 6.52e-01 2.44e-02  -7.4 5.64e-01    -  3.41e-01 1.73e-01h  2
1453  2.6746949e+01 5.59e-01 2.14e-02  -7.4 5.47e-02    -  6.10e-01 8.73e-01h  1
1454  2.6746944e+01 7.97e-01 2.74e-02  -7.4 9.18e-02    -  8.17e-01 4.56e-01f  2
1455  2.6746944e+01 7.12e-03 1.33e-02  -7.4 2.88e-02    -  5.28e-01 1.00e+00h  1
1456  2.6746949e+01 3.48e-01 1.99e-02  -7.4 1.09e-02    -  1.00e+00 1.00e+00h  1
1457  2.6746946e+01 3.73e-02 7.24e-03  -7.4 5.52e-03    -  1.00e+00 1.00e+00h  1
1458  2.6746944e+01 3.64e-02 1.62e-02  -7.4 4.81e-03    -  1.00e+00 1.00e+00h  1
1459  2.6746942e+01 8.18e-03 6.08e-03  -7.4 1.45e-02    -  1.00e+00 1.00e+00h  1
iter    objective    inf_pr   inf_du lg(mu)  ||d||  lg(rg) alpha_du alpha_pr  ls
1460  2.6746943e+01 4.11e-03 1.40e-02  -7.4 1.39e-01    -  1.00e+00 5.00e-01h  2
1461  2.6746933e+01 2.39e-01 2.37e-02  -7.4 1.76e-01    -  1.00e+00 3.55e-01h  2
1462  2.6746909e+01 5.33e-01 1.23e-02  -7.4 3.26e-01    -  8.64e-01 1.83e-01h  2
1463  2.6746906e+01 2.59e-01 1.60e-02  -7.4 6.78e-02    -  5.70e-01 7.79e-01h  1
1464  2.6746886e+01 2.51e-01 8.45e-03  -7.4 2.39e-02    -  1.00e+00 1.00e+00f  1
1465  2.6746887e+01 1.01e-03 2.88e-03  -7.4 2.58e-02    -  1.00e+00 1.00e+00h  1
1466  2.6746794e+01 1.02e-01 1.30e-02  -7.5 1.30e-01    -  1.00e+00 9.95e-01h  1
1467  2.6746711e+01 1.32e+00 2.76e-02  -7.6 2.28e+00    -  1.97e-01 2.22e-01h  1
1468  2.6746881e+01 9.91e-01 2.73e-02  -7.3 6.67e-01    -  7.61e-01 2.50e-01f  3
1469  2.6746853e+01 1.01e+00 2.37e-02  -7.4 1.83e-01    -  5.77e-01 4.39e-01h  1
iter    objective    inf_pr   inf_du lg(mu)  ||d||  lg(rg) alpha_du alpha_pr  ls
1470  2.6746747e+01 9.44e-01 3.75e-02  -7.4 4.38e-01    -  6.73e-01 3.10e-01h  1
1471  2.6746744e+01 1.34e+00 1.08e-02  -7.4 2.40e-01    -  1.00e+00 1.00e+00h  1
1472  2.6746753e+01 8.50e-01 8.82e-03  -7.4 5.40e-01    -  2.74e-01 3.65e-01h  1
1473  2.6746749e+01 5.12e-01 7.56e-03  -7.4 3.98e-01    -  2.18e-01 3.99e-01f  2
1474  2.6747090e+01 2.56e-01 2.59e-02  -7.4 4.86e-01    -  7.66e-01 7.50e-01H  1
1475  2.6746781e+01 9.95e-02 2.37e-02  -7.4 8.81e-02    -  1.00e+00 1.00e+00f  1
1476  2.6746727e+01 1.48e-01 2.44e-02  -7.4 1.81e-01    -  8.73e-01 2.28e-01h  1
1477  2.6747773e+01 7.77e-01 8.17e-01  -6.8 6.68e-01    -  2.86e-01 8.02e-01f  1
1478  2.6747719e+01 7.77e-01 8.64e-01  -7.2 3.84e+00    -  2.89e-01 5.78e-02h  2
1479  2.6747260e+01 5.73e-03 1.10e-02  -7.2 2.96e-01    -  1.00e+00 1.00e+00h  1
iter    objective    inf_pr   inf_du lg(mu)  ||d||  lg(rg) alpha_du alpha_pr  ls
1480  2.6747249e+01 9.61e-02 3.12e-02  -7.2 2.00e-01    -  8.08e-01 3.65e-01h  2
1481  2.6747228e+01 3.24e-01 2.59e-02  -7.2 6.12e-02    -  7.98e-01 5.09e-01h  1
1482  2.6747212e+01 5.31e-01 4.81e-02  -7.2 8.86e-02    -  1.00e+00 3.72e-01f  1
1483  2.6747210e+01 3.98e-01 3.80e-02  -7.2 1.99e-02    -  7.98e-02 2.50e-01f  3
1484  2.6747215e+01 5.05e-04 4.41e-02  -7.2 4.63e-02    -  3.67e-01 1.00e+00h  1
1485  2.6747234e+01 5.44e-01 1.84e-02  -7.2 5.29e-02    -  1.00e+00 1.00e+00h  1
1486  2.6747297e+01 8.89e-01 1.36e-02  -7.2 7.89e-02    -  8.61e-01 1.00e+00h  1
1487  2.6747316e+01 6.11e-01 2.31e-02  -7.2 1.65e-01    -  6.56e-01 3.17e-01h  1
1488  2.6747314e+01 2.83e-01 6.77e-03  -7.2 5.07e-02    -  4.14e-01 5.37e-01f  1
1489  2.6747334e+01 5.83e-04 6.61e-03  -7.2 3.29e-02    -  1.00e+00 1.00e+00f  1
iter    objective    inf_pr   inf_du lg(mu)  ||d||  lg(rg) alpha_du alpha_pr  ls
1490  2.6747367e+01 2.85e-01 1.62e-02  -7.2 1.10e-01    -  1.00e+00 1.00e+00h  1
1491  2.6747410e+01 5.09e-01 2.44e-02  -7.2 2.42e-01    -  1.00e+00 5.00e-01h  2
1492  2.6747429e+01 2.74e-01 1.96e-02  -7.2 1.68e-01    -  1.00e+00 5.00e-01h  2
1493  2.6747433e+01 2.98e-01 6.69e-02  -7.2 1.36e-01    -  1.00e+00 2.50e-01h  3
1494  2.6747443e+01 3.93e-01 4.13e-02  -7.2 1.30e-01    -  1.00e+00 3.76e-01h  1
1495  2.6747470e+01 5.21e-03 1.67e-02  -7.2 4.90e-02    -  8.51e-01 1.00e+00h  1
1496  2.6747511e+01 4.74e-03 9.96e-03  -7.2 7.59e-02    -  1.00e+00 1.00e+00H  1
1497  2.6747492e+01 1.48e-04 5.75e-03  -7.2 2.12e-02    -  1.00e+00 1.00e+00h  1
1498  2.6747292e+01 2.86e-04 4.90e-03  -7.5 1.09e-01    -  1.00e+00 1.00e+00h  1
1499  2.6747052e+01 7.61e-01 1.76e-01  -7.6 1.15e+00    -  6.21e-01 3.35e-01h  1
iter    objective    inf_pr   inf_du lg(mu)  ||d||  lg(rg) alpha_du alpha_pr  ls
1500  2.6746794e+01 1.31e+00 4.42e-02  -7.6 5.26e-01    -  5.09e-02 4.22e-01f  1
1501  2.6746700e+01 1.13e+00 4.33e-02  -7.6 3.77e-01    -  2.81e-01 1.39e-01f  2
1502  2.6747994e+01 7.89e-01 1.80e-02  -7.1 1.16e+00    -  1.00e+00 1.00e+00h  1
1503  2.6747974e+01 1.74e+00 4.70e-02  -7.2 3.69e+00    -  3.55e-01 5.28e-02h  3
1504  2.6747641e+01 1.88e-02 6.63e-03  -7.2 2.61e-01    -  1.00e+00 1.00e+00h  1
1505  2.6747665e+01 1.19e-02 4.16e-02  -7.2 2.54e-01    -  1.00e+00 3.32e-01h  2
1506  2.6747602e+01 4.83e-01 2.98e-02  -7.2 6.53e-02    -  1.00e+00 6.21e-01h  1
1507  2.6747631e+01 2.41e-01 7.03e-03  -7.2 8.24e-02    -  7.07e-01 5.00e-01f  2
1508  2.6747642e+01 3.95e-01 2.21e-02  -7.2 9.67e-02    -  1.00e+00 5.00e-01h  2
1509  2.6747656e+01 3.57e-01 1.34e-02  -7.2 7.82e-02    -  1.00e+00 1.00e+00h  1
iter    objective    inf_pr   inf_du lg(mu)  ||d||  lg(rg) alpha_du alpha_pr  ls
1510  2.6747665e+01 1.22e+00 4.68e-03  -7.2 2.29e-01    -  7.30e-01 3.82e-01h  1
1511  2.6747669e+01 2.28e-02 8.74e-03  -7.2 5.42e-02    -  7.20e-01 1.00e+00h  1
1512  2.6747683e+01 2.15e-03 7.84e-03  -7.2 2.56e-02    -  1.00e+00 1.00e+00h  1
1513  2.6747665e+01 5.60e-04 3.98e-03  -7.2 1.19e-02    -  1.00e+00 1.00e+00h  1
1514  2.6747665e+01 1.03e-04 3.16e-03  -7.2 1.50e-02    -  1.00e+00 1.00e+00h  1
1515  2.6747242e+01 2.39e+00 2.60e-02  -7.5 2.92e-01    -  1.00e+00 8.78e-01h  1
1516  2.6746813e+01 6.49e-01 1.03e-02  -7.6 3.57e-01    -  1.00e+00 7.73e-01h  1
1517  2.6746730e+01 9.19e-01 1.50e-02  -7.6 7.77e-01    -  1.78e-01 1.00e-01h  2
1518  2.6746708e+01 7.30e-01 1.55e-02  -7.6 8.05e-02    -  4.08e-01 2.07e-01h  1
1519  2.6748048e+01 8.26e-01 4.08e-02  -7.1 7.65e-01    -  2.39e-01 1.00e+00f  1
iter    objective    inf_pr   inf_du lg(mu)  ||d||  lg(rg) alpha_du alpha_pr  ls
1520  2.6748753e+01 8.99e-01 5.16e-02  -7.5 2.60e+00    -  1.69e-01 1.66e-01h  1
1521  2.6746908e+01 1.01e-01 2.22e-02  -7.5 4.50e-01    -  2.25e-01 9.97e-01h  1
1522  2.6746807e+01 1.26e-01 1.79e-02  -7.5 1.57e+00    -  4.52e-02 7.47e-02f  2
1523  2.6746795e+01 6.74e-01 3.12e-02  -7.5 2.79e-02    -  5.49e-01 1.00e+00h  1
1524  2.6746758e+01 3.13e-01 2.06e-02  -7.5 6.23e-02    -  1.00e+00 5.38e-01h  1
1525  2.6746719e+01 1.17e+00 2.52e+02  -7.5 3.37e-01    -  3.44e-07 2.09e-01h  1
1526  2.6746720e+01 1.02e+00 2.21e+02  -7.5 7.83e-02    -  1.71e-01 1.25e-01h  4
1527  2.6746714e+01 7.42e-01 1.60e+02  -7.5 1.54e-01    -  5.32e-01 2.74e-01h  1
1528  2.6746717e+01 6.96e-01 1.50e+02  -7.5 3.40e-02    -  8.83e-02 6.25e-02h  5
1529  2.6746783e+01 4.91e-03 9.06e-03  -7.5 3.69e-02    -  5.54e-01 1.00e+00h  1
iter    objective    inf_pr   inf_du lg(mu)  ||d||  lg(rg) alpha_du alpha_pr  ls
1530  2.6746671e+01 1.96e-04 2.03e-03  -7.6 1.96e-02    -  1.00e+00 1.00e+00h  1
1531  2.6746525e+01 1.20e-01 2.96e-02  -7.8 1.97e-02    -  1.00e+00 1.00e+00h  1
1532  2.6746600e+01 5.00e-01 4.23e-03  -7.6 2.35e-02    -  1.00e+00 1.00e+00h  1
1533  2.6746523e+01 1.18e-03 3.81e-03  -7.7 3.26e-02    -  1.00e+00 1.00e+00h  1
1534  2.6746868e+01 8.37e-01 1.69e-02  -7.4 9.79e-02    -  1.00e+00 1.00e+00h  1
1535  2.6746656e+01 8.13e-01 6.52e-03  -7.5 4.62e-02    -  1.00e+00 1.00e+00h  1
1536  2.6746640e+01 7.45e-02 1.55e-02  -7.5 5.95e-02    -  7.69e-01 9.17e-01h  1
1537  2.6746642e+01 2.01e-03 2.09e-02  -7.5 2.39e-02    -  7.75e-01 1.00e+00f  1
1538  2.6746613e+01 3.42e-01 1.64e-02  -7.5 4.34e-02    -  1.00e+00 1.00e+00h  1
1539  2.6746603e+01 3.34e-01 1.20e-02  -7.5 7.96e-02    -  1.00e+00 7.35e-01h  1
iter    objective    inf_pr   inf_du lg(mu)  ||d||  lg(rg) alpha_du alpha_pr  ls
1540  2.6746593e+01 4.16e-01 5.15e-03  -7.5 1.06e-01    -  3.47e-01 3.25e-01h  1
1541  2.6746589e+01 2.08e-01 5.14e-03  -7.5 3.20e-02    -  3.29e-01 5.00e-01h  2
1542  2.6746589e+01 3.01e-04 5.37e-03  -7.5 8.59e-03    -  1.00e+00 1.00e+00h  1
1543  2.6746495e+01 5.21e-02 1.08e-02  -7.6 7.88e-02    -  1.00e+00 9.75e-01h  1
1544  2.6746430e+01 3.97e-01 4.46e-02  -7.7 7.10e-01    -  9.32e-01 2.72e-01h  2
1545  2.6746269e+01 2.69e-01 2.36e-02  -7.7 4.13e-01    -  5.84e-01 9.71e-01h  1
1546  2.6747807e+01 1.55e-01 4.33e-02  -6.9 2.84e+00    -  3.60e-02 4.62e-01h  1
1547  2.6747695e+01 2.46e+00 4.25e-02  -7.7 8.70e+00    -  1.19e-01 3.88e-02h  1
1548  2.6747169e+01 1.75e+00 2.92e-02  -7.7 1.21e+00    -  5.79e-02 2.89e-01h  1
1549  2.6747137e+01 1.70e+00 2.79e-02  -7.7 1.89e+00    -  9.84e-02 3.15e-02h  3
iter    objective    inf_pr   inf_du lg(mu)  ||d||  lg(rg) alpha_du alpha_pr  ls
1550  2.6746947e+01 1.43e+00 3.16e-02  -7.7 9.42e-01    -  6.09e-01 1.59e-01h  1
1551  2.6746916e+01 1.42e+00 2.71e-02  -7.7 5.65e+00    -  7.09e-02 2.50e-03h  1
1552  2.6746840e+01 1.28e+00 2.39e-02  -7.7 5.79e-01    -  5.08e-01 1.03e-01f  1
1553  2.6746831e+01 1.26e+00 2.33e-02  -7.7 2.99e+00    -  4.99e-02 1.29e-02h  3
1554  2.6746499e+01 6.28e-01 2.53e-02  -7.7 5.30e-01    -  3.37e-01 5.02e-01h  1
1555  2.6746561e+01 5.93e-01 2.38e-02  -7.7 9.97e-01    -  1.31e-01 5.99e-02h  3
1556  2.6746535e+01 5.56e-01 1.77e-02  -7.7 2.20e-01    -  4.02e-01 6.09e-02h  1
1557  2.6746340e+01 5.07e-01 2.51e-02  -7.7 3.50e-01    -  1.00e+00 7.61e-01f  1
1558  2.6746263e+01 4.08e-01 2.31e-02  -7.7 5.62e-01    -  3.96e-01 1.96e-01h  1
1559  2.6746217e+01 3.92e-01 1.84e-02  -7.7 8.14e-02    -  9.55e-01 4.54e-01h  1
iter    objective    inf_pr   inf_du lg(mu)  ||d||  lg(rg) alpha_du alpha_pr  ls
1560  2.6746986e+01 6.01e-01 3.10e-01  -7.2 6.86e-01    -  1.80e-01 8.79e-01h  1
1561  2.6747256e+01 5.55e-01 2.94e-01  -7.6 1.63e+00    -  4.22e-01 9.28e-02h  1
1562  2.6746481e+01 2.03e-01 7.00e-02  -7.6 5.20e-01    -  1.22e-02 8.27e-01h  1
1563  2.6746435e+01 7.03e-01 3.56e-02  -7.6 4.33e-01    -  5.96e-01 1.57e-01h  3
1564  2.6746242e+01 2.38e-01 1.53e-02  -7.7 2.50e-01    -  5.50e-01 7.05e-01h  1
1565  2.6746233e+01 4.75e-01 2.46e-02  -7.7 7.68e-01    -  2.50e-01 2.29e-02h  3
1566  2.6746198e+01 2.87e-01 5.17e-03  -7.7 8.04e-02    -  1.06e-01 3.96e-01h  1
1567  2.6746198e+01 2.69e-01 1.62e-02  -7.7 6.50e-02    -  1.00e+00 6.25e-02h  5
1568  2.6746206e+01 1.61e-01 1.74e-02  -7.7 3.51e-02    -  4.63e-01 1.00e+00h  1
1569  2.6746177e+01 9.99e-02 6.77e-03  -7.7 3.63e-02    -  1.00e+00 1.00e+00h  1
iter    objective    inf_pr   inf_du lg(mu)  ||d||  lg(rg) alpha_du alpha_pr  ls
1570  2.6746001e+01 1.26e-03 3.14e-03  -7.9 2.10e-01    -  1.00e+00 1.00e+00h  1
1571  2.6745995e+01 1.24e-03 1.96e-02  -7.9 1.31e+00    -  1.00e+00 5.01e-02h  5
1572  2.6745955e+01 6.48e-01 1.62e-02  -7.9 6.60e-01    -  1.00e+00 6.90e-01h  1
1573  2.6746001e+01 4.58e-01 2.20e-02  -7.6 1.43e+00    -  5.01e-01 2.93e-01h  1
1574  2.6745987e+01 4.38e-01 2.29e-02  -7.8 2.53e+00    -  2.79e-01 4.38e-02h  1
1575  2.6747349e+01 3.43e+00 3.00e-02  -7.1 1.31e+00    -  9.50e-02 6.62e-01f  1
1576  2.6747180e+01 1.89e+00 2.49e-02  -7.7 3.21e+00    -  5.23e-01 4.46e-01h  1
1577  2.6747099e+01 1.84e+00 2.97e-02  -7.7 3.32e+00    -  3.54e-01 3.01e-02h  1
1578  2.6746803e+01 1.58e+00 3.54e-02  -7.7 1.16e+00    -  2.91e-01 1.37e-01f  1
1579  2.6746580e+01 1.38e+00 1.44e-02  -7.7 1.37e+00    -  4.87e-01 1.32e-01h  1
iter    objective    inf_pr   inf_du lg(mu)  ||d||  lg(rg) alpha_du alpha_pr  ls
1580  2.6746428e+01 1.22e+00 5.65e-02  -7.7 1.56e+00    -  2.74e-01 1.16e-01h  2
1581  2.6746253e+01 8.96e-01 2.35e-02  -7.7 8.21e-01    -  4.03e-01 2.67e-01h  1
1582  2.6746176e+01 1.11e+00 2.68e-02  -7.7 1.11e+00    -  4.51e-01 8.19e-02h  1
1583  2.6746025e+01 3.62e-01 1.50e-02  -7.7 4.78e-01    -  8.07e-01 8.05e-01f  1
1584  2.6745998e+01 9.19e-01 9.76e-03  -7.7 7.36e-01    -  4.56e-01 1.41e-01f  1
1585  2.6745993e+01 6.33e-01 1.77e-02  -7.7 3.58e-02    -  4.53e-02 3.11e-01f  2
1586  2.6745985e+01 6.72e-02 1.78e-02  -7.7 4.47e-02    -  6.83e-01 9.49e-01h  1
1587  2.6745968e+01 1.55e-01 5.91e-03  -7.7 5.34e-02    -  9.87e-01 4.18e-01f  1
1588  2.6746166e+01 9.79e-03 3.01e-01  -7.5 2.48e-01    -  1.39e-01 1.00e+00h  1
1589  2.6746091e+01 4.41e-01 2.63e-01  -7.8 1.32e+00    -  8.66e-01 2.78e-01h  2
iter    objective    inf_pr   inf_du lg(mu)  ||d||  lg(rg) alpha_du alpha_pr  ls
1590  2.6745998e+01 3.61e-01 1.65e-01  -7.8 5.79e-01    -  1.00e+00 3.27e-01h  1
1591  2.6745941e+01 4.42e-01 1.23e-01  -7.8 6.45e-01    -  4.85e-01 2.77e-01f  1
1592  2.6745882e+01 6.74e-01 5.72e-02  -7.8 2.52e-01    -  9.50e-01 5.28e-01h  1
1593  2.6745857e+01 2.43e-01 2.10e-02  -7.8 1.39e-01    -  6.31e-01 6.40e-01h  1
1594  2.6745798e+01 3.78e-01 8.71e-03  -7.9 2.03e-01    -  4.29e-01 6.17e-01h  1
1595  2.6746105e+01 6.16e-03 5.36e-02  -7.6 5.63e-01    -  1.06e-01 1.00e+00h  1
1596  2.6746072e+01 1.35e+00 4.65e-02  -7.9 1.28e+00    -  1.92e-01 1.35e-01h  1
1597  2.6745934e+01 8.36e-01 1.72e-02  -7.9 6.24e-01    -  7.13e-01 3.79e-01f  1
1598  2.6745904e+01 8.01e-01 2.65e+00  -7.9 2.70e+00    -  4.61e-06 4.26e-02h  2
1599  2.6745818e+01 4.04e-01 1.33e+00  -7.9 3.37e-01    -  7.12e-02 4.98e-01h  1
iter    objective    inf_pr   inf_du lg(mu)  ||d||  lg(rg) alpha_du alpha_pr  ls
1600  2.6745778e+01 1.25e+00 4.88e+00  -7.9 6.16e-01    -  1.86e-05 2.22e-01f  1
1601  2.6745688e+01 9.67e-01 3.76e+00  -9.4 8.36e-01    -  7.19e-01 2.29e-01h  1
1602  2.6745639e+01 1.36e+00 3.33e+00  -8.8 4.05e+00    -  2.67e-02 1.16e-01h  1
1603  2.6745665e+01 1.09e+00 1.48e+00  -8.1 3.40e-01    -  7.66e-01 5.56e-01h  1
1604  2.6745610e+01 8.94e-01 1.21e+00  -8.5 3.02e-01    -  8.74e-01 1.79e-01h  1
1605  2.6745597e+01 6.01e-01 8.13e-01  -8.0 1.78e-01    -  3.19e-01 3.29e-01h  1
1606  2.6745556e+01 5.03e-01 6.81e-01  -9.0 4.99e-01    -  8.44e-01 1.63e-01h  1
1607  2.6745554e+01 4.77e-01 6.47e-01  -7.9 1.65e-01    -  3.87e-01 5.10e-02h  1
1608  2.6745481e+01 7.32e-01 3.41e-01  -8.7 4.44e-01    -  8.80e-01 4.73e-01h  1
1609  2.6745519e+01 1.25e+00 2.61e-01  -8.0 5.12e-01    -  5.13e-01 2.33e-01h  1
iter    objective    inf_pr   inf_du lg(mu)  ||d||  lg(rg) alpha_du alpha_pr  ls
1610  2.6745496e+01 7.62e-01 1.60e-01  -8.3 7.73e-02    -  2.18e-01 3.89e-01h  1
1611  2.6745489e+01 6.72e-01 1.41e-01  -8.3 9.83e-02    -  2.27e-01 1.18e-01h  1
1612  2.6745484e+01 4.53e-01 9.50e-02  -8.3 5.10e-02    -  2.84e-01 3.26e-01h  1
1613  2.6745689e+01 1.03e+00 3.06e-02  -7.9 4.33e-01    -  1.91e-01 1.00e+00f  1
1614  2.6745639e+01 7.74e-01 2.86e-02  -8.2 1.01e+00    -  1.00e+00 2.47e-01h  1
1615  2.6745575e+01 1.95e+00 1.34e-02  -8.2 4.19e+00    -  3.35e-01 2.13e-01f  1
1616  2.6745523e+01 1.79e+00 1.06e-02  -8.2 3.33e+00    -  3.19e-01 8.30e-02h  1
1617  2.6745486e+01 1.65e+00 2.12e-02  -8.2 3.79e+00    -  3.94e-01 8.02e-02h  1
1618  2.6745472e+01 1.50e+00 1.61e-02  -8.2 1.38e+00    -  3.53e-01 8.77e-02h  1
1619  2.6745561e+01 1.13e+00 2.00e-02  -7.7 4.26e-01    -  3.03e-02 2.50e-01f  3
iter    objective    inf_pr   inf_du lg(mu)  ||d||  lg(rg) alpha_du alpha_pr  ls
1620  2.6745537e+01 9.80e-01 1.63e-02  -8.3 1.43e+00    -  2.13e-01 1.32e-01h  1
1621  2.6745517e+01 9.57e-01 9.04e-03  -8.3 7.12e+00    -  2.29e-01 2.35e-02h  1
1622  2.6745495e+01 8.75e-01 1.68e-02  -8.3 2.53e+00    -  1.24e-01 8.53e-02h  3
1623  2.6745441e+01 5.79e-01 1.61e-02  -8.3 1.35e+00    -  5.16e-01 4.43e-01h  1
1624  2.6745604e+01 1.18e+00 2.47e-02  -7.6 7.83e-01    -  2.02e-01 2.16e-01f  3
1625  2.6745526e+01 8.27e-01 2.40e-02  -8.1 3.18e-01    -  4.82e-01 3.00e-01h  1
1626  2.6745484e+01 7.10e-01 8.86e-03  -8.1 2.13e-01    -  2.29e-01 1.42e-01h  1
1627  2.6745442e+01 8.05e-01 2.81e-02  -8.1 8.18e-01    -  1.87e-01 2.33e-01h  1
1628  2.6745424e+01 6.85e-01 1.41e-02  -8.1 1.16e+00    -  2.49e-01 1.49e-01f  1
1629  2.6746427e+01 1.84e+00 2.54e-02  -7.5 3.04e-01    -  3.47e-02 1.00e+00f  1
iter    objective    inf_pr   inf_du lg(mu)  ||d||  lg(rg) alpha_du alpha_pr  ls
1630  2.6745961e+01 1.14e+00 2.34e-02  -8.1 9.78e-01    -  6.80e-01 3.79e-01h  1
1631  2.6745771e+01 9.24e-01 1.63e-02  -8.1 2.89e+00    -  3.10e-02 2.12e-01h  1
1632  2.6745761e+01 9.14e-01 1.90e-02  -8.1 2.22e+00    -  1.73e-01 1.14e-02h  1
1633  2.6745645e+01 9.77e-01 1.73e-02  -8.1 7.47e-01    -  1.06e-02 2.67e-01f  1
1634  2.6745635e+01 9.58e-01 1.70e-02  -8.1 3.31e+00    -  2.25e-01 1.96e-02h  1
1635  2.6745582e+01 1.57e+00 1.54e-02  -8.1 1.27e+01    -  7.73e-02 8.86e-02h  1
1636  2.6745543e+01 1.45e+00 2.16e-02  -8.1 4.88e+00    -  2.29e-01 7.95e-02h  1
1637  2.6745508e+01 1.56e+00 1.64e-02  -8.1 5.32e+00    -  2.53e-01 1.34e-01h  1
1638  2.6745471e+01 1.45e+00 1.97e-02  -8.1 3.53e+00    -  3.75e-01 7.24e-02h  1
1639  2.6745449e+01 1.42e+00 1.31e-02  -8.1 9.92e+00    -  2.04e-01 2.00e-02h  1
iter    objective    inf_pr   inf_du lg(mu)  ||d||  lg(rg) alpha_du alpha_pr  ls
1640  2.6745413e+01 1.25e+00 1.15e-02  -8.1 3.27e+00    -  2.02e-01 1.23e-01h  1
1641  2.6746705e+01 8.67e-01 7.73e-02  -7.2 2.58e+00    -  1.05e-01 8.12e-01f  1
1642  2.6746557e+01 7.81e-01 7.13e-02  -7.9 8.12e+00    -  2.03e-01 1.00e-01h  1
1643  2.6746282e+01 6.77e-01 5.92e-02  -7.9 1.17e+01    -  2.47e-01 1.32e-01h  1
1644  2.6746209e+01 2.38e+00 4.95e-02  -7.9 2.53e+00    -  3.83e-02 1.02e-01h  2
1645  2.6746110e+01 2.13e+00 7.94e-02  -7.9 1.18e+00    -  4.80e-01 1.03e-01h  1
1646  2.6745967e+01 1.84e+00 5.16e-02  -7.9 5.51e-01    -  3.28e-01 1.40e-01h  1
1647  2.6745757e+01 2.57e+00 2.36e-02  -7.9 1.55e-01    -  7.23e-01 5.54e-01h  1
1648  2.6745598e+01 1.82e+00 2.48e+01  -7.9 2.86e-01    -  1.73e-06 2.90e-01h  1
1649  2.6745574e+01 1.37e+00 1.87e+01  -7.9 1.37e-01    -  2.51e-01 2.46e-01h  1
iter    objective    inf_pr   inf_du lg(mu)  ||d||  lg(rg) alpha_du alpha_pr  ls
1650  2.6745527e+01 8.22e-01 1.12e+01  -7.9 1.49e-01    -  5.68e-01 4.04e-01f  1
1651  2.6745488e+01 9.81e-01 5.87e+00  -7.9 1.52e-01    -  7.27e-01 4.74e-01h  1
1652  2.6745479e+01 6.35e-01 3.80e+00  -7.9 3.14e-02    -  2.89e-01 3.52e-01h  1
1653  2.6745462e+01 5.58e-01 3.34e+00  -7.9 2.40e-01    -  1.38e-04 1.23e-01f  1
1654  2.6745424e+01 4.30e-01 2.57e+00 -11.0 5.34e-02    -  2.13e-01 2.30e-01h  1
1655  2.6745367e+01 1.05e+00 2.17e+00  -9.0 2.44e-01    -  2.58e-01 1.56e-01h  1
1656  2.6745362e+01 1.02e+00 2.11e+00  -8.7 1.05e-01    -  2.55e-01 2.68e-02h  1
1657  2.6745276e+01 5.82e-01 1.20e+00  -8.8 2.23e-01    -  4.93e-01 4.31e-01h  1
1658  2.6745274e+01 4.55e-01 9.37e-01  -8.4 4.39e-01    -  4.30e-01 2.20e-01h  1
1659  2.6745223e+01 1.95e-01 4.02e-01  -8.5 4.73e-02    -  7.38e-01 5.71e-01h  1
iter    objective    inf_pr   inf_du lg(mu)  ||d||  lg(rg) alpha_du alpha_pr  ls
1660  2.6745201e+01 1.59e-01 3.28e-01 -11.0 1.17e-01    -  3.71e-01 1.84e-01h  1
1661  2.6745202e+01 1.67e-01 2.22e-01  -8.3 1.02e-01    -  4.04e-01 3.21e-01h  1
1662  2.6745194e+01 1.42e-01 1.89e-01  -8.6 1.06e-01    -  6.67e-01 1.48e-01h  1
1663  2.6745303e+01 9.92e-01 1.15e+03  -8.1 5.17e-02    -  7.81e-07 1.00e+00f  1
1664  2.6745249e+01 6.74e-01 7.85e+02  -8.6 1.65e-01    -  3.82e-01 3.20e-01h  1
1665  2.6745231e+01 6.42e-01 7.47e+02  -8.6 5.48e-01    -  2.79e-02 4.77e-02h  1
1666  2.6745214e+01 5.31e-01 6.18e+02  -8.6 1.32e-01    -  7.86e-01 1.74e-01f  1
1667  2.6745189e+01 3.55e-01 4.13e+02  -8.6 1.37e-01    -  3.97e-01 3.32e-01h  1
1668  2.6745163e+01 3.61e-01 2.03e+02  -8.6 1.52e-01    -  6.65e-01 5.09e-01h  1
1669  2.6745293e+01 4.55e-01 6.80e+00  -8.1 9.06e-02    -  4.64e-01 9.66e-01f  1
iter    objective    inf_pr   inf_du lg(mu)  ||d||  lg(rg) alpha_du alpha_pr  ls
1670  2.6745279e+01 4.09e-01 6.11e+00  -8.4 2.07e-01    -  8.88e-01 1.02e-01h  1
1671  2.6745267e+01 3.74e-01 1.61e+02  -8.4 2.83e-01    -  5.16e-08 8.40e-02h  1
1672  2.6745218e+01 1.49e-01 6.40e+01  -8.4 2.39e-01    -  1.88e-01 6.03e-01f  1
1673  2.6745195e+01 7.51e-02 3.23e+01  -8.4 1.57e-01    -  6.24e-01 4.95e-01f  1
1674  2.6745185e+01 2.71e-02 1.15e+01  -8.4 8.90e-02    -  1.00e+00 6.43e-01f  1
1675  2.6745180e+01 2.22e-02 9.44e+00  -8.4 8.71e-02    -  7.93e-01 1.82e-01h  1
1676  2.6745151e+01 1.19e+00 2.91e+00  -8.5 1.93e-01    -  1.00e+00 6.91e-01h  1
1677  2.6745202e+01 2.14e-01 1.48e-02  -8.2 1.38e-01    -  8.51e-01 1.00e+00h  1
1678  2.6745199e+01 2.06e-01 8.53e-03  -8.3 6.64e-02    -  1.41e-01 3.60e-02h  1
1679  2.6745199e+01 1.99e-01 3.22e-02  -8.3 4.78e-02    -  2.78e-01 3.24e-02f  5
iter    objective    inf_pr   inf_du lg(mu)  ||d||  lg(rg) alpha_du alpha_pr  ls
1680  2.6745191e+01 1.93e-01 1.43e-02  -8.3 2.68e-01    -  8.83e-01 3.69e-01h  1
1681  2.6745180e+01 1.72e-01 1.38e-02  -8.3 2.02e-01    -  4.73e-01 5.00e-01f  2
1682  2.6745183e+01 1.23e-01 2.36e-02  -8.3 3.17e-01    -  3.54e-01 6.19e-01h  1
1683  2.6745175e+01 1.52e-01 1.37e-02  -8.3 1.85e-01    -  9.15e-01 1.90e-01f  3
1684  2.6745249e+01 2.33e-01 5.70e-02  -8.1 2.18e-01    -  5.19e-01 1.00e+00h  1
1685  2.6745233e+01 2.02e-01 6.55e-02  -8.3 2.55e-01    -  5.16e-01 1.34e-01h  1
1686  2.6745195e+01 1.92e-01 1.36e+02  -8.3 2.10e-01    -  1.21e-06 5.24e-01h  1
1687  2.6745182e+01 1.23e-01 8.70e+01  -8.3 5.63e-01    -  3.66e-01 3.59e-01f  2
1688  2.6745175e+01 2.08e-01 7.63e+01  -8.3 3.81e+00    -  2.59e-01 1.23e-01h  1
1689  2.6745172e+01 2.05e-01 7.49e+01  -8.3 4.14e+00    -  5.03e-01 1.77e-02h  1
iter    objective    inf_pr   inf_du lg(mu)  ||d||  lg(rg) alpha_du alpha_pr  ls
1690  2.6745156e+01 2.29e-01 7.09e+01  -8.3 1.16e+01    -  1.12e-01 5.34e-02h  1
1691  2.6745153e+01 4.51e-01 6.91e+01  -8.3 9.59e+00    -  1.38e-01 2.51e-02h  3
1692  2.6745144e+01 3.65e-01 5.59e+01  -8.3 1.93e+00    -  4.66e-01 1.92e-01h  1
1693  2.6745169e+01 3.26e-01 5.00e+01  -7.8 7.43e+00    -  2.31e-01 1.05e-01f  1
1694  2.6745160e+01 3.14e-01 4.82e+01  -8.2 4.69e+00    -  1.04e-01 3.66e-02h  1
1695  2.6745159e+01 3.39e-01 4.13e+01  -8.2 4.63e+00    -  1.22e-01 1.42e-01h  1
1696  2.6745149e+01 5.10e-01 3.28e+01  -8.2 3.29e+00    -  2.04e-01 2.07e-01h  1
1697  2.6745137e+01 4.86e-01 3.12e+01  -8.2 3.82e+00    -  3.63e-01 4.77e-02h  1
1698  2.6745131e+01 4.42e-01 2.83e+01  -8.2 2.95e+00    -  2.08e-01 9.27e-02h  1
1699  2.6745320e+01 2.29e-01 1.46e+01  -7.6 1.23e+00    -  6.70e-01 4.85e-01f  1
iter    objective    inf_pr   inf_du lg(mu)  ||d||  lg(rg) alpha_du alpha_pr  ls
1700  2.6745317e+01 3.48e-01 1.17e+01  -7.8 1.32e+00    -  3.47e-01 2.02e-01h  2
1701  2.6745311e+01 4.80e-01 9.02e+00  -7.8 9.70e-01    -  3.04e-01 2.26e-01h  1
1702  2.6745308e+01 4.48e-01 8.43e+00  -7.8 1.63e+00    -  4.79e-01 6.54e-02h  1
1703  2.6745319e+01 1.30e+00 7.00e+00  -7.8 3.31e+00    -  2.99e-01 1.70e-01h  2
1704  2.6745313e+01 9.17e-01 4.95e+00  -7.8 1.20e+00    -  5.68e-01 2.93e-01h  2
1705  2.6745318e+01 6.75e-01 3.64e+00  -7.8 1.37e+00    -  2.02e-01 2.65e-01h  1
1706  2.6745309e+01 5.73e-01 3.09e+00  -7.8 5.78e-01    -  4.01e-01 1.51e-01h  1
1707  2.6745308e+01 9.74e-01 1.88e+00  -7.8 2.36e-01    -  6.86e-01 3.91e-01h  1
1708  2.6745319e+01 2.57e-01 4.97e-01  -7.8 7.09e-02    -  4.80e-01 7.36e-01h  1
1709  2.6745319e+01 2.46e-01 4.75e-01  -7.8 2.13e-02    -  6.86e-01 4.43e-02f  5
iter    objective    inf_pr   inf_du lg(mu)  ||d||  lg(rg) alpha_du alpha_pr  ls
1710  2.6745321e+01 1.32e-01 2.53e-01  -7.8 4.08e-02    -  2.81e-01 4.66e-01h  1
1711  2.6745324e+01 2.98e-01 1.27e-01  -7.8 9.75e-02    -  9.37e-01 5.00e-01h  2
1712  2.6745324e+01 2.95e-01 8.07e-03  -7.8 5.51e-02    -  1.00e+00 1.00e+00h  1
1713  2.6745332e+01 6.89e-04 4.55e-03  -7.8 1.85e-02    -  9.84e-01 1.00e+00h  1
1714  2.6745234e+01 2.82e-05 4.89e-03  -8.2 1.33e-02    -  1.00e+00 1.00e+00h  1
1715  2.6745241e+01 2.67e-01 1.57e-02  -7.9 3.20e-02    -  1.00e+00 1.00e+00h  1
1716  2.6745216e+01 2.46e-01 1.59e-02  -8.0 2.00e-02    -  6.66e-01 7.26e-01h  1
1717  2.6745212e+01 1.45e-01 1.44e-02  -8.0 2.08e-02    -  3.61e-01 4.13e-01f  1
1718  2.6745203e+01 3.43e-01 3.79e-03  -8.0 1.00e-01    -  1.61e-01 2.79e-01f  1
1719  2.6745203e+01 3.00e-01 9.00e-01  -8.0 3.58e-02    -  5.21e-05 1.25e-01h  4
iter    objective    inf_pr   inf_du lg(mu)  ||d||  lg(rg) alpha_du alpha_pr  ls
1720  2.6745202e+01 9.02e-02 4.98e-01  -8.0 8.15e-02    -  2.60e-01 4.46e-01H  1
1721  2.6745184e+01 1.24e-01 3.32e-03  -8.0 1.69e-02    -  1.00e+00 1.00e+00f  1
1722  2.6745185e+01 6.21e-05 3.31e-03  -8.0 1.57e-02    -  1.00e+00 1.00e+00h  1
1723  2.6745330e+01 9.42e-04 5.32e-03  -7.8 2.73e-02    -  1.00e+00 1.00e+00h  1
1724  2.6745307e+01 7.95e-02 2.67e-02  -7.9 1.37e-01    -  1.00e+00 5.00e-01h  2
1725  2.6745281e+01 1.61e-01 1.50e-02  -7.9 3.92e-02    -  1.00e+00 4.51e-01h  1
1726  2.6745269e+01 1.14e-01 8.12e-03  -7.9 3.04e-02    -  4.51e-01 5.81e-01f  1
1727  2.6745269e+01 1.07e-01 9.41e+01  -7.9 1.31e-02    -  1.41e-07 6.25e-02f  5
1728  2.6745268e+01 2.47e-01 4.71e+01  -7.9 1.26e-01    -  2.94e-01 5.00e-01h  2
1729  2.6745270e+01 1.86e-01 3.53e+01  -7.9 2.43e-01    -  8.54e-01 2.50e-01h  3
iter    objective    inf_pr   inf_du lg(mu)  ||d||  lg(rg) alpha_du alpha_pr  ls
1730  2.6745275e+01 9.43e-01 1.31e+01  -7.9 3.75e-01    -  1.00e+00 6.30e-01h  1
1731  2.6745273e+01 6.83e-01 9.46e+00  -7.9 9.45e-02    -  7.08e-01 2.76e-01h  1
1732  2.6745252e+01 5.51e-01 7.63e+00  -7.9 2.53e-01    -  5.48e-01 1.94e-01h  1
1733  2.6745271e+01 1.39e-01 1.92e+00  -7.9 1.19e-01    -  6.98e-01 7.48e-01h  1
1734  2.6745271e+01 1.04e-01 1.44e+00  -7.9 8.70e-02    -  1.00e+00 2.50e-01f  3
1735  2.6745297e+01 3.83e-02 1.32e-02  -7.9 8.30e-02    -  9.09e-01 1.00e+00H  1
1736  2.6745282e+01 9.21e-04 2.96e-03  -7.9 1.11e-02    -  1.00e+00 1.00e+00h  1
1737  2.6745279e+01 6.67e-05 5.81e-03  -7.9 1.62e-02    -  1.00e+00 1.00e+00h  1
1738  2.6745277e+01 2.13e-05 4.11e-03  -7.9 1.45e-02    -  1.00e+00 1.00e+00h  1
1739  2.6745197e+01 2.36e-05 5.82e-02  -8.5 1.98e-02    -  1.00e+00 7.76e-01h  1
iter    objective    inf_pr   inf_du lg(mu)  ||d||  lg(rg) alpha_du alpha_pr  ls
1740  2.6745134e+01 1.46e-01 1.12e-01  -8.6 2.84e-01    -  7.06e-01 1.98e-01h  1
1741  2.6745100e+01 5.75e-01 1.56e-02  -8.2 4.65e-02    -  1.00e+00 1.00e+00f  1
1742  2.6745466e+01 1.04e-02 1.50e-02  -7.7 1.78e-01    -  3.63e-01 1.00e+00h  1
1743  2.6745397e+01 1.19e+00 1.76e-02  -8.0 2.83e-01    -  3.19e-01 1.88e-01h  1
1744  2.6745281e+01 5.92e-01 9.61e-03  -8.0 9.42e-02    -  3.85e-01 5.02e-01h  1
1745  2.6745264e+01 5.01e-01 4.74e+00  -8.0 9.08e-02    -  1.48e-05 1.54e-01h  1
1746  2.6745232e+01 2.91e-01 2.75e+00  -8.0 4.27e-02    -  3.22e-01 4.19e-01f  2
1747  2.6745190e+01 3.03e-01 2.47e-01  -8.0 4.21e-02    -  8.79e-01 9.10e-01h  1
1748  2.6745187e+01 2.02e-01 1.35e-01  -8.0 3.25e-02    -  5.94e-01 4.56e-01f  1
1749  2.6745188e+01 1.01e-01 6.74e-02  -8.0 1.82e-02    -  6.85e-01 5.00e-01h  2
iter    objective    inf_pr   inf_du lg(mu)  ||d||  lg(rg) alpha_du alpha_pr  ls
1750  2.6745193e+01 8.79e-02 1.59e-02  -8.0 1.25e-02    -  1.00e+00 1.00e+00h  1
1751  2.6745192e+01 2.97e-02 4.65e-03  -8.0 2.16e-03    -  1.00e+00 1.00e+00h  1
1752  2.6745192e+01 1.64e-03 1.59e-02  -8.0 2.11e-03    -  1.00e+00 1.00e+00h  1
1753  2.6745192e+01 1.94e-02 5.15e-03  -8.0 1.06e-03    -  1.00e+00 1.00e+00h  1
1754  2.6745192e+01 1.76e-06 5.35e-05  -8.0 1.66e-03    -  1.00e+00 1.00e+00h  1

Number of Iterations....: 1754

                                   (scaled)                 (unscaled)
Objective...............:   2.6745191837652580e+01    2.6745191837652580e+01
Dual infeasibility......:   5.3516304057755530e-05    5.3516304057755530e-05
Constraint violation....:   2.1629123886089115e-07    1.7576578628109019e-06
Variable bound violation:   9.3827583321490506e-09    9.3827583321490506e-09
Complementarity.........:   1.0050586507179286e-08    1.0050586507179286e-08
Overall NLP error.......:   5.3516304057755530e-05    5.3516304057755530e-05


Number of objective function evaluations             = 3186
Number of objective gradient evaluations             = 1755
Number of equality constraint evaluations            = 3186
Number of inequality constraint evaluations          = 3186
Number of equality constraint Jacobian evaluations   = 1755
Number of inequality constraint Jacobian evaluations = 1755
Number of Lagrangian Hessian evaluations             = 0
Total seconds in IPOPT                               = 7605.359

EXIT: Optimal Solution Found.
      solver  :   t_proc      (avg)   t_wall      (avg)    n_eval
       nlp_f  |  31.72 s (  9.96ms)   4.74 s (  1.49ms)      3186
       nlp_g  |   1.28ks (401.38ms) 174.93 s ( 54.91ms)      3186
  nlp_grad_f  |  37.62 s ( 21.42ms)   5.69 s (  3.24ms)      1756
   nlp_jac_g  | 781.13 s (444.84ms) 460.11 s (262.02ms)      1756
       total  |  57.62ks ( 57.62ks)   7.61ks (  7.61ks)         1

Contributions to the objective function:
	Muscle activations: 1.15%
	Muscle activation derivatives: 0.0%
	Muscle-tendon force derivatives: 0.0%
	Arm excitations: 0.0%
	Lumbar excitations: 0.0%
	Joint accelerations: 0.0%
	Position tracking: 20.54%
	Velocity tracking: 17.08%
	Acceleration tracking: 61.23%

Number of iterations: 1754

Computing knee adduction moments.

Computing medial knee contact forces.


  >>> Solve: 7873.7s (131.2 min)

  >>> Total: 131.2 min
  >>> Solver status: Solve_Succeeded

  >>> <run> COMPLETE

