
======================================================================
  EXPERIMENT repeat_mesh50: trial=treadmill_walk01_pre speed=0.333 m/s mesh=50 window=[2.0, 8.0] case=repeat_mesh50
======================================================================


  >>> Prep: 0.0s (treadmill_speed=0.333)
Processing treadmill_walk01_pre - Case repeat_mesh50

******************************************************************************
This program contains Ipopt, a library for large-scale nonlinear optimization.
 Ipopt is released as open source code under the Eclipse Public License (EPL).
         For more information visit https://github.com/coin-or/Ipopt
******************************************************************************

This is Ipopt version 3.14.11, running with linear solver MUMPS 5.4.1.

Number of nonzeros in equality constraint Jacobian...:  1983900
Number of nonzeros in inequality constraint Jacobian.:    96600
Number of nonzeros in Lagrangian Hessian.............:        0

Total number of variables............................:   348840
                     variables with only lower bounds:        0
                variables with lower and upper bounds:   348840
                     variables with only upper bounds:        0
Total number of equality constraints.................:   320700
Total number of inequality constraints...............:    48300
        inequality constraints with only lower bounds:    24000
   inequality constraints with lower and upper bounds:      300
        inequality constraints with only upper bounds:    24000

iter    objective    inf_pr   inf_du lg(mu)  ||d||  lg(rg) alpha_du alpha_pr  ls
   0  1.8006556e-01 5.60e+03 1.55e+00   0.0 0.00e+00    -  0.00e+00 0.00e+00   0
   1  5.9187978e-01 5.59e+03 2.30e+02   2.4 1.80e+04    -  6.27e-04 3.98e-04f  1
   2  4.0041773e+00 5.43e+03 3.55e+04   0.7 2.72e+02    -  1.70e-02 2.63e-02f  1
   3  6.1408246e+00 5.26e+03 3.91e+04   0.3 2.52e+02    -  2.63e-02 3.10e-02f  1
   4  1.0963485e+01 5.05e+03 2.45e+04   0.4 2.15e+02    -  6.51e-02 3.98e-02f  1
   5  1.1318350e+01 5.04e+03 2.45e+04   0.7 2.48e+02    -  4.67e-02 2.82e-03f  1
   6  1.5579694e+01 4.92e+03 2.82e+04   0.7 2.82e+02    -  2.45e-02 2.12e-02f  1
   7  2.7873543e+01 4.74e+03 4.59e+04   1.4 5.11e+02    -  3.35e-02 2.35e-02f  1
   8  3.0297011e+01 4.67e+03 4.44e+04  -5.4 2.27e+02    -  4.02e-02 1.45e-02h  1
   9  3.5910933e+01 4.52e+03 4.53e+04   0.3 2.13e+02    -  4.35e-02 3.01e-02f  1
iter    objective    inf_pr   inf_du lg(mu)  ||d||  lg(rg) alpha_du alpha_pr  ls
  10  3.9419993e+01 4.44e+03 4.90e+04  -5.4 2.30e+02    -  3.27e-02 1.75e-02h  1
  11  4.2287153e+01 4.38e+03 7.03e+04   1.1 3.62e+02    -  2.27e-02 1.21e-02f  1
  12  4.6693213e+01 4.31e+03 6.40e+04   1.5 4.94e+02    -  1.18e-02 1.42e-02f  1
  13  4.7712206e+01 4.29e+03 6.73e+04  -5.4 2.21e+02    -  1.91e-02 4.30e-03h  1
  14  4.9306046e+01 4.25e+03 6.82e+04   0.6 2.45e+02    -  2.45e-02 8.16e-03f  1
  15  5.4111562e+01 4.17e+03 1.03e+05  -5.4 2.21e+02    -  1.34e-02 1.99e-02h  1
  16  5.4324973e+01 4.16e+03 1.07e+05  -5.4 2.81e+02    -  5.61e-03 1.35e-03h  1
  17  5.7605746e+01 4.10e+03 1.62e+05   0.4 3.10e+02    -  9.54e-03 1.53e-02f  1
  18  5.8660918e+01 4.08e+03 1.71e+05  -5.4 3.64e+02    -  2.04e-02 4.07e-03h  1
  19  6.0968313e+01 4.04e+03 1.71e+05   1.8 7.61e+02    -  9.72e-03 9.34e-03f  1
iter    objective    inf_pr   inf_du lg(mu)  ||d||  lg(rg) alpha_du alpha_pr  ls
  20  6.4084969e+01 3.99e+03 1.78e+05  -5.4 5.14e+02    -  1.32e-02 1.25e-02h  1
  21  6.6997517e+01 3.95e+03 1.87e+05   1.8 7.35e+02    -  1.92e-02 9.01e-03f  1
  22  6.9599953e+01 3.90e+03 1.98e+05  -0.9 3.35e+02    -  1.67e-02 1.06e-02h  1
  23  7.0281409e+01 3.89e+03 2.00e+05  -5.3 2.57e+02    -  1.21e-02 3.08e-03h  1
  24  7.1575121e+01 3.87e+03 2.05e+05  -0.8 2.78e+02    -  1.05e-02 5.38e-03h  1
  25  7.5077317e+01 3.82e+03 2.22e+05   0.5 3.06e+02    -  1.45e-02 1.32e-02h  1
  26  7.5393860e+01 3.81e+03 2.37e+05   2.1 1.09e+03    -  9.57e-03 2.94e-03f  1
  27  7.9046745e+01 3.75e+03 2.89e+05  -5.2 3.84e+02    -  1.30e-02 1.40e-02h  1
  28  7.9270801e+01 3.75e+03 2.94e+05  -5.2 4.20e+02    -  1.01e-02 9.80e-04h  1
  29  8.1601281e+01 3.71e+03 3.48e+05  -0.9 4.42e+02    -  5.65e-03 9.58e-03h  1
iter    objective    inf_pr   inf_du lg(mu)  ||d||  lg(rg) alpha_du alpha_pr  ls
  30  8.3135251e+01 3.68e+03 7.29e+05   1.2 7.08e+02    -  7.75e-03 7.64e-03f  1
  31  8.4309338e+01 3.66e+03 8.12e+05  -5.2 5.17e+02    -  8.88e-03 6.76e-03h  1
  32  8.5197743e+01 3.63e+03 9.51e+05   2.0 1.04e+03    -  1.49e-02 6.55e-03f  1
  33  8.5432103e+01 3.63e+03 9.53e+05   0.8 6.44e+02    -  8.76e-03 1.32e-03h  1
  34  8.9587054e+01 3.55e+03 9.78e+05   0.5 5.65e+02    -  1.06e-02 2.05e-02h  1
  35  9.0359658e+01 3.54e+03 9.81e+05  -0.0 3.54e+02    -  8.86e-03 3.99e-03h  1
  36  9.2674135e+01 3.50e+03 9.89e+05   0.6 3.51e+02    -  1.19e-02 1.14e-02h  1
  37  9.4373762e+01 3.47e+03 1.00e+06   1.1 7.32e+02    -  1.34e-02 8.35e-03f  1
  38  9.5566420e+01 3.45e+03 1.01e+06   0.9 1.28e+03    -  1.08e-02 5.57e-03h  1
  39  9.7531413e+01 3.42e+03 1.03e+06   0.9 1.32e+03    -  6.68e-03 8.22e-03h  1
iter    objective    inf_pr   inf_du lg(mu)  ||d||  lg(rg) alpha_du alpha_pr  ls
  40  9.8362615e+01 3.40e+03 1.06e+06   2.1 1.10e+03    -  2.70e-03 6.24e-03f  1
  41  9.9369492e+01 3.38e+03 1.07e+06  -0.8 5.60e+02    -  9.83e-03 5.24e-03h  1
  42  1.0080157e+02 3.35e+03 1.08e+06   0.2 5.54e+02    -  8.98e-03 8.59e-03h  1
  43  1.0188308e+02 3.33e+03 1.10e+06   1.1 6.10e+02    -  1.22e-02 6.47e-03h  1
  44  1.0276973e+02 3.31e+03 1.11e+06   1.9 6.80e+02    -  6.61e-03 5.45e-03f  1
  45  1.0375239e+02 3.30e+03 1.14e+06   2.4 1.48e+03    -  6.13e-03 5.33e-03f  1
  46  1.0451276e+02 3.28e+03 1.14e+06   1.7 5.28e+02    -  1.26e-02 4.31e-03f  1
  47  1.0574457e+02 3.26e+03 1.15e+06   0.8 4.51e+02    -  4.99e-03 6.96e-03h  1
  48  1.0642334e+02 3.25e+03 1.16e+06   1.8 5.59e+02    -  1.35e-02 3.39e-03f  1
  49  1.0899661e+02 3.21e+03 1.18e+06   1.5 5.44e+02    -  1.31e-02 1.20e-02h  1
iter    objective    inf_pr   inf_du lg(mu)  ||d||  lg(rg) alpha_du alpha_pr  ls
  50  1.1009439e+02 3.19e+03 1.19e+06   1.0 4.21e+02    -  9.45e-03 5.25e-03h  1
  51  1.1069112e+02 3.18e+03 1.19e+06  -4.9 6.59e+02    -  2.66e-03 3.37e-03h  1
  52  1.1109182e+02 3.17e+03 1.20e+06   0.7 5.86e+02    -  9.12e-03 2.37e-03h  1
  53  1.1273975e+02 3.15e+03 1.21e+06   2.0 7.04e+02    -  5.93e-03 8.78e-03f  1
  54  1.1373038e+02 3.13e+03 1.21e+06   0.4 5.02e+02    -  2.67e-03 5.04e-03h  1
  55  1.1490441e+02 3.11e+03 1.20e+06   1.6 4.83e+02    -  2.19e-03 7.61e-03f  1
  56  1.1504975e+02 3.10e+03 1.20e+06  -4.9 4.28e+02    -  7.99e-03 9.46e-04h  1
  57  1.1637735e+02 3.08e+03 1.25e+06  -4.9 4.19e+02    -  1.84e-03 7.99e-03h  1
  58  1.1744499e+02 3.06e+03 1.37e+06   1.8 5.04e+02    -  9.52e-03 5.73e-03f  1
  59  1.1890658e+02 3.04e+03 1.53e+06   0.9 5.19e+02    -  9.36e-03 7.15e-03h  1
iter    objective    inf_pr   inf_du lg(mu)  ||d||  lg(rg) alpha_du alpha_pr  ls
  60  1.2087205e+02 3.01e+03 2.14e+06   2.3 1.01e+03    -  7.09e-03 8.18e-03f  1
  61  1.2171285e+02 3.00e+03 2.29e+06   0.6 5.30e+02    -  4.88e-03 5.34e-03h  1
  62  1.2207296e+02 2.99e+03 2.37e+06   1.4 6.24e+02    -  9.18e-03 2.37e-03h  1
  63  1.2233234e+02 2.98e+03 2.42e+06   1.1 6.47e+02    -  6.23e-03 1.74e-03h  1
  64  1.2297471e+02 2.97e+03 2.59e+06   2.3 8.84e+02    -  3.49e-03 4.90e-03f  1
  65  1.2357747e+02 2.96e+03 2.62e+06  -4.9 6.13e+02    -  8.73e-04 3.99e-03h  1
  66  1.2403686e+02 2.95e+03 2.66e+06   1.0 6.33e+02    -  5.71e-03 2.85e-03h  1
  67  1.2515879e+02 2.93e+03 2.73e+06  -1.0 6.70e+02    -  6.05e-03 6.31e-03h  1
  68  1.2603759e+02 2.92e+03 2.78e+06   1.5 6.63e+02    -  5.34e-03 4.58e-03h  1
  69  1.2668049e+02 2.90e+03 2.86e+06   2.1 8.82e+02    -  4.40e-03 4.34e-03f  1
iter    objective    inf_pr   inf_du lg(mu)  ||d||  lg(rg) alpha_du alpha_pr  ls
  70  1.2740663e+02 2.89e+03 2.90e+06   2.1 8.22e+02    -  4.71e-03 4.79e-03f  1
  71  1.2762848e+02 2.88e+03 2.96e+06   2.3 1.19e+03    -  3.68e-03 2.67e-03f  1
  72  1.2785446e+02 2.88e+03 2.97e+06   1.1 1.06e+03    -  3.01e-03 1.72e-03h  1
  73  1.2816065e+02 2.87e+03 2.99e+06   1.5 9.77e+02    -  9.65e-03 1.96e-03h  1
  74  1.2829784e+02 2.87e+03 3.00e+06  -4.8 9.31e+02    -  3.92e-03 8.45e-04h  1
  75  1.2893903e+02 2.86e+03 3.03e+06   0.6 9.37e+02    -  4.13e-03 3.61e-03h  1
  76  1.3004582e+02 2.84e+03 3.13e+06   1.5 1.54e+03    -  5.21e-03 5.80e-03h  1
  77  1.3132179e+02 2.83e+03 3.21e+06   1.8 1.31e+03    -  4.90e-03 4.87e-03h  1
  78  1.3144032e+02 2.83e+03 3.21e+06   2.1 9.61e+02    -  5.45e-03 4.84e-04h  1
  79  1.3167468e+02 2.82e+03 3.23e+06   3.0 1.47e+03    -  6.03e-03 1.07e-03f  1
iter    objective    inf_pr   inf_du lg(mu)  ||d||  lg(rg) alpha_du alpha_pr  ls
  80  1.3277991e+02 2.81e+03 3.27e+06   2.4 1.16e+03    -  4.02e-03 5.39e-03f  1
  81  1.3319664e+02 2.80e+03 3.31e+06  -4.6 7.17e+02    -  1.55e-03 2.08e-03h  1
  82  1.3476628e+02 2.78e+03 3.45e+06   1.9 9.06e+02    -  5.65e-03 6.69e-03h  1
  83  1.3599367e+02 2.77e+03 3.61e+06   2.4 1.26e+03    -  5.38e-03 4.59e-03f  1
  84  1.3717861e+02 2.76e+03 3.74e+06   2.0 8.70e+02    -  5.14e-03 4.94e-03h  1
  85  1.3801344e+02 2.74e+03 4.40e+06   0.5 1.26e+03    -  6.91e-04 4.90e-03h  1
  86  1.3862920e+02 2.73e+03 4.83e+06  -4.6 1.41e+03    -  2.23e-03 3.38e-03h  1
  87  1.3866268e+02 2.73e+03 4.84e+06  -4.6 7.71e+02    -  2.07e-04 2.06e-04h  1
  88  1.3904916e+02 2.73e+03 5.08e+06   1.3 8.36e+02    -  3.00e-03 2.22e-03h  1
  89  1.3924641e+02 2.72e+03 5.31e+06   2.7 1.69e+03    -  3.98e-03 1.63e-03f  1
iter    objective    inf_pr   inf_du lg(mu)  ||d||  lg(rg) alpha_du alpha_pr  ls
  90  1.3968732e+02 2.71e+03 5.56e+06  -4.6 1.06e+03    -  6.01e-04 3.31e-03h  1
  91  1.4024751e+02 2.70e+03 5.85e+06   1.0 1.05e+03    -  2.29e-03 3.79e-03h  1
  92  1.4026813e+02 2.70e+03 5.86e+06  -4.6 9.71e+02    -  3.12e-04 1.03e-04h  1
  93  1.4056017e+02 2.70e+03 5.94e+06   1.3 1.03e+03    -  1.20e-03 1.41e-03h  1
  94  1.4068017e+02 2.70e+03 5.97e+06   1.7 1.06e+03    -  4.27e-03 5.62e-04h  1
  95  1.4131212e+02 2.69e+03 6.32e+06   1.7 1.32e+03    -  1.48e-03 3.39e-03h  1
  96  1.4236413e+02 2.67e+03 6.82e+06   2.2 1.57e+03    -  4.18e-03 4.39e-03h  1
  97  1.4265495e+02 2.67e+03 6.92e+06   0.1 1.04e+03    -  2.60e-03 1.25e-03h  1
  98  1.4323847e+02 2.66e+03 7.56e+06   0.8 1.14e+03    -  3.23e-03 2.49e-03h  1
  99  1.4368623e+02 2.66e+03 7.99e+06   2.2 8.15e+02    -  6.34e-03 1.79e-03h  1
iter    objective    inf_pr   inf_du lg(mu)  ||d||  lg(rg) alpha_du alpha_pr  ls
 100  1.4500277e+02 2.65e+03 9.24e+06   2.5 1.23e+03    -  2.70e-03 4.13e-03f  1
 101  1.4519943e+02 2.65e+03 9.49e+06   2.8 1.46e+03    -  2.78e-03 6.81e-04f  1
 102  1.4556329e+02 2.64e+03 9.91e+06   2.8 2.16e+03    -  1.25e-03 1.37e-03f  1
 103  1.4619695e+02 2.64e+03 1.03e+07  -4.5 2.34e+03    -  7.47e-04 2.06e-03h  1
 104  1.4645361e+02 2.63e+03 1.05e+07   2.4 2.34e+03    -  2.51e-03 8.28e-04h  1
 105  1.4764868e+02 2.63e+03 1.12e+07   2.4 1.80e+03    -  2.30e-03 3.31e-03h  1
 106  1.4796088e+02 2.62e+03 1.14e+07  -4.5 1.32e+03    -  2.53e-03 8.63e-04h  1
 107  1.4820997e+02 2.62e+03 1.15e+07   1.8 2.04e+03    -  3.76e-03 6.85e-04h  1
 108  1.4915819e+02 2.61e+03 1.20e+07   2.8 1.80e+03    -  1.31e-03 2.37e-03h  1
 109  1.5082275e+02 2.60e+03 1.25e+07   1.5 1.12e+03    -  1.11e-03 3.94e-03h  1
iter    objective    inf_pr   inf_du lg(mu)  ||d||  lg(rg) alpha_du alpha_pr  ls
 110  1.5099374e+02 2.60e+03 1.25e+07   0.5 1.33e+03    -  3.35e-03 4.43e-04h  1
 111  1.5156207e+02 2.60e+03 1.27e+07  -4.5 1.08e+03    -  2.10e-03 1.43e-03h  1
 112  1.5222398e+02 2.60e+03 1.29e+07   1.7 1.17e+03    -  1.47e-03 1.64e-03h  1
 113  1.5278968e+02 2.59e+03 1.31e+07   1.0 1.43e+03    -  1.34e-03 1.40e-03h  1
 114  1.5342221e+02 2.59e+03 1.33e+07  -4.5 2.21e+03    -  4.79e-04 1.84e-03h  1
 115  1.5367617e+02 2.59e+03 1.34e+07   1.2 2.41e+03    -  2.27e-03 6.56e-04h  1
 116  1.5415495e+02 2.58e+03 1.35e+07  -0.6 2.06e+03    -  1.16e-03 1.22e-03h  1
 117  1.5463398e+02 2.58e+03 1.36e+07   1.3 1.76e+03    -  1.34e-03 1.14e-03h  1
 118  1.5478951e+02 2.58e+03 1.36e+07  -4.5 1.62e+03    -  1.10e-03 3.68e-04h  1
 119  1.5529991e+02 2.57e+03 1.40e+07   2.5 1.83e+03    -  1.08e-03 1.36e-03h  1
iter    objective    inf_pr   inf_du lg(mu)  ||d||  lg(rg) alpha_du alpha_pr  ls
 120  1.5548829e+02 2.57e+03 1.43e+07   1.1 2.04e+03    -  1.62e-03 4.83e-04h  1
 121  1.5593804e+02 2.57e+03 1.48e+07   0.5 2.01e+03    -  1.54e-03 1.08e-03h  1
 122  1.5684293e+02 2.57e+03 1.60e+07   2.0 2.84e+03    -  1.00e-03 1.82e-03h  1
 123  1.5809335e+02 2.56e+03 1.85e+07   2.7 7.30e+03    -  1.79e-03 2.05e-03h  1
 124  1.5851490e+02 2.56e+03 1.94e+07   2.0 6.13e+03    -  1.44e-03 6.48e-04h  1
 125  1.5941579e+02 2.55e+03 2.13e+07   2.9 7.55e+03    -  1.17e-03 1.20e-03h  1
 126  1.5950143e+02 2.55e+03 2.14e+07   3.0 5.10e+03    -  2.24e-03 1.27e-04h  4
 127  1.6076458e+02 2.54e+03 2.32e+07   3.4 5.38e+03    -  1.41e-03 1.47e-03f  1
 128  1.6193165e+02 2.54e+03 2.46e+07   1.5 1.95e+03    -  4.79e-04 1.67e-03h  1
 129  1.6300183e+02 2.53e+03 2.57e+07   1.8 2.56e+03    -  1.33e-03 1.55e-03h  1
iter    objective    inf_pr   inf_du lg(mu)  ||d||  lg(rg) alpha_du alpha_pr  ls
 130  1.6425428e+02 2.53e+03 2.75e+07   0.9 2.70e+03    -  1.96e-03 1.56e-03h  1
 131  1.6444616e+02 2.53e+03 2.78e+07   2.4 4.11e+03    -  1.06e-03 2.67e-04h  1
 132  1.6498648e+02 2.52e+03 2.87e+07   2.9 6.07e+03    -  6.63e-04 7.48e-04h  1
 133  1.6549101e+02 2.52e+03 2.97e+07   0.9 4.21e+03    -  1.08e-03 6.76e-04h  1
 134  1.6637145e+02 2.52e+03 3.21e+07   2.2 4.24e+03    -  1.22e-03 1.12e-03h  1
 135  1.6707581e+02 2.52e+03 3.39e+07   1.9 4.27e+03    -  4.25e-04 9.36e-04h  1
 136  1.6797148e+02 2.52e+03 3.55e+07   2.2 3.63e+03    -  2.75e-03 1.04e-03h  1
 137  1.6808611e+02 2.51e+03 3.59e+07   3.3 4.86e+03    -  9.12e-04 1.39e-04h  4
 138  1.6895157e+02 2.51e+03 3.84e+07   3.3 5.30e+03    -  1.61e-03 1.01e-03h  2
 139  1.6969653e+02 2.51e+03 3.99e+07   3.0 5.72e+03    -  2.07e-03 8.06e-04h  1
iter    objective    inf_pr   inf_du lg(mu)  ||d||  lg(rg) alpha_du alpha_pr  ls
 140  1.7020093e+02 2.51e+03 4.07e+07   1.0 4.36e+03    -  1.84e-03 5.66e-04h  1
 141  1.7109782e+02 2.50e+03 4.48e+07   3.3 5.50e+03    -  1.61e-03 1.11e-03h  1
 142  1.7212884e+02 2.50e+03 4.91e+07  -4.3 3.28e+03    -  7.56e-04 1.29e-03h  1
 143  1.7278649e+02 2.50e+03 5.31e+07   2.7 4.60e+03    -  1.38e-03 8.66e-04h  2
 144  1.7401702e+02 2.49e+03 6.04e+07   2.8 3.57e+03    -  7.70e-04 1.58e-03h  1
 145  1.7434458e+02 2.49e+03 6.18e+07   2.2 3.91e+03    -  1.52e-03 4.38e-04h  1
 146  1.7506708e+02 2.49e+03 6.58e+07   3.2 3.00e+03    -  1.80e-03 9.84e-04h  1
 147  1.7581375e+02 2.49e+03 7.05e+07   3.0 3.45e+03    -  1.70e-03 1.03e-03h  1
 148  1.7626810e+02 2.49e+03 7.58e+07   3.4 3.49e+03    -  3.03e-04 8.57e-04f  1
 149  1.7631687e+02 2.49e+03 7.61e+07   2.8 2.87e+03    -  1.61e-03 8.20e-05h  1
iter    objective    inf_pr   inf_du lg(mu)  ||d||  lg(rg) alpha_du alpha_pr  ls
 150  1.7741622e+02 2.48e+03 8.30e+07  -4.2 2.90e+03    -  8.54e-04 1.85e-03h  1
 151  1.7786846e+02 2.48e+03 8.44e+07  -4.2 2.48e+03    -  3.37e-04 5.65e-04h  1
 152  1.7841450e+02 2.48e+03 8.67e+07   3.1 2.96e+03    -  1.39e-03 8.09e-04h  1
 153  1.7895321e+02 2.48e+03 8.98e+07   2.1 2.70e+03    -  1.97e-03 8.41e-04h  1
 154  1.7926472e+02 2.47e+03 9.18e+07   2.7 1.77e+03    -  7.01e-04 9.07e-04h  1
 155  1.7940061e+02 2.47e+03 9.53e+07   2.6 3.27e+03    -  1.60e-03 2.12e-03f  1
 156  1.7931355e+02 2.46e+03 9.82e+07   3.0 3.28e+03    -  1.47e-03 1.96e-03f  1
 157  1.7936809e+02 2.46e+03 9.86e+07  -4.2 2.99e+03    -  2.58e-03 4.77e-04h  1
 158  1.7953354e+02 2.46e+03 1.02e+08  -4.2 2.68e+03    -  1.39e-03 1.06e-03h  1
 159  1.7989670e+02 2.45e+03 1.22e+08   1.7 2.33e+03    -  1.50e-03 1.95e-03h  1
iter    objective    inf_pr   inf_du lg(mu)  ||d||  lg(rg) alpha_du alpha_pr  ls
 160  1.7981839e+02 2.45e+03 1.26e+08   3.4 3.04e+03    -  1.58e-04 3.19e-04f  1
 161  1.7958027e+02 2.45e+03 1.37e+08   3.4 3.08e+03    -  1.42e-03 9.11e-04f  1
 162  1.7980502e+02 2.45e+03 1.51e+08   1.3 2.73e+03    -  8.66e-04 1.71e-03h  1
 163  1.7926832e+02 2.44e+03 1.64e+08   3.4 3.11e+03    -  1.03e-03 1.91e-03f  1
 164  1.7921733e+02 2.44e+03 1.69e+08   3.1 3.07e+03    -  4.71e-03 5.47e-04f  1
 165  1.7924150e+02 2.44e+03 1.75e+08  -4.1 2.79e+03    -  1.66e-03 8.64e-04h  1
 166  1.7924140e+02 2.44e+03 1.77e+08   3.0 3.59e+03    -  1.23e-03 2.19e-04f  1
 167  1.7933244e+02 2.43e+03 1.89e+08   3.0 2.82e+03    -  4.21e-04 1.90e-03h  1
 168  1.7942864e+02 2.43e+03 1.94e+08   1.3 2.27e+03    -  1.42e-03 7.86e-04h  1
 169  1.7962046e+02 2.43e+03 2.06e+08   2.9 2.32e+03    -  1.62e-03 1.67e-03h  1
iter    objective    inf_pr   inf_du lg(mu)  ||d||  lg(rg) alpha_du alpha_pr  ls
 170  1.7949437e+02 2.42e+03 2.15e+08   3.4 3.06e+03    -  4.40e-04 1.09e-03f  1
 171  1.7971074e+02 2.42e+03 2.22e+08   1.1 2.80e+03    -  2.08e-03 1.21e-03h  1
 172  1.7967587e+02 2.41e+03 2.31e+08   3.3 3.07e+03    -  1.48e-03 1.90e-03f  1
 173  1.7961217e+02 2.41e+03 2.33e+08   3.4 2.20e+03    -  1.99e-03 8.50e-04f  1
 174  1.7963537e+02 2.41e+03 2.33e+08   1.4 1.82e+03    -  2.07e-03 1.86e-04h  1
 175  1.8003395e+02 2.40e+03 2.40e+08   1.8 1.82e+03    -  2.04e-03 3.01e-03h  1
 176  1.7982806e+02 2.40e+03 2.48e+08   3.4 2.52e+03    -  9.15e-04 2.12e-03f  1
 177  1.7974281e+02 2.40e+03 2.52e+08   3.4 2.46e+03    -  2.03e-03 1.26e-03f  1
 178  1.7977748e+02 2.39e+03 2.53e+08  -4.0 1.72e+03    -  1.35e-03 4.67e-04h  1
 179  1.7981342e+02 2.39e+03 2.64e+08   3.4 1.96e+03    -  2.62e-03 3.10e-03f  1
iter    objective    inf_pr   inf_du lg(mu)  ||d||  lg(rg) alpha_du alpha_pr  ls
 180  1.7993221e+02 2.38e+03 2.67e+08   2.0 1.93e+03    -  2.49e-03 1.37e-03h  1
 181  1.8004147e+02 2.38e+03 2.72e+08   2.8 2.31e+03    -  2.62e-03 1.56e-03f  1
 182  1.8012379e+02 2.38e+03 2.75e+08   1.3 2.35e+03    -  1.57e-03 6.61e-04h  1
 183  1.8019014e+02 2.37e+03 2.84e+08   3.4 2.35e+03    -  1.09e-03 1.83e-03f  1
 184  1.8047149e+02 2.37e+03 2.89e+08  -4.0 2.02e+03    -  1.53e-03 1.15e-03h  1
 185  1.8077016e+02 2.37e+03 2.93e+08  -4.0 1.85e+03    -  6.65e-04 1.14e-03h  1
 186  1.8109276e+02 2.36e+03 3.00e+08   3.0 2.52e+03    -  3.34e-03 2.19e-03f  1
 187  1.8162931e+02 2.36e+03 3.07e+08  -4.0 2.13e+03    -  1.57e-03 1.83e-03h  1
 188  1.8173876e+02 2.36e+03 3.10e+08   3.4 1.90e+03    -  9.87e-04 8.20e-04f  1
 189  1.8214670e+02 2.35e+03 3.15e+08   2.6 1.50e+03    -  2.13e-03 1.83e-03h  1
iter    objective    inf_pr   inf_du lg(mu)  ||d||  lg(rg) alpha_du alpha_pr  ls
 190  1.8233228e+02 2.35e+03 3.18e+08  -4.0 1.55e+03    -  7.08e-04 6.88e-04h  1
 191  1.8266660e+02 2.35e+03 3.22e+08   3.1 1.87e+03    -  1.23e-03 1.35e-03f  1
 192  1.8269926e+02 2.35e+03 3.22e+08   2.2 2.39e+03    -  1.79e-03 1.08e-04h  1
 193  1.8282246e+02 2.34e+03 3.24e+08   3.4 3.08e+03    -  1.34e-04 9.47e-04f  1
 194  1.8285200e+02 2.34e+03 3.25e+08   3.2 2.61e+03    -  1.91e-03 1.48e-03f  1
 195  1.8287087e+02 2.34e+03 3.25e+08  -3.9 2.15e+03    -  1.04e-03 1.92e-04h  1
 196  1.8297075e+02 2.34e+03 3.28e+08   3.1 2.31e+03    -  1.73e-03 1.61e-03f  1
 197  1.8298454e+02 2.34e+03 3.28e+08   2.8 1.74e+03    -  5.52e-04 1.24e-04h  1
 198  1.8304460e+02 2.33e+03 3.31e+08   3.1 1.99e+03    -  1.64e-03 2.91e-03f  1
 199  1.8309196e+02 2.33e+03 3.32e+08  -3.9 2.49e+03    -  9.11e-04 4.65e-04h  1
iter    objective    inf_pr   inf_du lg(mu)  ||d||  lg(rg) alpha_du alpha_pr  ls
 200  1.8321235e+02 2.32e+03 3.35e+08   3.4 2.65e+03    -  1.07e-03 1.90e-03f  1
 201  1.8326793e+02 2.32e+03 3.36e+08  -3.9 2.11e+03    -  1.05e-03 3.54e-04h  1
 202  1.8335324e+02 2.32e+03 3.36e+08   2.7 1.95e+03    -  1.86e-03 5.12e-04h  1
 203  1.8339529e+02 2.32e+03 3.36e+08   3.4 3.92e+03    -  8.04e-05 1.78e-03f  1
 204  1.8343188e+02 2.32e+03 3.36e+08  -3.9 2.72e+03    -  1.22e-03 2.56e-04h  1
 205  1.8361213e+02 2.31e+03 3.36e+08   3.4 2.84e+03    -  1.00e-03 1.62e-03h  1
 206  1.8369511e+02 2.31e+03 3.36e+08  -3.9 2.28e+03    -  5.73e-04 4.83e-04h  1
 207  1.8374174e+02 2.31e+03 3.36e+08   3.4 2.30e+03    -  3.73e-04 4.18e-04h  1
 208  1.8387118e+02 2.31e+03 3.36e+08   1.8 2.48e+03    -  1.67e-03 4.51e-04h  1
 209  1.8430226e+02 2.31e+03 3.35e+08   2.5 2.22e+03    -  1.32e-03 1.62e-03h  1
iter    objective    inf_pr   inf_du lg(mu)  ||d||  lg(rg) alpha_du alpha_pr  ls
 210  1.8528150e+02 2.30e+03 3.31e+08   2.9 2.32e+03    -  1.45e-03 3.50e-03h  1
 211  1.8543765e+02 2.30e+03 3.29e+08   3.4 2.61e+03    -  6.37e-04 9.84e-04f  1
 212  1.8546739e+02 2.30e+03 3.28e+08   3.4 2.35e+03    -  2.99e-04 2.74e-04f  1
 213  1.8559996e+02 2.29e+03 3.26e+08   3.1 2.13e+03    -  2.11e-03 1.29e-03f  1
 214  1.8567055e+02 2.29e+03 3.26e+08   1.2 2.03e+03    -  1.11e-03 6.46e-04h  1
 215  1.8578199e+02 2.29e+03 3.23e+08   3.0 2.26e+03    -  9.89e-04 1.50e-03h  1
 216  1.8584693e+02 2.28e+03 3.19e+08   3.4 2.18e+03    -  2.20e-03 1.57e-03f  1
 217  1.8592746e+02 2.28e+03 3.21e+08  -3.9 2.43e+03    -  1.58e-03 5.51e-04h  1
 218  1.8609118e+02 2.28e+03 3.26e+08  -3.9 2.68e+03    -  8.95e-04 1.06e-03h  1
 219  1.8613758e+02 2.28e+03 3.38e+08   3.4 3.87e+03    -  2.11e-03 2.19e-03f  1
iter    objective    inf_pr   inf_du lg(mu)  ||d||  lg(rg) alpha_du alpha_pr  ls
 220  1.8628507e+02 2.27e+03 3.43e+08   2.7 2.45e+03    -  2.90e-03 9.82e-04h  1
 221  1.8631445e+02 2.27e+03 3.46e+08   3.4 2.77e+03    -  1.71e-03 9.02e-04f  1
 222  1.8637028e+02 2.27e+03 3.49e+08   3.4 2.94e+03    -  3.96e-04 7.64e-04h  1
 223  1.8639802e+02 2.27e+03 3.51e+08   3.4 3.49e+03    -  4.82e-04 7.98e-04h  1
 224  1.8648505e+02 2.27e+03 3.54e+08   3.3 3.31e+03    -  1.34e-03 9.00e-04h  1
 225  1.8647521e+02 2.26e+03 3.56e+08   3.4 3.57e+03    -  1.65e-04 5.71e-04h  1
 226  1.8650758e+02 2.26e+03 3.57e+08   1.9 3.01e+03    -  1.84e-03 3.89e-04h  1
 227  1.8643352e+02 2.26e+03 3.61e+08   3.4 3.40e+03    -  8.47e-04 1.39e-03f  1
 228  1.8641842e+02 2.26e+03 3.63e+08   3.4 2.95e+03    -  1.88e-03 6.97e-04h  1
 229  1.8649500e+02 2.26e+03 3.65e+08   3.3 4.49e+03    -  1.72e-03 8.11e-04h  1
iter    objective    inf_pr   inf_du lg(mu)  ||d||  lg(rg) alpha_du alpha_pr  ls
 230  1.8692693e+02 2.25e+03 3.68e+08   2.6 3.28e+03    -  1.81e-03 2.02e-03h  1
 231  1.8695162e+02 2.25e+03 3.68e+08   3.4 2.40e+03    -  8.66e-04 1.89e-04h  1
 232  1.8729447e+02 2.25e+03 3.68e+08   3.4 2.64e+03    -  1.03e-03 2.24e-03h  1
 233  1.8738547e+02 2.25e+03 3.69e+08   2.6 3.07e+03    -  5.51e-04 4.81e-04h  1
 234  1.8749283e+02 2.25e+03 3.70e+08   3.2 3.20e+03    -  6.26e-04 5.92e-04h  1
 235  1.8759992e+02 2.24e+03 3.71e+08   3.4 3.18e+03    -  6.17e-04 5.58e-04h  1
 236  1.8788644e+02 2.24e+03 3.74e+08   1.4 3.48e+03    -  1.18e-03 1.11e-03h  1
 237  1.8832489e+02 2.24e+03 3.77e+08   2.5 3.05e+03    -  1.22e-03 1.65e-03h  1
 238  1.8840793e+02 2.24e+03 3.77e+08  -3.8 3.09e+03    -  1.10e-03 3.47e-04h  1
 239  1.8870030e+02 2.23e+03 3.84e+08   3.4 2.98e+03    -  4.51e-05 2.42e-03f  1
iter    objective    inf_pr   inf_du lg(mu)  ||d||  lg(rg) alpha_du alpha_pr  ls
 240  1.8879907e+02 2.23e+03 3.86e+08   3.4 3.07e+03    -  2.63e-03 6.76e-04f  1
 241  1.8889328e+02 2.23e+03 3.87e+08   2.4 2.58e+03    -  1.26e-03 5.17e-04h  1
 242  1.8910734e+02 2.23e+03 3.90e+08   3.4 2.66e+03    -  1.38e-03 1.43e-03h  1
 243  1.8916734e+02 2.23e+03 3.90e+08  -3.7 1.91e+03    -  4.40e-04 2.26e-04h  1
 244  1.8924347e+02 2.22e+03 3.90e+08   0.2 1.80e+03    -  1.16e-03 3.12e-04h  1
 245  1.8960868e+02 2.22e+03 3.90e+08   0.2 2.35e+03    -  9.40e-04 1.50e-03h  1
 246  1.8984330e+02 2.22e+03 3.91e+08   3.1 2.51e+03    -  1.06e-03 1.05e-03h  1
 247  1.9022724e+02 2.21e+03 3.93e+08   3.4 3.03e+03    -  1.55e-03 1.86e-03h  1
 248  1.9035285e+02 2.21e+03 3.94e+08   3.4 3.08e+03    -  5.14e-04 8.32e-04h  1
 249  1.9043589e+02 2.21e+03 3.94e+08   0.7 3.38e+03    -  1.68e-03 3.75e-04h  1
iter    objective    inf_pr   inf_du lg(mu)  ||d||  lg(rg) alpha_du alpha_pr  ls
 250  1.9065314e+02 2.21e+03 4.33e+08   3.4 3.38e+03    -  3.22e-04 1.84e-03f  1
 251  1.9094729e+02 2.20e+03 4.57e+08  -3.7 3.24e+03    -  2.12e-03 1.36e-03h  1
 252  1.9112722e+02 2.20e+03 4.69e+08  -3.7 2.40e+03    -  1.77e-03 1.01e-03h  1
 253  1.9124995e+02 2.20e+03 4.80e+08   2.9 2.15e+03    -  1.48e-03 7.12e-04h  1
 254  1.9144995e+02 2.20e+03 5.12e+08   3.4 2.14e+03    -  3.96e-04 1.39e-03h  1
 255  1.9149246e+02 2.20e+03 5.18e+08   2.2 2.10e+03    -  1.47e-03 2.54e-04h  1
 256  1.9179523e+02 2.19e+03 5.65e+08   3.4 1.84e+03    -  4.92e-04 2.08e-03h  1
 257  1.9188905e+02 2.19e+03 5.75e+08  -3.7 1.63e+03    -  1.42e-03 4.93e-04h  1
 258  1.9194408e+02 2.19e+03 5.77e+08   2.1 2.37e+03    -  1.31e-03 2.47e-04h  1
 259  1.9214614e+02 2.19e+03 5.96e+08   3.4 2.09e+03    -  3.77e-04 1.37e-03h  1
iter    objective    inf_pr   inf_du lg(mu)  ||d||  lg(rg) alpha_du alpha_pr  ls
 260  1.9220583e+02 2.19e+03 6.00e+08  -3.7 2.03e+03    -  1.35e-03 3.54e-04h  1
 261  1.9234785e+02 2.18e+03 6.17e+08   3.4 2.37e+03    -  7.61e-04 2.03e-03f  1
 262  1.9239553e+02 2.18e+03 6.22e+08  -3.7 1.69e+03    -  1.16e-03 4.23e-04h  1
 263  1.9262605e+02 2.17e+03 6.83e+08   3.0 1.57e+03    -  1.71e-03 3.34e-03h  1
 264  1.9265915e+02 2.17e+03 7.10e+08   2.2 1.57e+03    -  2.31e-03 1.29e-03h  1
 265  1.9271415e+02 2.17e+03 7.40e+08  -3.7 1.57e+03    -  3.48e-04 1.32e-03h  1
 266  1.9278973e+02 2.16e+03 7.92e+08   2.2 1.59e+03    -  1.35e-03 1.86e-03h  1
 267  1.9279463e+02 2.16e+03 8.00e+08   3.2 1.39e+03    -  1.78e-03 2.45e-04h  1
 268  1.9271926e+02 2.16e+03 8.44e+08   3.4 1.44e+03    -  4.98e-04 1.19e-03f  1
 269  1.9278886e+02 2.16e+03 8.87e+08  -3.7 1.43e+03    -  1.23e-03 1.25e-03h  1
iter    objective    inf_pr   inf_du lg(mu)  ||d||  lg(rg) alpha_du alpha_pr  ls
 270  1.9276248e+02 2.16e+03 9.16e+08   3.4 1.31e+03    -  3.27e-03 9.24e-04f  1
 271  1.9279361e+02 2.15e+03 9.24e+08   3.3 2.12e+03    -  1.86e-03 1.35e-03f  1
 272  1.9287945e+02 2.15e+03 9.29e+08  -3.7 1.90e+03    -  1.19e-03 9.83e-04h  1
 273  1.9306450e+02 2.15e+03 9.43e+08  -3.7 1.92e+03    -  9.98e-04 1.52e-03h  1
 274  1.9311986e+02 2.15e+03 9.46e+08  -3.7 1.93e+03    -  1.10e-03 4.00e-04h  1
 275  1.9322387e+02 2.15e+03 9.80e+08   3.4 1.56e+03    -  1.99e-04 1.28e-03h  1
 276  1.9375941e+02 2.14e+03 1.10e+09   1.9 1.45e+03    -  2.06e-03 3.46e-03h  1
 277  1.9379898e+02 2.14e+03 1.11e+09  -3.7 1.95e+03    -  7.57e-04 2.55e-04h  1
 278  1.9385610e+02 2.14e+03 1.12e+09   2.7 1.66e+03    -  5.98e-04 4.41e-04h  1
 279  1.9408558e+02 2.13e+03 1.18e+09   2.9 1.68e+03    -  1.78e-03 2.09e-03h  1
iter    objective    inf_pr   inf_du lg(mu)  ||d||  lg(rg) alpha_du alpha_pr  ls
 280  1.9426892e+02 2.13e+03 1.21e+09   1.9 1.49e+03    -  2.86e-03 1.26e-03h  1
 281  1.9439831e+02 2.13e+03 1.25e+09   3.4 1.47e+03    -  7.36e-04 1.40e-03f  1
 282  1.9443664e+02 2.13e+03 1.26e+09   2.6 1.31e+03    -  2.37e-03 2.81e-04h  1
 283  1.9427671e+02 2.12e+03 1.37e+09   3.4 1.64e+03    -  2.78e-04 2.87e-03f  1
 284  1.9435499e+02 2.12e+03 1.40e+09   1.4 1.44e+03    -  4.10e-03 1.47e-03h  1
 285  1.9435813e+02 2.12e+03 1.40e+09   3.3 1.69e+03    -  2.62e-03 5.08e-04f  1
 286  1.9426607e+02 2.11e+03 1.42e+09   3.4 2.13e+03    -  1.66e-03 2.02e-03f  1
 287  1.9419507e+02 2.11e+03 1.44e+09   3.4 2.06e+03    -  2.31e-03 2.50e-03f  1
 288  1.9415955e+02 2.10e+03 1.46e+09   3.4 2.09e+03    -  1.51e-03 2.27e-03f  1
 289  1.9419294e+02 2.10e+03 1.47e+09   3.2 2.30e+03    -  2.39e-03 1.01e-03f  1
iter    objective    inf_pr   inf_du lg(mu)  ||d||  lg(rg) alpha_du alpha_pr  ls
 290  1.9422710e+02 2.09e+03 1.49e+09   3.4 2.15e+03    -  6.67e-04 2.10e-03f  1
 291  1.9426377e+02 2.09e+03 1.50e+09   3.3 2.04e+03    -  5.27e-03 1.07e-03f  1
 292  1.9426771e+02 2.09e+03 1.50e+09   3.4 1.57e+03    -  6.37e-04 8.82e-04f  1
 293  1.9435957e+02 2.08e+03 1.53e+09   3.3 1.48e+03    -  4.83e-03 3.81e-03f  1
 294  1.9436153e+02 2.08e+03 1.53e+09   3.4 1.07e+03    -  2.29e-03 4.60e-04f  1
 295  1.9412046e+02 2.07e+03 1.55e+09   3.4 1.10e+03    -  1.46e-03 3.54e-03f  1
 296  1.9399769e+02 2.07e+03 1.57e+09   3.4 1.83e+03    -  1.24e-03 3.52e-03f  1
 297  1.9396844e+02 2.06e+03 1.58e+09   3.4 1.59e+03    -  1.47e-03 1.40e-03f  1
 298  1.9424479e+02 2.06e+03 1.60e+09   1.6 1.27e+03    -  2.89e-03 2.30e-03h  1
 299  1.9461802e+02 2.05e+03 1.61e+09   1.8 1.08e+03    -  2.65e-03 2.54e-03h  1
iter    objective    inf_pr   inf_du lg(mu)  ||d||  lg(rg) alpha_du alpha_pr  ls
 300  1.9474613e+02 2.05e+03 1.62e+09   1.6 1.75e+03    -  3.35e-03 8.19e-04h  1
 301  1.9479111e+02 2.05e+03 1.64e+09   3.4 2.69e+03    -  6.36e-04 1.90e-03f  1
 302  1.9489821e+02 2.05e+03 1.65e+09   3.4 2.59e+03    -  1.36e-03 1.08e-03f  1
 303  1.9529135e+02 2.04e+03 1.68e+09   3.4 2.95e+03    -  3.60e-04 2.54e-03f  1
 304  1.9550003e+02 2.04e+03 1.69e+09   3.4 2.77e+03    -  1.20e-03 1.23e-03h  1
 305  1.9579635e+02 2.04e+03 1.71e+09   3.4 2.68e+03    -  3.39e-03 1.62e-03h  1
 306  1.9623830e+02 2.03e+03 1.73e+09   1.3 2.28e+03    -  2.61e-03 1.93e-03h  1
 307  1.9668286e+02 2.03e+03 1.75e+09   3.3 1.93e+03    -  1.34e-03 2.97e-03f  1
 308  1.9677496e+02 2.02e+03 1.76e+09   2.4 2.37e+03    -  1.33e-03 5.48e-04h  1
 309  1.9690428e+02 2.02e+03 1.76e+09   2.4 2.49e+03    -  1.24e-03 6.46e-04h  1
iter    objective    inf_pr   inf_du lg(mu)  ||d||  lg(rg) alpha_du alpha_pr  ls
 310  1.9730825e+02 2.02e+03 1.77e+09   2.4 2.46e+03    -  4.18e-04 2.06e-03h  1
 311  1.9736370e+02 2.02e+03 1.77e+09  -3.6 2.77e+03    -  8.21e-04 2.87e-04h  1
 312  1.9744688e+02 2.02e+03 1.77e+09   2.8 2.99e+03    -  1.25e-03 5.81e-04h  1
 313  1.9775119e+02 2.01e+03 1.78e+09   2.7 2.70e+03    -  1.39e-03 2.11e-03h  1
 314  1.9778319e+02 2.01e+03 1.79e+09   3.4 2.27e+03    -  1.65e-03 5.48e-04f  1
 315  1.9788184e+02 2.01e+03 1.80e+09   3.4 2.39e+03    -  1.05e-03 1.54e-03f  1
 316  1.9790893e+02 2.01e+03 1.80e+09   3.4 2.55e+03    -  2.94e-03 3.37e-04f  1
 317  1.9819537e+02 2.00e+03 1.81e+09   2.5 2.53e+03    -  1.55e-03 2.82e-03h  1
 318  1.9821413e+02 2.00e+03 1.82e+09   3.4 2.26e+03    -  2.35e-03 5.13e-04f  1
 319  1.9846214e+02 2.00e+03 1.83e+09  -3.5 1.73e+03    -  1.07e-03 2.92e-03h  1
iter    objective    inf_pr   inf_du lg(mu)  ||d||  lg(rg) alpha_du alpha_pr  ls
 320  1.9852842e+02 1.99e+03 1.83e+09   3.4 1.41e+03    -  6.43e-04 1.27e-03f  1
 321  1.9859993e+02 1.99e+03 1.84e+09  -3.5 1.30e+03    -  5.37e-04 7.02e-04h  1
 322  1.9871869e+02 1.99e+03 1.84e+09   2.6 1.28e+03    -  2.53e-03 1.20e-03h  1
 323  1.9877568e+02 1.99e+03 1.84e+09   3.4 1.20e+03    -  7.18e-04 8.15e-04f  1
 324  1.9933911e+02 1.98e+03 1.85e+09   1.5 1.27e+03    -  1.31e-03 3.65e-03h  1
 325  1.9938758e+02 1.98e+03 1.85e+09  -3.5 1.38e+03    -  4.12e-03 2.58e-04h  1
 326  1.9998608e+02 1.97e+03 1.87e+09   3.4 2.05e+03    -  1.30e-03 3.59e-03h  1
 327  2.0005914e+02 1.97e+03 1.87e+09   3.4 1.45e+03    -  1.52e-03 4.28e-04h  1
 328  2.0028456e+02 1.97e+03 1.88e+09   2.8 1.70e+03    -  1.47e-03 9.93e-04h  1
 329  2.0046191e+02 1.97e+03 1.89e+09   3.4 1.65e+03    -  4.00e-04 9.51e-04h  1
iter    objective    inf_pr   inf_du lg(mu)  ||d||  lg(rg) alpha_du alpha_pr  ls
 330  2.0068329e+02 1.97e+03 1.89e+09  -3.5 1.42e+03    -  4.93e-04 8.95e-04h  1
 331  2.0107598e+02 1.96e+03 1.89e+09  -3.5 1.67e+03    -  6.83e-04 1.56e-03h  1
 332  2.0122052e+02 1.96e+03 1.89e+09   3.4 1.34e+03    -  2.35e-04 7.17e-04f  1
 333  2.0123685e+02 1.96e+03 1.89e+09   1.2 1.31e+03    -  2.83e-03 9.94e-05h  1
 334  2.0140412e+02 1.96e+03 1.89e+09   0.4 1.46e+03    -  2.06e-03 1.12e-03h  1
 335  2.0147562e+02 1.95e+03 1.90e+09   3.4 2.13e+03    -  8.68e-04 2.17e-03f  1
 336  2.0185854e+02 1.95e+03 1.90e+09  -3.5 1.75e+03    -  1.86e-03 2.59e-03h  1
 337  2.0196074e+02 1.95e+03 1.90e+09   3.4 1.12e+03    -  4.11e-03 8.49e-04h  1
 338  2.0236199e+02 1.94e+03 1.91e+09   3.4 1.37e+03    -  2.98e-03 3.18e-03h  1
 339  2.0264300e+02 1.94e+03 1.92e+09   3.3 1.32e+03    -  3.82e-03 2.02e-03h  1
iter    objective    inf_pr   inf_du lg(mu)  ||d||  lg(rg) alpha_du alpha_pr  ls
 340  2.0280458e+02 1.93e+03 1.92e+09   3.4 9.66e+02    -  2.05e-03 3.21e-03f  1
 341  2.0282351e+02 1.93e+03 1.93e+09  -3.5 1.09e+03    -  1.28e-03 2.48e-04h  1
 342  2.0291099e+02 1.93e+03 1.93e+09   3.0 1.08e+03    -  2.34e-03 1.44e-03h  1
 343  2.0292709e+02 1.93e+03 1.94e+09   3.4 1.21e+03    -  1.82e-03 4.16e-04h  1
 344  2.0298440e+02 1.92e+03 1.96e+09   3.4 1.67e+03    -  1.24e-03 3.12e-03f  1
 345  2.0308016e+02 1.92e+03 1.97e+09   3.4 1.34e+03    -  2.24e-04 1.39e-03h  1
 346  2.0309695e+02 1.92e+03 1.98e+09  -3.5 1.22e+03    -  1.44e-03 1.76e-04h  1
 347  2.0316547e+02 1.92e+03 1.98e+09   3.3 1.12e+03    -  6.87e-04 7.96e-04h  1
 348  2.0322294e+02 1.91e+03 1.99e+09   3.4 1.46e+03    -  1.77e-04 1.80e-03f  1
 349  2.0335877e+02 1.91e+03 2.00e+09   3.4 1.50e+03    -  1.26e-03 2.91e-03f  1
iter    objective    inf_pr   inf_du lg(mu)  ||d||  lg(rg) alpha_du alpha_pr  ls
 350  2.0349133e+02 1.90e+03 2.00e+09   3.4 1.51e+03    -  2.51e-03 2.36e-03f  1
 351  2.0358125e+02 1.90e+03 2.01e+09   3.4 1.69e+03    -  2.42e-03 3.29e-03f  1
 352  2.0359050e+02 1.90e+03 2.01e+09   2.6 7.87e+02    -  2.42e-03 1.78e-04h  1
 353  2.0385454e+02 1.89e+03 2.02e+09   2.9 1.23e+03    -  3.07e-03 4.12e-03h  1
 354  2.0394379e+02 1.89e+03 2.03e+09   2.5 1.02e+03    -  1.65e-03 1.17e-03h  1
 355  2.0408484e+02 1.88e+03 2.04e+09   3.4 1.15e+03    -  4.64e-03 2.52e-03f  1
 356  2.0494080e+02 1.87e+03 2.07e+09  -3.4 1.08e+03    -  1.54e-03 6.17e-03h  1
 357  2.0508311e+02 1.87e+03 2.08e+09   2.4 8.78e+02    -  3.33e-03 1.07e-03h  1
 358  2.0533017e+02 1.86e+03 2.10e+09   3.4 1.01e+03    -  1.39e-03 3.51e-03h  1
 359  2.0549486e+02 1.86e+03 2.11e+09   3.4 1.16e+03    -  3.30e-03 2.10e-03h  1
iter    objective    inf_pr   inf_du lg(mu)  ||d||  lg(rg) alpha_du alpha_pr  ls
 360  2.0565891e+02 1.86e+03 2.11e+09  -3.4 1.02e+03    -  1.55e-03 1.21e-03h  1
 361  2.0574583e+02 1.85e+03 2.12e+09   3.4 1.02e+03    -  8.79e-04 8.91e-04h  1
 362  2.0587855e+02 1.85e+03 2.12e+09   3.1 1.01e+03    -  2.58e-03 1.01e-03h  1
 363  2.0626517e+02 1.85e+03 2.13e+09  -3.4 1.03e+03    -  3.10e-04 2.94e-03h  1
 364  2.0627830e+02 1.85e+03 2.13e+09   3.4 1.40e+03    -  1.43e-03 3.43e-04h  1
 365  2.0644606e+02 1.84e+03 2.14e+09   2.0 1.41e+03    -  1.37e-03 1.80e-03h  1
 366  2.0646222e+02 1.84e+03 2.14e+09   2.9 1.48e+03    -  3.19e-03 2.19e-04h  1
 367  2.0648373e+02 1.84e+03 2.14e+09   3.4 1.67e+03    -  4.03e-04 2.20e-03f  1
 368  2.0651644e+02 1.84e+03 2.14e+09   1.8 1.42e+03    -  3.99e-03 3.94e-04h  1
 369  2.0688213e+02 1.83e+03 2.14e+09   3.4 1.45e+03    -  1.34e-03 4.30e-03h  1
iter    objective    inf_pr   inf_du lg(mu)  ||d||  lg(rg) alpha_du alpha_pr  ls
 370  2.0713874e+02 1.83e+03 2.14e+09  -3.4 1.32e+03    -  8.92e-04 1.99e-03h  1
 371  2.0717918e+02 1.83e+03 2.14e+09   3.4 1.76e+03    -  3.46e-03 3.09e-04h  1
 372  2.0752876e+02 1.82e+03 2.15e+09   3.4 1.70e+03    -  9.73e-04 3.44e-03h  1
 373  2.0759797e+02 1.82e+03 2.15e+09   3.4 1.58e+03    -  2.01e-03 5.14e-04h  1
 374  2.0802440e+02 1.81e+03 2.14e+09   3.4 1.83e+03    -  2.33e-03 2.30e-03h  1
 375  2.0851116e+02 1.81e+03 2.13e+09   3.3 2.86e+03    -  2.63e-03 3.12e-03h  1
 376  2.0880941e+02 1.81e+03 2.13e+09  -3.4 1.97e+03    -  2.20e-03 1.29e-03h  1
 377  2.0889377e+02 1.81e+03 2.13e+09   3.4 1.78e+03    -  3.23e-04 4.43e-04h  1
 378  2.0902152e+02 1.80e+03 2.13e+09   1.3 1.69e+03    -  7.72e-04 6.08e-04h  1
 379  2.0937882e+02 1.80e+03 2.13e+09   2.9 1.59e+03    -  2.83e-03 1.69e-03h  1
iter    objective    inf_pr   inf_du lg(mu)  ||d||  lg(rg) alpha_du alpha_pr  ls
 380  2.0949446e+02 1.80e+03 2.13e+09   3.4 1.24e+03    -  1.70e-04 9.16e-04f  1
 381  2.0953199e+02 1.80e+03 2.13e+09   0.9 1.42e+03    -  1.38e-03 1.76e-04h  1
 382  2.0986765e+02 1.80e+03 2.13e+09   3.4 1.21e+03    -  1.42e-04 1.88e-03h  1
 383  2.0992015e+02 1.80e+03 2.13e+09   3.4 1.24e+03    -  5.23e-04 3.21e-04h  1
 384  2.1003665e+02 1.79e+03 2.13e+09   3.4 1.70e+03    -  3.46e-03 1.90e-03f  1
 385  2.1009668e+02 1.79e+03 2.13e+09  -3.4 1.04e+03    -  4.81e-04 5.14e-04h  1
 386  2.1027206e+02 1.79e+03 2.14e+09   3.2 9.34e+02    -  1.38e-03 2.21e-03f  1
 387  2.1042082e+02 1.78e+03 2.14e+09   2.9 1.02e+03    -  3.30e-03 1.38e-03h  1
 388  2.1055467e+02 1.78e+03 2.14e+09  -3.4 1.40e+03    -  2.43e-03 1.07e-03h  1
 389  2.1065604e+02 1.78e+03 2.14e+09   3.4 1.72e+03    -  1.87e-03 1.32e-03f  1
iter    objective    inf_pr   inf_du lg(mu)  ||d||  lg(rg) alpha_du alpha_pr  ls
 390  2.1091065e+02 1.78e+03 2.15e+09  -3.4 1.61e+03    -  6.16e-04 1.33e-03h  1
 391  2.1091607e+02 1.78e+03 2.15e+09   2.2 1.40e+03    -  2.69e-03 2.78e-05h  1
 392  2.1117776e+02 1.77e+03 2.15e+09   3.4 1.48e+03    -  9.12e-05 1.65e-03h  1
 393  2.1140988e+02 1.77e+03 2.15e+09   1.3 1.42e+03    -  1.55e-03 1.11e-03h  1
 394  2.1169143e+02 1.76e+03 2.16e+09   3.4 1.57e+03    -  3.96e-04 3.25e-03f  1
 395  2.1175849e+02 1.76e+03 2.16e+09   3.4 1.70e+03    -  1.50e-03 1.14e-03h  1
 396  2.1179002e+02 1.76e+03 2.16e+09   2.6 1.70e+03    -  2.80e-03 3.44e-04h  1
 397  2.1188736e+02 1.76e+03 2.16e+09  -3.4 1.68e+03    -  6.39e-04 1.15e-03h  1
 398  2.1196889e+02 1.76e+03 2.16e+09   3.2 1.48e+03    -  7.36e-04 1.20e-03h  1
 399  2.1225635e+02 1.75e+03 2.16e+09   2.8 1.48e+03    -  1.97e-03 2.98e-03h  1
iter    objective    inf_pr   inf_du lg(mu)  ||d||  lg(rg) alpha_du alpha_pr  ls
 400  2.1237416e+02 1.75e+03 2.16e+09   3.4 1.63e+03    -  1.06e-03 1.69e-03h  1
 401  2.1245101e+02 1.75e+03 2.16e+09   3.4 1.50e+03    -  1.39e-03 1.17e-03h  1
 402  2.1263886e+02 1.74e+03 2.17e+09  -3.4 2.21e+03    -  1.85e-03 2.29e-03h  1
 403  2.1264063e+02 1.74e+03 2.17e+09   3.4 1.63e+03    -  2.21e-03 2.27e-04h  1
 404  2.1262353e+02 1.74e+03 2.17e+09   3.4 1.58e+03    -  1.19e-03 6.90e-04h  3
 405  2.1288408e+02 1.74e+03 2.17e+09  -3.4 1.40e+03    -  1.36e-03 2.91e-03h  1
 406  2.1308846e+02 1.73e+03 2.17e+09   1.6 1.27e+03    -  1.51e-03 1.27e-03h  1
 407  2.1328135e+02 1.73e+03 2.17e+09   3.4 1.72e+03    -  5.16e-04 1.51e-03h  1
 408  2.1341723e+02 1.73e+03 2.17e+09   1.5 1.79e+03    -  1.78e-03 7.67e-04h  1
 409  2.1362855e+02 1.73e+03 2.17e+09   3.4 2.20e+03    -  2.41e-03 1.71e-03h  1
iter    objective    inf_pr   inf_du lg(mu)  ||d||  lg(rg) alpha_du alpha_pr  ls
 410  2.1378531e+02 1.73e+03 2.17e+09  -3.3 2.73e+03    -  1.54e-03 7.31e-04h  1
 411  2.1428324e+02 1.72e+03 2.17e+09   3.4 2.96e+03    -  7.46e-05 3.02e-03h  1
 412  2.1451499e+02 1.72e+03 2.17e+09  -3.3 2.67e+03    -  1.29e-03 9.58e-04h  1
 413  2.1473292e+02 1.72e+03 2.17e+09   3.4 2.48e+03    -  2.02e-04 1.19e-03h  1
 414  2.1489588e+02 1.72e+03 2.17e+09   3.4 1.86e+03    -  2.08e-03 1.12e-03h  1
 415  2.1501166e+02 1.71e+03 2.16e+09   3.4 1.81e+03    -  7.55e-04 9.13e-04h  1
 416  2.1519456e+02 1.71e+03 2.16e+09   2.1 1.46e+03    -  1.83e-03 9.35e-04h  1
 417  2.1530414e+02 1.71e+03 2.16e+09   2.2 1.76e+03    -  1.94e-03 5.54e-04h  1
 418  2.1542752e+02 1.71e+03 2.16e+09   3.4 2.31e+03    -  7.44e-04 1.39e-03h  1
 419  2.1555157e+02 1.71e+03 2.16e+09   3.3 2.08e+03    -  1.78e-03 9.11e-04h  1
iter    objective    inf_pr   inf_du lg(mu)  ||d||  lg(rg) alpha_du alpha_pr  ls
 420  2.1567531e+02 1.71e+03 2.16e+09   3.4 1.80e+03    -  6.56e-05 9.51e-04h  1
 421  2.1582539e+02 1.70e+03 2.16e+09   2.2 1.67e+03    -  1.61e-03 1.16e-03h  1
 422  2.1607309e+02 1.70e+03 2.15e+09   3.0 1.76e+03    -  1.69e-03 1.53e-03h  1
 423  2.1618497e+02 1.70e+03 2.15e+09   3.4 1.58e+03    -  1.20e-04 9.18e-04h  1
 424  2.1627143e+02 1.70e+03 2.15e+09   2.0 1.52e+03    -  1.61e-03 4.84e-04h  1
 425  2.1637745e+02 1.70e+03 2.15e+09   3.4 2.14e+03    -  1.96e-03 7.81e-04h  1
 426  2.1658063e+02 1.70e+03 2.14e+09  -3.3 1.82e+03    -  6.42e-04 9.56e-04h  1
 427  2.1677413e+02 1.69e+03 2.14e+09   2.7 1.60e+03    -  1.44e-03 8.09e-04h  1
 428  2.1703621e+02 1.69e+03 2.14e+09   3.4 1.63e+03    -  8.31e-05 1.12e-03h  1
 429  2.1742977e+02 1.69e+03 2.14e+09   1.6 1.50e+03    -  1.22e-03 1.55e-03h  1
iter    objective    inf_pr   inf_du lg(mu)  ||d||  lg(rg) alpha_du alpha_pr  ls
 430  2.1765571e+02 1.69e+03 2.14e+09   3.1 1.98e+03    -  1.03e-03 1.10e-03h  1
 431  2.1774939e+02 1.69e+03 2.14e+09   3.4 2.13e+03    -  1.40e-03 6.34e-04h  1
 432  2.1795914e+02 1.68e+03 2.14e+09  -3.3 2.66e+03    -  9.39e-04 1.42e-03h  1
 433  2.1798059e+02 1.68e+03 2.14e+09  -3.3 2.75e+03    -  1.37e-03 1.13e-04h  1
 434  2.1808442e+02 1.68e+03 2.14e+09   2.5 2.71e+03    -  1.54e-03 5.58e-04h  1
 435  2.1836198e+02 1.68e+03 2.14e+09   3.0 2.61e+03    -  1.81e-03 1.41e-03h  1
 436  2.1852519e+02 1.68e+03 2.15e+09   3.4 2.71e+03    -  1.11e-04 2.12e-03h  1
 437  2.1854223e+02 1.68e+03 2.15e+09   3.4 2.65e+03    -  7.03e-04 1.56e-04h  1
 438  2.1895398e+02 1.67e+03 2.16e+09   2.9 3.83e+03    -  5.50e-04 2.23e-03h  1
 439  2.1900531e+02 1.67e+03 2.16e+09  -3.3 3.68e+03    -  1.34e-03 2.25e-04h  3
iter    objective    inf_pr   inf_du lg(mu)  ||d||  lg(rg) alpha_du alpha_pr  ls
 440  2.1927599e+02 1.67e+03 2.16e+09   3.0 3.26e+03    -  1.13e-03 1.17e-03h  1
 441  2.1949756e+02 1.67e+03 2.16e+09   2.8 2.08e+03    -  9.32e-04 1.63e-03h  1
 442  2.1958369e+02 1.67e+03 2.17e+09   2.8 2.98e+03    -  2.49e-03 7.63e-04h  1
 443  2.1969428e+02 1.67e+03 2.17e+09  -3.3 2.30e+03    -  9.06e-04 7.32e-04h  1
 444  2.1980330e+02 1.66e+03 2.17e+09   3.4 3.52e+03    -  3.09e-04 1.65e-03h  1
 445  2.1988414e+02 1.66e+03 2.17e+09   1.6 3.29e+03    -  1.38e-03 4.14e-04h  1
 446  2.1995414e+02 1.66e+03 2.17e+09   2.9 3.35e+03    -  1.24e-03 3.50e-04h  1
 447  2.2046404e+02 1.66e+03 2.18e+09  -3.3 3.75e+03    -  6.16e-04 1.97e-03h  1
 448  2.2052028e+02 1.66e+03 2.18e+09   3.4 3.41e+03    -  9.32e-04 2.40e-04h  3
 449  2.2071627e+02 1.66e+03 2.19e+09   3.4 4.29e+03    -  1.25e-04 8.71e-04h  1
iter    objective    inf_pr   inf_du lg(mu)  ||d||  lg(rg) alpha_du alpha_pr  ls
 450  2.2076182e+02 1.66e+03 2.19e+09   3.4 5.25e+03    -  4.17e-04 2.63e-04h  1
 451  2.2094384e+02 1.65e+03 2.20e+09   3.4 5.22e+03    -  1.26e-03 9.37e-04h  1
 452  2.2105182e+02 1.65e+03 2.20e+09  -3.3 5.06e+03    -  1.18e-03 3.56e-04h  1
 453  2.2108671e+02 1.65e+03 2.20e+09   2.7 5.61e+03    -  1.41e-03 1.32e-04h  4
 454  2.2112431e+02 1.65e+03 2.20e+09   3.4 4.67e+03    -  2.78e-04 1.47e-04h  4
 455  2.2114496e+02 1.65e+03 2.20e+09   3.4 4.36e+03    -  2.01e-04 4.36e-04h  1
 456  2.2150085e+02 1.65e+03 2.21e+09   3.4 4.58e+03    -  5.29e-04 1.12e-03h  1
 457  2.2153066e+02 1.65e+03 2.21e+09   3.4 2.49e+03    -  4.35e-04 1.83e-04h  1
 458  2.2179580e+02 1.65e+03 2.21e+09   3.0 2.62e+03    -  1.37e-03 1.21e-03h  1
 459  2.2193478e+02 1.65e+03 2.22e+09   3.4 2.98e+03    -  2.86e-04 7.36e-04h  1
iter    objective    inf_pr   inf_du lg(mu)  ||d||  lg(rg) alpha_du alpha_pr  ls
 460  2.2199799e+02 1.65e+03 2.22e+09   3.4 3.39e+03    -  1.12e-03 1.06e-03h  1
 461  2.2209798e+02 1.64e+03 2.22e+09   3.4 3.50e+03    -  1.63e-03 1.05e-03h  1
 462  2.2212178e+02 1.64e+03 2.22e+09  -3.3 4.15e+03    -  7.48e-04 1.24e-04h  1
 463  2.2213064e+02 1.64e+03 2.22e+09   3.4 4.89e+03    -  3.38e-04 8.96e-04h  1
 464  2.2216258e+02 1.64e+03 2.22e+09   2.6 4.14e+03    -  1.22e-03 2.37e-04h  1
 465  2.2230274e+02 1.64e+03 2.23e+09   3.4 3.97e+03    -  3.73e-04 1.44e-03h  1
 466  2.2240323e+02 1.64e+03 2.23e+09   3.4 3.70e+03    -  7.72e-04 9.73e-04h  1
 467  2.2243408e+02 1.64e+03 2.24e+09   3.4 4.70e+03    -  6.76e-04 4.26e-04h  2
 468  2.2243773e+02 1.64e+03 2.24e+09   3.4 5.70e+03    -  4.58e-04 3.42e-04h  2
 469  2.2249620e+02 1.64e+03 2.24e+09   2.4 6.72e+03    -  9.35e-04 7.16e-04h  1
iter    objective    inf_pr   inf_du lg(mu)  ||d||  lg(rg) alpha_du alpha_pr  ls
 470  2.2258560e+02 1.63e+03 2.25e+09  -3.3 5.30e+03    -  5.21e-04 8.58e-04h  1
 471  2.2259401e+02 1.63e+03 2.25e+09   3.4 5.67e+03    -  1.60e-04 3.25e-04h  1
 472  2.2264262e+02 1.63e+03 2.25e+09   1.5 7.11e+03    -  1.17e-03 4.38e-04h  1
 473  2.2287389e+02 1.63e+03 2.25e+09   3.4 6.88e+03    -  5.97e-04 1.75e-03h  1
 474  2.2299666e+02 1.63e+03 2.24e+09  -3.3 3.93e+03    -  1.00e-03 6.41e-04h  1
 475  2.2306917e+02 1.63e+03 2.24e+09  -3.3 2.41e+03    -  5.24e-04 2.91e-04h  1
 476  2.2332044e+02 1.63e+03 2.24e+09   3.4 2.67e+03    -  4.50e-04 9.84e-04h  1
 477  2.2335641e+02 1.63e+03 2.24e+09  -3.3 2.90e+03    -  4.50e-04 1.17e-04h  1
 478  2.2360279e+02 1.63e+03 2.24e+09   3.4 3.05e+03    -  7.16e-04 9.12e-04h  1
 479  2.2378225e+02 1.62e+03 2.24e+09   3.4 3.66e+03    -  1.57e-04 5.53e-04h  1
iter    objective    inf_pr   inf_du lg(mu)  ||d||  lg(rg) alpha_du alpha_pr  ls
 480  2.2396175e+02 1.62e+03 2.24e+09   2.9 5.17e+03    -  7.97e-04 4.44e-04h  1
 481  2.2428156e+02 1.62e+03 2.24e+09   3.2 7.36e+03    -  1.01e-03 7.91e-04h  1
 482  2.2446128e+02 1.62e+03 2.25e+09   3.4 9.87e+03    -  2.37e-04 4.29e-04h  1
 483  2.2453503e+02 1.62e+03 2.25e+09   2.3 9.06e+03    -  3.44e-04 1.52e-04h  1
 484  2.2461557e+02 1.62e+03 2.25e+09   3.4 1.06e+04    -  5.21e-04 2.11e-04h  1
 485r 2.2461557e+02 1.62e+03 1.00e+03   3.4 0.00e+00    -  0.00e+00 2.81e-07R 12
 486r 2.2399722e+02 1.45e+03 4.64e+03   1.6 9.52e+02    -  8.82e-02 5.21e-02f  1
 487r 2.2381625e+02 1.11e+03 4.49e+03   1.1 9.53e+01    -  3.20e-01 1.36e-01f  1
 488r 2.2447990e+02 5.48e+02 5.89e+03  -2.9 1.08e+01    -  4.40e-01 4.02e-01f  1
 489r 2.1958332e+02 1.86e+02 8.24e+03   0.8 2.10e+00    -  3.50e-01 6.88e-01f  1
iter    objective    inf_pr   inf_du lg(mu)  ||d||  lg(rg) alpha_du alpha_pr  ls
 490  2.1974898e+02 1.85e+02 2.54e+00  -5.7 2.89e+01    -  2.32e-02 6.52e-03h  1
 491  2.1946779e+02 1.85e+02 9.35e+01  -0.2 4.86e+01    -  1.68e-02 3.80e-03f  1
 492  2.1963749e+02 1.83e+02 1.54e+02  -0.7 3.49e+01    -  1.50e-02 8.64e-03h  1
 493  2.1995227e+02 1.82e+02 3.73e+02  -1.6 5.49e+01    -  1.70e-02 4.74e-03h  1
 494  2.1999011e+02 1.81e+02 4.68e+02  -0.4 1.06e+02    -  7.38e-03 4.92e-03h  1
 495  2.2004241e+02 1.81e+02 5.66e+02  -0.4 1.39e+02    -  4.64e-03 3.02e-03h  1
 496  2.1948617e+02 1.80e+02 8.58e+02   0.1 1.61e+02    -  8.01e-03 4.72e-03h  1
 497  2.1978331e+02 1.79e+02 9.43e+02  -5.8 1.78e+02    -  4.34e-03 3.53e-03h  1
 498  2.1979002e+02 1.78e+02 1.24e+03  -0.3 3.52e+02    -  5.42e-03 3.46e-03h  1
 499  2.1982446e+02 1.78e+02 2.02e+03  -0.9 3.79e+02    -  4.90e-03 7.74e-04h  1
iter    objective    inf_pr   inf_du lg(mu)  ||d||  lg(rg) alpha_du alpha_pr  ls
 500  2.1871706e+02 1.77e+02 2.68e+03   0.5 5.71e+02    -  3.17e-03 3.35e-03f  1
 501  2.1884979e+02 1.77e+02 3.51e+03  -5.8 4.81e+02    -  2.94e-03 1.92e-03h  1
 502  2.1764754e+02 1.76e+02 6.22e+03   0.6 6.30e+02    -  3.72e-03 3.46e-03f  1
 503  2.1769540e+02 1.76e+02 6.52e+03  -5.8 5.56e+02    -  2.23e-03 3.92e-04h  1
 504  2.1663230e+02 1.75e+02 1.02e+04   0.7 1.16e+03    -  3.15e-03 2.82e-03f  1
 505  2.1677322e+02 1.74e+02 1.50e+04   0.2 8.26e+02    -  4.84e-03 4.19e-03h  1
 506  2.1705584e+02 1.73e+02 1.77e+04  -0.3 6.75e+02    -  4.08e-03 2.17e-03h  1
 507  2.1617049e+02 1.72e+02 2.27e+04   0.8 9.33e+02    -  3.14e-03 2.58e-03f  1
 508  2.1632213e+02 1.72e+02 2.51e+04   0.1 7.31e+02    -  3.98e-03 1.40e-03h  1
 509  2.1669421e+02 1.71e+02 2.88e+04  -0.1 5.35e+02    -  2.59e-03 4.75e-03h  1
iter    objective    inf_pr   inf_du lg(mu)  ||d||  lg(rg) alpha_du alpha_pr  ls
 510  2.1580951e+02 1.70e+02 5.18e+04   0.7 6.16e+02    -  5.39e-03 4.58e-03f  1
 511  2.1509724e+02 1.69e+02 4.77e+04   0.8 1.03e+03    -  2.53e-03 2.20e-03f  1
 512  2.1425588e+02 1.69e+02 4.68e+04   1.6 1.45e+03    -  1.44e-03 3.68e-04f  1
 513  2.1447642e+02 1.68e+02 4.82e+04  -0.2 4.59e+02    -  5.00e-03 5.02e-03h  1
 514  2.1468138e+02 1.68e+02 4.87e+04  -5.7 4.13e+02    -  3.28e-03 2.27e-03h  1
 515  2.1421934e+02 1.67e+02 5.15e+04   0.5 4.28e+02    -  6.35e-03 5.72e-03f  1
 516  2.1427531e+02 1.66e+02 5.35e+04   0.1 3.75e+02    -  4.96e-03 2.48e-03h  1
 517  2.1456294e+02 1.65e+02 5.78e+04  -1.6 4.00e+02    -  1.80e-03 4.30e-03h  1
 518  2.1441061e+02 1.65e+02 6.71e+04   0.8 3.71e+02    -  6.58e-03 3.52e-03f  1
 519  2.1295889e+02 1.63e+02 1.01e+05   1.2 5.96e+02    -  3.85e-03 7.82e-03f  1
iter    objective    inf_pr   inf_du lg(mu)  ||d||  lg(rg) alpha_du alpha_pr  ls
 520  2.1305103e+02 1.63e+02 1.05e+05  -5.7 4.06e+02    -  6.72e-03 1.22e-03h  1
 521  2.1246280e+02 1.62e+02 1.14e+05   0.9 4.35e+02    -  3.28e-03 2.39e-03f  1
 522  2.1159595e+02 1.61e+02 1.29e+05   0.9 7.73e+02    -  8.77e-03 3.42e-03f  1
 523  2.1160475e+02 1.60e+02 1.46e+05  -5.7 4.32e+02    -  4.58e-03 5.77e-03h  1
 524  2.1147918e+02 1.59e+02 1.57e+05   0.3 4.68e+02    -  3.54e-03 3.99e-03h  1
 525  2.1129282e+02 1.58e+02 1.74e+05   0.5 6.03e+02    -  2.77e-03 6.11e-03f  1
 526  2.0971477e+02 1.56e+02 1.92e+05   1.1 7.49e+02    -  5.86e-03 4.35e-03f  1
 527  2.0988925e+02 1.55e+02 2.01e+05  -5.7 4.42e+02    -  4.48e-03 3.68e-03h  1
 528  2.0999902e+02 1.55e+02 2.07e+05  -1.0 4.38e+02    -  5.71e-03 2.50e-03h  3
 529  2.0880795e+02 1.53e+02 2.20e+05   1.3 8.12e+02    -  6.13e-03 3.60e-03f  1
iter    objective    inf_pr   inf_du lg(mu)  ||d||  lg(rg) alpha_du alpha_pr  ls
 530  2.0937734e+02 1.52e+02 2.31e+05  -1.3 5.10e+02    -  1.43e-03 7.17e-03h  1
 531  2.0959424e+02 1.52e+02 2.41e+05  -0.6 5.18e+02    -  6.76e-03 2.85e-03h  1
 532  2.1025688e+02 1.51e+02 2.86e+05  -5.7 4.59e+02    -  5.60e-03 7.83e-03h  1
 533  2.1047733e+02 1.50e+02 3.03e+05  -5.7 4.48e+02    -  3.25e-03 2.78e-03h  1
 534  2.1058735e+02 1.49e+02 3.46e+05   0.3 5.50e+02    -  3.24e-03 6.94e-03h  1
 535  2.1068985e+02 1.49e+02 3.55e+05  -0.5 5.56e+02    -  7.83e-03 1.39e-03h  1
 536  2.1118248e+02 1.48e+02 4.06e+05   0.0 5.91e+02    -  6.58e-03 6.06e-03h  1
 537  2.1159006e+02 1.47e+02 4.35e+05  -5.7 5.72e+02    -  4.94e-03 3.72e-03h  2
 538  2.1194067e+02 1.47e+02 4.60e+05  -5.7 5.73e+02    -  6.53e-03 3.56e-03h  2
 539  2.1188730e+02 1.45e+02 5.08e+05   0.6 7.66e+02    -  2.91e-03 9.32e-03f  1
iter    objective    inf_pr   inf_du lg(mu)  ||d||  lg(rg) alpha_du alpha_pr  ls
 540  2.1200974e+02 1.45e+02 5.23e+05   0.2 5.68e+02    -  1.32e-02 3.35e-03h  1
 541  2.1205282e+02 1.44e+02 5.28e+05   0.2 5.27e+02    -  7.97e-03 1.36e-03h  1
 542  2.1241694e+02 1.43e+02 5.64e+05   0.2 5.54e+02    -  4.30e-03 9.98e-03h  1
 543  2.1248248e+02 1.43e+02 5.73e+05   0.2 4.98e+02    -  3.54e-03 1.54e-03h  1
 544  2.1263837e+02 1.42e+02 5.89e+05   0.2 5.27e+02    -  5.74e-04 3.26e-03h  1
 545  2.1265878e+02 1.42e+02 5.92e+05   0.2 4.21e+02    -  7.13e-03 4.92e-04h  1
 546  2.1304400e+02 1.41e+02 6.29e+05   0.2 4.24e+02    -  2.22e-04 7.09e-03h  1
 547  2.1319298e+02 1.41e+02 6.41e+05   0.2 4.04e+02    -  4.69e-03 2.17e-03h  1
 548  2.1287251e+02 1.40e+02 6.55e+05   1.4 8.12e+02    -  5.54e-03 1.00e-03f  1
 549  2.1220283e+02 1.40e+02 6.69e+05   1.7 1.51e+03    -  1.44e-03 8.15e-04f  1
iter    objective    inf_pr   inf_du lg(mu)  ||d||  lg(rg) alpha_du alpha_pr  ls
 550  2.1290708e+02 1.39e+02 7.16e+05  -5.7 4.65e+02    -  1.21e-03 8.28e-03h  1
 551  2.1304539e+02 1.39e+02 7.26e+05  -1.3 5.21e+02    -  3.80e-03 1.33e-03h  1
 552  2.1382045e+02 1.38e+02 7.73e+05  -1.7 5.04e+02    -  3.54e-03 7.01e-03h  1
 553  2.1395381e+02 1.37e+02 7.95e+05   0.6 5.10e+02    -  4.70e-03 3.08e-03h  1
 554  2.1436855e+02 1.37e+02 8.21e+05  -0.1 4.41e+02    -  8.37e-03 3.82e-03h  1
 555  2.1451815e+02 1.36e+02 8.56e+05   0.6 4.70e+02    -  9.42e-03 3.66e-03h  1
 556  2.1491942e+02 1.36e+02 8.83e+05  -5.7 4.29e+02    -  4.01e-03 3.30e-03h  2
 557  2.1472349e+02 1.35e+02 9.26e+05   1.1 5.88e+02    -  6.54e-03 3.62e-03f  1
 558  2.1488991e+02 1.35e+02 9.45e+05   0.3 5.75e+02    -  4.18e-03 1.78e-03h  1
 559  2.1540307e+02 1.34e+02 9.96e+05  -0.4 6.89e+02    -  4.54e-03 4.43e-03h  1
iter    objective    inf_pr   inf_du lg(mu)  ||d||  lg(rg) alpha_du alpha_pr  ls
 560  2.1569616e+02 1.34e+02 1.02e+06   0.0 7.90e+02    -  2.13e-03 2.35e-03h  1
 561  2.1557744e+02 1.34e+02 1.06e+06   1.1 9.80e+02    -  7.99e-03 2.74e-03f  1
 562  2.1556416e+02 1.33e+02 1.09e+06   1.1 1.00e+03    -  4.73e-03 1.54e-03f  3
 563  2.1363836e+02 1.31e+02 1.27e+06   1.7 1.52e+03    -  1.97e-03 5.17e-03f  1
 564  2.1394828e+02 1.31e+02 1.30e+06   0.3 7.05e+02    -  3.24e-03 1.68e-03h  1
 565  2.1473730e+02 1.30e+02 1.37e+06   0.3 7.62e+02    -  5.56e-03 4.02e-03h  1
 566  2.1523382e+02 1.30e+02 1.40e+06   0.3 9.31e+02    -  3.47e-03 2.73e-03h  1
 567  2.1607907e+02 1.29e+02 1.42e+06   0.3 9.59e+02    -  2.41e-03 5.10e-03h  1
 568  2.1623900e+02 1.29e+02 1.43e+06   0.3 1.10e+03    -  3.95e-04 9.76e-04h  2
 569  2.1638193e+02 1.29e+02 1.43e+06   0.3 9.52e+02    -  2.80e-03 9.01e-04h  3
iter    objective    inf_pr   inf_du lg(mu)  ||d||  lg(rg) alpha_du alpha_pr  ls
 570  2.1659322e+02 1.29e+02 1.43e+06   0.3 9.55e+02    -  7.36e-04 1.52e-03h  2
 571  2.1684626e+02 1.29e+02 1.44e+06   0.3 1.36e+03    -  4.53e-03 1.92e-03h  1
 572  2.1731760e+02 1.28e+02 1.46e+06   0.3 1.27e+03    -  6.16e-03 3.21e-03h  1
 573  2.1770037e+02 1.28e+02 1.47e+06   0.3 1.32e+03    -  1.70e-03 2.39e-03h  1
 574  2.1823113e+02 1.28e+02 1.49e+06   0.3 1.21e+03    -  3.86e-03 3.01e-03h  1
 575  2.1860809e+02 1.27e+02 1.50e+06   0.3 1.52e+03    -  3.91e-03 2.07e-03h  1
 576  2.1918748e+02 1.27e+02 1.53e+06   0.3 1.52e+03    -  2.53e-03 3.12e-03h  1
 577  2.1975592e+02 1.27e+02 1.55e+06   0.3 1.45e+03    -  2.04e-03 3.09e-03h  1
 578  2.1986023e+02 1.26e+02 1.55e+06   0.3 1.78e+03    -  1.37e-03 5.97e-04h  1
 579  2.2012379e+02 1.26e+02 1.56e+06   0.3 1.52e+03    -  4.87e-04 1.60e-03h  2
iter    objective    inf_pr   inf_du lg(mu)  ||d||  lg(rg) alpha_du alpha_pr  ls
 580  2.2018096e+02 1.26e+02 1.56e+06   0.3 1.34e+03    -  3.05e-03 3.41e-04h  4
 581  2.2052459e+02 1.26e+02 1.57e+06   0.3 1.63e+03    -  2.04e-03 2.30e-03h  1
 582  2.2068615e+02 1.26e+02 1.58e+06   0.3 1.25e+03    -  8.82e-04 8.04e-04h  1
 583  2.2123995e+02 1.26e+02 1.60e+06   0.3 1.30e+03    -  7.06e-04 2.58e-03h  1
 584  2.2162759e+02 1.25e+02 1.61e+06   0.3 1.08e+03    -  2.32e-03 1.99e-03h  1
 585  2.2175924e+02 1.25e+02 1.62e+06   0.3 1.15e+03    -  1.03e-03 9.76e-04h  1
 586  2.2186759e+02 1.25e+02 1.62e+06   0.3 1.69e+03    -  1.52e-03 8.54e-04h  1
 587  2.2206533e+02 1.25e+02 1.63e+06   0.3 1.71e+03    -  1.92e-03 1.42e-03h  1
 588  2.2228782e+02 1.25e+02 1.64e+06   0.3 1.53e+03    -  1.80e-04 1.50e-03h  1
 589  2.2229000e+02 1.25e+02 1.64e+06   0.3 1.49e+03    -  7.74e-04 1.77e-05h  7
iter    objective    inf_pr   inf_du lg(mu)  ||d||  lg(rg) alpha_du alpha_pr  ls
 590  2.2229481e+02 1.25e+02 1.64e+06   0.3 1.28e+03    -  3.39e-04 3.68e-05h  7
 591r 2.2229481e+02 1.25e+02 1.00e+03   1.3 0.00e+00    -  0.00e+00 3.22e-07R 14
 592r 2.1967279e+02 1.24e+02 1.25e+03   1.8 1.76e+04    -  6.21e-03 1.15e-03f  1
 593  2.1967716e+02 1.24e+02 1.47e+01  -5.7 3.30e+01    -  1.36e-03 8.61e-05h  1
 594  2.1969774e+02 1.24e+02 2.26e+01  -1.8 8.22e+01    -  3.53e-04 2.35e-04h  1
 595  2.1971552e+02 1.24e+02 7.09e+01  -1.3 1.56e+02    -  5.55e-04 1.74e-04h  1
 596  2.1972042e+02 1.24e+02 6.12e+02  -0.1 3.89e+02    -  1.76e-03 6.46e-05h  1
 597  2.1982206e+02 1.24e+02 5.30e+02  -1.8 2.83e+02    -  4.06e-04 6.44e-04h  1
 598  2.1986077e+02 1.24e+02 9.84e+02   0.3 5.34e+02    -  1.39e-03 6.61e-04f  1
 599  2.2002509e+02 1.24e+02 9.93e+02   0.1 5.32e+02    -  1.48e-03 1.46e-03h  1
iter    objective    inf_pr   inf_du lg(mu)  ||d||  lg(rg) alpha_du alpha_pr  ls
 600  2.2010076e+02 1.24e+02 2.08e+03   0.1 7.10e+02    -  2.29e-03 7.84e-04h  1
 601  2.2001922e+02 1.23e+02 2.27e+03   0.6 9.23e+02    -  1.39e-03 1.19e-03f  1
 602  2.2001993e+02 1.23e+02 3.42e+03   0.2 7.88e+02    -  1.47e-03 1.06e-05h  9
 603  2.1933959e+02 1.23e+02 5.03e+03   0.9 1.74e+03    -  2.46e-03 2.56e-03f  1
 604  2.1964976e+02 1.23e+02 5.69e+03  -5.7 6.71e+02    -  2.44e-03 1.94e-03h  1
 605  2.1973767e+02 1.23e+02 7.09e+03   0.2 7.87e+02    -  4.59e-03 1.20e-03h  1
 606  2.1982895e+02 1.23e+02 7.46e+03   0.2 1.02e+03    -  9.08e-04 1.04e-03h  1
 607  2.2001223e+02 1.22e+02 1.00e+04   0.2 8.17e+02    -  1.53e-03 1.83e-03h  1
 608  2.2024747e+02 1.22e+02 1.36e+04   0.2 7.05e+02    -  1.26e-03 2.30e-03h  1
 609  2.2045301e+02 1.22e+02 1.66e+04   0.2 9.78e+02    -  2.19e-03 1.91e-03h  1
iter    objective    inf_pr   inf_du lg(mu)  ||d||  lg(rg) alpha_du alpha_pr  ls
 610  2.2056749e+02 1.22e+02 1.87e+04   0.2 8.64e+02    -  2.24e-03 1.24e-03h  1
 611  2.2063224e+02 1.22e+02 1.98e+04   0.2 8.93e+02    -  9.74e-04 5.68e-04h  1
 612  2.2105218e+02 1.21e+02 2.75e+04   0.2 1.03e+03    -  1.17e-03 2.98e-03h  1
 613  2.2134447e+02 1.21e+02 3.24e+04   0.2 1.16e+03    -  8.94e-04 1.93e-03h  1
 614  2.2160731e+02 1.21e+02 3.72e+04   0.2 1.10e+03    -  2.21e-03 2.11e-03h  1
 615  2.2178163e+02 1.21e+02 4.17e+04   0.2 1.29e+03    -  8.77e-04 1.51e-03h  1
 616  2.2200841e+02 1.20e+02 4.79e+04   0.2 1.52e+03    -  1.67e-03 1.77e-03h  1
 617  2.2219636e+02 1.20e+02 5.54e+04   0.2 1.57e+03    -  8.23e-04 1.52e-03h  1
 618  2.2220820e+02 1.20e+02 5.61e+04   0.2 1.04e+03    -  1.88e-03 1.52e-04h  1
 619  2.2230264e+02 1.20e+02 7.19e+04   0.2 9.95e+02    -  1.64e-04 1.38e-03h  1
iter    objective    inf_pr   inf_du lg(mu)  ||d||  lg(rg) alpha_du alpha_pr  ls
 620  2.2244754e+02 1.20e+02 8.44e+04   0.2 8.12e+02    -  3.06e-03 2.06e-03h  1
 621  2.2250156e+02 1.20e+02 8.85e+04   0.2 9.58e+02    -  8.79e-04 7.65e-04h  1
 622  2.2272622e+02 1.19e+02 1.16e+05   0.2 7.37e+02    -  2.22e-04 4.13e-03h  1
 623  2.2280645e+02 1.19e+02 1.23e+05   0.2 6.68e+02    -  4.60e-03 1.26e-03h  1
 624  2.2312108e+02 1.18e+02 1.50e+05   0.2 6.27e+02    -  9.63e-04 4.56e-03h  1
 625  2.2318649e+02 1.18e+02 1.57e+05   0.2 6.40e+02    -  1.23e-03 1.25e-03h  1
 626  2.2324424e+02 1.18e+02 1.64e+05   0.2 5.90e+02    -  1.80e-03 1.36e-03h  1
 627  2.2343967e+02 1.18e+02 1.85e+05   0.2 5.85e+02    -  2.53e-03 3.87e-03h  1
 628  2.2348589e+02 1.18e+02 1.92e+05   0.2 6.26e+02    -  1.67e-03 1.31e-03h  1
 629  2.2358997e+02 1.17e+02 2.09e+05   0.2 6.30e+02    -  9.54e-04 3.40e-03h  1
iter    objective    inf_pr   inf_du lg(mu)  ||d||  lg(rg) alpha_du alpha_pr  ls
 630  2.2361780e+02 1.17e+02 2.13e+05   0.2 8.28e+02    -  3.56e-03 7.40e-04h  1
 631  2.2365021e+02 1.17e+02 2.17e+05   0.2 1.14e+03    -  4.41e-04 7.52e-04h  1
 632  2.2369206e+02 1.17e+02 2.23e+05   0.2 1.23e+03    -  1.49e-03 1.15e-03h  1
 633  2.2375160e+02 1.17e+02 2.33e+05   0.2 1.47e+03    -  2.25e-03 1.80e-03h  1
 634  2.2386840e+02 1.16e+02 2.51e+05   0.2 1.14e+03    -  5.97e-04 3.33e-03h  1
 635  2.2384671e+02 1.16e+02 2.65e+05   0.5 6.59e+02    -  2.12e-03 2.24e-03f  1
 636  2.2385752e+02 1.16e+02 2.68e+05   0.2 7.06e+02    -  2.83e-03 6.97e-04h  1
 637  2.2393500e+02 1.16e+02 2.73e+05  -0.7 7.44e+02    -  1.29e-03 1.52e-03h  1
 638  2.2393934e+02 1.16e+02 2.79e+05   0.5 8.33e+02    -  1.20e-03 1.70e-03f  1
 639  2.2387592e+02 1.15e+02 2.87e+05   0.8 9.35e+02    -  3.24e-03 2.01e-03f  1
iter    objective    inf_pr   inf_du lg(mu)  ||d||  lg(rg) alpha_du alpha_pr  ls
 640  2.2334393e+02 1.15e+02 3.11e+05   1.0 9.69e+02    -  3.74e-03 2.17e-03f  1
 641  2.2330684e+02 1.15e+02 3.21e+05   0.3 8.71e+02    -  1.02e-03 1.31e-03h  1
 642  2.2085571e+02 1.14e+02 3.66e+05   1.9 2.93e+03    -  1.31e-03 1.36e-03f  1
 643  2.2088098e+02 1.14e+02 3.72e+05   0.2 6.55e+02    -  1.74e-03 5.82e-04h  1
 644  2.2097354e+02 1.14e+02 3.92e+05   0.2 6.37e+02    -  1.46e-03 2.09e-03h  1
 645  2.2106161e+02 1.14e+02 4.06e+05   0.2 7.64e+02    -  3.40e-03 1.28e-03h  1
 646  2.2127243e+02 1.14e+02 4.34e+05   0.2 7.95e+02    -  2.15e-03 2.80e-03h  2
 647  2.2152595e+02 1.13e+02 4.64e+05   0.2 7.67e+02    -  1.77e-03 2.92e-03h  1
 648  2.2165370e+02 1.13e+02 4.75e+05   0.2 7.28e+02    -  3.26e-03 1.10e-03h  1
 649  2.2190806e+02 1.13e+02 4.96e+05   0.2 6.86e+02    -  2.06e-03 2.17e-03h  1
iter    objective    inf_pr   inf_du lg(mu)  ||d||  lg(rg) alpha_du alpha_pr  ls
 650  2.2210628e+02 1.13e+02 5.14e+05   0.3 7.29e+02    -  2.63e-03 1.88e-03h  1
 651  2.2262683e+02 1.12e+02 5.53e+05  -5.7 7.39e+02    -  1.57e-03 4.18e-03h  1
 652  2.2290665e+02 1.12e+02 5.70e+05  -5.7 8.10e+02    -  2.30e-03 2.11e-03h  1
 653  2.2335407e+02 1.12e+02 5.96e+05  -0.3 8.90e+02    -  2.63e-03 3.36e-03h  1
 654  2.2341017e+02 1.12e+02 6.04e+05   0.2 9.73e+02    -  1.46e-03 9.08e-04h  3
 655  2.2355990e+02 1.11e+02 6.10e+05   0.2 8.45e+02    -  2.49e-03 2.30e-03h  1
 656  2.2291646e+02 1.11e+02 6.02e+05   1.1 1.10e+03    -  3.53e-03 3.00e-03f  1
 657  2.2286656e+02 1.11e+02 5.96e+05   0.6 1.07e+03    -  5.09e-03 2.28e-03f  1
 658  2.2313040e+02 1.10e+02 5.90e+05  -5.7 8.32e+02    -  2.62e-03 3.75e-03h  1
 659  2.2362947e+02 1.10e+02 5.80e+05  -5.7 7.09e+02    -  1.53e-03 4.38e-03h  1
iter    objective    inf_pr   inf_du lg(mu)  ||d||  lg(rg) alpha_du alpha_pr  ls
 660  2.2364419e+02 1.10e+02 5.80e+05   0.6 7.77e+02    -  5.35e-03 3.00e-04h  1
 661  2.2359051e+02 1.10e+02 5.74e+05   1.0 9.12e+02    -  7.01e-03 1.35e-03f  1
 662  2.2377815e+02 1.09e+02 5.75e+05  -5.7 7.99e+02    -  2.15e-03 1.51e-03h  1
 663  2.2412329e+02 1.09e+02 5.70e+05   0.6 8.62e+02    -  3.31e-03 4.13e-03h  1
 664  2.2425999e+02 1.09e+02 5.68e+05   0.7 1.83e+03    -  2.44e-03 1.42e-03h  1
 665  2.2401585e+02 1.09e+02 5.65e+05   1.3 2.42e+03    -  1.52e-03 1.32e-03f  1
 666  2.2409350e+02 1.09e+02 5.65e+05   0.3 2.07e+03    -  3.42e-03 6.58e-04h  1
 667  2.2446289e+02 1.08e+02 5.66e+05  -5.7 2.20e+03    -  5.67e-04 2.55e-03h  1
 668  2.2492657e+02 1.08e+02 5.70e+05  -0.8 2.20e+03    -  2.27e-03 3.28e-03h  1
 669  2.2522387e+02 1.08e+02 5.73e+05  -5.7 2.06e+03    -  2.68e-03 1.87e-03h  2
iter    objective    inf_pr   inf_du lg(mu)  ||d||  lg(rg) alpha_du alpha_pr  ls
 670  2.2539612e+02 1.08e+02 5.75e+05   0.0 1.80e+03    -  2.27e-03 1.09e-03h  2
 671  2.2542261e+02 1.08e+02 5.75e+05   0.8 1.42e+03    -  1.07e-03 2.73e-04h  4
 672  2.2542559e+02 1.08e+02 5.75e+05  -0.1 1.20e+03    -  8.53e-04 2.09e-05h  8
 673  2.2454918e+02 1.49e+02 6.02e+05   1.6 2.08e+03    -  1.72e-03 3.88e-03f  1
 674  2.2463499e+02 1.48e+02 6.09e+05   0.2 1.89e+03    -  2.88e-03 1.11e-03h  3
 675  2.2474988e+02 1.48e+02 6.17e+05   0.2 1.77e+03    -  6.40e-03 1.43e-03h  3
 676  2.2478470e+02 1.48e+02 6.20e+05   0.2 1.91e+03    -  2.75e-03 3.86e-04h  5
 677  2.2484716e+02 1.48e+02 6.25e+05   0.2 1.80e+03    -  5.27e-04 7.79e-04h  4
 678  2.2503816e+02 1.47e+02 6.38e+05   0.2 2.05e+03    -  5.20e-03 2.10e-03h  2
 679  2.2531558e+02 1.46e+02 6.50e+05   0.2 1.99e+03    -  1.92e-03 2.65e-03h  2
iter    objective    inf_pr   inf_du lg(mu)  ||d||  lg(rg) alpha_du alpha_pr  ls
 680  2.2552338e+02 1.45e+02 6.58e+05   0.2 1.88e+03    -  5.95e-04 1.67e-03h  2
 681  2.2582156e+02 1.44e+02 6.74e+05   0.2 1.77e+03    -  2.84e-03 2.22e-03h  1
 682  2.2587361e+02 1.44e+02 6.80e+05   0.2 1.51e+03    -  2.09e-03 4.07e-04h  3
 683  2.2615664e+02 1.43e+02 7.49e+05   0.2 1.64e+03    -  2.55e-03 2.84e-03h  1
 684  2.2621296e+02 1.43e+02 7.83e+05   0.2 1.53e+03    -  3.30e-03 1.27e-03h  3
 685  2.2628206e+02 1.43e+02 8.34e+05   0.2 1.44e+03    -  3.97e-03 1.67e-03h  2
 686  2.2631891e+02 1.43e+02 9.23e+05   0.2 1.29e+03    -  2.17e-03 1.10e-03h  2
 687  2.2633661e+02 1.42e+02 9.46e+05   0.2 8.35e+02    -  4.65e-03 7.61e-04h  1
 688  2.2641635e+02 1.42e+02 1.05e+06   0.2 8.68e+02    -  4.71e-03 3.49e-03h  1
 689  2.2657864e+02 1.41e+02 1.21e+06   0.2 1.04e+03    -  6.24e-03 5.54e-03h  1
iter    objective    inf_pr   inf_du lg(mu)  ||d||  lg(rg) alpha_du alpha_pr  ls
 690  2.2670732e+02 1.41e+02 1.29e+06   0.2 1.33e+03    -  4.56e-03 3.81e-03h  1
 691  2.2684707e+02 1.40e+02 1.37e+06   0.2 1.17e+03    -  1.96e-03 4.11e-03h  1
 692  2.2698418e+02 1.40e+02 1.43e+06   0.2 7.66e+02    -  5.99e-03 3.51e-03h  1
 693  2.2737228e+02 1.40e+02 1.57e+06   0.2 1.03e+03    -  5.76e-04 8.78e-03h  1
 694  2.2744864e+02 1.40e+02 1.61e+06   0.2 7.40e+02    -  3.02e-03 1.94e-03h  1
 695  2.2755858e+02 1.39e+02 1.67e+06   0.2 5.63e+02    -  1.68e-03 2.99e-03h  1
 696  2.2770480e+02 1.39e+02 1.74e+06   0.2 6.65e+02    -  9.22e-03 3.42e-03h  1
 697  2.2777649e+02 1.39e+02 1.78e+06   0.2 8.34e+02    -  4.77e-03 2.23e-03h  1
 698  2.2778480e+02 1.38e+02 1.79e+06   0.2 7.99e+02    -  2.40e-03 3.03e-04h  4
 699  2.2791046e+02 1.38e+02 1.85e+06   0.2 7.13e+02    -  2.67e-03 3.77e-03h  1
iter    objective    inf_pr   inf_du lg(mu)  ||d||  lg(rg) alpha_du alpha_pr  ls
 700  2.2792864e+02 1.38e+02 1.86e+06   0.2 5.78e+02    -  2.11e-03 6.01e-04h  4
 701  2.2821352e+02 1.38e+02 2.00e+06   0.2 9.30e+02    -  1.57e-03 7.12e-03h  1
 702  2.2853791e+02 1.37e+02 2.09e+06   0.2 8.25e+02    -  1.99e-03 5.26e-03h  1
 703  2.2863170e+02 1.37e+02 2.10e+06   0.2 6.58e+02    -  1.16e-03 1.02e-03h  1
 704  2.2916536e+02 1.37e+02 2.15e+06   0.2 6.70e+02    -  2.38e-03 5.15e-03h  1
 705  2.2944959e+02 1.37e+02 2.18e+06   0.2 5.78e+02    -  2.24e-03 2.42e-03h  1
 706  2.2958970e+02 1.37e+02 2.19e+06   0.2 6.77e+02    -  1.39e-03 1.17e-03h  1
 707  2.2971878e+02 1.37e+02 2.21e+06   0.2 9.95e+02    -  2.90e-03 1.09e-03h  2
 708  2.2974166e+02 1.37e+02 2.21e+06   0.2 1.15e+03    -  3.16e-03 2.13e-04h  5
 709  2.2984896e+02 1.36e+02 2.22e+06   0.2 1.17e+03    -  4.56e-03 9.46e-04h  3
iter    objective    inf_pr   inf_du lg(mu)  ||d||  lg(rg) alpha_du alpha_pr  ls
 710  2.3027752e+02 1.37e+02 2.27e+06   0.2 1.16e+03    -  2.43e-03 3.76e-03h  1
 711  2.3039302e+02 1.37e+02 2.28e+06   0.2 1.14e+03    -  3.69e-04 9.94e-04h  3
 712  2.3041135e+02 1.37e+02 2.28e+06   0.2 1.10e+03    -  2.09e-03 1.96e-04h  5
 713  2.3069104e+02 1.36e+02 2.31e+06   0.2 1.08e+03    -  3.55e-03 2.70e-03h  1
 714  2.3064727e+02 1.37e+02 2.36e+06   1.2 1.30e+03    -  2.68e-03 2.73e-03f  1
 715  2.3093824e+02 1.37e+02 2.39e+06  -0.9 1.07e+03    -  1.79e-03 2.47e-03h  1
 716  2.3116775e+02 1.37e+02 2.42e+06   0.3 1.10e+03    -  2.74e-03 2.38e-03h  1
 717  2.3129158e+02 1.37e+02 2.44e+06  -0.1 1.34e+03    -  3.11e-03 1.44e-03h  3
 718  2.3131986e+02 1.36e+02 2.45e+06   0.7 1.62e+03    -  3.44e-03 1.38e-03h  3
 719  2.3100027e+02 1.35e+02 2.42e+06   1.1 1.83e+03    -  8.18e-03 4.60e-03f  1
iter    objective    inf_pr   inf_du lg(mu)  ||d||  lg(rg) alpha_du alpha_pr  ls
 720  2.3133072e+02 1.34e+02 2.45e+06   0.3 1.44e+03    -  1.83e-03 3.09e-03h  1
 721  2.3137857e+02 1.34e+02 2.45e+06   0.3 1.40e+03    -  1.27e-03 3.85e-04h  4
 722  2.3143491e+02 1.34e+02 2.46e+06   0.3 1.13e+03    -  1.37e-04 5.20e-04h  4
 723  2.3144655e+02 1.35e+02 2.46e+06   0.3 8.39e+02    -  3.22e-03 1.36e-04h  6
 724  2.3177958e+02 1.34e+02 2.47e+06   0.3 8.75e+02    -  5.36e-04 3.43e-03h  2
 725  2.3224295e+02 1.33e+02 2.49e+06   0.3 7.99e+02    -  3.41e-03 4.23e-03h  1
 726  2.3251896e+02 1.33e+02 2.50e+06   0.3 8.43e+02    -  1.63e-03 1.78e-03h  1
 727  2.3263520e+02 1.33e+02 2.50e+06   0.3 9.09e+02    -  1.90e-03 6.30e-04h  1
 728  2.3307670e+02 1.33e+02 2.51e+06   0.3 9.63e+02    -  1.84e-03 2.43e-03h  1
 729  2.3352644e+02 1.32e+02 2.52e+06   0.3 9.82e+02    -  1.64e-03 2.37e-03h  1
iter    objective    inf_pr   inf_du lg(mu)  ||d||  lg(rg) alpha_du alpha_pr  ls
 730  2.3367403e+02 1.32e+02 2.53e+06   0.3 9.12e+02    -  1.72e-03 8.07e-04h  3
 731  2.3386890e+02 1.33e+02 2.54e+06   0.3 1.01e+03    -  9.92e-04 1.07e-03h  3
 732  2.3419032e+02 1.37e+02 2.55e+06   0.3 1.32e+03    -  1.42e-03 1.98e-03h  2
 733  2.3459948e+02 1.40e+02 2.57e+06   0.3 1.38e+03    -  1.92e-03 2.24e-03h  1
 734  2.3462649e+02 1.40e+02 2.57e+06   0.3 1.28e+03    -  1.65e-03 2.58e-04h  1
 735  2.3468489e+02 1.40e+02 2.58e+06   0.3 1.41e+03    -  5.75e-04 4.67e-04h  3
 736  2.3469141e+02 1.40e+02 2.58e+06   0.3 2.46e+03    -  1.97e-03 5.11e-05h  6
 737  2.3471963e+02 1.40e+02 2.58e+06   0.3 2.33e+03    -  1.14e-03 2.07e-04h  4
 738  2.3472244e+02 1.40e+02 2.58e+06   0.3 2.77e+03    -  1.50e-03 2.26e-05h  8
 739r 2.3472244e+02 1.40e+02 1.00e+03   1.5 0.00e+00    -  0.00e+00 3.69e-07R 14
iter    objective    inf_pr   inf_du lg(mu)  ||d||  lg(rg) alpha_du alpha_pr  ls
 740r 2.3155849e+02 1.23e+02 1.10e+03   1.7 2.14e+04    -  2.02e-03 1.32e-03f  1
 741  2.3155988e+02 1.23e+02 4.67e+01  -1.1 4.93e+01    -  4.10e-03 9.45e-05h  1
 742  2.3158301e+02 1.23e+02 1.61e+02  -1.1 1.34e+02    -  1.86e-03 4.32e-04h  1
 743  2.3159035e+02 1.23e+02 4.93e+02  -0.2 3.21e+02    -  1.96e-03 4.93e-04f  1
 744  2.3172646e+02 1.22e+02 4.01e+02  -1.1 2.51e+02    -  1.35e-03 1.82e-03h  1
 745  2.3172257e+02 1.22e+02 7.18e+02  -0.0 4.13e+02    -  1.83e-03 8.00e-04f  1
 746  2.3177829e+02 1.22e+02 1.16e+03  -0.6 3.60e+02    -  2.66e-03 8.94e-04h  1
 747  2.3198519e+02 1.22e+02 8.33e+02  -0.5 4.25e+02    -  2.37e-03 3.63e-03h  1
 748  2.3205831e+02 1.22e+02 8.80e+02  -5.7 4.40e+02    -  1.13e-03 9.47e-04h  1
 749  2.3223317e+02 1.21e+02 4.48e+02  -5.7 4.58e+02    -  6.07e-04 2.28e-03h  1
iter    objective    inf_pr   inf_du lg(mu)  ||d||  lg(rg) alpha_du alpha_pr  ls
 750  2.3244343e+02 1.21e+02 6.58e+02  -0.7 5.31e+02    -  1.70e-03 3.05e-03h  1
 751  2.3237674e+02 1.20e+02 1.49e+03   0.2 6.62e+02    -  4.62e-03 4.34e-03f  1
 752  2.3250486e+02 1.20e+02 1.81e+03  -1.8 4.61e+02    -  3.67e-03 1.43e-03h  1
 753  2.3252221e+02 1.20e+02 1.85e+03  -5.7 6.14e+02    -  9.02e-04 1.95e-04h  1
 754  2.3245803e+02 1.25e+02 2.51e+03   0.2 5.98e+02    -  9.98e-04 2.15e-03f  1
 755  2.3254613e+02 1.25e+02 2.79e+03  -5.7 5.22e+02    -  1.18e-03 1.03e-03h  1
 756  2.3251958e+02 1.24e+02 3.39e+03   0.2 6.55e+02    -  4.27e-03 1.62e-03f  1
 757  2.3257334e+02 1.24e+02 3.57e+03  -5.7 5.89e+02    -  2.11e-03 5.62e-04h  1
 758  2.3259435e+02 1.24e+02 4.24e+03   0.1 6.71e+02    -  3.03e-03 1.69e-03f  1
 759  2.3284640e+02 1.25e+02 5.21e+03  -1.3 5.46e+02    -  1.81e-03 2.59e-03h  1
iter    objective    inf_pr   inf_du lg(mu)  ||d||  lg(rg) alpha_du alpha_pr  ls
 760  2.3275787e+02 1.30e+02 5.53e+03   0.5 8.03e+02    -  3.51e-03 6.58e-04f  1
 761  2.3263351e+02 1.30e+02 6.82e+03   0.2 8.81e+02    -  2.48e-03 3.38e-03h  1
 762  2.3251148e+02 1.30e+02 8.11e+03   0.3 9.57e+02    -  6.71e-03 3.15e-03f  1
 763  2.3269148e+02 1.29e+02 9.58e+03  -5.7 9.66e+02    -  2.42e-03 4.16e-03h  1
 764  2.3280113e+02 1.29e+02 1.03e+04  -0.6 9.52e+02    -  2.42e-03 1.46e-03h  1
 765  2.3284691e+02 1.29e+02 1.05e+04  -0.9 9.00e+02    -  2.22e-03 5.21e-04h  1
 766  2.3284665e+02 1.29e+02 1.14e+04   0.2 1.01e+03    -  5.14e-03 1.67e-03h  1
 767  2.3239601e+02 1.70e+02 1.46e+04   0.5 1.13e+03    -  4.22e-03 4.89e-03f  1
 768  2.3249162e+02 1.69e+02 1.58e+04   0.2 9.26e+02    -  3.95e-03 1.88e-03h  1
 769  2.3263249e+02 1.69e+02 1.82e+04   0.2 8.24e+02    -  2.86e-04 2.27e-03h  1
iter    objective    inf_pr   inf_du lg(mu)  ||d||  lg(rg) alpha_du alpha_pr  ls
 770  2.3270487e+02 1.69e+02 2.07e+04   0.2 9.52e+02    -  5.88e-04 1.48e-03h  1
 771  2.3272608e+02 1.69e+02 2.12e+04   0.2 1.36e+03    -  3.67e-04 4.00e-04h  1
 772  2.3279233e+02 1.69e+02 2.34e+04   0.2 1.21e+03    -  2.41e-03 1.42e-03h  1
 773  2.3292817e+02 1.68e+02 2.65e+04   0.2 1.18e+03    -  2.07e-03 2.00e-03h  1
 774  2.3301250e+02 1.68e+02 4.64e+04   0.2 8.25e+02    -  7.29e-04 3.76e-03h  1
 775  2.3301934e+02 1.67e+02 5.11e+04   0.2 4.55e+02    -  3.94e-03 1.42e-03h  1
 776  2.3306827e+02 1.67e+02 5.58e+04   0.2 8.22e+02    -  2.48e-03 1.53e-03h  1
 777  2.3309969e+02 1.67e+02 5.93e+04   0.2 9.49e+02    -  1.16e-04 1.18e-03h  1
 778  2.3319269e+02 1.66e+02 6.93e+04   0.2 9.17e+02    -  2.45e-03 3.28e-03h  1
 779  2.3326386e+02 1.66e+02 7.52e+04   0.2 8.50e+02    -  2.71e-03 2.22e-03h  1
iter    objective    inf_pr   inf_du lg(mu)  ||d||  lg(rg) alpha_du alpha_pr  ls
 780  2.3334056e+02 1.65e+02 8.25e+04   0.2 9.73e+02    -  3.70e-03 2.81e-03h  2
 781  2.3334117e+02 1.65e+02 8.34e+04   0.2 7.74e+02    -  3.61e-03 3.71e-04h  5
 782  2.3335940e+02 1.65e+02 9.33e+04   0.2 7.76e+02    -  2.84e-03 3.72e-03h  2
 783  2.3336542e+02 1.64e+02 1.03e+05   0.2 6.72e+02    -  2.48e-03 1.70e-03f  3
 784  2.3339695e+02 1.64e+02 1.39e+05   0.2 5.51e+02    -  4.57e-04 5.95e-03f  1
 785  2.3340853e+02 1.63e+02 1.44e+05   0.2 4.66e+02    -  5.04e-03 9.43e-04h  3
 786  2.3354727e+02 1.62e+02 1.91e+05   0.2 3.78e+02    -  3.94e-03 8.10e-03h  1
 787  2.3356545e+02 1.62e+02 1.97e+05   0.1 3.42e+02    -  8.17e-03 1.18e-03h  3
 788  2.3353095e+02 1.61e+02 2.18e+05   0.3 3.44e+02    -  4.14e-03 5.10e-03f  1
 789  2.3353319e+02 1.61e+02 2.19e+05  -5.7 3.14e+02    -  5.00e-03 2.98e-05h  8
iter    objective    inf_pr   inf_du lg(mu)  ||d||  lg(rg) alpha_du alpha_pr  ls
 790  2.3403848e+02 1.60e+02 2.51e+05   0.6 3.46e+02    -  1.45e-02 7.66e-03f  1
 791  2.3431783e+02 1.59e+02 2.66e+05   0.5 3.03e+02    -  8.69e-03 3.94e-03h  1
 792  2.3454795e+02 1.59e+02 2.76e+05  -0.2 2.78e+02    -  8.41e-03 2.91e-03h  1
 793  2.3388610e+02 1.58e+02 2.86e+05   1.0 3.54e+02    -  2.60e-03 2.17e-03f  1
 794  2.3313899e+02 1.58e+02 2.98e+05   1.0 3.58e+02    -  5.99e-03 2.45e-03f  1
 795  2.3318182e+02 1.57e+02 3.10e+05  -0.7 2.86e+02    -  1.92e-03 3.96e-03h  1
 796  2.3346035e+02 1.56e+02 3.28e+05  -1.8 3.50e+02    -  2.52e-03 6.90e-03h  1
 797  2.3372501e+02 1.56e+02 3.39e+05  -5.7 4.27e+02    -  3.31e-03 3.54e-03h  1
 798  2.3378761e+02 1.56e+02 3.43e+05  -0.4 4.18e+02    -  5.31e-03 1.24e-03h  1
 799  2.3341833e+02 1.54e+02 3.85e+05   0.5 5.40e+02    -  3.53e-03 7.22e-03f  1
iter    objective    inf_pr   inf_du lg(mu)  ||d||  lg(rg) alpha_du alpha_pr  ls
 800  2.3342258e+02 1.54e+02 3.87e+05   0.2 6.09e+02    -  6.08e-03 1.26e-03h  1
 801  2.3342865e+02 1.54e+02 3.95e+05   0.2 6.11e+02    -  4.34e-03 4.57e-03h  2
 802  2.3343864e+02 1.53e+02 4.00e+05   0.2 6.38e+02    -  7.38e-03 3.14e-03h  2
 803  2.3347065e+02 1.52e+02 4.05e+05   0.2 6.42e+02    -  5.65e-03 4.27e-03h  1
 804  2.3340110e+02 1.52e+02 4.13e+05   0.5 5.86e+02    -  2.80e-03 5.67e-03f  1
 805  2.3253554e+02 1.51e+02 4.20e+05   1.3 1.02e+03    -  6.38e-03 2.66e-03f  1
 806  2.3276649e+02 1.51e+02 4.24e+05   0.0 5.04e+02    -  3.96e-03 3.95e-03h  2
 807  2.3331837e+02 1.50e+02 4.29e+05  -5.7 4.70e+02    -  3.65e-03 5.83e-03h  1
 808  2.3362241e+02 1.49e+02 4.30e+05  -1.4 4.31e+02    -  5.06e-03 3.79e-03h  2
 809  2.3076790e+02 1.49e+02 4.38e+05   1.5 1.40e+03    -  3.81e-03 3.59e-03f  1
iter    objective    inf_pr   inf_du lg(mu)  ||d||  lg(rg) alpha_du alpha_pr  ls
 810  2.3075755e+02 1.49e+02 4.38e+05   0.7 5.73e+02    -  4.91e-03 2.25e-03f  1
 811  2.3106869e+02 1.47e+02 4.37e+05  -0.9 5.07e+02    -  4.91e-03 8.77e-03h  1
 812  2.3157983e+02 1.46e+02 4.37e+05   0.2 5.64e+02    -  4.70e-03 7.69e-03h  1
 813  2.3185248e+02 1.46e+02 4.36e+05  -5.7 4.98e+02    -  4.63e-03 2.68e-03h  1
 814  2.3183848e+02 1.45e+02 4.35e+05   0.8 6.61e+02    -  3.94e-03 2.29e-03f  1
 815  2.3207304e+02 1.45e+02 4.32e+05   0.2 4.65e+02    -  1.02e-02 3.00e-03h  1
 816  2.3294621e+02 1.44e+02 4.23e+05   0.2 4.34e+02    -  5.37e-03 1.01e-02h  1
 817  2.3324904e+02 1.43e+02 4.21e+05   0.2 4.62e+02    -  4.00e-03 3.58e-03h  1
 818  2.3355961e+02 1.43e+02 4.20e+05   0.2 3.77e+02    -  7.18e-04 4.06e-03h  1
 819  2.3443976e+02 1.41e+02 4.13e+05   0.2 3.96e+02    -  8.88e-03 1.03e-02h  1
iter    objective    inf_pr   inf_du lg(mu)  ||d||  lg(rg) alpha_du alpha_pr  ls
 820  2.3458185e+02 1.41e+02 4.13e+05   0.2 3.05e+02    -  1.07e-02 1.40e-03h  1
 821  2.3496396e+02 1.40e+02 4.11e+05   0.2 3.95e+02    -  7.77e-04 3.95e-03h  2
 822  2.3517560e+02 1.40e+02 4.11e+05   0.2 4.32e+02    -  4.10e-03 2.30e-03h  3
 823  2.3541107e+02 1.40e+02 4.11e+05   0.2 4.85e+02    -  9.53e-03 2.47e-03h  3
 824  2.3546942e+02 1.40e+02 4.11e+05   0.2 4.93e+02    -  4.21e-03 6.43e-04h  5
 825  2.3566858e+02 1.39e+02 4.10e+05   0.2 4.70e+02    -  1.64e-03 2.24e-03h  3
 826  2.3540713e+02 1.39e+02 4.10e+05   1.1 7.77e+02    -  8.40e-03 5.87e-03f  1
 827  2.3558714e+02 1.39e+02 4.09e+05   0.2 4.80e+02    -  5.64e-03 1.61e-03h  1
 828  2.3563219e+02 1.40e+02 4.09e+05   0.2 4.08e+02    -  5.52e-03 4.10e-04h  5
 829  2.3592158e+02 1.41e+02 4.08e+05   0.2 3.92e+02    -  5.83e-03 2.59e-03h  3
iter    objective    inf_pr   inf_du lg(mu)  ||d||  lg(rg) alpha_du alpha_pr  ls
 830  2.3601801e+02 1.41e+02 4.07e+05   0.2 1.09e+03    -  3.14e-03 1.46e-03h  4
 831  2.3632233e+02 1.41e+02 4.05e+05   0.2 1.41e+03    -  2.71e-03 4.41e-03h  2
 832  2.3661050e+02 1.41e+02 4.23e+05  -0.0 1.24e+03    -  1.17e-02 3.55e-03h  1
 833  2.3753696e+02 1.40e+02 4.93e+05  -0.7 1.13e+03    -  1.51e-02 8.96e-03h  1
 834  2.3850810e+02 1.40e+02 5.33e+05  -5.7 9.08e+02    -  4.54e-03 8.32e-03h  1
 835  2.3915946e+02 1.42e+02 5.70e+05   0.3 5.85e+02    -  3.55e-03 6.05e-03h  1
 836  2.3924907e+02 1.41e+02 6.26e+05   1.1 3.90e+02    -  9.59e-03 4.95e-03f  1
 837  2.3956684e+02 1.40e+02 7.07e+05   0.6 3.76e+02    -  1.07e-02 6.66e-03h  2
 838  2.3971951e+02 1.40e+02 7.74e+05   0.7 4.26e+02    -  1.41e-02 5.38e-03h  2
 839  2.4010359e+02 1.39e+02 8.29e+05   0.3 3.99e+02    -  8.05e-03 5.04e-03h  2
iter    objective    inf_pr   inf_du lg(mu)  ||d||  lg(rg) alpha_du alpha_pr  ls
 840  2.4057096e+02 1.38e+02 8.86e+05  -0.1 4.47e+02    -  8.63e-03 5.24e-03h  2
 841  2.4096599e+02 1.38e+02 9.30e+05  -0.2 4.20e+02    -  5.18e-03 4.16e-03h  3
 842  2.4102625e+02 1.37e+02 9.53e+05   0.7 3.29e+02    -  9.19e-03 1.86e-03h  4
 843  2.4150312e+02 1.37e+02 1.01e+06  -5.6 2.72e+02    -  3.32e-03 4.85e-03h  3
 844  2.4111573e+02 1.35e+02 1.15e+06   0.9 3.13e+02    -  1.49e-02 1.09e-02f  1
 845  2.4138225e+02 1.34e+02 1.17e+06   0.3 3.69e+02    -  9.35e-03 6.01e-03h  1
 846  2.4152642e+02 1.34e+02 1.20e+06   0.3 3.13e+02    -  1.05e-02 5.37e-03h  2
 847  2.4164360e+02 1.33e+02 1.22e+06   0.3 3.13e+02    -  1.34e-02 4.82e-03h  2
 848  2.4167357e+02 1.33e+02 1.23e+06   0.3 2.25e+02    -  3.77e-03 3.91e-03h  3
 849  2.4168852e+02 1.32e+02 1.25e+06   0.3 3.02e+02    -  2.29e-03 6.57e-03h  2
iter    objective    inf_pr   inf_du lg(mu)  ||d||  lg(rg) alpha_du alpha_pr  ls
 850  2.4167012e+02 1.31e+02 1.26e+06   0.3 2.42e+02    -  1.46e-02 5.15e-03h  2
 851  2.4157172e+02 1.30e+02 2.04e+06   0.3 2.54e+02    -  6.94e-03 1.09e-02h  1
 852  2.4150710e+02 1.28e+02 2.72e+06   0.3 2.67e+02    -  1.10e-02 1.13e-02h  2
 853  2.4143343e+02 1.27e+02 3.08e+06   0.3 4.17e+02    -  3.49e-03 8.27e-03h  2
 854  2.4134667e+02 1.25e+02 3.60e+06   0.3 4.50e+02    -  1.05e-02 1.50e-02h  1
 855  2.4125987e+02 1.24e+02 3.93e+06   0.3 4.09e+02    -  9.34e-03 1.25e-02h  1
 856  2.4118660e+02 1.22e+02 4.14e+06   0.3 5.34e+02    -  1.15e-02 1.03e-02h  1
 857  2.4114071e+02 1.21e+02 4.31e+06   0.3 3.90e+02    -  8.03e-03 9.75e-03h  2
 858  2.4114803e+02 1.20e+02 4.46e+06   0.3 3.29e+02    -  1.36e-02 9.66e-03h  1
 859  2.4119376e+02 1.20e+02 4.48e+06  -5.6 3.02e+02    -  5.95e-03 1.68e-03h  1
iter    objective    inf_pr   inf_du lg(mu)  ||d||  lg(rg) alpha_du alpha_pr  ls
 860  2.4127043e+02 1.19e+02 4.52e+06  -0.5 3.39e+02    -  9.41e-03 3.76e-03h  3
 861  2.4131265e+02 1.19e+02 4.55e+06  -0.8 3.73e+02    -  6.97e-03 2.14e-03h  4
 862  2.4155787e+02 1.18e+02 4.67e+06  -1.2 2.26e+02    -  1.14e-02 1.21e-02h  2
 863  2.4160544e+02 1.21e+02 4.69e+06  -1.7 3.03e+02    -  1.52e-02 2.09e-03h  4
 864  2.4093350e+02 1.19e+02 4.92e+06   0.6 2.92e+02    -  7.77e-03 2.66e-02f  1
 865  2.4103940e+02 1.19e+02 4.97e+06   0.2 2.72e+02    -  2.22e-02 6.51e-03h  2
 866  2.4109998e+02 1.18e+02 5.00e+06   0.2 2.74e+02    -  1.57e-02 3.84e-03h  2
 867  2.4115085e+02 1.18e+02 5.04e+06   0.2 2.65e+02    -  1.60e-02 4.63e-03h  1
 868  2.4116388e+02 1.18e+02 5.08e+06   0.2 2.34e+02    -  8.46e-04 5.13e-03h  2
 869  2.4118997e+02 1.18e+02 5.12e+06   0.2 2.63e+02    -  5.16e-03 6.64e-03h  1
iter    objective    inf_pr   inf_du lg(mu)  ||d||  lg(rg) alpha_du alpha_pr  ls
 870  2.4131098e+02 1.18e+02 5.18e+06   0.2 3.14e+02    -  1.27e-02 9.68e-03h  1
 871  2.4143045e+02 1.17e+02 5.21e+06   0.2 3.70e+02    -  9.41e-03 6.43e-03h  1
 872  2.4144658e+02 1.17e+02 5.22e+06   0.2 4.64e+02    -  7.43e-03 3.81e-03h  1
 873  2.4150985e+02 1.16e+02 5.25e+06   0.2 4.24e+02    -  5.46e-03 8.28e-03h  1
 874  2.4152420e+02 1.15e+02 5.26e+06   0.6 3.65e+02    -  1.30e-02 2.24e-03h  1
 875  2.4076521e+02 1.14e+02 5.35e+06   1.4 4.13e+02    -  7.35e-03 1.23e-02f  1
 876  2.4085929e+02 1.14e+02 5.36e+06  -5.6 2.90e+02    -  1.13e-02 2.08e-03h  1
 877  2.4132520e+02 1.13e+02 5.35e+06  -0.2 2.61e+02    -  1.33e-02 1.05e-02h  1
 878  2.4188715e+02 1.11e+02 5.33e+06  -5.6 2.46e+02    -  6.28e-03 1.11e-02h  1
 879  2.4140026e+02 1.31e+02 5.38e+06   0.9 3.38e+02    -  7.65e-03 9.82e-03f  1
iter    objective    inf_pr   inf_du lg(mu)  ||d||  lg(rg) alpha_du alpha_pr  ls
 880  2.4158674e+02 1.30e+02 5.39e+06  -5.6 2.12e+02    -  1.19e-02 4.63e-03h  1
 881  2.4206932e+02 1.29e+02 5.45e+06  -1.0 2.19e+02    -  1.21e-02 1.21e-02h  1
 882  2.4201019e+02 1.28e+02 5.50e+06   0.7 3.52e+02    -  7.02e-03 4.78e-03f  1
 883  2.4218200e+02 1.27e+02 5.52e+06  -5.6 2.56e+02    -  1.11e-02 4.05e-03h  1
 884  2.4244000e+02 1.27e+02 5.55e+06  -0.3 3.02e+02    -  1.03e-02 5.07e-03h  2
 885  2.4198032e+02 1.26e+02 5.65e+06   1.1 4.32e+02    -  8.21e-03 7.72e-03f  1
 886  2.4228101e+02 1.25e+02 5.69e+06  -0.6 2.74e+02    -  1.60e-02 6.13e-03h  1
 887  2.4273238e+02 1.24e+02 5.73e+06  -0.2 2.73e+02    -  2.37e-02 8.92e-03h  2
 888  2.4290850e+02 1.24e+02 5.75e+06   0.4 2.96e+02    -  1.16e-02 4.11e-03h  3
 889  2.4289787e+02 1.23e+02 5.77e+06   0.7 4.85e+02    -  9.53e-03 3.75e-03h  3
iter    objective    inf_pr   inf_du lg(mu)  ||d||  lg(rg) alpha_du alpha_pr  ls
 890  2.4289617e+02 1.22e+02 5.81e+06   0.6 5.76e+02    -  1.64e-02 8.18e-03h  2
 891  2.4078236e+02 1.21e+02 5.91e+06   1.5 1.09e+03    -  5.65e-03 7.15e-03f  1
 892  2.4096785e+02 1.21e+02 5.91e+06  -5.6 4.06e+02    -  1.32e-02 3.48e-03h  1
 893  2.4014401e+02 1.19e+02 5.92e+06   0.9 4.64e+02    -  1.96e-02 1.90e-02f  1
 894  2.3897125e+02 1.18e+02 5.96e+06   1.3 4.72e+02    -  7.33e-03 7.08e-03f  1
 895  2.3787132e+02 1.16e+02 5.97e+06   1.2 3.79e+02    -  1.73e-02 1.25e-02f  1
 896  2.3805273e+02 1.15e+02 5.96e+06  -5.5 2.00e+02    -  1.02e-02 8.42e-03h  2
 897  2.3817699e+02 1.14e+02 5.93e+06   0.0 1.90e+02    -  1.69e-02 1.25e-02H  1
 898  2.3839534e+02 1.13e+02 5.89e+06   0.4 2.07e+02    -  1.07e-02 1.26e-02h  1
 899  2.3868532e+02 1.12e+02 5.85e+06  -1.1 3.31e+02    -  1.84e-02 7.44e-03h  2
iter    objective    inf_pr   inf_du lg(mu)  ||d||  lg(rg) alpha_du alpha_pr  ls
 900  2.3875230e+02 1.11e+02 5.80e+06   0.8 4.07e+02    -  8.88e-03 1.15e-02h  1
 901  2.3893391e+02 1.10e+02 5.79e+06  -5.5 2.53e+02    -  1.22e-02 3.72e-03h  1
 902  2.3922843e+02 1.09e+02 5.76e+06  -0.4 2.24e+02    -  1.05e-02 6.51e-03h  1
 903  2.3961445e+02 1.08e+02 5.74e+06   0.3 2.31e+02    -  1.47e-02 1.11e-02h  1
 904  2.4005279e+02 1.07e+02 5.73e+06   0.4 2.86e+02    -  6.60e-03 1.16e-02h  1
 905  2.4050566e+02 1.05e+02 5.67e+06   0.1 4.29e+02    -  8.29e-03 1.44e-02h  1
 906  2.4086718e+02 1.05e+02 5.63e+06  -5.6 4.27e+02    -  8.45e-03 8.56e-03h  1
 907  2.4111072e+02 1.04e+02 5.60e+06   0.1 3.49e+02    -  8.65e-03 6.80e-03h  1
 908  2.4144140e+02 1.03e+02 5.57e+06  -0.4 2.55e+02    -  1.59e-02 7.50e-03h  1
 909  2.4086274e+02 1.03e+02 5.56e+06   1.2 4.38e+02    -  1.45e-02 1.17e-02f  1
iter    objective    inf_pr   inf_du lg(mu)  ||d||  lg(rg) alpha_du alpha_pr  ls
 910  2.4153759e+02 1.01e+02 5.51e+06   0.4 2.39e+02    -  1.30e-02 1.63e-02h  1
 911  2.4173396e+02 1.00e+02 5.52e+06   0.4 2.14e+02    -  5.43e-03 5.50e-03h  1
 912  2.4189667e+02 1.00e+02 5.69e+06   0.4 2.22e+02    -  4.64e-03 4.50e-03h  1
 913  2.4226156e+02 9.91e+01 6.05e+06   0.4 1.90e+02    -  1.46e-03 1.06e-02h  1
 914  2.4241847e+02 9.88e+01 6.16e+06   0.5 2.15e+02    -  1.21e-02 3.72e-03h  1
 915  2.4252829e+02 9.80e+01 6.41e+06   1.0 2.22e+02    -  5.39e-03 8.99e-03f  1
 916  2.4259812e+02 9.63e+01 6.77e+06   1.0 5.31e+02    -  1.70e-02 1.18e-02f  1
 917  2.4349777e+02 9.46e+01 7.26e+06   0.1 2.46e+02    -  2.17e-02 2.17e-02h  1
 918  2.4365869e+02 1.10e+02 7.32e+06   0.2 2.60e+02    -  2.20e-02 4.02e-03h  1
 919  2.4439048e+02 1.07e+02 7.66e+06   0.2 3.12e+02    -  1.43e-02 2.11e-02h  1
iter    objective    inf_pr   inf_du lg(mu)  ||d||  lg(rg) alpha_du alpha_pr  ls
 920  2.4445717e+02 1.07e+02 7.68e+06  -0.3 2.64e+02    -  9.15e-03 1.68e-03h  1
 921  2.4393859e+02 1.36e+02 8.43e+06   1.0 3.20e+02    -  6.31e-03 2.62e-02f  1
 922  2.4431427e+02 1.34e+02 8.78e+06  -0.7 1.91e+02    -  2.07e-02 1.95e-02h  1
 923  2.4453499e+02 1.32e+02 8.98e+06  -5.5 2.02e+02    -  1.05e-02 1.05e-02h  1
 924  2.4457771e+02 1.32e+02 8.99e+06  -5.5 2.08e+02    -  1.46e-02 1.82e-03h  1
 925  2.4465838e+02 1.31e+02 9.02e+06   0.8 2.31e+02    -  1.16e-02 4.52e-03h  1
 926  2.4492046e+02 1.30e+02 9.07e+06  -0.7 2.22e+02    -  1.13e-02 1.11e-02h  1
 927  2.4052729e+02 1.66e+02 9.46e+06   1.9 1.11e+03    -  3.60e-03 6.09e-03f  1
 928  2.4051668e+02 1.62e+02 1.01e+07   0.4 2.10e+02    -  1.72e-02 2.21e-02h  1
 929  2.4026482e+02 1.52e+02 1.06e+07   0.4 2.35e+02    -  2.47e-02 4.29e-02f  1
iter    objective    inf_pr   inf_du lg(mu)  ||d||  lg(rg) alpha_du alpha_pr  ls
 930  2.4022425e+02 1.50e+02 1.07e+07   0.4 1.87e+02    -  5.49e-02 1.80e-02f  1
 931  2.4017331e+02 1.46e+02 1.08e+07   0.4 1.34e+02    -  8.65e-03 2.30e-02f  1
 932  2.4016545e+02 1.42e+02 1.09e+07   0.4 1.50e+02    -  3.15e-02 2.51e-02f  1
 933  2.4016469e+02 1.39e+02 1.10e+07   0.4 2.33e+02    -  1.08e-02 2.78e-02f  1
 934  2.4021846e+02 1.38e+02 1.10e+07  -1.6 2.03e+02    -  2.72e-02 5.37e-03h  1
 935  2.4054524e+02 1.34e+02 1.10e+07  -0.4 1.92e+02    -  1.79e-02 2.69e-02h  1
 936  2.4063048e+02 1.33e+02 1.10e+07   0.0 1.25e+02    -  3.02e-02 7.31e-03h  1
 937  2.4083988e+02 1.28e+02 1.08e+07   0.3 1.66e+02    -  3.41e-02 4.62e-02h  1
 938  2.4093884e+02 1.25e+02 1.08e+07   0.2 1.65e+02    -  3.01e-02 1.98e-02h  1
 939  2.4118362e+02 1.23e+02 1.07e+07  -5.6 2.04e+02    -  9.91e-03 1.62e-02h  1
iter    objective    inf_pr   inf_du lg(mu)  ||d||  lg(rg) alpha_du alpha_pr  ls
 940  2.4078994e+02 1.22e+02 1.06e+07   1.3 4.28e+02    -  2.59e-02 4.94e-03f  1
 941  2.4111564e+02 1.20e+02 1.05e+07  -5.5 1.59e+02    -  1.71e-02 2.20e-02h  1
 942  2.4126326e+02 1.16e+02 1.04e+07   0.1 1.44e+02    -  1.37e-02 2.54e-02h  1
 943  2.4150990e+02 1.14e+02 1.03e+07  -1.0 1.34e+02    -  3.38e-02 1.88e-02h  1
 944  2.4180083e+02 1.12e+02 1.01e+07  -1.6 1.30e+02    -  3.63e-02 2.24e-02h  1
 945  2.4201693e+02 1.08e+02 9.88e+06   0.0 1.08e+02    -  1.23e-02 3.18e-02h  1
 946  2.4223862e+02 1.06e+02 9.77e+06  -0.8 1.06e+02    -  2.67e-02 1.44e-02h  1
 947  2.4281271e+02 1.02e+02 9.49e+06  -1.2 9.46e+01    -  2.03e-02 3.63e-02h  1
 948  2.4249575e+02 1.00e+02 9.35e+06   0.7 1.15e+02    -  3.52e-02 1.92e-02f  1
 949  2.4270037e+02 9.74e+01 9.20e+06  -1.2 1.40e+02    -  3.06e-02 2.59e-02h  1
iter    objective    inf_pr   inf_du lg(mu)  ||d||  lg(rg) alpha_du alpha_pr  ls
 950  2.4253978e+02 9.06e+01 8.85e+06   0.0 1.36e+02    -  3.94e-02 6.33e-02h  1
 951  2.4258247e+02 9.01e+01 8.81e+06  -5.6 1.53e+02    -  5.43e-02 5.86e-03h  1
 952  2.4276304e+02 8.31e+01 8.31e+06  -0.3 1.17e+02    -  5.05e-02 7.11e-02h  1
 953  2.4250702e+02 1.18e+02 7.98e+06   0.4 1.06e+02    -  3.53e-02 4.37e-02f  1
 954  2.4259517e+02 1.14e+02 7.77e+06  -0.1 7.99e+01    -  5.39e-02 3.04e-02h  1
 955  2.4171800e+02 1.10e+02 7.40e+06   0.7 8.85e+01    -  3.10e-02 4.84e-02f  1
 956  2.4170284e+02 1.05e+02 6.98e+06  -0.2 6.52e+01    -  4.28e-02 4.72e-02h  1
 957  2.4168720e+02 1.03e+02 6.89e+06  -0.1 7.91e+01    -  3.53e-02 1.08e-02h  1
 958  2.4183910e+02 1.01e+02 6.69e+06  -5.6 4.66e+01    -  1.92e-02 2.58e-02h  1
 959  2.4203377e+02 9.73e+01 6.40e+06  -1.2 4.54e+01    -  2.94e-02 3.68e-02h  1
iter    objective    inf_pr   inf_du lg(mu)  ||d||  lg(rg) alpha_du alpha_pr  ls
 960  2.4208485e+02 9.64e+01 6.32e+06  -0.7 4.38e+01    -  5.75e-02 9.64e-03h  1
 961  2.4261648e+02 8.98e+01 5.75e+06  -0.8 4.32e+01    -  2.42e-02 7.63e-02h  1
 962  2.4270515e+02 8.86e+01 5.66e+06  -0.7 5.21e+01    -  6.31e-02 1.47e-02h  1
 963  2.4319334e+02 8.21e+01 5.18e+06  -5.7 4.16e+01    -  5.96e-03 7.86e-02h  1
 964  2.4322360e+02 8.17e+01 5.15e+06  -5.7 3.50e+01    -  3.99e-02 4.95e-03h  1
 965  2.4334777e+02 7.87e+01 4.96e+06  -0.6 4.04e+01    -  3.93e-02 3.74e-02h  2
 966  2.4385356e+02 7.45e+01 4.46e+06  -5.7 3.90e+01    -  2.23e-02 1.02e-01H  1
 967  2.4403159e+02 6.92e+01 4.13e+06  -1.1 3.15e+01    -  9.62e-02 7.15e-02h  1
 968  2.4364019e+02 6.74e+01 4.00e+06  -0.1 3.86e+01    -  8.11e-02 2.73e-02f  1
 969  2.4365312e+02 6.40e+01 3.68e+06  -1.3 2.37e+01    -  1.12e-01 7.25e-02h  1
iter    objective    inf_pr   inf_du lg(mu)  ||d||  lg(rg) alpha_du alpha_pr  ls
 970  2.4308439e+02 5.93e+01 3.26e+06  -0.5 2.44e+01    -  5.84e-02 1.01e-01f  1
 971  2.3989203e+02 1.63e+02 2.75e+06   0.1 3.95e+01    -  1.43e-01 1.33e-01f  1
 972  2.3897448e+02 1.44e+02 2.42e+06  -0.4 3.00e+01    -  1.52e-01 1.17e-01f  1
 973  2.3854261e+02 1.19e+02 2.00e+06  -1.1 2.43e+01    -  1.27e-01 1.71e-01h  1
 974  2.3848124e+02 1.09e+02 1.83e+06  -6.0 3.08e+01    -  2.15e-01 8.63e-02h  1
 975  2.3770405e+02 7.49e+01 1.24e+06  -1.6 3.27e+01    -  1.89e-01 3.17e-01h  1
 976  2.3613050e+02 5.23e+01 7.95e+05  -1.6 1.58e+01    -  2.18e-01 3.94e-01h  1
 977  2.3351623e+02 3.34e+01 3.91e+05  -2.4 7.08e+00    -  3.75e-01 5.45e-01h  1
 978  2.2758266e+02 1.98e+01 5.85e+04  -2.6 2.89e+00    -  6.04e-01 8.55e-01h  1
 979  2.1506148e+02 1.12e+02 1.63e+04  -2.0 2.68e+00    -  6.01e-01 1.00e+00f  1
iter    objective    inf_pr   inf_du lg(mu)  ||d||  lg(rg) alpha_du alpha_pr  ls
 980  2.0304059e+02 7.97e+01 7.72e+03  -2.0 3.86e+00    -  4.73e-01 7.86e-01f  1
 981  1.9302122e+02 9.48e+01 6.20e+03  -1.5 2.24e+01    -  1.98e-01 2.08e-01f  1
 982  1.7697113e+02 1.57e+02 4.26e+03  -2.0 1.60e+01    -  2.33e-01 4.49e-01f  1
 983  1.6882219e+02 1.37e+02 2.66e+03  -2.1 1.22e+01    -  3.76e-01 3.74e-01f  1
 984  1.6158557e+02 1.28e+02 2.11e+03  -2.2 1.50e+01    -  1.81e-01 2.37e-01f  1
 985  1.5487212e+02 1.33e+02 1.62e+03  -2.1 1.51e+01    -  1.84e-01 2.78e-01f  1
 986  1.4235869e+02 2.62e+02 7.69e+02  -7.8 8.94e+00    -  2.03e-01 7.14e-01h  1
 987  1.3686018e+02 1.37e+02 5.62e+02  -2.8 1.29e+01    -  1.91e-01 3.96e-01h  1
 988  1.2955677e+02 9.08e+01 3.33e+02  -2.5 1.78e+01    -  3.10e-01 6.41e-01h  1
 989  1.2478353e+02 1.17e+02 2.71e+02  -2.8 1.27e+01    -  1.87e-01 3.60e-01h  1
iter    objective    inf_pr   inf_du lg(mu)  ||d||  lg(rg) alpha_du alpha_pr  ls
 990  1.1990107e+02 6.86e+01 2.29e+02  -3.8 1.26e+01    -  2.02e-01 4.02e-01h  1
 991  1.1757473e+02 5.61e+01 2.00e+02  -2.3 2.23e+01    -  1.24e-01 2.59e-01f  1
 992  1.1604630e+02 7.12e+01 1.71e+02  -2.3 2.83e+01    -  1.49e-01 1.99e-01f  1
 993  1.1301947e+02 5.78e+01 1.52e+02  -2.6 2.20e+01    -  8.89e-02 1.76e-01h  1
 994  1.0800980e+02 4.23e+01 1.26e+02  -3.7 1.78e+01    -  9.75e-02 3.33e-01h  1
 995  1.0725049e+02 3.92e+01 1.07e+02  -2.5 2.38e+01    -  2.08e-01 7.51e-02h  1
 996  1.0607501e+02 8.19e+01 9.69e+01  -2.3 3.10e+01    -  8.21e-02 1.15e-01h  1
 997  1.0347302e+02 1.00e+02 7.83e+01  -2.5 2.27e+01    -  1.51e-01 2.51e-01h  1
 998  1.0048056e+02 2.75e+02 6.67e+01  -2.5 2.84e+01    -  1.67e-01 2.87e-01h  1
 999  9.6369934e+01 1.95e+02 4.98e+01  -8.4 1.53e+01    -  1.46e-01 3.00e-01h  1
iter    objective    inf_pr   inf_du lg(mu)  ||d||  lg(rg) alpha_du alpha_pr  ls
1000  9.4440900e+01 1.50e+02 4.11e+01  -2.8 1.81e+01    -  1.64e-01 2.03e-01h  1
1001  9.1133154e+01 1.13e+02 4.01e+01  -2.9 1.72e+01    -  4.89e-02 2.34e-01h  1
1002  8.8659146e+01 8.27e+01 3.44e+01  -3.0 1.24e+01    -  1.66e-01 2.56e-01h  1
1003  8.5938150e+01 5.55e+01 2.82e+01  -3.1 1.25e+01    -  1.11e-01 2.90e-01h  1
1004  8.4988188e+01 6.99e+01 5.67e+01  -2.6 2.26e+01    -  1.78e-01 1.62e-01h  1
1005  8.1715949e+01 6.23e+01 7.09e+01  -3.8 1.56e+01    -  4.47e-02 2.38e-01h  1
1006  7.9045193e+01 6.22e+01 9.20e+01  -3.3 1.28e+01    -  1.53e-01 2.61e-01h  1
1007  8.1921447e+01 1.55e+02 2.17e+02  -2.2 8.01e+01    -  8.00e-02 1.62e-01f  1
1008  7.9477492e+01 1.66e+02 2.14e+02  -2.7 2.83e+01    -  8.50e-02 2.39e-01h  1
1009  7.7784919e+01 1.38e+02 1.94e+02  -2.7 2.20e+01    -  1.61e-01 1.99e-01h  1
iter    objective    inf_pr   inf_du lg(mu)  ||d||  lg(rg) alpha_du alpha_pr  ls
1010  7.5925733e+01 1.27e+02 1.86e+02  -4.7 2.41e+01    -  1.64e-01 8.71e-02h  1
1011  7.2882359e+01 1.10e+02 1.82e+02  -8.7 2.71e+01    -  5.26e-02 1.57e-01h  1
1012  6.9628306e+01 1.58e+02 2.05e+02  -3.2 4.76e+01    -  8.59e-02 1.68e-01h  1
1013  6.8204787e+01 1.37e+02 1.88e+02  -3.1 3.43e+01    -  1.66e-01 1.32e-01h  1
1014  6.7445989e+01 1.19e+02 1.78e+02  -2.8 3.32e+01    -  1.65e-01 1.31e-01h  1
1015  6.7472722e+01 1.08e+02 1.81e+02  -2.5 6.55e+01    -  1.24e-01 8.39e-02h  1
1016  6.6360396e+01 8.97e+01 1.66e+02  -2.8 3.41e+01    -  8.34e-02 1.59e-01h  1
1017  6.5995413e+01 7.54e+01 1.45e+02  -2.8 2.82e+01    -  1.51e-01 1.88e-01h  1
1018  6.5667173e+01 7.17e+01 1.38e+02  -2.9 2.43e+01    -  1.22e-01 5.04e-02h  1
1019  6.5117781e+01 7.53e+01 1.14e+02  -2.8 2.83e+01    -  1.60e-01 1.77e-01h  1
iter    objective    inf_pr   inf_du lg(mu)  ||d||  lg(rg) alpha_du alpha_pr  ls
1020  6.3091458e+01 6.52e+01 9.19e+01  -8.8 1.72e+01    -  1.57e-01 1.68e-01h  1
1021  6.2453394e+01 1.02e+02 1.32e+02  -2.8 3.19e+01    -  1.50e-01 2.27e-01h  1
1022  6.1547004e+01 7.72e+01 1.08e+02  -3.0 2.15e+01    -  2.13e-01 2.66e-01h  1
1023  6.0397753e+01 9.66e+01 1.05e+02  -3.0 3.31e+01    -  7.71e-02 1.90e-01h  1
1024  5.9402093e+01 8.19e+01 9.04e+01  -3.0 1.78e+01    -  3.14e-01 3.00e-01h  1
1025  6.0649224e+01 9.39e+01 9.31e+01  -2.7 4.21e+01    -  2.46e-01 2.10e-01h  1
1026  6.0079128e+01 7.49e+01 7.95e+01  -2.9 4.97e+01    -  1.63e-01 1.97e-01h  1
1027  5.9509259e+01 5.90e+01 1.02e+02  -2.9 2.13e+01    -  1.25e-01 2.89e-01h  1
1028  5.8994586e+01 5.53e+01 1.47e+02  -2.9 4.88e+01    -  2.31e-01 1.08e-01h  1
1029  5.8753445e+01 5.26e+01 2.33e+02  -2.9 6.29e+01    -  3.27e-01 6.22e-02h  1
iter    objective    inf_pr   inf_du lg(mu)  ||d||  lg(rg) alpha_du alpha_pr  ls
1030  5.8020727e+01 5.06e+01 5.05e+02  -2.9 4.43e+01    -  8.70e-02 1.91e-01h  1
1031  5.9281277e+01 4.78e+01 6.15e+02  -2.6 3.01e+01    -  2.61e-01 1.45e-01h  1
1032  5.8967175e+01 2.62e+01 3.44e+02  -2.9 3.74e+00    -  4.24e-01 4.52e-01h  1
1033  5.8858866e+01 3.09e+01 3.49e+02  -2.6 2.04e+01    -  2.63e-01 1.11e-01h  1
1034  5.8656412e+01 2.87e+01 3.52e+02  -2.9 1.50e+01    -  3.77e-01 7.42e-02h  1
1035  5.9139872e+01 1.69e+02 5.10e+02  -2.5 6.81e+01    -  2.90e-01 1.39e-01h  1
1036  5.8261106e+01 1.41e+02 4.98e+02  -2.8 2.28e+01    -  1.57e-01 1.66e-01h  1
1037  5.7776811e+01 1.16e+02 4.74e+02  -2.8 2.64e+01    -  3.20e-01 1.78e-01h  1
1038  5.9257885e+01 1.26e+02 5.37e+02  -2.4 5.83e+01    -  1.82e-01 1.01e-01h  1
1039  5.8577089e+01 9.51e+01 5.36e+02  -2.8 1.97e+01    -  1.92e-01 2.58e-01h  1
iter    objective    inf_pr   inf_du lg(mu)  ||d||  lg(rg) alpha_du alpha_pr  ls
1040  5.7735066e+01 9.92e+01 4.83e+02  -2.8 6.03e+01    -  8.34e-02 2.01e-01h  1
1041  5.6496009e+01 8.96e+01 4.44e+02  -8.7 3.77e+01    -  1.57e-01 9.11e-02h  1
1042  5.5488064e+01 3.87e+01 2.00e+02  -4.6 4.63e+00    -  1.29e-01 5.34e-01h  1
1043  5.4704850e+01 3.50e+01 1.71e+02  -3.1 1.14e+01    -  1.56e-01 1.40e-01h  1
1044  5.2675350e+01 7.31e+01 1.43e+02  -3.0 3.70e+01    -  1.30e-01 1.94e-01h  1
1045  5.1538519e+01 4.14e+02 2.44e+02  -2.6 5.78e+01    -  4.94e-02 1.18e-01h  1
1046  5.1179273e+01 3.80e+02 2.33e+02  -2.6 5.69e+01    -  1.68e-01 6.85e-02h  1
1047  5.0502465e+01 3.44e+02 2.06e+02  -4.0 3.70e+01    -  1.84e-01 9.26e-02h  1
1048  4.8815322e+01 2.82e+02 1.74e+02  -3.6 8.52e+01    -  9.86e-02 1.69e-01h  1
1049  4.8744113e+01 2.53e+02 1.64e+02  -2.7 6.87e+01    -  1.15e-01 9.39e-02h  1
iter    objective    inf_pr   inf_du lg(mu)  ||d||  lg(rg) alpha_du alpha_pr  ls
1050  4.6730046e+01 1.97e+02 1.54e+02  -3.4 3.97e+01    -  5.94e-02 1.89e-01h  1
1051  4.6308263e+01 1.83e+02 1.49e+02  -3.1 2.97e+01    -  6.48e-02 6.72e-02h  1
1052  4.4920205e+01 1.53e+02 1.36e+02  -3.5 2.65e+01    -  8.64e-02 1.74e-01h  1
1053  4.3946474e+01 1.33e+02 1.22e+02  -3.9 3.26e+01    -  6.31e-02 1.33e-01h  1
1054  4.3782081e+01 1.27e+02 1.21e+02  -3.0 3.44e+01    -  1.11e-01 4.11e-02h  1
1055  4.3415078e+01 1.18e+02 1.25e+02  -3.2 3.82e+01    -  3.38e-02 4.50e-02h  1
1056  4.2286924e+01 9.72e+01 1.27e+02  -3.5 4.08e+01    -  1.90e-02 1.49e-01h  1
1057  4.1928476e+01 9.92e+01 1.12e+02  -3.1 3.45e+01    -  2.03e-01 2.24e-01h  1
1058  4.1714925e+01 9.46e+01 1.08e+02  -3.4 1.74e+01    -  2.44e-01 4.55e-02h  1
1059  4.1513028e+01 8.62e+01 8.96e+01  -3.1 2.54e+01    -  8.40e-02 2.98e-01h  1
iter    objective    inf_pr   inf_du lg(mu)  ||d||  lg(rg) alpha_du alpha_pr  ls
1060  4.1187219e+01 7.63e+01 9.31e+01  -3.1 2.67e+01    -  3.13e-01 2.25e-01h  1
1061  4.0585699e+01 6.04e+01 1.66e+02  -3.2 2.28e+01    -  2.77e-01 2.25e-01h  1
1062  3.9656218e+01 5.17e+01 1.63e+02  -3.3 3.72e+01    -  1.97e-01 2.32e-01h  1
1063  4.0584372e+01 6.59e+01 1.79e+02  -2.9 4.08e+01    -  1.73e-01 2.27e-01h  1
1064  3.9548665e+01 8.46e+01 1.94e+02  -3.2 5.42e+01    -  8.66e-03 1.98e-01h  1
1065  3.8119319e+01 1.40e+02 2.11e+02  -9.1 6.63e+01    -  4.68e-02 6.54e-02h  1
1066  3.8220768e+01 1.35e+02 2.12e+02  -2.8 2.97e+01    -  1.83e-01 3.26e-02h  1
1067  3.7344353e+01 1.17e+02 2.04e+02  -3.3 2.60e+01    -  9.29e-02 1.19e-01h  1
1068  3.6914793e+01 9.09e+01 1.86e+02  -3.1 2.57e+01    -  2.93e-01 2.41e-01h  1
1069  3.6036837e+01 7.68e+01 1.82e+02  -3.3 2.98e+01    -  2.25e-01 1.93e-01h  1
iter    objective    inf_pr   inf_du lg(mu)  ||d||  lg(rg) alpha_du alpha_pr  ls
1070  3.5893452e+01 6.98e+01 1.84e+02  -3.1 3.33e+01    -  1.43e-01 8.81e-02h  1
1071  3.5498064e+01 6.47e+01 1.94e+02  -3.1 5.75e+01    -  1.59e-01 1.29e-01h  1
1072  3.5721551e+01 6.40e+01 2.15e+02  -2.7 4.97e+01    -  8.24e-02 3.60e-02h  1
1073  3.5075167e+01 8.44e+01 3.90e+02  -3.2 4.00e+01    -  1.62e-01 1.81e-01h  1
1074  3.5681266e+01 1.08e+02 3.88e+02  -2.8 2.78e+01    -  2.24e-01 1.54e-01h  1
1075  3.5177048e+01 4.74e+01 1.63e+02  -3.1 2.66e+00    -  1.10e-01 5.62e-01h  1
1076  3.4286679e+01 4.35e+01 1.48e+02  -4.9 1.92e+01    -  1.09e-01 1.20e-01h  1
1077  3.4506973e+01 5.79e+01 1.54e+02  -2.2 9.76e+01    -  7.61e-02 7.25e-02f  1
1078  3.3455108e+01 1.85e+02 1.43e+02  -3.0 4.05e+01    -  1.29e-01 1.18e-01h  1
1079  3.2373531e+01 1.66e+02 1.31e+02  -4.4 2.85e+01    -  1.24e-01 1.03e-01h  1
iter    objective    inf_pr   inf_du lg(mu)  ||d||  lg(rg) alpha_du alpha_pr  ls
1080  3.0994043e+01 1.44e+02 1.16e+02  -3.8 5.22e+01    -  1.56e-01 1.44e-01h  1
1081  3.1088875e+01 1.31e+02 1.07e+02  -2.8 4.67e+01    -  8.05e-02 1.13e-01h  1
1082  3.0703756e+01 1.20e+02 9.28e+01  -3.1 3.39e+01    -  4.57e-02 8.97e-02h  1
1083  3.0269263e+01 1.11e+02 8.82e+01  -3.4 2.32e+01    -  1.80e-01 6.96e-02h  1
1084  2.9181607e+01 9.63e+01 7.60e+01  -3.5 3.53e+01    -  4.98e-02 1.44e-01h  1
1085  2.8420139e+01 8.95e+01 7.41e+01  -4.0 3.38e+01    -  1.26e-01 9.05e-02h  1
1086  2.7963795e+01 8.20e+01 8.37e+01  -3.2 5.33e+01    -  2.08e-01 1.02e-01h  1
1087  2.8516142e+01 1.02e+02 9.11e+01  -2.9 5.93e+01    -  1.78e-01 1.06e-01h  1
1088  2.8078308e+01 8.31e+01 9.51e+01  -3.2 4.23e+01    -  1.49e-01 1.67e-01h  1
1089  2.7532548e+01 1.55e+02 1.00e+02  -3.2 3.43e+01    -  2.84e-01 2.80e-01h  1
iter    objective    inf_pr   inf_du lg(mu)  ||d||  lg(rg) alpha_du alpha_pr  ls
1090  2.6694272e+01 2.32e+02 1.55e+02  -3.3 3.11e+01    -  2.44e-01 2.46e-01h  1
1091  2.7905590e+01 1.54e+02 1.66e+02  -2.9 5.03e+01    -  7.17e-02 1.78e-01h  1
1092  2.7396976e+01 1.36e+02 1.52e+02  -3.2 1.06e+01    -  1.77e-01 1.24e-01h  1
1093  2.6592522e+01 1.93e+02 1.83e+02  -3.2 1.33e+02    -  3.75e-02 5.20e-02h  1
1094  2.5627913e+01 1.05e+02 1.31e+02  -3.1 2.55e+01    -  1.37e-01 3.59e-01h  1
1095  2.5125490e+01 8.00e+01 1.08e+02  -3.2 2.41e+01    -  3.48e-01 2.22e-01h  1
1096  2.4692547e+01 6.26e+01 9.31e+01  -3.1 2.50e+01    -  2.87e-01 2.00e-01h  1
1097  2.4926269e+01 7.18e+01 9.26e+01  -2.9 5.03e+01    -  1.99e-01 9.72e-02h  1
1098  2.4077567e+01 2.36e+02 9.75e+01  -3.2 4.06e+01    -  2.21e-01 2.67e-01h  1
1099  2.3753655e+01 1.88e+02 8.76e+01  -3.2 2.98e+01    -  3.25e-02 1.57e-01h  1
iter    objective    inf_pr   inf_du lg(mu)  ||d||  lg(rg) alpha_du alpha_pr  ls
1100  2.3564047e+01 4.44e+01 2.14e+01  -2.8 3.06e+00    -  3.44e-01 7.21e-01h  1
1101  2.2970631e+01 9.77e+01 1.02e+01  -3.9 4.49e+00    -  3.45e-01 7.30e-01h  1
1102  2.2650886e+01 2.91e+01 3.67e+00  -3.3 4.09e+00    -  4.08e-01 7.45e-01h  1
1103  2.2565809e+01 1.92e+02 6.24e+00  -2.9 1.89e+01    -  7.74e-02 3.74e-01h  1
1104  2.3026922e+01 1.38e+02 1.34e+01  -2.9 3.49e+01    -  2.41e-01 2.69e-01h  1
1105  2.2549058e+01 1.30e+02 1.67e+01  -3.2 2.56e+01    -  1.92e-01 2.61e-01h  1
1106  2.1713045e+01 1.47e+02 3.37e+01  -3.4 1.31e+01    -  6.94e-02 3.10e-01h  1
1107  2.1433947e+01 2.35e+02 5.21e+01  -3.1 1.80e+01    -  2.08e-01 4.72e-01h  1
1108  2.0205149e+01 1.95e+02 1.92e+01  -3.3 7.21e+00    -  3.91e-01 7.28e-01h  1
1109  1.9422386e+01 8.67e+01 3.44e+00  -3.4 4.15e+00    -  2.69e-01 8.29e-01h  1
iter    objective    inf_pr   inf_du lg(mu)  ||d||  lg(rg) alpha_du alpha_pr  ls
1110  1.8878871e+01 8.07e+01 8.96e+00  -3.5 3.30e+00    -  3.63e-01 9.16e-01h  1
1111  1.9877243e+01 1.62e+02 2.01e+01  -3.1 7.67e+00    -  7.72e-01 7.97e-01h  1
1112  1.9899254e+01 1.00e+02 5.61e+00  -3.2 6.33e+00    -  4.36e-01 6.55e-01h  1
1113  1.9572933e+01 6.00e+01 4.83e+00  -3.2 4.55e+00    -  8.76e-01 4.26e-01h  1
1114  1.9189485e+01 3.49e+01 4.80e+00  -3.2 9.12e+00    -  5.27e-01 4.36e-01h  1
1115  1.9118069e+01 1.90e+02 1.26e+01  -3.2 1.20e+01    -  3.82e-01 9.81e-01h  1
1116  1.9296203e+01 3.28e+02 6.23e+00  -3.2 9.06e+00    -  5.47e-01 9.45e-01h  1
1117  1.9367734e+01 7.65e+01 3.22e+00  -3.2 7.83e+00    -  1.00e+00 1.00e+00h  1
1118  1.8764258e+01 2.87e+01 2.46e+00  -3.4 2.06e+00    -  9.99e-01 1.00e+00h  1
1119  1.9006590e+01 1.35e+02 5.23e+00  -3.1 2.30e+00    -  1.00e+00 1.00e+00h  1
iter    objective    inf_pr   inf_du lg(mu)  ||d||  lg(rg) alpha_du alpha_pr  ls
1120  1.8988918e+01 1.83e+02 6.15e+00  -3.2 3.54e+00    -  7.94e-01 1.00e+00h  1
1121  1.8756592e+01 3.98e+01 4.20e+00  -3.2 1.68e+00    -  1.00e+00 1.00e+00h  1
1122  1.9871168e+01 8.73e+01 3.65e+00  -3.0 4.52e+00    -  4.28e-01 1.00e+00h  1
1123  1.9179617e+01 3.61e+01 6.60e+00  -3.2 5.28e+00    -  5.91e-01 1.00e+00H  1
1124  1.8807699e+01 1.18e+02 5.57e+00  -3.2 3.91e+00    -  8.44e-01 1.00e+00h  1
1125  1.8857576e+01 3.16e+01 5.92e+00  -3.2 1.53e+00    -  1.00e+00 1.00e+00h  1
1126  1.8256167e+01 1.78e+01 9.56e-01  -3.5 1.79e+00    -  9.98e-01 1.00e+00h  1
1127  1.8525850e+01 1.47e+01 2.16e+00  -3.2 1.05e+01    -  6.48e-01 3.19e-01H  1
1128  1.7722478e+01 8.45e+01 4.07e+00  -3.4 2.43e+00    -  7.19e-01 1.00e+00h  1
1129  1.7192026e+01 1.13e+02 3.96e+00  -3.4 6.82e+00    -  4.63e-01 6.41e-01h  1
iter    objective    inf_pr   inf_du lg(mu)  ||d||  lg(rg) alpha_du alpha_pr  ls
1130  2.0882454e+01 3.26e+02 6.44e+00  -3.0 9.71e+00    -  3.62e-01 8.40e-01h  1
1131  2.0007741e+01 2.38e+02 5.52e+00  -3.3 1.57e+01    -  2.81e-01 2.71e-01h  1
1132  1.7528168e+01 2.29e+02 2.64e+00  -3.3 4.94e+00    -  8.43e-01 1.00e+00h  1
1133  1.7456019e+01 2.06e+02 2.60e+00  -3.3 1.09e+01    -  1.12e-01 9.44e-02H  1
1134  1.7478093e+01 7.16e+01 1.68e+00  -3.3 2.70e+00    -  3.01e-01 1.00e+00h  1
1135  1.6442077e+01 4.11e+01 2.64e+00  -3.6 6.32e+00    -  6.71e-01 6.81e-01h  1
1136  1.7781172e+01 7.94e+01 1.08e+01  -3.2 1.21e+01    -  5.59e-01 4.15e-01h  1
1137  1.6801971e+01 1.16e+02 5.36e+00  -3.4 5.22e+00    -  3.37e-01 6.92e-01h  1
1138  1.7119317e+01 1.41e+02 4.12e+00  -3.4 5.11e+00    -  5.63e-01 9.13e-01h  1
1139  1.6700608e+01 4.98e+01 2.27e+00  -3.4 3.12e+00    -  3.51e-01 1.00e+00h  1
iter    objective    inf_pr   inf_du lg(mu)  ||d||  lg(rg) alpha_du alpha_pr  ls
1140  1.6351507e+01 2.00e+01 8.60e-01  -3.5 2.78e+00    -  1.00e+00 1.00e+00h  1
1141  1.8211807e+01 3.63e+01 1.45e+01  -3.2 1.43e+01    -  6.94e-01 4.41e-01H  1
1142  1.7471107e+01 7.33e+01 2.22e+01  -3.4 2.40e+01    -  4.87e-01 5.56e-01h  1
1143  1.6549471e+01 3.74e+01 8.97e+00  -3.4 8.76e+00    -  3.02e-01 8.83e-01h  1
1144  1.6459004e+01 3.05e+01 5.17e+00  -3.4 1.30e+01    -  2.62e-01 4.34e-01h  1
1145  1.6385583e+01 1.86e+01 2.19e+00  -3.4 3.22e+00    -  1.41e-01 6.12e-01h  1
1146  1.6388710e+01 9.96e+01 1.59e+00  -3.4 4.56e+00    -  6.12e-01 6.44e-01h  1
1147  1.6272378e+01 3.16e+01 2.74e+00  -3.4 6.63e+00    -  4.16e-01 1.00e+00h  1
1148  1.5755854e+01 6.62e+01 6.18e+00  -3.4 6.39e+00    -  5.64e-01 7.78e-01h  1
1149  1.7903283e+01 1.14e+02 6.63e+00  -3.2 7.55e+00    -  6.05e-01 8.15e-01h  1
iter    objective    inf_pr   inf_du lg(mu)  ||d||  lg(rg) alpha_du alpha_pr  ls
1150  1.7603081e+01 1.10e+02 9.96e+00  -3.3 1.13e+01    -  5.92e-01 6.87e-01h  1
1151  1.6262524e+01 3.32e+01 3.57e+00  -3.3 4.93e+00    -  1.54e-01 7.87e-01h  1
1152  1.6115860e+01 8.04e+01 3.86e+00  -3.3 4.55e+00    -  4.04e-01 7.72e-01h  1
1153  1.6066497e+01 2.42e+01 1.12e+00  -3.3 3.95e+00    -  1.11e-01 8.27e-01h  1
1154  1.6218296e+01 8.13e+00 8.67e-01  -3.3 3.83e+00    -  8.52e-01 1.00e+00h  1
1155  1.6245475e+01 7.31e+01 1.45e+00  -3.3 5.71e+00    -  4.76e-01 5.07e-01h  1
1156  1.5945530e+01 2.78e+01 1.44e+00  -3.4 4.17e+00    -  6.18e-01 1.00e+00h  1
1157  1.5750795e+01 1.10e+01 3.84e+00  -3.4 6.39e+00    -  9.10e-01 4.56e-01H  1
1158  1.5638732e+01 3.82e+01 2.22e+00  -3.4 1.74e+00    -  3.98e-01 9.64e-01h  1
1159  1.5623350e+01 5.36e+01 1.35e+00  -3.4 2.99e+00    -  9.91e-01 1.00e+00h  1
iter    objective    inf_pr   inf_du lg(mu)  ||d||  lg(rg) alpha_du alpha_pr  ls
1160  1.5522124e+01 7.70e+00 1.95e+00  -3.4 2.76e+00    -  1.00e+00 1.00e+00h  1
1161  1.5440846e+01 7.55e+01 1.23e+01  -3.4 1.53e+01    -  5.13e-01 5.32e-01h  1
1162  1.6824836e+01 1.41e+02 1.45e+01  -3.1 1.01e+01    -  4.66e-01 1.00e+00h  1
1163  1.6192866e+01 2.58e+02 1.42e+01  -3.4 7.76e+00    -  5.15e-01 7.86e-01h  1
1164  1.5536369e+01 6.93e+01 6.95e+00  -3.4 3.31e+00    -  6.96e-01 7.51e-01h  1
1165  1.5439175e+01 1.08e+02 1.29e+00  -3.4 2.85e+00    -  8.03e-01 8.37e-01h  1
1166  1.5408015e+01 1.14e+02 6.52e+00  -3.4 3.36e+00    -  9.99e-01 1.00e+00h  1
1167  1.5244682e+01 6.51e+00 2.02e+00  -3.5 1.69e+00    -  1.00e+00 1.00e+00h  1
1168  1.5057815e+01 1.92e+02 5.82e+00  -3.5 4.75e+00    -  7.48e-01 8.10e-01h  1
1169  1.5861452e+01 1.60e+02 3.57e+00  -3.2 5.08e+00    -  6.74e-01 1.00e+00h  1
iter    objective    inf_pr   inf_du lg(mu)  ||d||  lg(rg) alpha_du alpha_pr  ls
1170  1.5840938e+01 1.18e+02 1.84e+01  -3.4 6.57e+00    -  5.62e-01 6.32e-01h  1
1171  1.5303403e+01 3.38e+01 5.27e+00  -3.4 2.63e+00    -  2.72e-01 1.00e+00h  1
1172  1.5242682e+01 4.49e+01 2.65e+00  -3.4 5.17e+00    -  4.02e-01 8.12e-01h  1
1173  1.5288588e+01 1.51e+01 1.87e+00  -3.3 3.24e+00    -  3.68e-02 1.00e+00h  1
1174  1.5105615e+01 4.84e+01 1.38e+00  -3.4 2.11e+00    -  6.47e-01 1.00e+00h  1
1175  1.4209448e+01 2.52e+02 1.42e+01  -3.8 1.35e+01    -  2.41e-01 4.18e-01h  1
1176  1.4179151e+01 7.86e+01 3.11e+00  -3.5 8.74e+00    -  4.38e-01 1.00e+00h  1
1177  1.3596879e+01 5.16e+01 2.76e+00  -3.8 7.18e+00    -  4.31e-01 6.46e-01h  1
1178  1.3133204e+01 5.93e+01 2.40e+00  -4.6 9.63e+00    -  1.30e-01 3.80e-01h  1
1179  1.2937107e+01 3.56e+01 1.86e+00  -3.8 8.61e+00    -  1.72e-01 4.08e-01h  1
iter    objective    inf_pr   inf_du lg(mu)  ||d||  lg(rg) alpha_du alpha_pr  ls
1180  1.2955686e+01 5.83e+01 1.74e+00  -3.7 5.70e+00    -  4.41e-01 7.38e-01h  1
1181  1.2960072e+01 8.44e+01 3.45e+00  -3.7 4.86e+00    -  3.42e-01 7.47e-01h  1
1182  1.3771801e+01 5.82e+01 2.27e+00  -3.4 3.72e+00    -  2.38e-01 1.00e+00h  1
1183  1.3435997e+01 5.97e+01 2.76e+00  -3.7 8.98e+00    -  2.39e-01 3.27e-01H  1
1184  1.3001666e+01 2.35e+02 2.14e+00  -3.7 8.87e+00    -  5.42e-01 3.25e-01h  1
1185  1.2597399e+01 9.81e+01 9.09e-01  -3.7 1.54e+01    -  3.00e-01 5.51e-01h  1
1186  1.2503616e+01 4.74e+01 6.68e-01  -3.7 5.21e+00    -  1.61e-02 7.00e-01h  1
1187  1.3601365e+01 6.18e+01 5.20e+00  -3.4 7.02e+00    -  7.67e-01 7.71e-01h  1
1188  1.3559378e+01 1.39e+02 3.35e+00  -3.5 2.88e+01    -  1.35e-01 1.86e-01h  1
1189  1.3031459e+01 1.61e+01 1.64e+00  -3.5 2.61e+00    -  1.69e-01 1.00e+00h  1
iter    objective    inf_pr   inf_du lg(mu)  ||d||  lg(rg) alpha_du alpha_pr  ls
1190  1.3257860e+01 1.83e+02 2.44e+00  -3.5 9.45e+00    -  2.82e-01 4.56e-01h  1
1191  1.2914042e+01 4.97e+01 1.07e+00  -3.6 3.73e+00    -  1.00e+00 1.00e+00h  1
1192  1.2915286e+01 4.57e+01 1.39e+00  -3.6 9.10e+00    -  3.62e-01 5.93e-01H  1
1193  1.2983949e+01 5.56e+00 4.90e-01  -3.6 4.09e+00    -  5.52e-01 9.34e-01h  1
1194  1.2797187e+01 8.31e+00 6.66e-01  -3.6 4.16e+00    -  5.62e-01 4.98e-01h  2
1195  1.2548589e+01 4.87e+01 9.57e-01  -3.7 3.95e+00    -  5.87e-01 7.50e-01H  1
1196  1.2337461e+01 6.87e+01 1.66e+00  -3.7 5.11e+00    -  3.59e-01 3.93e-01H  1
1197  1.4682223e+01 2.19e+02 3.44e+00  -3.4 8.24e+00    -  7.68e-01 1.00e+00h  1
1198  1.4465975e+01 2.04e+02 2.68e+00  -3.6 5.38e+01    -  1.70e-01 7.48e-02h  1
1199  1.3061544e+01 6.10e+01 2.59e+00  -3.6 4.49e+00    -  2.18e-02 1.00e+00h  1
iter    objective    inf_pr   inf_du lg(mu)  ||d||  lg(rg) alpha_du alpha_pr  ls
1200  1.3188480e+01 9.17e+01 2.30e+00  -3.6 2.75e+01    -  2.75e-01 2.45e-01h  1
1201  1.2888752e+01 3.96e+01 9.07e-01  -3.6 4.38e+00    -  3.51e-01 1.00e+00h  1
1202  1.2938636e+01 3.05e+01 9.22e-01  -3.6 2.04e+00    -  8.74e-01 1.00e+00h  1
1203  1.2728131e+01 8.44e+00 4.84e-01  -3.6 2.20e+00    -  9.89e-01 1.00e+00h  1
1204  1.2683864e+01 3.84e+01 4.64e-01  -3.6 7.19e+00    -  5.22e-01 2.27e-01h  3
1205  1.2208859e+01 1.72e+01 1.26e+00  -3.7 2.23e+00    -  1.00e+00 1.00e+00h  1
1206  1.2117644e+01 6.99e+01 2.16e+00  -3.7 8.59e+00    -  6.78e-01 9.17e-01H  1
1207  1.1796305e+01 8.73e+01 2.35e+00  -3.7 5.63e+00    -  2.32e-01 9.98e-01h  1
1208  1.1799184e+01 1.64e+01 1.29e+00  -3.7 1.92e+00    -  1.00e+00 1.00e+00h  1
1209  1.1571402e+01 3.81e+01 1.49e+00  -3.8 5.91e+00    -  2.89e-01 6.63e-01h  1
iter    objective    inf_pr   inf_du lg(mu)  ||d||  lg(rg) alpha_du alpha_pr  ls
1210  1.2842294e+01 1.34e+02 2.65e+00  -3.5 1.00e+01    -  2.32e-01 5.69e-01h  1
1211  1.2485633e+01 1.09e+02 1.98e+00  -3.8 1.95e+01    -  1.25e-01 1.73e-01h  1
1212  1.2211844e+01 9.50e+01 1.75e+00  -3.8 9.36e+00    -  2.82e-01 1.30e-01h  1
1213  1.1753995e+01 8.17e+01 2.77e+00  -3.8 1.80e+01    -  1.77e-01 2.98e-01h  1
1214  1.1500979e+01 5.98e+01 2.77e+00  -3.8 1.02e+01    -  3.46e-01 3.14e-01h  1
1215  1.1405731e+01 2.82e+01 1.14e+00  -3.8 7.10e+00    -  1.47e-01 7.21e-01h  1
1216  1.1350194e+01 1.49e+01 5.95e-01  -3.8 6.23e+00    -  9.11e-01 5.98e-01h  1
1217  1.1347450e+01 1.44e+01 2.05e+00  -3.8 1.79e+00    -  2.12e-01 2.08e-01H  1
1218  1.1210588e+01 3.54e+01 6.02e-01  -3.8 3.12e+00    -  1.00e+00 1.00e+00h  1
1219  1.2499774e+01 9.79e+01 3.14e+00  -3.5 5.90e+00    -  7.48e-01 1.00e+00h  1
iter    objective    inf_pr   inf_du lg(mu)  ||d||  lg(rg) alpha_du alpha_pr  ls
1220  1.2538345e+01 1.95e+02 1.84e+00  -3.7 1.28e+01    -  2.87e-01 3.92e-01h  1
1221  1.1594186e+01 2.93e+01 1.14e+00  -3.7 3.13e+00    -  1.00e+00 1.00e+00h  1
1222  1.1460902e+01 3.93e+01 1.30e+00  -3.7 8.84e+00    -  2.48e-01 5.15e-01h  1
1223  1.1515147e+01 5.09e+00 9.29e-01  -3.7 3.22e+00    -  1.00e+00 1.00e+00h  1
1224  1.1371861e+01 5.56e+01 1.73e+00  -3.7 1.82e+00    -  1.00e+00 1.00e+00h  1
1225  1.0987292e+01 9.86e+01 2.33e+00  -3.8 5.07e+00    -  8.42e-01 6.25e-01h  1
1226  1.0750741e+01 4.63e+01 4.56e+00  -3.8 6.05e+00    -  7.41e-01 6.48e-01h  1
1227  1.1836966e+01 1.10e+02 3.30e+00  -3.6 1.04e+01    -  1.55e-01 5.96e-01h  1
1228  1.1704829e+01 9.83e+01 4.97e+00  -3.9 2.71e+01    -  1.71e-01 1.31e-01h  1
1229  1.0880595e+01 6.00e+01 2.10e+00  -3.9 4.92e+00    -  6.46e-01 7.80e-01h  1
iter    objective    inf_pr   inf_du lg(mu)  ||d||  lg(rg) alpha_du alpha_pr  ls
1230  1.0842207e+01 1.36e+02 6.07e+00  -3.9 1.69e+01    -  5.25e-02 2.36e-01h  1
1231  1.0764892e+01 9.26e+01 3.65e+00  -3.9 7.66e+00    -  1.52e-01 3.34e-01h  1
1232  1.0764343e+01 2.36e+01 2.01e+00  -3.9 2.91e+00    -  3.47e-01 9.61e-01h  1
1233  1.0766926e+01 1.55e+01 8.62e-01  -3.8 3.78e+00    -  8.16e-01 1.00e+00h  1
1234  1.0475603e+01 1.48e+01 1.12e+00  -4.1 2.24e+00    -  9.85e-01 1.00e+00h  1
1235  1.0190216e+01 2.18e+02 5.11e+00  -4.1 1.76e+01    -  2.05e-01 2.45e-01h  1
1236  1.1021845e+01 6.86e+01 1.53e+00  -3.8 1.14e+01    -  9.48e-01 1.00e+00h  1
1237  1.0793018e+01 5.67e+01 1.94e+00  -3.9 1.44e+01    -  1.05e-01 2.02e-01h  1
1238  1.0352057e+01 2.52e+01 1.76e+00  -3.9 5.59e+00    -  1.07e-01 7.75e-01h  1
1239  1.0509800e+01 6.76e+01 1.97e+00  -3.8 6.93e+00    -  3.64e-01 6.41e-01h  1
iter    objective    inf_pr   inf_du lg(mu)  ||d||  lg(rg) alpha_du alpha_pr  ls
1240  1.0189341e+01 8.44e+00 7.80e-01  -3.9 5.08e+00    -  5.62e-01 1.00e+00h  1
1241  1.0275048e+01 2.32e+01 1.14e+00  -3.9 1.16e+01    -  5.41e-01 4.48e-01h  1
1242  1.0020204e+01 8.76e+00 5.87e-01  -4.1 3.71e+00    -  7.69e-02 9.99e-01h  1
1243  9.8809033e+00 1.86e+02 4.35e+00  -4.1 1.65e+01    -  3.08e-01 5.63e-01h  1
1244  1.0045376e+01 4.78e+01 1.15e+00  -4.0 7.34e+00    -  8.41e-01 1.00e+00h  1
1245  9.9643564e+00 3.33e+01 1.28e+00  -4.1 9.63e+00    -  4.00e-01 3.59e-01h  1
1246  9.8301034e+00 3.38e+01 1.69e+00  -4.1 2.14e+00    -  5.41e-02 7.89e-01h  1
1247  9.5582629e+00 3.62e+01 2.67e+00  -4.2 1.68e+01    -  1.97e-01 2.97e-01h  1
1248  9.6220692e+00 4.64e+01 4.67e+00  -4.0 1.55e+01    -  3.94e-01 5.06e-01h  1
1249  9.4348006e+00 4.21e+01 8.46e+00  -4.1 4.66e+00    -  2.38e-01 5.93e-01h  1
iter    objective    inf_pr   inf_du lg(mu)  ||d||  lg(rg) alpha_du alpha_pr  ls
1250  9.5605124e+00 4.39e+01 8.65e+00  -3.7 9.67e+00    -  1.50e-01 2.11e-01h  1
1251  9.4709414e+00 6.93e+01 9.42e+00  -4.1 1.59e+01    -  8.87e-02 1.71e-01h  1
1252  9.3009352e+00 2.21e+01 4.03e+00  -4.1 2.72e+00    -  2.93e-01 6.54e-01h  1
1253  9.2455146e+00 3.83e+01 3.24e+00  -4.0 4.98e+00    -  3.44e-01 4.24e-01h  1
1254  9.0555025e+00 2.34e+01 2.71e+00  -4.2 7.79e+00    -  3.93e-01 4.34e-01h  1
1255  9.0041811e+00 3.85e+01 3.07e+00  -4.1 3.25e+01    -  2.30e-01 2.61e-01h  1
1256  8.9687533e+00 4.25e+01 2.36e+00  -4.1 1.97e+01    -  2.73e-01 6.18e-01h  1
1257  8.7755898e+00 3.67e+01 2.47e+00  -4.4 8.12e+00    -  4.72e-01 3.23e-01h  1
1258  8.5503915e+00 3.07e+01 2.98e+00  -4.6 1.76e+01    -  1.86e-01 2.37e-01h  1
1259  8.7346643e+00 6.56e+01 2.88e+00  -4.0 7.16e+00    -  2.56e-01 6.40e-01h  1
iter    objective    inf_pr   inf_du lg(mu)  ||d||  lg(rg) alpha_du alpha_pr  ls
1260  8.6139785e+00 4.02e+01 1.99e+00  -4.3 8.66e+00    -  4.05e-01 3.99e-01h  1
1261  8.4098162e+00 1.78e+01 8.93e-01  -4.3 2.52e+00    -  5.76e-01 5.97e-01h  1
1262  8.3475054e+00 1.45e+01 7.38e-01  -4.2 3.65e+00    -  3.27e-01 1.95e-01h  1
1263  8.5834885e+00 7.93e+01 3.89e+00  -4.0 3.56e+00    -  4.36e-01 6.16e-01h  1
1264  8.5570792e+00 4.33e+01 1.37e+00  -4.2 7.24e+00    -  4.03e-01 4.76e-01h  1
1265  8.3101401e+00 2.40e+01 5.20e-01  -4.2 2.28e+00    -  1.00e+00 1.00e+00h  1
1266  8.9974609e+00 5.98e+01 1.84e+00  -4.0 5.28e+00    -  3.86e-01 1.00e+00h  1
1267  8.8227575e+00 7.95e+01 2.01e+00  -4.2 1.13e+01    -  7.71e-02 1.95e-01h  1
1268  8.2204901e+00 1.42e+02 1.89e+00  -4.2 4.51e+00    -  4.70e-01 9.52e-01h  1
1269  8.4657680e+00 8.92e+01 8.46e-01  -4.1 7.25e+00    -  2.16e-01 3.80e-01h  1
iter    objective    inf_pr   inf_du lg(mu)  ||d||  lg(rg) alpha_du alpha_pr  ls
1270  8.2225886e+00 2.68e+01 7.58e-01  -4.2 3.77e+00    -  3.37e-01 7.16e-01h  1
1271  8.2258183e+00 3.05e+01 3.64e+00  -4.2 1.62e+00    -  9.97e-01 1.00e+00h  1
1272  8.2452343e+00 2.90e+01 1.07e+00  -4.2 4.44e-01    -  9.54e-01 1.00e+00h  1
1273  8.2244773e+00 9.42e+00 4.50e-01  -4.2 1.22e+00    -  8.14e-01 1.00e+00h  1
1274  8.0594308e+00 1.16e+01 6.04e-01  -4.3 2.16e+00    -  1.00e+00 1.00e+00h  1
1275  7.9160464e+00 4.58e+01 7.41e-01  -4.3 8.62e+00    -  3.50e-01 2.70e-01h  2
1276  8.2363141e+00 6.29e+01 9.70e-01  -4.1 6.39e+00    -  5.81e-01 6.75e-01h  1
1277  8.2087210e+00 5.39e+01 9.36e-01  -4.3 8.33e+00    -  2.86e-01 3.58e-01h  1
1278  7.9290841e+00 2.90e+01 9.91e-01  -4.3 2.55e+00    -  4.73e-01 1.00e+00h  1
1279  7.8712071e+00 8.17e+00 4.29e-01  -4.4 2.63e+00    -  4.63e-01 8.42e-01H  1
iter    objective    inf_pr   inf_du lg(mu)  ||d||  lg(rg) alpha_du alpha_pr  ls
1280  7.8382080e+00 3.47e+01 7.45e-01  -4.3 2.26e+00    -  6.12e-01 1.00e+00h  1
1281  7.7357536e+00 2.79e+01 8.22e-01  -4.4 1.94e+00    -  2.73e-01 8.69e-01h  1
1282  7.6578304e+00 1.61e+01 5.43e-01  -4.5 2.28e+00    -  5.47e-01 4.39e-01h  1
1283  7.9318311e+00 3.94e+01 1.67e+00  -4.2 7.18e+00    -  4.75e-01 6.58e-01h  1
1284  7.9949646e+00 1.10e+02 2.83e+00  -4.4 1.20e+01    -  3.29e-01 4.68e-01h  1
1285  7.6163962e+00 1.64e+01 1.12e+00  -4.4 2.79e+00    -  1.00e+00 1.00e+00h  1
1286  7.8623178e+00 7.40e+01 1.49e+00  -4.1 5.30e+00    -  3.65e-01 5.42e-01h  1
1287  7.7518787e+00 6.02e+01 9.84e-01  -4.3 7.86e+00    -  2.86e-01 2.07e-01h  1
1288  7.6109726e+00 2.06e+01 2.38e+00  -4.3 5.13e+00    -  4.57e-01 6.58e-01h  1
1289  7.9675562e+00 3.76e+01 4.25e+00  -4.1 1.24e+01    -  4.57e-01 4.31e-01h  1
iter    objective    inf_pr   inf_du lg(mu)  ||d||  lg(rg) alpha_du alpha_pr  ls
1290  7.8476080e+00 5.20e+01 6.04e+00  -4.3 1.65e+01    -  2.78e-01 2.48e-01h  1
1291  7.6158205e+00 2.76e+01 4.80e+00  -4.3 3.42e+00    -  4.12e-01 4.69e-01h  1
1292  7.5932357e+00 5.17e+01 3.59e+00  -4.3 4.56e+00    -  3.06e-01 5.07e-01h  1
1293  7.5381297e+00 5.27e+00 5.53e-01  -4.2 1.66e+00    -  5.45e-01 1.00e+00h  1
1294  8.1045801e+00 5.03e+01 8.48e-01  -4.0 4.84e+00    -  1.00e+00 9.11e-01h  1
1295  8.3998086e+00 8.51e+01 6.83e+00  -4.1 9.55e+00    -  9.00e-02 2.96e-01H  1
1296  7.7620701e+00 2.17e+01 2.64e+00  -4.1 3.46e+00    -  7.23e-01 1.00e+00h  1
1297  7.8196121e+00 7.25e+01 4.26e+00  -4.1 2.30e+00    -  6.21e-01 1.00e+00h  1
1298  7.6271409e+00 2.26e+01 1.10e+00  -4.1 1.28e+00    -  1.00e+00 1.00e+00h  1
1299  8.4125178e+00 7.22e+01 1.39e+00  -3.9 5.62e+00    -  1.00e+00 9.82e-01h  1
iter    objective    inf_pr   inf_du lg(mu)  ||d||  lg(rg) alpha_du alpha_pr  ls
1300  8.3767638e+00 6.62e+01 2.27e+00  -4.0 2.66e+01    -  1.97e-01 8.30e-02h  1
1301  8.1575126e+00 7.47e+01 6.54e+00  -4.0 1.08e+01    -  5.67e-01 5.47e-01h  1
1302  7.9340710e+00 5.41e+01 3.71e+00  -4.0 1.72e+01    -  3.73e-01 4.64e-01h  1
1303  7.7869313e+00 4.68e+01 4.08e+00  -4.0 1.20e+01    -  2.32e-01 2.69e-01h  1
1304  7.7667240e+00 8.33e+01 1.86e+00  -4.0 8.40e+00    -  1.56e-01 7.12e-01h  1
1305  7.8108348e+00 4.94e+01 1.61e+00  -4.0 8.22e+00    -  3.09e-01 4.30e-01h  1
1306  7.9104488e+00 3.26e+01 8.82e-01  -4.0 7.97e+00    -  4.23e-01 7.53e-01h  1
1307  7.8349821e+00 1.43e+01 7.12e-01  -4.0 6.70e+00    -  5.79e-01 5.96e-01h  1
1308  7.7670345e+00 2.10e+01 5.67e-01  -4.0 2.58e+00    -  9.11e-01 1.00e+00h  1
1309  7.7392120e+00 1.32e+01 4.01e-01  -4.0 1.02e+00    -  1.00e+00 1.00e+00h  1
iter    objective    inf_pr   inf_du lg(mu)  ||d||  lg(rg) alpha_du alpha_pr  ls
1310  7.6523282e+00 4.40e+01 1.65e+00  -4.3 1.74e+00    -  9.94e-01 1.00e+00h  1
1311  7.6783660e+00 2.28e+01 4.05e-01  -4.0 3.37e+00    -  1.00e+00 1.00e+00h  1
1312  7.6282321e+00 7.34e+00 1.26e+00  -4.1 6.67e+00    -  6.86e-01 1.00e+00H  1
1313  7.4301387e+00 1.05e+01 1.26e+00  -4.2 6.13e+00    -  8.91e-01 7.67e-01H  1
1314  7.8226408e+00 2.09e+02 6.14e+00  -4.0 7.01e+00    -  6.43e-01 1.00e+00h  1
1315  7.4965021e+00 8.37e+01 1.77e+00  -4.1 5.13e+00    -  5.70e-01 6.14e-01h  1
1316  7.3343071e+00 4.36e+01 1.03e+00  -4.1 5.96e+00    -  6.58e-01 5.33e-01h  1
1317  7.1999036e+00 2.72e+01 3.22e-01  -4.3 5.32e+00    -  1.00e+00 6.08e-01h  1
1318  7.4482224e+00 2.74e+01 2.50e+00  -4.0 5.23e+00    -  2.80e-01 7.39e-01H  1
1319  7.1866213e+00 2.44e+01 1.07e+00  -4.3 4.47e+00    -  3.03e-01 6.67e-01h  1
iter    objective    inf_pr   inf_du lg(mu)  ||d||  lg(rg) alpha_du alpha_pr  ls
1320  7.0133232e+00 2.48e+01 6.34e-01  -4.7 1.02e+01    -  3.98e-01 3.71e-01h  1
1321  7.4876427e+00 3.54e+01 8.80e-01  -4.1 5.98e+00    -  5.38e-01 9.75e-01H  1
1322  7.2043280e+00 1.59e+01 8.77e-01  -4.3 4.56e+00    -  6.90e-01 6.26e-01h  1
1323  6.9803874e+00 1.10e+01 7.28e-01  -4.3 4.04e+00    -  4.19e-01 6.96e-01h  1
1324  6.8527665e+00 2.52e+01 9.43e-01  -4.5 4.54e+00    -  3.07e-01 9.14e-01h  1
1325  6.8363994e+00 1.15e+01 1.26e+00  -4.3 2.72e+00    -  7.79e-01 7.33e-01h  1
1326  7.1646993e+00 3.35e+01 5.28e-01  -4.1 5.41e+00    -  7.32e-01 1.00e+00h  1
1327  7.4477190e+00 1.49e+02 2.97e+00  -4.2 4.02e+00    -  6.60e-01 6.05e-01h  1
1328  6.9063528e+00 2.38e+01 1.61e+00  -4.2 2.06e+00    -  1.00e+00 1.00e+00h  1
1329  6.9191574e+00 1.35e+01 4.03e-01  -4.2 8.49e-01    -  1.00e+00 1.00e+00h  1
iter    objective    inf_pr   inf_du lg(mu)  ||d||  lg(rg) alpha_du alpha_pr  ls
1330  6.7913227e+00 1.77e+01 4.88e-01  -4.4 1.86e+00    -  1.00e+00 1.00e+00h  1
1331  7.7928216e+00 2.25e+01 1.47e+00  -4.1 1.31e+01    -  6.97e-01 1.00e+00H  1
1332  7.2881997e+00 1.66e+01 9.40e-01  -4.3 4.98e+00    -  1.84e-01 3.55e-01h  1
1333  7.0836524e+00 1.47e+01 7.42e-01  -4.3 4.80e+00    -  1.13e-01 2.02e-01h  1
1334  6.9791718e+00 1.34e+01 5.68e-01  -4.3 4.67e+00    -  9.62e-01 1.16e-01h  1
1335  6.8197910e+00 1.24e+01 4.59e-01  -4.3 4.62e+00    -  4.04e-01 3.83e-01h  1
1336  6.7024505e+00 3.15e+01 1.05e+00  -4.3 4.21e+00    -  5.85e-01 8.02e-01h  1
1337  6.6455540e+00 8.59e+00 1.07e+00  -4.4 3.53e+00    -  8.72e-01 8.39e-01h  1
1338  6.7801919e+00 1.71e+01 2.72e-01  -4.1 2.88e+00    -  1.00e+00 1.00e+00h  1
1339  7.0165809e+00 5.90e+01 7.04e-01  -4.2 2.86e+00    -  9.19e-01 7.21e-01h  1
iter    objective    inf_pr   inf_du lg(mu)  ||d||  lg(rg) alpha_du alpha_pr  ls
1340  6.6979204e+00 2.02e+01 1.04e+00  -4.2 1.92e+00    -  3.18e-01 1.00e+00h  1
1341  6.5238890e+00 2.09e+01 1.31e+00  -4.5 3.18e+00    -  1.00e+00 1.00e+00h  1
1342  6.7980447e+00 7.49e+01 6.95e+00  -4.2 8.01e+00    -  2.65e-01 5.92e-01H  1
1343  6.7123224e+00 4.30e+01 5.91e+00  -4.5 5.57e+00    -  2.11e-01 1.36e-01h  1
1344  6.5586394e+00 4.07e+01 4.46e+00  -4.5 9.92e+01    -  3.25e-02 3.98e-02h  2
1345  6.5551070e+00 3.42e+01 3.16e+00  -4.2 1.12e+01    -  5.01e-01 4.26e-01h  1
1346  6.4158050e+00 3.59e+01 2.32e+00  -4.5 1.44e+01    -  4.86e-02 3.54e-01h  1
1347  6.3251518e+00 4.40e+01 2.13e+00  -4.8 2.68e+01    -  2.89e-01 1.67e-01h  1
1348  6.2853785e+00 2.78e+01 1.29e+00  -4.7 9.51e+00    -  5.46e-02 5.53e-01H  1
1349  6.2458460e+00 2.84e+01 1.87e+00  -4.4 1.20e+01    -  2.36e-01 3.55e-01h  1
iter    objective    inf_pr   inf_du lg(mu)  ||d||  lg(rg) alpha_du alpha_pr  ls
1350  6.2218153e+00 5.95e+01 1.72e+00  -4.5 6.14e+00    -  4.81e-01 4.35e-01h  1
1351  6.1926301e+00 3.04e+01 6.23e-01  -4.5 2.13e+00    -  5.58e-01 5.52e-01h  1
1352  6.1111490e+00 3.21e+01 2.15e-01  -4.6 1.90e+00    -  1.00e+00 1.00e+00h  1
1353  6.7349226e+00 3.92e+01 6.30e-01  -4.2 2.60e+01    -  1.56e-01 3.04e-01H  1
1354  6.5359118e+00 4.48e+01 7.47e-01  -4.6 2.08e+01    -  4.21e-01 2.18e-01h  1
1355  6.3598050e+00 4.12e+01 1.06e+00  -4.6 2.94e+01    -  2.03e-01 9.33e-02h  1
1356  6.1665504e+00 3.39e+01 9.65e-01  -4.6 1.61e+01    -  1.40e-01 2.08e-01h  1
1357  6.1167475e+00 3.25e+01 8.96e-01  -4.6 1.50e+01    -  3.85e-01 4.23e-02h  1
1358  6.0272879e+00 3.15e+01 1.00e+00  -4.6 4.36e+01    -  6.02e-02 6.34e-02h  1
1359  5.9561149e+00 2.71e+01 1.28e+00  -4.6 1.88e+01    -  2.44e-01 2.47e-01h  1
iter    objective    inf_pr   inf_du lg(mu)  ||d||  lg(rg) alpha_du alpha_pr  ls
1360  6.0974808e+00 2.69e+01 1.01e+00  -4.2 1.11e+01    -  3.02e-01 2.78e-01h  1
1361  6.2093525e+00 3.79e+01 1.07e+00  -4.2 2.06e+01    -  2.19e-01 9.19e-02h  3
1362  6.0777624e+00 1.56e+01 7.69e-01  -4.5 4.34e+00    -  6.90e-01 6.14e-01h  1
1363  6.3733582e+00 2.68e+01 9.89e-01  -4.2 1.16e+01    -  2.93e-01 4.54e-01h  1
1364  6.4219123e+00 2.50e+01 8.94e-01  -4.4 2.03e+01    -  2.47e-01 2.15e-01h  1
1365  5.9938377e+00 1.64e+01 7.41e-01  -4.4 5.25e+00    -  4.79e-01 7.91e-01h  1
1366  5.9118885e+00 1.60e+01 7.65e-01  -4.8 1.52e+01    -  1.91e-01 1.23e-01h  2
1367  6.0139411e+00 4.93e+01 6.31e-01  -4.5 2.07e+00    -  4.03e-01 1.00e+00h  1
1368  5.9349061e+00 1.42e+01 3.84e-01  -4.5 1.29e+00    -  7.17e-01 9.31e-01h  1
1369  5.8775754e+00 5.52e+00 4.88e-01  -4.5 1.30e+00    -  1.00e+00 1.00e+00h  1
iter    objective    inf_pr   inf_du lg(mu)  ||d||  lg(rg) alpha_du alpha_pr  ls
1370  5.8410851e+00 4.19e+01 1.18e+00  -4.5 7.38e+00    -  6.60e-01 5.38e-01H  1
1371  6.4516041e+00 1.15e+01 1.01e+00  -4.2 9.63e+00    -  3.81e-01 8.53e-01H  1
1372  6.6576504e+00 1.18e+01 1.33e+00  -4.5 1.89e+01    -  1.57e-01 4.24e-01H  1
1373  6.1609397e+00 8.66e+00 9.88e-01  -4.5 6.36e+00    -  2.33e-01 4.03e-01h  1
1374  5.9312007e+00 1.52e+01 8.11e-01  -4.5 1.41e+01    -  1.95e-01 2.36e-01h  1
1375  5.9779247e+00 1.60e+01 7.24e-01  -4.5 3.39e+00    -  4.64e-01 6.82e-01h  1
1376  5.8687353e+00 1.21e+01 5.47e-01  -4.5 2.27e+00    -  5.19e-01 2.72e-01h  1
1377  5.7588777e+00 5.23e+00 1.88e-01  -4.5 2.22e+00    -  1.00e+00 8.78e-01h  1
1378  5.7329527e+00 5.24e+00 2.14e-01  -4.5 1.14e+00    -  1.00e+00 1.00e+00h  1
1379  5.6691349e+00 1.27e+01 5.77e-01  -4.6 2.36e+00    -  1.00e+00 1.00e+00h  1
iter    objective    inf_pr   inf_du lg(mu)  ||d||  lg(rg) alpha_du alpha_pr  ls
1380  5.7238352e+00 8.66e+00 1.52e+00  -4.3 7.25e+00    -  9.61e-01 2.96e-01h  2
1381  5.7362151e+00 2.54e+01 4.69e+00  -4.4 9.07e+00    -  4.23e-01 3.10e-01h  2
1382  5.7647251e+00 2.42e+01 5.73e+00  -4.4 7.89e+00    -  3.63e-01 3.88e-01h  1
1383  5.7081265e+00 1.50e+01 3.56e+00  -4.4 2.83e+00    -  8.73e-01 7.57e-01h  1
1384  5.6646285e+00 8.23e+00 2.14e+00  -4.4 1.90e+00    -  8.72e-01 7.45e-01h  1
1385  5.6226423e+00 3.94e+00 1.61e+00  -4.4 2.52e+00    -  6.28e-01 5.28e-01h  1
1386  5.8310427e+00 1.25e+01 1.48e+00  -4.1 1.17e+01    -  5.97e-01 3.19e-01h  1
1387  5.8631011e+00 1.74e+01 2.44e+00  -4.3 1.67e+01    -  2.07e-01 2.12e-01h  1
1388  5.8037751e+00 3.84e+01 2.26e+00  -4.3 5.17e+00    -  7.72e-01 4.49e-01h  1
1389  5.7456084e+00 1.05e+01 1.32e+00  -4.3 6.75e+00    -  4.95e-01 7.74e-01h  1
iter    objective    inf_pr   inf_du lg(mu)  ||d||  lg(rg) alpha_du alpha_pr  ls
1390  5.6450026e+00 1.19e+01 3.52e-01  -4.3 1.40e+00    -  1.00e+00 9.31e-01h  1
1391  5.6641944e+00 1.51e+00 1.66e-01  -4.3 1.15e+00    -  8.00e-01 1.00e+00h  1
1392  5.6637803e+00 7.63e+00 2.52e-01  -4.3 2.52e+00    -  7.58e-01 8.20e-01h  1
1393  5.6269169e+00 1.05e+01 4.01e-01  -4.3 5.06e+00    -  6.11e-01 4.60e-01h  1
1394  5.5880885e+00 3.37e+01 1.72e+00  -4.3 2.25e+01    -  2.17e-01 2.53e-01h  1
1395  6.6963015e+00 7.52e+01 6.66e+00  -3.6 2.37e+01    -  2.71e-01 3.02e-01h  1
1396  6.6870071e+00 4.97e+01 8.90e+00  -4.1 1.29e+01    -  3.75e-01 6.97e-01h  1
1397  6.1772100e+00 2.88e+01 7.27e+00  -4.1 7.63e+00    -  1.64e-01 4.13e-01h  1
1398  5.8821529e+00 1.34e+01 6.90e-01  -4.1 5.98e+00    -  5.94e-01 1.00e+00h  1
1399  5.8924980e+00 6.65e+00 6.26e-01  -4.1 3.33e+00    -  5.05e-01 7.68e-01h  1
iter    objective    inf_pr   inf_du lg(mu)  ||d||  lg(rg) alpha_du alpha_pr  ls
1400  5.8217196e+00 4.19e+00 3.40e-01  -4.1 8.71e-01    -  6.36e-01 1.00e+00h  1
1401  5.8381541e+00 7.00e-01 2.01e-01  -4.1 1.06e+00    -  1.00e+00 1.00e+00h  1
1402  5.6803043e+00 2.15e+01 7.18e-01 -10.1 3.92e+00    -  4.09e-01 8.18e-01h  1
1403  5.4560195e+00 2.67e+01 9.54e-01  -4.4 1.22e+01    -  4.81e-01 3.60e-01h  1
1404  5.4260017e+00 3.89e+01 8.66e-01  -4.4 7.52e+00    -  4.39e-01 3.90e-01h  1
1405  5.2869514e+00 5.77e+00 2.36e-01  -4.8 1.72e+00    -  4.28e-01 1.00e+00h  1
1406  5.2563085e+00 1.28e+01 4.19e-01  -4.6 4.00e+00    -  3.53e-01 5.23e-01h  1
1407  5.1496388e+00 4.28e+00 4.06e-01  -4.7 1.83e+00    -  1.00e+00 7.79e-01h  1
1408  5.0678329e+00 1.73e+01 7.18e-01  -4.7 6.47e+00    -  3.96e-01 3.53e-01h  1
1409  5.7312691e+00 1.20e+02 3.16e+00  -4.1 1.41e+01    -  1.54e-01 5.25e-01h  1
iter    objective    inf_pr   inf_du lg(mu)  ||d||  lg(rg) alpha_du alpha_pr  ls
1410  5.6761226e+00 9.40e+01 3.32e+00  -4.6 3.41e+00  -4.0 3.29e-01 2.13e-01h  1
1411  5.3381199e+00 6.50e+01 2.00e+00  -4.6 6.17e+00    -  4.69e-01 4.56e-01h  1
1412  5.2257249e+00 5.99e+01 4.47e+00  -4.6 2.28e+01    -  1.44e-01 1.43e-01h  2
1413  5.0156150e+00 4.72e+01 5.91e+00  -4.6 1.37e+01    -  2.94e-01 2.88e-01h  1
1414  5.0860341e+00 4.69e+01 7.27e+00  -4.1 2.90e+01    -  2.36e-01 8.70e-02h  1
1415  4.9532505e+00 3.50e+01 4.91e+00  -4.5 5.17e+00    -  3.44e-01 3.87e-01h  1
1416  5.2055884e+00 2.71e+01 2.49e+00  -4.2 6.42e+00    -  3.50e-01 6.67e-01h  1
1417  5.1420412e+00 3.05e+01 1.45e+00  -4.4 1.22e+01    -  3.17e-01 2.65e-01h  1
1418  4.9384217e+00 1.09e+01 9.42e-01  -4.4 2.81e+00    -  9.97e-01 6.94e-01h  1
1419  5.3707330e+00 4.73e+01 5.03e-01  -3.9 2.43e+01    -  1.93e-01 2.41e-01h  1
iter    objective    inf_pr   inf_du lg(mu)  ||d||  lg(rg) alpha_du alpha_pr  ls
1420  5.3293263e+00 4.61e+01 5.01e-01  -4.4 2.42e+01    -  1.86e-01 2.72e-02h  1
1421  4.9253360e+00 2.87e+01 3.55e-01  -4.4 4.95e+00    -  1.00e+00 1.00e+00h  1
1422  5.0548384e+00 2.87e+01 4.14e-01  -4.1 1.80e+01    -  4.07e-01 1.00e-01h  3
1423  4.9808582e+00 1.84e+01 7.51e-01  -4.4 3.83e+00    -  7.50e-01 6.17e-01h  1
1424  4.8882509e+00 5.67e+00 5.69e-01  -4.4 2.29e+00    -  1.00e+00 1.00e+00h  1
1425  4.8902151e+00 6.63e+00 3.18e-01  -4.4 8.47e-01    -  7.41e-01 1.00e+00h  1
1426  4.7894134e+00 6.60e+00 3.67e-01  -4.4 2.09e+00    -  9.96e-01 1.00e+00h  1
1427  5.1204007e+00 2.37e+01 8.40e-01  -4.2 1.13e+01    -  5.80e-01 3.99e-01h  2
1428  5.0614984e+00 1.87e+01 2.49e+00  -4.4 1.24e+01    -  3.79e-01 3.17e-01h  1
1429  4.8564417e+00 1.03e+01 2.13e+00  -4.4 3.49e+00    -  1.00e+00 6.38e-01h  1
iter    objective    inf_pr   inf_du lg(mu)  ||d||  lg(rg) alpha_du alpha_pr  ls
1430  4.8388395e+00 2.21e+01 1.30e+00  -4.4 3.32e+00    -  2.46e-01 6.96e-01h  1
1431  4.7197873e+00 6.18e+00 6.03e-01  -4.4 1.30e+00    -  1.00e+00 7.86e-01h  1
1432  4.6793451e+00 2.08e+00 2.67e-01  -4.5 7.51e-01    -  1.00e+00 1.00e+00h  1
1433  5.0191231e+00 3.19e+01 4.60e-01  -4.2 5.30e+00    -  1.00e+00 1.00e+00h  1
1434  5.1399333e+00 2.42e+01 1.51e+00  -4.3 1.93e+01    -  3.04e-01 2.43e-01h  1
1435  4.8402407e+00 5.39e+00 1.10e+00  -4.3 1.91e+00    -  1.00e+00 9.72e-01h  1
1436  4.8836650e+00 1.05e+01 4.76e-01  -4.3 2.62e+00    -  1.00e+00 1.00e+00h  1
1437  4.7837539e+00 1.75e+00 3.28e-01  -4.3 1.55e+00    -  1.00e+00 1.00e+00h  1
1438  4.8073670e+00 3.42e+00 2.56e-01  -4.3 1.68e+00    -  1.00e+00 1.00e+00h  1
1439  4.7757334e+00 9.46e+00 7.37e-01  -4.3 3.01e+00    -  1.00e+00 1.00e+00h  1
iter    objective    inf_pr   inf_du lg(mu)  ||d||  lg(rg) alpha_du alpha_pr  ls
1440  4.7296252e+00 1.52e+01 1.12e+00  -4.3 1.29e+01    -  5.29e-01 3.48e-01h  1
1441  4.7287580e+00 1.14e+01 1.11e+00  -4.3 6.36e+00    -  9.45e-01 3.75e-01h  2
1442  4.7357291e+00 2.10e+00 5.66e-01  -4.3 2.46e+00    -  4.76e-01 1.00e+00h  1
1443  4.7597414e+00 2.66e+00 4.00e-01  -4.3 1.56e+00    -  8.54e-01 1.00e+00h  1
1444  4.7171201e+00 4.98e-01 3.55e-01  -4.3 6.86e-01    -  1.00e+00 1.00e+00h  1
1445  4.6990250e+00 4.50e+00 2.69e-01  -4.4 8.27e-01    -  1.00e+00 9.85e-01h  1
1446  4.6649268e+00 3.16e+00 5.30e-01  -4.6 2.47e+00    -  9.99e-01 1.00e+00h  1
1447  4.6381000e+00 2.98e+00 9.58e-01  -4.3 3.47e+00    -  1.00e+00 1.00e+00h  1
1448  4.6976189e+00 1.25e+00 1.07e+00  -4.4 3.55e+00    -  8.48e-01 1.00e+00H  1
1449  4.5701382e+00 4.38e+00 5.58e-01  -4.5 1.37e+00    -  1.00e+00 1.00e+00h  1
iter    objective    inf_pr   inf_du lg(mu)  ||d||  lg(rg) alpha_du alpha_pr  ls
1450  4.5370169e+00 4.38e+00 3.77e-01  -4.5 1.65e+00    -  1.00e+00 1.00e+00h  1
1451  4.6022304e+00 7.40e+00 6.05e-01  -4.3 2.02e+00    -  6.03e-01 1.00e+00h  1
1452  4.5611045e+00 1.47e+01 6.79e-01  -4.5 4.36e+00    -  5.65e-01 4.73e-01H  1
1453  4.4936708e+00 4.67e+01 1.01e+00  -4.5 3.51e+00    -  8.82e-01 8.41e-01H  1
1454  4.6222491e+00 1.30e+01 7.30e-01  -4.2 5.75e+00    -  3.90e-01 5.00e-01h  2
1455  4.5831874e+00 1.25e+01 1.31e+00  -4.4 7.82e+00    -  5.82e-01 4.48e-01H  1
1456  4.4797358e+00 4.35e+00 1.01e+00  -4.4 4.67e+00    -  2.28e-01 1.00e+00h  1
1457  4.4477772e+00 5.36e+00 2.76e-01  -4.4 1.26e+00    -  8.13e-01 9.90e-01h  1
1458  4.4269284e+00 2.56e+00 2.69e-01  -4.4 9.08e-01    -  1.00e+00 8.96e-01h  1
1459  4.3955020e+00 1.82e+00 1.42e-01  -4.5 1.17e+00    -  1.00e+00 1.00e+00h  1
iter    objective    inf_pr   inf_du lg(mu)  ||d||  lg(rg) alpha_du alpha_pr  ls
1460  4.5377762e+00 1.44e+01 4.47e-01  -4.3 1.25e+01    -  2.64e-01 2.88e-01h  2
1461  4.4680963e+00 1.36e+01 4.01e-01  -4.5 9.95e+00    -  7.00e-01 2.18e-01h  1
1462  4.3766909e+00 5.25e+01 1.38e+00  -4.5 2.58e+01    -  2.91e-01 1.86e-01h  1
1463  4.9270026e+00 4.80e+01 1.17e+00  -4.2 7.54e+00    -  5.04e-01 1.00e+00H  1
1464  4.7470302e+00 4.16e+01 1.31e+00  -4.5 9.34e+00    -  5.70e-01 1.60e-01h  1
1465  4.5250548e+00 3.33e+01 6.31e-01  -4.5 7.86e+00    -  2.71e-01 2.72e-01h  2
1466  4.3892855e+00 3.89e+01 5.61e-01  -4.5 3.53e+00    -  1.00e+00 3.98e-01h  1
1467  4.7446833e+00 2.45e+00 7.96e-01  -4.2 5.20e+00    -  4.15e-01 1.00e+00H  1
1468  4.5877542e+00 1.52e+01 3.34e-01  -4.4 8.40e+00    -  2.47e-01 3.65e-01h  1
1469  4.3190555e+00 3.97e+01 1.87e+00  -4.4 9.10e+00    -  2.95e-01 6.33e-01h  1
iter    objective    inf_pr   inf_du lg(mu)  ||d||  lg(rg) alpha_du alpha_pr  ls
1470  4.9715513e+00 2.00e+01 1.04e+00  -4.4 5.51e+00    -  3.06e-01 7.13e-01h  1
1471  4.2727161e+00 1.27e+01 5.76e-01  -4.5 3.08e+00    -  3.63e-01 1.00e+00h  1
1472  4.1957376e+00 4.00e+00 5.00e-01  -4.7 2.07e+00    -  1.00e+00 1.00e+00h  1
1473  4.2615957e+00 5.98e+00 4.05e-01  -4.3 1.81e+01    -  1.26e-01 1.01e-01h  3
1474  4.2474035e+00 5.82e+00 5.20e-01  -4.7 9.93e+00    -  5.92e-01 3.53e-02h  1
1475  4.1635213e+00 2.31e+01 1.26e+00  -4.7 3.05e+01    -  4.09e-01 1.77e-01h  1
1476  4.7177433e+00 7.78e+00 2.17e+00  -4.3 8.71e+00    -  4.48e-01 7.83e-01H  1
1477  4.2838636e+00 1.46e+01 2.09e+00  -4.6 6.88e+00    -  5.96e-01 5.30e-01h  1
1478  4.1505874e+00 1.20e+01 1.43e+00  -4.6 1.34e+01    -  1.66e-01 1.62e-01h  2
1479  4.0863651e+00 2.19e+00 4.15e-01  -4.5 2.03e+00    -  1.00e+00 1.00e+00h  1
iter    objective    inf_pr   inf_du lg(mu)  ||d||  lg(rg) alpha_du alpha_pr  ls
1480  4.0339568e+00 2.36e+01 9.09e-01  -4.6 2.77e+00    -  1.00e+00 1.00e+00h  1
1481  4.2494587e+00 1.92e+01 1.20e+00  -4.3 5.66e+00    -  2.51e-01 1.00e+00h  1
1482  4.3943218e+00 5.92e+01 2.33e+00  -4.6 7.67e+00    -  2.77e-01 5.55e-01h  1
1483  4.0066116e+00 2.21e+01 9.12e-01  -4.6 3.15e+00    -  3.97e-01 8.25e-01h  1
1484  4.6065802e+00 6.25e+01 1.58e+00  -4.2 9.97e+00    -  4.68e-01 1.00e+00h  1
1485  4.6788187e+00 4.82e+01 1.20e+00  -4.5 7.07e+00  -5.0 3.82e-01 4.57e-01h  1
1486  4.1048171e+00 1.97e+01 9.50e-01  -4.5 5.96e+00    -  3.95e-01 1.00e+00h  1
1487  4.0774149e+00 1.57e+01 7.27e-01  -4.5 4.07e+00    -  2.82e-01 2.25e-01h  1
1488  4.0417076e+00 2.58e+00 5.45e-01  -4.5 9.33e-01    -  1.00e+00 1.00e+00h  1
1489  4.4100421e+00 3.47e+01 5.09e-01  -4.2 8.15e+00    -  8.91e-01 1.00e+00h  1
iter    objective    inf_pr   inf_du lg(mu)  ||d||  lg(rg) alpha_du alpha_pr  ls
1490  4.6541328e+00 3.65e+01 4.73e-01  -4.3 1.59e+01    -  3.86e-01 3.16e-01h  1
1491  4.1835186e+00 1.50e+01 2.45e-01  -4.3 4.69e+00    -  6.21e-01 9.39e-01h  1
1492  4.1972270e+00 2.98e+01 1.60e-01  -4.3 1.47e+00    -  1.00e+00 8.06e-01h  1
1493  4.1575201e+00 2.42e+00 1.26e-01  -4.3 9.24e-01    -  5.47e-01 1.00e+00h  1
1494  4.0228478e+00 6.26e+00 1.36e-01  -4.5 3.13e+00    -  9.93e-01 1.00e+00h  1
1495  4.1020906e+00 6.84e+00 2.80e-01  -4.3 2.32e+01    -  2.86e-01 1.01e-01h  3
1496  3.9879864e+00 2.78e+01 9.11e-01  -4.5 6.42e+00    -  1.00e+00 4.94e-01h  1
1497  4.5859672e+00 5.28e+01 1.79e+00  -4.2 3.28e+01    -  3.59e-01 4.15e-01h  1
1498  4.7265765e+00 2.98e+01 1.68e+00  -4.4 1.15e+01    -  4.47e-01 4.92e-01h  1
1499  4.1728064e+00 1.80e+01 1.11e+00  -4.4 9.57e+00    -  1.88e-01 5.66e-01h  1
iter    objective    inf_pr   inf_du lg(mu)  ||d||  lg(rg) alpha_du alpha_pr  ls
1500  4.1159950e+00 3.34e+01 6.98e-01  -4.4 1.31e+01    -  2.40e-01 3.75e-01h  1
1501  4.0047432e+00 1.51e+01 2.83e-01  -4.4 2.32e+00    -  1.02e-01 5.44e-01h  1
1502  4.3893512e+00 3.81e+01 1.96e+00  -4.2 9.79e+00    -  1.00e+00 1.00e+00h  1
1503  4.7135300e+00 7.65e+01 1.35e+00  -4.3 6.78e+00  -5.4 3.72e-01 2.44e-01h  1
1504  4.1884040e+00 1.70e+01 8.04e-01  -4.3 3.17e+00    -  5.40e-01 1.00e+00h  1
1505  4.2273200e+00 1.35e+01 1.99e-01  -4.3 9.73e-01    -  5.84e-01 1.00e+00h  1
1506  4.1935967e+00 6.30e-01 7.48e-02  -4.3 6.67e-01    -  1.00e+00 1.00e+00h  1
1507  4.0447729e+00 5.53e+00 3.32e-01  -4.4 3.71e+00    -  9.97e-01 1.00e+00h  1
1508  4.0009414e+00 5.76e+00 3.69e-01  -4.5 1.96e+01    -  1.79e-01 6.60e-02h  3
1509  3.9496840e+00 1.65e+01 1.00e+00  -4.5 6.53e+00    -  1.00e+00 5.08e-01H  1
iter    objective    inf_pr   inf_du lg(mu)  ||d||  lg(rg) alpha_du alpha_pr  ls
1510  3.9397083e+00 1.36e+01 1.93e+00  -4.5 3.23e+00    -  1.00e+00 9.97e-01h  1
1511  3.8669051e+00 1.07e+01 1.16e+00  -4.6 2.70e+00    -  5.84e-01 1.00e+00h  1
1512  3.8390857e+00 2.89e+00 6.44e-01  -4.5 1.61e+00    -  4.91e-01 8.80e-01h  1
1513  3.8174555e+00 1.13e+00 4.23e-01  -4.5 1.11e+00    -  4.43e-01 1.00e+00h  1
1514  3.8110780e+00 2.32e+01 1.86e-01  -4.5 1.65e+00    -  7.85e-01 1.00e+00h  1
1515  3.7693230e+00 1.35e+00 5.04e-01  -4.6 9.48e-01    -  9.99e-01 1.00e+00h  1
1516  3.8465657e+00 2.79e+00 6.87e-01  -4.4 1.99e+00    -  1.00e+00 1.00e+00h  1
1517  3.8775275e+00 1.42e+00 7.80e-01  -4.4 1.58e+00    -  9.31e-01 1.00e+00h  1
1518  3.8136724e+00 6.25e-01 3.03e-01  -4.4 8.70e-01    -  9.48e-01 1.00e+00h  1
1519  3.7555551e+00 1.54e+00 7.66e-02  -4.7 1.30e+00    -  1.00e+00 9.98e-01h  1
iter    objective    inf_pr   inf_du lg(mu)  ||d||  lg(rg) alpha_du alpha_pr  ls
1520  3.8755501e+00 6.31e+00 8.25e-01  -4.4 3.07e+00    -  1.00e+00 9.30e-01h  1
1521  3.8940886e+00 1.20e+01 2.00e+00  -4.5 1.12e+01    -  7.17e-01 3.83e-01h  1
1522  3.7759043e+00 4.60e+00 1.27e+00  -4.5 1.51e+00    -  1.00e+00 1.00e+00h  1
1523  3.7845199e+00 9.83e+00 4.10e-01  -4.5 1.70e+00    -  5.30e-01 9.39e-01h  1
1524  3.7258428e+00 1.56e+00 8.59e-01  -4.5 1.47e+00    -  1.00e+00 1.00e+00h  1
1525  3.6445509e+00 1.37e+01 4.82e-01  -4.7 2.08e+00    -  1.00e+00 1.00e+00h  1
1526  3.6491918e+00 1.74e+01 1.11e+00  -4.7 1.09e+01    -  2.71e-01 6.42e-01H  1
1527  3.8789723e+00 4.61e+01 4.94e-01  -4.4 6.57e+00    -  3.03e-01 1.00e+00h  1
1528  4.1114650e+00 3.68e+01 1.24e+00  -4.7 1.42e+01    -  1.45e-01 2.61e-01h  1
1529  3.5953432e+00 1.58e+01 3.48e-01  -4.7 3.61e+00    -  7.92e-01 8.33e-01h  1
iter    objective    inf_pr   inf_du lg(mu)  ||d||  lg(rg) alpha_du alpha_pr  ls
1530  3.7688311e+00 6.50e+00 2.27e-01  -4.4 5.53e+00    -  1.94e-01 4.88e-01H  1
1531  3.6330184e+00 6.27e+00 4.98e-01  -4.7 5.43e+00    -  5.27e-01 4.48e-01h  1
1532  3.6418094e+00 6.09e+00 8.98e-01  -4.4 1.08e+01    -  2.71e-01 1.42e-01h  3
1533  3.5355882e+00 1.07e+01 1.07e+00  -4.6 3.63e+00    -  4.73e-01 7.41e-01h  1
1534  3.7522204e+00 2.09e+01 6.20e-01  -4.3 1.03e+01    -  3.76e-01 3.64e-01h  2
1535  3.7427831e+00 3.17e+01 1.34e+00  -4.6 1.37e+01    -  7.23e-01 2.68e-01h  1
1536  3.5760843e+00 1.83e+01 1.14e+00  -4.6 1.86e+00    -  4.39e-02 1.00e+00h  1
1537  3.5545440e+00 1.88e+01 6.36e-01  -4.6 1.41e+00    -  1.00e+00 1.00e+00h  1
1538  3.4366605e+00 1.14e+01 1.35e+00  -4.7 3.10e+00    -  1.00e+00 1.00e+00h  1
1539  3.8094641e+00 4.29e+01 1.78e+00  -4.4 1.56e+01    -  1.76e-01 3.83e-01h  1
iter    objective    inf_pr   inf_du lg(mu)  ||d||  lg(rg) alpha_du alpha_pr  ls
1540  3.8028853e+00 3.21e+01 1.42e+00  -4.7 7.41e+00    -  3.61e-01 3.23e-01h  1
1541  3.4331019e+00 1.72e+01 6.40e-01  -4.7 4.15e+00    -  1.39e-01 9.43e-01h  1
1542  3.7245656e+00 3.71e+01 3.71e-01  -4.8 2.68e+00    -  3.96e-01 5.94e-01h  1
1543  3.3948446e+00 9.84e+00 9.56e-01  -4.8 1.34e+00    -  3.08e-01 1.00e+00h  1
1544  3.3567797e+00 2.09e+00 2.42e-01  -4.9 1.10e+00    -  1.00e+00 1.00e+00h  1
1545  3.6249235e+00 3.44e+01 7.87e-01  -4.4 2.49e+01    -  1.85e-01 2.09e-01h  2
1546  3.5568463e+00 3.10e+01 1.39e+00  -4.9 1.40e+01    -  2.59e-01 1.30e-01h  1
1547  3.4258208e+00 2.89e+01 2.45e+00  -4.9 2.38e+01    -  1.91e-01 1.42e-01h  1
1548  3.3366793e+00 2.77e+01 3.01e+00  -4.9 2.98e+01    -  1.39e-01 9.37e-02h  1
1549  3.5012290e+00 2.24e+01 1.89e+00  -4.6 4.23e+00    -  6.18e-01 5.40e-01h  1
iter    objective    inf_pr   inf_du lg(mu)  ||d||  lg(rg) alpha_du alpha_pr  ls
1550  3.3212820e+00 2.37e+01 9.16e-01  -4.7 2.52e+00    -  1.00e+00 6.66e-01h  1
1551  3.5326084e+00 3.32e+01 6.31e-01  -4.7 2.73e+00    -  2.57e-01 5.69e-01h  1
1552  3.3059711e+00 1.26e+01 6.80e-01  -4.8 1.23e+00    -  2.89e-01 5.51e-01h  1
1553  3.2333467e+00 5.01e+00 3.09e-01  -4.8 1.02e+00    -  1.00e+00 1.00e+00h  1
1554  3.2072455e+00 6.81e-01 2.78e-01  -4.9 1.06e+00    -  1.00e+00 1.00e+00h  1
1555  3.3863438e+00 1.68e+01 6.52e-01  -4.6 7.61e+00    -  4.78e-01 4.64e-01h  1
1556  3.3346011e+00 1.48e+01 1.65e+00  -4.8 1.78e+01    -  1.85e-01 2.08e-01h  1
1557  3.2762553e+00 1.46e+01 1.94e+00  -4.8 1.81e+01    -  5.04e-01 1.21e-01h  1
1558  3.2278912e+00 1.46e+01 1.95e+00  -4.8 1.83e+01    -  2.41e-01 8.99e-02h  1
1559  3.1751820e+00 1.55e+01 1.56e+00  -4.8 1.16e+01    -  1.10e-01 2.91e-01H  1
iter    objective    inf_pr   inf_du lg(mu)  ||d||  lg(rg) alpha_du alpha_pr  ls
1560  3.6255067e+00 1.43e+01 5.23e-01  -4.5 7.25e+00    -  2.94e-01 7.40e-01H  1
1561  3.4556556e+00 1.79e+01 5.61e-01  -4.8 9.27e+00    -  4.34e-01 2.67e-01h  1
1562  3.2639986e+00 2.39e+01 8.38e-01  -4.8 7.72e+00    -  1.93e-01 3.24e-01h  1
1563  3.1447921e+00 2.03e+01 4.91e-01  -4.8 6.83e+00    -  1.88e-01 2.24e-01h  1
1564  3.6190293e+00 8.51e+00 1.75e+00  -4.5 5.30e+00    -  3.16e-01 1.00e+00H  1
1565  3.5221911e+00 1.18e+01 1.12e+00  -4.7 8.95e+00    -  3.28e-01 2.10e-01h  1
1566  3.3446895e+00 9.66e+00 6.55e-01  -4.7 6.62e+00    -  4.43e-01 2.12e-01h  1
1567  3.2507105e+00 1.72e+01 4.84e-01  -4.7 1.20e+01    -  1.95e-01 1.15e-01h  2
1568  3.1537341e+00 1.34e+01 5.95e-01  -4.7 2.99e+00    -  8.87e-01 8.07e-01h  1
1569  3.8340655e+00 2.04e+01 4.69e-01  -4.5 6.66e+00    -  2.96e-01 8.58e-01H  1
iter    objective    inf_pr   inf_du lg(mu)  ||d||  lg(rg) alpha_du alpha_pr  ls
1570  3.5895199e+00 2.36e+01 8.85e-01  -4.7 7.17e+00    -  3.46e-01 4.97e-01h  1
1571  3.2416423e+00 2.37e+01 6.02e-01  -4.7 5.16e+00    -  1.61e-01 3.59e-01h  1
1572  3.1464062e+00 2.03e+01 6.70e-01  -4.7 2.93e+00    -  2.81e-01 4.41e-01h  1
1573  3.1864522e+00 3.70e+01 5.25e-01  -4.7 1.20e+00    -  7.84e-01 1.00e+00h  1
1574  3.1170366e+00 1.13e+01 2.93e-01  -4.7 7.73e-01    -  8.35e-01 1.00e+00h  1
1575  3.0672258e+00 2.10e+00 2.83e-01  -4.9 1.08e+00    -  1.00e+00 1.00e+00h  1
1576  3.0861129e+00 2.27e+00 3.28e-01  -4.7 3.93e+00    -  4.91e-01 1.25e-01h  4
1577  3.0383654e+00 8.54e+00 3.67e-01  -4.9 3.25e+00    -  9.28e-01 5.20e-01h  1
1578  3.0278752e+00 1.32e+01 4.44e-01  -4.9 9.23e+00    -  3.35e-01 3.88e-01H  1
1579  3.3959332e+00 3.55e+01 9.53e-01  -4.6 5.04e+00    -  4.00e-01 9.67e-01H  1
iter    objective    inf_pr   inf_du lg(mu)  ||d||  lg(rg) alpha_du alpha_pr  ls
1580  3.3295121e+00 3.06e+01 1.05e+00  -4.8 9.54e+00    -  9.59e-02 1.50e-01h  2
1581  3.0315444e+00 2.54e+01 8.00e-01  -4.8 3.86e+00    -  4.49e-01 1.00e+00h  1
1582  3.0245459e+00 2.28e+01 8.07e-01  -4.8 5.96e+00    -  2.90e-01 1.56e-01h  2
1583  2.9738685e+00 6.06e+00 1.58e-01  -4.9 1.63e+00    -  1.00e+00 1.00e+00h  1
1584  2.9381514e+00 1.12e+00 1.14e-01  -5.1 8.91e-01    -  1.00e+00 1.00e+00h  1
1585  3.1432393e+00 6.00e+00 3.35e-01  -4.8 2.75e+00    -  4.92e-01 8.43e-01H  1
1586  2.9792442e+00 1.08e+01 3.77e-01  -4.9 2.81e+00    -  8.63e-01 9.72e-01h  1
1587  2.9626101e+00 1.76e+01 4.13e-01  -5.0 5.68e+00    -  1.67e-01 2.76e-01h  1
1588  2.9056203e+00 9.02e+00 2.34e-01  -5.0 1.54e+00    -  6.76e-01 4.80e-01h  1
1589  3.0165086e+00 1.57e+01 2.38e-01  -4.6 2.97e+00    -  7.68e-01 1.00e+00h  1
iter    objective    inf_pr   inf_du lg(mu)  ||d||  lg(rg) alpha_du alpha_pr  ls
1590  3.9015203e+00 3.36e+01 6.31e-01  -4.8 4.97e+00    -  6.99e-01 8.29e-01h  1
1591  3.0748704e+00 1.66e+01 2.32e-01  -4.8 3.00e+00    -  6.39e-02 6.73e-01h  1
1592  2.9612001e+00 5.69e+01 1.67e+00  -4.8 1.78e+00    -  3.69e-01 1.00e+00h  1
1593  2.9510047e+00 4.50e+01 1.09e+00  -4.8 9.21e-01    -  4.23e-01 2.11e-01h  1
1594  2.9505103e+00 2.27e+00 2.11e+00  -4.8 1.04e+00    -  1.00e+00 1.00e+00h  1
1595  2.8962694e+00 5.46e+00 1.46e-01  -5.1 1.37e+00    -  1.00e+00 1.00e+00h  1
1596  2.9130930e+00 5.97e+00 2.93e-01  -4.8 1.69e+01    -  1.78e-01 1.14e-01h  3
1597  2.8655886e+00 3.91e+01 3.48e-01  -5.1 3.32e+00    -  7.13e-01 5.68e-01h  1
1598  2.9038759e+00 3.28e+01 3.98e-01  -4.7 1.09e+01    -  6.35e-01 2.10e-01h  2
1599  2.8958117e+00 2.86e+01 2.75e-01  -4.9 9.59e+00    -  2.21e-01 1.49e-01h  1
iter    objective    inf_pr   inf_du lg(mu)  ||d||  lg(rg) alpha_du alpha_pr  ls
1600  2.8942956e+00 9.21e+00 1.56e-01  -4.9 1.59e+00    -  6.39e-01 1.00e+00h  1
1601  2.8368719e+00 2.21e+01 2.77e-01  -5.0 1.17e+00    -  1.00e+00 1.00e+00h  1
1602  2.8677741e+00 1.88e+01 2.02e-01  -4.8 6.11e+00    -  3.14e-01 1.44e-01h  3
1603  2.8502652e+00 1.37e+01 3.81e-01  -5.0 9.80e+00    -  6.94e-01 3.43e-01H  1
1604  2.8157417e+00 9.38e+00 3.91e-01  -5.0 7.54e+00    -  5.46e-01 2.78e-01h  1
1605  2.8343832e+00 2.62e+01 4.22e-01  -4.7 2.59e+01    -  1.21e-01 1.45e-01h  1
1606  2.7876471e+00 1.95e+01 4.95e-01  -5.1 6.13e+00    -  3.92e-01 2.76e-01h  1
1607  2.8400405e+00 1.64e+01 4.96e-01  -4.7 6.10e+00    -  2.69e-01 1.72e-01h  3
1608  2.7613790e+00 8.72e+00 4.36e-01  -5.0 4.82e+00    -  6.38e-01 4.91e-01h  1
1609  2.9459025e+00 2.74e+01 3.66e-01  -4.6 1.49e+01    -  1.34e-01 1.95e-01h  2
iter    objective    inf_pr   inf_du lg(mu)  ||d||  lg(rg) alpha_du alpha_pr  ls
1610  2.8605370e+00 2.28e+01 3.91e-01  -5.0 1.18e+01    -  2.53e-01 1.74e-01h  1
1611  3.3423482e+00 1.54e+01 5.92e-01  -5.0 1.27e+01    -  2.95e-01 4.06e-01H  1
1612  2.8894575e+00 9.06e+00 5.31e-01  -5.0 2.68e+00    -  2.75e-01 4.18e-01h  1
1613  2.7480147e+00 5.61e+00 2.72e-01  -5.0 2.06e+00    -  2.82e-01 4.03e-01h  1
1614  2.6890492e+00 2.95e+00 1.91e-01  -5.0 1.50e+00    -  9.82e-01 1.00e+00h  1
1615  2.6473689e+00 2.81e+00 1.60e-01  -5.2 1.38e+00    -  1.00e+00 1.00e+00h  1
1616  2.8965004e+00 2.41e+00 6.51e-01  -5.0 4.60e+00    -  5.79e-01 9.65e-01H  1
1617  2.6417805e+00 1.00e+01 1.62e-01  -5.2 2.78e+00    -  4.99e-01 1.00e+00h  1
1618  2.8672998e+00 5.85e+00 3.19e-01  -4.9 3.18e+00    -  2.57e-01 7.04e-01H  1
1619  2.6335615e+00 6.57e+00 1.95e-01  -5.1 2.22e+00    -  3.35e-01 1.00e+00h  1
iter    objective    inf_pr   inf_du lg(mu)  ||d||  lg(rg) alpha_du alpha_pr  ls
1620  2.8405324e+00 2.25e+01 2.15e-01  -4.7 1.03e+01    -  1.78e-01 3.66e-01h  2
1621  2.8365489e+00 1.88e+01 2.35e-01  -5.1 5.14e+00    -  4.62e-01 4.66e-01h  1
1622  2.6581465e+00 1.20e+01 1.86e-01  -5.1 3.47e+00    -  4.69e-01 5.43e-01h  1
1623  2.6097415e+00 1.01e+01 2.01e-01  -5.1 5.74e+00    -  2.44e-01 1.60e-01h  1
1624  2.5861674e+00 3.69e+00 1.65e-01  -5.5 5.77e-01    -  1.00e+00 1.00e+00h  1
1625  2.6160047e+00 1.01e+01 7.84e-01  -5.2 1.29e+00    -  7.55e-01 1.00e+00H  1
1626  2.5760814e+00 1.16e+00 4.35e-01  -5.4 7.35e-01    -  1.00e+00 1.00e+00h  1
1627  2.6034661e+00 2.15e+00 2.77e-01  -5.0 1.96e+00    -  5.28e-01 4.08e-01h  2
1628  2.5923239e+00 2.45e+01 1.70e-01  -5.2 1.22e+00    -  1.00e+00 5.59e-01h  1
1629  2.5711296e+00 4.44e+00 6.79e-02  -5.2 1.02e+00    -  3.98e-01 1.00e+00h  1
iter    objective    inf_pr   inf_du lg(mu)  ||d||  lg(rg) alpha_du alpha_pr  ls
1630  2.5560678e+00 2.85e+00 1.43e-01  -5.5 1.62e+00    -  4.73e-01 3.96e-01h  2
1631  2.6723169e+00 5.26e-01 1.77e-01  -5.1 2.66e+00    -  5.22e-01 1.00e+00H  1
1632  2.6180242e+00 2.39e+01 2.75e-01  -5.2 6.33e+00    -  6.68e-01 4.65e-01h  1
1633  2.5828827e+00 1.75e+01 3.53e-01  -5.3 8.53e+00    -  1.08e-01 2.00e-01h  1
1634  2.5379871e+00 1.26e+01 2.07e-01  -5.3 2.82e+00    -  3.87e-01 4.46e-01h  1
1635  2.5926077e+00 5.76e+00 2.94e-01  -5.2 2.71e+00    -  9.36e-02 5.31e-01h  1
1636  2.4952703e+00 2.14e+00 2.21e-01  -5.3 1.19e+00    -  7.69e-02 8.79e-01h  1
1637  2.5589874e+00 7.50e+00 2.63e-01  -4.9 2.16e+00    -  5.07e-01 7.98e-01f  1
1638  2.7518895e+00 4.46e+01 1.59e-01  -5.1 7.40e+00    -  2.08e-02 4.21e-01h  1
1639  2.5432227e+00 8.12e+00 2.78e-01  -5.1 1.85e+00    -  7.90e-01 1.00e+00h  1
iter    objective    inf_pr   inf_du lg(mu)  ||d||  lg(rg) alpha_du alpha_pr  ls
1640  2.5018749e+00 4.11e+00 1.48e-01  -5.1 2.43e+00    -  1.42e-01 3.49e-01h  2
1641  2.5051276e+00 3.49e+00 1.48e-01  -5.1 3.30e+00    -  4.55e-01 1.68e-01h  3
1642  2.5007102e+00 4.27e+00 6.26e-02  -5.1 3.26e-01    -  1.00e+00 1.00e+00h  1
1643  2.4739673e+00 1.19e+01 3.93e-01  -5.3 1.06e+00    -  1.00e+00 1.00e+00h  1
1644  2.5122043e+00 1.60e+01 9.23e-01  -5.0 7.92e+00    -  2.25e-01 1.50e-01h  3
1645  2.4917208e+00 9.45e+00 9.56e-01  -5.3 1.20e+01    -  3.64e-01 3.46e-01H  1
1646  2.4782200e+00 8.96e+00 1.00e+00  -5.3 2.64e+01    -  3.15e-01 3.68e-02h  1
1647  2.4352280e+00 1.01e+01 8.56e-01  -5.3 2.23e+01    -  1.81e-01 1.78e-01h  1
1648  2.5797669e+00 1.34e+01 7.59e-01  -4.7 1.58e+01    -  1.14e-01 1.65e-01h  1
1649  2.5462322e+00 1.28e+01 7.08e-01  -5.2 8.97e+00    -  1.73e-01 7.90e-02h  1
iter    objective    inf_pr   inf_du lg(mu)  ||d||  lg(rg) alpha_du alpha_pr  ls
1650  2.4445017e+00 1.24e+01 5.43e-01  -5.2 7.39e+00    -  2.47e-01 3.29e-01h  1
1651  2.4084550e+00 1.45e+01 5.25e-01  -5.2 1.31e+01    -  1.42e-01 1.44e-01h  1
1652  2.4768045e+00 1.43e+01 5.52e-01  -4.9 3.77e+00    -  1.96e-01 5.43e-01h  1
1653  2.4399680e+00 1.22e+01 5.82e-01  -5.2 5.20e+00    -  3.06e-02 1.82e-01h  1
1654  2.3891174e+00 2.57e+01 3.23e-01  -5.2 4.91e+00    -  4.36e-01 4.44e-01h  1
1655  2.4206985e+00 2.27e+01 2.83e-01  -4.9 5.92e+00    -  1.47e-01 2.36e-01h  1
1656  2.3908754e+00 1.75e+01 3.94e-01  -5.2 5.69e+00    -  3.25e-02 2.52e-01h  1
1657  2.4539185e+00 1.25e+01 3.30e-01  -4.9 3.84e+00    -  3.49e-01 5.01e-01h  1
1658  2.5755800e+00 1.92e+01 6.72e-01  -5.1 1.82e+01    -  1.51e-01 1.73e-01h  1
1659  2.3606209e+00 8.15e+00 5.09e-01  -5.1 2.11e+00    -  1.95e-02 1.00e+00h  1
iter    objective    inf_pr   inf_du lg(mu)  ||d||  lg(rg) alpha_du alpha_pr  ls
1660  2.4077253e+00 2.15e+01 4.07e-01  -5.0 1.98e+00    -  5.23e-01 4.27e-01h  1
1661  2.4249203e+00 6.49e+00 3.15e-01  -5.0 1.03e+00    -  3.23e-01 1.00e+00h  1
1662  2.3685159e+00 2.32e+00 2.82e-01  -5.2 9.24e-01    -  1.00e+00 1.00e+00h  1
1663  2.4697015e+00 7.11e+00 1.50e-01  -4.9 2.38e+00    -  3.95e-01 7.94e-01h  1
1664  2.8932924e+00 9.34e+00 2.33e-01  -5.1 3.76e+00    -  1.93e-01 4.77e-01H  1
1665  2.3567344e+00 4.18e+00 6.17e-01  -5.1 2.04e+00    -  2.43e-01 1.00e+00h  1
1666  2.3396025e+00 2.27e+00 1.24e-01  -5.2 6.13e-01    -  1.00e+00 1.00e+00h  1
1667  2.4385218e+00 1.03e+01 3.58e-01  -5.0 5.68e+00    -  4.91e-01 4.44e-01h  2
1668  2.4164062e+00 8.80e+00 1.17e+00  -5.2 1.41e+01    -  2.95e-01 2.32e-01h  1
1669  2.3533976e+00 2.32e+01 1.25e+00  -5.2 8.03e+00    -  2.79e-01 3.39e-01h  1
iter    objective    inf_pr   inf_du lg(mu)  ||d||  lg(rg) alpha_du alpha_pr  ls
1670  2.3445386e+00 2.54e+01 1.20e+00  -5.2 1.23e+01    -  1.33e-01 1.69e-01h  1
1671  2.3305577e+00 6.85e+00 5.57e-01  -5.2 3.06e+00    -  2.23e-01 1.00e+00h  1
1672  2.3046273e+00 3.73e+00 2.19e-01  -5.3 9.81e-01    -  2.29e-01 1.00e+00h  1
1673  2.3069211e+00 7.61e-01 2.36e-01  -5.2 6.22e-01    -  7.06e-01 1.00e+00h  1
1674  2.3046113e+00 1.23e+00 3.98e-01  -5.3 2.11e+00    -  7.73e-02 2.86e-01h  1
1675  2.2723709e+00 9.82e-01 2.32e-01  -5.3 7.59e-01    -  1.00e+00 1.00e+00h  1
1676  2.4251495e+00 9.83e-01 1.32e-01  -5.1 2.86e+00    -  6.31e-01 1.00e+00H  1
1677  2.2713222e+00 5.57e+00 4.31e-01  -5.3 2.96e+00    -  7.94e-01 9.29e-01h  1
1678  2.5038489e+00 3.90e+00 3.08e-01  -5.0 3.97e+00    -  2.02e-01 3.59e-01H  1
1679  2.2556381e+00 3.12e+00 1.72e-01  -5.3 1.39e+00    -  4.35e-01 1.00e+00h  1
iter    objective    inf_pr   inf_du lg(mu)  ||d||  lg(rg) alpha_du alpha_pr  ls
1680  2.3177708e+00 9.91e-01 2.87e-01  -5.3 7.12e-01    -  6.64e-01 9.84e-01h  1
1681  2.3229947e+00 5.43e+00 2.18e-01  -4.9 2.02e+00    -  7.13e-02 1.00e+00h  1
1682  2.3591813e+00 4.86e+00 2.78e-01  -5.3 4.06e+00    -  6.82e-02 2.26e-01h  1
1683  2.3445715e+00 3.85e+00 7.08e-01  -5.3 2.53e+00    -  3.10e-04 2.68e-01h  1
1684  2.3418219e+00 3.42e+00 6.04e-01  -5.3 2.44e+00    -  6.02e-02 1.48e-01h  1
1685  2.3099333e+00 1.01e+00 5.70e+00  -5.3 1.17e+00    -  1.96e-04 1.00e+00h  1
1686  2.2540671e+00 1.25e+00 1.61e+00  -7.3 1.42e+00    -  3.07e-01 7.17e-01h  1
1687  2.2407415e+00 3.24e+00 4.78e-01  -5.4 2.48e+00    -  5.02e-01 7.04e-01h  1
1688  2.2477069e+00 2.99e+00 4.30e-01  -5.0 3.68e+00    -  3.66e-01 1.00e-01h  3
1689  2.2183287e+00 1.33e+00 2.27e-01  -5.4 5.82e-01    -  1.00e+00 1.00e+00h  1
iter    objective    inf_pr   inf_du lg(mu)  ||d||  lg(rg) alpha_du alpha_pr  ls
1690  2.2574859e+00 1.06e+00 1.75e-01  -5.2 1.15e+00    -  6.90e-01 1.00e+00H  1
1691  2.3572714e+00 1.14e+01 6.80e-01  -5.0 7.68e+00    -  3.35e-01 3.80e-01h  1
1692  2.3375616e+00 1.03e+01 1.14e+00  -5.2 1.58e+01    -  3.04e-01 1.44e-01h  1
1693  2.2590255e+00 7.31e+00 1.21e+00  -5.2 4.77e+00    -  3.29e-01 5.12e-01h  1
1694  2.2337072e+00 7.45e+00 1.00e+00  -5.2 1.35e+01    -  2.07e-01 8.90e-02h  2
1695  2.2189851e+00 6.28e+00 3.63e-01  -5.2 4.92e+00    -  7.28e-01 4.41e-01H  1
1696  2.2206659e+00 3.42e+00 3.04e-01  -5.2 2.65e+00    -  4.20e-01 4.69e-01h  1
1697  2.2012307e+00 1.84e+00 2.01e-01  -5.2 1.52e+00    -  3.37e-02 6.83e-01h  1
1698  2.2752039e+00 4.97e+00 2.34e-01  -5.0 5.89e+00    -  2.40e-01 3.78e-01h  2
1699  2.2993740e+00 4.44e+00 5.58e-01  -5.2 7.48e+00    -  4.61e-01 3.06e-01h  1
iter    objective    inf_pr   inf_du lg(mu)  ||d||  lg(rg) alpha_du alpha_pr  ls
1700  2.1919138e+00 1.97e+00 3.94e-01  -5.2 1.94e+00    -  8.93e-01 9.69e-01h  1
1701  2.4098604e+00 2.76e+00 2.42e-01  -5.0 4.57e+00    -  2.88e-01 1.00e+00H  1
1702  2.3924155e+00 1.03e+01 1.62e-01  -5.2 6.72e+00  -5.9 4.41e-01 3.42e-01h  2
1703  2.2568225e+00 7.27e+00 2.13e-01  -5.2 5.48e+00    -  3.49e-01 4.02e-01h  1
1704  2.2373887e+00 6.94e+00 1.54e-01  -5.2 1.15e+01    -  2.03e-01 5.65e-02h  3
1705  2.2030491e+00 4.15e+00 8.50e-02  -5.2 1.64e+00    -  1.00e+00 5.34e-01h  1
1706  2.1950941e+00 4.31e+00 4.22e-01  -5.2 7.07e+00    -  2.79e-01 1.40e-01h  1
1707  2.1793365e+00 4.43e-01 2.95e-01  -5.2 1.09e+00    -  1.00e+00 1.00e+00h  1
1708  2.2003675e+00 1.24e+00 3.78e-01  -5.2 2.01e+00    -  3.81e-01 8.62e-01h  1
1709  2.2327675e+00 4.53e+00 2.16e-01  -5.0 2.61e+00    -  4.06e-01 1.00e+00h  1
iter    objective    inf_pr   inf_du lg(mu)  ||d||  lg(rg) alpha_du alpha_pr  ls
1710  2.4242191e+00 3.94e+00 3.29e-01  -5.2 4.66e+00    -  3.78e-02 3.02e-01h  1
1711  2.3643150e+00 3.30e+00 8.32e-01  -5.2 3.08e+00    -  3.89e-04 1.74e-01h  1
1712  2.3394514e+00 3.01e+00 7.60e-01  -5.2 6.60e+00    -  5.43e-03 8.77e-02h  1
1713  2.2514830e+00 8.18e+00 5.06e-01  -5.2 1.63e+00    -  2.82e-03 8.70e-01h  1
1714  2.1721149e+00 1.55e+00 1.25e-01  -5.2 2.10e+00    -  5.65e-02 8.53e-01h  1
1715  2.2137879e+00 7.89e-01 2.36e-01  -5.2 7.46e-01    -  1.00e+00 1.00e+00h  1
1716  2.1881230e+00 5.75e-01 5.92e-02  -4.9 1.07e+00    -  8.72e-01 1.00e+00h  1
1717  2.1659920e+00 8.32e-01 1.57e-01  -5.5 1.40e+00    -  1.00e+00 1.00e+00h  1
1718  2.4673142e+00 7.98e-01 6.71e-01  -5.0 4.08e+00    -  3.88e-01 1.00e+00H  1
1719  2.3821548e+00 6.51e+00 2.21e-01  -5.3 1.53e+01    -  3.83e-01 2.23e-01h  1
iter    objective    inf_pr   inf_du lg(mu)  ||d||  lg(rg) alpha_du alpha_pr  ls
1720  2.2211348e+00 1.55e+01 5.83e-01  -5.3 2.51e+01    -  1.46e-01 1.57e-01h  1
1721  2.1959890e+00 1.48e+01 6.68e-01  -5.3 1.17e+01    -  1.70e-01 4.22e-02h  1
1722  2.1690552e+00 1.25e+01 6.58e-01  -5.3 9.77e+00    -  1.55e-01 1.79e-01h  1
1723  2.1431729e+00 1.06e+01 5.74e-01  -5.3 6.59e+00    -  7.99e-02 1.47e-01h  1
1724  2.1835884e+00 1.11e+01 4.27e-01  -5.1 5.41e+00    -  1.16e-01 5.77e-01h  1
1725  2.1672831e+00 1.05e+01 4.96e-01  -5.4 9.77e+00    -  2.00e-01 5.60e-02h  1
1726  2.1394077e+00 9.00e+00 5.63e-01  -5.4 6.16e+00    -  2.32e-01 1.60e-01h  1
1727  2.1648686e+00 8.31e+00 4.93e-01  -4.9 1.10e+01    -  1.36e-01 1.03e-01h  3
1728  2.1534800e+00 8.04e+00 5.22e-01  -5.3 1.43e+01    -  2.98e-01 3.53e-02h  1
1729  2.1369146e+00 7.60e+00 5.67e-01  -5.3 1.32e+01    -  7.03e-01 6.37e-02h  1
iter    objective    inf_pr   inf_du lg(mu)  ||d||  lg(rg) alpha_du alpha_pr  ls
1730  2.1592673e+00 6.88e+00 6.55e-01  -5.0 1.62e+01    -  3.30e-01 1.35e-01h  2
1731  2.1255120e+00 5.75e+00 6.30e-01  -5.3 7.66e+00    -  5.87e-01 2.04e-01h  1
1732  3.3575264e+00 1.45e+02 9.62e-01  -4.3 1.18e+02    -  3.79e-02 9.51e-02h  1
1733  3.1514399e+00 1.30e+02 8.99e-01  -5.2 4.49e+01    -  1.04e-01 1.19e-01h  1
1734  2.9619309e+00 1.24e+02 8.58e-01  -5.2 3.24e+01    -  6.46e-02 4.68e-02h  1
1735  2.7234132e+00 1.20e+02 7.14e-01  -5.2 3.04e+01    -  4.63e-02 5.87e-02h  1
1736  2.6523839e+00 1.17e+02 4.69e-01  -5.2 3.14e+01    -  4.34e-02 1.03e-01h  1
1737  2.5250731e+00 1.09e+02 5.01e-01  -5.2 1.24e+01    -  1.58e-01 7.79e-02h  1
1738  2.3396210e+00 9.84e+01 2.42e-01  -5.2 1.56e+01    -  8.21e-02 1.37e-01h  1
1739  2.3121734e+00 9.61e+01 2.36e-01  -5.2 8.66e+00    -  1.05e-01 2.31e-02h  1
iter    objective    inf_pr   inf_du lg(mu)  ||d||  lg(rg) alpha_du alpha_pr  ls
1740  2.2156259e+00 8.11e+01 2.03e-01  -5.2 7.14e+00    -  1.48e-01 1.61e-01h  1
1741  2.1546170e+00 6.84e+01 1.97e-01  -5.2 4.04e+00    -  5.91e-01 1.58e-01h  1
1742  2.0999550e+00 4.94e+01 8.34e-02  -5.2 4.11e+00    -  2.39e-01 2.84e-01h  1
1743  2.2178672e+00 1.61e+01 4.32e-01  -4.9 2.73e+00    -  3.58e-01 7.51e-01h  1
1744  2.1639629e+00 1.31e+01 3.25e-01  -5.2 4.27e+00    -  7.95e-01 2.18e-01h  1
1745  2.1250277e+00 1.41e+01 1.12e-01  -5.2 7.13e+00    -  3.96e-01 3.33e-01H  1
1746  2.3501519e+00 1.12e+01 1.25e-01  -4.9 2.67e+00    -  3.32e-01 6.11e-01h  1
1747  2.1069273e+00 5.08e+00 8.75e-02  -5.2 1.06e+00    -  4.20e-01 7.99e-01h  1
1748  2.0804403e+00 3.63e+00 1.60e-01  -5.1 1.37e+00    -  4.45e-01 6.58e-01h  1
1749  2.0778137e+00 3.86e-02 3.56e-02  -5.1 1.99e-01    -  1.00e+00 1.00e+00h  1
iter    objective    inf_pr   inf_du lg(mu)  ||d||  lg(rg) alpha_du alpha_pr  ls
1750  2.0648740e+00 4.21e-01 8.60e-02  -5.2 5.61e-01    -  1.00e+00 9.87e-01h  1
1751  2.1089572e+00 2.10e+00 1.35e-01  -5.0 6.94e+00    -  4.71e-01 1.85e-01h  3
1752  2.0769873e+00 6.41e+00 8.13e-02  -5.2 1.01e+01    -  5.13e-01 2.56e-01h  1
1753  2.0621962e+00 6.24e+00 1.15e-01  -5.2 1.42e+01    -  3.63e-01 8.24e-02h  1
1754  2.1269476e+00 7.38e+00 1.45e-01  -4.9 8.48e+00    -  2.01e-01 2.14e-01h  2
1755  2.1098600e+00 7.48e+00 1.96e-01  -5.2 2.63e+01    -  3.16e-01 1.19e-01h  1
1756  2.0811795e+00 5.83e+00 1.75e-01  -5.2 2.73e+00    -  4.45e-01 2.62e-01h  1
1757  2.0471239e+00 5.60e+00 2.35e-01  -5.2 3.05e+00    -  2.20e-01 5.84e-01H  1
1758  2.1874716e+00 1.81e+01 2.82e-01  -4.9 9.21e+00    -  4.56e-02 3.59e-01h  2
1759  2.1588796e+00 1.76e+01 3.03e-01  -5.2 2.09e+01    -  3.25e-01 8.99e-02h  1
iter    objective    inf_pr   inf_du lg(mu)  ||d||  lg(rg) alpha_du alpha_pr  ls
1760  2.1052247e+00 1.63e+01 2.89e-01  -5.2 6.95e+00    -  1.35e-01 1.70e-01h  1
1761  2.0750520e+00 1.56e+01 2.57e-01  -5.2 2.54e+01    -  1.45e-01 7.04e-02h  1
1762  2.0442972e+00 9.99e+00 1.76e-01  -5.2 2.25e+00    -  3.78e-01 4.05e-01h  1
1763  2.0957158e+00 1.19e+01 3.24e-01  -5.3 3.67e+00    -  1.17e-01 4.85e-01h  1
1764  2.0310141e+00 8.28e+00 2.65e-01  -5.3 1.69e+00    -  9.40e-01 3.43e-01h  1
1765  2.1178048e+00 1.76e+01 1.93e-01  -4.9 1.05e+01    -  1.36e-01 3.89e-01h  1
1766  2.1320119e+00 1.56e+01 1.68e-01  -5.3 1.32e+01    -  2.05e-01 1.65e-01h  1
1767  2.0137884e+00 9.80e+00 2.45e-01  -5.3 3.16e+00    -  3.64e-01 9.24e-01h  1
1768  2.0684398e+00 1.08e+01 5.95e-02  -5.0 1.25e+01    -  4.75e-02 1.87e-01h  1
1769  2.0318400e+00 1.06e+01 2.53e-01  -5.4 9.21e+00    -  1.69e-01 1.70e-01h  1
iter    objective    inf_pr   inf_du lg(mu)  ||d||  lg(rg) alpha_du alpha_pr  ls
1770  1.9950951e+00 9.83e+00 1.55e-01  -5.4 1.00e+01    -  9.94e-02 1.42e-01h  1
1771  2.0847452e+00 1.74e+01 9.26e-02  -5.0 9.83e+00    -  8.51e-02 2.83e-01h  1
1772  2.0635498e+00 1.57e+01 7.95e-02  -5.3 8.74e+00    -  2.25e-01 1.10e-01h  1
1773  2.0181404e+00 1.35e+01 6.48e-02  -5.3 6.60e+00    -  6.68e-01 2.23e-01h  1
1774  2.0010854e+00 1.24e+01 9.81e-02  -5.3 1.66e+01    -  8.63e-02 9.60e-02h  1
1775  1.9774886e+00 8.07e+00 1.14e-01  -5.3 3.18e+00    -  2.92e-01 3.88e-01h  1
1776  1.9966229e+00 7.69e+00 6.75e-02  -5.1 6.38e+00    -  2.50e-01 1.85e-01h  2
1777  2.1061469e+00 8.43e+00 2.21e-01  -5.3 5.28e+00    -  3.12e-01 4.16e-01h  1
1778  1.9845542e+00 4.72e+00 1.22e-01  -5.4 2.62e+00    -  1.79e-01 4.78e-01h  1
1779  1.9745013e+00 5.11e+00 2.63e-01  -5.6 6.59e+00    -  1.23e-01 1.24e-01h  1
iter    objective    inf_pr   inf_du lg(mu)  ||d||  lg(rg) alpha_du alpha_pr  ls
1780  2.0990199e+00 2.08e+01 4.15e-01  -5.1 5.55e+00    -  7.35e-01 1.00e+00h  1
1781  2.2163076e+00 1.41e+01 2.69e-01  -5.2 7.32e+00    -  5.17e-01 3.82e-01h  1
1782  1.9816168e+00 1.21e+01 1.35e-01  -5.2 4.07e+00    -  1.76e-03 1.00e+00h  1
1783  2.1581900e+00 7.27e+00 3.56e-01  -5.2 1.97e+00    -  1.51e-01 4.18e-01h  1
1784  2.0739347e+00 4.54e+00 2.70e-01  -5.2 1.05e+00    -  4.18e-02 4.07e-01h  1
1785  2.1036124e+00 5.71e+00 5.01e-01  -5.2 2.95e+00    -  7.66e-04 6.45e-01h  1
1786  2.1001724e+00 6.77e+00 2.27e-01  -5.2 9.71e-01    -  1.20e-01 1.00e+00h  1
1787  2.0022340e+00 1.71e+00 3.19e-01  -5.2 6.16e-01    -  1.91e-02 1.00e+00h  1
1788  1.9759766e+00 2.19e+00 9.77e-02  -6.4 1.49e+00    -  2.18e-01 9.96e-01h  1
1789  1.9654973e+00 2.07e+00 1.53e-01  -5.3 4.86e+00    -  5.63e-01 1.06e-01h  3
iter    objective    inf_pr   inf_du lg(mu)  ||d||  lg(rg) alpha_du alpha_pr  ls
1790  2.1261859e+00 1.28e+00 1.22e-01  -5.0 4.74e+00    -  5.88e-01 1.00e+00H  1
1791  2.1710865e+00 1.38e+00 1.78e-01  -5.2 7.38e+00    -  2.99e-01 1.35e-01h  2
1792  1.9875810e+00 1.30e+01 3.01e-01  -5.2 3.35e+00    -  5.47e-01 9.99e-01h  1
1793  2.0005029e+00 1.09e+01 4.90e-01  -5.2 3.71e+00    -  1.15e-01 1.60e-01h  2
1794  1.9928245e+00 8.61e-01 2.11e-01  -5.2 5.57e-01    -  1.00e+00 1.00e+00h  1
1795  1.9678287e+00 2.00e+00 9.93e-02  -5.4 2.14e+00    -  4.92e-01 4.97e-01h  2
1796  2.0673344e+00 3.04e+00 2.77e-01  -5.3 4.57e+00    -  1.00e+00 8.38e-01H  1
1797  1.9373980e+00 3.83e+00 2.38e-01  -5.4 1.10e+00    -  5.53e-01 1.00e+00h  1
1798  2.0161191e+00 1.90e+00 6.94e-01  -5.4 4.39e+00    -  4.07e-02 9.06e-01H  1
1799  2.0162675e+00 1.68e+01 3.54e-01  -5.4 4.07e+00    -  4.59e-02 1.49e-01h  2
iter    objective    inf_pr   inf_du lg(mu)  ||d||  lg(rg) alpha_du alpha_pr  ls
1800  1.9380480e+00 5.91e+00 2.77e-01  -5.4 2.77e+00    -  1.00e+00 8.40e-01h  1
1801  1.9300573e+00 5.68e+00 2.35e-01  -5.4 7.44e+00    -  1.92e-01 9.36e-02h  3
1802  1.9296675e+00 6.11e+00 1.66e-01  -5.4 1.81e+00    -  1.00e+00 6.66e-01h  1
1803  2.0800310e+00 2.23e+00 4.27e-01  -5.2 5.42e+00    -  4.03e-01 1.00e+00H  1
1804  2.0708067e+00 2.24e+00 3.75e-01  -5.4 2.08e+01    -  9.04e-02 3.33e-02h  4
1805  1.9599845e+00 1.64e+01 3.22e-01  -5.4 8.52e+00    -  1.18e-01 6.53e-01h  1
1806  1.9491759e+00 1.57e+01 2.93e-01  -5.4 1.58e+01    -  1.39e-04 4.02e-02h  2
1807  1.9349251e+00 1.46e+01 2.39e-01  -5.4 6.17e+00    -  2.39e-02 7.03e-02h  1
1808  1.9386516e+00 1.30e+01 2.68e-01  -5.4 7.56e+00    -  1.75e-01 1.24e-01h  2
1809  1.9118731e+00 6.78e+00 1.69e-01  -5.4 1.39e+00    -  7.65e-01 5.04e-01h  1
iter    objective    inf_pr   inf_du lg(mu)  ||d||  lg(rg) alpha_du alpha_pr  ls
1810  2.0759894e+00 3.40e+00 1.03e+00  -5.1 6.03e+00    -  6.38e-02 8.22e-01H  1
1811  2.0443794e+00 2.97e+00 1.09e+00  -5.4 1.40e+01    -  1.41e-01 9.06e-02h  1
1812  2.0201139e+00 2.77e+00 1.07e+00  -5.4 1.73e+01    -  1.47e-01 4.16e-02h  1
1813  1.9718143e+00 1.93e+00 6.71e-01  -5.4 4.52e+01    -  4.54e-02 5.47e-02h  2
1814  1.9322736e+00 1.94e+00 2.94e-01  -5.4 6.78e+00    -  1.39e-01 2.35e-01h  1
1815  1.9344526e+00 1.91e+00 7.60e-02  -5.1 6.96e+00    -  1.83e-01 1.22e-01h  2
1816  1.9095005e+00 1.92e+00 4.94e-02  -5.4 4.37e+00    -  2.81e-01 2.52e-01h  1
1817  1.9033099e+00 1.89e+00 7.35e-02  -5.3 1.01e+01    -  2.07e-01 3.71e-02h  4
1818  1.9892390e+00 6.17e+00 3.11e-01  -5.1 5.51e+00    -  1.84e-01 8.10e-01h  1
1819  1.9850755e+00 6.13e+00 1.50e-01  -5.4 3.60e+01    -  1.58e-01 4.48e-02h  1
iter    objective    inf_pr   inf_du lg(mu)  ||d||  lg(rg) alpha_du alpha_pr  ls
1820  1.9067055e+00 7.95e+00 1.18e-01  -5.4 7.73e+00    -  5.86e-01 5.44e-01h  1
1821  1.9061201e+00 7.90e+00 1.08e-01  -5.4 3.89e+01    -  8.04e-02 2.30e-02h  3
1822  1.8869428e+00 3.62e+00 2.69e-01  -5.4 2.11e+00    -  3.34e-01 5.85e-01h  1
1823  1.8704814e+00 2.62e+00 1.69e-01  -5.5 4.30e+00    -  1.76e-02 3.69e-01h  1
1824  1.9244601e+00 1.13e+01 2.03e-01  -5.4 1.57e+00    -  1.73e-01 7.61e-01h  1
1825  1.8655907e+00 6.85e+00 3.10e-01  -5.4 1.63e+00    -  3.84e-01 9.99e-01h  1
1826  1.8655212e+00 4.31e+00 1.72e-01  -5.5 4.88e+00    -  1.65e-01 3.34e-01h  1
1827  1.8579035e+00 2.66e+00 6.29e-02  -5.4 5.59e-01    -  5.65e-01 5.35e-01h  1
1828  1.8549909e+00 8.44e-01 7.04e-02  -5.4 1.04e+00    -  1.00e-01 1.00e+00h  1
1829  1.8785847e+00 3.88e+00 1.56e-01  -5.4 8.12e-01    -  9.75e-01 1.00e+00h  1
iter    objective    inf_pr   inf_du lg(mu)  ||d||  lg(rg) alpha_du alpha_pr  ls
1830  1.8718057e+00 6.26e-01 1.06e-01  -5.2 1.18e+00    -  3.97e-01 1.00e+00h  1
1831  1.8921427e+00 1.64e+00 2.95e-01  -5.4 1.83e+00    -  1.32e-01 2.86e-01h  1
1832  1.8610282e+00 1.23e+00 1.15e-01  -5.4 5.34e-01    -  7.81e-04 1.00e+00h  1
1833  1.8528098e+00 1.16e+00 3.40e-02  -5.6 7.00e-01    -  9.99e-01 1.00e+00h  1
1834  1.8540794e+00 1.10e+00 3.01e-02  -5.3 9.85e-01    -  8.76e-01 1.73e-01h  3
1835  1.8501332e+00 3.27e-01 5.82e-02  -5.4 8.83e-01    -  6.20e-01 9.35e-01h  1
1836  1.8323795e+00 9.14e+00 4.74e-02  -5.5 1.32e+00    -  1.00e+00 1.00e+00h  1
1837  1.8389372e+00 8.58e+00 4.24e-02  -5.2 6.59e+00    -  2.53e-01 5.99e-02h  4
1838  1.8308309e+00 7.90e+00 7.15e-02  -5.5 1.25e+01    -  3.47e-01 8.32e-02h  1
1839  1.8744977e+00 1.23e+01 8.20e-02  -5.2 8.88e+00    -  1.26e-01 1.85e-01f  2
iter    objective    inf_pr   inf_du lg(mu)  ||d||  lg(rg) alpha_du alpha_pr  ls
1840  1.8657000e+00 1.15e+01 1.14e-01  -5.5 2.32e+01    -  4.97e-01 6.19e-02h  1
1841  1.8538875e+00 9.18e+00 1.63e-01  -5.5 2.98e+01    -  2.24e-01 1.99e-01h  1
1842  1.8329640e+00 8.32e+00 1.79e-01  -5.5 3.15e+01    -  1.56e-01 9.19e-02h  1
1843  1.8162970e+00 7.77e+00 1.66e-01  -5.5 1.53e+01    -  2.44e-01 7.63e-02h  3
1844  1.7993617e+00 8.19e+00 1.83e-01  -5.5 1.03e+01    -  1.34e-01 1.90e-01h  2
1845  1.8155771e+00 7.18e+00 1.42e-01  -5.5 3.52e+00    -  1.42e-01 4.96e-01H  1
1846  1.7854821e+00 4.97e+00 7.90e-02  -5.5 2.26e+00    -  4.23e-01 3.66e-01h  1
1847  1.7817468e+00 7.07e+00 2.30e-01  -5.5 2.95e+00    -  1.93e-01 2.19e-01h  1
1848  1.8345222e+00 1.33e+01 1.84e-01  -5.2 3.57e+00    -  1.77e-01 7.44e-01h  1
1849  1.9210802e+00 3.07e+01 1.72e-01  -5.5 5.30e+00    -  5.64e-01 6.88e-01h  1
iter    objective    inf_pr   inf_du lg(mu)  ||d||  lg(rg) alpha_du alpha_pr  ls
1850  1.7894057e+00 7.83e+00 3.07e-01  -5.5 2.85e+00    -  2.28e-01 7.69e-01h  1
1851  1.7614437e+00 6.73e+00 2.84e-01  -5.5 3.44e+00    -  1.46e-01 2.60e-01h  1
1852  1.7905175e+00 6.48e+00 2.69e-01  -5.2 2.62e+00    -  1.00e+00 1.00e+00h  1
1853  2.1961958e+00 3.24e+00 2.45e-01  -5.3 4.26e+00    -  4.88e-01 6.82e-01H  1
1854  1.7935417e+00 5.40e+00 1.04e-01  -5.3 2.87e+00    -  2.27e-01 1.00e+00h  1
1855  1.7999545e+00 1.11e+00 2.42e-01  -5.3 8.60e-01    -  9.40e-01 1.00e+00h  1
1856  1.7730694e+00 2.56e+00 5.15e-02  -5.5 1.06e+00    -  2.64e-01 9.95e-01h  1
1857  1.7788246e+00 5.28e+00 9.09e-02  -5.3 2.07e+00    -  4.63e-01 3.49e-01h  2
1858  1.8117939e+00 8.30e+00 9.01e-02  -5.4 5.60e-01    -  8.93e-01 1.00e+00h  1
1859  1.7736437e+00 7.09e-01 4.75e-02  -5.4 6.40e-01    -  7.14e-01 1.00e+00h  1
iter    objective    inf_pr   inf_du lg(mu)  ||d||  lg(rg) alpha_du alpha_pr  ls
1860  1.7870458e+00 4.51e-01 2.19e-01  -5.4 1.77e-01    -  9.93e-01 1.00e+00h  1
1861  1.7831305e+00 1.11e+00 3.86e-02  -5.2 5.32e-01    -  1.00e+00 1.00e+00h  1
1862  1.7691324e+00 3.69e+00 3.82e-02  -5.5 1.13e+00    -  1.00e+00 1.00e+00h  1
1863  1.7658232e+00 3.54e+00 4.17e-02  -5.5 7.16e+00    -  7.72e-01 4.29e-02h  5
1864  1.7608505e+00 4.62e+00 1.53e-01  -5.5 1.95e+00    -  8.23e-01 8.74e-01H  1
1865  1.7551720e+00 4.05e+00 9.55e-02  -5.5 5.44e+00    -  4.84e-01 1.23e-01h  3
1866  1.7504874e+00 3.49e+00 1.23e-01  -5.5 2.76e+00    -  1.71e-01 1.50e-01h  3
1867  1.7389484e+00 1.58e+00 2.68e-02  -5.7 8.59e-01    -  1.00e+00 1.00e+00h  1
1868  1.7500932e+00 2.90e+00 1.44e-01  -5.4 4.08e+00    -  2.86e-01 2.25e-01h  2
1869  1.7378200e+00 7.29e+00 2.50e-01  -5.7 4.75e+00    -  6.48e-01 8.39e-01H  1
iter    objective    inf_pr   inf_du lg(mu)  ||d||  lg(rg) alpha_du alpha_pr  ls
1870  1.7487252e+00 7.01e+00 2.51e-01  -5.4 9.51e+00    -  1.54e-01 1.31e-01h  2
1871  1.7368960e+00 6.56e+00 2.72e-01  -5.7 1.27e+01    -  1.81e-01 6.98e-02h  1
1872  1.7497439e+00 5.43e+00 2.33e-01  -5.4 6.47e+00    -  1.24e-01 1.99e-01h  2
1873  1.7361419e+00 5.23e+00 2.11e-01  -5.7 1.48e+01    -  1.29e-01 5.51e-02h  1
1874  1.7577433e+00 1.02e+01 9.08e-02  -5.3 1.24e+01    -  1.49e-01 1.66e-01f  1
1875  1.7652836e+00 1.66e+01 1.39e-01  -5.6 1.43e+01    -  3.04e-01 1.45e-01h  1
1876  1.7421212e+00 1.34e+01 1.43e-01  -5.6 6.39e+00    -  3.23e-01 1.86e-01h  1
1877  1.7355605e+00 1.55e+01 1.22e-01  -5.6 1.59e+01    -  6.23e-02 3.62e-02h  2
1878  1.8029986e+00 1.55e+01 2.63e-01  -5.2 6.88e+00    -  1.84e-02 7.81e-01h  1
1879  1.9045836e+00 1.38e+01 2.01e-01  -5.7 1.55e+01  -6.4 1.40e-02 9.86e-02h  1
iter    objective    inf_pr   inf_du lg(mu)  ||d||  lg(rg) alpha_du alpha_pr  ls
1880  1.7633292e+00 7.18e+00 1.44e-01  -5.7 7.90e+00    -  3.45e-02 4.89e-01h  1
1881  1.7791070e+00 2.10e+01 3.08e-01  -5.7 2.05e+01    -  8.31e-02 1.22e-01h  1
1882  1.7265559e+00 1.46e+01 2.04e-01  -5.7 6.20e+00    -  9.72e-01 3.24e-01h  1
1883  1.7464513e+00 1.39e+01 2.56e-01  -5.0 7.45e+01    -  3.46e-02 2.67e-02h  1
1884  1.7505850e+00 1.02e+01 1.70e-01  -5.7 6.06e+00    -  1.16e-02 3.05e-01h  1
1885  1.7167949e+00 8.83e+00 1.00e-01  -5.7 5.17e+00    -  4.01e-02 2.14e-01h  1
1886  1.6956574e+00 1.58e+01 1.13e-01  -5.6 1.50e+01    -  4.95e-02 6.44e-02h  2
1887  1.7041549e+00 1.01e+01 2.51e-01  -5.6 1.73e+00    -  2.07e-01 3.71e-01h  1
1888  1.7317827e+00 5.14e+00 1.10e+00  -5.3 3.86e+00    -  2.16e-01 1.00e+00h  1
1889  1.7275841e+00 4.88e+00 8.80e-01  -5.6 1.84e+01    -  1.26e-01 5.04e-02h  2
iter    objective    inf_pr   inf_du lg(mu)  ||d||  lg(rg) alpha_du alpha_pr  ls
1890  1.6920553e+00 4.99e+00 2.34e-01  -5.6 4.34e+00    -  2.06e-01 6.86e-01h  1
1891  1.6894907e+00 4.91e+00 2.64e-01  -5.8 1.72e+01    -  6.96e-02 2.86e-02h  3
1892  1.6922966e+00 8.84e-01 9.43e-02  -5.6 1.06e+00    -  7.31e-01 1.00e+00h  1
1893  1.7253609e+00 1.57e+00 1.65e-01  -5.3 9.78e+00    -  1.93e-01 2.35e-01h  2
1894  1.9123663e+00 5.15e+00 1.27e-01  -5.6 2.46e+00  -6.0 3.63e-01 5.57e-01h  1
1895  1.6872492e+00 1.52e+00 6.74e-02  -5.6 2.38e+00    -  9.04e-01 1.00e+00h  1
1896  1.6910519e+00 8.96e-01 2.77e-01  -5.7 2.59e+00    -  2.41e-01 4.53e-01h  1
1897  1.6696243e+00 5.69e+00 9.31e-02  -5.6 1.05e+00    -  5.08e-02 1.00e+00h  1
1898  1.6709298e+00 4.53e+00 8.24e-02  -5.6 2.05e+00    -  3.26e-01 2.02e-01h  2
1899  1.6601657e+00 2.64e+00 7.34e-02  -5.7 1.96e+00    -  9.25e-01 4.11e-01h  1
iter    objective    inf_pr   inf_du lg(mu)  ||d||  lg(rg) alpha_du alpha_pr  ls
1900  1.7344344e+00 6.40e+00 6.93e-02  -5.2 2.56e+01    -  7.36e-02 1.17e-01f  2
1901  1.7262301e+00 5.72e+00 1.16e-01  -5.7 9.33e+00    -  2.80e-01 1.31e-01h  1
1902  1.7002285e+00 4.80e+00 1.23e-01  -5.7 5.44e+00    -  2.18e-01 1.55e-01h  1
1903  1.6870912e+00 4.70e+00 1.05e-01  -5.7 1.61e+01    -  1.17e-01 9.77e-02h  1
1904  1.6640825e+00 4.59e+00 1.19e-01  -5.7 5.55e+00    -  3.25e-01 2.10e-01h  1
1905  1.6550987e+00 7.04e+00 1.01e-01  -5.7 9.02e+00    -  5.40e-02 6.12e-02h  1
1906  1.6681302e+00 5.65e+00 2.34e-01  -5.7 1.84e+00    -  8.47e-02 5.05e-01h  1
1907  1.6434725e+00 3.89e+00 1.25e-01  -5.8 1.71e+00    -  4.58e-01 3.20e-01h  1
1908  1.6636896e+00 3.54e+00 7.63e-02  -5.5 7.62e+00    -  8.99e-02 2.38e-01h  2
1909  1.8002010e+00 5.94e+00 2.75e-01  -5.8 4.89e+00    -  1.36e-01 2.80e-01h  1
iter    objective    inf_pr   inf_du lg(mu)  ||d||  lg(rg) alpha_du alpha_pr  ls
1910  1.6544034e+00 2.14e+00 9.74e-02  -5.8 1.33e+00    -  2.84e-01 6.07e-01h  1
1911  1.6416158e+00 3.67e+00 1.42e-01  -5.9 2.18e+00    -  5.17e-02 2.92e-01h  1
1912  1.7363277e+00 7.89e+00 4.03e-01  -5.1 5.30e+00    -  7.05e-01 1.00e+00h  1
1913  1.7583240e+00 1.02e+01 6.39e-01  -5.3 1.07e+01    -  1.69e-01 6.44e-02h  3
1914  1.7460646e+00 6.79e-01 3.12e-01  -5.3 9.25e-01    -  7.47e-01 1.00e+00h  1
1915  1.8072971e+00 2.09e-01 3.20e-01  -5.4 8.54e-01    -  1.84e-01 9.03e-01H  1
1916  1.7225195e+00 5.13e-01 1.13e-01  -5.4 8.30e-01    -  1.25e-01 1.00e+00h  1
1917  1.6971313e+00 1.10e+00 2.78e-01  -6.1 5.14e+00    -  2.38e-01 5.38e-01h  1
1918  1.6911821e+00 1.73e+00 2.23e-01  -5.5 3.80e+00    -  2.02e-02 1.16e-01h  3
1919  1.7009395e+00 2.92e+00 8.65e-02  -5.5 1.40e+00    -  7.78e-01 1.00e+00h  1
iter    objective    inf_pr   inf_du lg(mu)  ||d||  lg(rg) alpha_du alpha_pr  ls
1920  1.7057416e+00 2.45e+00 9.18e-02  -5.5 2.49e+00    -  3.12e-01 1.94e-01h  3
1921  1.7508401e+00 9.81e-01 1.21e-01  -5.5 1.46e+00    -  1.00e+00 1.00e+00H  1
1922  1.7151757e+00 4.21e-01 1.18e-01  -5.5 1.02e+00    -  6.64e-01 1.00e+00H  1
1923  1.7713227e+00 1.77e+00 9.46e-02  -5.3 3.64e+00    -  1.00e+00 1.00e+00h  1
1924  1.7680899e+00 1.66e+00 8.87e-02  -5.3 1.88e+01  -6.0 1.74e-01 2.48e-02h  4
1925  1.7715041e+00 3.13e+00 1.02e-01  -5.3 6.55e-01    -  1.00e+00 1.00e+00h  1
1926  1.8212802e+00 1.56e+00 2.25e-01  -5.3 1.48e+00    -  3.26e-01 5.93e-01H  1
1927  1.7807831e+00 3.43e-01 5.30e-02  -5.3 8.96e-01    -  1.00e+00 1.00e+00H  1
1928  1.7935267e+00 6.56e-02 1.85e-01  -5.3 3.98e-01    -  1.00e+00 8.96e-01H  1
1929  1.8351572e+00 7.84e-01 8.96e-02  -4.9 1.63e+01    -  9.93e-01 1.60e-01h  1
iter    objective    inf_pr   inf_du lg(mu)  ||d||  lg(rg) alpha_du alpha_pr  ls
1930  1.8383326e+00 7.83e-01 8.60e-02  -5.0 2.83e+01    -  2.18e-01 8.77e-03h  6
1931  1.9839593e+00 6.97e+00 2.84e-01  -5.0 1.54e+01    -  4.14e-01 4.69e-01h  1
1932  2.0683426e+00 6.55e+00 2.55e-01  -5.0 2.04e+01    -  3.49e-02 4.64e-02h  2
1933  2.0701112e+00 4.59e+00 1.93e-01  -5.0 8.42e+00    -  1.15e-01 2.68e-01h  1
1934  2.0561547e+00 4.58e+00 1.97e-01  -5.0 2.96e+01    -  9.23e-02 3.07e-02h  2
1935  2.0688068e+00 3.83e+00 1.95e-01  -5.0 7.63e+00    -  1.00e+00 1.67e-01h  1
1936  2.0736077e+00 3.76e+00 2.04e-01  -5.0 1.48e+01    -  1.66e-01 1.80e-02h  5
1937  2.1029533e+00 2.58e+00 1.37e-01  -5.0 5.58e+00    -  3.74e-01 3.58e-01h  1
1938  2.1048397e+00 2.50e+00 1.48e-01  -5.0 2.13e+01    -  1.60e-01 3.03e-02h  3
1939  2.1554573e+00 1.70e+00 1.46e-01  -5.0 5.52e+00    -  6.56e-01 4.03e-01h  1
iter    objective    inf_pr   inf_du lg(mu)  ||d||  lg(rg) alpha_du alpha_pr  ls
1940  2.1552317e+00 1.64e+00 1.38e-01  -5.0 8.61e+00    -  2.96e-01 3.59e-02h  4
1941  2.1768385e+00 1.61e+00 9.86e-02  -5.0 1.11e+00    -  1.00e+00 1.00e+00h  1
1942  2.1812734e+00 2.21e+00 1.24e-01  -5.0 2.56e+00    -  6.58e-01 1.25e-01h  4
1943  2.2311584e+00 2.12e+00 1.37e-01  -5.0 1.32e+00    -  7.76e-01 1.00e+00H  1
1944  2.2818423e+00 2.04e+00 2.38e-01  -5.0 1.21e+00    -  5.66e-01 1.00e+00H  1
1945  2.2029116e+00 3.15e+00 1.88e-01  -5.0 9.83e-01    -  1.00e+00 1.00e+00h  1
1946  2.2166593e+00 1.58e+00 1.07e-01  -5.0 1.30e+00    -  1.00e+00 5.00e-01h  2
1947  2.2202955e+00 1.29e+00 8.47e-02  -5.0 1.44e+00    -  3.80e-01 1.86e-01h  3
1948  2.2117169e+00 1.15e-01 3.94e-02  -5.0 3.38e-01    -  1.00e+00 1.00e+00h  1
1949  2.2060847e+00 1.35e-02 1.37e-01  -5.0 5.36e-01    -  1.00e+00 1.00e+00H  1
iter    objective    inf_pr   inf_du lg(mu)  ||d||  lg(rg) alpha_du alpha_pr  ls
1950  2.1557141e+00 3.85e+00 5.30e-02  -5.1 2.23e+00    -  1.00e+00 1.00e+00h  1
1951  2.1181382e+00 3.61e+00 1.49e-01  -5.2 1.95e+01    -  2.88e-01 1.17e-01h  2
1952  2.0976461e+00 3.29e+00 1.90e-01  -5.2 9.90e+00    -  3.77e-01 9.55e-02h  3
1953  2.0757403e+00 6.32e+00 1.90e-01  -5.2 5.04e+00    -  5.10e-01 1.98e-01h  3
1954  2.0506899e+00 7.02e+00 1.78e-01  -5.2 3.82e+00    -  5.85e-01 2.62e-01h  2
1955  2.0211444e+00 4.46e+00 1.06e-01  -5.2 2.92e+00    -  2.48e-01 4.13e-01h  1
1956  1.9806604e+00 9.69e+00 1.16e-01  -5.2 7.15e+00    -  3.20e-01 2.24e-01h  2
1957  1.9715144e+00 9.08e+00 1.07e-01  -5.2 1.02e+01    -  1.51e-01 6.63e-02h  3
1958  1.9487304e+00 6.29e+00 6.76e-02  -5.2 2.83e+00    -  6.25e-01 3.10e-01h  1
1959  1.9404817e+00 5.93e+00 6.97e-02  -5.2 8.78e+00    -  2.02e-01 6.49e-02h  3
iter    objective    inf_pr   inf_du lg(mu)  ||d||  lg(rg) alpha_du alpha_pr  ls
1960  1.9401720e+00 4.27e+00 2.75e-01  -5.2 1.47e+00    -  4.80e-01 9.99e-01h  1
1961  1.9306656e+00 3.06e+00 1.34e-01  -5.2 2.53e+00    -  7.14e-04 2.77e-01h  2
1962  1.9242502e+00 9.47e+00 1.68e-01  -5.2 8.30e-01    -  1.00e+00 1.00e+00h  1
1963  1.9045026e+00 5.78e+00 9.87e-02  -5.2 1.86e+00    -  4.11e-01 3.83e-01h  1
1964  1.9106383e+00 4.89e+00 6.59e-02  -5.2 2.43e+00    -  3.44e-01 1.49e-01h  3
1965  1.9021871e+00 1.85e-01 4.44e-02  -5.2 3.20e-01    -  1.00e+00 1.00e+00h  1
1966  1.9022738e+00 2.42e-02 1.38e-02  -5.2 2.09e-01    -  1.00e+00 1.00e+00h  1
1967  1.8856761e+00 2.28e-01 1.18e-01  -5.6 1.26e+00    -  1.00e+00 1.00e+00h  1
1968  1.8439570e+00 2.07e+00 8.20e-02  -5.7 2.37e+01    -  1.43e-01 1.34e-01h  2
1969  1.8174587e+00 1.89e+01 2.56e-01  -5.7 2.87e+01    -  1.83e-01 1.00e-01h  1
iter    objective    inf_pr   inf_du lg(mu)  ||d||  lg(rg) alpha_du alpha_pr  ls
1970  1.7848200e+00 1.67e+01 1.94e-01  -5.7 2.47e+01    -  2.07e-04 1.20e-01h  2
1971  1.7600879e+00 1.58e+01 1.78e-01  -5.7 2.34e+01    -  4.04e-02 5.87e-02h  3
1972  1.7452693e+00 1.42e+01 2.10e-01  -5.7 1.38e+01    -  1.30e-01 9.90e-02h  2
1973  1.7454588e+00 1.23e+01 2.35e-01  -5.7 1.20e+01    -  1.29e-01 1.21e-01h  1
1974  1.7124579e+00 8.20e+00 2.77e-01  -5.7 8.21e+00    -  2.77e-02 3.43e-01h  1
1975  1.7088330e+00 8.05e+00 2.07e-01  -5.7 4.64e+01  -7.0 3.68e-04 1.07e-02h  1
1976  1.6750133e+00 1.43e+00 3.30e-01  -5.7 1.16e+00    -  3.18e-01 1.00e+00f  1
1977  1.6755475e+00 1.28e+00 3.63e-01  -5.7 2.78e+00    -  2.02e-01 1.10e-01h  3
1978  1.7147073e+00 1.10e+00 2.73e-01  -5.4 1.04e+01    -  2.67e-01 2.50e-01h  3
1979  1.7131110e+00 1.22e+00 8.96e-02  -5.7 2.55e+01    -  1.16e-01 3.48e-02h  2
iter    objective    inf_pr   inf_du lg(mu)  ||d||  lg(rg) alpha_du alpha_pr  ls
1980  1.6810661e+00 6.91e-01 1.12e-01  -5.7 2.32e+00    -  8.25e-01 1.00e+00h  1
1981  1.6760455e+00 6.60e-01 7.47e-02  -5.7 1.62e+01    -  4.03e-02 4.46e-02h  3
1982  1.6747914e+00 1.47e+00 2.44e-01  -5.7 1.18e+00    -  7.50e-01 1.00e+00h  1
1983  1.6783658e+00 1.23e+00 8.26e-02  -5.7 3.23e+00    -  4.17e-02 2.22e-01h  2
1984  1.6734039e+00 3.32e-01 8.18e-02  -5.7 8.90e-01    -  4.00e-01 1.00e+00h  1
1985  1.6727446e+00 4.52e-01 7.03e-02  -5.7 1.81e+00    -  1.98e-01 1.89e-01h  2
1986  1.6588704e+00 2.28e-01 1.99e-02  -5.7 5.53e-01    -  1.00e+00 1.00e+00h  1
1987  1.6609196e+00 5.00e-01 6.27e-02  -5.7 1.69e+00    -  1.00e+00 1.00e+00H  1
1988  1.6478159e+00 1.49e+00 9.11e-02  -5.7 2.16e+00    -  7.34e-01 3.89e-01h  2
1989  1.6810120e+00 6.32e+00 2.57e-01  -5.3 6.56e+00    -  1.07e-01 2.08e-01h  1
iter    objective    inf_pr   inf_du lg(mu)  ||d||  lg(rg) alpha_du alpha_pr  ls
1990  1.7175917e+00 3.78e+00 2.85e-01  -5.7 1.75e+00    -  1.31e-02 4.02e-01h  1
1991  1.6445894e+00 1.24e+00 8.86e-02  -5.7 1.15e+00    -  5.86e-01 1.00e+00h  1
1992  1.6413803e+00 1.59e+00 5.61e-02  -5.7 4.85e-01    -  1.00e+00 1.00e+00h  1
1993  1.6720838e+00 1.81e+01 1.49e-01  -5.5 2.42e+00    -  7.50e-01 1.00e+00h  1
1994  1.6753013e+00 1.76e+01 1.45e-01  -5.6 1.02e+01    -  1.74e-01 2.91e-02h  4
1995  1.6532010e+00 1.91e+00 1.04e-01  -5.6 9.45e-01    -  3.58e-01 1.00e+00h  1
1996  1.6518247e+00 3.40e+00 1.48e-01  -5.6 2.48e+00    -  7.78e-01 6.64e-02h  3
1997  1.6515046e+00 3.56e-01 5.82e-02  -5.6 5.10e-01    -  8.31e-01 1.00e+00h  1
1998  1.6568034e+00 9.88e-01 1.51e-01  -5.6 8.56e-01    -  1.00e+00 1.00e+00H  1
1999  1.6565878e+00 6.05e-01 4.37e-02  -5.6 9.54e-01    -  3.31e-01 3.95e-01h  2
iter    objective    inf_pr   inf_du lg(mu)  ||d||  lg(rg) alpha_du alpha_pr  ls
2000  1.6486792e+00 8.87e-01 6.38e-02  -6.5 1.44e+00    -  3.63e-01 1.72e-01h  2
2001  1.6343522e+00 6.68e+00 5.90e-02  -5.9 8.83e-01    -  1.00e+00 1.00e+00h  1
2002  1.6855490e+00 6.83e+01 9.87e-01  -5.3 1.32e+01    -  1.51e-01 1.85e-01h  1
2003  1.7027313e+00 6.06e+01 9.60e-01  -5.8 9.84e+00    -  2.54e-01 1.11e-01h  1
2004  1.6514983e+00 3.91e+01 6.03e-01  -5.8 4.43e+00    -  5.37e-01 3.76e-01h  1
2005  1.6440717e+00 3.73e+01 4.28e-01  -5.8 2.68e+01    -  2.93e-02 2.99e-02h  2
2006  1.6268211e+00 2.03e+01 2.59e-01  -5.8 2.23e+00    -  8.84e-02 4.90e-01h  1
2007  1.6272031e+00 1.91e+01 1.79e-01  -5.6 4.08e+00    -  1.01e-04 1.19e-01h  3
2008  1.7187788e+00 1.27e+01 2.16e-01  -5.3 1.26e+01    -  1.44e-01 3.36e-01h  1
2009  1.7286162e+00 1.19e+01 2.87e-01  -5.8 1.14e+01    -  1.21e-01 7.22e-02h  1
iter    objective    inf_pr   inf_du lg(mu)  ||d||  lg(rg) alpha_du alpha_pr  ls
2010  1.6283197e+00 1.10e+01 1.43e-01  -5.8 5.92e+00    -  6.22e-04 7.31e-01h  1
2011  1.6159935e+00 1.93e+01 8.32e-02  -5.8 1.57e+01    -  1.42e-02 1.79e-02h  2
2012  1.6241266e+00 3.39e+00 1.04e-01  -5.7 1.17e+00    -  9.99e-01 1.00e+00h  1
2013  1.6371516e+00 5.56e+00 9.97e-02  -5.5 1.30e+01    -  2.35e-01 6.01e-02h  2
2014  1.6437015e+00 2.35e+00 1.55e-01  -5.7 2.55e+00    -  2.71e-01 5.71e-01H  1
2015  1.6258264e+00 1.71e+00 1.82e-01  -5.7 2.35e+00    -  5.66e-01 2.76e-01h  1
2016  1.6124101e+00 1.44e+00 1.68e-01  -5.7 4.63e+00    -  8.02e-02 9.31e-02h  2
2017  1.6164414e+00 1.04e+00 1.07e-01  -5.7 1.89e+00    -  4.64e-02 2.72e-01h  1
2018  1.6127085e+00 1.86e+00 9.33e-02  -5.8 2.79e+00    -  2.71e-01 1.73e-01H  1
2019  1.6101138e+00 1.38e+00 7.84e-02  -5.7 7.09e-01    -  7.74e-01 2.67e-01h  2
iter    objective    inf_pr   inf_du lg(mu)  ||d||  lg(rg) alpha_du alpha_pr  ls
2020  1.5991299e+00 4.28e+00 7.67e-02  -6.0 9.78e-01    -  3.20e-01 7.53e-01h  1
2021  1.6230537e+00 3.14e+00 1.21e-01  -5.5 6.53e+00    -  9.28e-02 2.18e-01h  2
2022  1.6208148e+00 3.02e+00 1.18e-01  -5.9 8.97e+00    -  2.23e-01 3.91e-02h  1
2023  1.5981653e+00 1.77e+00 1.19e-01  -5.9 3.03e+00    -  2.72e-01 5.85e-01h  1
2024  2.0288734e+00 4.24e+01 2.01e-01  -5.1 5.95e+01    -  5.26e-02 2.02e-01f  1
2025  2.0337036e+00 4.03e+01 2.55e-01  -5.8 2.45e+01    -  1.08e-01 5.33e-02h  1
2026  1.8481931e+00 3.07e+01 1.59e-01  -5.8 1.07e+01    -  4.61e-01 2.80e-01h  1
2027  1.8408699e+00 3.01e+01 1.07e-01  -5.8 5.39e+01    -  4.79e-02 2.03e-02h  1
2028  1.7038188e+00 2.00e+01 1.12e-01  -5.8 7.52e+00    -  2.68e-01 4.13e-01h  1
2029  1.9477948e+00 1.88e+01 2.32e-01  -5.8 1.67e+01    -  3.86e-02 6.36e-02h  1
iter    objective    inf_pr   inf_du lg(mu)  ||d||  lg(rg) alpha_du alpha_pr  ls
2030  1.9027273e+00 1.76e+01 2.64e-01  -5.8 4.85e+00    -  7.31e-02 6.72e-02h  1
2031  1.7772198e+00 1.41e+01 1.62e-01  -5.8 5.44e+00    -  8.14e-05 2.35e-01h  1
2032  1.7318262e+00 1.60e+01 1.50e-01  -5.8 1.14e+01    -  1.01e-02 7.45e-02h  1
2033  1.7082006e+00 1.44e+01 1.36e-01  -5.8 2.30e+00    -  1.24e-01 9.77e-02h  1
2034  1.6851120e+00 1.39e+01 1.31e-01  -5.8 9.78e+00    -  4.55e-02 3.55e-02h  1
2035  1.6078339e+00 4.37e+00 1.28e-01  -5.8 2.24e+00    -  2.82e-02 8.20e-01h  1
2036  1.5974682e+00 4.03e+00 1.18e-01  -5.8 4.32e+00    -  5.33e-03 7.88e-02h  1
2037  1.5853526e+00 4.65e-01 3.79e-02  -6.1 6.55e-01    -  1.00e+00 1.00e+00h  1
2038  1.5957727e+00 1.00e+00 4.95e-02  -5.6 2.13e+00    -  7.27e-01 2.47e-01h  3
2039  1.6696315e+00 7.07e-01 2.65e-01  -5.8 1.66e+00    -  6.08e-01 5.42e-01H  1
iter    objective    inf_pr   inf_du lg(mu)  ||d||  lg(rg) alpha_du alpha_pr  ls
2040  1.5964284e+00 5.17e-02 3.36e-01  -5.8 8.85e-01    -  4.83e-03 1.00e+00H  1
2041  1.5793654e+00 3.52e-01 1.71e-01  -7.8 2.31e+00    -  9.95e-03 5.18e-01h  1
2042  1.5748397e+00 3.38e-01 2.38e-01  -6.6 6.78e+00    -  1.14e-01 3.98e-02h  3
2043  1.5597745e+00 1.26e+00 5.99e-02  -6.0 1.01e+00    -  5.13e-01 9.54e-01h  1
2044  1.5671518e+00 1.18e+00 7.71e-02  -5.6 1.19e+01    -  1.65e-01 4.94e-02h  3
2045  1.5654085e+00 1.13e+00 6.38e-02  -5.9 2.89e+00    -  4.09e-01 4.97e-02h  4
2046  1.5602548e+00 1.06e+00 4.07e-02  -5.9 1.02e+00    -  1.00e+00 3.89e-01h  1
2047  1.5577186e+00 1.02e+00 5.99e-02  -6.2 6.01e+00    -  2.24e-01 4.14e-02h  4
2048  1.6216491e+00 3.38e+00 4.47e-02  -5.7 3.91e+00    -  4.00e-01 1.00e+00H  1
2049  1.6211905e+00 3.34e+00 4.44e-02  -5.9 1.67e+00  -4.3 3.36e-02 1.13e-02h  5
iter    objective    inf_pr   inf_du lg(mu)  ||d||  lg(rg) alpha_du alpha_pr  ls
2050  1.5583559e+00 2.22e+00 2.32e-01  -5.9 3.81e+00    -  5.72e-01 1.00e+00h  1
2051  1.5596620e+00 2.18e+00 2.40e-01  -5.9 2.16e+01    -  1.51e-01 2.02e-02h  4
2052  1.5523159e+00 6.46e+00 4.42e-02  -5.9 5.52e-01    -  1.00e+00 1.00e+00h  1
2053  1.5718237e+00 5.20e+00 5.44e-02  -5.7 7.58e+00    -  2.42e-01 1.64e-01h  3
2054  1.5680868e+00 5.96e+00 8.97e-02  -6.0 7.57e+00    -  2.74e-01 1.09e-01h  2
2055  1.5586199e+00 8.63e+00 1.31e-01  -6.0 8.03e+00    -  2.46e-01 2.61e-01h  1
2056  1.5541906e+00 8.16e+00 1.41e-01  -6.0 2.18e+01    -  1.70e-01 5.85e-02h  2
2057  1.5517907e+00 5.34e+00 1.29e-01  -6.0 3.68e+00    -  2.32e-01 3.29e-01h  1
2058  1.5956984e+00 4.19e+00 1.07e-01  -5.7 7.33e+00    -  1.41e-01 4.58e-01h  2
2059  1.5943601e+00 1.05e+01 1.17e-01  -6.0 3.87e+00  -4.8 1.12e-01 2.47e-02h  4
iter    objective    inf_pr   inf_du lg(mu)  ||d||  lg(rg) alpha_du alpha_pr  ls
2060  1.5482807e+00 3.90e+00 4.49e-02  -6.0 2.74e+00    -  9.55e-01 1.00e+00h  1
2061  1.5654310e+00 3.95e+00 5.85e-02  -5.6 1.64e+01    -  1.41e-01 5.04e-02h  3
2062  1.5460721e+00 2.12e+00 1.71e-01  -6.0 3.84e+00    -  3.61e-01 6.71e-01h  1
2063  1.7142110e+00 3.51e+01 3.00e-01  -5.2 6.35e+01    -  6.42e-03 1.18e-01f  1
2064  1.7186630e+00 3.42e+01 3.81e-01  -6.0 3.10e+01    -  7.03e-02 3.50e-02h  1
2065  1.6610896e+00 2.71e+01 3.23e-01  -6.0 8.46e+00    -  1.21e-01 2.17e-01h  1
2066  1.6073773e+00 2.66e+01 2.68e-01  -6.0 9.98e+01    -  2.84e-03 2.84e-02h  1
2067  1.5653036e+00 1.38e+01 1.79e-01  -6.0 5.00e+00    -  1.91e-01 5.31e-01h  1
2068  1.5643128e+00 1.35e+01 1.80e-01  -6.0 1.28e+01    -  8.24e-02 2.67e-02h  1
2069  1.5493265e+00 8.55e+00 1.56e-01  -6.0 2.16e+00    -  1.00e+00 3.69e-01h  1
iter    objective    inf_pr   inf_du lg(mu)  ||d||  lg(rg) alpha_du alpha_pr  ls
2070  1.5988418e+00 7.98e+00 1.42e-01  -6.0 7.63e+00    -  8.27e-02 8.90e-02h  2
2071  1.5377544e+00 1.14e+00 7.06e-02  -6.0 8.04e-01    -  7.75e-01 1.00e+00h  1
2072  1.5378503e+00 1.56e+00 3.60e-02  -6.0 3.05e-01    -  8.55e-01 1.00e+00h  1
2073  1.5295626e+00 7.00e-01 4.85e-02  -6.0 8.08e-01    -  1.00e+00 1.00e+00h  1
2074  1.5519160e+00 9.03e+00 1.02e-01  -5.6 1.37e+01    -  1.79e-01 9.63e-02h  2
2075  1.5679263e+00 7.09e+00 7.42e-02  -6.0 1.94e+00  -5.7 1.91e-01 2.31e-01h  2
2076  1.5302244e+00 1.72e+00 5.52e-02  -6.0 1.24e+00    -  4.84e-01 1.00e+00h  1
2077  1.5324380e+00 1.69e+00 1.23e-01  -6.0 1.97e+00    -  2.96e-01 2.92e-01h  2
2078  1.5288999e+00 2.12e-01 3.74e-02  -6.0 4.91e-01    -  1.00e+00 1.00e+00h  1
2079  1.5245738e+00 9.24e-01 7.28e-02  -6.1 8.83e-01    -  5.20e-01 6.33e-01h  1
iter    objective    inf_pr   inf_du lg(mu)  ||d||  lg(rg) alpha_du alpha_pr  ls
2080  1.5211998e+00 4.71e-01 5.99e-02  -6.0 2.87e-01    -  4.92e-01 9.05e-01h  1
2081  1.5177415e+00 9.19e-02 6.50e-02  -6.2 1.40e-01    -  1.00e+00 1.00e+00h  1
2082  1.5156630e+00 3.47e-01 9.59e-02  -6.3 5.22e-01    -  1.00e+00 1.00e+00H  1
2083  1.5150319e+00 4.38e-01 8.24e-02  -6.0 1.02e+00    -  1.00e+00 8.90e-02h  3
2084  1.5160103e+00 1.01e-01 3.61e-02  -6.0 4.39e-01    -  8.66e-01 1.00e+00h  1
2085  1.5153403e+00 9.23e-02 3.27e-02  -6.1 1.56e+00    -  3.66e-01 8.45e-02h  4
2086  1.5131065e+00 3.49e+00 1.67e-02  -6.1 8.05e-01    -  1.00e+00 5.00e-01h  2
2087  1.5771481e+00 8.18e-01 1.84e-01  -5.9 3.38e+00    -  4.93e-01 1.00e+00H  1
2088  1.5707251e+00 1.14e+00 1.70e-01  -6.1 1.48e+01    -  2.83e-01 1.15e-01h  2
2089  1.5599103e+00 2.20e+00 1.43e-01  -6.1 1.38e+01    -  1.13e-01 9.62e-02h  1
iter    objective    inf_pr   inf_du lg(mu)  ||d||  lg(rg) alpha_du alpha_pr  ls
2090  1.5474896e+00 1.97e+00 1.37e-01  -6.1 7.65e+00    -  1.22e-01 1.02e-01f  1
2091  1.5412480e+00 2.92e+00 1.25e-01  -6.1 1.01e+01    -  9.29e-02 1.12e-01h  1
2092  1.5315115e+00 2.49e+00 1.25e-01  -6.1 4.89e+00    -  1.62e-01 1.44e-01h  1
2093  1.5262845e+00 2.20e+00 1.08e-01  -6.1 7.00e+00    -  1.29e-01 9.55e-02h  1
2094  1.5232442e+00 2.06e+00 1.10e-01  -6.1 4.76e+00    -  1.15e-01 6.15e-02h  1
2095  1.5200353e+00 1.97e+00 1.00e-01  -6.1 7.61e+00    -  8.88e-02 4.34e-02h  1
2096  1.5174701e+00 1.52e+00 8.13e-02  -6.1 8.22e-01    -  4.04e-01 2.28e-01h  1
2097  1.5266303e+00 8.23e-01 1.05e-01  -6.1 2.67e+00    -  4.99e-01 5.60e-01h  1
2098  1.5224945e+00 1.46e+00 1.11e-01  -6.1 1.27e+00    -  3.76e-01 8.64e-01h  1
2099  1.5110919e+00 1.02e+00 5.15e-02  -6.1 1.20e+00    -  5.92e-02 4.23e-01h  1
iter    objective    inf_pr   inf_du lg(mu)  ||d||  lg(rg) alpha_du alpha_pr  ls
2100  1.5069664e+00 2.21e-01 2.34e-02  -6.2 4.91e-01    -  5.13e-01 9.97e-01h  1
2101  1.5148827e+00 3.63e-01 1.93e-01  -6.1 4.20e-01    -  8.67e-01 1.00e+00H  1
2102  1.5061659e+00 8.57e-02 8.40e-03  -6.1 2.98e-01    -  7.81e-01 1.00e+00h  1
2103  1.5043628e+00 6.45e-03 5.32e-03  -6.5 2.56e-01    -  1.00e+00 1.00e+00h  1
2104  1.5055636e+00 9.50e-03 1.17e-02  -6.0 3.18e+00    -  3.89e-01 5.42e-02h  4
2105  1.5009903e+00 1.28e-01 2.51e-02  -6.4 6.26e+00    -  4.48e-01 1.53e-01h  1
2106  1.5016112e+00 1.22e-01 2.42e-02  -6.0 1.34e+00    -  6.37e-01 4.89e-02h  4
2107  1.4987680e+00 6.27e-01 3.23e-02  -6.1 5.05e-01    -  1.00e+00 1.00e+00h  1
2108  1.4963791e+00 5.20e-01 3.55e-02  -6.2 2.63e+00    -  3.03e-01 1.54e-01h  2
2109  1.4959298e+00 8.52e-01 3.40e-02  -6.1 1.18e+00    -  5.42e-01 8.66e-02h  3
iter    objective    inf_pr   inf_du lg(mu)  ||d||  lg(rg) alpha_du alpha_pr  ls
2110  1.4944786e+00 3.66e-01 5.30e-02  -6.1 5.91e-01    -  8.44e-01 5.79e-01h  1
2111  1.5156173e+00 5.86e-01 3.10e-02  -5.9 5.87e+00    -  1.19e-01 4.19e-01h  2
2112  1.5166116e+00 5.39e-01 2.73e-02  -6.2 7.10e+00    -  1.42e-01 8.34e-02h  1
2113  1.5064399e+00 4.46e-01 2.14e-02  -6.2 3.60e+00    -  3.35e-01 2.58e-01h  1
2114  1.5053536e+00 4.42e-01 1.72e-02  -6.2 3.74e+01    -  4.98e-02 9.58e-03h  3
2115  1.4879373e+00 4.24e-01 1.23e-02  -6.2 2.51e+00    -  1.00e+00 9.05e-01h  1
2116  1.4897915e+00 4.22e-01 2.07e-02  -5.8 1.54e+01    -  7.88e-02 1.53e-02h  4
2117  1.4880046e+00 3.44e-01 3.31e-02  -6.2 1.49e+00    -  1.00e+00 1.96e-01h  1
2118  1.5036882e+00 1.43e+00 9.12e-02  -5.8 2.09e+01    -  9.48e-02 9.29e-02f  2
2119  1.5155998e+00 1.79e+00 2.57e-01  -6.3 7.10e+00    -  3.23e-01 1.63e-01h  1
iter    objective    inf_pr   inf_du lg(mu)  ||d||  lg(rg) alpha_du alpha_pr  ls
2120  1.4873646e+00 7.78e-01 1.18e-01  -6.3 3.40e+00    -  7.81e-02 6.32e-01h  1
2121  1.4841553e+00 7.94e-01 2.20e-02  -5.9 1.17e+01    -  1.07e-02 2.59e-02h  3
2122  1.4881469e+00 6.76e-02 4.54e-02  -6.2 6.08e-01    -  4.14e-01 9.57e-01h  1
2123  1.4872428e+00 5.05e-01 2.67e-02  -6.2 9.66e-01    -  3.80e-01 1.52e-01h  1
2124  1.4852364e+00 2.09e+00 4.19e-02  -6.2 3.63e-01    -  4.72e-01 1.00e+00h  1
2125  1.4933192e+00 1.57e+00 8.54e-02  -5.9 3.96e+00    -  1.39e-01 2.41e-01h  2
2126  1.4961177e+00 1.20e+00 9.98e-02  -6.2 2.38e+00    -  2.77e-01 2.86e-01H  1
2127  1.4841362e+00 4.08e-01 2.21e-02  -6.2 8.26e-01    -  5.98e-01 7.31e-01h  1
2128  1.5378274e+00 2.65e+00 2.31e-01  -5.5 2.66e+01    -  5.79e-03 1.80e-01f  1
2129  1.5357127e+00 2.75e+00 2.56e-01  -6.3 1.26e+01    -  6.42e-02 2.11e-02h  1
iter    objective    inf_pr   inf_du lg(mu)  ||d||  lg(rg) alpha_du alpha_pr  ls
2130  1.5099568e+00 1.98e+00 2.00e-01  -6.3 6.12e+00    -  2.97e-04 3.65e-01h  1
2131  1.5078982e+00 1.96e+00 1.25e-01  -6.3 1.75e+01    -  4.81e-03 1.66e-02h  3
2132  1.4960906e+00 1.49e+00 3.09e-02  -6.3 2.62e+00    -  1.99e-01 2.44e-01h  1
2133  1.5013265e+00 1.61e+00 3.75e-02  -6.3 6.71e+00    -  3.49e-01 2.79e-01h  1
2134  1.4905470e+00 1.47e+00 5.14e-02  -6.3 2.55e+00    -  1.52e-01 3.62e-01h  1
2135  1.4848648e+00 1.23e+00 3.30e-02  -6.3 9.46e-01    -  1.55e-01 1.62e-01h  1
2136  1.4817470e+00 5.33e-01 1.66e-02  -6.3 9.22e-01    -  2.92e-01 6.12e-01h  1
2137  1.4880291e+00 4.80e-01 1.62e-02  -6.0 4.79e+00    -  2.66e-01 1.73e-01f  3
2138  1.4883423e+00 5.02e-01 5.85e-02  -6.3 3.29e+00    -  1.66e-01 6.39e-02h  3
2139  1.4811544e+00 3.43e-02 1.11e-02  -6.3 5.78e-01    -  1.00e+00 1.00e+00h  1
iter    objective    inf_pr   inf_du lg(mu)  ||d||  lg(rg) alpha_du alpha_pr  ls
2140  1.4800319e+00 3.65e-02 5.50e-02  -6.5 2.83e+00    -  4.14e-01 1.23e-01h  3
2141  1.4772638e+00 2.91e-02 2.47e-02  -6.3 2.52e+00    -  1.00e+00 2.56e-01h  2
2142  1.4759744e+00 8.58e-02 1.44e-02  -6.3 3.57e+00    -  3.35e-01 8.67e-02h  3
2143  1.4744941e+00 1.01e+00 4.19e-02  -6.3 2.70e+00    -  2.72e-01 1.48e-01h  3
2144  1.5092083e+00 3.68e-01 4.66e-02  -6.1 4.17e+00    -  2.01e-01 1.00e+00H  1
2145  1.5084465e+00 4.17e-01 4.96e-02  -6.3 5.45e+00    -  2.15e-01 2.27e-02h  3
2146  1.4733682e+00 1.08e+00 3.35e-02  -6.3 4.46e+00    -  2.98e-01 9.66e-01h  1
2147  1.4831633e+00 1.09e+00 5.22e-02  -6.6 1.17e+01    -  6.57e-02 1.96e-02h  3
2148  1.4732835e+00 5.39e-01 2.31e-02  -6.4 4.49e-01    -  1.00e+00 5.05e-01h  1
2149  1.4705754e+00 3.06e-01 1.13e-01  -6.4 7.88e-01    -  1.00e+00 6.08e-01h  1
iter    objective    inf_pr   inf_du lg(mu)  ||d||  lg(rg) alpha_du alpha_pr  ls
2150  1.4894632e+00 4.90e-01 2.53e-01  -6.4 2.10e+00    -  9.43e-02 2.13e-01H  1
2151  1.4830690e+00 4.31e-01 2.18e-01  -6.5 4.51e-01    -  4.79e-01 1.40e-01h  1
2152  1.4674421e+00 3.90e-01 9.42e-02  -6.5 6.77e-01    -  1.83e-01 5.54e-01h  1
2153  1.4716528e+00 3.37e-01 2.66e-02  -6.1 1.62e+00    -  2.46e-01 3.58e-01f  2
2154  1.4768162e+00 4.61e-01 4.05e-02  -6.4 5.11e-01    -  8.08e-01 3.34e-01h  1
2155  1.4647831e+00 9.99e-02 8.64e-03  -6.4 5.03e-01    -  7.71e-01 9.27e-01h  1
2156  1.4625969e+00 3.76e-01 8.87e-03  -6.5 4.30e-01    -  1.00e+00 1.00e+00h  1
2157  1.4641981e+00 3.91e-01 2.37e-02  -6.3 1.74e+00    -  6.08e-01 1.18e-01h  4
2158  1.4648927e+00 2.47e-01 1.35e-02  -6.5 3.92e-01    -  1.00e+00 1.00e+00H  1
2159  1.4657101e+00 1.36e-02 1.05e-01  -6.5 2.07e-01    -  9.33e-01 9.46e-01H  1
iter    objective    inf_pr   inf_du lg(mu)  ||d||  lg(rg) alpha_du alpha_pr  ls
2160  1.4621060e+00 7.68e-01 9.52e-03  -6.5 5.48e-01    -  7.66e-01 4.15e-01h  1
2161  1.4899659e+00 2.91e+00 3.51e-02  -5.8 8.97e+00    -  4.08e-02 3.08e-01h  1
2162  1.4892863e+00 2.65e+00 3.50e-02  -6.5 3.31e+00    -  3.55e-01 9.22e-02h  3
2163  1.4609616e+00 9.93e-01 1.47e-02  -6.5 2.75e+00    -  5.69e-01 9.31e-01h  1
2164  1.4980933e+00 5.05e+00 7.71e-02  -5.7 2.61e+01    -  9.34e-03 1.06e-01f  1
2165  1.4963730e+00 4.59e+00 3.29e-02  -6.5 4.30e+00    -  1.31e-01 9.20e-02h  1
2166  1.4764811e+00 3.18e+00 2.50e-02  -6.5 3.99e+00    -  2.60e-01 3.24e-01h  1
2167  1.4825590e+00 3.06e+00 2.68e-01  -6.5 1.17e+01    -  3.79e-02 4.65e-02h  1
2168  1.4792819e+00 2.81e+00 2.41e-01  -6.5 2.18e+00    -  3.83e-05 8.50e-02h  1
2169  1.4773288e+00 3.78e+00 1.61e-01  -6.5 6.31e+00    -  9.68e-03 4.90e-02h  1
iter    objective    inf_pr   inf_du lg(mu)  ||d||  lg(rg) alpha_du alpha_pr  ls
2170  1.4737928e+00 3.41e+00 1.44e-01  -6.5 1.36e+00    -  3.58e-01 9.75e-02h  1
2171  1.4949239e+00 2.69e+00 2.22e-01  -6.5 1.57e+00    -  8.43e-02 2.23e-01h  1
2172  1.4860177e+00 2.35e+00 1.86e-01  -6.5 7.46e-01    -  2.48e-01 1.26e-01h  1
2173  1.4790332e+00 2.14e+00 2.04e-01  -6.5 1.59e+00    -  1.03e-01 8.95e-02h  1
2174  1.4662496e+00 1.46e+00 5.87e-02  -6.5 1.07e+00    -  2.05e-01 3.52e-01h  1
2175  1.4656942e+00 1.45e+00 5.93e-02  -6.5 2.16e+00    -  1.45e-01 1.20e-02h  1
2176  1.4634323e+00 1.34e+00 2.26e-02  -6.5 1.72e+00    -  1.60e-01 8.79e-02h  1
2177  1.4618604e+00 1.18e+00 4.12e-02  -6.5 6.92e-01    -  2.69e-01 1.16e-01h  1
2178  1.4591353e+00 1.39e+00 7.61e-02  -6.5 1.16e+00    -  7.12e-01 5.69e-01h  1
2179  1.4783161e+00 1.97e+00 2.56e-02  -5.8 8.81e+00    -  2.92e-02 2.66e-01f  1
iter    objective    inf_pr   inf_du lg(mu)  ||d||  lg(rg) alpha_du alpha_pr  ls
2180  1.4928495e+00 2.81e+00 9.67e-02  -6.6 2.74e+00    -  6.14e-02 9.25e-02h  1
2181  1.4800320e+00 2.17e+00 6.51e-02  -6.6 1.99e+00    -  2.06e-01 2.29e-01f  1
2182  1.4789609e+00 2.16e+00 9.25e-02  -6.6 4.10e+00    -  2.86e-02 1.17e-02h  1
2183  1.4748463e+00 1.90e+00 7.86e-02  -6.6 1.65e+00    -  4.00e-01 1.16e-01f  1
2184  1.4847130e+00 1.96e+00 2.27e-01  -6.6 4.48e+00    -  7.51e-02 6.24e-02h  1
2185  1.4605845e+00 6.48e-01 5.48e-02  -6.6 1.34e+00    -  1.73e-01 6.91e-01h  1
2186  1.4751321e+00 5.10e-01 2.03e-01  -6.6 3.06e+00    -  1.93e-01 2.32e-01H  1
2187  1.4613493e+00 2.94e-01 8.55e-02  -6.6 2.85e-01    -  1.92e-01 4.96e-01h  1
2188  1.4626270e+00 1.98e-01 1.25e-02  -6.3 8.20e-01    -  1.00e+00 1.00e+00f  1
2189  1.4766160e+00 8.66e-01 2.90e-02  -6.4 3.13e-01    -  6.08e-01 8.46e-01h  1
iter    objective    inf_pr   inf_du lg(mu)  ||d||  lg(rg) alpha_du alpha_pr  ls
2190  1.4636268e+00 2.74e-01 8.27e-02  -6.4 2.76e-01    -  5.43e-01 1.00e+00h  1
2191  1.4601655e+00 1.59e-01 6.95e-02  -6.4 9.95e-01    -  2.04e-01 4.97e-01h  1
2192  1.4863790e+00 1.21e+00 3.32e-02  -6.0 2.24e+00    -  1.00e+00 1.00e+00f  1
2193  1.5313693e+00 1.11e+00 2.72e-01  -6.1 3.07e+00    -  9.06e-02 1.25e-01h  1
2194  1.4756178e+00 5.54e-01 7.04e-02  -6.1 4.71e-01    -  2.73e-04 9.21e-01h  1
2195  1.4872003e+00 2.38e-01 1.79e-01  -6.1 5.48e-01    -  3.08e-01 5.82e-01h  1
2196  1.4731327e+00 1.10e-01 1.36e-02  -6.1 2.34e-01    -  5.97e-01 1.00e+00h  1
2197  1.4744461e+00 3.71e-03 7.91e-03  -6.1 1.89e-01    -  1.00e+00 1.00e+00h  1
2198  1.4741801e+00 3.34e-02 7.07e-03  -6.1 1.09e+01    -  1.49e-01 1.17e-02h  5
2199  1.4873316e+00 1.56e-01 2.57e-02  -6.1 1.58e+00    -  1.00e+00 1.00e+00h  1
iter    objective    inf_pr   inf_du lg(mu)  ||d||  lg(rg) alpha_du alpha_pr  ls
2200  1.4871505e+00 1.51e-01 2.95e-02  -6.1 5.25e+00    -  2.36e-01 1.77e-02h  5
2201  1.4916817e+00 1.53e-01 1.83e-02  -6.1 7.75e-01    -  1.00e+00 1.00e+00h  1
2202  1.4922897e+00 1.48e-01 5.82e-02  -6.1 2.85e+00    -  1.41e-01 4.05e-02h  3
2203  1.4914501e+00 3.52e-02 4.20e-02  -6.1 6.59e-02    -  1.00e+00 1.00e+00h  1
2204  1.4918864e+00 8.83e-03 3.90e-03  -6.1 1.23e-01    -  1.00e+00 1.00e+00h  1
2205  1.4953289e+00 1.12e-03 2.62e-02  -6.1 3.24e-01    -  1.00e+00 1.00e+00H  1
2206  1.4737150e+00 8.32e-01 2.59e-02  -6.4 3.46e+00    -  1.00e+00 1.00e+00h  1
2207  1.4728410e+00 8.00e-01 2.87e-02  -6.5 2.94e+00  -5.3 2.10e-01 4.01e-02h  3
2208  1.4660306e+00 9.94e-02 2.91e-02  -6.5 6.83e-01    -  8.45e-01 8.86e-01h  1
2209  1.4647158e+00 1.23e-01 4.87e-02  -6.5 2.23e+00    -  1.42e-01 4.09e-02h  2
iter    objective    inf_pr   inf_du lg(mu)  ||d||  lg(rg) alpha_du alpha_pr  ls
2210  1.4632258e+00 2.47e-01 3.98e-02  -6.5 6.78e-01    -  5.92e-01 3.09e-01h  2
2211  1.4645253e+00 9.77e-01 6.04e-02  -6.5 7.89e-01    -  7.51e-01 5.12e-01h  1
2212  1.4625907e+00 6.99e-01 2.17e-02  -6.5 3.79e-01    -  5.72e-01 2.80e-01h  2
2213  1.4599437e+00 3.05e-01 7.18e-03  -6.5 3.62e-01    -  2.96e-01 5.63e-01h  1
2214  1.4664010e+00 4.88e-01 1.02e-02  -6.2 8.04e-01    -  8.70e-01 1.00e+00f  1
2215  1.4665948e+00 4.53e-01 1.28e-02  -6.4 1.28e+00    -  3.02e-01 6.46e-02h  4
2216  1.4630942e+00 2.77e-02 6.07e-03  -6.4 3.31e-01    -  1.00e+00 1.00e+00h  1
2217  1.4631257e+00 2.48e-01 1.32e-02  -6.4 4.63e-01    -  6.24e-01 4.29e-02h  5
2218  1.4617501e+00 1.03e-02 1.19e-02  -6.5 1.99e-01    -  1.00e+00 1.00e+00h  1
2219  1.5010586e+00 1.73e-01 8.48e-02  -6.2 3.19e+00    -  7.64e-01 1.00e+00H  1
iter    objective    inf_pr   inf_du lg(mu)  ||d||  lg(rg) alpha_du alpha_pr  ls
2220  1.4995942e+00 2.13e-01 5.75e-02  -6.3 2.50e+00    -  2.42e-01 1.10e-01h  3
2221  1.4780867e+00 1.31e-01 5.70e-02  -6.3 2.36e+00    -  5.16e-01 4.40e-01h  1
2222  1.4763045e+00 8.04e-01 6.28e-02  -6.3 2.44e+00    -  9.04e-02 5.78e-02h  1
2223  1.4720467e+00 4.33e-01 4.29e-02  -6.3 8.22e-01    -  1.00e+00 4.59e-01h  1
2224  1.4716863e+00 4.24e-01 5.82e-02  -6.3 4.85e+00    -  1.68e-01 2.31e-02h  3
2225  1.4693245e+00 7.13e-02 6.71e-02  -6.3 4.18e-01    -  7.26e-01 8.70e-01h  1
2226  1.4676253e+00 2.06e-01 8.72e-02  -6.3 3.03e+00    -  3.66e-01 1.15e-01h  1
2227  1.4698433e+00 1.20e-01 1.02e-01  -6.3 5.31e-01    -  1.00e+00 1.00e+00h  1
2228  1.4682966e+00 7.04e-02 4.20e-02  -6.3 1.96e-01    -  6.89e-01 1.00e+00h  1
2229  1.4677166e+00 1.57e-02 1.12e-02  -6.3 1.87e-01    -  1.00e+00 1.00e+00h  1
iter    objective    inf_pr   inf_du lg(mu)  ||d||  lg(rg) alpha_du alpha_pr  ls
2230  1.4668422e+00 3.94e-02 1.78e-02  -6.3 4.37e-01    -  1.00e+00 6.60e-01h  1
2231  1.4666047e+00 1.28e-02 2.67e-02  -6.3 1.90e-01    -  1.00e+00 8.03e-01h  1
2232  1.4661411e+00 5.94e-03 2.10e-02  -6.3 9.15e-02    -  1.00e+00 1.00e+00f  1
2233  1.4684575e+00 5.47e-03 8.87e-02  -6.3 1.18e-01    -  1.00e+00 1.00e+00h  1
2234  1.4658546e+00 4.49e-03 9.05e-04  -6.3 1.13e-01    -  9.37e-01 1.00e+00h  1
2235  1.4657833e+00 1.07e-04 5.27e-04  -6.3 2.68e-02    -  1.00e+00 1.00e+00h  1
2236  1.4648762e+00 4.59e-02 5.08e-02  -6.3 1.16e+00    -  8.49e-01 5.00e-01h  2
2237  1.4635443e+00 6.61e-01 6.68e-02  -6.4 1.08e+01    -  2.33e-01 1.19e-01h  1
2238  1.4632506e+00 6.35e-01 6.84e-02  -6.4 6.37e+00    -  4.62e-01 5.66e-02h  3
2239  1.4625007e+00 5.13e-01 6.85e-02  -6.4 3.41e+00    -  2.67e-01 1.88e-01h  2
iter    objective    inf_pr   inf_du lg(mu)  ||d||  lg(rg) alpha_du alpha_pr  ls
2240  1.4620775e+00 4.40e-01 6.09e-02  -6.4 5.39e-01    -  2.62e-01 4.43e-01h  1
2241  1.4617317e+00 2.46e-01 5.11e-02  -6.4 2.51e-01    -  7.68e-01 4.24e-01h  1
2242  1.4613730e+00 7.83e-02 2.67e-02  -6.5 1.24e-01    -  9.57e-01 6.74e-01f  1
2243  1.4607231e+00 1.26e-01 1.28e-02  -6.5 6.44e-01    -  1.00e+00 7.66e-01h  1
2244  1.4603540e+00 1.09e-01 1.44e-02  -6.5 1.89e+00    -  3.50e-01 1.22e-01h  3
2245  1.4596782e+00 7.71e-02 1.67e-02  -6.5 1.28e+00    -  8.73e-01 3.50e-01h  2
2246  1.4594764e+00 7.49e-02 2.19e-02  -6.5 3.56e+00    -  1.73e-01 3.59e-02h  4
2247  1.4588255e+00 5.00e-02 2.43e-02  -6.5 5.50e-01    -  5.30e-01 1.00e+00H  1
2248  1.4584274e+00 1.76e-01 3.24e-02  -6.5 1.17e+00    -  4.55e-01 3.68e-01h  2
2249  1.4599454e+00 8.18e-02 9.18e-02  -6.5 1.14e+00    -  6.38e-01 5.40e-01H  1
iter    objective    inf_pr   inf_du lg(mu)  ||d||  lg(rg) alpha_du alpha_pr  ls
2250  1.4576144e+00 2.69e-02 7.73e-03  -6.6 5.62e-01    -  1.77e-01 1.00e+00h  1
2251  1.4571501e+00 6.07e-02 5.04e-03  -6.5 2.60e-01    -  1.00e+00 1.00e+00h  1
2252  1.4572578e+00 8.66e-02 1.50e-02  -6.5 3.25e-01    -  6.23e-01 9.90e-01H  1
2253  1.4563031e+00 6.34e-03 8.85e-03  -6.6 3.31e-01    -  1.00e+00 1.00e+00h  1
2254  1.4559778e+00 1.48e-02 1.09e-02  -6.6 9.25e-01    -  5.52e-01 1.76e-01h  2
2255  1.4558430e+00 2.23e-02 1.74e-02  -6.6 5.11e-01    -  5.54e-01 1.70e-01h  3
2256  1.4553776e+00 8.83e-03 9.84e-03  -6.6 1.77e-01    -  1.00e+00 1.00e+00h  1
2257  1.4551986e+00 5.67e-03 1.07e-02  -6.6 1.12e+00    -  6.32e-01 8.90e-02h  3
2258  1.4547778e+00 2.10e-02 1.24e-02  -6.6 1.03e+00    -  7.52e-01 2.12e-01h  2
2259  1.4537040e+00 6.13e-02 1.96e-02  -6.7 1.91e+00    -  4.27e-01 3.12e-01h  1
iter    objective    inf_pr   inf_du lg(mu)  ||d||  lg(rg) alpha_du alpha_pr  ls
2260  1.4606321e+00 1.82e-02 2.69e-02  -6.4 1.37e+00    -  5.29e-01 1.00e+00H  1
2261  1.4578922e+00 2.78e-01 1.16e-02  -6.6 2.52e+00    -  4.53e-01 2.85e-01h  1
2262  1.4550814e+00 3.95e-01 2.18e-02  -6.6 2.47e+00    -  1.08e-01 2.62e-01f  1
2263  1.4540845e+00 3.20e-01 2.40e-02  -6.6 1.47e+00    -  6.50e-01 1.87e-01h  1
2264  1.4545575e+00 2.14e-01 5.12e-02  -6.6 1.17e+00    -  1.46e-01 3.26e-01h  2
2265  1.4540424e+00 1.89e-01 4.36e-02  -6.6 4.85e-01    -  9.19e-01 1.21e-01h  1
2266  1.4533965e+00 1.58e-01 5.93e-02  -6.6 1.76e+00    -  3.20e-01 1.65e-01h  1
2267  1.4513936e+00 8.01e-01 5.23e-02  -6.9 1.60e+00    -  5.79e-01 5.93e-01h  1
2268  1.4554655e+00 7.30e-01 3.41e-02  -6.2 2.71e+00    -  1.16e-01 4.53e-01h  1
2269  1.4546910e+00 6.55e-01 2.91e-02  -6.7 2.93e+00    -  3.28e-01 1.02e-01h  1
iter    objective    inf_pr   inf_du lg(mu)  ||d||  lg(rg) alpha_du alpha_pr  ls
2270  1.4527524e+00 4.00e-01 5.27e-02  -6.7 1.03e+00    -  3.37e-01 3.85e-01h  1
2271  1.4517826e+00 3.77e-01 1.62e-02  -6.7 3.12e+00    -  2.70e-01 5.63e-02h  1
2272  1.4495660e+00 1.81e-01 2.08e-02  -6.7 1.24e+00    -  5.41e-01 5.26e-01h  1
2273  1.4588717e+00 9.72e-01 4.45e-02  -6.2 7.37e+00    -  5.13e-02 3.41e-01f  1
2274  1.4582777e+00 8.82e-01 2.15e-02  -6.7 7.02e+00    -  5.93e-02 6.59e-02h  1
2275  1.4564714e+00 8.05e-01 2.25e-02  -6.7 5.74e+00    -  3.29e-01 8.62e-02h  1
2276  1.4580035e+00 6.35e-01 3.89e-02  -6.7 8.70e+00    -  2.00e-01 1.73e-01h  1
2277  1.4546551e+00 6.67e-01 3.64e-02  -6.7 4.89e+00    -  3.58e-02 9.66e-02h  1
2278  1.4525870e+00 7.10e-01 6.45e-02  -6.7 3.62e+00    -  1.26e-01 1.02e-01h  1
2279  1.4505684e+00 9.45e-01 3.77e-02  -6.7 2.37e+00    -  4.70e-01 1.97e-01h  1
iter    objective    inf_pr   inf_du lg(mu)  ||d||  lg(rg) alpha_du alpha_pr  ls
2280  1.4476581e+00 7.34e-01 3.57e-02  -6.7 1.30e+00    -  1.80e-01 2.22e-01h  1
2281  1.4485457e+00 5.04e-01 2.24e-02  -6.5 1.47e+00    -  1.35e-01 4.30e-01f  1
2282  1.4492101e+00 4.80e-01 2.23e-02  -6.4 4.76e+00    -  2.37e-01 4.61e-02h  3
2283  1.4479716e+00 2.23e-02 2.13e-02  -6.7 5.98e-01    -  4.50e-01 9.92e-01h  1
2284  1.4472309e+00 2.01e-02 2.05e-02  -6.7 1.20e+00    -  1.00e+00 1.36e-01h  1
2285  1.4465992e+00 1.53e-02 1.84e-02  -6.7 1.13e+00    -  7.52e-01 1.72e-01h  2
2286  1.4472628e+00 4.54e-01 2.95e-02  -6.7 5.37e-01    -  1.00e+00 9.45e-01H  1
2287  1.4541540e+00 1.42e+00 3.66e-02  -6.2 5.25e+00    -  7.04e-02 5.11e-01h  1
2288  1.4538880e+00 1.41e+00 4.52e-02  -6.7 4.91e+00    -  1.72e-01 1.04e-02h  1
2289  1.4480571e+00 4.81e-01 5.88e-03  -6.7 2.33e+00    -  2.54e-01 6.57e-01h  1
iter    objective    inf_pr   inf_du lg(mu)  ||d||  lg(rg) alpha_du alpha_pr  ls
2290  1.4503060e+00 1.59e+00 1.05e-01  -6.7 4.12e+00    -  3.47e-01 2.66e-01h  1
2291  1.4472867e+00 1.24e+00 6.28e-02  -6.7 1.71e+00    -  4.73e-01 2.80e-01h  1
2292  1.4446693e+00 1.25e+00 3.27e-02  -6.7 3.91e+00    -  1.21e-01 9.23e-02h  1
2293  1.4453247e+00 1.18e+00 2.25e-02  -6.5 2.13e+00    -  6.58e-02 2.17e-01h  1
2294  1.4554385e+00 1.61e+00 3.04e-02  -6.1 1.49e+01    -  2.20e-02 1.76e-01h  1
2295  1.4579534e+00 1.55e+00 2.79e-02  -6.8 1.10e+01    -  4.79e-02 4.90e-02h  2
2296  1.4509053e+00 9.94e-01 2.96e-02  -6.8 3.26e+00    -  1.55e-01 3.63e-01h  1
2297  1.4490427e+00 9.85e-01 3.25e-02  -6.8 3.45e+01    -  1.55e-02 8.28e-03h  3
2298  1.4449640e+00 4.60e-01 2.34e-02  -6.8 1.96e+00    -  7.21e-01 5.71e-01h  1
2299  1.4448389e+00 4.59e-01 1.15e-02  -6.8 8.66e+00    -  4.19e-02 6.00e-03h  4
iter    objective    inf_pr   inf_du lg(mu)  ||d||  lg(rg) alpha_du alpha_pr  ls
2300  1.4443331e+00 3.66e-01 9.45e-03  -6.8 7.36e-01    -  8.35e-01 2.07e-01h  1
2301  1.4591886e+00 1.74e+00 5.64e-02  -6.0 1.37e+01  -6.7 1.37e-01 1.28e-01f  1
2302  1.4765480e+00 7.26e-01 1.70e-01  -6.6 1.88e+00    -  5.36e-01 5.66e-01h  1
2303  1.4625600e+00 6.39e-01 1.34e-01  -6.6 2.88e+00    -  3.73e-01 2.07e-01h  1
2304  1.4605773e+00 6.52e-01 1.16e-01  -6.6 4.66e+00    -  6.87e-02 8.14e-02h  1
2305  1.4463444e+00 3.23e-01 4.58e-02  -6.6 9.90e-01    -  5.55e-01 5.86e-01h  1
2306  1.4455950e+00 2.83e-01 2.72e-02  -6.6 4.81e-01    -  2.26e-01 1.24e-01h  1
2307  1.4426708e+00 7.92e-02 4.74e-02  -6.8 5.60e-01    -  1.00e+00 1.00e+00h  1
2308  1.4426790e+00 4.99e-01 3.05e-02  -6.4 9.59e-01    -  3.30e-01 9.39e-02h  3
2309  1.4423231e+00 5.32e-02 2.82e-03  -6.7 1.58e-01    -  6.07e-01 1.00e+00h  1
iter    objective    inf_pr   inf_du lg(mu)  ||d||  lg(rg) alpha_du alpha_pr  ls
2310  1.4417826e+00 8.32e-02 1.80e-02  -6.8 1.66e-01    -  1.00e+00 1.00e+00H  1
2311  1.4404194e+00 3.86e-02 8.56e-03  -6.8 6.06e-01    -  1.00e+00 6.54e-01h  1
2312  1.4401109e+00 3.91e-02 1.21e-02  -6.8 2.85e+00    -  3.46e-01 5.16e-02h  3
2313  1.4393153e+00 2.67e-02 1.21e-02  -7.0 9.39e-01    -  6.11e-01 3.29e-01h  1
2314  1.4388892e+00 4.04e-02 3.09e-02  -7.0 1.43e+00    -  4.84e-01 1.44e-01h  2
2315  1.4397813e+00 7.18e-01 6.27e-03  -6.7 6.40e-01    -  3.00e-01 3.02e-01h  1
2316  1.4394001e+00 6.29e-01 9.63e-03  -6.9 4.42e-01    -  3.24e-01 1.25e-01h  1
2317  1.4384135e+00 5.05e-01 1.37e-02  -6.9 1.26e+00    -  8.80e-01 1.97e-01h  1
2318  1.4390877e+00 1.44e+00 9.56e-03  -6.5 2.31e+00    -  7.69e-02 9.30e-02h  3
2319  1.4383180e+00 1.15e+00 1.19e-02  -7.0 1.12e+00    -  5.66e-01 2.03e-01h  1
iter    objective    inf_pr   inf_du lg(mu)  ||d||  lg(rg) alpha_du alpha_pr  ls
2320  1.4419339e+00 7.99e-01 1.87e-02  -6.5 1.90e+00    -  2.10e-01 2.96e-01h  2
2321  1.4403673e+00 6.29e-01 3.91e-02  -6.9 2.20e+00    -  4.98e-01 2.30e-01h  1
2322  1.4400692e+00 1.69e+00 1.13e-02  -6.9 1.21e+01    -  1.02e-01 3.75e-02h  2
2323  1.4386447e+00 1.40e+00 5.86e-03  -6.9 1.43e+00    -  2.15e-01 1.97e-01h  1
2324  1.4383756e+00 1.37e+00 2.25e-02  -6.9 3.08e+00    -  1.88e-01 2.56e-02h  1
2325  1.4373394e+00 1.58e+00 6.59e-03  -6.9 5.01e-01    -  5.18e-01 4.69e-01h  1
2326  1.4468027e+00 3.00e-01 1.82e-02  -6.5 2.16e+00    -  9.00e-02 8.23e-01f  1
2327  1.4461556e+00 2.89e-01 1.70e-02  -6.9 4.91e+00    -  2.84e-01 4.40e-02h  1
2328  1.4421729e+00 3.37e-01 4.23e-02  -6.9 2.83e+00    -  3.28e-01 3.62e-01h  1
2329  1.4417098e+00 4.65e-01 3.17e-02  -6.9 1.59e+01  -7.2 5.91e-02 2.66e-02h  2
iter    objective    inf_pr   inf_du lg(mu)  ||d||  lg(rg) alpha_du alpha_pr  ls
2330  1.4392144e+00 3.14e-01 9.73e-03  -6.9 1.13e+00    -  2.40e-01 3.38e-01h  1
2331  1.4442721e+00 8.80e-01 1.39e-01  -6.9 1.88e+00    -  1.90e-01 2.08e-01h  1
2332  1.4400316e+00 3.21e-01 1.22e-02  -6.9 2.24e-01    -  3.60e-01 6.41e-01h  1
2333  1.4393932e+00 2.92e-01 1.07e-02  -6.9 2.54e-01    -  1.48e-01 9.09e-02h  1
2334  1.4370733e+00 1.38e-01 8.68e-03  -6.9 2.25e-01    -  1.63e-01 5.33e-01f  1
2335  1.4439824e+00 1.78e-01 3.97e-02  -6.3 2.59e+00    -  1.68e-02 5.32e-01f  1
2336  1.4464481e+00 1.67e-01 1.55e-02  -6.9 2.78e+00    -  1.83e-01 5.67e-02h  1
2337  1.4378848e+00 1.37e-01 8.73e-03  -6.9 1.52e+00    -  1.66e-01 6.59e-01f  1
2338  1.4646927e+00 1.19e-01 1.88e-01  -6.9 1.93e+00    -  1.81e-01 1.68e-01H  1
2339  1.4431188e+00 9.17e-02 9.16e-02  -6.9 4.71e-01    -  5.87e-01 5.01e-01f  1
iter    objective    inf_pr   inf_du lg(mu)  ||d||  lg(rg) alpha_du alpha_pr  ls
2340  1.4363235e+00 4.67e-02 5.84e-02  -6.9 2.41e-01    -  8.02e-01 7.58e-01h  1
2341  1.4360739e+00 3.84e-02 1.93e-02  -6.7 2.01e-01    -  4.39e-01 1.80e-01f  3
2342  1.4356178e+00 1.52e-03 4.01e-04  -6.9 4.96e-02    -  1.00e+00 1.00e+00h  1
2343  1.4349773e+00 1.61e-03 2.32e-03  -7.0 2.16e-01    -  1.00e+00 9.89e-01h  1
2344  1.4349283e+00 1.75e-03 3.16e-03  -7.0 2.35e+00    -  2.94e-01 2.49e-02h  5
2345  1.4342364e+00 1.72e-03 4.21e-03  -7.0 5.42e-01    -  1.00e+00 5.81e-01h  1
2346  1.4342597e+00 3.08e-03 5.48e-03  -6.7 8.11e+00    -  1.88e-01 9.78e-03h  4
2347  1.4340019e+00 2.55e-03 5.20e-03  -7.0 5.98e-01    -  1.00e+00 2.06e-01h  1
2348  1.4339685e+00 2.86e-03 5.60e-03  -7.0 2.75e+00    -  4.69e-01 2.24e-02h  5
2349  1.4335882e+00 1.82e-03 4.81e-03  -7.0 5.58e-01    -  1.00e+00 4.49e-01h  1
iter    objective    inf_pr   inf_du lg(mu)  ||d||  lg(rg) alpha_du alpha_pr  ls
2350  1.4335052e+00 4.00e-03 6.22e-03  -7.0 3.19e+00    -  4.92e-01 5.48e-02h  4
2351  1.4334551e+00 3.94e-03 5.83e-03  -7.0 1.48e+00    -  1.00e+00 4.99e-02h  5
2352  1.4333700e+00 4.30e-03 5.83e-03  -7.0 1.22e+00    -  9.95e-01 1.13e-01h  4
2353  1.4332251e+00 5.01e-03 6.58e-03  -7.1 2.12e+00    -  7.56e-01 1.09e-01h  3
2354  1.4331307e+00 5.02e-03 6.45e-03  -7.0 2.02e+00    -  8.23e-01 9.16e-02h  3
2355  1.4330016e+00 6.63e-03 8.20e-03  -7.0 3.15e+00    -  5.35e-01 9.51e-02h  3
2356  1.4329166e+00 7.03e-03 6.69e-03  -7.0 4.70e+00    -  4.14e-01 3.82e-02h  4
2357  1.4328137e+00 7.08e-03 6.64e-03  -7.0 1.66e+00    -  6.63e-01 1.56e-01h  3
2358  1.4327624e+00 7.07e-03 6.76e-03  -7.0 2.32e+00    -  6.37e-01 5.29e-02h  4
2359  1.4326817e+00 6.48e-03 7.78e-03  -7.0 2.69e+00    -  1.00e+00 1.07e-01h  3
iter    objective    inf_pr   inf_du lg(mu)  ||d||  lg(rg) alpha_du alpha_pr  ls
2360  1.4326313e+00 7.16e-03 7.25e-03  -7.0 2.79e+00    -  6.57e-01 6.10e-02h  4
2361  1.4321656e+00 3.02e-01 7.66e-03  -7.2 3.56e+00    -  8.06e-01 3.19e-01h  1
2362  1.4359928e+00 9.79e-01 7.58e-02  -6.5 1.89e+01    -  4.49e-02 1.05e-01h  2
2363  1.4346305e+00 7.94e-01 4.27e-02  -7.2 7.49e+00    -  6.74e-01 1.88e-01h  1
2364  1.4333068e+00 7.66e-01 1.89e-02  -7.2 2.05e+01    -  7.17e-02 3.60e-02h  1
2365  1.4323789e+00 6.06e-01 8.34e-03  -7.2 3.12e+00    -  1.25e-01 2.10e-01h  1
2366  1.4318017e+00 5.14e-01 1.71e-02  -7.2 4.42e+00    -  3.55e-02 1.56e-01h  1
2367  1.4316496e+00 5.04e-01 8.24e-03  -7.5 5.10e+00    -  3.09e-01 1.97e-02h  1
2368  1.4322747e+00 6.07e-02 7.90e-03  -7.0 6.37e-01    -  6.78e-01 8.77e-01h  1
2369  1.4321035e+00 5.24e-02 5.26e-03  -7.1 7.63e-01    -  6.41e-01 1.39e-01h  1
iter    objective    inf_pr   inf_du lg(mu)  ||d||  lg(rg) alpha_du alpha_pr  ls
2370  1.4314970e+00 3.65e-02 1.04e-02  -7.5 1.98e+00    -  7.23e-01 3.06e-01h  1
2371  1.4332689e+00 5.29e-02 5.11e-02  -6.5 2.28e+01    -  4.55e-02 3.52e-02h  3
2372  1.4323748e+00 5.02e-02 5.73e-02  -7.3 6.51e+00    -  8.38e-01 1.50e-01h  1
2373  1.4319778e+00 1.87e-01 3.11e-02  -7.3 7.76e+00    -  1.68e-01 2.90e-02h  2
2374  1.4315949e+00 1.64e-01 2.70e-02  -7.3 1.46e+00    -  5.88e-01 1.22e-01h  1
2375  1.4314930e+00 1.60e-01 4.79e-03  -7.3 4.81e+00    -  1.29e-01 2.54e-02h  3
2376  1.4314472e+00 3.48e-01 2.92e-03  -7.0 2.98e-01    -  2.15e-01 1.00e+00h  1
2377  1.4335035e+00 1.13e-01 8.58e-03  -6.8 2.53e+00    -  1.38e-01 6.68e-01h  1
2378  1.4332674e+00 1.07e-01 7.41e-03  -7.2 4.92e+00    -  5.39e-01 5.88e-02h  3
2379  1.4324831e+00 8.22e-02 1.06e-02  -7.2 4.78e+00    -  4.88e-01 2.54e-01h  1
iter    objective    inf_pr   inf_du lg(mu)  ||d||  lg(rg) alpha_du alpha_pr  ls
2380  1.4324687e+00 7.78e-02 2.36e-02  -7.2 7.22e+00    -  2.89e-01 5.62e-02h  3
2381  1.4316119e+00 4.32e-02 1.33e-02  -7.2 2.87e+00    -  3.21e-01 3.97e-01h  1
2382  1.4318849e+00 4.19e-02 3.83e-02  -7.2 2.31e+00    -  2.13e-01 5.18e-02h  1
2383  1.4312727e+00 2.21e-02 1.97e-02  -7.2 4.99e-01    -  1.27e-01 4.79e-01f  1
2384  1.4310643e+00 1.73e-02 1.56e-02  -7.2 1.16e-01    -  7.51e-01 2.29e-01h  1
2385  1.4307772e+00 9.08e-03 2.61e-03  -7.2 7.72e-02    -  1.00e+00 5.55e-01h  1
2386  1.4305329e+00 9.30e-02 1.61e-03  -7.3 1.38e-01    -  1.00e+00 1.00e+00h  1
2387  1.4312411e+00 4.20e-01 2.70e-03  -7.0 5.20e-01    -  3.75e-01 8.65e-01h  1
2388  1.4311124e+00 3.32e-01 3.67e-03  -7.3 1.21e+00    -  8.49e-01 2.08e-01h  1
2389  1.4309106e+00 2.71e-01 1.80e-02  -7.3 1.35e+00    -  1.00e+00 1.83e-01f  2
iter    objective    inf_pr   inf_du lg(mu)  ||d||  lg(rg) alpha_du alpha_pr  ls
2390  1.4306682e+00 2.65e-01 3.52e-03  -7.3 3.16e+00    -  3.82e-01 9.30e-02h  2
2391  1.4304520e+00 3.29e-01 1.28e-03  -7.3 1.17e+00    -  3.77e-01 1.91e-01h  3
2392  1.4320656e+00 4.67e-02 4.76e-03  -7.0 1.42e+00    -  3.16e-01 8.52e-01H  1
2393  1.4318151e+00 4.12e-02 3.97e-03  -7.2 1.77e+00    -  7.27e-01 1.18e-01h  3
2394  1.4304274e+00 2.58e-02 5.10e-03  -7.2 2.34e+00    -  2.88e-01 6.23e-01h  1
2395  1.4304507e+00 8.14e-02 3.02e-03  -7.0 1.62e+00    -  2.89e-01 4.85e-02h  2
2396  1.4301644e+00 5.91e-02 5.94e-03  -7.2 3.63e-01    -  3.56e-01 4.14e-01h  1
2397  1.4301264e+00 7.53e-02 7.93e-03  -7.3 6.30e-01    -  3.65e-01 2.55e-02h  4
2398  1.4300541e+00 4.96e-02 6.58e-04  -7.2 2.19e-02    -  1.00e+00 1.00e+00h  1
2399  1.4298202e+00 9.37e-02 2.15e-03  -7.3 2.51e-01    -  1.00e+00 1.00e+00h  1
iter    objective    inf_pr   inf_du lg(mu)  ||d||  lg(rg) alpha_du alpha_pr  ls
2400  1.4298102e+00 1.92e-01 7.93e-04  -7.3 3.19e+00    -  2.36e-01 1.07e-02h  5
2401  1.4296385e+00 3.72e-02 1.41e-03  -7.3 3.05e-01    -  1.00e+00 8.06e-01h  1
2402  1.4296205e+00 3.56e-02 1.30e-03  -7.3 2.01e+00    -  6.80e-01 4.58e-02h  3
2403  1.4295269e+00 1.52e-02 1.20e-03  -7.3 5.41e-01    -  9.96e-01 5.68e-01h  1
2404  1.4294828e+00 1.37e-01 7.80e-03  -7.3 2.74e+00    -  8.25e-01 5.79e-02h  3
2405  1.4298877e+00 1.06e-01 1.64e-02  -7.1 9.00e-01    -  1.34e-01 2.33e-01h  1
2406  1.4295687e+00 7.35e-02 1.27e-02  -7.4 1.16e+00    -  7.66e-02 2.99e-01h  1
2407  1.4295296e+00 7.30e-02 9.84e-03  -7.4 2.95e+00    -  1.89e-01 7.13e-03h  1
2408  1.4293361e+00 5.18e-02 5.68e-03  -7.4 6.69e-01    -  4.50e-02 2.89e-01f  1
2409  1.4293200e+00 5.17e-02 4.90e-03  -7.4 3.96e+00    -  1.19e-01 3.04e-02h  3
iter    objective    inf_pr   inf_du lg(mu)  ||d||  lg(rg) alpha_du alpha_pr  ls
2410  1.4291545e+00 2.57e-01 2.03e-03  -7.3 2.71e-01    -  7.13e-01 7.39e-01h  1
2411  1.4328772e+00 6.06e-02 8.70e-03  -7.0 1.62e+00    -  4.10e-02 9.29e-01H  1
2412  1.4317325e+00 1.88e-01 1.68e-02  -7.4 2.83e+00    -  1.17e-01 2.02e-01h  1
2413  1.4316533e+00 6.38e-01 5.53e-02  -7.4 6.83e+00    -  3.55e-04 2.04e-02f  2
2414  1.4314975e+00 6.15e-01 5.31e-02  -7.4 1.74e+00    -  2.59e-01 3.54e-02h  1
2415  1.4313707e+00 5.92e-01 6.15e-02  -7.4 1.95e+00    -  8.09e-02 3.84e-02f  2
2416  1.4313074e+00 5.82e-01 6.00e-02  -7.4 1.21e+00    -  9.56e-01 1.66e-02h  1
2417  1.4310148e+00 6.53e-01 7.59e-02  -7.4 7.39e+00    -  8.12e-02 5.92e-02h  1
2418  1.4300410e+00 4.39e-01 7.82e+02  -7.4 1.16e+00    -  8.25e-07 3.28e-01h  1
2419  1.4299127e+00 4.00e-01 7.14e+02  -7.4 1.22e+00    -  1.46e-01 8.70e-02h  1
iter    objective    inf_pr   inf_du lg(mu)  ||d||  lg(rg) alpha_du alpha_pr  ls
2420  1.4298018e+00 3.72e-01 6.64e+02  -7.4 7.01e-01    -  4.28e-02 7.08e-02f  1
2421  1.4296732e+00 3.32e-01 5.94e+02  -7.4 9.36e-01    -  4.72e-01 1.05e-01f  1
2422  1.4292763e+00 2.39e-01 4.26e+02  -7.4 8.62e-01    -  2.52e-01 2.82e-01h  1
2423  1.4295549e+00 2.14e-01 3.82e+02  -7.4 7.34e-01    -  1.36e-01 1.04e-01h  1
2424  1.4292510e+00 1.62e-01 2.89e+02  -7.4 4.59e-01    -  6.80e-01 2.44e-01h  1
2425  1.4290946e+00 1.31e-01 2.34e+02  -7.4 4.27e-01    -  1.00e+00 1.89e-01h  1
2426  1.4290194e+00 1.05e-01 1.88e+02  -7.4 8.61e-01    -  3.33e-01 1.97e-01h  1
2427  1.4287163e+00 2.74e-03 4.85e+00  -7.4 1.38e-01    -  4.40e-01 9.74e-01h  1
2428  1.4286880e+00 6.58e-02 3.83e+00  -7.4 1.38e-01    -  4.72e-01 2.10e-01h  3
2429  1.4285003e+00 9.71e-04 4.07e-03  -7.6 1.21e-01    -  1.00e+00 1.00e+00h  1
iter    objective    inf_pr   inf_du lg(mu)  ||d||  lg(rg) alpha_du alpha_pr  ls
2430  1.4282785e+00 4.84e-01 4.16e-03  -7.6 4.75e-01    -  1.00e+00 4.86e-01h  1
2431  1.4286089e+00 1.84e-01 1.53e-03  -7.3 2.86e-01    -  7.59e-01 6.18e-01h  1
2432  1.4285204e+00 1.42e-01 1.22e-03  -7.5 5.80e-01    -  7.12e-01 2.29e-01h  1
2433  1.4283805e+00 7.10e-02 1.44e-03  -7.5 2.04e-01    -  8.82e-01 5.00e-01f  2
2434  1.4295412e+00 3.17e-01 3.35e-03  -7.2 8.89e-01    -  2.33e-01 9.87e-01h  1
2435  1.4295055e+00 4.16e-01 9.72e-03  -7.5 1.12e+00    -  6.25e-01 4.41e-02h  4
2436  1.4282982e+00 1.72e-02 7.90e-03  -7.5 9.59e-01    -  1.00e+00 9.50e-01h  1
2437  1.4283550e+00 1.70e-02 1.31e-02  -7.5 4.22e+00    -  5.04e-02 1.16e-02h  4
2438  1.4282094e+00 1.45e-03 4.10e-04  -7.5 5.41e-02    -  1.00e+00 1.00e+00h  1
2439  1.4281878e+00 7.48e-05 1.19e-03  -7.5 3.26e-02    -  1.00e+00 9.87e-01h  1
iter    objective    inf_pr   inf_du lg(mu)  ||d||  lg(rg) alpha_du alpha_pr  ls
2440  1.4277977e+00 1.16e-01 3.57e-03  -7.6 5.14e-01    -  1.00e+00 9.68e-01h  1
2441  1.4284080e+00 1.39e+00 3.36e-03  -7.3 6.30e-01    -  5.18e-01 5.11e-01h  1
2442  1.4283242e+00 1.26e+00 3.09e-03  -7.5 1.46e+00    -  6.42e-01 9.11e-02h  1
2443  1.4282990e+00 1.03e+00 2.83e-02  -7.5 2.97e+00    -  2.83e-01 1.83e-01h  1
2444  1.4281556e+00 7.27e-01 7.66e-03  -7.5 4.77e-01    -  2.63e-01 2.96e-01f  1
2445  1.4281092e+00 6.79e-01 7.46e-03  -7.5 1.33e-01    -  3.39e-01 6.65e-02h  1
2446  1.4280401e+00 5.05e-01 1.09e-02  -7.5 1.29e-01    -  5.22e-01 2.55e-01f  2
2447  1.4279393e+00 3.70e-01 7.36e-03  -7.5 2.07e-01    -  1.00e+00 2.68e-01h  1
2448  1.4278135e+00 2.33e-03 1.17e-03  -7.5 4.56e-02    -  1.00e+00 1.00e+00f  1
2449  1.4277771e+00 2.79e-04 3.90e-03  -7.6 1.33e-02    -  1.00e+00 1.00e+00h  1
iter    objective    inf_pr   inf_du lg(mu)  ||d||  lg(rg) alpha_du alpha_pr  ls
2450  1.4276108e+00 3.32e-04 4.10e-03  -7.8 8.74e-02    -  1.00e+00 9.95e-01h  1
2451  1.4297310e+00 1.03e-03 9.42e-02  -7.5 2.03e-01    -  1.00e+00 8.56e-01H  1
2452  1.4276417e+00 6.19e-03 3.47e-04  -7.6 1.56e-01    -  1.99e-01 1.00e+00h  1
2453  1.4276353e+00 2.17e-06 3.93e-04  -7.6 2.45e-02    -  1.00e+00 1.00e+00h  1

Number of Iterations....: 2453

                                   (scaled)                 (unscaled)
Objective...............:   1.4276353148649030e+00    1.4276353148649030e+00
Dual infeasibility......:   3.9342902319773333e-04    3.9342902319773333e-04
Constraint violation....:   6.2553834729834064e-07    2.1734927599936782e-06
Variable bound violation:   0.0000000000000000e+00    0.0000000000000000e+00
Complementarity.........:   2.7748621629918356e-08    2.7748621629918356e-08
Overall NLP error.......:   3.9342902319773333e-04    3.9342902319773333e-04


Number of objective function evaluations             = 3940
Number of objective gradient evaluations             = 2451
Number of equality constraint evaluations            = 3940
Number of inequality constraint evaluations          = 3940
Number of equality constraint Jacobian evaluations   = 2457
Number of inequality constraint Jacobian evaluations = 2457
Number of Lagrangian Hessian evaluations             = 0
Total seconds in IPOPT                               = 14041.538

EXIT: Optimal Solution Found.
      solver  :   t_proc      (avg)   t_wall      (avg)    n_eval
       nlp_f  |  58.85 s ( 14.94ms)   8.71 s (  2.21ms)      3940
       nlp_g  |   2.20ks (558.99ms) 319.84 s ( 81.18ms)      3940
  nlp_grad_f  |  24.20 s (  9.87ms)  12.02 s (  4.90ms)      2452
   nlp_jac_g  | 954.29 s (388.24ms) 944.75 s (384.36ms)      2458
       total  | 104.73ks (104.73ks)  14.04ks ( 14.04ks)         1

Contributions to the objective function:
	Muscle activations: 13.42%
	Muscle activation derivatives: 0.0%
	Muscle-tendon force derivatives: 0.0%
	Arm excitations: 0.0%
	Lumbar excitations: 0.0%
	Joint accelerations: 0.0%
	Position tracking: 23.16%
	Velocity tracking: 14.28%
	Acceleration tracking: 49.14%

Number of iterations: 2453

Computing knee adduction moments.

Computing medial knee contact forces.


  >>> Solve: 14479.5s (241.3 min)

  >>> Total: 241.3 min
  >>> Solver status: Solve_Succeeded

  >>> <run> COMPLETE

