
======================================================================
  EXPERIMENT mesh100: trial=treadmill_walk01_pre speed=0.333 m/s mesh=100 window=[2.0, 8.0] case=mesh100
======================================================================


  >>> Prep: 0.0s (treadmill_speed=0.333)
Processing treadmill_walk01_pre - Case mesh100

******************************************************************************
This program contains Ipopt, a library for large-scale nonlinear optimization.
 Ipopt is released as open source code under the Eclipse Public License (EPL).
         For more information visit https://github.com/coin-or/Ipopt
******************************************************************************

This is Ipopt version 3.14.11, running with linear solver MUMPS 5.4.1.

Number of nonzeros in equality constraint Jacobian...:  3967800
Number of nonzeros in inequality constraint Jacobian.:   193200
Number of nonzeros in Lagrangian Hessian.............:        0

Total number of variables............................:   697440
                     variables with only lower bounds:        0
                variables with lower and upper bounds:   697440
                     variables with only upper bounds:        0
Total number of equality constraints.................:   641400
Total number of inequality constraints...............:    96600
        inequality constraints with only lower bounds:    48000
   inequality constraints with lower and upper bounds:      600
        inequality constraints with only upper bounds:    48000

iter    objective    inf_pr   inf_du lg(mu)  ||d||  lg(rg) alpha_du alpha_pr  ls
   0  1.9259268e+00 5.69e+03 1.00e+00   0.0 0.00e+00    -  0.00e+00 0.00e+00   0
   1  2.1734776e+00 5.68e+03 1.42e+02   2.4 1.98e+04    -  4.84e-04 4.44e-04f  1
   2  8.0241850e+00 6.17e+03 3.05e+04   2.4 9.64e+03    -  1.41e-03 2.06e-03f  1
   3  9.0194225e+00 5.98e+03 2.92e+04   0.4 2.23e+02    -  2.53e-02 3.15e-02f  1
   4  1.0288539e+01 5.83e+03 2.82e+04   0.4 2.49e+02    -  2.46e-02 2.49e-02f  1
   5  1.0957863e+01 5.72e+03 2.75e+04   0.4 3.91e+02    -  1.13e-02 1.86e-02f  1
   6  1.2821737e+01 5.57e+03 2.79e+04   0.4 2.97e+02    -  3.56e-02 2.74e-02f  1
   7  1.4094690e+01 5.43e+03 2.64e+04   0.4 2.38e+02    -  4.29e-02 2.42e-02f  1
   8  1.6015804e+01 5.23e+03 4.08e+04   0.4 1.93e+02    -  4.87e-02 3.93e-02f  1
   9  1.7950951e+01 5.03e+03 4.85e+04   0.4 1.68e+02    -  4.97e-02 3.91e-02f  1
iter    objective    inf_pr   inf_du lg(mu)  ||d||  lg(rg) alpha_du alpha_pr  ls
  10  1.9629163e+01 4.87e+03 4.89e+04   0.4 1.77e+02    -  4.42e-02 3.18e-02f  1
  11  2.3298006e+01 4.60e+03 4.86e+04   0.4 1.89e+02    -  6.12e-02 5.80e-02f  1
  12  2.4420434e+01 4.49e+03 5.37e+04   0.4 1.46e+02    -  7.06e-02 2.35e-02f  1
  13  2.7859328e+01 4.23e+03 6.88e+04   0.4 1.53e+02    -  6.18e-02 6.05e-02f  1
  14  2.9413823e+01 4.11e+03 6.80e+04   0.4 1.36e+02    -  4.87e-02 2.95e-02f  1
  15  3.1850096e+01 3.93e+03 7.57e+04   0.4 1.43e+02    -  5.37e-02 4.36e-02f  1
  16  3.6555626e+01 3.66e+03 7.69e+04   0.4 1.56e+02    -  5.46e-02 7.17e-02f  1
  17  3.8350360e+01 3.54e+03 7.34e+04   0.4 1.43e+02    -  4.57e-02 3.20e-02f  1
  18  3.8636912e+01 3.52e+03 7.29e+04  -1.2 1.18e+02    -  2.77e-02 5.51e-03h  1
  19  4.1593318e+01 3.35e+03 7.55e+04  -0.0 1.24e+02    -  2.62e-02 5.06e-02f  1
iter    objective    inf_pr   inf_du lg(mu)  ||d||  lg(rg) alpha_du alpha_pr  ls
  20  4.2175010e+01 3.31e+03 6.74e+04  -5.6 1.14e+02    -  2.33e-02 1.13e-02h  1
  21  4.4697611e+01 3.25e+03 7.68e+04   1.4 7.28e+02    -  3.37e-02 1.90e-02f  1
  22  4.5934950e+01 3.17e+03 8.23e+04  -5.5 1.48e+02    -  6.74e-02 2.40e-02h  1
  23  4.6677204e+01 3.12e+03 8.52e+04  -0.2 1.73e+02    -  3.67e-02 1.57e-02f  1
  24  4.9164819e+01 2.97e+03 9.47e+04  -5.5 1.47e+02    -  1.50e-02 4.90e-02h  1
  25  5.1682631e+01 2.82e+03 1.05e+05  -0.7 2.07e+02    -  7.24e-02 5.33e-02h  1
  26  5.3527132e+01 2.71e+03 1.12e+05  -0.4 1.55e+02    -  8.03e-02 4.11e-02h  1
  27  5.3722056e+01 2.69e+03 1.12e+05  -0.1 1.42e+02    -  4.78e-02 5.65e-03f  1
  28  5.6636031e+01 2.50e+03 1.09e+05   0.1 1.28e+02    -  7.03e-02 7.35e-02f  1
  29  5.7177657e+01 2.45e+03 1.10e+05   1.0 1.62e+02    -  6.36e-02 2.12e-02f  1
iter    objective    inf_pr   inf_du lg(mu)  ||d||  lg(rg) alpha_du alpha_pr  ls
  30  5.9687624e+01 2.28e+03 1.07e+05   0.3 1.28e+02    -  8.52e-02 6.92e-02f  1
  31  6.1895721e+01 2.14e+03 1.18e+05   0.7 1.46e+02    -  4.53e-02 6.41e-02f  1
  32  6.2367114e+01 2.10e+03 1.20e+05   1.0 1.74e+02    -  6.44e-02 1.86e-02f  1
  33  6.5191177e+01 1.93e+03 1.39e+05  -0.4 8.05e+01    -  7.16e-02 8.84e-02h  1
  34  6.8345317e+01 1.74e+03 1.75e+05  -5.5 7.01e+01    -  7.57e-02 1.02e-01h  1
  35  7.1332827e+01 1.55e+03 2.01e+05  -1.2 5.43e+01    -  6.91e-02 1.15e-01h  1
  36  7.2813851e+01 1.45e+03 1.98e+05  -5.6 5.64e+01    -  4.90e-02 6.75e-02h  1
  37  7.3992942e+01 1.36e+03 1.94e+05  -0.4 7.11e+01    -  1.20e-01 6.38e-02h  1
  38  7.4612631e+01 1.27e+03 2.19e+05   0.7 1.51e+02    -  5.14e-02 6.69e-02f  1
  39  7.6144946e+01 1.16e+03 2.11e+05  -5.6 4.99e+01    -  1.06e-01 9.20e-02h  1
iter    objective    inf_pr   inf_du lg(mu)  ||d||  lg(rg) alpha_du alpha_pr  ls
  40  7.8935647e+01 9.62e+02 2.01e+05  -0.7 4.29e+01    -  1.41e-01 1.89e-01h  1
  41  8.0882527e+01 7.98e+02 1.81e+05  -0.0 4.29e+01    -  9.68e-02 1.89e-01f  1
  42  8.1614563e+01 7.35e+02 1.67e+05  -1.6 4.61e+01    -  1.93e-01 8.26e-02h  1
  43  8.3136751e+01 6.03e+02 1.45e+05  -0.8 3.56e+01    -  2.39e-01 1.97e-01h  1
  44  8.3548414e+01 5.26e+02 1.31e+05  -0.2 5.92e+01    -  1.27e-01 1.38e-01f  1
  45  8.4620990e+01 4.17e+02 1.11e+05  -0.7 2.79e+01    -  2.54e-01 2.36e-01f  1
  46  8.4681448e+01 3.79e+02 1.03e+05  -0.2 4.55e+01    -  2.33e-01 9.58e-02f  1
  47  8.6178294e+01 2.40e+02 5.68e+04  -0.6 2.58e+01    -  3.04e-01 4.81e-01f  1
  48  8.6080179e+01 1.67e+02 3.42e+04  -1.1 1.27e+01    -  5.18e-01 3.86e-01f  1
  49  8.5864760e+01 1.33e+02 2.57e+04  -6.5 9.25e+00    -  2.56e-01 2.44e-01h  1
iter    objective    inf_pr   inf_du lg(mu)  ||d||  lg(rg) alpha_du alpha_pr  ls
  50  8.4632294e+01 8.41e+01 1.23e+04  -2.0 7.67e+00    -  6.16e-01 5.10e-01h  1
  51  7.8534368e+01 8.51e+01 3.37e+02  -1.9 1.05e+01    -  5.53e-01 9.96e-01f  1
  52  7.4616067e+01 6.74e+01 3.22e+02  -1.8 2.27e+01    -  3.38e-01 3.55e-01f  1
  53  7.0872643e+01 1.06e+02 2.82e+02  -1.9 3.64e+01    -  3.22e-01 4.02e-01f  1
  54  6.7757774e+01 7.50e+01 2.59e+02  -1.9 1.48e+01    -  4.31e-01 4.20e-01f  1
  55  6.5959686e+01 2.80e+01 1.14e+02  -2.4 7.29e+00    -  3.52e-01 6.21e-01h  1
  56  5.6492745e+01 1.53e+02 7.88e+01  -2.9 9.26e+00    -  3.18e-01 9.85e-01h  1
  57  5.1452656e+01 7.17e+01 5.84e+01  -3.0 9.38e+00    -  2.94e-01 6.06e-01h  1
  58  4.7240597e+01 1.00e+02 4.35e+01  -2.5 1.54e+01    -  2.67e-01 5.98e-01h  1
  59  4.2053228e+01 3.37e+02 4.67e+01  -2.9 1.39e+01    -  2.38e-01 7.57e-01h  1
iter    objective    inf_pr   inf_du lg(mu)  ||d||  lg(rg) alpha_du alpha_pr  ls
  60  4.0124864e+01 2.01e+02 2.41e+01  -2.7 1.90e+01    -  2.75e-01 3.77e-01h  1
  61  3.7202087e+01 1.91e+02 2.03e+01  -2.9 2.86e+01    -  2.32e-01 6.43e-01h  1
  62  3.6288836e+01 2.19e+02 2.18e+01  -2.6 3.55e+01    -  2.56e-01 4.00e-01h  1
  63  3.4727749e+01 2.37e+02 1.80e+01  -2.9 2.51e+01    -  1.75e-01 3.44e-01h  1
  64  3.5301444e+01 2.24e+02 1.98e+01  -2.2 4.77e+01    -  2.34e-01 5.40e-02h  1
  65  3.5655581e+01 2.00e+02 2.71e+01  -2.7 2.14e+01    -  1.27e-01 5.75e-01h  1
  66  3.7228985e+01 1.46e+02 3.66e+01  -2.6 1.88e+01    -  9.10e-02 5.43e-01h  1
  67  3.7264732e+01 9.00e+01 3.16e+01  -2.6 2.49e+01    -  3.62e-01 3.49e-01h  1
  68  3.7083965e+01 5.86e+01 2.90e+01  -2.6 2.00e+01    -  3.71e-01 5.26e-01h  1
  69  3.6250574e+01 1.01e+02 2.72e+01  -2.6 2.81e+01    -  7.25e-02 2.16e-01h  1
iter    objective    inf_pr   inf_du lg(mu)  ||d||  lg(rg) alpha_du alpha_pr  ls
  70  3.2387149e+01 3.93e+02 2.06e+01  -3.3 1.91e+01    -  2.18e-01 5.20e-01h  1
  71  2.9803210e+01 1.71e+02 9.97e+00  -8.6 1.22e+01    -  2.26e-01 4.61e-01h  1
  72  2.9212911e+01 7.49e+01 9.64e+00  -2.9 2.78e+01    -  4.60e-01 5.83e-01h  1
  73  2.7979954e+01 5.37e+01 3.03e+01  -3.4 1.55e+01    -  2.67e-01 3.00e-01h  1
  74  2.7537683e+01 5.20e+01 2.41e+01  -3.0 3.88e+01    -  1.32e-01 3.76e-01h  1
  75  2.5834880e+01 7.99e+01 2.41e+01  -3.4 4.31e+01    -  2.74e-01 3.56e-01h  1
  76  2.5990571e+01 5.29e+01 2.39e+01  -3.0 5.82e+01    -  2.36e-01 2.99e-01h  1
  77  2.5968938e+01 4.11e+01 3.10e+01  -3.0 6.56e+01    -  2.88e-01 2.10e-01h  1
  78  2.4258097e+01 4.37e+01 6.32e+01  -3.7 3.76e+01    -  4.66e-02 3.30e-01h  1
  79  2.4091440e+01 3.64e+01 6.05e+01  -3.2 4.65e+01    -  2.86e-01 2.05e-01h  1
iter    objective    inf_pr   inf_du lg(mu)  ||d||  lg(rg) alpha_du alpha_pr  ls
  80  2.4101849e+01 2.80e+01 5.89e+01  -3.1 4.60e+01    -  4.07e-01 2.60e-01h  1
  81  2.2940034e+01 2.56e+01 5.16e+01  -3.9 3.68e+01    -  2.70e-01 2.31e-01h  1
  82  2.2790259e+01 7.31e+01 4.36e+01  -3.2 2.55e+01    -  2.66e-01 3.17e-01h  1
  83  2.2798530e+01 6.72e+01 3.77e+01  -3.2 3.33e+01    -  4.05e-01 2.41e-01h  1
  84  2.2557056e+01 1.22e+02 2.58e+01  -3.3 3.51e+01    -  3.18e-01 4.44e-01h  1
  85  2.2526661e+01 4.29e+01 1.60e+01  -3.2 1.50e+01    -  4.46e-01 5.88e-01h  1
  86  2.2317346e+01 1.01e+02 1.05e+01  -3.2 1.78e+01    -  3.99e-01 5.53e-01h  1
  87  2.1908969e+01 8.23e+01 9.32e+00  -3.4 1.38e+01    -  5.10e-01 1.83e-01h  1
  88  2.2436753e+01 8.56e+01 8.27e+00  -3.0 2.97e+01    -  3.10e-01 3.87e-01h  1
  89  2.1775141e+01 7.16e+01 1.71e+01  -3.3 3.47e+01    -  2.77e-01 1.88e-01h  1
iter    objective    inf_pr   inf_du lg(mu)  ||d||  lg(rg) alpha_du alpha_pr  ls
  90  2.0643022e+01 5.26e+01 1.53e+01  -3.5 3.38e+01    -  1.92e-01 3.14e-01h  1
  91  2.0203838e+01 1.04e+02 1.84e+01  -3.4 1.86e+01    -  1.82e-01 2.91e-01h  1
  92  1.9941956e+01 9.14e+01 1.90e+01  -3.3 4.84e+01    -  1.66e-01 1.94e-01h  1
  93  1.9870152e+01 6.99e+01 1.44e+01  -3.3 5.15e+01    -  3.61e-01 4.60e-01h  1
  94  1.9614564e+01 5.33e+01 1.27e+01  -3.4 6.47e+01    -  4.54e-01 2.67e-01h  1
  95  1.9884452e+01 7.17e+01 1.38e+01  -3.0 9.23e+01    -  4.12e-01 8.22e-02h  1
  96  1.9823613e+01 6.66e+01 1.41e+01  -3.2 2.29e+01    -  2.82e-01 1.05e-01h  1
  97  1.9338096e+01 6.23e+01 1.42e+01  -9.2 1.89e+01    -  5.25e-02 1.40e-01h  1
  98  1.8736468e+01 5.38e+01 1.30e+01  -4.9 2.17e+01    -  1.27e-01 1.24e-01h  1
  99  1.8570767e+01 5.16e+01 1.34e+01  -3.7 3.89e+01    -  2.08e-01 4.42e-02h  1
iter    objective    inf_pr   inf_du lg(mu)  ||d||  lg(rg) alpha_du alpha_pr  ls
 100  1.8631597e+01 1.48e+02 2.00e+01  -3.3 6.99e+01    -  3.05e-02 2.38e-01h  1
 101  1.8426215e+01 1.13e+02 1.57e+01  -3.4 1.09e+01    -  4.10e-01 2.45e-01h  1
 102  1.9106432e+01 8.33e+01 1.38e+01  -3.1 2.87e+01    -  4.11e-01 2.08e-01h  1
 103  1.8994973e+01 6.61e+01 1.20e+01  -3.3 3.69e+01    -  6.09e-02 2.33e-01h  1
 104  1.8853457e+01 3.29e+01 7.36e+00  -3.3 1.37e+01    -  2.83e-01 4.71e-01h  1
 105  1.7443848e+01 6.79e+01 6.38e+00  -4.2 2.55e+01    -  3.35e-02 3.58e-01h  1
 106  1.7132309e+01 5.40e+01 5.18e+00  -3.5 2.10e+01    -  2.91e-01 2.06e-01h  1
 107  1.6865765e+01 3.81e+01 3.51e+00  -3.6 1.23e+01    -  3.54e-01 2.94e-01h  1
 108  1.6571642e+01 3.36e+01 3.12e+00  -4.0 1.87e+01    -  1.55e-01 1.11e-01h  1
 109  1.6212690e+01 5.73e+01 2.75e+00  -3.8 3.14e+01    -  2.62e-01 1.44e-01h  1
iter    objective    inf_pr   inf_du lg(mu)  ||d||  lg(rg) alpha_du alpha_pr  ls
 110  1.7849873e+01 1.52e+02 4.15e+00  -3.1 4.10e+01    -  8.94e-02 2.22e-01h  1
 111  1.7043202e+01 9.19e+01 3.77e+00  -3.6 3.69e+01    -  4.12e-01 3.89e-01h  1
 112  1.6370345e+01 7.72e+01 3.63e+00  -3.6 1.89e+01    -  4.16e-01 2.73e-01h  1
 113  1.5710068e+01 4.92e+01 3.52e+00  -3.6 1.79e+01    -  2.94e-01 3.66e-01h  1
 114  1.5445897e+01 1.27e+02 8.50e+00  -3.5 1.49e+01    -  4.58e-01 3.22e-01h  1
 115  1.6263877e+01 1.20e+02 9.77e+00  -3.3 6.51e+01    -  1.62e-01 1.77e-01h  1
 116  1.5685849e+01 7.82e+01 7.81e+00  -3.6 3.03e+01    -  3.70e-01 3.34e-01h  1
 117  1.5246886e+01 5.73e+01 5.95e+00  -3.6 2.03e+01    -  1.93e-01 3.44e-01h  1
 118  1.4941879e+01 8.55e+01 4.69e+00  -3.6 1.63e+01    -  3.37e-01 3.46e-01h  1
 119  1.4890214e+01 7.39e+01 4.53e+00  -3.5 1.90e+01    -  6.05e-01 1.38e-01h  1
iter    objective    inf_pr   inf_du lg(mu)  ||d||  lg(rg) alpha_du alpha_pr  ls
 120  1.3874768e+01 8.81e+01 4.15e+00  -4.4 3.49e+01    -  7.49e-02 2.74e-01h  1
 121  1.4758125e+01 1.35e+02 7.49e+00  -3.3 6.30e+01    -  9.20e-02 1.49e-01h  1
 122  1.4402211e+01 9.40e+01 6.52e+00  -3.6 1.77e+01    -  2.91e-01 2.79e-01h  1
 123  1.4145701e+01 7.50e+01 6.23e+00  -3.6 2.15e+01    -  1.91e-01 2.10e-01h  1
 124  1.3951209e+01 9.64e+01 3.51e+00  -3.6 1.86e+01    -  2.42e-01 5.22e-01h  1
 125  1.3702130e+01 6.78e+01 2.96e+00  -3.6 1.63e+01    -  3.98e-01 2.93e-01h  1
 126  1.4503381e+01 1.14e+02 4.96e+00  -3.3 3.25e+01    -  1.15e-01 2.43e-01h  1
 127  1.4154848e+01 9.47e+01 5.42e+00  -3.7 4.07e+01    -  4.14e-01 1.71e-01h  1
 128  1.3811416e+01 7.44e+01 5.20e+00  -3.7 2.93e+01    -  5.33e-01 2.22e-01h  1
 129  1.3514301e+01 1.83e+02 1.11e+01  -3.7 6.25e+01    -  1.55e-01 1.28e-01h  1
iter    objective    inf_pr   inf_du lg(mu)  ||d||  lg(rg) alpha_du alpha_pr  ls
 130  1.3416026e+01 1.86e+02 1.35e+01  -3.6 7.69e+01    -  7.65e-02 3.64e-02h  3
 131  1.4707703e+01 1.17e+02 1.07e+01  -3.3 1.51e+01    -  3.82e-01 3.52e-01h  1
 132  1.4606350e+01 1.80e+02 1.18e+01  -3.6 4.38e+01    -  2.17e-01 3.55e-01h  1
 133  1.3823554e+01 6.79e+01 7.24e+00  -3.6 6.54e+00    -  6.31e-01 6.16e-01h  1
 134  1.3584654e+01 6.26e+01 5.88e+00  -3.6 6.27e+00    -  4.32e-01 3.88e-01h  1
 135  1.3411412e+01 3.92e+01 5.02e+00  -3.6 7.56e+00    -  6.99e-01 3.69e-01h  1
 136  1.2715132e+01 1.41e+02 8.01e+00  -3.8 3.59e+01    -  9.48e-02 4.03e-01h  1
 137  1.2432037e+01 8.95e+01 3.87e+00  -3.7 2.06e+01    -  3.23e-01 6.78e-01h  1
 138  1.2430064e+01 3.07e+01 2.09e+00  -3.6 7.81e+00    -  5.58e-01 6.70e-01h  1
 139  1.2453164e+01 3.81e+01 1.00e+00  -3.6 6.93e+00    -  6.47e-01 5.93e-01h  1
iter    objective    inf_pr   inf_du lg(mu)  ||d||  lg(rg) alpha_du alpha_pr  ls
 140  1.3041838e+01 1.13e+02 2.36e+00  -3.4 2.01e+01    -  4.43e-01 3.95e-01h  1
 141  1.2972390e+01 8.44e+01 2.61e+00  -3.6 1.92e+01    -  3.69e-01 2.91e-01h  1
 142  1.2883083e+01 6.65e+01 3.05e+00  -3.6 1.55e+01    -  3.34e-01 2.17e-01h  1
 143  1.2692990e+01 3.02e+01 4.66e+00  -3.6 1.67e+01    -  4.08e-01 4.78e-01h  1
 144  1.2610695e+01 4.62e+01 5.59e+00  -3.6 3.97e+01    -  4.66e-01 2.22e-01h  2
 145  1.2620630e+01 1.70e+02 3.60e+00  -3.6 1.29e+01    -  5.96e-01 8.72e-01h  1
 146  1.2651334e+01 7.07e+01 2.59e+00  -3.6 6.18e+00    -  1.00e+00 1.00e+00h  1
 147  1.2643717e+01 2.69e+01 2.06e+00  -3.6 5.45e+00    -  8.46e-01 1.00e+00h  1
 148  1.2627763e+01 2.35e+01 8.06e-01  -3.6 1.96e+00    -  9.42e-01 1.00e+00h  1
 149  1.2549279e+01 4.24e+01 6.27e-01  -3.6 3.78e+00    -  9.93e-01 1.00e+00h  1
iter    objective    inf_pr   inf_du lg(mu)  ||d||  lg(rg) alpha_du alpha_pr  ls
 150  1.3018965e+01 4.19e+01 4.08e+00  -3.4 6.39e+00    -  1.00e+00 1.00e+00h  1
 151  1.3281382e+01 1.38e+02 3.57e+00  -3.5 1.07e+01    -  3.50e-01 4.91e-01H  1
 152  1.3242965e+01 5.11e+01 1.84e+00  -3.5 3.55e+00    -  1.00e+00 1.00e+00h  1
 153  1.3105347e+01 1.64e+01 8.58e-01  -3.5 3.07e+00    -  7.65e-01 1.00e+00h  1
 154  1.3154313e+01 1.97e+01 5.23e-01  -3.5 3.71e+00    -  1.00e+00 1.00e+00h  1
 155  1.3293693e+01 2.98e+01 6.46e-01  -3.5 5.66e+00    -  1.00e+00 9.40e-01h  1
 156  1.3297111e+01 3.12e+01 3.96e-01  -3.5 4.91e+00    -  1.00e+00 1.00e+00h  1
 157  1.3284876e+01 3.12e+01 9.96e-01  -3.5 4.48e+00    -  1.00e+00 9.83e-01h  1
 158  1.3309148e+01 3.07e+01 1.68e+00  -3.5 2.43e+00    -  1.00e+00 1.00e+00h  1
 159  1.3304312e+01 1.61e+01 1.16e+00  -3.5 2.15e+00    -  1.00e+00 6.13e-01h  1
iter    objective    inf_pr   inf_du lg(mu)  ||d||  lg(rg) alpha_du alpha_pr  ls
 160  1.3145836e+01 5.35e+01 1.42e+00  -3.7 3.59e+00    -  9.94e-01 1.00e+00h  1
 161  1.2836710e+01 4.28e+01 1.10e+00  -3.8 1.05e+01    -  5.37e-01 4.87e-01h  1
 162  1.2293398e+01 3.57e+01 8.03e-01  -3.8 1.26e+01    -  3.83e-01 3.56e-01h  1
 163  1.3381556e+01 1.66e+02 2.89e+00  -3.5 2.10e+01    -  9.02e-01 6.52e-01h  1
 164  1.3292006e+01 1.59e+02 2.41e+00  -3.6 8.87e+00    -  4.82e-01 8.04e-01h  1
 165  1.2572242e+01 6.05e+01 9.93e-01  -3.6 7.15e+00    -  8.32e-01 8.39e-01h  1
 166  1.2553920e+01 3.46e+01 1.53e+00  -3.6 3.78e+00    -  8.87e-01 1.00e+00h  1
 167  1.2486283e+01 7.19e+00 2.93e-01  -3.6 1.35e+00    -  1.00e+00 1.00e+00h  1
 168  1.2075886e+01 2.03e+01 6.08e-01  -3.7 3.03e+00    -  9.99e-01 1.00e+00h  1
 169  1.1833945e+01 3.01e+01 5.55e-01  -3.7 9.34e+00    -  1.00e+00 3.65e-01h  1
iter    objective    inf_pr   inf_du lg(mu)  ||d||  lg(rg) alpha_du alpha_pr  ls
 170  1.1587781e+01 2.48e+01 6.30e-01  -3.7 7.06e+00    -  8.33e-01 8.90e-01h  1
 171  1.1639784e+01 3.02e+01 7.86e-01  -3.7 4.93e+00    -  1.00e+00 7.66e-01h  1
 172  1.1000669e+01 3.00e+01 7.80e-01  -3.8 4.83e+00    -  1.00e+00 1.00e+00h  1
 173  1.1063749e+01 1.31e+02 1.17e+00  -3.8 1.23e+01    -  2.95e-01 5.47e-01h  1
 174  1.0829590e+01 2.01e+01 5.54e-01  -3.8 3.92e+00    -  1.00e+00 1.00e+00h  1
 175  1.0525695e+01 5.76e+00 3.40e-01  -3.9 3.29e+00    -  1.00e+00 1.00e+00h  1
 176  1.0367319e+01 7.44e+01 8.52e-01  -3.9 1.19e+01    -  4.00e-01 2.74e-01h  1
 177  1.0025728e+01 2.68e+01 8.00e-01  -3.9 4.52e+00    -  1.00e+00 1.00e+00h  1
 178  1.0077409e+01 5.22e+01 1.14e+00  -3.9 1.41e+01    -  4.90e-01 4.77e-01h  1
 179  9.7961281e+00 2.21e+01 3.84e-01  -3.9 2.25e+00    -  1.00e+00 1.00e+00h  1
iter    objective    inf_pr   inf_du lg(mu)  ||d||  lg(rg) alpha_du alpha_pr  ls
 180  9.2493260e+00 8.41e+01 9.88e-01  -4.1 8.55e+00    -  5.76e-01 6.75e-01h  1
 181  9.1000389e+00 8.73e+01 8.92e-01  -4.0 1.13e+01    -  3.19e-01 5.26e-01h  1
 182  8.7842470e+00 6.09e+01 8.16e-01  -4.2 1.00e+01    -  2.74e-01 3.48e-01h  1
 183  9.6529149e+00 5.54e+01 2.61e+00  -3.8 2.14e+01    -  1.73e-01 4.16e-01h  1
 184  9.3806585e+00 8.48e+01 1.58e+00  -4.1 1.83e+01    -  1.69e-01 2.11e-01h  1
 185  8.8766047e+00 4.64e+01 7.97e-01  -4.1 8.08e+00    -  4.10e-01 4.40e-01h  1
 186  8.7554952e+00 4.17e+01 5.70e-01  -4.1 2.47e+01    -  1.30e-01 1.25e-01h  1
 187  8.6869334e+00 1.04e+01 2.47e-01  -4.0 4.15e+00    -  4.78e-01 7.23e-01h  1
 188  8.6411608e+00 3.66e+01 9.26e-01  -4.0 2.76e+00    -  4.49e-01 1.00e+00h  1
 189  8.2632069e+00 1.50e+01 7.12e-01  -4.2 4.08e+00    -  1.00e+00 1.00e+00h  1
iter    objective    inf_pr   inf_du lg(mu)  ||d||  lg(rg) alpha_du alpha_pr  ls
 190  9.4226274e+00 7.88e+01 9.57e-01  -3.9 2.97e+01    -  3.65e-01 4.63e-01h  1
 191  8.9799160e+00 6.32e+01 7.46e-01  -4.1 1.51e+01    -  4.23e-01 2.84e-01h  1
 192  8.6510138e+00 4.98e+01 7.56e-01  -4.1 3.12e+01    -  1.76e-01 2.49e-01h  1
 193  8.4163174e+00 3.53e+01 5.52e-01  -4.1 7.64e+00    -  2.53e-01 3.41e-01h  1
 194  8.2408430e+00 3.33e+01 4.68e-01  -4.1 9.77e+00    -  2.45e-01 3.60e-01h  1
 195  8.1429631e+00 1.09e+01 7.14e-01  -4.1 6.47e+00    -  5.71e-01 6.40e-01h  1
 196  7.9663356e+00 1.22e+01 5.74e-01  -4.2 4.36e+00    -  3.98e-01 6.39e-01h  1
 197  7.9844302e+00 3.84e+01 7.79e-01  -4.2 1.03e+01    -  4.16e-01 5.45e-01H  1
 198  7.8641554e+00 3.81e+01 2.03e+00  -4.2 1.74e+00    -  9.96e-01 1.00e+00h  1
 199  7.8095477e+00 2.32e+01 7.15e-01  -4.2 3.19e+00    -  4.68e-01 8.97e-01h  1
iter    objective    inf_pr   inf_du lg(mu)  ||d||  lg(rg) alpha_du alpha_pr  ls
 200  7.7456949e+00 1.81e+00 4.17e-01  -4.2 4.99e+00    -  5.18e-01 1.00e+00h  1
 201  8.7878523e+00 7.95e+01 1.29e+00  -4.0 2.38e+01    -  3.91e-01 7.69e-01h  1
 202  8.4970794e+00 5.39e+01 2.16e+00  -4.2 3.02e+01    -  4.01e-01 4.29e-01h  1
 203  7.9073224e+00 4.47e+01 1.38e+00  -4.2 9.34e+00    -  3.87e-01 4.25e-01h  1
 204  7.7248877e+00 3.55e+01 1.12e+00  -4.2 2.77e+01    -  3.23e-01 3.37e-01h  1
 205  7.7448950e+00 1.79e+01 3.44e-01  -4.2 4.23e+00    -  5.22e-01 8.96e-01h  1
 206  7.4950635e+00 1.52e+01 1.49e-01  -4.4 5.04e+00    -  4.97e-01 5.72e-01h  1
 207  7.2518914e+00 8.20e+01 4.22e-01  -4.7 2.51e+01    -  1.54e-01 2.44e-01h  1
 208  7.4649710e+00 1.32e+01 9.08e-01  -4.3 1.52e+01    -  4.98e-01 8.43e-01h  1
 209  7.0774849e+00 1.23e+01 8.09e-01  -4.6 5.85e+00    -  4.71e-01 5.50e-01h  1
iter    objective    inf_pr   inf_du lg(mu)  ||d||  lg(rg) alpha_du alpha_pr  ls
 210  7.0301766e+00 3.88e+01 4.42e-01  -4.4 2.21e+01    -  3.46e-01 2.54e-01h  1
 211  6.9844876e+00 1.42e+01 1.93e-01  -4.4 1.91e+00    -  1.00e+00 6.34e-01h  1
 212  7.3778224e+00 3.37e+01 1.00e+00  -4.2 5.43e+00    -  3.46e-01 8.34e-01h  1
 213  7.2947269e+00 8.40e+01 4.44e-01  -4.4 2.76e+01    -  2.06e-01 1.69e-01h  2
 214  6.9903549e+00 4.69e+01 1.73e+00  -4.4 8.92e+00    -  5.77e-01 5.99e-01h  1
 215  6.9915253e+00 3.78e+01 3.05e+00  -4.4 3.33e+01    -  1.54e-01 1.92e-01H  1
 216  6.9062605e+00 2.77e+01 2.39e+00  -4.4 7.15e+00    -  1.55e-01 2.56e-01h  1
 217  6.7703916e+00 2.14e+01 1.01e+00  -4.5 3.75e+00    -  4.82e-01 7.27e-01h  1
 218  6.7489822e+00 3.09e+01 3.21e-01  -4.4 2.55e+00    -  1.17e-01 6.57e-01h  1
 219  6.9167380e+00 4.87e+01 5.79e-01  -4.2 1.12e+01    -  4.44e-01 3.73e-01h  1
iter    objective    inf_pr   inf_du lg(mu)  ||d||  lg(rg) alpha_du alpha_pr  ls
 220  6.8894805e+00 3.60e+01 6.10e-01  -4.4 1.68e+01    -  2.32e-01 3.22e-01h  1
 221  6.7103060e+00 8.56e+01 2.09e+00  -4.4 1.05e+01    -  4.68e-01 7.55e-01h  1
 222  6.5850356e+00 9.48e+01 2.03e+00  -4.4 2.49e+01    -  1.77e-01 3.24e-01h  1
 223  6.4131522e+00 7.46e+01 1.61e+00  -4.5 8.18e+00    -  1.42e-01 5.95e-01h  1
 224  6.4403783e+00 5.99e+01 1.03e+00  -4.4 3.88e+00    -  3.12e-01 7.64e-01h  1
 225  6.3088124e+00 2.73e+01 8.41e-01  -4.6 6.59e+00    -  1.83e-01 5.63e-01h  1
 226  6.2109193e+00 2.13e+01 1.01e+00  -4.6 6.81e+00    -  2.66e-01 3.49e-01h  1
 227  6.1578759e+00 4.28e+01 4.95e-01  -4.5 1.51e+01    -  1.87e-01 3.99e-01h  1
 228  6.5178737e+00 3.72e+01 1.62e+00  -4.2 1.25e+01    -  1.96e-01 5.53e-01h  1
 229  6.3603683e+00 4.41e+01 4.19e-01  -4.5 1.90e+01    -  1.35e-01 3.67e-01h  1
iter    objective    inf_pr   inf_du lg(mu)  ||d||  lg(rg) alpha_du alpha_pr  ls
 230  6.1939313e+00 2.95e+01 5.68e-01  -4.5 2.34e+01    -  1.39e-01 2.90e-01h  1
 231  6.0483173e+00 2.21e+01 7.40e-01  -4.5 1.18e+01    -  1.98e-01 2.70e-01h  1
 232  6.2778051e+00 2.76e+01 3.83e-01  -4.2 1.05e+01    -  1.40e-01 2.94e-01h  1
 233  6.2203794e+00 2.72e+01 5.88e-01  -4.5 2.84e+01    -  1.83e-01 2.41e-01H  1
 234  6.0150061e+00 1.33e+01 2.99e-01  -4.5 5.43e+00    -  5.18e-01 5.96e-01h  1
 235  5.7922947e+00 2.25e+01 4.56e-01  -5.2 1.20e+01    -  1.53e-01 3.48e-01h  1
 236  5.9365686e+00 5.97e+01 4.78e-01  -4.6 3.26e+01    -  9.19e-02 3.04e-01h  1
 237  5.8811052e+00 6.48e+00 2.09e-01  -4.5 4.25e+00    -  4.24e-01 1.00e+00h  1
 238  6.1540532e+00 2.08e+01 5.91e-01  -4.2 8.44e+00    -  2.26e-01 4.19e-01h  1
 239  6.1255170e+00 2.58e+01 2.18e-01  -4.5 5.94e+01    -  2.10e-01 1.24e-01h  2
iter    objective    inf_pr   inf_du lg(mu)  ||d||  lg(rg) alpha_du alpha_pr  ls
 240  5.8236158e+00 1.68e+01 2.72e-01  -4.5 3.92e+00    -  9.31e-01 8.33e-01h  1
 241  5.8553802e+00 2.12e+01 3.95e-01  -4.5 2.60e+01    -  1.74e-01 1.66e-01h  1
 242  5.7878178e+00 2.44e+00 1.92e-01  -4.5 1.25e+00    -  7.23e-01 1.00e+00h  1
 243  5.7409482e+00 5.79e+00 1.17e-01  -4.5 2.79e+00    -  1.00e+00 1.00e+00h  1
 244  5.9442985e+00 1.14e+01 3.83e-01  -4.3 2.58e+01    -  2.81e-01 1.63e-01h  2
 245  5.8984231e+00 1.00e+01 3.98e-01  -4.6 3.35e+01    -  3.87e-01 1.00e-01h  1
 246  5.8124223e+00 2.22e+01 4.22e-01  -4.6 7.63e+01    -  1.30e-01 1.65e-01h  1
 247  5.7442463e+00 1.52e+01 7.38e-01  -4.6 2.47e+01    -  2.42e-01 3.06e-01h  1
 248  5.6127050e+00 8.64e+00 7.71e-01  -4.6 4.67e+00    -  5.79e-01 5.44e-01h  1
 249  5.6038874e+00 3.84e+01 3.21e-01  -4.5 6.56e+00    -  2.73e-01 5.99e-01h  1
iter    objective    inf_pr   inf_du lg(mu)  ||d||  lg(rg) alpha_du alpha_pr  ls
 250  5.5299954e+00 2.56e+00 1.47e-01  -4.6 2.04e+00    -  1.00e+00 1.00e+00h  1
 251  5.5113192e+00 8.42e-01 7.76e-02  -4.6 1.90e+00    -  1.00e+00 6.67e-01h  1
 252  5.4756719e+00 1.43e+01 1.23e-01  -4.6 5.26e+00    -  1.00e+00 5.84e-01h  1
 253  5.7189183e+00 2.02e+01 4.17e-01  -4.3 1.20e+01    -  3.70e-01 3.11e-01h  2
 254  5.6193482e+00 1.43e+01 5.14e-01  -4.6 2.10e+01    -  3.93e-01 2.97e-01h  1
 255  5.5434002e+00 1.26e+01 6.00e-01  -4.6 2.77e+01    -  2.26e-01 1.32e-01h  2
 256  5.4099377e+00 2.47e+01 3.39e-01  -4.6 5.94e+00    -  7.49e-01 7.88e-01h  1
 257  5.4238418e+00 1.10e+01 2.75e-01  -4.6 7.74e+00    -  4.89e-01 5.65e-01h  1
 258  5.3874015e+00 1.67e+01 2.06e-01  -4.6 2.17e+00    -  8.11e-01 6.65e-01h  1
 259  5.3966522e+00 7.14e+00 1.28e-01  -4.6 1.84e+00    -  6.23e-01 5.73e-01h  1
iter    objective    inf_pr   inf_du lg(mu)  ||d||  lg(rg) alpha_du alpha_pr  ls
 260  5.3618911e+00 1.31e+00 1.97e-01  -4.6 3.60e+00    -  1.00e+00 1.00e+00h  1
 261  5.3636186e+00 6.50e+00 3.53e-01  -4.6 6.95e+00    -  9.97e-01 7.00e-01H  1
 262  5.2940315e+00 1.55e+00 2.15e-01  -4.6 2.31e+00    -  1.00e+00 1.00e+00h  1
 263  5.4107607e+00 1.67e+01 2.46e-01  -4.4 6.25e+00    -  8.37e-01 8.18e-01h  1
 264  5.4634536e+00 1.50e+01 4.54e-01  -4.5 6.48e+00    -  6.46e-01 6.95e-01h  1
 265  5.3883407e+00 5.42e+00 3.96e-01  -4.5 5.97e+00    -  7.82e-01 6.27e-01h  1
 266  5.3571501e+00 6.74e+00 2.56e-01  -4.5 6.55e+00    -  1.00e+00 4.90e-01h  1
 267  5.3447261e+00 7.82e+00 3.41e-01  -4.5 4.30e+00    -  1.00e+00 6.73e-01h  1
 268  5.3851798e+00 5.73e+00 7.98e-01  -4.5 4.50e+00    -  7.57e-01 8.67e-01H  1
 269  5.4029623e+00 8.94e+00 5.93e-01  -4.5 1.82e+00    -  1.00e+00 1.00e+00h  1
iter    objective    inf_pr   inf_du lg(mu)  ||d||  lg(rg) alpha_du alpha_pr  ls
 270  5.3889266e+00 3.69e+00 1.72e-01  -4.5 1.31e+00    -  6.05e-01 1.00e+00h  1
 271  5.3506165e+00 1.44e+00 5.76e-02  -4.6 1.56e+00    -  1.00e+00 9.98e-01h  1
 272  5.2910502e+00 5.01e+00 3.30e-01  -4.7 2.81e+00    -  1.00e+00 9.97e-01h  1
 273  5.3446234e+00 1.44e+01 2.27e-01  -4.5 5.92e+00    -  9.92e-01 3.28e-01h  2
 274  5.3190674e+00 9.66e+00 5.11e-01  -4.6 9.90e+00    -  6.23e-01 5.47e-01h  1
 275  5.3008479e+00 6.77e+00 7.25e-01  -4.6 1.18e+01    -  7.68e-01 3.33e-01h  1
 276  5.2520527e+00 4.47e+00 8.79e-01  -4.6 3.37e+00    -  1.00e+00 8.80e-01h  1
 277  5.5916384e+00 2.82e+01 7.66e-01  -4.3 1.46e+01    -  3.32e-01 4.95e-01h  1
 278  5.5303681e+00 3.46e+01 5.71e-01  -4.6 2.19e+01    -  2.85e-01 2.73e-01h  1
 279  5.2834501e+00 1.39e+01 8.06e-01  -4.6 6.11e+00    -  1.75e-01 7.09e-01h  1
iter    objective    inf_pr   inf_du lg(mu)  ||d||  lg(rg) alpha_du alpha_pr  ls
 280  5.2312680e+00 1.12e+01 7.54e-01  -4.6 1.08e+01    -  2.36e-01 2.29e-01h  1
 281  5.1666396e+00 1.58e+00 1.42e-01  -4.6 1.39e+00    -  1.00e+00 1.00e+00h  1
 282  5.1664888e+00 9.19e+00 3.49e-01  -4.6 2.89e+00    -  7.04e-01 1.00e+00h  1
 283  5.0939193e+00 1.01e+00 3.54e-01  -4.7 1.71e+00    -  1.00e+00 1.00e+00h  1
 284  5.0860847e+00 4.76e+00 2.92e-01  -4.7 3.84e+00    -  9.67e-01 9.33e-01H  1
 285  5.0112995e+00 4.64e+00 3.28e-01  -4.7 1.72e+00    -  1.00e+00 1.00e+00h  1
 286  5.1835679e+00 3.01e+01 1.78e-01  -4.5 3.14e+00    -  6.90e-01 1.00e+00h  1
 287  5.1359834e+00 1.75e+01 4.43e-01  -4.6 1.21e+01    -  6.82e-01 4.29e-01h  1
 288  5.0630113e+00 1.93e+01 7.25e-01  -4.6 1.31e+01    -  1.41e-01 3.25e-01h  1
 289  5.0235585e+00 2.10e+01 8.58e-01  -4.6 1.15e+01    -  2.39e-01 3.25e-01h  1
iter    objective    inf_pr   inf_du lg(mu)  ||d||  lg(rg) alpha_du alpha_pr  ls
 290  4.9876481e+00 1.29e+01 5.38e-01  -4.6 4.90e+00    -  4.52e-01 6.81e-01h  1
 291  4.9632589e+00 1.20e+01 4.30e-01  -4.7 2.48e+00    -  7.18e-01 1.00e+00h  1
 292  4.9451682e+00 2.90e+00 3.73e-01  -4.7 2.71e+00    -  6.51e-01 1.00e+00h  1
 293  5.0240676e+00 1.24e+01 2.17e-01  -4.4 4.83e+00    -  5.50e-01 6.34e-01h  1
 294  5.0149287e+00 1.62e+01 3.46e-01  -4.6 2.57e+01    -  2.86e-01 2.11e-01h  2
 295  4.9681705e+00 1.05e+01 4.91e-01  -4.6 8.14e+00    -  3.19e-01 7.69e-01h  1
 296  4.9572173e+00 1.86e+01 7.31e-01  -4.6 4.76e+00    -  8.08e-01 7.53e-01h  1
 297  4.9492571e+00 2.99e+00 2.99e-01  -4.6 3.60e+00    -  4.92e-01 1.00e+00h  1
 298  4.9666346e+00 5.37e+00 2.41e-01  -4.6 1.25e+00    -  1.00e+00 1.00e+00h  1
 299  4.9377064e+00 2.66e+00 1.13e-01  -4.6 1.33e+00    -  1.00e+00 1.00e+00h  1
iter    objective    inf_pr   inf_du lg(mu)  ||d||  lg(rg) alpha_du alpha_pr  ls
 300  4.9079431e+00 2.49e+00 2.01e-01  -4.7 2.20e+00    -  1.00e+00 1.00e+00h  1
 301  4.9928402e+00 1.90e+01 2.06e-01  -4.5 9.28e+00    -  6.58e-01 4.83e-01h  2
 302  4.9375232e+00 2.10e+01 5.69e-01  -4.7 1.57e+01    -  4.71e-01 3.41e-01h  1
 303  4.9039148e+00 1.75e+01 5.85e-01  -4.7 1.94e+01    -  4.39e-01 1.69e-01h  1
 304  4.8762132e+00 4.43e+00 3.78e-01  -4.6 4.45e+00    -  4.79e-01 7.82e-01h  1
 305  4.8514122e+00 8.52e+00 1.05e-01  -4.6 2.20e+00    -  4.87e-01 1.00e+00h  1
 306  4.8157612e+00 1.56e+00 2.43e-01  -4.7 2.03e+00    -  5.83e-01 1.00e+00h  1
 307  4.8170754e+00 2.15e+00 1.93e-01  -4.7 1.79e+00    -  1.00e+00 8.12e-01h  1
 308  4.7895966e+00 4.66e-01 1.60e-01  -4.7 1.52e+00    -  1.00e+00 1.00e+00h  1
 309  4.7685479e+00 1.52e+01 2.24e-01  -4.7 9.13e+00    -  4.72e-01 2.98e-01h  2
iter    objective    inf_pr   inf_du lg(mu)  ||d||  lg(rg) alpha_du alpha_pr  ls
 310  4.7456731e+00 2.92e+00 2.92e-01  -4.7 4.42e+00    -  9.28e-01 8.88e-01h  1
 311  4.7326824e+00 1.38e+01 4.90e-01  -4.7 6.38e+00    -  9.69e-01 4.67e-01h  1
 312  4.6941472e+00 3.22e+00 4.55e-01  -4.8 3.95e+00    -  9.05e-01 7.84e-01h  1
 313  4.8316985e+00 8.01e+00 4.45e-01  -4.5 9.24e+00    -  6.22e-01 4.65e-01h  1
 314  4.8242024e+00 6.81e+00 6.12e-01  -4.7 1.26e+01    -  3.65e-01 2.18e-01h  1
 315  4.7161913e+00 7.55e+00 9.02e-01  -4.7 3.27e+00    -  6.46e-01 1.00e+00h  1
 316  4.6974324e+00 1.18e+01 1.03e+00  -4.7 1.23e+01    -  1.59e-01 1.20e-01h  1
 317  4.6766355e+00 1.04e+02 1.54e+00  -4.7 7.16e+00    -  1.60e-01 6.93e-01h  1
 318  4.6176244e+00 7.22e+01 1.08e+00  -4.8 7.37e+00    -  2.41e-01 2.95e-01h  1
 319  4.5353388e+00 5.66e+01 8.23e-01  -5.0 2.45e+01    -  3.69e-02 1.96e-01h  1
iter    objective    inf_pr   inf_du lg(mu)  ||d||  lg(rg) alpha_du alpha_pr  ls
 320  4.5433028e+00 5.11e+01 9.27e-01  -4.7 3.79e+01    -  1.54e-01 3.09e-01h  1
 321  4.5617848e+00 2.46e+01 6.80e-01  -4.7 9.16e+00    -  3.20e-01 5.14e-01h  1
 322  4.5746295e+00 1.51e+01 6.08e-01  -4.7 1.45e+01    -  3.51e-01 3.92e-01h  1
 323  4.5473038e+00 1.13e+00 2.15e-01  -4.7 1.34e+00    -  7.76e-01 1.00e+00h  1
 324  4.5261174e+00 1.33e+00 7.95e-02  -4.7 1.96e+00    -  1.00e+00 1.00e+00h  1
 325  4.5037301e+00 1.50e+00 4.12e-01  -4.7 8.01e+00    -  7.85e-01 9.98e-01H  1
 326  4.8281171e+00 2.41e+01 5.88e-01  -4.5 1.20e+01    -  4.55e-01 5.58e-01h  1
 327  4.7677273e+00 2.00e+01 7.86e-01  -4.7 2.57e+01    -  2.13e-01 1.88e-01h  1
 328  4.6460311e+00 1.70e+01 6.81e-01  -4.7 9.99e+00    -  1.49e-01 3.24e-01h  1
 329  4.5712305e+00 1.47e+01 5.97e-01  -4.7 7.94e+00    -  3.71e-01 2.10e-01h  1
iter    objective    inf_pr   inf_du lg(mu)  ||d||  lg(rg) alpha_du alpha_pr  ls
 330  4.5375704e+00 1.07e+01 3.71e-01  -4.7 5.56e+00    -  6.86e-01 4.39e-01h  1
 331  4.4996493e+00 2.66e+00 2.01e-01  -4.7 3.20e+00    -  7.40e-01 7.60e-01h  1
 332  4.5196919e+00 6.94e-01 5.47e-02  -4.7 1.42e+00    -  5.17e-01 9.77e-01h  1
 333  4.4581982e+00 3.57e+00 1.51e-01  -4.8 2.80e+00    -  1.00e+00 9.15e-01h  1
 334  4.5940964e+00 9.68e+00 1.52e-01  -4.5 1.33e+01    -  4.16e-01 2.19e-01h  2
 335  4.5279994e+00 8.80e+00 2.38e-01  -4.8 1.53e+01    -  4.79e-01 2.53e-01h  1
 336  4.4548998e+00 7.37e+00 2.75e-01  -4.8 1.08e+01    -  2.95e-01 3.49e-01h  1
 337  4.4423266e+00 4.01e+00 3.30e-01  -4.8 4.42e+00    -  5.53e-01 5.98e-01h  1
 338  4.4142832e+00 6.22e-01 1.50e-01  -4.8 1.91e+00    -  5.56e-01 1.00e+00h  1
 339  4.3907307e+00 5.80e+00 3.94e-01  -4.8 1.45e+00    -  9.95e-01 1.00e+00h  1
iter    objective    inf_pr   inf_du lg(mu)  ||d||  lg(rg) alpha_du alpha_pr  ls
 340  4.7567113e+00 4.48e+01 2.90e-01  -4.5 9.30e+00    -  3.55e-01 7.91e-01h  1
 341  4.7207014e+00 3.94e+01 5.46e-01  -4.8 3.51e+01    -  1.93e-01 1.63e-01h  1
 342  4.5590454e+00 3.18e+01 3.73e-01  -4.8 1.18e+01    -  2.21e-01 3.21e-01h  1
 343  4.5407232e+00 3.01e+01 4.17e-01  -4.8 2.03e+01    -  7.06e-02 9.87e-02h  1
 344  4.3966382e+00 1.39e+01 2.34e-01  -4.8 5.04e+00    -  1.00e+00 6.68e-01h  1
 345  4.5196549e+00 1.56e+01 2.40e-01  -4.8 9.20e+00    -  2.49e-01 3.80e-01h  1
 346  4.3628128e+00 2.89e+00 8.41e-02  -4.8 1.97e+00    -  9.96e-01 1.00e+00h  1
 347  4.3343666e+00 7.08e-01 5.12e-02  -4.8 1.47e+00    -  1.00e+00 1.00e+00h  1
 348  4.3201210e+00 5.39e+00 1.63e-01  -4.8 1.84e+01    -  3.61e-01 1.29e-01h  2
 349  4.2912111e+00 4.11e+00 2.94e-01  -4.8 1.06e+01    -  4.71e-01 3.13e-01h  1
iter    objective    inf_pr   inf_du lg(mu)  ||d||  lg(rg) alpha_du alpha_pr  ls
 350  4.2809928e+00 8.64e+00 4.86e-01  -4.8 2.56e+01    -  1.18e-01 2.36e-01H  1
 351  4.2946233e+00 4.69e+00 5.35e-01  -4.8 1.44e+01    -  4.94e-01 4.74e-01H  1
 352  4.2097519e+00 2.52e+00 3.08e-01  -4.9 3.36e+00    -  4.57e-01 5.97e-01h  1
 353  4.2701711e+00 5.21e+00 2.46e-01  -4.6 1.44e+01    -  1.49e-01 2.01e-01h  1
 354  4.2452057e+00 5.05e+00 2.38e-01  -4.9 1.51e+01    -  1.27e-01 2.00e-01h  1
 355  4.1958291e+00 3.91e+00 2.37e-01  -4.9 5.19e+00    -  6.96e-01 4.19e-01h  1
 356  4.4250907e+00 2.14e+01 2.56e-01  -4.6 1.79e+01    -  2.59e-01 3.23e-01h  1
 357  4.3467233e+00 1.97e+01 4.45e-01  -4.9 1.90e+01    -  1.02e-01 2.02e-01h  1
 358  4.2802376e+00 1.82e+01 4.60e-01  -4.9 1.37e+01    -  2.38e-01 1.34e-01h  1
 359  4.2328106e+00 1.67e+01 3.90e-01  -4.9 3.28e+01    -  2.08e-01 1.03e-01h  1
iter    objective    inf_pr   inf_du lg(mu)  ||d||  lg(rg) alpha_du alpha_pr  ls
 360  4.1833902e+00 1.80e+01 2.88e-01  -4.9 1.10e+01    -  3.36e-01 4.60e-01h  1
 361  4.4820356e+00 4.14e+01 2.47e-01  -4.6 1.31e+01    -  2.14e-01 4.98e-01h  1
 362  4.6891257e+00 5.07e+01 2.27e-01  -4.9 2.43e+01    -  2.73e-01 2.21e-01h  1
 363  4.2641965e+00 2.28e+01 1.44e-01  -4.9 6.96e+00    -  2.00e-01 5.81e-01h  1
 364  4.2116932e+00 1.79e+01 1.35e-01  -4.9 7.18e+00    -  1.42e-01 3.16e-01h  1
 365  4.1514130e+00 1.13e+01 1.75e-01  -4.9 3.01e+00    -  3.98e-01 3.66e-01h  1
 366  4.1455024e+00 6.40e+00 1.38e-01  -4.8 3.69e+00    -  4.31e-01 4.83e-01h  1
 367  4.4286631e+00 3.50e+01 5.45e-01  -4.6 6.98e+00    -  3.54e-01 9.62e-01h  1
 368  4.3959241e+00 3.33e+01 7.99e-01  -4.8 4.24e+01    -  1.47e-01 1.20e-01h  1
 369  4.3352233e+00 2.86e+01 6.94e-01  -4.8 8.04e+00    -  4.15e-01 1.70e-01h  1
iter    objective    inf_pr   inf_du lg(mu)  ||d||  lg(rg) alpha_du alpha_pr  ls
 370  4.3374833e+00 2.72e+01 3.82e-01  -4.8 3.37e+01    -  1.36e-01 1.85e-01H  1
 371  4.1784808e+00 1.22e+01 2.57e-01  -4.8 3.26e+00    -  2.86e-01 6.09e-01h  1
 372  4.1500176e+00 1.01e+01 2.47e-01  -4.8 1.34e+01    -  2.41e-01 1.74e-01h  1
 373  4.1397406e+00 3.48e+00 1.11e-01  -4.8 2.43e+00    -  1.00e+00 6.55e-01h  1
 374  4.1268604e+00 1.15e+00 1.65e-01  -4.8 1.85e+00    -  9.96e-01 1.00e+00h  1
 375  4.4900354e+00 4.04e+01 3.96e-01  -4.6 1.18e+01    -  2.05e-01 5.73e-01h  1
 376  4.4409903e+00 3.78e+01 3.80e-01  -4.8 3.02e+01    -  2.30e-01 8.67e-02h  1
 377  4.3176368e+00 3.99e+01 7.42e-01  -4.8 4.09e+01    -  2.34e-01 1.56e-01h  1
 378  4.2428332e+00 3.80e+01 7.66e-01  -4.8 1.51e+01    -  2.50e-01 9.63e-02h  1
 379  4.1654341e+00 3.58e+01 6.81e-01  -4.8 1.97e+01    -  1.14e-01 1.36e-01h  1
iter    objective    inf_pr   inf_du lg(mu)  ||d||  lg(rg) alpha_du alpha_pr  ls
 380  4.1129156e+00 2.84e+01 4.24e-01  -4.8 1.22e+01    -  1.57e-01 2.84e-01h  1
 381  4.4464713e+00 5.01e+01 3.10e-01  -4.6 1.29e+01    -  2.41e-01 4.55e-01h  1
 382  4.3980593e+00 4.74e+01 2.16e-01  -4.8 3.79e+01    -  8.48e-02 6.80e-02h  1
 383  4.2699920e+00 3.69e+01 3.66e-01  -4.8 9.65e+00    -  9.34e-02 2.95e-01h  1
 384  4.2012701e+00 3.75e+01 4.22e-01  -4.8 1.72e+01    -  1.68e-01 2.21e-01h  1
 385  4.1576547e+00 3.30e+01 3.38e-01  -4.8 8.20e+00    -  8.82e-02 1.28e-01h  1
 386  4.1217603e+00 3.02e+01 3.12e-01  -4.8 1.24e+01    -  1.85e-01 8.86e-02h  1
 387  4.1204805e+00 5.64e+00 1.61e-01  -4.8 4.25e+00    -  2.18e-01 8.33e-01h  1
 388  4.0952659e+00 6.04e-01 6.61e-02  -4.8 1.40e+00    -  7.67e-01 9.00e-01h  1
 389  4.0556975e+00 3.28e+00 2.39e-01  -4.9 1.39e+00    -  1.00e+00 1.00e+00h  1
iter    objective    inf_pr   inf_du lg(mu)  ||d||  lg(rg) alpha_du alpha_pr  ls
 390  4.2491927e+00 1.06e+02 1.39e+00  -4.6 1.98e+01    -  2.60e-01 2.10e-01h  2
 391  4.1640844e+00 8.48e+01 6.28e-01  -4.9 1.89e+01    -  2.25e-01 2.15e-01h  1
 392  4.1149294e+00 7.93e+01 4.94e-01  -4.9 3.66e+01    -  1.65e-01 6.61e-02h  1
 393  4.0683133e+00 7.19e+01 3.86e-01  -4.9 2.71e+01    -  1.43e-01 9.45e-02h  1
 394  4.0106533e+00 5.88e+01 5.41e-01  -4.9 1.31e+01    -  3.24e-01 3.09e-01h  1
 395  3.9784145e+00 3.64e+01 7.09e-01  -4.9 9.01e+00    -  1.62e-01 4.04e-01h  1
 396  4.0279135e+00 4.23e+00 4.82e-01  -4.8 3.35e+00    -  4.72e-01 1.00e+00h  1
 397  3.9845039e+00 4.14e+00 3.57e-01  -4.8 3.04e+00    -  3.07e-01 1.00e+00h  1
 398  3.9737609e+00 1.90e+00 1.23e-01  -4.8 1.83e+00    -  4.92e-01 7.11e-01h  1
 399  3.9529564e+00 1.24e+00 2.02e-01  -4.9 1.90e+00    -  1.00e+00 1.00e+00h  1
iter    objective    inf_pr   inf_du lg(mu)  ||d||  lg(rg) alpha_du alpha_pr  ls
 400  3.9393322e+00 1.74e+00 5.06e-01  -4.9 1.80e+01    -  2.55e-01 1.71e-01h  1
 401  3.9313466e+00 1.70e+00 6.94e-01  -4.9 1.18e+01    -  5.31e-01 1.77e-01h  1
 402  3.9189666e+00 1.36e+01 9.39e-01  -4.9 1.61e+01    -  7.57e-01 3.57e-01h  1
 403  3.9082794e+00 3.62e+01 2.18e+00  -4.9 2.56e+01    -  2.83e-01 2.42e-01h  1
 404  4.0071730e+00 4.81e+01 2.91e+00  -4.5 2.34e+01    -  1.00e-01 1.71e-01h  1
 405  3.9757297e+00 4.04e+01 2.62e+00  -4.9 1.50e+01    -  3.40e-01 1.58e-01h  1
 406  3.9028574e+00 3.24e+01 2.11e+00  -4.9 1.23e+01    -  1.93e-01 2.74e-01h  1
 407  3.8541340e+00 2.80e+01 1.84e+00  -4.9 1.49e+01    -  2.08e-01 1.82e-01h  2
 408  3.8251558e+00 2.00e+01 1.35e+00  -4.9 7.08e+00    -  1.63e-01 3.33e-01h  1
 409  3.8143286e+00 2.69e+01 1.38e+00  -4.9 5.58e+00    -  3.25e-01 3.51e-01h  1
iter    objective    inf_pr   inf_du lg(mu)  ||d||  lg(rg) alpha_du alpha_pr  ls
 410  3.8021462e+00 1.64e+01 8.41e-01  -4.9 7.26e+00    -  1.50e-01 4.31e-01h  1
 411  3.8729868e+00 1.12e+01 7.51e-01  -4.6 9.97e+00    -  1.84e-01 3.35e-01h  1
 412  3.8552564e+00 1.07e+01 7.39e-01  -4.9 3.20e+01    -  2.17e-01 7.19e-02h  1
 413  3.8081020e+00 6.90e+00 4.85e-01  -4.9 7.97e+00    -  2.45e-01 3.50e-01h  1
 414  3.7793978e+00 2.03e+01 5.45e-01  -4.9 3.18e+01    -  1.82e-01 1.28e-01h  1
 415  3.7705690e+00 1.42e+01 6.32e-01  -4.9 1.33e+01    -  3.56e-01 3.45e-01h  1
 416  3.7688544e+00 5.50e+00 3.44e-01  -4.9 2.79e+00    -  4.88e-01 7.65e-01h  1
 417  3.7619699e+00 1.33e+00 2.00e-01  -4.9 9.39e-01    -  1.00e+00 1.00e+00h  1
 418  3.7528317e+00 2.13e+00 9.26e-02  -4.9 1.38e+00    -  9.90e-01 1.00e+00h  1
 419  3.7453989e+00 1.15e+01 1.88e-01  -4.9 7.09e+00    -  5.04e-01 3.02e-01h  1
iter    objective    inf_pr   inf_du lg(mu)  ||d||  lg(rg) alpha_du alpha_pr  ls
 420  3.7908190e+00 9.25e+00 4.32e-01  -4.6 1.48e+01    -  1.84e-01 2.51e-01h  1
 421  3.7809292e+00 8.44e+00 5.60e-01  -4.9 1.81e+01    -  3.42e-01 1.02e-01h  1
 422  3.7540504e+00 9.37e+00 9.08e-01  -4.9 3.01e+01    -  2.49e-01 1.53e-01h  1
 423  3.7189763e+00 1.07e+01 1.26e+00  -4.9 2.40e+01    -  1.39e-01 2.29e-01h  1
 424  3.7051639e+00 1.30e+01 1.37e+00  -4.9 1.81e+01    -  3.51e-01 1.77e-01h  1
 425  3.6938140e+00 1.42e+01 6.89e-01  -4.9 4.12e+00    -  1.52e-01 7.39e-01h  1
 426  3.6988584e+00 2.96e+00 3.15e-01  -4.9 1.62e+00    -  6.95e-01 1.00e+00h  1
 427  3.6885246e+00 1.44e+00 9.65e-02  -4.9 1.36e+00    -  1.00e+00 1.00e+00h  1
 428  3.6780704e+00 1.16e+00 2.25e-01  -4.9 1.83e+00    -  1.00e+00 8.85e-01h  1
 429  3.6667033e+00 3.40e+00 2.81e-01  -4.9 2.42e+00    -  6.33e-01 1.00e+00h  1
iter    objective    inf_pr   inf_du lg(mu)  ||d||  lg(rg) alpha_du alpha_pr  ls
 430  3.7122528e+00 1.72e+00 2.18e-01  -4.6 7.83e+00    -  5.68e-01 5.30e-01h  1
 431  3.7275550e+00 5.22e+00 3.25e-01  -4.8 6.55e+00    -  5.13e-01 4.27e-01h  1
 432  3.6951707e+00 2.14e+00 3.05e-01  -4.8 2.10e+00    -  9.74e-01 8.26e-01h  1
 433  3.6742565e+00 1.06e+01 3.51e-01  -4.8 4.38e+00    -  4.73e-01 7.19e-01h  1
 434  3.6731666e+00 6.32e+00 3.19e-01  -4.8 2.70e+00    -  5.57e-01 1.00e+00h  1
 435  3.6735841e+00 1.31e+00 2.25e-01  -4.8 1.53e+00    -  5.39e-01 9.97e-01h  1
 436  3.6364673e+00 3.41e+00 2.37e-01  -4.9 2.77e+00    -  1.00e+00 1.00e+00h  1
 437  3.6167794e+00 3.20e+00 4.18e-01  -4.9 1.22e+01    -  4.30e-01 1.54e-01h  2
 438  3.6904336e+00 4.74e+00 2.28e-01  -4.7 1.38e+01    -  3.00e-01 3.46e-01h  1
 439  3.6609692e+00 9.20e+00 4.06e-01  -4.9 1.77e+01    -  1.64e-01 2.11e-01h  1
iter    objective    inf_pr   inf_du lg(mu)  ||d||  lg(rg) alpha_du alpha_pr  ls
 440  3.6228085e+00 1.40e+01 7.68e-01  -4.9 1.71e+01    -  3.07e-01 2.09e-01h  1
 441  3.5913344e+00 1.26e+01 1.06e+00  -4.9 1.28e+01    -  2.67e-01 1.94e-01h  1
 442  3.5718389e+00 1.37e+01 8.80e-01  -4.9 4.87e+00    -  2.42e-01 3.91e-01h  1
 443  3.5626549e+00 3.69e+00 4.48e-01  -4.9 2.57e+00    -  3.25e-01 7.43e-01h  1
 444  3.5642912e+00 9.05e-01 1.15e-01  -4.9 1.06e+00    -  1.00e+00 1.00e+00h  1
 445  3.5552009e+00 2.82e-01 9.08e-02  -4.9 1.99e+00    -  9.21e-01 6.38e-01h  1
 446  3.5356386e+00 4.48e+00 2.64e-01  -4.9 6.94e+00    -  4.13e-01 5.40e-01h  1
 447  3.6039895e+00 9.23e+00 1.57e-01  -4.7 1.13e+01    -  2.31e-01 2.78e-01h  1
 448  3.5851925e+00 8.99e+00 2.97e-01  -5.0 2.50e+01    -  3.46e-02 9.89e-02h  1
 449  3.5635841e+00 1.30e+01 6.10e-01  -5.0 3.54e+01    -  1.85e-01 7.53e-02h  1
iter    objective    inf_pr   inf_du lg(mu)  ||d||  lg(rg) alpha_du alpha_pr  ls
 450  3.5331903e+00 1.94e+01 1.02e+00  -5.0 3.83e+01    -  1.23e-01 1.47e-01h  1
 451  3.7447867e+00 2.48e+01 9.56e-01  -4.6 1.91e+01    -  2.53e-01 3.65e-01h  1
 452  3.6804365e+00 2.45e+01 1.03e+00  -4.9 2.53e+01    -  8.09e-02 1.74e-01h  1
 453  3.6199894e+00 3.43e+01 1.02e+00  -4.9 3.20e+01    -  1.51e-01 1.04e-01h  1
 454  3.5739777e+00 2.90e+01 9.77e-01  -4.9 1.52e+01    -  1.24e-01 1.73e-01h  1
 455  3.5406679e+00 1.88e+01 7.81e-01  -4.9 5.61e+00    -  2.74e-01 3.61e-01h  1
 456  3.5116760e+00 9.54e+00 4.45e-01  -4.9 4.15e+00    -  3.29e-01 5.39e-01h  1
 457  3.4643000e+00 5.53e+00 2.38e-01  -4.9 4.09e+00    -  4.67e-01 7.03e-01h  1
 458  3.4485100e+00 1.27e+01 4.14e-01  -4.9 3.97e+00    -  3.61e-01 4.32e-01h  1
 459  3.4638467e+00 9.73e-01 1.33e-01  -4.9 1.41e+00    -  4.99e-01 1.00e+00h  1
iter    objective    inf_pr   inf_du lg(mu)  ||d||  lg(rg) alpha_du alpha_pr  ls
 460  3.4912487e+00 1.17e+01 1.14e-01  -4.9 3.22e+00    -  6.74e-01 9.98e-01h  1
 461  3.4408117e+00 2.83e+00 5.23e-02  -5.0 2.04e+00    -  1.00e+00 1.00e+00h  1
 462  3.4110850e+00 1.14e+01 1.74e-01  -5.1 2.22e+00    -  1.00e+00 1.00e+00h  1
 463  3.4808017e+00 4.05e+01 5.63e-01  -4.8 2.10e+01    -  2.02e-01 2.10e-01h  2
 464  3.4304089e+00 3.25e+01 4.26e-01  -5.1 1.13e+01    -  4.78e-01 2.16e-01h  1
 465  3.3977134e+00 6.68e+01 1.08e+00  -5.1 5.47e+01    -  7.97e-02 1.14e-01h  1
 466  3.3588634e+00 5.13e+01 8.52e-01  -5.0 8.81e+00    -  1.74e-01 2.25e-01h  1
 467  3.3120994e+00 1.29e+01 3.03e-01  -5.0 2.43e+00    -  1.98e-01 7.08e-01h  1
 468  3.4592772e+00 2.23e+01 7.47e-01  -4.7 1.01e+01    -  1.98e-01 6.36e-01h  1
 469  3.4539585e+00 2.14e+01 1.04e+00  -5.0 3.21e+01    -  5.00e-02 7.64e-02h  1
iter    objective    inf_pr   inf_du lg(mu)  ||d||  lg(rg) alpha_du alpha_pr  ls
 470  3.3544309e+00 1.53e+01 6.21e-01  -5.0 6.02e+00    -  1.42e-01 4.48e-01h  1
 471  3.3711657e+00 1.38e+01 4.08e-01  -5.0 1.99e+01    -  8.25e-02 1.36e-01h  1
 472  3.2983926e+00 7.82e+00 2.21e-01  -5.0 2.50e+00    -  3.61e-01 4.78e-01h  1
 473  3.2852546e+00 4.97e+00 1.75e-01  -5.0 2.91e+00    -  3.28e-01 3.68e-01h  1
 474  3.2750273e+00 9.04e-01 8.17e-02  -5.0 1.00e+00    -  1.00e+00 8.58e-01h  1
 475  3.2396079e+00 3.52e+00 1.38e-01  -5.1 1.73e+00    -  1.00e+00 1.00e+00h  1
 476  3.2830819e+00 5.20e+00 1.71e-01  -4.8 1.64e+01    -  2.76e-01 1.24e-01h  2
 477  3.2525601e+00 7.52e+00 3.73e-01  -5.1 1.70e+01    -  1.95e-01 1.68e-01h  1
 478  3.2216120e+00 8.33e+00 5.67e-01  -5.1 1.33e+01    -  1.79e-01 1.75e-01h  1
 479  3.3677144e+00 1.30e+01 4.71e-01  -4.8 2.09e+01    -  1.78e-01 2.35e-01H  1
iter    objective    inf_pr   inf_du lg(mu)  ||d||  lg(rg) alpha_du alpha_pr  ls
 480  3.3225325e+00 1.20e+01 5.32e-01  -5.1 1.00e+01    -  4.58e-01 1.28e-01h  1
 481  3.2173492e+00 2.00e+01 6.00e-01  -5.1 1.86e+01    -  1.91e-01 2.08e-01h  1
 482  3.2602126e+00 3.94e+01 3.65e-01  -4.8 1.16e+01    -  1.85e-01 2.12e-01h  1
 483  3.2158867e+00 3.49e+01 3.59e-01  -5.1 1.72e+01    -  1.64e-01 1.12e-01h  1
 484  3.1823827e+00 1.93e+01 6.61e-01  -5.0 4.18e+00    -  3.43e-01 5.31e-01h  1
 485  3.2503860e+00 1.45e+01 5.40e-01  -4.7 1.36e+01    -  3.25e-01 2.02e-01h  1
 486  3.2258981e+00 1.35e+01 7.02e-01  -5.0 4.47e+01    -  1.49e-01 7.98e-02h  2
 487  3.2049386e+00 8.71e+00 6.05e-01  -5.0 6.67e+00    -  1.22e-01 2.93e-01h  1
 488  3.1975582e+00 6.05e+00 3.95e-01  -4.9 5.47e+00    -  5.44e-01 5.44e-01h  1
 489  3.1906626e+00 7.25e+00 2.97e-01  -4.9 8.89e+00    -  3.74e-01 3.70e-01h  1
iter    objective    inf_pr   inf_du lg(mu)  ||d||  lg(rg) alpha_du alpha_pr  ls
 490  3.1768093e+00 1.20e+01 3.99e-01  -4.9 2.52e+00    -  3.72e-01 4.93e-01h  1
 491  3.1862258e+00 3.93e+00 1.48e-01  -4.9 2.67e+00    -  3.60e-01 8.44e-01h  1
 492  3.2442540e+00 7.87e+00 2.32e-01  -4.7 8.54e+00    -  3.13e-01 3.31e-01h  1
 493  3.2380591e+00 6.08e+00 3.20e-01  -4.9 1.08e+01    -  4.08e-01 1.18e-01h  3
 494  3.1956313e+00 1.17e+01 3.85e-01  -4.9 4.77e+00    -  9.76e-01 8.05e-01h  1
 495  3.1615930e+00 9.55e+00 4.04e-01  -4.9 8.19e+00    -  4.78e-01 2.25e-01h  1
 496  3.1279962e+00 1.05e+01 3.74e-01  -5.0 8.43e+00    -  3.16e-01 2.09e-01h  2
 497  3.1288721e+00 8.74e+00 1.81e-01  -5.0 4.39e+00    -  6.47e-01 7.49e-01h  1
 498  3.0841271e+00 4.22e+00 1.45e-01  -5.1 1.89e+00    -  8.03e-01 1.00e+00h  1
 499  3.1008266e+00 8.08e+00 2.81e-01  -5.0 2.46e+00    -  6.83e-01 9.35e-01H  1
iter    objective    inf_pr   inf_du lg(mu)  ||d||  lg(rg) alpha_du alpha_pr  ls
 500  3.0692913e+00 5.19e+00 1.06e-01  -5.0 1.51e+00    -  1.38e-01 6.71e-01h  1
 501  3.1195192e+00 3.28e+00 2.50e-01  -4.7 3.73e+00    -  4.94e-01 4.90e-01h  1
 502  3.1248900e+00 8.00e+00 5.71e-02  -4.9 1.24e+01    -  3.50e-01 1.36e-01h  1
 503  3.1014538e+00 3.34e+00 7.60e-02  -4.9 3.12e+00    -  1.00e+00 1.00e+00h  1
 504  3.0881229e+00 1.58e+00 3.97e-02  -4.9 8.98e-01    -  9.97e-01 1.00e+00h  1
 505  3.0806205e+00 5.28e+00 1.40e-01  -4.9 4.24e+00    -  1.00e+00 7.01e-01h  1
 506  3.2472735e+00 1.51e+01 7.37e-02  -4.7 1.12e+01    -  3.91e-01 3.19e-01h  1
 507  3.2202673e+00 1.29e+01 2.51e-01  -4.9 3.24e+01    -  2.64e-01 1.59e-01h  1
 508  3.1797627e+00 1.53e+01 3.99e-01  -4.9 3.50e+01    -  2.22e-01 2.11e-01h  1
 509  3.1123083e+00 1.22e+01 3.53e-01  -4.9 5.87e+00    -  1.82e-01 4.24e-01h  1
iter    objective    inf_pr   inf_du lg(mu)  ||d||  lg(rg) alpha_du alpha_pr  ls
 510  3.0562194e+00 1.31e+01 2.20e-01  -4.9 4.91e+00    -  2.32e-01 2.95e-01h  1
 511  3.1806566e+00 1.68e+01 1.22e-01  -4.9 4.86e+00    -  3.36e-01 7.29e-01h  1
 512  3.0551379e+00 6.77e+00 1.27e-01  -5.0 1.81e+00    -  3.10e-01 1.00e+00h  1
 513  3.0259610e+00 3.07e+00 7.66e-02  -5.1 2.29e+00    -  9.99e-01 1.00e+00h  1
 514  3.0678382e+00 8.03e+00 5.86e-02  -4.8 1.25e+01    -  2.59e-01 1.18e-01h  3
 515  3.0348093e+00 6.96e+00 1.75e-01  -5.1 1.73e+01    -  4.65e-01 1.72e-01h  1
 516  3.0040983e+00 6.80e+00 3.14e-01  -5.1 4.09e+01    -  2.45e-01 1.02e-01h  2
 517  2.9823146e+00 5.71e+00 3.58e-01  -5.1 1.87e+01    -  4.46e-01 1.74e-01h  2
 518  3.1170634e+00 1.32e+01 2.07e-01  -4.8 9.04e+00    -  4.12e-01 5.07e-01h  1
 519  3.0875496e+00 1.14e+01 4.22e-01  -5.0 1.69e+01    -  6.54e-02 2.56e-01h  1
iter    objective    inf_pr   inf_du lg(mu)  ||d||  lg(rg) alpha_du alpha_pr  ls
 520  3.0128016e+00 1.30e+01 2.91e-01  -5.0 9.44e+00    -  3.00e-01 3.54e-01h  1
 521  2.9715949e+00 2.45e+01 2.45e-01  -5.0 1.28e+01    -  3.75e-01 2.58e-01h  1
 522  2.9684774e+00 1.07e+01 1.41e-01  -5.0 3.77e+00    -  5.00e-01 5.42e-01h  1
 523  2.9480771e+00 7.00e+00 5.61e-02  -5.0 8.68e-01    -  1.00e+00 1.00e+00h  1
 524  2.9241302e+00 4.69e+00 7.34e-02  -5.1 2.00e+00    -  8.03e-01 1.00e+00h  1
 525  2.9072792e+00 3.83e+00 9.81e-02  -5.1 6.87e+00    -  6.09e-01 2.73e-01h  2
 526  3.0219487e+00 1.17e+01 8.11e-02  -4.8 1.77e+01    -  2.60e-01 3.88e-01h  1
 527  2.9887025e+00 1.18e+01 1.18e-01  -5.1 2.69e+01    -  1.52e-01 1.57e-01h  1
 528  2.9381351e+00 1.74e+01 1.91e-01  -5.1 2.64e+01    -  3.33e-01 1.87e-01h  1
 529  2.9069039e+00 1.52e+01 3.50e-01  -5.1 1.59e+01    -  1.95e-01 1.64e-01h  1
iter    objective    inf_pr   inf_du lg(mu)  ||d||  lg(rg) alpha_du alpha_pr  ls
 530  2.9040870e+00 1.15e+01 4.12e-01  -5.1 6.59e+00    -  5.76e-01 5.48e-01h  1
 531  2.8632961e+00 1.00e+01 2.28e-01  -5.1 1.91e+00    -  7.06e-01 7.84e-01h  1
 532  2.8622187e+00 3.05e+00 1.77e-01  -5.1 1.81e+00    -  1.00e+00 1.00e+00h  1
 533  2.8603089e+00 8.23e+00 5.36e-02  -5.1 1.91e+00    -  9.31e-01 8.76e-01h  1
 534  2.9130907e+00 2.49e+01 1.76e-01  -4.8 4.86e+00    -  1.43e-01 7.72e-01h  1
 535  2.8908620e+00 2.29e+01 1.13e-01  -5.1 1.84e+01    -  3.72e-01 1.45e-01h  2
 536  2.8445963e+00 2.31e+01 1.44e-01  -5.1 1.08e+01    -  5.85e-01 2.64e-01h  1
 537  2.8248427e+00 2.35e+01 1.55e-01  -5.1 1.45e+01    -  3.46e-01 1.32e-01h  2
 538  2.9167695e+00 4.71e+01 2.77e-01  -4.8 1.29e+01    -  1.24e-01 3.79e-01h  1
 539  2.8963242e+00 4.49e+01 2.65e-01  -5.2 3.89e+01    -  2.92e-01 4.69e-02h  1
iter    objective    inf_pr   inf_du lg(mu)  ||d||  lg(rg) alpha_du alpha_pr  ls
 540  2.8280459e+00 4.96e+01 2.10e-01  -5.2 1.75e+01    -  2.52e-01 4.36e-01h  1
 541  2.8212084e+00 4.37e+01 1.76e-01  -5.2 1.80e+01    -  2.44e-01 1.88e-01h  1
 542  2.7787764e+00 2.41e+01 1.85e-01  -5.1 2.27e+00    -  3.68e-01 4.53e-01h  1
 543  2.7696553e+00 7.20e+00 9.31e-02  -5.1 2.29e+00    -  3.91e-01 7.03e-01h  1
 544  2.7730338e+00 1.30e+01 9.55e-02  -5.1 9.08e-01    -  1.00e+00 1.00e+00h  1
 545  2.7644830e+00 3.44e+00 4.46e-02  -5.1 1.27e+00    -  6.80e-01 7.31e-01h  1
 546  2.7571846e+00 2.40e+00 5.71e-02  -5.1 3.40e+00    -  8.63e-01 3.00e-01h  2
 547  2.7450311e+00 5.55e+00 1.23e-01  -5.1 4.96e+00    -  9.35e-01 4.32e-01h  2
 548  2.8442568e+00 1.25e+01 1.16e-01  -4.9 4.91e+00    -  4.36e-01 6.56e-01h  1
 549  2.8373085e+00 1.22e+01 2.23e-01  -5.1 1.67e+01    -  2.51e-01 2.00e-01h  1
iter    objective    inf_pr   inf_du lg(mu)  ||d||  lg(rg) alpha_du alpha_pr  ls
 550  2.7842752e+00 7.01e+00 2.68e-01  -5.1 6.03e+00    -  3.64e-01 4.56e-01h  1
 551  2.7484795e+00 8.31e+00 2.87e-01  -5.1 9.58e+00    -  3.29e-01 1.57e-01h  2
 552  2.7204042e+00 1.02e+01 1.95e-01  -5.1 4.38e+00    -  4.75e-01 4.56e-01h  1
 553  2.7244066e+00 2.71e+01 2.63e-01  -5.1 1.81e+00    -  4.99e-01 6.90e-01h  1
 554  2.7062515e+00 8.87e+00 7.93e-02  -5.2 1.29e+00    -  9.45e-01 1.00e+00h  1
 555  2.7572451e+00 7.15e+00 1.98e-01  -4.9 3.64e+00    -  1.14e-01 7.91e-01h  1
 556  2.7364995e+00 1.35e+01 8.17e-02  -5.2 2.23e+01    -  3.04e-01 8.24e-02h  2
 557  2.6995284e+00 1.09e+01 1.73e-01  -5.2 1.34e+01    -  3.82e-01 2.12e-01h  1
 558  2.6522537e+00 3.28e+01 6.25e-01  -5.4 4.42e+01    -  7.84e-02 1.13e-01h  1
 559  2.6956259e+00 3.16e+01 6.83e-01  -4.9 2.38e+01    -  1.51e-01 1.26e-01h  2
iter    objective    inf_pr   inf_du lg(mu)  ||d||  lg(rg) alpha_du alpha_pr  ls
 560  2.6845001e+00 3.04e+01 6.53e-01  -5.2 1.74e+01    -  2.01e-01 3.96e-02h  1
 561  2.6626628e+00 2.81e+01 5.24e-01  -5.2 1.46e+01    -  2.26e-01 1.10e-01h  1
 562  2.6387026e+00 2.59e+01 4.16e-01  -5.2 1.71e+01    -  3.69e-01 1.41e-01h  1
 563  2.6817638e+00 2.13e+01 2.36e-01  -4.9 2.30e+01    -  2.00e-01 1.30e-01h  2
 564  2.6531401e+00 3.25e+01 2.18e-01  -5.2 2.69e+01    -  3.32e-01 1.36e-01h  1
 565  2.6234430e+00 2.73e+01 2.75e-01  -5.2 2.19e+01    -  3.86e-01 1.45e-01h  2
 566  2.5923851e+00 1.85e+01 3.77e-01  -5.2 2.26e+01    -  2.09e-01 3.19e-01h  1
 567  2.6694821e+00 2.05e+01 4.17e-01  -4.8 3.35e+01    -  1.49e-01 1.33e-01h  1
 568  2.6553356e+00 1.90e+01 4.44e-01  -5.2 3.98e+01    -  1.09e-01 4.84e-02h  1
 569  2.6055432e+00 1.77e+01 2.79e-01  -5.2 4.58e+00    -  3.82e-01 4.67e-01h  1
iter    objective    inf_pr   inf_du lg(mu)  ||d||  lg(rg) alpha_du alpha_pr  ls
 570  2.5914498e+00 2.84e+01 2.22e-01  -5.2 1.54e+01    -  1.05e-01 2.41e-01h  1
 571  2.5825846e+00 1.44e+01 1.69e-01  -5.2 2.09e+00    -  7.82e-01 4.95e-01h  1
 572  2.5688415e+00 6.31e+00 7.28e-02  -5.2 1.16e+00    -  5.06e-01 8.76e-01h  1
 573  2.5779379e+00 1.12e+01 4.07e-02  -5.2 1.28e+00    -  3.73e-01 1.00e+00h  1
 574  2.5675348e+00 3.14e-01 3.80e-02  -5.2 3.27e+00    -  6.66e-01 1.00e+00H  1
 575  2.5539555e+00 4.42e+00 1.05e-01  -5.2 3.16e+00    -  1.00e+00 6.18e-01h  1
 576  2.5459240e+00 1.12e+01 6.32e-02  -5.2 1.30e+00    -  6.69e-01 9.22e-01h  1
 577  2.5195483e+00 1.07e+00 5.47e-02  -5.5 2.00e+00    -  9.40e-01 1.00e+00h  1
 578  2.5683222e+00 1.27e+01 8.85e-02  -5.1 4.42e+00    -  4.21e-01 3.88e-01h  2
 579  2.5522876e+00 1.07e+01 6.13e-02  -5.3 1.29e+01    -  2.53e-01 1.89e-01h  1
iter    objective    inf_pr   inf_du lg(mu)  ||d||  lg(rg) alpha_du alpha_pr  ls
 580  2.5197583e+00 6.74e+00 7.46e-02  -5.3 7.83e+00    -  2.08e-01 3.30e-01h  1
 581  2.4824707e+00 9.55e+00 2.10e-01  -5.3 1.82e+01    -  2.08e-01 3.16e-01h  1
 582  2.4708538e+00 1.10e+01 2.40e-01  -5.4 5.41e+00    -  2.42e-01 1.64e-01h  1
 583  2.4575622e+00 7.87e+00 1.32e-01  -5.4 1.18e+00    -  1.57e-01 9.95e-01h  1
 584  2.4573710e+00 5.05e+00 7.48e-02  -5.3 7.55e-01    -  7.27e-01 6.70e-01h  1
 585  2.4554853e+00 2.63e+00 5.15e-02  -5.3 2.79e+00    -  7.26e-01 5.48e-01h  1
 586  2.4488654e+00 4.74e+00 7.89e-02  -5.3 3.90e+00    -  8.45e-01 5.76e-01h  1
 587  2.4919695e+00 3.62e+00 7.35e-02  -5.1 8.06e+00    -  2.10e-01 2.61e-01h  1
 588  2.4756912e+00 4.67e+00 1.71e-01  -5.3 2.67e+01    -  7.92e-02 1.15e-01h  1
 589  2.4677373e+00 4.52e+00 2.12e-01  -5.3 2.38e+01    -  2.65e-01 3.48e-02h  1
iter    objective    inf_pr   inf_du lg(mu)  ||d||  lg(rg) alpha_du alpha_pr  ls
 590  2.4502023e+00 4.19e+00 3.23e-01  -5.3 2.22e+01    -  8.96e-02 1.00e-01h  2
 591  2.4305333e+00 3.93e+00 3.94e-01  -5.3 2.02e+01    -  1.78e-01 9.84e-02h  1
 592  2.5837632e+00 9.88e+00 4.27e-01  -5.0 1.19e+01    -  1.74e-01 3.28e-01H  1
 593  2.5474608e+00 1.08e+01 5.01e-01  -5.3 3.12e+01    -  1.71e-01 8.99e-02h  1
 594  2.4997532e+00 1.20e+01 5.89e-01  -5.3 4.24e+01    -  1.89e-01 8.84e-02h  1
 595  2.4680223e+00 1.13e+01 6.17e-01  -5.3 3.81e+01    -  6.54e-02 6.62e-02h  1
 596  2.4421592e+00 9.84e+00 5.69e-01  -5.3 1.99e+01    -  1.96e-01 1.38e-01h  1
 597  2.4149276e+00 8.39e+00 4.14e-01  -5.3 8.27e+00    -  1.95e-01 2.56e-01h  1
 598  2.5095418e+00 1.32e+01 3.55e-01  -5.0 1.02e+01    -  1.87e-01 2.49e-01h  2
 599  2.4765713e+00 1.26e+01 4.41e-01  -5.3 2.75e+01    -  1.55e-01 1.17e-01h  1
iter    objective    inf_pr   inf_du lg(mu)  ||d||  lg(rg) alpha_du alpha_pr  ls
 600  2.4399052e+00 1.18e+01 5.84e-01  -5.3 2.52e+01    -  1.12e-01 1.27e-01h  1
 601  2.4096129e+00 1.47e+01 5.93e-01  -5.3 1.46e+01    -  1.41e-01 1.88e-01h  1
 602  2.5638767e+00 2.62e+01 5.09e-01  -5.0 1.21e+01    -  1.68e-01 3.76e-01h  1
 603  2.5377731e+00 2.41e+01 6.29e-01  -5.3 1.87e+01    -  1.68e-01 1.84e-01H  1
 604  2.4602220e+00 2.18e+01 5.59e-01  -5.3 9.60e+00    -  1.18e-01 2.24e-01h  1
 605  2.4202178e+00 1.98e+01 5.38e-01  -5.3 1.63e+01    -  5.30e-02 1.13e-01h  1
 606  2.4027190e+00 1.50e+01 4.02e-01  -5.3 2.12e+00    -  2.88e-01 2.42e-01h  1
 607  2.5132750e+00 2.04e+01 2.54e-01  -5.0 8.58e+00    -  1.91e-01 5.05e-01h  1
 608  2.5424074e+00 1.92e+01 2.07e-01  -5.3 3.41e+01    -  6.22e-02 1.05e-01h  1
 609  2.3826706e+00 9.77e+00 1.83e-01  -5.3 3.89e+00    -  9.09e-01 1.00e+00h  1
iter    objective    inf_pr   inf_du lg(mu)  ||d||  lg(rg) alpha_du alpha_pr  ls
 610  2.4516134e+00 1.07e+01 1.89e-01  -5.0 1.60e+01    -  1.31e-01 1.11e-01h  2
 611  2.4132196e+00 1.63e+01 2.69e-01  -5.3 6.43e+00    -  4.42e-01 3.42e-01h  1
 612  2.3699445e+00 1.15e+01 4.31e-01  -5.3 1.05e+01    -  2.79e-01 3.35e-01h  1
 613  2.5708882e+00 3.13e+01 4.21e-01  -5.0 1.23e+01    -  8.51e-02 4.99e-01h  1
 614  2.5515443e+00 3.01e+01 4.48e-01  -5.3 3.31e+01    -  1.05e-01 3.85e-02h  1
 615  2.4065748e+00 2.24e+01 2.89e-01  -5.3 6.47e+00    -  6.25e-02 5.21e-01h  1
 616  2.4491680e+00 2.08e+01 2.81e-01  -5.3 1.58e+01    -  7.32e-02 7.85e-02h  1
 617  2.4332792e+00 1.90e+01 2.56e-01  -5.3 8.93e+00    -  1.55e-01 8.77e-02h  1
 618  2.4148446e+00 1.78e+01 2.54e-01  -5.3 2.45e+01    -  1.35e-01 6.37e-02h  1
 619  2.3823247e+00 1.25e+01 1.90e-01  -5.3 4.77e+00    -  3.26e-01 3.01e-01h  1
iter    objective    inf_pr   inf_du lg(mu)  ||d||  lg(rg) alpha_du alpha_pr  ls
 620  2.3636266e+00 1.06e+01 1.80e-01  -5.3 1.17e+01    -  1.37e-01 1.57e-01h  1
 621  2.5216484e+00 2.62e+01 1.70e-01  -5.1 9.00e+00    -  1.57e-01 6.81e-01h  1
 622  2.5118574e+00 2.54e+01 2.28e-01  -5.3 4.18e+01    -  9.75e-02 3.27e-02h  1
 623  2.3918577e+00 2.04e+01 1.86e-01  -5.3 6.00e+00    -  6.76e-02 5.60e-01h  1
 624  2.3916470e+00 1.98e+01 2.57e-01  -5.3 5.61e+01    -  3.77e-02 3.03e-02h  1
 625  2.3603313e+00 1.26e+01 1.75e-01  -5.3 7.19e+00    -  1.56e-01 4.11e-01h  1
 626  2.3888520e+00 1.25e+01 3.09e-01  -5.0 7.84e+01    -  6.67e-02 4.08e-02h  1
 627  2.3480226e+00 9.92e+00 3.08e-01  -5.4 5.82e+00    -  4.71e-01 3.33e-01h  1
 628  2.4000706e+00 1.06e+01 4.30e-01  -4.9 4.29e+01    -  3.31e-02 7.44e-02h  1
 629  2.3933292e+00 1.04e+01 4.62e-01  -5.4 2.57e+01    -  1.65e-01 1.88e-02h  1
iter    objective    inf_pr   inf_du lg(mu)  ||d||  lg(rg) alpha_du alpha_pr  ls
 630  2.3511728e+00 7.95e+00 4.46e-01  -5.4 7.54e+00    -  1.24e-01 3.23e-01h  1
 631  2.4233410e+00 1.08e+01 6.56e-01  -5.1 3.57e+01    -  7.96e-02 1.13e-01h  1
 632  2.4014822e+00 1.01e+01 7.12e-01  -5.4 2.29e+01    -  5.48e-02 7.84e-02h  1
 633  2.3945340e+00 9.98e+00 7.34e-01  -5.4 3.10e+01    -  6.54e-02 1.81e-02h  1
 634  2.3760589e+00 9.57e+00 7.96e-01  -5.4 4.09e+01    -  9.51e-02 5.59e-02h  1
 635  2.3499684e+00 9.22e+00 9.31e-01  -5.4 7.18e+01    -  5.50e-02 6.40e-02h  1
 636  2.4058789e+00 1.18e+01 1.02e+00  -4.9 5.73e+01    -  7.28e-02 7.88e-02h  1
 637  2.3899196e+00 1.14e+01 8.98e-01  -5.4 9.00e+01    -  6.82e-02 5.92e-02h  1
 638  2.3794871e+00 1.10e+01 8.51e-01  -5.4 2.53e+01    -  1.11e-01 4.76e-02h  1
 639  2.3614904e+00 1.31e+01 6.15e-01  -5.4 2.08e+02    -  4.01e-02 4.05e-02h  1
iter    objective    inf_pr   inf_du lg(mu)  ||d||  lg(rg) alpha_du alpha_pr  ls
 640  2.3535692e+00 1.26e+01 5.86e-01  -5.4 2.19e+01    -  1.48e-01 4.19e-02h  1
 641  2.3369313e+00 1.39e+01 6.12e-01  -5.4 9.91e+01    -  3.65e-02 7.57e-02h  1
 642  2.3209359e+00 1.29e+01 5.11e-01  -5.3 1.83e+01    -  1.41e-01 1.58e-01h  1
 643  2.3000748e+00 1.51e+01 5.13e-01  -5.3 4.87e+01    -  2.87e-02 9.41e-02h  1
 644  2.3860410e+00 1.12e+01 4.42e-01  -5.0 1.66e+01    -  6.53e-02 2.07e-01h  1
 645  2.3831598e+00 1.12e+01 4.42e-01  -5.4 1.40e+02    -  3.21e-02 4.38e-03h  1
 646  2.3666957e+00 1.04e+01 4.18e-01  -5.4 2.70e+01    -  6.37e-02 6.14e-02h  1
 647  2.3436415e+00 2.30e+01 4.14e-01  -5.4 2.43e+02    -  2.38e-02 5.18e-02h  1
 648  2.3363813e+00 2.26e+01 4.05e-01  -5.4 2.68e+01    -  1.21e-01 2.33e-02h  1
 649  2.3196635e+00 2.85e+01 3.98e-01  -5.4 1.29e+02    -  5.48e-02 4.10e-02h  1
iter    objective    inf_pr   inf_du lg(mu)  ||d||  lg(rg) alpha_du alpha_pr  ls
 650  2.3164688e+00 2.80e+01 3.90e-01  -5.4 1.64e+01    -  7.14e-02 1.81e-02h  1
 651  2.2852429e+00 3.82e+01 3.60e-01  -5.4 1.01e+02    -  6.74e-02 1.02e-01h  1
 652  2.3234689e+00 3.46e+01 3.10e-01  -5.0 2.21e+01    -  7.13e-02 1.37e-01h  1
 653  2.3091697e+00 3.80e+01 3.02e-01  -5.4 9.26e+01    -  6.19e-02 3.49e-02h  1
 654  2.2963438e+00 3.55e+01 2.86e-01  -5.4 2.51e+01    -  2.98e-02 6.55e-02h  1
 655  2.3005883e+00 3.47e+01 2.80e-01  -5.0 1.28e+02    -  2.67e-02 2.39e-02h  1
 656  2.2929182e+00 3.38e+01 2.74e-01  -5.4 3.11e+01    -  7.20e-02 2.55e-02h  1
 657  2.2579749e+00 3.06e+01 2.66e-01  -6.0 8.89e+01    -  3.13e-02 5.46e-02h  1
 658  2.3279976e+00 2.71e+01 3.11e-01  -5.0 7.49e+01    -  6.16e-02 1.05e-01h  1
 659  2.3267919e+00 2.70e+01 3.11e-01  -5.4 6.71e+01    -  8.83e-02 2.96e-03h  1
iter    objective    inf_pr   inf_du lg(mu)  ||d||  lg(rg) alpha_du alpha_pr  ls
 660  2.3122584e+00 2.63e+01 3.06e-01  -5.4 1.33e+02    -  1.96e-02 2.44e-02h  1
 661  2.2959269e+00 2.53e+01 3.21e-01  -5.4 1.13e+02    -  3.36e-02 3.16e-02h  1
 662  2.2756705e+00 2.32e+01 3.56e-01  -5.4 1.30e+02    -  3.02e-02 4.50e-02h  1
 663  2.2571090e+00 2.13e+01 3.53e-01  -5.4 5.74e+01    -  4.96e-02 5.95e-02h  1
 664  2.2994460e+00 1.95e+01 3.43e-01  -4.9 3.73e+01    -  2.90e-02 5.55e-02h  1
 665  2.2916259e+00 1.92e+01 3.41e-01  -5.4 9.19e+01    -  1.94e-02 1.38e-02h  1
 666  2.2622437e+00 1.64e+01 2.98e-01  -5.4 1.67e+01    -  1.06e-01 1.19e-01h  1
 667  2.2465740e+00 1.54e+01 3.02e-01  -5.4 1.08e+02    -  3.42e-02 5.38e-02h  1
 668  2.2703339e+00 1.47e+01 2.97e-01  -4.9 2.64e+01    -  1.15e-01 3.83e-02h  1
 669  2.2619624e+00 1.80e+01 2.82e-01  -5.3 6.84e+01    -  3.13e-03 3.72e-02h  2
iter    objective    inf_pr   inf_du lg(mu)  ||d||  lg(rg) alpha_du alpha_pr  ls
 670  2.2216760e+00 1.36e+01 1.89e-01  -5.3 5.98e+00    -  1.82e-01 3.39e-01h  1
 671  2.1981888e+00 1.34e+01 2.64e-01 -11.0 8.23e+01    -  6.14e-02 1.97e-02h  1
 672  2.2544709e+00 1.63e+01 3.02e-01  -5.0 4.91e+01    -  6.72e-02 1.04e-01h  1
 673  2.2452193e+00 1.60e+01 2.98e-01  -5.3 3.52e+01    -  7.90e-02 3.31e-02h  1
 674  2.2253244e+00 1.41e+01 2.72e-01  -5.3 1.01e+01    -  1.97e-01 1.25e-01h  1
 675  2.2100747e+00 1.35e+01 2.65e-01  -5.3 8.35e+01    -  3.36e-02 4.19e-02h  1
 676  2.1986755e+00 1.14e+01 2.20e-01  -5.3 1.26e+01    -  4.94e-02 1.93e-01h  1
 677  2.1892014e+00 1.06e+01 1.78e-01  -5.3 1.41e+01    -  1.64e-01 1.91e-01h  1
 678  2.1563539e+00 8.15e+00 1.51e-01  -5.4 1.10e+01    -  2.12e-01 2.08e-01h  1
 679  2.2686099e+00 1.29e+01 1.87e-01  -4.8 8.32e+01    -  7.27e-02 5.73e-02h  1
iter    objective    inf_pr   inf_du lg(mu)  ||d||  lg(rg) alpha_du alpha_pr  ls
 680  2.2619436e+00 1.28e+01 2.25e-01  -5.3 1.20e+02    -  7.90e-02 1.62e-02h  1
 681  2.2196138e+00 1.18e+01 2.90e-01  -5.3 1.62e+01    -  5.89e-02 2.07e-01h  1
 682  2.2073618e+00 1.24e+01 3.57e-01  -5.3 1.39e+02    -  2.34e-02 2.92e-02h  2
 683  2.1987070e+00 1.18e+01 3.46e-01  -5.3 6.04e+00    -  1.21e-01 4.82e-02h  1
 684  2.2023885e+00 1.15e+01 3.89e-01  -5.3 5.75e+01    -  9.35e-02 6.82e-02h  1
 685  2.1719805e+00 9.77e+00 3.18e-01  -5.3 4.28e+00    -  2.17e-01 1.79e-01h  1
 686  2.1828861e+00 1.82e+01 3.25e-01  -5.3 3.97e+01    -  1.12e-01 7.33e-02h  1
 687  2.1661808e+00 1.59e+01 2.87e-01  -5.3 2.39e+00    -  1.30e-01 1.28e-01h  1
 688  2.1462904e+00 1.35e+01 2.37e-01  -5.3 1.24e+01    -  7.69e-02 1.55e-01h  1
 689  2.1202933e+00 7.94e+00 1.39e-01  -5.3 4.67e+00    -  4.27e-01 4.09e-01h  1
iter    objective    inf_pr   inf_du lg(mu)  ||d||  lg(rg) alpha_du alpha_pr  ls
 690  2.1631185e+00 4.53e+00 8.35e-02  -5.0 3.99e+00    -  9.00e-02 4.71e-01h  1
 691  2.1826701e+00 6.82e+00 7.91e-02  -5.0 3.30e+01    -  8.85e-02 2.46e-02h  3
 692  2.1496755e+00 6.20e+00 9.81e-02  -5.3 6.52e+00    -  3.41e-01 2.24e-01h  1
 693  2.2402116e+00 1.77e+01 1.34e-01  -4.9 3.96e+01    -  1.33e-01 5.61e-02h  1
 694  2.2232503e+00 1.69e+01 1.91e-01  -5.3 2.76e+01    -  8.97e-02 4.84e-02h  1
 695  2.1989021e+00 1.55e+01 2.46e-01  -5.3 2.07e+01    -  1.62e-01 8.37e-02h  1
 696  2.1737190e+00 1.42e+01 2.99e-01  -5.3 1.71e+01    -  1.01e-01 1.12e-01h  1
 697  2.1642927e+00 1.36e+01 3.11e-01  -5.3 1.37e+01    -  4.22e-02 4.71e-02h  1
 698  2.1377494e+00 1.29e+01 3.37e-01  -5.3 8.61e+00    -  1.63e-01 2.00e-01h  1
 699  2.1310219e+00 1.33e+01 3.46e-01  -5.3 1.56e+01    -  2.55e-01 1.48e-01h  1
iter    objective    inf_pr   inf_du lg(mu)  ||d||  lg(rg) alpha_du alpha_pr  ls
 700  2.1150117e+00 1.08e+01 2.59e-01  -5.3 5.27e+00    -  3.98e-01 3.32e-01h  1
 701  2.1075667e+00 1.07e+01 1.93e-01  -5.3 1.02e+01    -  1.46e-01 2.27e-01h  1
 702  2.1071087e+00 2.93e+00 7.56e-02  -5.3 1.43e+00    -  6.23e-01 7.20e-01h  1
 703  2.1060588e+00 3.64e+00 3.24e-02  -5.3 6.44e-01    -  6.62e-01 1.00e+00h  1
 704  2.0996523e+00 1.44e+00 6.12e-02  -5.3 9.82e-01    -  1.00e+00 1.00e+00h  1
 705  2.0960542e+00 1.18e+00 1.01e-01  -5.3 5.90e+00    -  6.11e-01 1.77e-01h  3
 706  2.0886028e+00 2.68e+00 2.33e-01  -5.3 4.73e+00    -  1.00e+00 9.67e-01H  1
 707  2.0860773e+00 2.53e+00 3.71e-01  -5.3 9.24e+00    -  7.99e-01 3.71e-01h  1
 708  2.0829654e+00 1.46e+00 3.35e-01  -5.3 2.50e+00    -  2.87e-01 4.14e-01h  1
 709  2.0817120e+00 9.17e-01 6.29e-02  -5.3 1.07e+00    -  7.77e-01 9.31e-01h  1
iter    objective    inf_pr   inf_du lg(mu)  ||d||  lg(rg) alpha_du alpha_pr  ls
 710  2.0786793e+00 3.29e+00 6.01e-02  -5.3 1.07e+00    -  1.00e+00 5.80e-01h  1
 711  2.1085513e+00 9.18e+00 1.06e-01  -5.0 7.12e+00    -  2.52e-01 5.71e-01h  1
 712  2.1028398e+00 1.22e+01 2.01e-01  -5.3 2.40e+01    -  3.22e-01 9.32e-02h  2
 713  2.0878186e+00 1.25e+01 2.08e-01  -5.3 1.03e+01    -  1.34e-01 2.86e-01h  1
 714  2.0817311e+00 1.21e+01 2.03e-01  -5.3 2.50e+01    -  3.13e-01 6.37e-02h  2
 715  2.0669947e+00 7.58e+00 1.75e-01  -5.3 5.97e+00    -  4.14e-01 4.09e-01h  1
 716  2.0626326e+00 6.88e+00 1.68e-01  -5.3 9.80e+00    -  4.13e-01 1.05e-01h  3
 717  2.0610939e+00 4.66e+00 1.23e-01  -5.3 1.48e+00    -  2.89e-01 3.29e-01h  1
 718  2.0601872e+00 1.50e+00 7.68e-02  -5.3 4.74e-01    -  1.00e+00 6.79e-01h  1
 719  2.0578650e+00 2.33e+00 4.97e-02  -5.3 7.94e-01    -  1.00e+00 1.00e+00h  1
iter    objective    inf_pr   inf_du lg(mu)  ||d||  lg(rg) alpha_du alpha_pr  ls
 720  2.0540865e+00 7.89e+00 1.93e-01  -5.3 8.99e+00    -  5.41e-01 3.07e-01h  2
 721  2.0523124e+00 4.93e+00 3.24e-01  -5.3 8.65e+00    -  7.98e-01 3.67e-01H  1
 722  2.1134733e+00 2.02e+01 1.31e-01  -5.0 7.63e+00    -  1.64e-01 7.24e-01h  1
 723  2.0995890e+00 1.69e+01 1.60e-01  -5.3 2.77e+01    -  4.24e-01 1.69e-01h  1
 724  2.0769776e+00 1.46e+01 3.76e-01  -5.3 3.57e+01    -  1.55e-01 1.42e-01h  1
 725  2.0633793e+00 1.32e+01 4.22e-01  -5.3 2.21e+01    -  1.74e-01 9.43e-02h  1
 726  2.0475716e+00 1.03e+01 3.08e-01  -5.3 1.10e+01    -  8.44e-02 2.78e-01h  1
 727  2.0513655e+00 1.66e+01 1.92e-01  -5.3 1.06e+01    -  1.95e-01 4.32e-01h  1
 728  2.0419002e+00 1.49e+00 4.20e-02  -5.3 2.26e+00    -  9.13e-01 1.00e+00h  1
 729  2.0401184e+00 9.62e-01 1.96e-02  -5.3 6.07e-01    -  6.88e-01 1.00e+00h  1
iter    objective    inf_pr   inf_du lg(mu)  ||d||  lg(rg) alpha_du alpha_pr  ls
 730  2.0317215e+00 1.26e+00 1.09e-01  -5.4 2.18e+00    -  1.00e+00 1.00e+00h  1
 731  2.0608598e+00 5.94e+00 6.40e-02  -5.1 2.15e+01    -  1.62e-01 1.67e-01h  2
 732  2.0394516e+00 4.28e+00 7.18e-02  -5.4 2.05e+01    -  3.00e-01 2.72e-01h  1
 733  2.0258660e+00 4.06e+00 1.96e-01  -5.4 5.54e+01    -  1.15e-01 5.97e-02h  1
 734  2.0761389e+00 6.19e+00 1.55e-01  -5.1 2.10e+01    -  1.53e-01 2.78e-01h  1
 735  2.0603040e+00 7.16e+00 3.71e-01  -5.4 5.61e+01    -  1.64e-01 1.10e-01h  1
 736  2.0476502e+00 6.87e+00 4.31e-01  -5.4 2.44e+01    -  6.24e-02 7.98e-02h  1
 737  2.0308080e+00 1.11e+01 5.16e-01  -5.4 2.63e+01    -  8.93e-02 1.12e-01h  1
 738  2.0077164e+00 8.12e+00 4.09e-01  -5.4 1.72e+01    -  1.31e-01 2.71e-01h  1
 739  2.0026946e+00 7.17e+00 3.56e-01  -5.4 1.38e+01    -  2.67e-01 1.20e-01h  1
iter    objective    inf_pr   inf_du lg(mu)  ||d||  lg(rg) alpha_du alpha_pr  ls
 740  2.0008562e+00 2.47e+00 9.39e-02  -5.4 1.01e+00    -  8.90e-01 8.42e-01h  1
 741  1.9994224e+00 3.74e-01 1.22e-01  -5.4 8.45e-01    -  8.08e-01 1.00e+00h  1
 742  2.0007219e+00 4.55e-01 1.23e-01  -5.4 1.29e+00    -  8.52e-01 1.00e+00H  1
 743  1.9958559e+00 1.20e+00 7.10e-02  -5.4 6.60e-01    -  1.00e+00 5.88e-01h  1
 744  1.9888371e+00 6.25e-01 2.44e-02  -5.4 1.93e+00    -  1.00e+00 1.00e+00h  1
 745  2.0064328e+00 1.51e+00 6.34e-02  -5.2 1.33e+01    -  5.95e-01 2.74e-01h  1
 746  2.0041285e+00 1.80e+00 3.65e-02  -5.4 8.57e+00    -  3.47e-01 1.14e-01h  1
 747  1.9954348e+00 3.19e+00 5.17e-02  -5.4 4.64e+00    -  8.91e-01 7.23e-01h  1
 748  1.9969104e+00 3.02e+00 1.15e-01  -5.4 3.28e+00    -  7.45e-01 5.74e-01h  1
 749  1.9883044e+00 1.57e+00 8.06e-02  -5.4 1.09e+00    -  6.58e-01 7.84e-01h  1
iter    objective    inf_pr   inf_du lg(mu)  ||d||  lg(rg) alpha_du alpha_pr  ls
 750  1.9840250e+00 1.47e+00 8.25e-02  -5.4 1.26e+00    -  7.74e-01 1.00e+00h  1
 751  1.9785282e+00 1.33e+00 3.83e-02  -5.4 2.94e+00    -  9.99e-01 4.48e-01h  1
 752  2.0131207e+00 4.59e+00 1.13e-01  -5.1 7.25e+00    -  4.00e-02 5.74e-01h  1
 753  2.0105753e+00 4.57e+00 9.72e-02  -5.5 7.93e+01    -  7.70e-02 8.92e-03h  1
 754  1.9560277e+00 1.38e+01 5.12e-01  -5.5 1.08e+01    -  3.71e-02 8.54e-01h  1
 755  2.0589280e+00 1.19e+01 6.43e-01  -5.4 3.09e+01    -  1.76e-01 2.17e-01h  1
 756  1.9704033e+00 7.71e+00 5.33e-01  -5.5 5.11e+00    -  1.78e-01 4.76e-01h  1
 757  1.9682094e+00 6.16e+00 1.89e-01  -5.4 7.29e+00    -  1.51e-01 8.84e-01h  1
 758  1.9707000e+00 3.96e+00 1.75e-01  -5.4 3.32e+00    -  2.17e-01 3.54e-01h  1
 759  1.9554732e+00 4.39e-01 1.73e-01  -5.4 2.25e+00    -  2.49e-01 1.00e+00h  1
iter    objective    inf_pr   inf_du lg(mu)  ||d||  lg(rg) alpha_du alpha_pr  ls
 760  1.9524955e+00 3.64e-01 1.11e-01  -5.4 8.11e-01    -  1.00e+00 9.98e-01h  1
 761  1.9488940e+00 4.10e-01 9.00e-02  -5.4 2.66e+00    -  4.37e-01 2.51e-01h  1
 762  1.9426872e+00 2.00e+00 1.15e-01  -5.4 6.45e+00    -  5.66e-01 2.67e-01h  1
 763  1.9436556e+00 1.93e+00 1.73e-01  -5.5 5.78e+00    -  7.08e-01 8.82e-01H  1
 764  1.9355025e+00 1.52e+00 1.86e-01  -5.5 2.55e+00    -  7.21e-01 6.93e-01h  1
 765  1.9202960e+00 4.32e-01 5.69e-02  -5.5 1.77e+00    -  6.88e-01 8.57e-01h  1
 766  1.9162967e+00 3.03e+00 4.97e-02  -5.5 9.45e-01    -  1.00e+00 1.00e+00h  1
 767  1.9095504e+00 2.28e+00 1.37e-01  -5.5 5.08e+00    -  6.98e-01 3.79e-01h  1
 768  1.9527270e+00 9.42e+00 3.05e-01  -5.2 2.88e+01    -  1.23e-01 2.49e-01h  1
 769  1.9338962e+00 1.10e+01 1.15e-01  -5.6 4.70e+01    -  1.36e-01 1.46e-01h  1
iter    objective    inf_pr   inf_du lg(mu)  ||d||  lg(rg) alpha_du alpha_pr  ls
 770  1.9201063e+00 1.19e+01 2.25e-01  -5.6 5.85e+01    -  8.62e-02 7.31e-02h  1
 771  1.8990525e+00 1.12e+01 2.91e-01  -5.6 4.64e+01    -  1.42e-01 1.21e-01h  1
 772  1.9180942e+00 1.05e+01 2.69e-01  -5.2 3.77e+01    -  5.03e-02 9.50e-02h  1
 773  1.9149991e+00 1.04e+01 2.71e-01  -5.6 3.64e+01    -  9.95e-03 1.34e-02h  1
 774  1.9042544e+00 1.04e+01 2.99e-01  -5.6 3.86e+01    -  6.84e-02 4.77e-02f  1
 775  1.8933949e+00 9.83e+00 3.17e-01  -5.6 2.04e+01    -  1.26e-01 7.82e-02h  1
 776  1.8932176e+00 1.04e+01 3.38e-01  -5.5 2.67e+01    -  1.07e-01 1.48e-01H  1
 777  1.8800864e+00 7.77e+00 2.73e-01  -5.5 3.19e+00    -  1.26e-01 2.69e-01h  1
 778  1.8693096e+00 6.02e+00 2.39e-01  -5.5 3.36e+00    -  2.53e-01 2.41e-01h  1
 779  1.8645262e+00 3.66e+00 1.65e-01  -5.5 1.70e+00    -  9.26e-01 4.02e-01h  1
iter    objective    inf_pr   inf_du lg(mu)  ||d||  lg(rg) alpha_du alpha_pr  ls
 780  1.8608885e+00 5.21e+00 5.91e-02  -5.5 1.43e+00    -  8.79e-01 7.24e-01h  1
 781  1.8514133e+00 1.31e+00 7.50e-02  -5.5 2.22e+00    -  1.00e+00 1.00e+00h  1
 782  1.8787663e+00 6.37e+00 6.93e-02  -5.3 1.48e+01    -  5.14e-02 2.60e-01h  1
 783  1.8720992e+00 6.11e+00 5.75e-02  -5.6 3.57e+01    -  1.58e-01 3.96e-02h  1
 784  1.8511179e+00 7.92e+00 8.56e-02  -5.6 2.41e+01    -  2.40e-01 2.06e-01h  1
 785  1.9169066e+00 9.92e+00 7.43e-02  -5.3 3.09e+01    -  6.87e-02 1.84e-01H  1
 786  1.9105519e+00 9.60e+00 5.72e-02  -5.6 3.79e+01    -  3.16e-02 2.61e-02h  1
 787  1.8762894e+00 1.00e+01 7.63e-02  -5.6 5.68e+01    -  1.36e-01 1.07e-01h  1
 788  1.8529734e+00 1.08e+01 1.44e-01  -5.6 6.50e+01    -  1.16e-01 8.81e-02h  1
 789  1.8350920e+00 1.04e+01 1.68e-01  -5.6 3.37e+01    -  1.32e-01 9.16e-02h  1
iter    objective    inf_pr   inf_du lg(mu)  ||d||  lg(rg) alpha_du alpha_pr  ls
 790  1.9051429e+00 1.15e+01 6.56e-02  -5.3 2.38e+01    -  1.04e-01 2.78e-01h  1
 791  1.8898902e+00 1.06e+01 5.23e-02  -5.6 3.77e+01    -  5.59e-02 6.37e-02h  1
 792  1.8526106e+00 1.29e+01 1.03e-01  -5.6 3.69e+01    -  1.77e-01 1.85e-01h  1
 793  1.8344351e+00 1.23e+01 1.37e-01  -5.6 5.31e+01    -  1.22e-01 7.66e-02h  1
 794  1.8201343e+00 9.65e+00 1.37e-01  -5.5 1.35e+01    -  6.59e-02 2.21e-01h  1
 795  1.8103053e+00 7.43e+00 1.20e-01  -5.5 3.04e+00    -  3.64e-01 2.36e-01h  1
 796  1.8080965e+00 3.98e+00 7.52e-02  -5.5 1.83e+00    -  3.02e-01 5.98e-01h  1
 797  1.7960803e+00 2.55e+00 2.77e-02  -5.6 2.68e+00    -  5.33e-01 7.38e-01h  1
 798  1.8298273e+00 6.30e+00 3.44e-02  -5.3 3.99e+01    -  5.20e-02 1.52e-01h  2
 799  1.8193596e+00 6.11e+00 3.28e-02  -5.6 4.18e+01    -  1.66e-01 8.52e-02h  2
iter    objective    inf_pr   inf_du lg(mu)  ||d||  lg(rg) alpha_du alpha_pr  ls
 800  1.7943831e+00 6.25e+00 3.68e-02  -5.6 2.81e+01    -  5.07e-01 1.94e-01h  1
 801  1.9866919e+00 8.81e+01 5.71e-01  -5.1 1.43e+02    -  7.39e-02 1.33e-01h  1
 802  1.9699030e+00 8.46e+01 5.18e-01  -5.6 8.94e+01    -  5.19e-02 3.90e-02h  1
 803  1.8769143e+00 6.47e+01 2.97e-01  -5.6 3.45e+01    -  1.72e-01 3.16e-01h  1
 804  1.8482172e+00 6.34e+01 2.81e-01  -5.6 1.30e+02    -  4.05e-02 2.11e-02h  1
 805  1.8079209e+00 4.89e+01 1.51e-01  -5.6 1.93e+01    -  1.71e-01 2.58e-01h  1
 806  1.8015462e+00 4.46e+01 1.24e-01  -5.6 3.54e+01    -  1.05e-01 8.44e-02h  1
 807  1.7691837e+00 3.28e+01 1.42e-01  -5.6 1.13e+01    -  2.70e-01 4.13e-01h  1
 808  1.7941527e+00 3.03e+01 1.60e-01  -5.3 3.57e+01    -  2.95e-03 7.75e-02h  2
 809  1.8985087e+00 1.59e+01 1.45e-01  -5.3 3.44e+01    -  1.90e-01 3.55e-01h  1
iter    objective    inf_pr   inf_du lg(mu)  ||d||  lg(rg) alpha_du alpha_pr  ls
 810  1.9302946e+00 1.57e+01 1.56e-01  -5.6 3.86e+01    -  4.25e-02 1.03e-01h  1
 811  1.7898683e+00 1.15e+01 2.44e-01  -5.6 1.39e+01    -  2.64e-01 6.68e-01h  1
 812  1.7989471e+00 1.11e+01 2.01e-01  -5.3 4.46e+01    -  8.62e-03 2.88e-02h  3
 813  1.7938070e+00 1.08e+01 1.60e-01  -5.6 8.29e+00    -  3.82e-02 2.33e-02h  1
 814  1.7873806e+00 5.79e+00 1.66e-01  -5.5 4.34e+00    -  5.74e-01 5.14e-01f  1
 815  1.7813462e+00 2.11e+00 1.87e-01  -5.5 1.46e+00    -  2.85e-01 9.27e-01h  1
 816  1.8913728e+00 8.63e+00 2.05e-01  -5.3 9.95e+00    -  2.32e-01 8.27e-01h  1
 817  1.8892414e+00 9.48e+00 8.22e-02  -5.6 2.32e+01    -  1.25e-01 1.37e-01h  1
 818  1.7984410e+00 7.79e+00 1.13e-01  -5.6 9.46e+00    -  7.69e-02 5.45e-01h  1
 819  1.8812881e+00 7.40e+00 1.14e-01  -5.6 2.46e+01    -  2.54e-02 6.29e-02h  1
iter    objective    inf_pr   inf_du lg(mu)  ||d||  lg(rg) alpha_du alpha_pr  ls
 820  1.8020593e+00 4.11e+00 8.07e-02  -5.6 2.38e+00    -  1.12e-01 4.83e-01h  1
 821  1.7930207e+00 5.10e+00 2.55e-01  -5.6 6.78e+00    -  1.73e-01 2.96e-01h  1
 822  1.7646095e+00 2.05e+00 9.95e-02  -5.6 1.51e+00    -  9.50e-04 9.00e-01h  1
 823  1.7817150e+00 2.27e+00 2.27e-01  -5.7 3.89e+00    -  3.39e-01 6.30e-01h  1
 824  1.7569627e+00 1.70e+00 2.36e-02  -5.6 5.65e-01    -  1.35e-01 1.00e+00h  1
 825  1.7540777e+00 9.05e-02 7.67e-03  -5.7 2.15e-01    -  5.63e-01 1.00e+00h  1
 826  1.7479056e+00 1.53e+00 3.83e-02  -5.6 7.27e-01    -  9.99e-01 1.00e+00h  1
 827  1.7792015e+00 1.96e+00 1.84e-02  -5.4 2.66e+01    -  2.28e-01 1.03e-01h  2
 828  1.7612107e+00 1.21e+01 1.22e-01  -5.7 2.00e+01    -  3.96e-01 1.43e-01h  2
 829  1.7482912e+00 1.71e+01 2.34e-01  -5.7 2.42e+01    -  2.16e-01 1.07e-01h  1
iter    objective    inf_pr   inf_du lg(mu)  ||d||  lg(rg) alpha_du alpha_pr  ls
 830  1.7308099e+00 1.47e+01 2.35e-01  -5.7 1.60e+01    -  2.67e-01 1.44e-01h  1
 831  1.7690079e+00 1.32e+01 2.58e-01  -5.4 3.34e+01    -  1.46e-01 1.25e-01h  2
 832  1.7589886e+00 1.26e+01 2.72e-01  -5.7 2.51e+01    -  1.23e-01 5.73e-02h  2
 833  1.7272533e+00 9.63e+00 2.22e-01  -5.7 1.13e+01    -  2.35e-01 2.44e-01h  1
 834  1.7185328e+00 9.15e+00 2.36e-01  -5.6 2.08e+01    -  1.14e-01 7.48e-02h  2
 835  1.7093708e+00 5.34e+00 1.44e-01  -5.6 2.47e+00    -  1.82e-01 4.18e-01h  1
 836  1.6779963e+00 6.12e+00 7.93e-02  -5.8 9.77e+00    -  3.58e-01 3.78e-01h  1
 837  1.6957920e+00 5.93e+00 9.21e-02  -5.4 4.63e+01    -  7.34e-02 4.78e-02h  3
 838  1.6814827e+00 5.62e+00 7.99e-02  -5.7 1.14e+01    -  3.83e-01 1.94e-01h  1
 839  1.6709416e+00 5.21e+00 9.19e-02  -5.7 1.56e+01    -  3.38e-01 9.71e-02h  1
iter    objective    inf_pr   inf_du lg(mu)  ||d||  lg(rg) alpha_du alpha_pr  ls
 840  1.6640614e+00 4.18e+00 1.01e-01  -5.7 2.10e+01    -  1.30e-01 2.29e-01h  1
 841  1.6577678e+00 3.97e+00 8.59e-02  -5.7 8.49e+00    -  3.53e-01 2.56e-01h  1
 842  1.6585869e+00 5.44e+00 1.54e-02  -5.7 1.76e+00    -  3.88e-01 9.07e-01h  1
 843  1.6536743e+00 6.03e-01 1.55e-01  -5.7 7.73e-01    -  5.51e-01 9.14e-01h  1
 844  1.6636929e+00 1.24e+00 2.61e-01  -5.8 1.10e+00    -  1.55e-01 5.90e-01h  1
 845  1.6477196e+00 1.25e+00 5.40e-02  -5.7 4.54e-01    -  9.99e-01 1.00e+00h  1
 846  1.6480871e+00 5.41e-01 5.18e-03  -5.7 2.29e-01    -  7.38e-01 1.00e+00h  1
 847  1.6448453e+00 3.43e-01 9.54e-03  -6.1 8.39e-01    -  1.00e+00 1.00e+00h  1
 848  1.6581892e+00 3.18e+00 3.35e-02  -5.4 1.37e+00    -  1.00e+00 9.23e-01h  1
 849  1.7339305e+00 1.72e+00 4.47e-02  -5.5 4.84e+00    -  5.55e-01 7.07e-01H  1
iter    objective    inf_pr   inf_du lg(mu)  ||d||  lg(rg) alpha_du alpha_pr  ls
 850  1.6724155e+00 5.35e-01 9.02e-02  -5.5 1.89e+00    -  4.69e-01 1.00e+00h  1
 851  1.6647520e+00 1.38e+00 1.81e-02  -5.5 2.08e+00    -  3.57e-01 1.99e-01h  2
 852  1.6699961e+00 5.23e-01 8.44e-02  -5.5 9.19e-01    -  6.64e-01 7.52e-01h  1
 853  1.6760241e+00 1.29e+00 8.73e-02  -5.5 1.73e+00    -  6.57e-01 6.70e-01H  1
 854  1.6703968e+00 2.19e+00 3.45e-02  -5.5 5.89e-01    -  3.14e-01 1.00e+00h  1
 855  1.6716051e+00 7.01e-01 1.75e-02  -5.5 3.58e-01    -  1.00e+00 1.00e+00h  1
 856  1.6737861e+00 2.57e+00 2.04e-02  -5.5 3.25e+00    -  1.00e+00 5.98e-01h  1
 857  1.6898123e+00 3.69e+00 2.00e-02  -5.5 1.07e+01    -  6.90e-01 6.10e-01h  1
 858  1.6982174e+00 3.21e+00 2.49e-02  -5.5 2.65e+01    -  2.76e-01 1.51e-01h  1
 859  1.7027653e+00 2.74e+00 3.18e-02  -5.5 1.84e+01    -  7.14e-01 1.51e-01h  3
iter    objective    inf_pr   inf_du lg(mu)  ||d||  lg(rg) alpha_du alpha_pr  ls
 860  1.7090743e+00 1.88e+00 3.94e-02  -5.5 7.00e+00    -  3.58e-01 3.58e-01h  1
 861  1.7028131e+00 5.46e-01 1.62e-02  -5.5 8.66e-01    -  8.62e-01 1.00e+00h  1
 862  1.7068494e+00 3.35e-01 4.51e-02  -5.5 1.32e+00    -  6.98e-01 9.08e-01h  1
 863  1.7144532e+00 9.49e-01 1.66e-01  -5.5 1.97e+00    -  7.41e-01 1.00e+00h  1
 864  1.7142595e+00 8.57e-01 1.33e-01  -5.5 6.28e+00    -  2.98e-01 1.00e-01h  2
 865  1.7214547e+00 2.87e-01 1.07e-02  -5.5 3.67e+00    -  3.94e-01 7.69e-01H  1
 866  1.7149624e+00 1.12e+00 4.82e-02  -5.5 1.77e+00    -  1.00e+00 1.00e+00f  1
 867  1.7141877e+00 1.58e-02 4.15e-03  -5.5 3.09e-01    -  1.00e+00 1.00e+00h  1
 868  1.7077524e+00 8.29e-02 1.66e-02  -5.8 2.44e+00    -  9.95e-01 1.00e+00h  1
 869  1.6943246e+00 1.37e+00 6.19e-02  -5.9 6.73e+01    -  2.40e-01 1.03e-01h  2
iter    objective    inf_pr   inf_du lg(mu)  ||d||  lg(rg) alpha_du alpha_pr  ls
 870  1.6785214e+00 5.52e+00 3.69e-02  -5.9 5.09e+01    -  3.38e-01 1.33e-01h  2
 871  1.6505955e+00 7.80e+00 6.08e-02  -5.9 7.69e+01    -  1.25e-01 1.36e-01h  1
 872  1.6423527e+00 7.35e+00 6.65e-02  -5.9 3.67e+01    -  1.35e-01 5.87e-02h  2
 873  1.6359132e+00 6.28e+00 1.04e-01  -5.8 2.84e+00    -  2.62e-01 2.66e-01h  1
 874  1.6416043e+00 5.91e+00 3.66e-02  -5.6 2.71e+01    -  4.99e-02 1.78e-01h  1
 875  1.6385189e+00 1.15e+01 2.73e-02  -5.9 2.27e+01    -  1.90e-01 1.59e-01h  1
 876  1.6299024e+00 7.22e+00 1.39e-02  -5.8 3.41e+00    -  3.05e-01 3.77e-01h  1
 877  1.6200112e+00 5.39e+00 1.35e-02  -5.9 1.41e+01    -  2.43e-01 2.59e-01h  1
 878  1.6107093e+00 4.70e+00 2.01e-02  -6.1 3.32e+01    -  2.10e-01 1.32e-01h  1
 879  1.6372442e+00 6.26e+00 8.68e-02  -5.6 7.10e+01    -  1.09e-02 1.71e-01h  1
iter    objective    inf_pr   inf_du lg(mu)  ||d||  lg(rg) alpha_du alpha_pr  ls
 880  1.6347782e+00 6.08e+00 7.23e-02  -6.0 4.37e+01    -  2.54e-01 2.91e-02h  1
 881  1.6162439e+00 6.64e+00 1.44e-01  -6.0 2.44e+01    -  2.16e-01 2.98e-01h  1
 882  1.6069923e+00 6.22e+00 3.47e-02  -6.0 2.48e+01    -  4.65e-02 7.49e-02h  1
 883  1.6001039e+00 3.89e+00 1.16e-01  -5.9 9.22e+00    -  3.08e-01 3.81e-01h  1
 884  1.6288437e+00 3.12e+00 5.00e-02  -5.7 4.17e+01    -  5.47e-02 2.83e-01h  1
 885  1.6275194e+00 3.09e+00 4.71e-02  -6.0 2.46e+01    -  1.90e-01 9.27e-03h  1
 886  1.6169282e+00 2.81e+00 6.18e-02  -6.0 3.25e+01    -  1.51e-01 9.72e-02h  1
 887  1.6098337e+00 2.93e+00 1.73e-02  -6.0 5.63e+01    -  1.71e-02 4.05e-02h  1
 888  1.5931520e+00 2.87e+00 5.48e-02  -6.0 2.63e+01    -  3.71e-01 2.07e-01h  1
 889  1.6863319e+00 1.39e+01 6.81e-02  -5.1 4.04e+02    -  1.79e-02 6.48e-02f  1
iter    objective    inf_pr   inf_du lg(mu)  ||d||  lg(rg) alpha_du alpha_pr  ls
 890  1.6821193e+00 1.37e+01 8.18e-02  -6.0 4.88e+01    -  8.59e-02 9.28e-03h  1
 891  1.6230342e+00 1.10e+01 1.55e-01  -6.0 4.87e+01    -  1.59e-01 3.16e-01h  1
 892  1.6131569e+00 1.09e+01 1.18e-01  -6.0 4.95e+01    -  1.61e-02 1.64e-02h  2
 893  1.5961556e+00 9.42e+00 1.09e-01  -6.0 2.06e+01    -  8.40e-02 1.43e-01h  1
 894  1.5811725e+00 8.90e+00 2.83e-02  -6.0 4.97e+01    -  1.10e-01 6.49e-02h  1
 895  1.5941048e+00 7.66e+00 3.05e-02  -5.7 3.01e+01    -  1.36e-01 1.46e-01h  1
 896  1.5792259e+00 6.64e+00 2.62e-02  -6.0 2.96e+01    -  4.58e-01 1.56e-01h  1
 897  1.6752045e+00 7.10e+00 3.42e-02  -5.7 4.06e+01    -  1.81e-01 3.68e-01h  1
 898  1.6226879e+00 8.35e+00 8.97e-02  -6.0 2.74e+01    -  2.53e-01 2.40e-01h  1
 899  1.5983480e+00 8.25e+00 3.09e-02  -6.0 4.22e+01    -  2.64e-02 1.20e-02h  1
iter    objective    inf_pr   inf_du lg(mu)  ||d||  lg(rg) alpha_du alpha_pr  ls
 900  1.5931377e+00 7.83e+00 2.50e-02  -6.0 1.11e+01    -  1.90e-01 5.11e-02h  1
 901  1.5954115e+00 7.77e+00 1.32e-01  -5.3 1.44e+02    -  7.20e-02 3.42e-02h  1
 902  1.6112676e+00 6.49e+00 2.45e-01  -5.9 2.44e+01    -  4.73e-02 1.71e-01h  1
 903  1.5733825e+00 4.45e+00 1.70e-01  -5.9 1.34e+01    -  1.20e-03 3.18e-01h  1
 904  1.6203126e+00 9.04e+00 6.60e-02  -5.5 1.12e+02    -  4.36e-02 1.15e-01f  1
 905  1.6544834e+00 2.19e+01 3.18e-02  -5.9 3.98e+01    -  5.27e-02 8.09e-02h  1
 906  1.5693276e+00 8.41e+00 2.70e-02  -5.9 1.24e+01    -  3.04e-01 6.54e-01h  1
 907  1.6076900e+00 7.36e+00 2.38e-02  -5.6 6.64e+01    -  1.62e-01 1.43e-01h  2
 908  1.6290326e+00 2.31e+01 4.21e-02  -5.9 6.36e+00    -  4.13e-01 3.42e-01h  1
 909  1.5824548e+00 1.55e+01 4.62e-02  -5.9 1.04e+01    -  3.23e-01 3.19e-01h  1
iter    objective    inf_pr   inf_du lg(mu)  ||d||  lg(rg) alpha_du alpha_pr  ls
 910  1.5659791e+00 1.44e+01 3.03e-02  -6.0 3.65e+01    -  5.30e-02 8.28e-02h  1
 911  1.5464789e+00 1.20e+01 2.92e-02  -6.1 2.36e+01    -  1.30e-01 1.70e-01h  1
 912  1.5530994e+00 1.16e+01 1.67e-02  -5.6 5.73e+01    -  8.78e-02 4.50e-02h  2
 913  1.5456545e+00 1.35e+01 1.91e-01  -5.9 7.04e+00    -  1.43e-01 2.78e-01h  1
 914  1.5397799e+00 1.21e+01 2.95e-02  -5.9 2.65e+00    -  6.78e-02 1.68e-01h  1
 915  1.5696345e+00 9.82e+00 1.22e-02  -5.5 3.98e+01    -  1.42e-01 1.98e-01h  1
 916  1.5670295e+00 9.90e+00 1.80e-02  -5.9 1.14e+02    -  3.80e-02 7.18e-03h  3
 917  1.5420738e+00 3.26e+00 1.01e-02  -5.9 8.95e+00    -  5.90e-01 6.79e-01h  1
 918  1.5395173e+00 3.30e+00 1.29e-02  -6.3 5.21e+01    -  1.28e-01 1.53e-02h  4
 919  1.5285316e+00 1.72e+00 2.41e-02  -5.9 5.12e+00    -  5.65e-01 6.10e-01h  1
iter    objective    inf_pr   inf_du lg(mu)  ||d||  lg(rg) alpha_du alpha_pr  ls
 920  1.5719570e+00 1.75e+00 1.71e-02  -5.6 5.51e+01    -  2.86e-01 1.87e-01h  1
 921  1.5883881e+00 2.12e+00 4.31e-02  -5.9 2.51e+01    -  2.55e-01 1.41e-01h  1
 922  1.5515967e+00 1.78e+00 7.24e-02  -5.9 1.01e+01    -  9.13e-02 4.19e-01h  1
 923  1.5439780e+00 8.03e+00 9.95e-02  -5.9 3.84e+01    -  4.35e-02 7.65e-02h  1
 924  1.5351090e+00 5.06e+00 1.74e-01  -5.9 3.47e+00    -  1.26e-01 3.82e-01h  1
 925  1.5269947e+00 4.61e+00 1.65e-02  -5.9 1.19e+01    -  5.59e-02 1.05e-01h  1
 926  1.5328904e+00 3.99e+00 1.24e-02  -5.9 3.53e+00    -  6.21e-01 5.51e-01h  1
 927  1.5235464e+00 2.74e+00 1.37e-02  -5.9 1.71e+00    -  1.00e+00 1.00e+00h  1
 928  1.5201229e+00 2.46e+00 1.61e-02  -5.9 4.27e+00    -  2.32e-01 1.24e-01h  3
 929  1.5230031e+00 1.51e+00 2.17e-02  -5.9 6.97e-01    -  1.00e+00 1.00e+00h  1
iter    objective    inf_pr   inf_du lg(mu)  ||d||  lg(rg) alpha_du alpha_pr  ls
 930  1.5119153e+00 1.37e+00 3.29e-02  -6.2 2.55e+00    -  4.63e-01 1.00e+00h  1
 931  1.5143455e+00 1.32e+00 4.60e-02  -5.8 2.22e+01    -  1.49e-01 4.88e-02h  2
 932  1.5155735e+00 7.26e-01 1.29e-01  -6.1 1.06e+00    -  2.73e-01 4.76e-01h  1
 933  1.5350196e+00 1.93e+00 2.98e-02  -5.8 5.83e+00    -  1.78e-01 8.73e-01h  1
 934  1.5314152e+00 3.34e+00 6.19e-02  -6.0 1.64e+01    -  3.48e-02 2.76e-02h  2
 935  1.5128015e+00 2.55e+00 2.99e-02  -6.0 6.58e+00    -  5.00e-01 5.04e-01h  1
 936  1.5139236e+00 2.50e+00 4.77e-02  -6.0 1.84e+01    -  1.23e-01 2.40e-02h  3
 937  1.4963814e+00 1.10e+00 6.18e-02  -6.0 5.27e+00    -  2.72e-01 5.76e-01h  1
 938  1.4997883e+00 1.89e+00 6.70e-02  -5.8 3.62e+01    -  1.68e-01 3.41e-02h  3
 939  1.4911484e+00 1.44e+00 6.93e-02  -6.1 7.64e+00    -  6.82e-01 2.46e-01h  1
iter    objective    inf_pr   inf_du lg(mu)  ||d||  lg(rg) alpha_du alpha_pr  ls
 940  1.4898743e+00 1.35e+00 8.70e-02  -6.0 1.12e+01    -  1.01e-01 3.75e-02h  3
 941  1.4758032e+00 3.73e+00 2.24e-02  -6.0 2.33e+00    -  9.81e-01 1.00e+00h  1
 942  1.4700252e+00 3.58e+00 2.68e-02  -6.4 1.75e+01    -  1.01e-01 5.09e-02h  1
 943  1.4669773e+00 4.04e+00 5.20e-02  -6.1 3.59e+00    -  2.71e-01 2.28e-01H  1
 944  1.4470146e+00 3.01e+00 5.34e-02  -6.4 6.64e+00    -  1.27e-01 4.13e-01h  1
 945  1.4461231e+00 2.93e+00 2.10e-02  -5.8 1.00e+02    -  9.50e-02 2.94e-02h  2
 946  1.4920222e+00 4.77e+00 4.10e-02  -5.6 6.81e+01    -  4.44e-02 1.66e-01h  1
 947  1.5006088e+00 5.21e+00 3.46e-02  -6.1 7.81e+01    -  7.99e-02 2.38e-02h  2
 948  1.4623766e+00 4.15e+00 7.40e-02  -6.1 1.14e+01    -  1.44e-01 5.01e-01h  1
 949  1.4539853e+00 4.89e+00 1.83e-02  -6.1 3.99e+01    -  4.82e-02 3.06e-02h  1
iter    objective    inf_pr   inf_du lg(mu)  ||d||  lg(rg) alpha_du alpha_pr  ls
 950  1.4499594e+00 3.47e+00 1.29e-01  -6.1 1.33e+00    -  6.98e-01 2.91e-01h  1
 951  1.4405073e+00 2.58e+00 3.19e-02  -6.1 1.40e+01    -  1.46e-01 2.53e-01h  1
 952  1.5797116e+00 2.02e+00 5.29e-02  -5.8 2.53e+01    -  1.89e-01 6.51e-01H  1
 953  1.5958235e+00 1.80e+00 1.12e-01  -6.1 1.86e+01    -  1.17e-01 9.41e-02h  1
 954  1.4546440e+00 3.68e+00 2.59e-02  -6.1 1.50e+01    -  2.22e-01 7.27e-01h  1
 955  1.4900882e+00 5.06e+00 2.22e-02  -6.1 1.95e+01    -  3.49e-02 6.74e-02h  1
 956  1.4323469e+00 4.87e-01 1.57e-02  -6.1 3.69e+00    -  8.89e-01 1.00e+00h  1
 957  1.4224052e+00 1.15e+00 1.02e-01  -6.4 1.05e+01    -  2.97e-01 3.72e-01h  1
 958  1.4090735e+00 2.09e+00 1.78e-02  -6.5 1.02e+01    -  1.97e-01 1.87e-01h  1
 959  1.6751513e+00 3.44e+01 1.00e-01  -5.6 1.01e+02    -  6.44e-02 3.37e-01h  1
iter    objective    inf_pr   inf_du lg(mu)  ||d||  lg(rg) alpha_du alpha_pr  ls
 960  1.6606722e+00 3.49e+01 1.04e-01  -6.2 1.03e+02    -  8.30e-02 4.00e-02h  1
 961  1.6191030e+00 3.27e+01 1.10e-01  -6.2 3.25e+01    -  3.32e-02 7.67e-02h  1
 962  1.5858736e+00 3.18e+01 9.99e-02  -6.2 5.83e+01    -  2.58e-02 3.53e-02h  1
 963  1.5427198e+00 3.03e+01 9.38e-02  -6.2 3.04e+01    -  9.64e-03 6.59e-02h  1
 964  1.5067747e+00 2.93e+01 9.04e-02  -6.2 2.60e+01    -  7.05e-02 4.48e-02h  1
 965  1.4887957e+00 2.91e+01 7.87e-02  -6.2 6.31e+01    -  2.71e-02 3.64e-02h  1
 966  1.4808546e+00 2.91e+01 2.15e-01  -6.2 5.60e+01    -  5.32e-02 4.93e-02h  1
 967  1.4780152e+00 2.87e+01 2.02e-01  -6.2 3.15e+01    -  1.74e-02 1.29e-02h  1
 968  1.4634555e+00 2.66e+01 1.65e-01  -6.2 1.83e+01    -  1.27e-01 1.04e-01h  1
 969  1.4470906e+00 2.47e+01 1.21e-01  -6.2 1.87e+01    -  5.38e-02 1.08e-01h  1
iter    objective    inf_pr   inf_du lg(mu)  ||d||  lg(rg) alpha_du alpha_pr  ls
 970  1.4426333e+00 2.42e+01 1.04e-01  -6.2 7.89e+00    -  1.52e-01 2.08e-02h  1
 971  1.4352755e+00 2.28e+01 1.70e-01  -6.2 1.89e+01    -  2.01e-01 8.92e-02h  1
 972  1.4329320e+00 2.12e+01 2.77e-02  -6.2 1.25e+01    -  3.06e-02 8.32e-02h  1
 973  1.4266510e+00 1.87e+01 3.28e-02  -6.2 3.14e+00    -  3.37e-01 1.21e-01h  1
 974  1.4210354e+00 1.73e+01 6.15e-02  -6.2 6.34e+00    -  1.68e-01 7.66e-02h  1
 975  1.4137531e+00 1.40e+01 1.49e-02  -6.2 2.59e+00    -  1.72e-01 1.94e-01h  1
 976  1.4101643e+00 1.36e+01 3.56e-02  -6.2 1.53e+01    -  9.20e-02 2.96e-02h  1
 977  1.4070263e+00 8.97e+00 9.14e-03  -6.2 8.76e-01    -  2.87e-01 3.40e-01h  1
 978  1.4041909e+00 4.68e+00 2.45e-02  -6.2 8.15e-01    -  7.80e-01 4.82e-01h  1
 979  1.4082862e+00 2.16e+00 1.87e-01  -6.2 2.66e+00    -  5.18e-01 5.41e-01h  1
iter    objective    inf_pr   inf_du lg(mu)  ||d||  lg(rg) alpha_du alpha_pr  ls
 980  1.4275910e+00 3.92e+00 9.14e-02  -5.8 1.20e+01    -  1.86e-01 1.96e-01h  1
 981  1.4284230e+00 3.69e+00 3.89e-02  -6.2 2.69e+01    -  8.15e-02 5.37e-02h  1
 982  1.4042735e+00 2.62e+00 4.03e-02  -6.2 1.97e+00    -  3.15e-01 8.38e-01h  1
 983  1.4210180e+00 2.24e+00 7.20e-03  -5.9 1.07e+01    -  4.74e-01 1.41e-01h  2
 984  1.4245679e+00 2.23e+00 2.41e-02  -6.1 5.87e+00    -  2.78e-01 1.21e-01h  2
 985  1.4053200e+00 5.35e-01 1.07e-01  -6.1 1.70e+00    -  7.45e-01 8.05e-01h  1
 986  1.4154534e+00 1.05e+00 7.02e-02  -5.8 2.37e+01    -  4.84e-02 6.32e-02h  2
 987  1.4112597e+00 1.07e+00 2.28e-01  -6.2 3.88e+00    -  4.93e-01 3.67e-01H  1
 988  1.4082976e+00 2.97e+00 1.92e-01  -6.2 8.23e+00    -  2.48e-02 3.84e-02h  4
 989  1.4011856e+00 3.00e+00 1.46e-01  -6.2 4.37e+00    -  6.68e-02 1.80e-01h  1
iter    objective    inf_pr   inf_du lg(mu)  ||d||  lg(rg) alpha_du alpha_pr  ls
 990  1.4198759e+00 2.44e+00 1.90e-02  -5.9 1.31e+01    -  2.36e-01 1.96e-01h  1
 991  1.4287100e+00 2.45e+00 9.16e-02  -6.1 7.95e+00    -  9.56e-02 9.96e-02h  1
 992  1.4031990e+00 7.31e-01 5.27e-02  -6.1 1.31e+00    -  5.43e-01 7.69e-01h  1
 993  1.4172418e+00 5.69e+00 6.70e-02  -5.8 3.42e+01    -  7.44e-02 5.83e-02h  2
 994  1.4201224e+00 3.59e+00 1.73e-01  -6.2 6.62e+00    -  3.58e-01 3.66e-01H  1
 995  1.3987068e+00 2.37e+00 6.35e-02  -6.2 4.72e+00    -  3.02e-01 3.73e-01h  1
 996  1.4407533e+00 3.87e+00 2.11e-01  -5.4 8.91e+01    -  2.25e-02 5.79e-02f  1
 997  1.4424665e+00 3.71e+00 1.04e-01  -6.2 1.59e+01    -  2.00e-02 4.36e-02h  1
 998  1.4225837e+00 2.27e+00 4.07e-02  -6.2 1.39e+00    -  1.72e-01 4.08e-01h  1
 999  1.4063939e+00 2.75e+00 1.18e-01  -6.2 2.21e+01    -  1.73e-01 1.72e-01h  1
iter    objective    inf_pr   inf_du lg(mu)  ||d||  lg(rg) alpha_du alpha_pr  ls
1000  1.4040239e+00 2.64e+00 1.36e-01  -6.2 1.03e+01    -  9.86e-02 4.13e-02h  1
1001  1.4000960e+00 2.29e+00 1.10e-01  -6.2 2.83e+00    -  2.61e-01 1.37e-01h  1
1002  1.3975024e+00 2.19e+00 1.13e-01  -6.2 6.92e+00    -  1.35e-01 5.03e-02h  1
1003  1.3961273e+00 1.85e+00 8.67e-02  -6.1 2.97e+00    -  4.19e-01 2.16e-01h  1
1004  1.3959299e+00 1.02e+00 1.62e-02  -6.1 1.20e+00    -  6.25e-01 7.48e-01h  1
1005  1.4335762e+00 2.14e+00 4.25e-02  -5.9 5.36e+00    -  4.76e-01 7.38e-01h  1
1006  1.4484416e+00 1.95e+00 1.32e-01  -6.1 1.69e+01    -  1.16e-01 9.55e-02h  1
1007  1.4246808e+00 1.43e+00 8.43e-02  -6.1 3.41e+00    -  3.66e-01 3.68e-01h  1
1008  1.4211063e+00 1.13e+00 5.40e-02  -6.1 9.76e+00    -  1.28e-01 2.06e-01h  1
1009  1.4097721e+00 8.20e-01 4.46e-02  -6.1 3.62e+00    -  2.07e-01 3.18e-01h  1
iter    objective    inf_pr   inf_du lg(mu)  ||d||  lg(rg) alpha_du alpha_pr  ls
1010  1.4074106e+00 7.81e-01 3.21e-02  -6.1 6.12e+00    -  1.53e-01 1.45e-01h  1
1011  1.4012194e+00 9.27e-01 1.06e-01  -6.1 1.20e+00    -  8.88e-01 9.80e-01h  1
1012  1.4336605e+00 6.52e-01 7.47e-02  -5.7 6.75e+00    -  1.25e-01 3.03e-01h  1
1013  1.4273890e+00 6.43e-01 1.57e-01  -6.1 1.03e+01    -  1.98e-01 7.88e-02h  1
1014  1.4269358e+00 7.82e-01 2.34e-02  -6.1 2.24e+00    -  6.98e-02 3.16e-01h  1
1015  1.4115624e+00 1.12e+00 1.02e-02  -6.1 5.48e+00    -  2.87e-01 2.55e-01h  1
1016  1.4095850e+00 1.02e+00 4.29e-02  -6.1 6.33e+00    -  3.85e-02 9.00e-02h  2
1017  1.4030256e+00 3.66e-02 2.63e-03  -6.1 5.19e-01    -  1.00e+00 1.00e+00h  1
1018  1.4021650e+00 3.45e-02 2.94e-03  -6.1 2.32e+00    -  9.72e-01 7.99e-02h  4
1019  1.4014704e+00 2.94e-01 6.60e-02  -6.1 1.06e+00    -  1.00e+00 9.59e-01h  1
iter    objective    inf_pr   inf_du lg(mu)  ||d||  lg(rg) alpha_du alpha_pr  ls
1020  1.4051258e+00 2.39e-03 1.55e-01  -6.1 1.81e+00    -  8.00e-01 1.00e+00H  1
1021  1.3979595e+00 2.16e-01 1.04e-01  -6.3 1.28e+00    -  5.90e-01 3.47e-01h  1
1022  1.3987367e+00 2.02e+00 5.92e-02  -5.8 5.13e+00    -  5.53e-01 2.54e-01h  1
1023  1.3992417e+00 9.40e-01 1.31e-02  -6.1 4.06e-01    -  8.42e-01 1.00e+00h  1
1024  1.4029541e+00 1.36e-01 7.52e-03  -6.1 1.41e+00    -  1.00e+00 1.00e+00h  1
1025  1.3990918e+00 4.74e-02 1.62e-03  -6.1 9.97e-01    -  1.00e+00 1.00e+00h  1
1026  1.3947529e+00 7.21e-01 4.70e-02  -6.3 1.47e+00    -  1.00e+00 1.00e+00h  1
1027  1.3983260e+00 9.09e-01 5.24e-02  -6.0 9.59e+00    -  5.42e-01 5.79e-02h  4
1028  1.3893544e+00 9.45e-01 1.51e-02  -6.2 1.51e+01    -  5.32e-01 2.39e-01h  2
1029  1.5079750e+00 5.12e+00 1.04e-01  -5.6 4.64e+01    -  1.27e-01 1.28e-01h  1
iter    objective    inf_pr   inf_du lg(mu)  ||d||  lg(rg) alpha_du alpha_pr  ls
1030  1.4968988e+00 4.87e+00 9.91e-02  -6.1 6.33e+01    -  2.59e-01 5.07e-02h  1
1031  1.4785846e+00 4.69e+00 3.80e-02  -6.1 8.84e+01    -  6.35e-02 4.01e-02h  1
1032  1.4364026e+00 3.79e+00 2.95e-02  -6.1 1.60e+01    -  2.28e-01 2.95e-01h  1
1033  1.4348608e+00 3.78e+00 2.93e-02  -6.1 3.50e+01    -  8.07e-02 2.82e-03h  1
1034  1.4270979e+00 3.39e+00 2.62e-02  -6.1 1.06e+01    -  5.46e-01 1.11e-01h  1
1035  1.4346646e+00 5.49e+00 9.56e-02  -6.1 3.51e+01    -  1.06e-01 5.95e-02H  1
1036  1.4095642e+00 3.41e+00 1.00e-01  -6.1 6.53e+00    -  7.03e-02 3.85e-01h  1
1037  1.4105039e+00 3.30e+00 1.54e-01  -6.1 5.00e+01    -  4.67e-02 7.74e-02h  1
1038  1.3933247e+00 1.30e+00 8.53e-02  -6.1 1.45e+00    -  9.21e-01 5.92e-01h  1
1039  1.4151250e+00 4.53e+00 2.54e-01  -6.1 1.75e+01    -  9.73e-02 2.23e-01h  1
iter    objective    inf_pr   inf_du lg(mu)  ||d||  lg(rg) alpha_du alpha_pr  ls
1040  1.3871273e+00 1.21e+00 2.30e-02  -6.1 3.29e+00    -  5.13e-01 1.00e+00h  1
1041  1.3834738e+00 9.63e-01 5.10e-03  -6.2 9.79e-01    -  1.00e+00 1.00e+00h  1
1042  1.3993392e+00 2.25e+00 1.32e-02  -6.0 1.55e+01    -  2.84e-01 1.57e-01h  3
1043  1.3955465e+00 2.15e+00 3.81e-02  -6.2 2.36e+01    -  1.76e-01 8.80e-02h  2
1044  1.3923340e+00 2.05e+00 3.05e-02  -6.2 6.50e+01    -  1.18e-01 4.37e-02h  1
1045  1.3898427e+00 1.99e+00 3.98e-02  -6.2 1.66e+02    -  5.00e-02 3.17e-02h  1
1046  1.3823594e+00 1.50e+00 4.01e-02  -6.2 3.02e+01    -  2.86e-01 2.49e-01H  1
1047  1.3810680e+00 3.61e+00 2.93e-02  -6.2 5.75e+01    -  8.38e-02 6.78e-02h  1
1048  1.3777790e+00 2.91e+00 4.52e-02  -6.2 2.21e+00    -  1.45e-01 1.92e-01h  1
1049  1.3784399e+00 2.72e+00 1.66e-02  -5.9 5.38e+01    -  1.49e-02 6.68e-02h  1
iter    objective    inf_pr   inf_du lg(mu)  ||d||  lg(rg) alpha_du alpha_pr  ls
1050  1.3772379e+00 2.43e+00 1.76e-02  -6.2 1.51e+01    -  1.21e-01 1.18e-01h  1
1051  1.3732417e+00 2.08e+00 3.39e-02  -6.2 3.38e+00    -  4.95e-01 5.36e-01h  1
1052  1.3793315e+00 1.68e+00 3.01e-02  -6.2 2.04e+01    -  1.63e-01 2.15e-01h  1
1053  1.3724822e+00 1.51e+00 1.66e-02  -6.2 2.68e+00    -  1.42e-01 8.86e-01h  1
1054  1.3719524e+00 1.05e+00 3.36e-02  -6.2 6.72e+00    -  1.82e-01 3.05e-01h  1
1055  1.3713021e+00 4.57e-01 1.52e-02  -6.2 4.69e-01    -  7.47e-01 5.70e-01h  1
1056  1.3677321e+00 1.43e+00 9.25e-03  -6.3 2.26e+00    -  4.08e-01 8.56e-01h  1
1057  1.3753785e+00 1.34e+00 4.81e-02  -6.0 5.53e+01    -  1.94e-02 6.18e-02h  2
1058  1.3740025e+00 1.34e+00 1.09e-02  -6.3 7.27e+01    -  1.10e-01 3.04e-02h  2
1059  1.3702354e+00 1.21e+00 2.04e-02  -6.3 2.29e+01    -  3.19e-01 9.63e-02h  1
iter    objective    inf_pr   inf_du lg(mu)  ||d||  lg(rg) alpha_du alpha_pr  ls
1060  1.3681211e+00 1.19e+00 8.17e-03  -6.3 5.07e+01    -  1.83e-01 2.06e-02h  1
1061  1.3654882e+00 1.06e+00 7.48e-03  -6.3 7.15e+00    -  2.04e-01 1.08e-01h  1
1062  1.3629441e+00 9.46e-01 2.18e-02  -6.3 1.12e+01    -  3.90e-01 1.09e-01h  2
1063  1.3610976e+00 1.56e+00 4.45e-02  -6.3 5.91e+00    -  2.33e-01 1.20e-01h  2
1064  1.3575956e+00 1.70e+00 2.02e-02  -6.3 1.44e+01    -  3.28e-01 1.30e-01h  2
1065  1.3680899e+00 3.15e+00 2.78e-02  -6.0 1.93e+01    -  8.59e-02 1.06e-01h  1
1066  1.3634554e+00 2.81e+00 4.99e-02  -6.3 3.79e+01    -  2.41e-01 1.06e-01h  1
1067  1.3647471e+00 3.97e+00 8.87e-02  -6.3 1.58e+01    -  1.17e-01 1.16e-01h  1
1068  1.3577694e+00 3.47e+00 9.09e-02  -6.3 1.17e+01    -  1.77e-01 1.26e-01h  1
1069  1.3533515e+00 3.71e+00 1.08e-01  -6.3 4.36e+01    -  2.14e-02 2.95e-02h  1
iter    objective    inf_pr   inf_du lg(mu)  ||d||  lg(rg) alpha_du alpha_pr  ls
1070  1.3585689e+00 3.00e+00 8.93e-02  -6.0 1.64e+01    -  1.52e-02 1.94e-01h  1
1071  1.3575788e+00 3.04e+00 1.03e-01  -6.4 1.09e+02    -  1.42e-02 2.64e-03h  1
1072  1.3546662e+00 1.97e+00 7.15e-02  -6.3 2.10e+00    -  4.61e-01 3.51e-01f  1
1073  1.3688727e+00 1.88e+00 7.51e-02  -5.8 8.35e+01    -  4.97e-02 7.40e-02h  1
1074  1.3678808e+00 2.41e+00 8.65e-02  -6.3 9.77e+01    -  2.30e-02 6.71e-03h  3
1075  1.3652636e+00 2.25e+00 8.18e-02  -6.3 1.32e+01    -  3.24e-01 6.66e-02h  1
1076  1.3640431e+00 2.72e+00 9.19e-02  -6.3 1.06e+02    -  4.47e-02 1.19e-02h  3
1077  1.3478102e+00 1.48e+00 4.35e-02  -6.3 1.31e+01    -  9.74e-02 4.99e-01h  1
1078  1.6748272e+00 1.39e+01 1.47e-01  -5.2 6.11e+02    -  1.00e-02 5.19e-02f  1
1079  1.6205268e+00 1.26e+01 1.46e-01  -6.3 4.52e+01    -  2.01e-02 9.90e-02h  1
iter    objective    inf_pr   inf_du lg(mu)  ||d||  lg(rg) alpha_du alpha_pr  ls
1080  1.5641263e+00 1.27e+01 1.43e-01  -6.3 1.39e+02    -  1.03e-02 9.11e-03h  1
1081  1.5243612e+00 1.21e+01 1.25e-01  -6.3 2.54e+01    -  7.28e-02 6.48e-02h  1
1082  1.4966603e+00 1.20e+01 2.18e-01  -6.3 7.03e+01    -  1.73e-02 1.54e-02h  1
1083  1.4847529e+00 1.17e+01 1.85e-01  -6.3 2.82e+01    -  4.07e-02 2.82e-02h  1
1084  1.4563345e+00 1.16e+01 1.95e-01  -6.3 7.70e+01    -  1.61e-03 2.05e-02h  1
1085  1.4484438e+00 1.14e+01 1.91e-01  -6.3 5.13e+01    -  1.01e-01 1.23e-02h  1
1086  1.4394272e+00 1.12e+01 1.78e-01  -6.3 3.92e+01    -  6.24e-02 2.01e-02h  1
1087  1.4363978e+00 1.11e+01 1.74e-01  -6.3 3.11e+01    -  4.58e-02 8.84e-03h  1
1088  1.4338465e+00 1.11e+01 1.71e-01  -6.3 4.84e+01    -  9.89e-02 5.19e-03h  1
1089  1.4326967e+00 1.10e+01 1.66e-01  -6.3 5.01e+01    -  3.64e-02 1.89e-03h  1
iter    objective    inf_pr   inf_du lg(mu)  ||d||  lg(rg) alpha_du alpha_pr  ls
1090  1.4254609e+00 1.08e+01 2.49e-01  -6.3 5.07e+01    -  2.92e-02 2.18e-02h  1
1091  1.4123990e+00 1.02e+01 9.27e-02  -6.3 4.14e+01    -  6.12e-06 6.24e-02h  1
1092  1.3940656e+00 9.10e+00 8.19e-02  -6.3 2.46e+01    -  1.04e-01 1.17e-01h  1
1093  1.4106175e+00 8.77e+00 8.21e-02  -6.3 7.87e+01    -  1.78e-02 4.68e-02h  1
1094  1.4051982e+00 8.38e+00 7.84e-02  -6.3 1.15e+01    -  2.21e-01 4.54e-02h  1
1095  1.4028296e+00 8.06e+00 7.06e-02  -6.3 4.83e+01    -  3.53e-02 3.74e-02h  1
1096  1.4010960e+00 7.92e+00 6.93e-02  -6.3 8.83e+00    -  1.92e-01 1.76e-02h  1
1097  1.4003282e+00 7.90e+00 6.90e-02  -6.3 1.78e+01    -  3.91e-02 2.05e-03h  1
1098  1.3858992e+00 6.61e+00 5.73e-02  -6.3 8.07e+00    -  3.07e-01 1.67e-01h  1
1099  1.3851322e+00 6.34e+00 2.35e-01  -6.3 2.53e+01    -  5.07e-02 4.09e-02h  1
iter    objective    inf_pr   inf_du lg(mu)  ||d||  lg(rg) alpha_du alpha_pr  ls
1100  1.3783422e+00 5.62e+00 2.05e-01  -6.3 5.20e+00    -  1.05e-04 1.15e-01h  1
1101  1.3746792e+00 4.94e+00 1.90e-01  -6.3 1.31e+01    -  1.74e-01 1.25e-01h  1
1102  1.3553997e+00 3.46e+00 9.62e-02  -6.3 8.83e+00    -  8.20e-02 3.10e-01h  1
1103  1.3488006e+00 3.31e+00 5.13e-02  -6.3 2.13e+01    -  2.01e-02 4.57e-02h  1
1104  1.3459489e+00 2.51e+00 2.22e-02  -6.3 2.56e+00    -  1.95e-01 2.41e-01h  1
1105  1.3662952e+00 3.56e+00 1.03e-01  -6.0 5.09e+00    -  1.41e-01 3.73e-01h  1
1106  1.3472562e+00 1.87e+00 9.61e-02  -6.3 6.73e+00    -  2.79e-01 4.76e-01h  1
1107  1.3647184e+00 1.99e+00 2.50e-01  -6.0 5.42e+01    -  2.36e-02 5.89e-02h  1
1108  1.3552688e+00 1.62e+00 1.67e-01  -6.3 8.50e+00    -  2.49e-02 1.87e-01h  1
1109  1.3524899e+00 1.60e+00 1.66e-01  -6.3 4.20e+01    -  3.79e-02 9.76e-03h  1
iter    objective    inf_pr   inf_du lg(mu)  ||d||  lg(rg) alpha_du alpha_pr  ls
1110  1.3506457e+00 1.58e+00 1.49e-01  -6.3 1.40e+01    -  3.96e-02 1.26e-02h  1
1111  1.3423021e+00 1.29e+00 1.43e-01  -6.3 1.30e+01    -  9.00e-02 1.83e-01f  1
1112  1.3532706e+00 1.24e+00 9.14e-02  -5.9 3.83e+01    -  6.68e-03 5.30e-02h  1
1113  1.3511519e+00 1.18e+00 9.38e-02  -6.3 6.41e+00    -  3.74e-01 5.01e-02h  1
1114  1.3428549e+00 2.56e+00 4.94e-02  -6.3 2.85e+01    -  1.41e-01 1.20e-01h  1
1115  1.3563819e+00 3.22e+00 3.28e-02  -6.0 1.24e+01    -  1.09e-01 1.84e-01H  1
1116  1.3540273e+00 2.98e+00 4.15e-02  -6.4 1.40e+01    -  1.26e-01 7.71e-02h  2
1117  1.3513542e+00 2.91e+00 1.37e-02  -6.4 2.32e+01    -  1.13e-01 2.40e-02h  1
1118  1.3453024e+00 2.62e+00 1.13e-02  -6.4 8.46e+00    -  1.47e-01 1.01e-01h  1
1119  1.3462249e+00 2.31e+00 1.00e-01  -5.9 1.27e+01    -  7.05e-02 1.26e-01f  1
iter    objective    inf_pr   inf_du lg(mu)  ||d||  lg(rg) alpha_du alpha_pr  ls
1120  1.3408188e+00 1.78e+00 6.69e-02  -6.3 8.53e+00    -  1.44e-01 2.37e-01h  1
1121  1.3439961e+00 2.36e+00 6.50e-03  -6.3 2.68e+00    -  3.67e-01 2.23e-01h  1
1122  1.3353446e+00 3.54e-02 1.73e-02  -6.3 9.34e-01    -  1.00e+00 1.00e+00h  1
1123  1.3344398e+00 1.20e+00 3.41e-02  -6.3 1.14e+00    -  1.00e+00 7.33e-01H  1
1124  1.3323344e+00 8.27e-01 3.19e-02  -6.3 1.90e+00    -  9.81e-01 3.10e-01h  2
1125  1.3364881e+00 7.44e-01 9.78e-03  -6.1 1.34e+01    -  5.94e-02 8.35e-02h  2
1126  1.3319707e+00 3.60e-01 2.50e-02  -6.4 3.06e+00    -  4.59e-01 5.10e-01h  1
1127  1.3291549e+00 1.64e+00 2.83e-02  -6.3 5.32e+00    -  2.34e-01 1.32e-01h  2
1128  1.3279605e+00 1.02e+00 7.78e-02  -6.3 3.76e+00    -  1.95e-01 3.71e-01h  1
1129  1.3337167e+00 1.28e+00 1.46e-02  -6.5 5.48e+00    -  3.25e-01 3.18e-01H  1
iter    objective    inf_pr   inf_du lg(mu)  ||d||  lg(rg) alpha_du alpha_pr  ls
1130  1.3301601e+00 1.16e+00 1.23e-02  -6.5 4.46e+00    -  1.51e-01 9.28e-02h  1
1131  1.3456258e+00 1.12e+00 1.35e-01  -5.7 4.40e+01    -  3.35e-02 8.76e-02f  1
1132  1.3433699e+00 1.11e+00 9.05e-02  -6.4 4.74e+01    -  2.33e-02 8.94e-03h  1
1133  1.3297437e+00 6.70e-01 5.24e-02  -6.4 4.30e+00    -  2.70e-01 4.06e-01h  1
1134  1.3295234e+00 1.24e+00 5.65e-02  -6.4 9.34e+00    -  2.66e-01 6.72e-02h  2
1135  1.3183375e+00 4.32e-01 1.01e-02  -6.4 2.63e+00    -  8.43e-01 6.56e-01h  1
1136  1.3292747e+00 3.40e+00 1.39e-02  -6.1 3.45e+01    -  5.71e-02 7.45e-02h  2
1137  1.3271093e+00 3.18e+00 7.03e-02  -6.5 1.11e+01    -  2.88e-01 1.31e-01h  2
1138  1.3242162e+00 2.56e+00 7.09e-02  -6.5 9.59e+00    -  2.38e-01 2.01e-01h  1
1139  1.3219087e+00 2.46e+00 1.86e-02  -6.5 1.08e+01    -  6.55e-02 4.11e-02h  1
iter    objective    inf_pr   inf_du lg(mu)  ||d||  lg(rg) alpha_du alpha_pr  ls
1140  1.3154114e+00 2.04e+00 1.73e-02  -6.5 3.48e+00    -  2.19e-01 1.69e-01h  1
1141  1.3312583e+00 2.74e+00 1.33e-02  -5.7 7.36e+01    -  3.19e-03 6.52e-02f  1
1142  1.3302876e+00 2.88e+00 1.08e-02  -6.5 6.66e+01    -  2.55e-02 4.37e-03h  1
1143  1.3204986e+00 1.78e+00 7.16e-03  -6.5 5.73e+00    -  3.88e-01 3.82e-01f  1
1144  1.3436506e+00 1.71e+00 5.43e-02  -6.5 2.76e+01    -  5.07e-02 3.09e-02h  2
1145  1.3230078e+00 1.07e+00 1.08e-01  -6.5 4.68e+00    -  3.55e-01 3.82e-01h  1
1146  1.3220402e+00 1.03e+00 2.32e-01  -6.5 7.95e+00    -  1.42e-02 3.45e-02h  1
1147  1.3203447e+00 9.83e-01 2.21e-01  -6.5 2.17e+00    -  1.00e+00 4.65e-02h  1
1148  1.3260356e+00 7.01e-01 1.99e-01  -6.5 3.91e+00    -  4.52e-01 3.00e-01h  1
1149  1.3127022e+00 7.08e-01 1.15e-01  -6.5 1.59e+00    -  2.14e-01 5.66e-01h  1
iter    objective    inf_pr   inf_du lg(mu)  ||d||  lg(rg) alpha_du alpha_pr  ls
1150  1.3135233e+00 2.14e+00 9.42e-02  -6.3 6.44e+00    -  9.09e-02 1.84e-01h  2
1151  1.3085294e+00 1.86e+00 8.17e-02  -6.6 3.85e+00    -  1.70e-01 1.33e-01h  1
1152  1.3133282e+00 1.19e+00 1.14e-01  -6.5 2.37e+00    -  1.98e-01 3.72e-01h  1
1153  1.3033674e+00 6.70e-01 5.51e-02  -6.5 1.29e+00    -  9.51e-01 4.77e-01h  1
1154  1.3056671e+00 5.93e-01 1.51e-01  -6.3 4.54e+00    -  7.89e-02 1.22e-01h  2
1155  1.3120225e+00 6.82e-01 2.98e-02  -6.1 1.13e+01    -  7.05e-02 9.03e-02h  2
1156  1.3061682e+00 4.03e-01 1.77e-02  -6.5 1.09e+00    -  7.56e-01 4.05e-01h  1
1157  1.3037474e+00 9.61e-01 1.93e-02  -6.5 4.11e+00    -  7.71e-02 1.05e-01h  2
1158  1.3051919e+00 7.15e-01 4.53e-02  -6.5 2.06e+00    -  1.74e-01 2.53e-01h  1
1159  1.3000594e+00 1.94e-01 4.70e-03  -6.6 4.53e-01    -  9.03e-01 1.00e+00h  1
iter    objective    inf_pr   inf_du lg(mu)  ||d||  lg(rg) alpha_du alpha_pr  ls
1160  1.3106645e+00 1.57e+00 3.92e-02  -6.0 3.99e+00    -  3.13e-01 4.64e-01h  1
1161  1.3144503e+00 1.46e+00 1.28e-02  -6.4 1.89e+01    -  1.53e-01 7.27e-02h  1
1162  1.3039988e+00 6.09e-02 4.07e-02  -6.4 1.32e+00    -  2.40e-01 1.00e+00h  1
1163  1.3062890e+00 2.31e-01 1.04e-01  -6.4 9.00e+00    -  9.78e-02 6.86e-02h  2
1164  1.3039640e+00 7.55e-03 1.72e-03  -6.4 5.47e-01    -  1.00e+00 1.00e+00h  1
1165  1.3028284e+00 2.03e-01 2.87e-03  -6.5 2.35e-01    -  9.95e-01 1.00e+00h  1
1166  1.3026567e+00 5.16e-01 1.44e-03  -6.5 3.74e+00    -  5.44e-01 4.74e-02h  5
1167  1.3012741e+00 4.60e-01 1.10e-02  -6.5 8.72e-01    -  7.52e-01 8.23e-01H  1
1168  1.3151834e+00 1.80e+00 6.22e-03  -6.2 8.52e+00    -  1.24e-01 2.88e-01h  2
1169  1.3141203e+00 1.71e+00 2.93e-02  -6.5 4.23e+01    -  1.05e-01 5.23e-02h  2
iter    objective    inf_pr   inf_du lg(mu)  ||d||  lg(rg) alpha_du alpha_pr  ls
1170  1.3102204e+00 1.41e+00 1.19e-02  -6.5 1.68e+01    -  2.09e-01 1.94e-01h  1
1171  1.3068421e+00 1.29e+00 3.75e-02  -6.5 4.24e+01    -  4.98e-02 9.68e-02h  1
1172  1.3064246e+00 1.19e+00 6.96e-02  -6.5 1.71e+01    -  1.47e-01 7.49e-02h  1
1173  1.3019457e+00 1.78e+00 4.14e-02  -6.5 4.93e+00    -  1.80e-01 1.81e-01h  1
1174  1.3007439e+00 1.90e+00 4.85e-02  -6.5 2.32e+01    -  1.36e-01 4.40e-02h  1
1175  1.2990302e+00 1.61e+00 2.64e-02  -6.5 2.46e+00    -  1.21e-01 1.71e-01h  1
1176  1.3132656e+00 6.18e+00 3.92e-02  -6.2 2.37e+01    -  1.57e-01 3.56e-01h  1
1177  1.3130335e+00 5.98e+00 1.21e-02  -6.5 1.33e+01    -  7.59e-02 3.33e-02h  3
1178  1.3027511e+00 3.55e+00 2.23e-02  -6.5 1.05e+01    -  1.89e-01 4.45e-01h  1
1179  1.3021766e+00 3.52e+00 4.05e-02  -6.5 9.67e+01    -  3.99e-02 1.31e-02h  3
iter    objective    inf_pr   inf_du lg(mu)  ||d||  lg(rg) alpha_du alpha_pr  ls
1180  1.2961645e+00 1.94e+00 2.13e-02  -6.5 3.94e+00    -  3.19e-01 6.23e-01h  1
1181  1.3187726e+00 1.83e+00 7.62e-02  -5.9 7.05e+01    -  3.77e-02 5.27e-02f  2
1182  1.3153297e+00 1.70e+00 6.70e-02  -6.5 1.20e+01    -  2.20e-01 7.80e-02h  1
1183  1.3095172e+00 1.91e+00 6.32e-02  -6.5 9.80e+00    -  1.00e-01 1.92e-01h  1
1184  1.3016062e+00 2.75e+00 2.90e-02  -6.5 1.00e+01    -  1.27e-01 2.15e-01h  1
1185  1.2999008e+00 3.86e+00 3.74e-02  -6.5 5.46e+00    -  4.85e-02 6.56e-02h  1
1186  1.2959256e+00 3.03e+00 2.13e-02  -6.5 5.73e+00    -  4.95e-01 2.15e-01h  1
1187  1.3411540e+00 2.65e+00 1.31e-01  -5.8 9.66e+01    -  8.44e-03 1.09e-01f  1
1188  1.3405077e+00 2.75e+00 1.29e-01  -6.6 9.04e+01    -  8.53e-02 3.81e-03h  1
1189  1.3256363e+00 3.44e+00 9.39e-02  -6.6 1.45e+01    -  1.28e-01 2.18e-01h  1
iter    objective    inf_pr   inf_du lg(mu)  ||d||  lg(rg) alpha_du alpha_pr  ls
1190  1.3253195e+00 3.41e+00 8.76e-02  -6.6 7.60e+01    -  2.39e-02 7.91e-03h  3
1191  1.2967052e+00 1.26e+00 6.86e-02  -6.6 1.16e+01    -  3.65e-01 6.90e-01h  1
1192  1.3359747e+00 1.30e+00 2.47e-01  -6.6 3.10e+01    -  2.70e-02 5.20e-02h  1
1193  1.3115065e+00 8.80e-01 1.99e-01  -6.6 1.40e+00    -  6.25e-01 3.22e-01h  1
1194  1.2987139e+00 9.89e-01 3.02e-02  -6.6 3.86e+00    -  1.10e-01 3.29e-01h  1
1195  1.2925978e+00 9.72e-01 8.96e-02  -6.6 1.43e+01    -  3.84e-02 2.42e-02h  2
1196  1.2885704e+00 1.65e-01 7.69e-03  -6.6 8.62e-01    -  7.89e-01 8.91e-01h  1
1197  1.3216162e+00 1.09e+00 2.78e-02  -6.3 1.71e+01    -  7.04e-02 6.21e-01h  1
1198  1.3243281e+00 1.55e+00 4.13e-02  -6.6 2.16e+01    -  1.41e-01 3.41e-02h  2
1199  1.3118734e+00 1.18e+00 3.14e-02  -6.6 1.28e+01    -  5.40e-01 2.34e-01h  1
iter    objective    inf_pr   inf_du lg(mu)  ||d||  lg(rg) alpha_du alpha_pr  ls
1200  1.3115858e+00 1.18e+00 2.62e-02  -6.6 2.37e+01    -  1.14e-01 1.09e-02h  4
1201  1.2868088e+00 6.72e-01 7.18e-03  -6.6 9.51e+00    -  9.82e-01 8.18e-01h  1
1202  1.4214851e+00 5.31e+00 3.34e-02  -5.8 1.50e+02    -  1.92e-02 1.01e-01f  1
1203  1.3939214e+00 4.73e+00 5.89e-02  -6.6 2.15e+01    -  1.66e-01 1.24e-01h  1
1204  1.3503079e+00 4.73e+00 1.93e-01  -6.6 1.82e+02    -  6.15e-03 2.19e-02h  1
1205  1.3459471e+00 4.63e+00 1.43e-01  -6.6 9.27e+00    -  1.85e-02 2.31e-02h  1
1206  1.3429703e+00 4.58e+00 1.45e-01  -6.6 3.04e+01    -  1.16e-01 1.04e-02h  1
1207  1.3349637e+00 4.50e+00 1.08e-01  -6.6 2.61e+01    -  5.14e-02 2.15e-02h  1
1208  1.3306093e+00 4.31e+00 1.01e-01  -6.6 1.45e+01    -  1.03e-01 4.39e-02h  1
1209  1.3303466e+00 4.27e+00 3.00e-02  -6.6 3.99e+01    -  3.58e-02 4.52e-02h  1
iter    objective    inf_pr   inf_du lg(mu)  ||d||  lg(rg) alpha_du alpha_pr  ls
1210  1.3174245e+00 3.72e+00 2.91e-02  -6.6 1.31e+01    -  1.30e-01 1.46e-01h  1
1211  1.3163417e+00 3.72e+00 3.52e-02  -6.6 3.35e+01    -  3.09e-02 2.61e-03h  1
1212  1.3118025e+00 3.47e+00 2.92e-02  -6.6 1.15e+01    -  1.78e-01 6.83e-02h  1
1213  1.2999566e+00 3.36e+00 5.24e-02  -6.6 3.48e+01    -  2.50e-02 3.76e-02h  1
1214  1.2931413e+00 2.13e+00 2.95e-02  -6.6 6.83e+00    -  3.38e-01 4.26e-01h  1
1215  1.2941886e+00 1.93e+00 8.32e-03  -6.6 1.34e+01    -  2.07e-01 9.85e-02h  1
1216  1.2924121e+00 1.81e+00 2.47e-02  -6.6 7.81e+00    -  7.44e-01 6.36e-02h  1
1217  1.3029196e+00 3.55e+00 7.03e-02  -6.6 3.95e+00    -  6.09e-02 2.02e-01h  1
1218  1.2875578e+00 1.01e+00 7.24e-02  -6.6 9.94e-01    -  2.80e-02 8.50e-01h  1
1219  1.2953479e+00 6.67e-01 2.16e-01  -6.8 1.07e+00    -  5.06e-01 4.61e-01h  1
iter    objective    inf_pr   inf_du lg(mu)  ||d||  lg(rg) alpha_du alpha_pr  ls
1220  1.2949663e+00 6.55e-01 2.12e-01  -6.8 9.52e-01    -  1.89e-01 1.85e-02h  1
1221  1.2935889e+00 8.88e-01 1.37e-01  -6.8 1.08e+00    -  2.97e-01 5.14e-01h  1
1222  1.2925689e+00 8.57e-01 1.30e-01  -6.8 1.83e+00    -  5.69e-02 3.48e-02h  1
1223  1.2899902e+00 7.26e-01 1.12e-01  -6.8 3.79e+00    -  1.66e-01 1.50e-01h  1
1224  1.2866829e+00 5.04e-01 1.80e-02  -6.4 5.64e-01    -  5.35e-01 7.20e-01f  1
1225  1.2846011e+00 2.37e-01 1.58e-02  -6.7 6.41e-01    -  2.35e-01 5.31e-01h  1
1226  1.2847392e+00 1.04e+00 3.23e-02  -6.7 5.23e-01    -  4.12e-01 1.00e+00h  1
1227  1.2825215e+00 4.90e-01 4.77e-03  -6.6 3.34e-01    -  2.68e-01 5.28e-01h  1
1228  1.2830362e+00 1.45e-01 3.46e-02  -6.6 1.28e-01    -  1.00e+00 1.00e+00h  1
1229  1.2842339e+00 8.96e-02 3.94e-02  -6.4 3.38e-01    -  4.52e-01 3.84e-01h  2
iter    objective    inf_pr   inf_du lg(mu)  ||d||  lg(rg) alpha_du alpha_pr  ls
1230  1.2827847e+00 1.71e-01 4.88e-03  -6.6 1.55e-01    -  6.50e-01 1.00e+00h  1
1231  1.2821729e+00 6.91e-01 6.40e-03  -6.8 1.37e-01    -  1.00e+00 1.00e+00h  1
1232  1.2831610e+00 4.65e-02 1.49e-02  -6.5 1.24e-01    -  1.00e+00 1.00e+00h  1
1233  1.2844271e+00 5.41e-01 2.33e-02  -6.6 1.05e-01    -  1.00e+00 1.00e+00H  1
1234  1.2824225e+00 3.51e-02 3.30e-03  -6.6 1.21e-01    -  1.00e+00 1.00e+00h  1
1235  1.2812171e+00 3.12e-01 7.32e-03  -6.9 1.46e-01    -  1.00e+00 9.99e-01h  1
1236  1.2882582e+00 3.36e-02 1.49e-01  -6.7 3.96e-01    -  1.00e+00 1.00e+00h  1
1237  1.2813205e+00 6.38e-02 1.05e-02  -6.8 2.85e-01    -  8.73e-01 1.00e+00h  1
1238  1.2801983e+00 5.39e-01 6.87e-03  -7.0 1.33e-01    -  1.00e+00 1.00e+00h  1
1239  1.2817723e+00 1.38e-01 2.57e-02  -6.8 3.42e-01    -  9.72e-01 8.77e-01H  1
iter    objective    inf_pr   inf_du lg(mu)  ||d||  lg(rg) alpha_du alpha_pr  ls
1240  1.2802321e+00 2.49e-01 7.38e-03  -6.8 1.31e-01    -  1.00e+00 6.89e-01h  1
1241  1.2815262e+00 2.68e-01 2.94e-03  -6.5 2.32e-01    -  8.06e-01 6.31e-01h  1
1242  1.2816025e+00 2.57e-01 1.93e-02  -6.7 2.64e+00    -  4.11e-02 3.85e-02h  3
1243  1.2810138e+00 2.57e-02 8.17e-04  -6.7 5.55e-02    -  1.00e+00 1.00e+00h  1
1244  1.2789148e+00 2.30e-02 1.31e-03  -6.9 2.09e-01    -  1.00e+00 1.00e+00h  1
1245  1.2771279e+00 7.80e-01 2.54e-02  -6.9 3.31e+00    -  6.31e-01 2.63e-01h  1
1246  1.2828236e+00 3.78e-01 5.40e-02  -6.5 1.57e+00    -  6.94e-01 4.97e-01h  1
1247  1.2824488e+00 4.55e-01 6.42e-03  -6.7 1.28e+01    -  1.08e-01 3.69e-02h  2
1248  1.2810590e+00 3.42e-01 4.33e-03  -6.7 8.02e-01    -  1.06e-01 2.43e-01h  1
1249  1.2807614e+00 3.90e-01 2.05e-02  -6.7 3.61e+00    -  1.03e-01 3.79e-02h  1
iter    objective    inf_pr   inf_du lg(mu)  ||d||  lg(rg) alpha_du alpha_pr  ls
1250  1.2793320e+00 2.39e-01 1.68e-02  -6.7 7.73e-01    -  7.27e-01 3.86e-01f  1
1251  1.2831936e+00 2.26e-01 8.92e-02  -6.7 8.69e+00    -  2.05e-01 9.77e-02h  1
1252  1.2771528e+00 1.25e-01 1.24e-03  -6.7 2.78e-01    -  8.96e-01 1.00e+00h  1
1253  1.2761732e+00 4.51e-01 9.72e-03  -6.7 2.62e-01    -  1.00e+00 1.00e+00h  1
1254  1.2780474e+00 4.20e-01 6.28e-03  -6.5 3.31e+00    -  5.23e-01 6.99e-02h  4
1255  1.2764132e+00 9.71e-02 2.56e-02  -6.7 9.77e-01    -  7.14e-01 9.88e-01h  1
1256  1.2764493e+00 8.94e-02 1.67e-02  -6.7 3.76e+00    -  1.98e-01 7.55e-02h  2
1257  1.2760162e+00 1.86e-01 2.39e-02  -6.7 9.29e-01    -  1.00e+00 2.09e-01h  1
1258  1.2727066e+00 6.44e-02 9.58e-03  -6.8 4.60e-01    -  1.00e+00 1.00e+00h  1
1259  1.2724584e+00 1.12e-01 1.86e-02  -6.8 1.86e+00    -  4.60e-01 5.42e-02h  4
iter    objective    inf_pr   inf_du lg(mu)  ||d||  lg(rg) alpha_du alpha_pr  ls
1260  1.2817149e+00 3.31e-01 2.88e-02  -6.6 1.76e+00    -  6.24e-02 1.00e+00h  1
1261  1.2876683e+00 3.90e-01 1.66e-01  -6.9 1.22e+01    -  8.50e-02 8.32e-02h  1
1262  1.2765495e+00 4.88e-01 7.56e-02  -6.9 3.31e+00    -  9.94e-02 4.32e-01h  1
1263  1.2759689e+00 6.35e-01 1.07e-01  -6.9 5.80e+01    -  2.32e-02 6.99e-03h  3
1264  1.2737701e+00 5.25e-01 8.45e-02  -6.9 1.94e+00    -  2.30e-01 1.78e-01h  1
1265  1.2734089e+00 5.53e-01 7.54e-02  -6.9 2.88e+01    -  5.62e-02 1.12e-02h  3
1266  1.2708849e+00 3.80e-01 5.05e-02  -6.9 1.51e+00    -  9.05e-01 3.17e-01h  1
1267  1.2741458e+00 1.13e+00 1.50e-02  -6.5 5.04e+00    -  2.50e-01 1.10e-01h  3
1268  1.2715815e+00 8.04e-01 6.69e-03  -6.9 2.65e+00    -  4.78e-01 3.07e-01h  1
1269  1.2707278e+00 7.56e-01 2.71e-02  -6.9 7.49e+00    -  5.57e-02 5.85e-02h  2
iter    objective    inf_pr   inf_du lg(mu)  ||d||  lg(rg) alpha_du alpha_pr  ls
1270  1.2790365e+00 2.33e+00 1.01e-02  -6.6 3.21e+00    -  1.06e-01 6.35e-01h  1
1271  1.2786967e+00 2.27e+00 2.43e-02  -6.9 1.76e+01    -  4.17e-02 2.74e-02h  1
1272  1.2730964e+00 1.38e+00 1.21e-02  -6.9 3.23e+00    -  4.18e-01 3.96e-01f  1
1273  1.2727441e+00 1.37e+00 1.51e-02  -6.9 1.86e+01    -  1.51e-02 6.04e-03h  1
1274  1.2724377e+00 1.31e+00 1.29e-02  -6.9 1.94e+00    -  1.85e-01 4.54e-02f  1
1275  1.2728563e+00 1.29e+00 4.24e-02  -6.9 1.81e+01    -  1.11e-01 2.42e-02h  3
1276  1.2696753e+00 7.49e-01 3.00e-02  -6.9 1.59e+00    -  4.62e-01 4.28e-01h  1
1277  1.3183504e+00 8.70e-01 1.85e-01  -6.0 5.76e+01    -  1.86e-02 1.19e-01f  1
1278  1.3175807e+00 8.62e-01 1.87e-01  -6.9 1.13e+01    -  1.67e-01 8.53e-03h  1
1279  1.3112811e+00 9.48e-01 1.64e-01  -6.9 3.00e+01    -  8.70e-03 1.60e-02h  1
iter    objective    inf_pr   inf_du lg(mu)  ||d||  lg(rg) alpha_du alpha_pr  ls
1280  1.3100479e+00 1.01e+00 1.61e-01  -6.9 2.66e+01    -  2.14e-02 4.13e-03f  1
1281  1.3069292e+00 4.30e+00 2.55e-02  -6.9 1.33e+01    -  1.61e-02 3.38e-02h  2
1282  1.3017033e+00 4.03e+00 2.34e-02  -6.9 1.04e+01    -  3.84e-02 6.07e-02h  1
1283  1.2960821e+00 4.04e+00 4.26e-02  -6.9 4.44e+01    -  1.91e-02 1.98e-02h  2
1284  1.2943969e+00 3.97e+00 3.49e-02  -6.9 1.50e+01    -  3.61e-02 1.96e-02h  1
1285  1.2906832e+00 3.86e+00 5.26e-02  -6.9 1.50e+01    -  2.41e-02 3.03e-02h  1
1286  1.2877758e+00 3.72e+00 2.87e-02  -6.9 1.10e+01    -  1.09e-02 4.62e-02h  1
1287  1.2869161e+00 3.70e+00 2.88e-02  -6.9 1.47e+01    -  4.32e-02 6.64e-03h  1
1288  1.2845580e+00 3.51e+00 5.92e-02  -6.9 1.25e+01    -  1.11e-01 5.07e-02h  1
1289  1.2844142e+00 3.40e+00 5.83e-02  -6.9 3.43e+01    -  2.15e-02 2.28e-02h  1
iter    objective    inf_pr   inf_du lg(mu)  ||d||  lg(rg) alpha_du alpha_pr  ls
1290  1.2825411e+00 3.12e+00 5.32e-02  -6.9 4.93e+00    -  1.41e-01 8.56e-02h  1
1291  1.2817608e+00 3.07e+00 6.90e-02  -6.9 2.57e+01    -  4.09e-02 1.39e-02h  1
1292  1.2790519e+00 2.56e+00 3.96e-02  -6.9 4.14e+00    -  2.09e-01 1.71e-01h  1
1293  1.2922176e+00 3.01e+00 1.42e-01  -6.9 2.19e+01    -  9.04e-02 8.31e-02h  1
1294  1.2838345e+00 2.85e+00 6.60e-02  -6.9 3.75e+00    -  5.10e-03 2.24e-01h  1
1295  1.2815853e+00 2.78e+00 8.05e-02  -6.9 1.08e+01    -  7.67e-02 2.19e-02h  1
1296  1.2788475e+00 2.39e+00 5.61e-02  -6.9 1.06e+00    -  7.65e-02 1.42e-01h  1
1297  1.2784372e+00 2.37e+00 5.89e-02  -6.9 1.01e+01    -  1.07e-01 6.41e-03h  1
1298  1.2756115e+00 8.21e+00 2.46e-02  -6.9 3.00e+00    -  4.88e-02 2.13e-01f  1
1299  1.2726793e+00 4.84e+00 2.43e-02  -6.9 8.27e-01    -  2.51e-02 4.15e-01h  1
iter    objective    inf_pr   inf_du lg(mu)  ||d||  lg(rg) alpha_du alpha_pr  ls
1300  1.2718986e+00 4.25e+00 1.16e-02  -6.9 8.72e-01    -  2.11e-01 1.23e-01h  1
1301  1.2709978e+00 2.63e+00 1.73e-02  -6.9 5.65e-01    -  2.74e-01 4.17e-01h  1
1302  1.2703374e+00 3.50e+00 1.04e-02  -6.9 1.20e+00    -  5.90e-01 2.30e-01h  1
1303  1.2698642e+00 3.23e+00 3.85e-02  -6.9 6.69e+00    -  5.42e-02 7.97e-02h  2
1304  1.2714525e+00 2.45e+00 2.68e-02  -6.9 2.24e+00    -  3.88e-01 2.67e-01h  1
1305  1.2707487e+00 2.03e+00 2.23e-02  -6.9 4.33e-01    -  3.04e-01 1.74e-01h  1
1306  1.2692429e+00 5.26e-01 1.96e-02  -6.9 4.50e-01    -  4.88e-01 7.66e-01h  1
1307  1.2694966e+00 3.10e-01 9.07e-03  -6.6 4.76e-01    -  4.22e-01 4.10e-01f  1
1308  1.2712887e+00 9.33e-02 8.28e-03  -6.8 2.12e-01    -  7.53e-01 9.33e-01h  1
1309  1.2720794e+00 3.58e-01 2.45e-02  -6.5 8.78e-01    -  9.43e-01 5.71e-01h  1
iter    objective    inf_pr   inf_du lg(mu)  ||d||  lg(rg) alpha_du alpha_pr  ls
1310  1.2722814e+00 3.46e-01 3.93e-02  -6.6 5.19e+00    -  1.18e-01 3.47e-02h  3
1311  1.2728792e+00 1.28e-01 1.44e-02  -6.6 3.96e-01    -  9.98e-01 6.28e-01h  1
1312  1.2730815e+00 2.95e-01 2.13e-02  -6.7 7.53e-01    -  8.47e-01 1.24e-01h  4
1313  1.2720390e+00 8.63e-01 1.49e-02  -6.8 5.09e-01    -  4.03e-01 6.23e-01H  1
1314  1.2716326e+00 7.26e-01 1.80e-02  -6.8 8.55e-01    -  1.00e+00 1.59e-01h  3
1315  1.2708669e+00 5.96e-01 6.83e-03  -6.8 1.70e+00    -  5.65e-01 1.79e-01h  3
1316  1.2703955e+00 3.27e-01 2.00e-02  -6.8 7.38e-01    -  4.01e-01 4.33e-01h  1
1317  1.2709310e+00 3.66e-01 4.49e-02  -6.8 4.07e-01    -  7.37e-01 6.78e-01h  1
1318  1.2696608e+00 2.38e-01 8.81e-03  -7.1 1.28e+00    -  5.41e-01 3.53e-01h  2
1319  1.2714420e+00 2.53e-01 4.29e-02  -6.6 1.92e+00    -  3.83e-01 2.81e-01h  2
iter    objective    inf_pr   inf_du lg(mu)  ||d||  lg(rg) alpha_du alpha_pr  ls
1320  1.2709079e+00 2.48e-01 3.24e-02  -6.9 4.31e+00    -  4.52e-02 5.09e-02h  2
1321  1.2683038e+00 1.02e+00 2.00e-02  -6.9 1.56e+00    -  1.00e+00 5.64e-01h  1
1322  1.2842381e+00 9.76e+00 5.99e-02  -6.4 1.54e+01    -  1.03e-01 2.04e-01f  1
1323  1.2877158e+00 8.69e+00 3.98e-02  -6.9 9.33e+00    -  1.45e-01 1.10e-01h  1
1324  1.2816945e+00 7.16e+00 3.67e-02  -6.9 3.34e+00    -  2.61e-01 1.76e-01h  1
1325  1.2969345e+00 6.28e+00 1.47e-01  -6.9 8.14e+00    -  5.57e-02 1.29e-01h  1
1326  1.2758431e+00 3.37e+00 2.58e-02  -6.9 1.92e+00    -  5.89e-01 4.89e-01h  1
1327  1.2748893e+00 3.35e+00 3.70e-02  -6.9 1.86e+01    -  4.05e-02 4.83e-03h  1
1328  1.2723765e+00 2.91e+00 1.78e-02  -6.9 1.31e+00    -  2.94e-01 1.31e-01f  1
1329  1.2704824e+00 2.57e+00 1.95e-02  -6.9 1.96e+00    -  3.22e-01 1.17e-01h  1
iter    objective    inf_pr   inf_du lg(mu)  ||d||  lg(rg) alpha_du alpha_pr  ls
1330  1.2696958e+00 2.38e+00 3.31e-02  -6.9 7.60e+00    -  1.43e-01 7.54e-02h  1
1331  1.2687329e+00 1.30e+00 1.66e-02  -6.9 4.81e-01    -  3.24e-01 7.63e-01h  1
1332  1.2667758e+00 8.74e-01 6.03e-03  -6.9 3.90e-01    -  8.65e-02 3.26e-01h  1
1333  1.2664850e+00 8.51e-01 1.15e-02  -6.6 3.86e-01    -  2.78e-01 4.41e-01h  1
1334  1.2687867e+00 8.67e-01 1.17e-01  -7.0 3.66e-01    -  1.68e-01 6.01e-01H  1
1335  1.2655247e+00 1.60e-01 7.68e-03  -6.8 2.16e-01    -  5.69e-01 9.32e-01h  1
1336  1.2648476e+00 5.46e-03 3.65e-03  -7.0 2.09e-01    -  1.00e+00 1.00e+00h  1
1337  1.2651296e+00 4.84e-03 3.90e-03  -6.8 1.47e+00    -  4.34e-01 7.76e-02h  4
1338  1.2641466e+00 5.03e-03 1.78e-02  -7.0 1.80e+00    -  9.41e-01 2.45e-01h  1
1339  1.2634076e+00 4.73e-01 2.01e-02  -7.0 3.75e+00    -  6.31e-01 1.25e-01h  2
iter    objective    inf_pr   inf_du lg(mu)  ||d||  lg(rg) alpha_du alpha_pr  ls
1340  1.2743872e+00 9.75e-01 5.34e-02  -6.4 1.53e+01    -  6.90e-02 2.65e-01h  1
1341  1.2762423e+00 1.07e+00 1.41e-02  -7.0 2.11e+01    -  2.56e-01 5.91e-02h  1
1342  1.2709342e+00 8.24e-01 1.86e-02  -7.0 5.97e+00    -  5.09e-01 2.30e-01h  1
1343  1.2698252e+00 8.21e-01 4.33e-02  -7.0 3.90e+01    -  1.45e-02 3.89e-03h  3
1344  1.2631219e+00 3.97e-01 9.16e-03  -7.0 4.36e+00    -  5.49e-01 5.24e-01h  1
1345  1.2790359e+00 6.49e-01 1.17e-01  -6.0 1.05e+02    -  2.36e-02 1.86e-02f  2
1346  1.2754234e+00 5.80e-01 1.00e-01  -7.0 4.76e+00    -  4.28e-01 1.05e-01h  1
1347  1.2712835e+00 5.87e-01 8.84e-02  -7.0 1.53e+01    -  4.89e-02 3.26e-02h  1
1348  1.2645608e+00 4.61e-01 4.22e-02  -7.0 2.54e+00    -  1.48e-01 4.02e-01f  1
1349  1.2638718e+00 4.47e-01 5.08e-02  -7.0 6.77e+00    -  5.88e-02 3.06e-02h  1
iter    objective    inf_pr   inf_du lg(mu)  ||d||  lg(rg) alpha_du alpha_pr  ls
1350  1.2619319e+00 3.28e-01 4.09e-02  -7.0 1.86e+00    -  6.23e-01 2.67e-01h  1
1351  1.2644694e+00 3.32e-01 1.01e-01  -7.9 8.14e+00    -  6.19e-02 4.97e-02h  2
1352  1.2621871e+00 2.96e-01 7.59e-02  -7.1 2.31e+00    -  1.00e+00 1.80e-01h  1
1353  1.2615471e+00 3.44e-01 8.68e-02  -6.5 1.87e+01    -  2.40e-02 8.88e-03h  3
1354  1.2614805e+00 1.32e-02 1.54e-02  -6.8 5.57e-01    -  3.26e-01 1.00e+00h  1
1355  1.2590442e+00 1.19e-01 1.93e-02  -8.0 6.34e+00    -  4.40e-01 1.61e-01h  1
1356  1.2591980e+00 1.21e-01 2.45e-02  -6.6 1.36e+01    -  9.86e-02 6.85e-03h  4
1357  1.2584492e+00 1.05e-01 2.29e-02  -7.2 2.15e+00    -  5.28e-01 1.32e-01h  1
1358  1.2590402e+00 1.06e+00 1.94e-02  -6.8 2.82e+00    -  3.63e-01 8.45e-02h  2
1359  1.2566695e+00 5.43e-01 1.25e-02  -7.1 2.38e+00    -  3.14e-01 4.88e-01h  1
iter    objective    inf_pr   inf_du lg(mu)  ||d||  lg(rg) alpha_du alpha_pr  ls
1360  1.2815776e+00 1.11e+00 7.18e-02  -6.4 3.08e+01    -  9.13e-02 1.61e-01f  1
1361  1.2811460e+00 1.07e+00 9.33e-02  -7.0 5.94e+00    -  3.00e-01 2.81e-01h  1
1362  1.2776863e+00 1.04e+00 6.06e-02  -7.0 7.02e+00    -  6.17e-03 2.63e-02h  1
1363  1.2773932e+00 1.04e+00 6.05e-02  -7.0 5.95e+00    -  6.23e-02 5.22e-03h  1
1364  1.2764351e+00 1.00e+00 9.26e-02  -7.0 2.04e+01    -  3.43e-02 3.97e-02h  1
1365  1.2698847e+00 8.08e-01 3.27e-02  -7.0 2.73e+00    -  5.95e-02 2.09e-01h  1
1366  1.2668823e+00 7.84e-01 4.30e-02  -7.0 1.05e+01    -  5.70e-02 3.06e-02h  1
1367  1.2650588e+00 7.07e-01 2.75e-02  -7.0 2.88e+00    -  2.78e-01 9.83e-02h  1
1368  1.2650032e+00 6.90e-01 1.13e-01  -7.0 1.40e+01    -  4.03e-02 4.55e-02h  1
1369  1.2619133e+00 5.46e-01 7.66e-02  -7.0 1.88e+00    -  4.80e-01 2.10e-01h  1
iter    objective    inf_pr   inf_du lg(mu)  ||d||  lg(rg) alpha_du alpha_pr  ls
1370  1.2607069e+00 4.80e-01 5.91e-02  -7.0 1.43e+00    -  1.87e-01 1.22e-01h  1
1371  1.2595810e+00 6.55e-01 1.67e-02  -7.0 7.42e-01    -  5.32e-01 4.39e-01h  1
1372  1.2587842e+00 4.84e-01 1.51e-02  -7.0 7.26e-01    -  6.65e-01 2.61e-01h  1
1373  1.2617423e+00 3.98e-01 1.20e-01  -7.0 1.07e+00    -  2.04e-01 1.80e-01h  1
1374  1.2594048e+00 2.14e-01 6.52e-02  -7.0 1.77e-01    -  3.38e-02 4.62e-01h  1
1375  1.2583507e+00 2.15e-01 1.74e-03  -7.0 9.82e-02    -  1.00e+00 1.00e+00h  1
1376  1.2578820e+00 3.06e-01 4.91e-03  -7.2 2.23e-01    -  1.00e+00 1.00e+00h  1
1377  1.2582855e+00 2.90e-01 6.52e-03  -6.9 1.88e+00    -  4.40e-01 7.14e-02h  3
1378  1.2566058e+00 3.30e-01 2.94e-02  -7.1 1.88e+00    -  7.51e-01 5.69e-01h  1
1379  1.2648925e+00 1.76e+00 7.54e-03  -6.5 1.89e+01    -  6.68e-02 1.83e-01f  1
iter    objective    inf_pr   inf_du lg(mu)  ||d||  lg(rg) alpha_du alpha_pr  ls
1380  1.2647163e+00 1.75e+00 7.28e-03  -7.1 1.53e+01    -  1.73e-01 8.96e-03h  1
1381  1.2610459e+00 1.25e+00 7.28e-03  -7.1 4.70e+00    -  2.45e-01 2.84e-01h  1
1382  1.2608728e+00 1.25e+00 7.13e-03  -7.1 4.11e+01    -  5.39e-02 1.73e-03h  1
1383  1.2593366e+00 1.01e+00 1.21e-02  -7.1 3.38e+00    -  9.51e-01 1.93e-01f  1
1384  1.2601566e+00 9.97e-01 5.43e-02  -7.1 2.03e+01    -  3.83e-02 9.60e-03h  3
1385  1.2562414e+00 1.53e+00 2.21e-02  -7.1 2.47e+00    -  5.26e-01 5.85e-01h  1
1386  1.2710853e+00 1.49e+00 1.20e-02  -6.6 1.69e+01    -  1.51e-01 2.35e-01f  1
1387  1.2660600e+00 5.34e+00 3.38e-02  -7.1 5.28e+00    -  4.15e-01 3.24e-01h  1
1388  1.2702121e+00 5.15e+00 1.57e-01  -7.1 2.08e+01    -  1.65e-02 3.41e-02h  1
1389  1.2597071e+00 3.20e+00 7.18e-02  -7.1 3.99e+00    -  5.14e-02 4.25e-01h  1
iter    objective    inf_pr   inf_du lg(mu)  ||d||  lg(rg) alpha_du alpha_pr  ls
1390  1.2582449e+00 3.23e+00 3.03e-02  -7.1 1.91e+01    -  1.44e-02 4.19e-02h  1
1391  1.2569664e+00 3.16e+00 2.00e-02  -7.1 6.24e-01    -  1.92e-01 2.36e-01h  1
1392  1.2564947e+00 2.87e+00 1.18e-02  -7.1 1.09e+00    -  2.31e-01 9.30e-02h  1
1393  1.2562023e+00 2.57e+00 3.83e-02  -7.1 1.66e+00    -  3.45e-01 1.08e-01h  1
1394  1.2572931e+00 1.33e+00 1.02e-02  -6.8 7.11e-01    -  7.94e-02 5.39e-01h  1
1395  1.2567283e+00 1.21e+00 2.13e-02  -7.1 3.56e+00    -  1.85e-01 9.62e-02h  2
1396  1.2574851e+00 1.03e+00 6.10e-02  -7.1 1.21e+00    -  1.46e-01 1.50e-01h  1
1397  1.2567766e+00 8.14e-01 4.77e-02  -7.1 2.54e-01    -  7.41e-01 2.06e-01h  1
1398  1.2560308e+00 6.20e-01 3.57e-02  -7.1 4.94e-01    -  9.23e-01 2.40e-01h  1
1399  1.2696715e+00 2.54e+00 9.52e-02  -6.5 1.60e+01    -  4.01e-02 1.50e-01f  1
iter    objective    inf_pr   inf_du lg(mu)  ||d||  lg(rg) alpha_du alpha_pr  ls
1400  1.2690951e+00 2.49e+00 8.97e-02  -7.1 3.12e+00    -  4.17e-02 1.92e-02h  1
1401  1.2651448e+00 2.13e+00 1.02e-01  -7.1 4.59e+00    -  4.33e-01 1.47e-01h  1
1402  1.2636553e+00 2.09e+00 7.60e-02  -7.1 2.39e+01    -  2.34e-02 2.88e-02h  1
1403  1.2592930e+00 1.55e+00 3.93e-02  -7.1 1.71e+00    -  1.67e-01 3.57e-01h  1
1404  1.2583544e+00 1.50e+00 4.43e-02  -7.1 8.17e+00    -  7.43e-02 3.00e-02h  1
1405  1.2574250e+00 1.26e+00 4.52e-02  -7.1 1.36e+00    -  2.71e-01 1.64e-01f  1
1406  1.2575357e+00 1.25e+00 7.12e-02  -7.1 6.63e+00    -  7.84e-02 4.95e-02h  1
1407  1.2561988e+00 1.54e+00 5.28e-02  -7.1 7.80e-01    -  4.12e-01 2.66e-01h  1
1408  1.2553572e+00 1.11e+00 2.25e-02  -7.1 1.87e+00    -  1.69e-01 2.79e-01h  1
1409  1.2559577e+00 1.15e+00 1.29e-02  -6.9 3.04e+00    -  1.78e-01 1.32e-01h  1
iter    objective    inf_pr   inf_du lg(mu)  ||d||  lg(rg) alpha_du alpha_pr  ls
1410  1.2571074e+00 1.08e+00 8.73e-02  -7.2 6.56e+00    -  2.98e-02 6.51e-02h  1
1411  1.2545576e+00 3.42e-01 2.14e-02  -7.2 4.26e-01    -  9.77e-01 7.92e-01f  1
1412  1.2542960e+00 5.59e-01 6.25e-03  -7.2 2.35e-01    -  9.55e-01 8.13e-01h  1
1413  1.2541261e+00 1.96e-02 2.72e-03  -7.2 6.78e-02    -  9.14e-01 9.64e-01h  1
1414  1.2540737e+00 1.21e-01 7.17e-03  -7.2 1.63e-01    -  6.89e-01 2.42e-01h  3
1415  1.2538600e+00 1.87e-01 4.79e-03  -7.2 1.31e-01    -  1.00e+00 8.99e-01h  1
1416  1.2592678e+00 6.25e-02 2.29e-02  -6.9 1.18e+00    -  7.29e-01 1.00e+00H  1
1417  1.2588612e+00 2.00e+00 1.27e-02  -7.0 1.29e+00    -  3.36e-01 2.94e-01h  1
1418  1.2577432e+00 1.60e+00 8.78e-03  -7.0 6.91e-01    -  1.34e-01 2.00e-01h  1
1419  1.2573013e+00 1.57e+00 2.38e-02  -7.0 5.78e+00    -  4.83e-02 3.17e-02h  1
iter    objective    inf_pr   inf_du lg(mu)  ||d||  lg(rg) alpha_du alpha_pr  ls
1420  1.2561301e+00 1.26e+00 1.11e-02  -7.0 7.44e-01    -  2.63e-01 4.29e-01f  1
1421  1.2560276e+00 1.33e+00 1.44e-02  -7.0 8.44e-01    -  2.03e-01 8.55e-02h  2
1422  1.2557454e+00 9.17e-01 3.62e-03  -7.0 2.15e-01    -  7.73e-01 3.12e-01h  1
1423  1.2552597e+00 6.90e-01 8.79e-03  -7.0 1.30e+00    -  2.79e-01 2.55e-01h  2
1424  1.2566752e+00 1.15e+00 3.69e-02  -7.0 5.02e-01    -  6.27e-01 8.99e-01H  1
1425  1.2552374e+00 2.93e-01 8.69e-03  -7.0 3.57e-01    -  1.35e-01 7.46e-01h  1
1426  1.2553553e+00 2.74e-01 6.52e-03  -7.0 9.05e-02    -  3.96e-01 9.47e-01f  1
1427  1.2552706e+00 2.20e-01 1.29e-02  -7.0 3.46e-01    -  5.78e-01 1.98e-01h  2
1428  1.2551837e+00 5.21e-01 3.12e-03  -7.0 4.32e-02    -  1.00e+00 1.00e+00h  1
1429  1.2551817e+00 5.46e-04 6.30e-04  -7.0 3.50e-02    -  1.00e+00 1.00e+00h  1
iter    objective    inf_pr   inf_du lg(mu)  ||d||  lg(rg) alpha_du alpha_pr  ls
1430  1.2550932e+00 4.18e-04 6.06e-03  -7.1 1.11e-01    -  1.00e+00 2.50e-01h  3
1431  1.2543330e+00 2.83e-01 8.70e-03  -7.2 2.66e-01    -  1.00e+00 8.44e-01h  1
1432  1.2539572e+00 2.85e-01 8.30e-03  -7.3 1.87e+00    -  5.08e-01 1.64e-01h  3
1433  1.2533771e+00 1.96e-01 1.35e-02  -7.3 1.09e+00    -  6.71e-01 3.13e-01h  1
1434  1.2540431e+00 2.27e+00 1.14e-02  -7.0 8.31e-01    -  3.40e-01 2.91e-01f  1
1435  1.2536978e+00 1.68e+00 1.94e-02  -7.2 9.27e-01    -  1.80e-01 2.81e-01H  1
1436  1.2536076e+00 1.95e+00 1.46e-02  -7.2 1.12e+00    -  2.35e-01 5.84e-02h  1
1437  1.2532694e+00 1.65e+00 2.04e-02  -7.2 5.27e-01    -  2.72e-01 1.53e-01h  1
1438  1.2540033e+00 1.51e+00 2.80e-02  -6.8 4.66e+00    -  1.45e-01 8.27e-02h  2
1439  1.2533354e+00 9.82e-01 3.45e-02  -7.2 1.20e+00    -  1.71e-01 4.52e-01h  1
iter    objective    inf_pr   inf_du lg(mu)  ||d||  lg(rg) alpha_du alpha_pr  ls
1440  1.2532815e+00 1.94e+00 1.50e-02  -7.1 9.16e-01    -  4.86e-01 2.85e-01h  1
1441  1.2527002e+00 1.19e+00 4.36e-03  -7.2 2.95e-01    -  2.18e-01 3.87e-01h  1
1442  1.2524090e+00 3.96e-01 6.04e-03  -7.3 5.52e-01    -  4.01e-01 6.74e-01h  1
1443  1.2521960e+00 1.43e-01 7.59e-03  -7.2 2.20e-01    -  1.00e+00 6.40e-01h  1
1444  1.2541898e+00 2.01e+00 1.03e-02  -6.9 1.22e+00    -  3.22e-01 6.93e-01h  1
1445  1.2592824e+00 1.76e+00 1.18e-01  -7.2 4.31e+00    -  1.67e-01 1.30e-01h  1
1446  1.2531029e+00 3.46e-01 1.08e-02  -7.2 3.43e-01    -  7.82e-02 8.21e-01h  1
1447  1.2531722e+00 6.36e-01 5.02e-02  -7.2 3.32e-01    -  2.01e-01 4.74e-01h  1
1448  1.2525613e+00 7.62e-02 2.06e-02  -7.2 1.14e-01    -  9.54e-01 9.72e-01h  1
1449  1.2520968e+00 3.04e-02 2.25e-03  -7.3 2.14e-01    -  6.26e-01 8.31e-01h  1
iter    objective    inf_pr   inf_du lg(mu)  ||d||  lg(rg) alpha_du alpha_pr  ls
1450  1.2520080e+00 1.49e-01 3.63e-03  -7.2 1.86e-01    -  7.43e-01 3.00e-01h  1
1451  1.2514129e+00 1.92e-03 9.92e-03  -7.4 2.11e-01    -  1.00e+00 1.00e+00h  1
1452  1.2518117e+00 6.12e-03 3.98e-03  -7.1 1.42e+00    -  6.53e-01 1.50e-01h  2
1453  1.2514403e+00 4.06e-01 8.27e-03  -7.3 4.50e-01    -  4.19e-01 5.03e-01H  1
1454  1.2513725e+00 2.86e-01 5.64e-03  -7.3 8.81e-01    -  4.45e-01 2.99e-01h  1
1455  1.2511847e+00 1.51e-02 1.83e-03  -7.3 2.18e-01    -  4.67e-01 1.00e+00f  1
1456  1.2511860e+00 1.81e-03 8.12e-03  -7.3 7.34e-02    -  1.00e+00 9.06e-01h  1
1457  1.2504335e+00 6.32e-05 2.66e-02  -7.3 4.05e-01    -  1.00e+00 1.00e+00H  1
1458  1.2538927e+00 4.57e+00 2.56e-02  -7.1 1.12e+00    -  6.36e-01 7.78e-01h  1
1459  1.2558354e+00 4.17e+00 5.74e-02  -7.3 1.07e+01    -  4.74e-02 8.75e-02h  1
iter    objective    inf_pr   inf_du lg(mu)  ||d||  lg(rg) alpha_du alpha_pr  ls
1460  1.2523685e+00 1.67e+00 1.93e-02  -7.3 7.16e-01    -  3.42e-01 6.10e-01h  1
1461  1.2517715e+00 1.34e+00 1.73e-02  -7.3 9.53e-01    -  4.06e-01 2.19e-01h  1
1462  1.2516246e+00 1.18e+00 1.24e-02  -7.3 3.04e-01    -  2.22e-01 1.19e-01h  1
1463  1.2512575e+00 1.15e+00 6.14e-03  -7.3 3.18e-01    -  7.89e-02 3.64e-01h  1
1464  1.2511458e+00 9.28e-01 7.02e-03  -7.3 7.02e-01    -  3.91e-01 1.90e-01h  1
1465  1.2528490e+00 1.74e+00 6.01e-02  -7.3 5.40e-01    -  6.03e-01 4.92e-01h  1
1466  1.2511087e+00 8.91e-01 7.24e-03  -7.3 2.59e-01    -  5.85e-02 1.00e+00h  1
1467  1.2511044e+00 1.70e-01 1.64e-03  -7.3 6.24e-02    -  5.23e-01 8.09e-01h  1
1468  1.2508491e+00 6.43e-01 1.66e-03  -7.3 3.57e-01    -  9.69e-01 9.59e-01f  1
1469  1.2508184e+00 6.11e-01 4.70e-03  -7.3 3.58e+00    -  5.45e-01 5.12e-02h  4
iter    objective    inf_pr   inf_du lg(mu)  ||d||  lg(rg) alpha_du alpha_pr  ls
1470  1.2506951e+00 2.93e-01 9.63e-03  -7.3 1.27e+00    -  5.23e-01 6.63e-01h  1
1471  1.2504604e+00 7.28e-01 2.84e-03  -7.3 5.54e+00    -  7.06e-01 2.12e-01f  2
1472  1.2504481e+00 9.62e-01 1.01e-02  -7.3 1.80e+01    -  9.81e-02 1.55e-02h  4
1473  1.2503749e+00 6.01e-01 2.54e-03  -7.3 1.36e-01    -  4.38e-01 3.75e-01h  1
1474  1.2511383e+00 3.66e-01 5.39e-03  -7.0 4.17e+00    -  2.95e-01 3.91e-01f  1
1475  1.2511184e+00 3.60e-01 1.46e-03  -7.3 1.56e+01    -  5.41e-02 1.71e-02h  3
1476  1.2501809e+00 1.38e+00 2.99e-03  -7.3 2.92e+00    -  6.32e-01 7.92e-01h  1
1477  1.2520186e+00 3.56e+00 2.77e-02  -6.7 6.18e+01    -  3.83e-02 2.83e-02f  2
1478  1.2516071e+00 3.12e+00 1.67e-02  -7.3 3.49e+00    -  4.50e-01 1.23e-01h  1
1479  1.2514311e+00 3.05e+00 2.31e-02  -7.3 4.74e+00    -  4.32e-02 2.13e-02h  1
iter    objective    inf_pr   inf_du lg(mu)  ||d||  lg(rg) alpha_du alpha_pr  ls
1480  1.2510524e+00 2.45e+00 2.43e-02  -7.3 2.77e+00    -  1.04e-01 1.97e-01f  1
1481  1.2504055e+00 2.65e+00 1.33e-02  -7.3 2.79e+00    -  2.53e-01 1.31e-01h  1
1482  1.2502277e+00 2.10e+00 5.19e+01  -7.3 8.16e-01    -  3.56e-06 2.07e-01h  1
1483  1.2499976e+00 6.33e-01 2.76e-01  -7.3 3.69e-01    -  2.32e-01 9.95e-01f  1
1484  1.2497866e+00 5.86e-01 2.56e-01  -7.8 5.78e+00    -  1.93e-01 7.28e-02h  1
1485  1.2497091e+00 6.73e-01 2.46e-01  -7.9 2.25e+01    -  1.36e-01 4.18e-02h  2
1486  1.2489034e+00 4.12e-01 1.27e-01  -7.4 4.97e+00    -  3.29e-01 4.84e-01h  1
1487  1.2495685e+00 5.56e-01 1.11e-01  -7.1 2.46e+00    -  1.81e-01 1.26e-01h  2
1488  1.2493272e+00 5.10e-01 1.02e-01  -7.4 2.66e+00    -  1.02e-01 8.41e-02h  1
1489  1.2493006e+00 5.08e-01 1.01e-01  -7.4 3.35e+00    -  3.17e-02 3.47e-03h  1
iter    objective    inf_pr   inf_du lg(mu)  ||d||  lg(rg) alpha_du alpha_pr  ls
1490  1.2490901e+00 4.53e-01 9.04e-02  -7.4 1.77e+00    -  3.48e-01 1.08e-01f  1
1491  1.2490452e+00 6.35e-01 8.86e-02  -7.4 5.23e+00    -  5.87e-02 2.02e-02h  4
1492  1.2486427e+00 4.77e-01 6.66e-02  -7.4 1.90e+00    -  2.21e-01 2.48e-01h  1
1493  1.2489223e+00 1.80e+00 6.23e-02  -7.1 4.30e+00    -  1.83e-01 6.37e-02f  2
1494  1.2487733e+00 1.65e+00 5.70e-02  -7.4 2.75e+00    -  3.87e-01 8.67e-02h  1
1495  1.2486993e+00 1.61e+00 5.60e-02  -7.4 3.07e+00    -  1.17e-01 1.89e-02h  1
1496  1.2485025e+00 1.32e+00 4.59e-02  -7.4 6.60e-01    -  2.07e-01 1.80e-01h  1
1497  1.2482657e+00 9.28e-01 3.18e-02  -7.5 1.83e+00    -  2.91e-01 3.08e-01h  1
1498  1.2480888e+00 4.54e-01 1.55e-02  -7.4 4.87e-01    -  4.52e-01 5.11e-01h  1
1499  1.2494160e+00 2.12e-01 8.48e-03  -7.0 2.18e+00    -  1.10e-01 5.21e-01h  1
iter    objective    inf_pr   inf_du lg(mu)  ||d||  lg(rg) alpha_du alpha_pr  ls
1500  1.2493463e+00 8.51e-01 8.26e-03  -7.4 2.95e+00    -  1.39e-01 2.67e-02h  3
1501  1.2485998e+00 2.79e-01 1.21e-02  -7.4 6.73e-01    -  1.56e-01 6.72e-01h  1
1502  1.2496103e+00 1.11e+00 7.52e-03  -7.0 6.64e+00    -  1.45e-01 1.21e-01f  1
1503  1.2498509e+00 8.97e-01 5.19e-02  -7.4 2.05e+00    -  1.68e-01 2.18e-01H  1
1504  1.2488290e+00 3.74e-01 6.94e-03  -7.4 6.25e-01    -  1.28e-01 5.86e-01f  1
1505  1.2483379e+00 3.38e-01 6.50e-03  -7.4 2.04e+00    -  5.19e-02 1.83e-01f  1
1506  1.2482743e+00 3.05e-01 2.48e-03  -7.4 2.44e-01    -  2.72e-01 3.19e-01f  2
1507  1.2484629e+00 4.73e-01 8.60e-04  -7.3 2.53e-01    -  7.84e-01 1.00e+00h  1
1508  1.2479993e+00 3.75e-01 2.14e-02  -7.5 1.26e+00    -  6.28e-01 7.25e-01H  1
1509  1.2479528e+00 2.17e-01 4.74e-03  -7.4 7.51e-01    -  7.49e-01 4.08e-01h  1
iter    objective    inf_pr   inf_du lg(mu)  ||d||  lg(rg) alpha_du alpha_pr  ls
1510  1.2476431e+00 1.10e-01 3.22e-03  -7.5 2.70e-01    -  1.43e-01 4.93e-01h  1
1511  1.2477702e+00 7.90e-03 2.80e-02  -7.4 1.95e-01    -  3.68e-01 1.00e+00h  1
1512  1.2475209e+00 4.09e-03 9.71e-03  -7.5 1.31e-01    -  6.04e-01 4.82e-01h  1
1513  1.2473453e+00 3.40e-03 6.60e-03  -7.5 5.80e-01    -  1.00e+00 3.19e-01h  1
1514  1.2477032e+00 3.77e-01 1.11e-02  -7.2 3.00e+00    -  1.48e-01 8.83e-02h  2
1515  1.2472508e+00 2.01e-01 1.07e-02  -7.5 1.10e+00    -  2.66e-01 4.67e-01h  1
1516  1.2471993e+00 4.04e-01 7.28e-03  -7.5 2.80e+00    -  7.84e-02 3.42e-02h  2
1517  1.2471232e+00 2.83e-01 8.30e-03  -7.5 3.57e-01    -  4.65e-01 3.00e-01h  1
1518  1.2470996e+00 4.28e-01 6.39e-03  -7.5 4.21e-01    -  4.15e-01 6.91e-02h  4
1519  1.2470038e+00 1.89e-01 6.03e-03  -7.5 2.36e-01    -  5.75e-01 1.00e+00h  1
iter    objective    inf_pr   inf_du lg(mu)  ||d||  lg(rg) alpha_du alpha_pr  ls
1520  1.2469988e+00 1.58e-01 5.05e-03  -7.5 2.24e-01    -  6.39e-01 1.70e-01h  1
1521  1.2469749e+00 7.45e-02 2.64e-03  -7.5 2.66e-01    -  1.00e+00 5.27e-01h  1
1522  1.2468540e+00 5.13e-02 4.31e-03  -7.5 9.02e-01    -  4.73e-01 3.08e-01h  2
1523  1.2466594e+00 5.39e-01 6.98e-03  -7.6 2.35e+00    -  3.47e-01 1.98e-01h  2
1524  1.2465755e+00 5.02e-01 6.71e-03  -7.6 2.63e+00    -  6.32e-01 9.36e-02h  3
1525  1.2500057e+00 5.67e-01 5.38e-02  -7.1 1.03e+01    -  8.99e-02 2.97e-01h  1
1526  1.2492557e+00 2.46e+00 6.61e-02  -7.6 8.78e+00    -  1.62e-01 1.81e-01h  1
1527  1.2484841e+00 2.39e+00 4.54e-02  -7.6 1.88e+01    -  5.51e-02 3.47e-02h  1
1528  1.2480428e+00 2.18e+00 2.96e-02  -7.6 3.38e+00    -  3.32e-02 8.96e-02h  1
1529  1.2476984e+00 2.00e+00 3.00e-02  -7.6 3.96e+00    -  1.23e-01 7.86e-02h  1
iter    objective    inf_pr   inf_du lg(mu)  ||d||  lg(rg) alpha_du alpha_pr  ls
1530  1.2476058e+00 1.95e+00 2.68e-03  -7.6 8.06e+00    -  6.61e-02 2.93e-02h  2
1531  1.2473060e+00 1.61e+00 2.74e-03  -7.6 2.00e+00    -  7.02e-01 1.72e-01h  1
1532  1.2471789e+00 1.53e+00 2.62e-03  -7.6 3.89e+00    -  2.17e-01 5.08e-02h  1
1533  1.2468543e+00 1.19e+00 3.10e-03  -7.6 2.07e+00    -  5.22e-01 2.44e-01f  1
1534  1.2467988e+00 1.32e+00 3.77e-03  -7.6 4.08e+00    -  1.42e-01 5.35e-02h  2
1535  1.2466567e+00 1.28e+00 3.82e-03  -7.6 2.65e+00    -  9.32e-01 1.24e-01h  1
1536  1.2466182e+00 1.45e+00 2.59e-03  -7.6 5.63e+00    -  1.24e-01 2.33e-02h  3
1537  1.2465314e+00 1.34e+00 6.33e-03  -7.6 1.71e+00    -  4.67e-01 1.24e-01h  1
1538  1.2464913e+00 1.42e+00 1.84e-03  -7.6 1.35e+00    -  2.15e-01 8.88e-02h  2
1539  1.2463142e+00 1.29e+00 4.88e-03  -7.6 4.61e-01    -  6.16e-01 5.27e-01h  1
iter    objective    inf_pr   inf_du lg(mu)  ||d||  lg(rg) alpha_du alpha_pr  ls
1540  1.2474148e+00 9.47e-01 8.77e-03  -7.3 4.67e+00    -  1.26e-01 2.82e-01H  1
1541  1.2471283e+00 1.05e+00 7.60e-03  -7.6 3.60e+00    -  3.41e-01 1.46e-01h  2
1542  1.2467470e+00 1.09e+00 1.29e-02  -7.6 4.91e+00    -  1.27e-01 1.23e-01h  1
1543  1.2466785e+00 1.98e+00 1.77e-02  -7.6 9.95e+00    -  1.00e-02 1.98e-02f  2
1544  1.2464519e+00 1.50e+00 1.05e-02  -7.6 9.93e-01    -  3.10e-01 2.43e-01h  1
1545  1.2464124e+00 1.48e+00 1.75e-02  -7.6 6.91e+00    -  7.60e-02 1.13e-02h  3
1546  1.2461863e+00 1.10e+00 8.42e-03  -7.6 8.53e-01    -  7.28e-01 3.56e-01h  1
1547  1.2466692e+00 1.79e+00 1.11e-02  -7.3 3.52e+00    -  7.12e-02 1.82e-01h  2
1548  1.2466529e+00 1.78e+00 1.13e-02  -7.7 3.20e+00    -  6.08e-01 7.16e-03h  1
1549  1.2466086e+00 1.18e+00 1.10e-02  -7.7 3.32e+00    -  4.54e-01 3.40e-01h  1
iter    objective    inf_pr   inf_du lg(mu)  ||d||  lg(rg) alpha_du alpha_pr  ls
1550  1.2464077e+00 1.07e+00 1.52e-02  -7.7 2.47e+00    -  2.82e-01 9.46e-02h  1
1551  1.2463082e+00 1.05e+00 1.19e-02  -7.7 4.68e+00    -  1.69e-01 1.45e-02h  1
1552  1.2461104e+00 9.13e-01 3.30e-03  -7.7 1.06e+00    -  2.88e-01 1.36e-01h  1
1553  1.2464335e+00 8.25e-01 1.54e-02  -7.1 4.43e+00    -  3.05e-02 1.57e-01f  1
1554  1.2486574e+00 7.49e-01 1.15e-02  -7.3 3.62e+00    -  9.60e-02 8.77e-02h  1
1555  1.2471897e+00 5.20e-01 6.03e-03  -7.7 1.72e+00    -  9.21e-02 3.04e-01h  1
1556  1.2470718e+00 4.68e-01 1.99e-02  -7.7 1.26e+00    -  1.03e-01 1.01e-01f  2
1557  1.2457133e+00 6.60e-01 6.18e-03  -7.7 1.50e+00    -  6.27e-01 6.08e-01h  1
1558  1.2457229e+00 1.75e+00 1.66e-02  -7.6 7.25e-01    -  2.55e-01 9.06e-02h  3
1559  1.2456575e+00 1.63e+00 1.41e-02  -7.7 1.14e+00    -  2.08e-01 6.52e-02h  1
iter    objective    inf_pr   inf_du lg(mu)  ||d||  lg(rg) alpha_du alpha_pr  ls
1560  1.2456977e+00 1.51e+00 1.19e-02  -7.4 3.53e+00    -  4.91e-02 7.45e-02f  2
1561  1.2461994e+00 7.06e-01 3.49e-03  -7.4 1.29e+00    -  1.93e-01 5.34e-01h  1
1562  1.2476242e+00 6.74e-01 1.15e-02  -6.9 2.58e+01    -  1.55e-02 4.41e-02h  2
1563  1.2471127e+00 1.00e+00 8.41e-03  -7.6 2.91e+00    -  3.33e-01 1.66e-01h  1
1564  1.2467480e+00 3.16e+00 9.07e-03  -7.6 4.10e+00    -  7.72e-02 1.17e-01h  1
1565  1.2464375e+00 2.84e+00 4.71e-03  -7.6 2.68e+00    -  6.43e-02 1.01e-01h  1
1566  1.2462251e+00 2.69e+00 3.50e-03  -7.6 4.59e+00    -  7.74e-02 5.56e-02h  1
1567  1.2460712e+00 2.46e+00 2.29e-02  -7.6 3.39e+00    -  1.97e-01 8.57e-02h  1
1568  1.2460940e+00 2.15e+00 5.54e-03  -7.6 1.54e+00    -  1.98e-01 1.25e-01h  2
1569  1.2457450e+00 1.00e+00 2.96e-03  -7.6 4.68e-01    -  3.17e-01 5.38e-01h  1
iter    objective    inf_pr   inf_du lg(mu)  ||d||  lg(rg) alpha_du alpha_pr  ls
1570  1.2456387e+00 6.45e-01 4.62e-03  -7.6 5.21e-01    -  2.35e-01 3.56e-01h  1
1571  1.2455817e+00 2.39e-02 2.79e-03  -7.6 7.01e-02    -  6.79e-01 1.00e+00f  1
1572  1.2454929e+00 2.45e-01 5.95e-03  -7.7 9.33e-02    -  9.42e-01 9.82e-01h  1
1573  1.2457396e+00 1.90e-01 5.42e-03  -7.3 1.08e+00    -  1.51e-01 2.23e-01h  1
1574  1.2457252e+00 4.83e-01 2.11e-03  -7.7 1.46e+00    -  1.86e-01 1.95e-02h  4
1575  1.2454990e+00 2.47e-01 1.14e-02  -7.7 5.57e-01    -  5.34e-01 4.88e-01h  1
1576  1.2454549e+00 2.33e-01 9.14e-03  -7.7 1.14e+00    -  4.91e-01 5.83e-02h  1
1577  1.2453044e+00 2.31e-01 5.34e-03  -7.7 4.42e-01    -  1.00e+00 4.44e-01f  2
1578  1.2460619e+00 9.07e-01 3.68e-03  -7.4 2.04e+00    -  2.90e-01 4.14e-01h  1
1579  1.2469760e+00 5.89e-01 5.44e-02  -7.7 1.34e+00    -  4.59e-01 3.58e-01h  1
iter    objective    inf_pr   inf_du lg(mu)  ||d||  lg(rg) alpha_du alpha_pr  ls
1580  1.2453173e+00 1.03e-01 8.06e-03  -7.7 6.57e-01    -  3.07e-01 8.48e-01h  1
1581  1.2452796e+00 7.52e-02 1.09e-02  -7.7 2.02e-01    -  7.35e-01 2.72e-01h  2
1582  1.2452742e+00 1.10e-01 2.10e-02  -7.7 3.28e-01    -  6.24e-01 1.00e+00H  1
1583  1.2459040e+00 5.74e-02 1.48e-02  -7.4 1.87e+00    -  1.39e-01 4.65e-01h  1
1584  1.2458713e+00 5.59e-02 1.45e-02  -7.7 3.48e+00    -  7.87e-02 3.32e-02h  3
1585  1.2456858e+00 2.25e-01 1.22e-02  -7.7 5.24e-01    -  9.75e-01 2.67e-01h  1
1586  1.2456355e+00 2.01e-01 1.11e-02  -7.7 2.01e+00    -  2.13e-01 1.08e-01h  2
1587  1.2453551e+00 5.36e-01 9.67e-03  -7.7 8.87e-01    -  6.76e-01 3.82e-01h  1
1588  1.2452640e+00 6.14e-01 6.57e-03  -7.7 3.18e+00    -  9.30e-02 4.77e-02h  2
1589  1.2449116e+00 3.48e-01 3.77e-03  -8.0 1.05e+00    -  9.70e-02 4.34e-01h  1
iter    objective    inf_pr   inf_du lg(mu)  ||d||  lg(rg) alpha_du alpha_pr  ls
1590  1.2463152e+00 4.30e+00 7.59e-03  -7.1 1.23e+01    -  3.03e-02 1.25e-01h  1
1591  1.2460840e+00 3.88e+00 5.98e-03  -7.8 3.43e+00    -  2.11e-01 9.86e-02h  1
1592  1.2457808e+00 3.59e+00 5.17e-03  -7.8 6.38e+00    -  4.73e-02 7.29e-02h  1
1593  1.2455736e+00 3.38e+00 4.25e-03  -7.8 4.48e+00    -  3.47e-02 6.01e-02h  1
1594  1.2454121e+00 3.18e+00 3.85e-03  -7.8 4.85e+00    -  8.22e-02 6.08e-02h  1
1595  1.2452063e+00 2.68e+00 2.34e-03  -7.8 2.22e+00    -  1.16e-02 1.60e-01f  1
1596  1.2457420e+00 2.51e+00 5.96e-02  -7.8 4.33e+00    -  3.05e-02 6.19e-02h  1
1597  1.2455515e+00 2.20e+00 5.18e-02  -7.8 6.96e-01    -  1.16e-01 1.25e-01h  1
1598  1.2453231e+00 1.81e+00 4.04e-02  -7.8 7.82e-01    -  1.10e-01 1.76e-01h  1
1599  1.2449262e+00 1.30e+00 1.85e-02  -7.8 1.23e+00    -  3.00e-01 2.85e-01f  1
iter    objective    inf_pr   inf_du lg(mu)  ||d||  lg(rg) alpha_du alpha_pr  ls
1600  1.2448839e+00 1.22e+00 1.67e-02  -7.8 1.24e+00    -  4.58e-02 5.66e-02h  1
1601  1.2447045e+00 4.32e-01 5.59e-03  -7.8 3.71e-01    -  9.93e-02 8.14e-01f  1
1602  1.2457942e+00 2.34e-01 1.56e-02  -7.4 8.62e-01    -  2.76e-01 5.30e-01h  1
1603  1.2453215e+00 1.24e+00 3.78e-03  -7.7 4.70e-01    -  2.66e-01 4.14e-01h  1
1604  1.2450968e+00 8.74e-01 1.99e-03  -7.7 4.46e-01    -  1.35e-01 2.93e-01h  1
1605  1.2449698e+00 5.65e-01 1.29e-03  -7.7 2.21e-01    -  2.48e-01 3.53e-01f  1
1606  1.2449516e+00 4.91e-01 6.29e-03  -7.7 5.77e-01    -  4.36e-01 2.37e-01h  2
1607  1.2448281e+00 7.94e-02 3.76e-03  -7.7 1.97e-01    -  7.94e-01 8.38e-01h  1
1608  1.2459674e+00 9.96e-01 3.33e-02  -7.5 1.06e+00    -  2.42e-01 6.55e-01f  1
1609  1.2457660e+00 8.49e-01 2.28e-02  -7.7 1.04e+00    -  2.85e-01 1.47e-01h  1
iter    objective    inf_pr   inf_du lg(mu)  ||d||  lg(rg) alpha_du alpha_pr  ls
1610  1.2453752e+00 7.07e-01 1.53e-02  -7.7 1.71e+00    -  1.63e-01 1.77e-01h  1
1611  1.2452802e+00 6.54e-01 8.34e-03  -7.7 7.92e-01    -  2.11e-01 8.63e-02h  1
1612  1.2449575e+00 3.34e-01 8.68e-03  -7.7 6.63e-01    -  2.87e-01 4.92e-01f  1
1613  1.2449348e+00 3.20e-01 1.50e-03  -7.7 2.66e+00    -  3.93e-02 4.86e-02h  3
1614  1.2447952e+00 1.80e-04 1.05e-03  -7.7 1.12e-01    -  5.81e-01 1.00e+00h  1
1615  1.2446090e+00 7.43e-04 1.62e-03  -7.9 6.61e-01    -  7.30e-01 3.94e-01h  2
1616  1.2445656e+00 3.15e-03 2.62e-03  -7.8 6.39e-01    -  3.29e-01 2.13e-01h  2
1617  1.2445334e+00 6.13e-01 4.24e-03  -7.8 5.32e-01    -  6.72e-01 1.71e-01h  3
1618  1.2455218e+00 1.03e+00 1.93e-02  -7.6 1.30e+00    -  1.27e-01 7.51e-01h  1
1619  1.2458037e+00 8.57e-01 4.39e-03  -7.9 1.71e+00    -  1.75e-01 1.69e-01h  1
iter    objective    inf_pr   inf_du lg(mu)  ||d||  lg(rg) alpha_du alpha_pr  ls
1620  1.2448298e+00 1.24e+00 3.76e-03  -7.9 1.12e+00    -  4.07e-02 5.30e-01f  1
1621  1.2447949e+00 2.20e+00 9.98e-03  -7.9 5.09e+00    -  3.47e-02 3.79e-02h  1
1622  1.2446673e+00 1.73e+00 7.98e-03  -7.9 4.49e-01    -  9.27e-03 2.15e-01h  1
1623  1.2445615e+00 1.33e+00 5.71e-03  -7.9 6.64e-01    -  3.23e-01 2.29e-01f  1
1624  1.2444814e+00 1.18e+00 4.46e-03  -7.9 1.05e+00    -  1.41e-01 1.14e-01h  1
1625  1.2445967e+00 9.84e-01 1.55e+00  -7.6 6.54e-01    -  1.05e-05 1.66e-01f  1
1626  1.2462418e+00 8.65e-01 1.37e+00  -7.9 1.01e+00    -  6.62e-02 1.15e-01h  1
1627  1.2452327e+00 5.89e-01 9.35e-01  -7.9 2.94e-01    -  1.79e-01 3.18e-01h  1
1628  1.2446738e+00 3.82e-01 6.08e-01  -7.9 2.84e-01    -  1.00e+00 3.50e-01f  1
1629  1.2445148e+00 3.09e-01 4.91e-01  -7.9 2.62e-01    -  1.00e+00 1.91e-01h  1
iter    objective    inf_pr   inf_du lg(mu)  ||d||  lg(rg) alpha_du alpha_pr  ls
1630  1.2442654e+00 1.05e-01 1.67e-01  -7.9 4.32e-01    -  1.00e+00 6.59e-01h  1
1631  1.2441635e+00 9.96e-02 1.59e-01 -11.0 1.21e+00    -  1.91e-01 5.34e-02h  1
1632  1.2440892e+00 1.21e-01 8.65e-02  -8.3 6.19e-01    -  4.04e-01 4.54e-01H  1
1633  1.2438735e+00 7.04e-02 5.04e-02  -8.1 1.83e-01    -  7.04e-01 4.19e-01h  1
1634  1.2437239e+00 4.73e-02 1.11e-02  -8.2 1.59e-01    -  9.22e-01 7.80e-01h  1
1635  1.2436204e+00 2.27e-01 2.86e-03  -8.2 2.33e-01    -  8.46e-01 7.42e-01h  1
1636  1.2435887e+00 4.89e-01 3.55e-03  -8.2 3.20e-01    -  6.69e-01 3.75e-01H  1
1637  1.2440585e+00 2.17e-01 2.64e-02  -7.8 5.88e-01    -  4.60e-02 5.54e-01h  1
1638  1.2437261e+00 9.77e-02 6.64e-03  -8.2 6.99e-01    -  5.93e-01 5.51e-01h  1
1639  1.2436792e+00 8.97e-02 1.81e-03  -8.2 1.38e+00    -  1.91e-01 8.16e-02h  1
iter    objective    inf_pr   inf_du lg(mu)  ||d||  lg(rg) alpha_du alpha_pr  ls
1640  1.2440178e+00 2.16e-02 2.06e-03  -7.8 5.99e-01    -  2.17e-01 7.55e-01f  1
1641  1.2440060e+00 2.11e-02 3.68e-03  -8.2 6.85e+00    -  2.22e-02 1.12e-02h  4
1642  1.2435875e+00 4.28e-03 7.50e-04  -8.2 7.18e-01    -  3.25e-01 8.26e-01h  1
1643  1.2436796e+00 6.80e-01 5.78e-03  -7.8 2.49e+00    -  1.09e-01 6.57e-02f  2
1644  1.2436088e+00 4.86e-01 4.50e-03  -8.2 4.44e-01    -  1.00e+00 2.85e-01h  1
1645  1.2443265e+00 4.13e-01 5.76e-02  -8.2 2.01e+00    -  3.39e-01 2.25e-01H  1
1646  1.2436260e+00 1.29e-01 1.30e-02  -8.2 8.98e-02    -  4.41e-01 6.88e-01h  1
1647  1.2435314e+00 8.16e-02 8.92e-03  -8.2 5.58e-02    -  4.73e-01 3.72e-01f  1
1648  1.2433908e+00 1.42e-01 3.57e-03  -8.3 1.44e-01    -  7.33e-01 9.64e-01f  1
1649  1.2438259e+00 1.67e+00 1.49e-02  -7.9 1.04e+00    -  1.23e-01 4.86e-01h  1
iter    objective    inf_pr   inf_du lg(mu)  ||d||  lg(rg) alpha_du alpha_pr  ls
1650  1.2436886e+00 1.17e+00 1.24e-02  -8.3 9.68e-01    -  5.81e-01 2.98e-01h  1
1651  1.2435733e+00 1.02e+00 3.58e-03  -8.3 2.38e+00    -  4.24e-01 1.31e-01h  1
1652  1.2434912e+00 1.51e+00 3.93e-03  -8.3 2.27e+00    -  1.84e-01 1.41e-01h  1
1653  1.2434731e+00 1.31e+00 1.48e-03  -8.3 3.92e-01    -  4.21e-01 1.31e-01h  1
1654  1.2434198e+00 8.71e-01 1.83e-02  -8.3 1.81e-01    -  2.00e-03 3.37e-01h  1
1655  1.2434512e+00 7.92e-01 1.67e-02  -8.3 3.91e-01    -  1.85e-01 9.06e-02h  1
1656  1.2434237e+00 6.57e-01 1.38e-02  -8.3 2.07e-01    -  3.73e-01 1.71e-01f  1
1657  1.2433875e+00 3.97e-01 8.35e-03  -8.3 3.13e-01    -  4.04e-01 3.95e-01f  2
1658  1.2440389e+00 2.37e+00 8.48e-03  -7.7 1.46e+00    -  1.16e-01 4.86e-01h  1
1659  1.2440554e+00 1.89e+00 2.47e-02  -8.2 2.41e+00    -  4.05e-01 2.09e-01h  1
iter    objective    inf_pr   inf_du lg(mu)  ||d||  lg(rg) alpha_du alpha_pr  ls
1660  1.2437785e+00 1.21e+00 1.02e-02  -8.2 4.57e-01    -  4.46e-02 3.61e-01h  1
1661  1.2436801e+00 1.15e+00 1.21e-02  -8.2 1.08e+00    -  4.60e-02 4.76e-02f  1
1662  1.2436062e+00 8.95e-01 9.02e-03  -8.2 1.43e-01    -  8.62e-02 2.25e-01f  1
1663  1.2435640e+00 7.61e-01 6.94e-03  -8.2 2.72e-01    -  5.53e-01 1.53e-01h  1
1664  1.2435192e+00 6.27e-01 8.34e+02  -8.2 2.48e-01    -  3.61e-08 1.79e-01h  1
1665  1.2434668e+00 6.72e-01 5.65e+02  -8.2 2.96e-01    -  1.12e-06 3.23e-01f  1
1666  1.2434458e+00 4.73e-01 3.97e+02  -8.2 1.08e-01    -  3.37e-01 2.96e-01f  1
1667  1.2434188e+00 2.37e-01 1.99e+02  -8.2 5.36e-02    -  1.77e-01 5.00e-01f  2
1668  1.2435187e+00 2.21e-01 1.71e-02  -8.2 6.32e-02    -  6.23e-01 1.00e+00H  1
1669  1.2434169e+00 9.30e-02 7.09e-03  -8.2 1.24e-01    -  4.21e-01 6.08e-01h  1
iter    objective    inf_pr   inf_du lg(mu)  ||d||  lg(rg) alpha_du alpha_pr  ls
1670  1.2433851e+00 6.86e-01 3.01e-03  -8.2 1.25e-01    -  3.92e-01 5.51e-01f  1
1671  1.2436644e+00 8.86e-01 4.47e-03  -7.9 1.78e-01    -  5.05e-02 1.00e+00h  1
1672  1.2435998e+00 6.61e-01 4.26e-03  -8.3 8.04e-01    -  2.80e-01 2.54e-01h  1
1673  1.2433633e+00 1.56e-01 4.74e-03  -8.3 2.52e-01    -  9.79e-01 7.69e-01h  1
1674  1.2444565e+00 1.89e+00 3.94e-02  -7.6 2.24e+00    -  6.15e-02 3.93e-01f  1
1675  1.2443649e+00 1.78e+00 3.31e-02  -8.3 7.50e-01    -  1.91e-01 5.92e-02h  1
1676  1.2440208e+00 1.39e+00 2.61e-02  -8.3 1.31e+00    -  2.96e-01 2.20e-01f  1
1677  1.2446215e+00 1.24e+00 2.72e-02  -8.3 1.64e+00    -  7.92e-02 1.09e-01h  1
1678  1.2438319e+00 7.19e-01 1.46e-02  -8.3 8.01e-01    -  2.40e-01 4.18e-01f  1
1679  1.2436799e+00 4.64e-01 9.22e-01  -8.3 3.30e-01    -  1.51e-05 3.59e-01f  1
iter    objective    inf_pr   inf_du lg(mu)  ||d||  lg(rg) alpha_du alpha_pr  ls
1680  1.2433829e+00 2.66e-01 5.29e-01  -8.3 4.82e-01    -  5.12e-01 4.26e-01h  1
1681  1.2433602e+00 1.76e-01 3.55e+03  -8.3 2.00e-01    -  1.77e-08 3.37e-01f  1
1682  1.2432757e+00 7.62e-04 6.22e+01  -8.3 7.14e-02    -  1.81e-07 1.00e+00f  1
1683  1.2432411e+00 2.19e-04 1.82e-02  -8.4 1.50e-01    -  1.00e+00 1.00e+00H  1
1684  1.2431886e+00 1.49e-04 1.09e-02  -8.4 1.76e-01    -  1.00e+00 2.82e-01h  1
1685  1.2431665e+00 7.06e-02 6.70e-03  -8.4 1.11e-01    -  1.90e-01 2.19e-01h  1
1686  1.2431163e+00 7.48e-02 4.91e-03  -8.5 8.13e-02    -  8.31e-01 1.00e+00h  1
1687  1.2433694e+00 1.14e+00 3.74e-03  -8.2 2.82e-01    -  5.81e-01 1.00e+00h  1
1688  1.2433153e+00 7.74e-01 1.50e-03  -8.4 4.39e-01    -  4.62e-01 3.23e-01h  1
1689  1.2432177e+00 4.20e-01 6.72e-04  -8.4 3.50e-01    -  3.60e-01 4.58e-01h  1
iter    objective    inf_pr   inf_du lg(mu)  ||d||  lg(rg) alpha_du alpha_pr  ls
1690  1.2432104e+00 3.33e-01 2.62e-03  -8.4 2.18e-01    -  2.13e-01 2.07e-01h  1
1691  1.2431520e+00 1.70e-02 4.72e-03  -8.4 7.55e-02    -  9.08e-01 1.00e+00f  1
1692  1.2431517e+00 1.68e-01 1.10e-03  -8.4 8.64e-02    -  6.87e-01 2.14e-01h  1
1693  1.2431044e+00 3.55e-02 5.04e-03  -8.5 8.05e-02    -  4.64e-01 1.00e+00h  1
1694  1.2430539e+00 1.08e-04 3.66e-03  -8.5 2.00e-01    -  1.00e+00 1.00e+00h  1
1695  1.2431323e+00 6.18e-01 1.72e-03  -8.3 4.12e-01    -  3.37e-01 2.62e-01h  2
1696  1.2430694e+00 2.01e-01 1.95e-03  -8.5 5.67e-02    -  8.92e-01 6.75e-01h  1
1697  1.2430539e+00 1.57e-04 1.67e-03  -8.5 4.45e-02    -  1.00e+00 1.00e+00f  1
1698  1.2430165e+00 3.80e-02 2.79e-03  -8.6 8.08e-02    -  1.00e+00 1.00e+00h  1
1699  1.2430760e+00 2.52e-01 1.16e-03  -8.3 3.52e-01    -  4.19e-01 2.91e-01H  1
iter    objective    inf_pr   inf_du lg(mu)  ||d||  lg(rg) alpha_du alpha_pr  ls
1700  1.2430279e+00 5.94e-02 1.78e-03  -8.6 6.12e-02    -  1.00e+00 7.65e-01h  1
1701  1.2430227e+00 4.07e-02 1.23e-03  -8.6 7.17e-02    -  8.31e-01 3.13e-01f  1
1702  1.2430217e+00 3.84e-02 1.71e-03  -8.6 3.22e-01    -  4.07e-01 5.61e-02f  4
1703  1.2430093e+00 2.35e-01 4.11e-03  -8.6 1.56e-01    -  5.23e-01 6.19e-01h  1
1704  1.2433192e+00 1.70e+00 1.15e+04  -8.2 2.23e-01    -  4.95e-09 8.27e-01f  1
1705  1.2432571e+00 1.44e+00 9.75e+03  -8.6 3.08e-01    -  4.64e-01 1.51e-01h  1
1706  1.2432409e+00 1.41e+00 9.51e+03  -8.6 5.50e-01    -  9.94e-02 2.39e-02h  1
1707  1.2431922e+00 1.20e+00 8.10e+03  -8.6 2.85e-01    -  2.47e-01 1.49e-01f  1
1708  1.2431689e+00 1.10e+00 7.43e+03  -8.6 1.37e+00    -  1.04e-01 8.22e-02h  1
1709  1.2431260e+00 8.41e-01 5.70e+03  -8.6 5.45e-01    -  1.01e-02 2.34e-01f  1
iter    objective    inf_pr   inf_du lg(mu)  ||d||  lg(rg) alpha_du alpha_pr  ls
1710  1.2431003e+00 7.99e-01 5.41e+03  -8.6 1.57e+00    -  2.40e-02 4.97e-02f  1
1711  1.2430677e+00 7.04e-01 4.77e+03  -8.6 7.88e-01    -  8.53e-02 1.19e-01h  1
1712  1.2430394e+00 5.68e-01 3.83e+03  -8.6 5.16e-01    -  1.91e-01 1.98e-01f  1
1713  1.2430134e+00 5.72e-01 2.86e+03  -8.6 5.57e-01    -  3.23e-01 2.54e-01h  1
1714  1.2430011e+00 5.36e-01 2.67e+03  -8.6 1.08e+00    -  6.12e-01 6.40e-02h  1
1715  1.2429917e+00 4.07e-01 2.03e+03  -8.6 8.97e-01    -  4.45e-01 2.40e-01h  1
1716  1.2430729e+00 1.40e-01 2.45e+02  -8.4 1.53e-01    -  5.18e-01 8.80e-01f  1
1717  1.2430517e+00 1.20e-01 2.09e+02  -8.6 4.71e-01    -  4.65e-01 1.46e-01h  1
1718  1.2430401e+00 3.73e-01 1.94e+02  -8.6 7.58e-01    -  5.20e-02 7.03e-02h  1
1719  1.2429955e+00 1.89e-01 9.83e+01  -8.6 3.24e-01    -  2.22e-01 4.94e-01f  1
iter    objective    inf_pr   inf_du lg(mu)  ||d||  lg(rg) alpha_du alpha_pr  ls
1720  1.2430532e+00 3.60e-01 8.76e+01  -8.2 6.75e-01    -  2.93e-01 1.09e-01f  1
1721  1.2430351e+00 2.49e-01 6.07e+01  -8.5 2.44e-01    -  5.57e-01 3.08e-01h  1
1722  1.2430070e+00 2.11e-01 5.13e+01  -8.5 1.08e+00    -  3.19e-01 1.54e-01f  1
1723  1.2430018e+00 7.17e-01 4.72e+01  -8.5 1.06e+00    -  1.98e-01 8.09e-02h  2
1724  1.2429966e+00 5.93e-01 3.90e+01  -8.5 1.60e-01    -  4.51e-01 1.73e-01h  1
1725  1.2429918e+00 3.34e-01 2.19e+01  -8.5 3.87e-01    -  6.94e-01 4.38e-01h  1
1726  1.2429877e+00 2.90e-01 7.28e+00  -8.5 1.19e-01    -  5.17e-01 6.68e-01f  1
1727  1.2429796e+00 1.19e-01 2.99e+00  -8.5 7.25e-02    -  7.21e-01 5.89e-01f  1
1728  1.2429796e+00 1.09e-01 2.75e+00  -8.5 1.10e-01    -  6.46e-01 8.07e-02f  4
1729  1.2429717e+00 8.64e-02 1.42e+00  -8.6 6.79e-02    -  1.00e+00 4.84e-01h  1
iter    objective    inf_pr   inf_du lg(mu)  ||d||  lg(rg) alpha_du alpha_pr  ls
1730  1.2432227e+00 3.53e-01 3.03e-01  -8.2 1.44e-01    -  7.70e-01 7.86e-01h  1
1731  1.2430962e+00 1.27e-01 1.09e-01  -8.4 3.61e-01    -  4.44e-01 6.39e-01h  1
1732  1.2430735e+00 1.16e-01 9.93e-02  -8.4 3.15e-01    -  2.23e-01 9.25e-02f  1
1733  1.2430571e+00 1.07e-01 5.93e-03  -8.4 1.91e-02    -  1.19e-01 1.00e+00f  1
1734  1.2430435e+00 9.10e-05 1.33e-03  -8.4 1.17e-01    -  7.44e-01 1.00e+00h  1
1735  1.2433274e+00 9.01e-04 2.71e-03  -8.1 2.09e-01    -  1.00e+00 7.28e-01h  1
1736  1.2432887e+00 3.42e-01 4.44e-03  -8.2 1.16e-01    -  5.84e-01 4.16e-01h  1
1737  1.2432511e+00 2.80e-01 4.09e-03  -8.2 1.62e-01    -  1.89e-01 1.84e-01h  1
1738  1.2432405e+00 2.14e-01 3.12e+00  -8.2 4.12e-01    -  7.69e-06 2.38e-01f  1
1739  1.2432401e+00 2.12e-01 3.09e+00  -8.2 1.16e+00    -  2.61e-04 9.39e-03f  1
iter    objective    inf_pr   inf_du lg(mu)  ||d||  lg(rg) alpha_du alpha_pr  ls
1740  1.2432311e+00 4.67e-01 3.65e+04  -8.2 2.30e-01    -  3.28e-09 5.80e-01f  1
1741  1.2432319e+00 3.61e-01 2.82e+04  -8.2 2.58e-01    -  4.40e-01 2.27e-01f  2
1742  1.2432349e+00 4.05e-01 3.48e+03  -8.2 2.52e-01    -  7.43e-01 8.77e-01h  1
1743  1.2432353e+00 3.60e-01 3.09e+03  -8.2 5.37e-01    -  2.87e-01 1.12e-01h  1
1744  1.2432347e+00 5.19e-01 2.20e+03  -8.2 8.04e-02    -  2.89e-01 2.87e-01h  1
1745  1.2432347e+00 2.75e-01 1.10e+03  -8.2 4.47e-02    -  4.37e-01 5.00e-01f  2
1746  1.2432356e+00 3.22e-01 9.51e+02  -8.2 1.70e-01    -  4.94e-01 1.37e-01h  1
1747  1.2432369e+00 2.57e-01 7.54e+02  -8.2 2.71e-01    -  2.54e-01 2.07e-01h  1
1748  1.2432400e+00 2.08e-01 3.77e+02  -8.2 3.26e-01    -  7.15e-01 5.00e-01f  2
1749  1.2433173e+00 1.49e-01 2.71e+02  -8.2 1.28e+00    -  4.34e-01 2.81e-01h  2
iter    objective    inf_pr   inf_du lg(mu)  ||d||  lg(rg) alpha_du alpha_pr  ls
1750  1.2432851e+00 8.86e-02 1.61e+02  -8.2 3.80e-01    -  1.00e+00 4.06e-01h  1
1751  1.2432466e+00 7.61e-02 1.39e+02  -8.2 1.29e+00    -  1.15e-03 1.39e-01f  1
1752  1.2432482e+00 3.81e-02 6.93e+01  -8.2 1.93e-01    -  2.65e-01 5.00e-01f  2
1753  1.2432680e+00 2.18e-02 5.72e-03  -8.2 2.82e-01    -  7.58e-01 1.00e+00H  1
1754  1.2432990e+00 1.03e-02 4.13e-03  -8.2 7.39e-01    -  6.93e-01 5.12e-01h  1
1755  1.2432835e+00 9.14e-03 4.08e-03  -8.2 4.27e-01    -  3.15e-01 1.33e-01f  2
1756  1.2432536e+00 4.41e-02 7.30e-03  -8.2 2.82e-01    -  4.67e-01 4.49e-01h  1
1757  1.2432530e+00 1.38e-01 4.31e-03  -8.2 3.30e-01    -  3.68e-01 2.78e-01f  1
1758  1.2432460e+00 7.86e-02 3.13e-03  -8.2 1.59e-01    -  4.42e-02 4.28e-01f  1
1759  1.2432452e+00 3.93e-02 2.43e-02  -8.2 1.29e-01    -  1.98e-03 5.00e-01f  2
iter    objective    inf_pr   inf_du lg(mu)  ||d||  lg(rg) alpha_du alpha_pr  ls
1760  1.2432483e+00 5.35e-02 7.96e-03  -8.2 3.52e-01    -  6.76e-01 6.72e-01H  1
1761  1.2432478e+00 5.01e-02 7.46e-03  -8.2 4.90e-01    -  4.44e-01 6.32e-02f  4
1762  1.2432447e+00 1.93e-02 2.24e-03  -8.2 6.30e-02    -  8.92e-01 1.00e+00h  1
1763  1.2432457e+00 2.35e-01 3.93e-03  -8.2 2.66e-01    -  5.14e-01 1.00e+00h  1
1764  1.2432457e+00 2.23e-01 3.82e-03  -8.2 3.04e+00    -  4.22e-01 4.88e-02h  2
1765  1.2432451e+00 2.17e-01 3.72e-03  -8.2 2.47e+00    -  1.00e+00 3.05e-02h  4
1766  1.2432429e+00 4.73e-01 1.30e-03  -8.2 2.92e+00    -  8.57e-01 1.60e-01h  2
1767  1.2432401e+00 4.38e-01 2.03e-03  -8.2 8.99e+00    -  4.85e-01 7.43e-02h  2
1768  1.2432399e+00 4.67e-01 4.40e-03  -8.2 8.29e+00    -  2.31e-01 5.71e-02h  2
1769  1.2432387e+00 8.21e-01 4.14e-03  -8.2 2.64e+00    -  6.79e-01 1.42e-01h  2
iter    objective    inf_pr   inf_du lg(mu)  ||d||  lg(rg) alpha_du alpha_pr  ls
1770  1.2432352e+00 6.45e-01 2.02e-03  -8.2 1.81e+00    -  6.13e-01 2.15e-01h  2
1771  1.2432276e+00 5.20e-01 1.80e-03  -8.2 2.65e+00    -  3.16e-01 1.94e-01h  2
1772  1.2432340e+00 5.06e-01 6.22e-03  -8.2 5.18e+00    -  1.43e-01 2.71e-02h  3
1773  1.2432248e+00 2.06e-01 1.65e-03  -8.2 9.49e-02    -  4.14e-01 5.93e-01h  1
1774  1.2432247e+00 2.05e-01 3.89e-02  -8.2 7.00e-02    -  1.16e-03 1.00e+00f  1
1775  1.2432202e+00 1.82e-01 9.66e-03  -8.2 1.26e-01    -  1.00e+00 7.52e-01h  1
1776  1.2432184e+00 1.18e-01 1.43e+03  -8.2 5.07e-01    -  4.03e-08 3.50e-01f  2
1777  1.2432174e+00 3.53e-01 1.21e+03  -8.2 1.63e+00    -  3.34e-01 1.51e-01h  2
1778  1.2432143e+00 2.40e-01 6.09e+02  -8.2 6.71e-01    -  1.00e+00 4.98e-01h  1
1779  1.2432121e+00 2.22e-01 5.64e+02  -8.2 3.39e+00    -  1.12e-01 7.33e-02h  2
iter    objective    inf_pr   inf_du lg(mu)  ||d||  lg(rg) alpha_du alpha_pr  ls
1780  1.2432119e+00 2.04e-01 5.19e+02  -8.2 1.06e+00    -  1.93e-01 8.03e-02h  3
1781  1.2432116e+00 2.02e-01 5.14e+02  -8.2 7.32e-01    -  1.00e+00 9.70e-03h  1
1782  1.2432110e+00 1.07e-01 2.71e+02  -8.2 4.18e-01    -  7.21e-01 4.73e-01f  2
1783  1.2432113e+00 1.03e-01 7.37e+01  -8.2 2.12e-01    -  1.00e+00 7.28e-01h  1
1784  1.2432087e+00 2.02e-01 5.04e+01  -8.2 1.81e-01    -  4.30e-01 3.15e-01f  1
1785  1.2432055e+00 1.54e-01 3.84e+01  -8.2 5.14e-01    -  3.67e-01 2.39e-01h  1
1786  1.2432047e+00 1.49e-01 3.71e+01  -8.2 4.22e+00    -  2.18e-01 3.21e-02h  4
1787  1.2432040e+00 1.40e-01 3.39e+01  -8.2 1.78e+00    -  5.70e-01 8.84e-02h  3
1788  1.2432033e+00 2.57e-01 2.31e+01  -8.2 6.16e-01    -  9.43e-01 3.17e-01h  2
1789  1.2432024e+00 2.10e-01 1.89e+01  -8.2 3.68e+00    -  3.84e-01 1.84e-01h  1
iter    objective    inf_pr   inf_du lg(mu)  ||d||  lg(rg) alpha_du alpha_pr  ls
1790  1.2432000e+00 2.06e-01 1.85e+01  -8.2 6.09e+00    -  4.72e-01 1.88e-02h  1
1791  1.2431978e+00 1.99e-01 1.78e+01  -8.2 7.33e+00    -  2.68e-01 3.67e-02f  3
1792  1.2431985e+00 1.75e-01 1.57e+01  -8.2 5.24e+00    -  4.29e-01 1.22e-01h  2
1793  1.2431951e+00 1.52e-01 1.36e+01  -8.2 5.49e+00    -  6.85e-01 1.31e-01h  1
1794  1.2431940e+00 1.47e-01 1.32e+01  -8.2 1.33e+01    -  1.40e-01 2.92e-02h  3
1795  1.2431871e+00 3.30e-01 1.05e+01  -8.2 1.12e+00    -  3.92e-01 2.04e-01h  1
1796  1.2431848e+00 3.93e-01 7.36e+00  -8.2 3.50e-01    -  3.75e-01 3.01e-01f  1
1797  1.2431802e+00 2.44e-04 1.87e-03  -8.2 1.31e-01    -  3.37e-01 1.00e+00f  1
1798  1.2431776e+00 1.21e-01 4.45e-03  -8.2 4.51e-02    -  9.03e-01 1.00e+00h  1
1799  1.2431752e+00 1.05e-01 3.79e-03  -8.2 1.81e-01    -  6.16e-01 1.00e+00h  1
iter    objective    inf_pr   inf_du lg(mu)  ||d||  lg(rg) alpha_du alpha_pr  ls
1800  1.2431751e+00 9.07e-02 3.35e-03  -8.2 2.53e-01    -  9.41e-01 1.39e-01h  3
1801  1.2431749e+00 3.39e-03 4.29e-03  -8.2 4.46e-02    -  1.00e+00 1.00e+00h  1
1802  1.2431744e+00 2.85e-05 1.45e-03  -8.2 1.05e-01    -  1.00e+00 1.00e+00h  1
1803  1.2430857e+00 3.29e-01 2.08e-03  -8.4 5.71e-02    -  1.00e+00 1.00e+00h  1
1804  1.2430516e+00 2.53e-01 2.02e-03  -8.5 2.24e-01    -  5.17e-01 2.30e-01h  1
1805  1.2429923e+00 2.21e-01 2.72e-01  -8.5 7.10e-01    -  3.18e-04 6.40e-01f  1
1806  1.2429665e+00 6.42e-01 1.63e-01  -8.5 8.96e-01    -  6.22e-01 4.01e-01f  1
1807  1.2431990e+00 1.22e-01 3.12e-02  -8.1 2.14e-01    -  2.74e-01 8.10e-01f  1
1808  1.2431808e+00 3.38e-01 2.77e-02  -8.5 2.45e+00    -  2.88e-01 1.10e-01h  1
1809  1.2430937e+00 4.70e-01 1.98e-02  -8.5 1.87e-01    -  5.01e-01 2.86e-01h  1
iter    objective    inf_pr   inf_du lg(mu)  ||d||  lg(rg) alpha_du alpha_pr  ls
1810  1.2430310e+00 3.79e-01 1.28e-02  -8.5 7.51e-02    -  2.39e-01 3.57e-01f  1
1811  1.2430139e+00 3.47e-01 3.41e+02  -8.5 2.45e-01    -  1.46e-08 1.85e-01f  1
1812  1.2429880e+00 4.81e-01 2.27e+02  -8.5 6.44e-01    -  1.80e-01 3.35e-01f  1
1813  1.2429728e+00 3.20e-01 1.51e+02  -8.5 1.83e-01    -  4.18e-01 3.35e-01f  2
1814  1.2429714e+00 3.09e-01 1.46e+02  -8.5 2.01e-01    -  1.00e+00 3.35e-02h  1
1815  1.2429520e+00 2.39e-01 7.88e+01  -8.5 4.92e-01    -  4.87e-01 4.60e-01f  1
1816  1.2429452e+00 1.65e-01 5.46e+01  -8.5 7.42e-01    -  4.38e-01 3.07e-01h  1
1817  1.2429415e+00 1.54e-01 5.10e+01  -8.5 2.63e-01    -  3.37e-01 6.60e-02h  1
1818  1.2428955e+00 4.46e-02 1.48e+01  -8.6 3.15e-01    -  4.52e-01 7.10e-01h  1
1819  1.2428705e+00 2.91e-02 9.62e+00  -8.6 4.51e-01    -  5.42e-01 3.49e-01h  1
iter    objective    inf_pr   inf_du lg(mu)  ||d||  lg(rg) alpha_du alpha_pr  ls
1820  1.2428482e+00 1.55e-01 8.36e+00  -9.0 1.41e+00    -  2.27e-01 1.32e-01h  1
1821  1.2428930e+00 1.47e-01 5.36e+00  -8.4 8.09e-02    -  4.95e-01 3.58e-01H  1
1822  1.2428750e+00 1.84e-01 3.25e+00  -8.6 3.53e-01    -  2.70e-01 3.94e-01h  1
1823  1.2428626e+00 1.30e-01 2.30e+00  -8.6 2.01e-01    -  1.18e-01 2.93e-01f  1
1824  1.2428603e+00 1.22e-01 2.16e+00  -8.6 2.68e-01    -  9.53e-01 5.84e-02f  1
1825  1.2428193e+00 3.26e-01 1.85e+00 -10.0 2.74e+00    -  3.89e-01 1.44e-01h  1
1826  1.2428000e+00 2.92e-01 1.66e+00  -9.1 3.46e+00    -  2.44e-01 1.04e-01h  1
1827  1.2428008e+00 2.41e-01 1.37e+00  -8.6 1.15e+00    -  4.78e-01 1.76e-01h  1
1828  1.2427875e+00 2.07e-01 1.17e+00  -8.7 1.94e+00    -  3.09e-01 1.42e-01h  1
1829  1.2428302e+00 1.94e-01 1.10e+00  -8.5 3.31e+00    -  1.15e-01 6.35e-02h  1
iter    objective    inf_pr   inf_du lg(mu)  ||d||  lg(rg) alpha_du alpha_pr  ls
1830  1.2428271e+00 1.88e-01 1.07e+00  -8.7 2.49e-01    -  3.47e-01 2.84e-02h  1
1831  1.2427823e+00 1.02e-01 5.79e-01  -8.7 5.58e-01    -  6.90e-01 4.58e-01h  1
1832  1.2428376e+00 8.87e-02 4.99e-01  -8.3 5.20e-01    -  1.13e-01 1.38e-01h  1
1833  1.2428372e+00 3.24e-02 1.81e-01  -8.4 1.58e-01    -  2.28e-01 6.37e-01h  1
1834  1.2428351e+00 3.03e-02 1.69e-01  -8.6 1.99e-01    -  3.55e-01 6.50e-02h  1
1835  1.2428309e+00 2.08e-02 1.16e-01  -8.6 9.67e-02    -  5.80e-01 3.17e-01h  2
1836  1.2428149e+00 4.96e-03 2.73e-02  -8.6 9.72e-02    -  1.00e+00 7.63e-01h  1
1837  1.2428125e+00 3.82e-03 2.11e-02  -8.6 3.23e-01    -  1.00e+00 2.29e-01h  1
1838  1.2428117e+00 8.12e-02 1.88e-02  -8.6 8.68e-01    -  3.08e-01 1.07e-01h  3
1839  1.2427971e+00 6.23e-02 1.44e-02  -8.7 1.21e+00    -  6.38e-01 2.34e-01h  1
iter    objective    inf_pr   inf_du lg(mu)  ||d||  lg(rg) alpha_du alpha_pr  ls
1840  1.2429763e+00 5.94e-01 4.02e-03  -8.3 1.29e+00    -  8.41e-01 7.23e-01h  1
1841  1.2429407e+00 3.36e-01 3.82e-03  -8.4 5.27e-01    -  7.02e-01 4.35e-01h  1
1842  1.2428929e+00 1.68e-01 3.09e-01  -8.4 2.75e-01    -  4.42e-04 5.01e-01h  1
1843  1.2428882e+00 1.55e-01 2.86e-01  -8.4 9.98e-01    -  1.42e-01 7.40e-02f  1
1844  1.2428824e+00 1.26e-01 2.32e-01  -8.4 6.38e-01    -  3.02e-01 1.90e-01f  2
1845  1.2428764e+00 1.95e-01 1.31e-01  -8.4 1.68e-01    -  5.42e-01 4.36e-01h  1
1846  1.2428783e+00 1.98e-01 1.02e-01  -8.4 9.41e-02    -  5.70e-01 2.23e-01f  3
1847  1.2428771e+00 1.40e-01 7.21e-02  -8.4 1.19e-01    -  2.79e-01 2.91e-01h  1
1848  1.2428783e+00 2.71e-01 2.93e-02  -8.4 1.28e-01    -  2.45e-02 5.94e-01f  1
1849  1.2428792e+00 2.03e-01 2.20e-02  -8.4 2.45e-01    -  4.23e-01 2.50e-01f  3
iter    objective    inf_pr   inf_du lg(mu)  ||d||  lg(rg) alpha_du alpha_pr  ls
1850  1.2428811e+00 1.11e-01 2.37e-03  -8.4 2.37e-01    -  6.55e-01 9.36e-01h  1
1851  1.2428807e+00 9.30e-02 2.45e-03  -8.4 6.19e-02    -  1.00e+00 2.95e-01f  2
1852  1.2428791e+00 5.04e-02 5.58e-03  -8.4 6.20e-02    -  5.27e-01 1.00e+00h  1
1853  1.2428794e+00 2.58e-02 4.26e-03  -8.4 1.59e-01    -  1.00e+00 4.89e-01h  1
1854  1.2428791e+00 3.35e-01 1.39e-03  -8.4 1.62e-01    -  8.92e-01 4.56e-01f  1
1855  1.2428805e+00 1.81e-01 2.14e-03  -8.4 2.45e-01    -  5.55e-01 4.60e-01h  1
1856  1.2428801e+00 1.34e-01 3.66e-03  -8.4 6.73e-01    -  5.06e-01 2.57e-01h  1
1857  1.2428805e+00 9.48e-02 3.99e-03  -8.4 6.02e-01    -  6.55e-02 2.95e-01f  1
1858  1.2428805e+00 2.96e-01 3.69e-03  -8.4 1.79e-01    -  2.76e-01 8.26e-01f  1
1859  1.2428790e+00 2.13e-01 4.31e+00  -8.4 9.03e-02    -  4.95e-06 2.81e-01f  2
iter    objective    inf_pr   inf_du lg(mu)  ||d||  lg(rg) alpha_du alpha_pr  ls
1860  1.2428792e+00 2.02e-01 4.10e+00  -8.4 1.91e+00    -  7.50e-02 5.02e-02h  2
1861  1.2428736e+00 3.29e-01 1.29e+00  -8.4 3.65e-02    -  2.52e-01 6.84e-01h  1
1862  1.2428712e+00 2.56e-01 1.01e+00  -8.4 6.56e-01    -  3.84e-01 2.20e-01f  1
1863  1.2428697e+00 2.66e-01 9.39e-01  -8.4 3.37e+00    -  2.24e-01 6.96e-02h  2
1864  1.2428677e+00 4.99e-01 7.49e-01  -8.4 1.11e+00    -  4.63e-01 2.02e-01h  1
1865  1.2428655e+00 4.60e-01 6.90e-01  -8.4 1.32e+00    -  3.45e-01 7.80e-02h  1
1866  1.2428285e+00 4.58e-01 6.88e-01  -8.4 7.02e+00    -  2.09e-03 3.93e-03h  1
1867  1.2427499e+00 4.56e-01 6.85e-01  -8.4 1.67e+01    -  7.81e-03 4.26e-03h  1
1868  1.2428829e+00 4.45e-01 6.68e-01  -6.7 7.08e+00    -  3.28e-02 2.40e-02f  1
1869  1.2428022e+00 4.40e-01 6.60e-01  -8.1 1.97e+01    -  5.08e-04 1.20e-02h  1
iter    objective    inf_pr   inf_du lg(mu)  ||d||  lg(rg) alpha_du alpha_pr  ls
1870  1.2427277e+00 4.33e-01 6.50e-01  -8.1 1.28e+01    -  2.10e-02 1.49e-02f  1
1871  1.2426391e+00 4.29e-01 6.45e-01  -8.4 2.67e+01    -  2.74e-02 8.90e-03h  1
1872  1.2429632e+00 4.26e-01 6.40e-01  -6.1 1.82e+01    -  1.41e-02 6.50e-03h  1
1873  1.2424987e+00 4.15e-01 6.23e-01  -7.8 4.90e+01    -  1.05e-02 2.74e-02h  1
1874  1.2424737e+00 4.13e-01 6.20e-01 -11.0 1.26e+01    -  4.07e-02 4.71e-03h  1
1875  1.2423683e+00 4.08e-01 6.12e-01  -7.7 3.22e+01    -  1.05e-02 1.25e-02h  1
1876  1.2426260e+00 3.84e-01 5.77e-01  -6.8 1.84e+01    -  8.68e-02 5.79e-02h  1
1877  1.2423664e+00 3.79e-01 5.69e-01  -7.6 7.14e+01    -  1.14e-02 1.29e-02h  1
1878  1.2420805e+00 4.27e-01 5.17e-01  -7.6 2.04e+01    -  6.68e-02 9.22e-02f  1
1879  1.2420730e+00 4.27e-01 5.16e-01 -11.0 2.03e+01    -  1.62e-02 1.12e-03h  1
iter    objective    inf_pr   inf_du lg(mu)  ||d||  lg(rg) alpha_du alpha_pr  ls
1880  1.2420576e+00 4.25e-01 5.14e-01  -8.0 1.29e+01    -  2.90e-02 3.52e-03h  1
1881  1.2420586e+00 4.16e-01 5.03e-01  -7.3 9.41e+00    -  1.37e-01 2.26e-02h  1
1882  1.2420307e+00 7.07e-01 4.83e-01  -7.1 3.51e+01    -  3.80e-02 3.89e-02h  1
1883  1.2418871e+00 6.80e-01 4.65e-01  -8.5 1.70e+01    -  6.63e-02 3.84e-02h  1
1884  1.2419836e+00 9.93e-01 4.37e-01  -7.1 1.60e+01    -  4.10e-02 5.92e-02h  1
1885  1.2419188e+00 9.60e-01 4.23e-01  -7.6 3.27e+01    -  6.69e-02 3.31e-02h  1
1886  1.2418819e+00 9.44e-01 4.16e-01  -7.6 1.37e+01    -  3.14e-02 1.73e-02h  1
1887  1.2418412e+00 8.13e-01 3.58e-01  -7.8 9.41e+00    -  1.31e-01 1.39e-01h  1
1888  1.2418858e+00 7.86e-01 3.46e-01  -7.3 1.42e+01    -  1.01e-01 3.33e-02h  1
1889  1.2418509e+00 1.74e+00 3.38e-01  -7.6 2.11e+01    -  6.55e-02 2.22e-02h  1
iter    objective    inf_pr   inf_du lg(mu)  ||d||  lg(rg) alpha_du alpha_pr  ls
1890  1.2418651e+00 1.45e+00 2.82e-01  -7.6 3.36e+00    -  2.24e-01 1.66e-01f  1
1891  1.2418468e+00 1.38e+00 2.68e-01  -7.6 2.08e+01    -  5.26e-02 5.05e-02h  2
1892  1.2418802e+00 1.27e+00 2.47e-01  -7.6 1.33e+01    -  1.25e-01 7.91e-02h  1
1893  1.2418620e+00 1.14e+00 2.22e-01  -7.6 7.58e+00    -  1.24e-01 9.96e-02h  1
1894  1.2418321e+00 1.11e+00 2.16e-01  -7.6 1.87e+01    -  1.20e-01 2.57e-02h  1
1895  1.2417150e+00 1.07e+00 2.05e-01  -8.0 1.34e+01    -  1.94e-01 5.40e-02h  1
1896  1.2415975e+00 2.12e+00 1.91e-01  -8.0 1.29e+01    -  1.53e-01 6.83e-02h  1
1897  1.2415748e+00 2.06e+00 1.85e-01  -7.6 1.78e+01    -  1.98e-01 2.98e-02h  1
1898  1.2414591e+00 1.92e+00 1.73e-01 -11.0 3.43e+01    -  2.45e-02 6.44e-02h  1
1899  1.2414601e+00 1.92e+00 1.73e-01  -7.4 1.82e+01    -  1.91e-01 3.37e-03h  1
iter    objective    inf_pr   inf_du lg(mu)  ||d||  lg(rg) alpha_du alpha_pr  ls
1900  1.2414166e+00 1.72e+00 1.55e-01  -7.9 2.55e+01    -  5.50e-02 1.02e-01h  1
1901  1.2415481e+00 1.54e+00 1.38e-01  -7.7 2.38e+01    -  1.40e-01 1.07e-01H  1
1902  1.2415192e+00 1.48e+00 1.33e-01  -7.6 1.63e+01    -  1.25e-01 3.90e-02h  1
1903  1.2414737e+00 1.46e+00 1.32e-01  -9.5 2.82e+01    -  4.96e-02 1.04e-02h  1
1904  1.2413771e+00 1.63e+00 1.19e-01  -7.8 1.31e+01    -  1.50e-01 9.19e-02h  1
1905  1.2413557e+00 1.62e+00 1.19e-01  -8.2 1.89e+01    -  1.08e-01 7.39e-03h  1
1906  1.2415060e+00 1.35e+00 9.77e-02  -7.3 6.18e+00    -  1.23e-01 1.76e-01h  1
1907  1.2414992e+00 1.33e+00 9.67e-02  -7.6 5.33e+00    -  2.26e-01 1.04e-02h  1
1908  1.2413656e+00 9.15e-01 6.63e-02  -7.7 5.16e+00    -  1.76e-01 3.14e-01h  1
1909  1.2411744e+00 6.95e-01 5.04e-02  -7.9 7.62e+00    -  2.12e-01 2.40e-01h  1
iter    objective    inf_pr   inf_du lg(mu)  ||d||  lg(rg) alpha_du alpha_pr  ls
1910  1.2411063e+00 7.26e-01 4.69e-02  -7.9 7.31e+00    -  2.43e-01 6.86e-02h  1
1911  1.2410828e+00 1.14e+00 4.20e-02  -7.7 7.54e+00    -  3.58e-01 1.06e-01h  2
1912  1.2411999e+00 9.60e-01 3.54e-02  -7.5 6.30e+00    -  7.81e-02 1.59e-01h  1
1913  1.2411923e+00 9.52e-01 3.50e-02  -7.8 1.42e+01    -  1.31e-01 8.37e-03h  1
1914  1.2411622e+00 9.20e-01 3.39e-02  -7.8 4.40e+00    -  1.86e-01 3.34e-02h  1
1915  1.2410633e+00 7.76e-01 2.86e-02  -7.8 3.20e+00    -  4.20e-01 1.57e-01h  1
1916  1.2415617e+00 6.60e-01 2.41e-02  -7.2 2.46e+00    -  2.81e-02 1.54e-01f  1
1917  1.2415133e+00 6.43e-01 2.35e-02  -8.1 3.64e+00    -  2.48e-01 2.60e-02h  1
1918  1.2421871e+00 9.15e-01 1.91e-02  -7.2 7.77e+00    -  1.69e-01 1.85e-01h  1
1919  1.2421479e+00 8.98e-01 1.88e-02  -7.7 1.32e+01    -  5.55e-02 1.92e-02h  1
iter    objective    inf_pr   inf_du lg(mu)  ||d||  lg(rg) alpha_du alpha_pr  ls
1920  1.2419745e+00 1.15e+00 2.35e-02  -7.7 4.95e+00    -  3.75e-01 1.25e-01h  2
1921  1.2419118e+00 1.09e+00 1.94e-02  -7.7 5.54e+00    -  2.96e-01 4.83e-02h  1
1922  1.2417445e+00 9.73e-01 1.55e-02  -7.7 3.03e+00    -  2.13e-01 1.10e-01h  1
1923  1.2414771e+00 6.67e-01 9.54e-03  -7.7 2.37e+00    -  5.40e-01 3.15e-01h  1
1924  1.2414001e+00 1.24e+00 8.01e-03  -7.7 1.51e+00    -  2.34e-01 1.60e-01h  1
1925  1.2413889e+00 1.20e+00 7.81e-03  -7.8 2.15e+00    -  3.63e-01 2.47e-02h  1
1926  1.2413294e+00 1.18e+00 9.46e-03  -7.8 4.82e+00    -  1.83e-01 1.26e-01h  1
1927  1.2412590e+00 1.01e+00 9.44e-03  -7.8 1.85e+00    -  6.86e-01 1.43e-01h  1
1928  1.2411285e+00 1.53e+00 7.54e-03  -7.8 4.97e+00    -  3.25e-01 1.69e-01h  1
1929  1.2410806e+00 1.37e+00 6.62e-03  -7.8 2.21e+00    -  1.95e-01 1.01e-01h  1
iter    objective    inf_pr   inf_du lg(mu)  ||d||  lg(rg) alpha_du alpha_pr  ls
1930  1.2411091e+00 9.99e-01 1.99e-02  -7.8 2.17e+00    -  2.43e-01 2.73e-01h  1
1931  1.2411682e+00 6.78e-01 1.21e-02  -7.5 1.38e+00    -  7.94e-02 3.21e-01f  1
1932  1.2412129e+00 6.33e-01 1.29e-02  -7.5 3.92e+00    -  9.05e-02 6.74e-02h  3
1933  1.2413209e+00 4.58e-01 7.48e-03  -7.5 1.37e+00    -  1.46e-01 2.76e-01h  1
1934  1.2416941e+00 6.41e-01 4.45e-03  -7.3 4.34e+00    -  2.41e-01 1.75e-01h  1
1935  1.2416056e+00 5.38e-01 4.36e-03  -7.6 2.18e+00    -  1.10e-01 1.61e-01h  1
1936  1.2415092e+00 4.98e-01 4.16e-03  -7.6 4.14e+00    -  4.08e-01 7.52e-02h  1
1937  1.2413655e+00 1.43e+00 2.95e-03  -7.6 2.82e+00    -  2.42e-01 2.33e-01f  1
1938  1.2414127e+00 9.78e-01 7.32e-03  -7.6 1.88e+00    -  1.67e-01 3.17e-01h  1
1939  1.2413260e+00 7.00e-01 5.09e-03  -7.6 2.42e-01    -  2.23e-01 2.84e-01h  1
iter    objective    inf_pr   inf_du lg(mu)  ||d||  lg(rg) alpha_du alpha_pr  ls
1940  1.2412713e+00 5.21e-01 6.37e-03  -7.6 5.25e-01    -  5.52e-01 2.57e-01h  1
1941  1.2413312e+00 4.69e-01 7.93e-03  -7.4 1.61e+00    -  4.98e-02 9.84e-02h  2
1942  1.2412702e+00 2.13e-01 5.80e-03  -7.6 3.03e-01    -  1.00e+00 6.26e-01h  1
1943  1.2412547e+00 2.48e-01 2.77e-03  -7.6 2.90e-01    -  1.00e+00 3.97e-01H  1
1944  1.2412598e+00 2.78e-02 3.77e-03  -7.6 6.21e-02    -  1.00e+00 8.88e-01h  1
1945  1.2412597e+00 1.22e-02 1.88e-03  -7.6 3.83e-02    -  1.00e+00 5.61e-01h  1
1946  1.2411915e+00 2.67e-02 4.19e-03  -7.7 1.07e-01    -  1.00e+00 1.00e+00h  1
1947  1.2411379e+00 1.64e-01 5.27e-03  -7.7 8.72e-01    -  3.77e-01 3.05e-01h  2
1948  1.2410886e+00 2.95e-02 1.08e-02  -7.7 8.00e-01    -  1.00e+00 8.17e-01h  1
1949  1.2410135e+00 1.14e-02 7.22e-03  -7.7 7.24e-01    -  6.89e-01 6.30e-01h  1
iter    objective    inf_pr   inf_du lg(mu)  ||d||  lg(rg) alpha_du alpha_pr  ls
1950  1.2409711e+00 4.57e-01 3.83e-03  -7.8 5.46e-01    -  7.57e-01 3.18e-01h  1
1951  1.2408297e+00 2.53e-02 2.60e-03  -7.8 3.61e-01    -  7.24e-01 1.00e+00h  1
1952  1.2408265e+00 4.06e-01 5.50e-03  -7.8 2.45e-01    -  2.27e-01 1.14e-01h  2
1953  1.2407951e+00 3.62e-04 3.15e-03  -7.8 3.13e-01    -  3.92e-01 1.00e+00h  1
1954  1.2407808e+00 2.28e-02 5.07e-03  -7.8 1.26e+00    -  5.60e-01 1.88e-01h  1
1955  1.2407727e+00 6.78e-03 4.50e-03  -7.8 8.44e-01    -  8.77e-01 7.14e-01H  1
1956  1.2406821e+00 5.25e-02 4.47e-03  -7.8 4.76e-01    -  9.97e-01 5.93e-01h  1
1957  1.2408639e+00 1.31e-01 3.71e-03  -7.5 2.32e+00    -  2.26e-01 2.33e-01h  1
1958  1.2408222e+00 1.75e-01 2.52e-03  -7.8 1.26e+00    -  2.95e-01 1.54e-01h  1
1959  1.2407402e+00 1.17e-01 2.17e-03  -7.8 8.85e-01    -  1.00e+00 3.34e-01h  1
iter    objective    inf_pr   inf_du lg(mu)  ||d||  lg(rg) alpha_du alpha_pr  ls
1960  1.2407386e+00 1.14e-01 6.54e-03  -7.8 7.12e+00    -  4.67e-02 2.61e-02h  3
1961  1.2406351e+00 4.19e-01 3.95e-03  -7.8 1.21e+00    -  4.19e-01 5.57e-01h  1
1962  1.2411523e+00 2.53e+00 5.01e-03  -7.5 2.49e+00    -  1.04e-01 3.44e-01f  1
1963  1.2409039e+00 1.71e+00 7.42e-03  -7.9 2.53e+00    -  6.05e-01 3.23e-01h  1
1964  1.2408509e+00 1.61e+00 1.15e-02  -7.9 2.29e+00    -  7.32e-02 5.85e-02h  1
1965  1.2408202e+00 1.53e+00 9.86e-03  -7.9 1.60e+00    -  1.00e+00 5.04e-02h  1
1966  1.2407876e+00 9.82e-01 2.81e-03  -7.9 1.23e+00    -  2.62e-01 3.62e-01h  1
1967  1.2406244e+00 8.52e-01 3.32e-03  -7.9 1.39e+00    -  5.47e-01 3.81e-01h  1
1968  1.2405957e+00 1.05e+00 4.81e-03  -7.9 3.06e+00    -  2.18e-01 6.29e-02h  2
1969  1.2405246e+00 7.52e-01 3.82e-03  -7.9 9.86e-01    -  2.18e-01 2.81e-01h  1
iter    objective    inf_pr   inf_du lg(mu)  ||d||  lg(rg) alpha_du alpha_pr  ls
1970  1.2404615e+00 5.88e-01 3.55e-03  -7.9 2.51e+00    -  2.13e-01 2.19e-01h  1
1971  1.2404052e+00 2.27e-01 5.40e-03  -7.9 5.23e-01    -  6.78e-01 6.15e-01h  1
1972  1.2406623e+00 1.30e-01 1.55e-02  -7.6 1.81e+00    -  2.02e-01 4.28e-01h  1
1973  1.2407165e+00 1.20e-01 9.61e-03  -7.6 3.99e+00    -  2.21e-01 7.31e-02h  1
1974  1.2405378e+00 1.56e-01 7.05e-03  -7.8 1.07e+00    -  5.61e-01 6.32e-01h  1
1975  1.2405331e+00 1.29e-01 6.10e-03  -7.8 1.27e+00    -  2.66e-01 1.75e-01h  2
1976  1.2405060e+00 8.21e-02 2.63e-03  -7.8 1.35e-01    -  1.00e+00 8.05e-01h  1
1977  1.2404732e+00 3.64e-01 3.04e-03  -7.8 3.36e-02    -  1.00e+00 1.00e+00h  1
1978  1.2403682e+00 1.60e-01 7.41e-03  -7.9 4.09e-01    -  6.84e-01 1.00e+00h  1
1979  1.2406523e+00 3.83e-01 9.04e-03  -7.6 1.70e+00    -  8.44e-02 3.11e-01h  1
iter    objective    inf_pr   inf_du lg(mu)  ||d||  lg(rg) alpha_du alpha_pr  ls
1980  1.2405357e+00 2.73e-01 5.82e-03  -7.9 1.57e+00    -  4.47e-01 2.87e-01h  1
1981  1.2404852e+00 2.53e-01 5.74e-03  -7.9 1.90e+00    -  2.23e-01 7.42e-02f  1
1982  1.2404168e+00 2.05e-01 3.23e-03  -7.9 7.60e-01    -  2.79e-01 1.99e-01h  1
1983  1.2403428e+00 1.58e-01 2.24e-03  -7.9 5.62e-01    -  3.04e-01 3.58e-01f  1
1984  1.2403355e+00 1.50e-01 5.34e-03  -7.9 2.09e+00    -  3.16e-01 4.85e-02h  3
1985  1.2405312e+00 1.96e-01 3.39e-03  -7.7 1.30e+00    -  3.72e-03 3.67e-01h  1
1986  1.2405155e+00 6.68e-01 1.82e-03  -8.0 3.40e+01    -  5.67e-02 1.72e-02h  3
1987  1.2404009e+00 5.06e-01 1.98e-03  -8.0 2.65e+00    -  5.18e-01 2.43e-01h  1
1988  1.2403553e+00 4.33e-01 7.94e-03  -8.0 1.39e+01    -  2.74e-01 1.44e-01h  1
1989  1.2402843e+00 3.41e-01 9.21e-03  -8.0 8.30e+00    -  4.82e-01 2.11e-01h  1
iter    objective    inf_pr   inf_du lg(mu)  ||d||  lg(rg) alpha_du alpha_pr  ls
1990  1.2407322e+00 2.70e-01 9.91e-03  -7.4 7.31e+00    -  7.50e-02 2.04e-01f  1
1991  1.2407200e+00 2.70e-01 4.72e-03  -8.0 9.68e+01    -  6.41e-02 2.88e-03h  1
1992  1.2406142e+00 2.33e-01 4.74e-03  -8.0 3.42e+00    -  9.56e-02 1.38e-01f  1
1993  1.2406096e+00 2.32e-01 4.56e-03  -8.0 2.10e+01    -  2.95e-01 2.82e-03h  1
1994  1.2403626e+00 1.31e-01 4.39e-03  -8.0 5.13e+00    -  1.69e-01 4.41e-01f  1
1995  1.2403126e+00 1.11e-01 6.20e-03  -8.0 1.74e+01    -  2.88e-01 1.48e-01h  1
1996  1.2404406e+00 1.01e-01 9.85e-03  -7.6 2.69e+00    -  1.04e-01 9.49e-02f  2
1997  1.2404146e+00 9.60e-02 9.40e-03  -8.0 2.84e+00    -  4.14e-01 5.06e-02h  1
1998  1.2403308e+00 6.01e-01 5.21e-03  -8.0 3.03e+00    -  2.02e-01 1.50e-01f  1
1999  1.2403172e+00 4.57e-01 1.62e-02  -8.0 7.75e-01    -  7.67e-02 2.38e-01h  1
iter    objective    inf_pr   inf_du lg(mu)  ||d||  lg(rg) alpha_du alpha_pr  ls
2000  1.2402418e+00 3.82e-01 9.80e-03  -8.0 2.73e+00    -  1.18e-01 1.65e-01h  1
2001  1.2402905e+00 2.65e-01 5.72e-03  -7.7 1.19e+00    -  1.58e-01 3.01e-01f  2
2002  1.2402190e+00 2.00e-01 3.73e-03  -8.0 1.15e+00    -  7.82e-01 2.46e-01h  1
2003  1.2403756e+00 7.99e-01 5.65e-03  -7.7 4.48e+00    -  6.46e-02 3.69e-01f  1
2004  1.2403709e+00 7.95e-01 5.66e-03  -8.0 1.04e+01    -  1.68e-01 5.11e-03h  1
2005  1.2401135e+00 2.69e-01 8.55e-03  -8.0 3.43e+00    -  5.43e-01 6.63e-01f  1
2006  1.2409902e+00 1.21e+00 2.15e-02  -7.4 2.83e+01    -  5.70e-02 2.13e-01f  1
2007  1.2409421e+00 1.14e+00 1.25e-02  -8.0 9.68e+00    -  8.83e-02 5.81e-02h  1
2008  1.2406728e+00 9.22e-01 8.36e-03  -8.0 9.95e+00    -  6.71e-03 1.93e-01h  1
2009  1.2405577e+00 9.10e-01 9.24e-03  -8.0 1.92e+01    -  1.06e-02 1.32e-02h  2
iter    objective    inf_pr   inf_du lg(mu)  ||d||  lg(rg) alpha_du alpha_pr  ls
2010  1.2403720e+00 7.19e-01 6.02e-03  -8.0 7.19e+00    -  2.06e-01 2.11e-01h  1
2011  1.2406214e+00 6.72e-01 5.03e-03  -8.0 2.19e+01    -  4.99e-02 6.81e-02h  2
2012  1.2401186e+00 3.79e-01 2.36e-03  -8.0 3.51e+00    -  6.27e-01 5.67e-01h  1
2013  1.2401134e+00 3.76e-01 2.33e-03  -8.0 1.12e+00    -  1.04e-01 8.05e-03h  1
2014  1.2401019e+00 3.59e-01 5.79e-03  -8.0 1.02e+00    -  1.00e+00 4.42e-02f  1
2015  1.2403873e+00 2.75e-01 1.66e-02  -7.8 4.06e+00    -  2.20e-01 6.11e-01f  1
2016  1.2404913e+00 3.25e-01 1.89e-02  -8.0 2.77e+00    -  1.13e-01 3.18e-01H  1
2017  1.2400748e+00 1.57e-01 4.62e-03  -8.0 4.24e+00    -  4.46e-01 5.17e-01h  1
2018  1.2404749e+00 5.60e-01 1.72e-02  -7.4 3.45e+01    -  1.21e-02 5.50e-02f  1
2019  1.2400397e+00 3.23e-01 5.63e-03  -8.1 4.13e+00    -  1.00e+00 5.19e-01h  1
iter    objective    inf_pr   inf_du lg(mu)  ||d||  lg(rg) alpha_du alpha_pr  ls
2020  1.2400689e+00 4.23e-01 6.14e-03  -7.7 5.69e+00    -  1.13e-02 7.78e-02f  3
2021  1.2400149e+00 3.67e-01 5.42e-03  -8.1 2.87e+00    -  7.42e-01 1.32e-01h  1
2022  1.2407785e+00 1.07e+00 4.27e-02  -7.4 2.14e+01    -  2.18e-03 1.06e-01f  1
2023  1.2406954e+00 1.02e+00 4.08e-02  -8.2 7.06e+00    -  2.86e-01 4.70e-02h  1
2024  1.2405082e+00 9.66e-01 2.29e-02  -8.2 1.22e+01    -  4.36e-02 5.51e-02h  1
2025  1.2404892e+00 9.51e-01 2.26e-02  -8.2 4.83e+00    -  2.34e-01 1.56e-02h  1
2026  1.2405165e+00 9.01e-01 3.60e-03  -8.2 8.83e+00    -  6.93e-02 5.39e-02h  1
2027  1.2403168e+00 7.53e-01 3.50e-03  -8.2 3.89e+00    -  6.70e-01 1.64e-01h  1
2028  1.2402642e+00 7.11e-01 9.21e-03  -8.2 1.41e+00    -  6.70e-02 5.52e-02h  1
2029  1.2399171e+00 3.74e-01 4.20e-03  -8.2 3.35e+00    -  4.94e-01 4.74e-01f  1
iter    objective    inf_pr   inf_du lg(mu)  ||d||  lg(rg) alpha_du alpha_pr  ls
2030  1.2403249e+00 3.60e-01 1.59e-02  -7.4 2.92e+01    -  1.99e-02 1.01e-01f  1
2031  1.2402648e+00 2.36e-01 9.46e-03  -8.2 6.97e+00    -  3.05e-01 3.46e-01h  1
2032  1.2399574e+00 1.81e-01 3.82e-03  -8.2 9.86e+00    -  1.91e-01 2.34e-01f  1
2033  1.2398547e+00 1.76e-01 1.76e-02  -8.2 1.27e+01    -  4.86e-02 2.89e-02h  1
2034  1.2398626e+00 1.14e-01 1.12e-02  -7.9 1.71e+00    -  5.52e-03 3.53e-01h  1
2035  1.2399701e+00 6.19e-01 4.01e-03  -7.9 1.17e+00    -  5.29e-01 5.07e-01H  1
2036  1.2399161e+00 5.32e-01 3.87e-03  -8.1 2.84e+00    -  2.80e-01 1.41e-01h  1
2037  1.2398996e+00 4.91e-01 4.05e-03  -8.1 3.03e+00    -  8.50e-02 7.70e-02h  1
2038  1.2398657e+00 4.22e-01 3.40e-03  -8.1 1.31e+00    -  4.57e-01 1.41e-01h  1
2039  1.2400110e+00 3.09e-01 1.30e-02  -8.1 1.20e+00    -  6.30e-02 2.62e-01h  1
iter    objective    inf_pr   inf_du lg(mu)  ||d||  lg(rg) alpha_du alpha_pr  ls
2040  1.2399862e+00 2.95e-01 1.22e-02  -8.1 1.24e+00    -  3.30e-01 4.60e-02h  1
2041  1.2399168e+00 2.59e-01 2.01e-02  -8.1 5.13e+00    -  1.16e-01 1.21e-01h  1
2042  1.2398702e+00 2.42e-01 7.88e-03  -8.1 3.16e+00    -  1.02e-01 6.50e-02h  1
2043  1.2397922e+00 1.75e-01 5.91e-03  -8.1 7.43e-01    -  7.67e-02 2.78e-01f  1
2044  1.2397458e+00 1.14e-01 1.72e-03  -8.1 8.07e-01    -  5.18e-01 3.47e-01f  2
2045  1.2401190e+00 5.00e-02 3.70e-03  -7.5 2.34e+00    -  4.99e-02 5.61e-01h  1
2046  1.2403207e+00 1.26e+00 5.12e-03  -7.7 4.65e+00    -  1.97e-01 2.42e-01h  1
2047  1.2400649e+00 6.54e-01 4.04e-03  -8.0 2.59e+00    -  5.35e-01 4.83e-01h  1
2048  1.2400078e+00 5.74e-01 3.95e-03  -8.0 4.49e+00    -  2.91e-01 1.24e-01h  2
2049  1.2399911e+00 6.79e-01 3.56e-03  -8.0 2.99e+00    -  8.06e-02 4.18e-02h  3
iter    objective    inf_pr   inf_du lg(mu)  ||d||  lg(rg) alpha_du alpha_pr  ls
2050  1.2399286e+00 4.86e-01 2.70e-03  -8.0 4.94e-01    -  1.59e-01 2.84e-01h  1
2051  1.2398647e+00 2.26e-01 2.71e-03  -8.0 3.11e-01    -  5.36e-01 5.36e-01h  1
2052  1.2398502e+00 1.84e-01 2.40e-03  -8.0 2.51e-01    -  4.90e-01 1.84e-01f  3
2053  1.2398060e+00 3.37e-02 5.04e-03  -8.0 1.90e-01    -  1.00e+00 1.00e+00h  1
2054  1.2402410e+00 5.31e-01 4.03e-03  -7.8 1.61e+00    -  6.42e-01 1.00e+00h  1
2055  1.2402101e+00 4.60e-01 4.29e-03  -7.9 2.09e+00    -  4.02e-01 1.33e-01h  1
2056  1.2401154e+00 2.45e-01 1.54e-02  -7.9 1.01e+00    -  6.79e-01 4.68e-01h  1
2057  1.2400547e+00 1.97e-01 3.54e-03  -7.9 7.93e-01    -  2.93e-01 2.01e-01h  1
2058  1.2399776e+00 4.71e-02 2.33e-03  -7.9 2.25e-01    -  2.44e-01 7.60e-01f  1
2059  1.2399508e+00 6.86e-04 9.48e-04  -7.9 1.03e-01    -  1.00e+00 1.00e+00f  1
iter    objective    inf_pr   inf_du lg(mu)  ||d||  lg(rg) alpha_du alpha_pr  ls
2060  1.2397858e+00 5.36e-02 3.59e-03  -8.0 6.97e-01    -  1.00e+00 1.00e+00h  1
2061  1.2402031e+00 1.13e-01 4.43e-03  -7.8 1.99e+00    -  7.60e-01 6.03e-01h  1
2062  1.2400848e+00 9.92e-01 4.10e-03  -7.9 1.39e+00    -  8.67e-01 7.33e-01h  1
2063  1.2400232e+00 7.26e-01 2.05e-03  -7.9 2.79e-01    -  2.40e-01 2.68e-01h  1
2064  1.2400177e+00 4.30e-01 1.59e-02  -7.9 2.70e-01    -  3.78e-01 4.09e-01h  1
2065  1.2400022e+00 1.07e-01 2.19e-03  -7.9 9.36e-02    -  3.47e-01 7.51e-01f  1
2066  1.2399593e+00 1.57e-02 9.49e-04  -7.9 1.83e-01    -  2.81e-01 8.53e-01f  1
2067  1.2399682e+00 4.71e-02 4.93e-03  -7.9 6.39e-02    -  1.00e+00 9.40e-01f  1
2068  1.2399673e+00 2.85e-01 2.20e-03  -7.9 2.18e-02    -  1.00e+00 1.00e+00f  1
2069  1.2399689e+00 1.56e-04 3.18e-04  -7.9 1.55e-02    -  7.95e-01 1.00e+00h  1
iter    objective    inf_pr   inf_du lg(mu)  ||d||  lg(rg) alpha_du alpha_pr  ls
2070  1.2398240e+00 8.60e-04 1.39e-03  -8.1 3.12e-01    -  1.00e+00 9.92e-01h  1
2071  1.2397801e+00 3.95e-02 6.60e-03  -8.1 9.83e-01    -  4.61e-01 2.16e-01h  2
2072  1.2402095e+00 5.28e-01 3.97e-03  -7.8 1.32e+00    -  4.91e-01 7.02e-01h  1
2073  1.2402124e+00 5.18e-01 9.64e-03  -8.0 1.68e+01    -  3.86e-02 2.28e-02h  2
2074  1.2399209e+00 2.06e-01 2.79e-03  -8.0 5.95e-01    -  1.00e+00 7.61e-01h  1
2075  1.2399113e+00 1.93e-01 1.56e-03  -8.0 3.43e-01    -  6.31e-01 6.15e-02h  4
2076  1.2398265e+00 5.59e-02 5.57e-03  -8.0 2.15e-01    -  1.00e+00 1.00e+00h  1
2077  1.2398236e+00 1.99e-01 1.76e-03  -8.0 9.45e-01    -  5.54e-01 5.12e-02h  4
2078  1.2398206e+00 1.28e-04 1.36e-03  -8.0 2.00e-02    -  1.00e+00 1.00e+00h  1
2079  1.2397616e+00 2.70e-04 4.77e-03  -8.1 4.20e-01    -  9.97e-01 1.00e+00H  1
iter    objective    inf_pr   inf_du lg(mu)  ||d||  lg(rg) alpha_du alpha_pr  ls
2080  1.2403752e+00 9.61e-01 4.58e-03  -7.8 1.50e+00    -  7.52e-01 9.09e-01h  1
2081  1.2404240e+00 7.92e-01 1.31e-02  -7.9 7.68e+00    -  2.23e-01 1.78e-01h  1
2082  1.2402279e+00 5.44e-01 6.49e-03  -7.9 7.75e-01    -  2.48e-01 3.12e-01h  1
2083  1.2401223e+00 7.18e-01 6.44e-03  -7.9 1.88e+00    -  1.06e-01 1.55e-01h  1
2084  1.2399345e+00 1.07e-01 5.05e-03  -7.9 6.11e-01    -  6.08e-01 8.51e-01f  1
2085  1.2399396e+00 9.70e-02 4.79e-03  -7.9 7.97e-01    -  3.16e-01 9.44e-02h  2
2086  1.2399265e+00 9.35e-02 6.88e-03  -7.9 2.96e-01    -  5.52e-01 4.38e-01h  1
2087  1.2399220e+00 2.90e-01 1.99e-03  -7.9 1.92e-01    -  5.71e-01 2.38e-01h  1
2088  1.2399227e+00 9.65e-05 3.71e-03  -7.9 7.95e-02    -  3.48e-01 1.00e+00h  1
2089  1.2399179e+00 5.27e-01 4.01e-03  -7.9 2.24e-01    -  8.20e-01 8.99e-01h  1
iter    objective    inf_pr   inf_du lg(mu)  ||d||  lg(rg) alpha_du alpha_pr  ls
2090  1.2399122e+00 3.02e-01 3.37e-03  -7.9 3.00e-01    -  9.96e-01 4.28e-01h  1
2091  1.2399094e+00 2.87e-01 3.24e-03  -7.9 1.61e+00    -  5.66e-01 5.00e-02f  3
2092  1.2399063e+00 4.60e-01 2.09e-03  -7.9 1.08e+00    -  1.28e-01 3.08e-01h  1
2093  1.2399017e+00 2.90e-01 2.25e-03  -7.9 1.05e+00    -  3.16e-01 3.70e-01f  2
2094  1.2399012e+00 1.81e-01 2.72e-03  -7.9 7.68e-01    -  6.82e-01 3.75e-01h  1
2095  1.2399010e+00 1.19e-01 2.50e-03  -7.9 5.61e-01    -  3.43e-01 3.44e-01h  2
2096  1.2399024e+00 8.53e-02 1.63e-03  -7.9 9.68e-01    -  2.39e-01 2.80e-01h  1
2097  1.2398951e+00 1.18e-01 3.81e-03  -7.9 1.39e+00    -  6.06e-01 3.42e-01f  1
2098  1.2398947e+00 1.11e-01 4.37e-03  -7.9 6.42e+00    -  4.78e-01 5.57e-02h  3
2099  1.2398851e+00 4.53e-01 2.74e-03  -7.9 7.90e+00    -  1.68e-01 1.42e-01h  2
iter    objective    inf_pr   inf_du lg(mu)  ||d||  lg(rg) alpha_du alpha_pr  ls
2100  1.2398775e+00 4.23e-01 4.88e-03  -7.9 1.93e+01    -  1.42e-01 6.61e-02h  1
2101  1.2398695e+00 5.56e-01 6.27e-03  -7.9 9.79e+00    -  3.99e-01 1.18e-01h  2
2102  1.2398553e+00 5.74e-01 8.81e-03  -7.9 2.55e+01    -  1.57e-01 9.53e-02h  1
2103  1.2398459e+00 5.59e-01 9.13e-03  -7.9 3.87e+01    -  1.24e-01 2.72e-02h  2
2104  1.2398347e+00 5.30e-01 9.41e-03  -7.9 2.01e+01    -  1.34e-01 5.10e-02h  1
2105  1.2398255e+00 5.04e-01 1.06e-02  -7.9 3.38e+01    -  1.11e-02 4.85e-02f  2
2106  1.2398206e+00 4.86e-01 1.18e-02  -7.9 4.76e+01    -  7.18e-02 3.45e-02h  1
2107  1.2398171e+00 4.63e-01 1.18e-02  -7.9 8.06e-01    -  1.13e-01 4.75e-02h  3
2108  1.2398108e+00 3.29e-01 8.85e-03  -7.9 1.94e-01    -  1.10e-01 2.90e-01h  1
2109  1.2398071e+00 1.11e-01 3.01e-03  -7.9 9.19e-01    -  3.73e-01 6.62e-01h  1
iter    objective    inf_pr   inf_du lg(mu)  ||d||  lg(rg) alpha_du alpha_pr  ls
2110  1.2398079e+00 1.07e-01 3.33e-03  -7.9 4.23e+00    -  1.62e-01 3.98e-02h  3
2111  1.2398089e+00 3.34e-01 4.72e-03  -7.9 2.86e-01    -  7.40e-01 1.00e+00h  1
2112  1.2398113e+00 1.67e-01 3.47e-03  -7.9 1.19e-01    -  1.00e+00 5.00e-01h  2
2113  1.2398056e+00 3.23e-01 8.87e-04  -7.9 8.89e-01    -  1.00e+00 2.53e-01h  1
2114  1.2398033e+00 2.91e-01 3.43e-03  -7.9 5.88e-01    -  8.91e-01 2.12e-01h  3
2115  1.2398001e+00 3.29e-01 2.67e-03  -7.9 3.32e-01    -  1.00e+00 7.05e-01h  1
2116  1.2397999e+00 2.26e-01 2.01e-03  -7.9 4.52e-01    -  7.29e-01 3.14e-01f  1
2117  1.2398024e+00 1.79e-04 2.55e-03  -7.9 1.51e-01    -  1.00e+00 1.00e+00h  1
2118  1.2398082e+00 1.48e-04 1.79e-03  -7.9 3.72e-01    -  1.00e+00 7.58e-01H  1
2119  1.2398043e+00 4.37e-01 4.12e-03  -7.9 1.63e-01    -  1.00e+00 1.00e+00f  1
iter    objective    inf_pr   inf_du lg(mu)  ||d||  lg(rg) alpha_du alpha_pr  ls
2120  1.2398002e+00 7.76e-02 3.88e-03  -7.9 3.47e-02    -  6.59e-01 9.25e-01h  1
2121  1.2397985e+00 6.30e-02 1.56e-02  -7.9 9.08e-02    -  5.97e-04 1.88e-01f  3
2122  1.2397984e+00 2.96e-02 3.47e-03  -7.9 9.47e-02    -  9.57e-01 1.00e+00h  1
2123  1.2397982e+00 3.59e-01 2.24e-03  -7.9 4.99e-01    -  1.00e+00 3.31e-01h  2
2124  1.2397983e+00 6.10e-02 4.18e-03  -7.9 2.40e-01    -  9.70e-01 1.00e+00h  1
2125  1.2397979e+00 4.31e-02 3.18e-03  -7.9 1.11e+00    -  6.29e-01 2.94e-01h  2
2126  1.2397971e+00 2.63e-01 4.49e-03  -7.9 1.01e+00    -  4.96e-01 2.69e-01h  2
2127  1.2397969e+00 1.95e-01 4.21e-03  -7.9 8.63e-01    -  1.00e+00 2.59e-01h  2
2128  1.2397988e+00 1.90e-01 4.19e-03  -7.9 5.10e+00    -  3.45e-01 2.91e-02h  3
2129  1.2397990e+00 5.18e-02 2.06e-03  -7.9 3.98e-01    -  6.77e-01 1.00e+00h  1
iter    objective    inf_pr   inf_du lg(mu)  ||d||  lg(rg) alpha_du alpha_pr  ls
2130  1.2397972e+00 3.69e-02 2.26e-03  -7.9 1.04e+00    -  7.28e-01 2.89e-01h  2
2131  1.2397968e+00 5.69e-02 3.64e-03  -7.9 7.69e-01    -  9.92e-01 3.86e-01h  2
2132  1.2397963e+00 2.85e-02 3.06e-03  -7.9 6.82e-01    -  1.00e+00 5.00e-01h  2
2133  1.2397943e+00 1.47e-01 4.04e-03  -7.9 5.26e-01    -  1.00e+00 4.98e-01h  2
2134  1.2397931e+00 9.51e-02 1.68e-03  -7.9 3.26e-01    -  1.00e+00 5.00e-01h  2
2135  1.2397944e+00 8.59e-02 3.66e-03  -7.9 1.99e+00    -  1.00e+00 9.70e-02h  3
2136  1.2397948e+00 7.39e-02 1.61e-03  -7.9 3.23e+00    -  1.00e+00 1.39e-01h  3
2137  1.2397941e+00 6.64e-02 2.63e-03  -7.9 1.82e+00    -  8.47e-01 1.01e-01h  3
2138  1.2397927e+00 6.04e-02 2.18e-03  -7.9 5.70e-01    -  1.00e+00 3.68e-01h  2
2139  1.2397935e+00 5.36e-02 5.25e-03  -7.9 1.21e-01    -  7.97e-01 1.00e+00H  1
iter    objective    inf_pr   inf_du lg(mu)  ||d||  lg(rg) alpha_du alpha_pr  ls
2140  1.2397948e+00 4.03e-03 3.41e-03  -7.9 6.82e-02    -  1.00e+00 1.00e+00H  1
2141  1.2397870e+00 2.32e-01 8.43e-04  -7.9 2.59e-01    -  1.00e+00 1.00e+00h  1
2142  1.2397900e+00 2.04e-01 5.21e-03  -7.9 3.59e+00    -  3.98e-01 1.20e-01h  3
2143  1.2397909e+00 1.88e-01 3.12e-03  -7.9 3.85e+00    -  6.39e-01 1.02e-01h  3
2144  1.2397861e+00 5.62e-01 1.82e-03  -7.9 1.30e+00    -  1.00e+00 5.00e-01h  2
2145  1.2397821e+00 4.71e-01 3.84e-03  -7.9 2.92e+00    -  4.27e-01 1.61e-01h  2
2146  1.2397804e+00 3.01e-01 2.81e-03  -7.9 9.86e-01    -  2.31e-01 3.62e-01h  2
2147  1.2397846e+00 2.16e-01 3.42e-03  -7.9 4.48e-01    -  1.00e+00 1.00e+00h  1
2148  1.2397809e+00 4.14e-02 2.24e-03  -7.9 3.49e-01    -  1.00e+00 8.09e-01h  1
2149  1.2397763e+00 2.43e-01 2.89e-03  -7.9 1.32e+00    -  1.00e+00 3.20e-01f  1
iter    objective    inf_pr   inf_du lg(mu)  ||d||  lg(rg) alpha_du alpha_pr  ls
2150  1.2397804e+00 2.35e-01 3.41e-03  -7.9 3.41e+00    -  1.82e-01 3.22e-02h  4
2151  1.2397744e+00 6.68e-02 6.95e-03  -7.9 1.85e-01    -  8.25e-01 1.00e+00h  1
2152  1.2397732e+00 2.07e-01 8.86e-04  -7.9 7.17e-01    -  1.00e+00 2.56e-01h  2
2153  1.2397766e+00 2.44e-04 2.89e-03  -7.9 3.61e-01    -  8.46e-01 1.00e+00h  1
2154  1.2397723e+00 1.55e-04 2.04e-03  -7.9 1.12e+00    -  1.00e+00 3.74e-01h  1
2155  1.2397707e+00 1.39e-04 1.36e-03  -7.9 7.12e+00    -  1.84e-01 4.23e-02f  3
2156  1.2397703e+00 4.89e-01 4.53e-03  -7.9 2.13e+00    -  4.69e-01 5.03e-01h  1
2157  1.2397705e+00 3.91e-01 4.22e-03  -7.9 3.44e+00    -  3.40e-01 2.00e-01h  1
2158  1.2397663e+00 3.56e-01 4.30e-03  -7.9 4.92e+00    -  3.16e-01 9.01e-02h  1
2159  1.2397698e+00 3.34e-01 4.24e-03  -7.9 8.71e+00    -  1.38e-01 6.39e-02h  3
iter    objective    inf_pr   inf_du lg(mu)  ||d||  lg(rg) alpha_du alpha_pr  ls
2160  1.2397653e+00 1.03e-01 3.89e-03  -7.9 1.78e+00    -  7.72e-01 6.90e-01h  1
2161  1.2397573e+00 4.74e-01 2.70e-03  -7.9 6.72e+00    -  2.24e-01 6.35e-02f  1
2162  1.2397597e+00 4.27e-01 3.76e-03  -7.9 1.16e+00    -  3.29e-01 9.89e-02h  3
2163  1.2397520e+00 7.87e-02 8.76e-04  -7.9 1.63e-01    -  2.61e-01 8.17e-01h  1
2164  1.2395776e+00 7.51e-03 3.95e-03  -8.4 3.35e-02    -  1.00e+00 1.00e+00h  1
2165  1.2397538e+00 9.96e-02 4.33e-03  -7.9 3.04e-01    -  1.00e+00 5.02e-01h  1
2166  1.2397214e+00 6.70e-02 4.05e-03  -8.0 3.02e-01    -  1.00e+00 3.27e-01h  1
2167  1.2396927e+00 4.98e-02 3.70e-03  -8.0 8.35e-01    -  4.02e-01 2.58e-01h  1
2168  1.2396621e+00 5.32e-01 2.09e-03  -8.0 1.35e-01    -  6.46e-01 7.77e-01f  1
2169  1.2396537e+00 1.78e-01 1.41e-03  -8.0 6.52e-02    -  7.66e-01 6.67e-01h  1
iter    objective    inf_pr   inf_du lg(mu)  ||d||  lg(rg) alpha_du alpha_pr  ls
2170  1.2396499e+00 1.23e-01 3.16e-03  -8.0 1.19e-01    -  8.39e-01 5.00e-01f  2
2171  1.2396425e+00 6.38e-02 3.98e-03  -8.0 2.22e-01    -  6.80e-01 4.81e-01h  1
2172  1.2396343e+00 5.51e-01 1.93e-03  -8.0 2.54e-01    -  8.44e-01 8.01e-01f  1
2173  1.2396311e+00 4.75e-01 1.90e-03  -8.0 6.16e-01    -  2.07e-01 1.39e-01f  3
2174  1.2396235e+00 7.74e-04 2.01e-03  -8.0 3.94e-02    -  7.00e-01 1.00e+00h  1
2175  1.2398640e+00 2.36e-01 7.80e-03  -7.8 7.31e-01    -  5.38e-01 1.00e+00h  1
2176  1.2400157e+00 1.94e-01 1.67e-02  -7.9 2.12e+00    -  1.58e-01 1.79e-01h  1
2177  1.2397114e+00 2.19e-02 4.91e-03  -7.9 2.54e-01    -  7.34e-02 1.00e+00f  1
2178  1.2397104e+00 2.35e-02 4.58e-03  -7.9 1.48e-01    -  4.17e-01 1.15e-01h  3
2179  1.2397014e+00 1.06e-04 7.72e-04  -7.9 3.05e-02    -  1.00e+00 1.00e+00h  1
iter    objective    inf_pr   inf_du lg(mu)  ||d||  lg(rg) alpha_du alpha_pr  ls
2180  1.2397037e+00 5.81e-01 3.84e-03  -7.9 6.00e-02    -  1.00e+00 6.50e-01h  1
2181  1.2396287e+00 2.70e-01 4.22e-03  -8.0 5.65e-01    -  6.74e-01 5.35e-01h  1
2182  1.2396225e+00 2.57e-01 2.42e-03  -8.0 2.25e+00    -  3.14e-01 5.09e-02h  4
2183  1.2395646e+00 1.24e-03 2.04e-03  -8.0 2.86e-01    -  8.24e-01 1.00e+00h  1
2184  1.2395547e+00 5.42e-01 4.29e-03  -8.0 7.58e-01    -  3.10e-01 2.94e-01h  2
2185  1.2395584e+00 9.19e-02 4.29e-03  -8.0 1.40e-01    -  8.36e-01 8.32e-01h  1
2186  1.2395603e+00 7.13e-02 1.17e-02  -8.1 1.96e-01    -  1.00e+00 8.40e-01h  1
2187  1.2395050e+00 2.56e-02 5.31e-03  -8.1 1.76e-01    -  1.00e+00 1.00e+00h  1
2188  1.2394944e+00 1.12e-02 3.71e-03  -8.1 1.42e-01    -  4.06e-01 5.63e-01h  1
2189  1.2394566e+00 2.71e-01 2.82e-03  -8.1 2.55e-01    -  1.00e+00 1.00e+00h  1
iter    objective    inf_pr   inf_du lg(mu)  ||d||  lg(rg) alpha_du alpha_pr  ls
2190  1.2399985e+00 1.33e+00 6.87e-03  -7.9 1.98e+00    -  1.73e-01 1.00e+00h  1
2191  1.2398637e+00 1.09e+00 3.68e-03  -8.1 5.98e+00    -  2.25e-01 1.85e-01h  1
2192  1.2398082e+00 1.03e+00 3.59e-03  -8.1 1.88e+01    -  7.58e-02 4.91e-02h  1
2193  1.2397867e+00 1.01e+00 3.53e-03  -8.1 1.10e+01    -  6.85e-02 2.10e-02h  1
2194  1.2397437e+00 9.49e-01 7.27e-03  -8.1 8.85e+00    -  1.47e-01 6.21e-02h  1
2195  1.2396676e+00 7.83e-01 4.10e-03  -8.1 2.60e+00    -  3.12e-01 1.74e-01h  1
2196  1.2396082e+00 6.60e-01 3.17e-03  -8.1 1.82e+00    -  1.77e-01 1.58e-01f  1
2197  1.2395873e+00 7.24e-01 2.86e-03  -8.1 1.10e+00    -  4.25e-01 6.73e-02h  1
2198  1.2395628e+00 6.98e-01 9.47e-04  -8.1 3.09e-01    -  5.59e-01 1.32e-01h  1
2199  1.2395251e+00 5.56e-01 1.27e-03  -8.1 3.72e-01    -  2.11e-01 2.03e-01h  1
iter    objective    inf_pr   inf_du lg(mu)  ||d||  lg(rg) alpha_du alpha_pr  ls
2200  1.2394199e+00 1.58e-01 5.13e-03  -8.1 3.72e-01    -  8.97e-01 7.95e-01f  1
2201  1.2392994e+00 9.18e-02 4.15e-03  -8.2 6.23e-01    -  1.00e+00 1.00e+00h  1
2202  1.2392949e+00 7.14e-02 3.84e-03  -8.2 1.87e-01    -  1.31e-01 2.23e-01h  1
2203  1.2393525e+00 5.48e-02 3.98e-03  -7.9 1.07e+00    -  2.39e-01 2.34e-01h  1
2204  1.2395589e+00 8.36e-01 5.31e-03  -7.9 2.05e+00    -  2.23e-01 2.76e-01h  2
2205  1.2394916e+00 5.93e-01 8.59e-03  -8.2 2.92e-01    -  2.81e-01 2.90e-01h  1
2206  1.2394048e+00 4.26e-01 2.72e-03  -8.2 7.43e-01    -  5.50e-01 2.81e-01h  1
2207  1.2393928e+00 3.11e-01 4.11e-03  -8.2 4.17e-01    -  1.77e-01 2.73e-01h  1
2208  1.2393594e+00 1.32e-01 1.23e-03  -8.2 1.23e-01    -  7.20e-01 5.74e-01f  1
2209  1.2393520e+00 8.82e-02 2.18e-03  -8.2 9.86e-02    -  2.89e-01 3.33e-01f  2
iter    objective    inf_pr   inf_du lg(mu)  ||d||  lg(rg) alpha_du alpha_pr  ls
2210  1.2393585e+00 2.33e-04 1.75e-03  -8.2 5.71e-02    -  1.00e+00 1.00e+00h  1
2211  1.2393350e+00 3.85e-05 7.07e-04  -8.2 7.43e-02    -  1.00e+00 1.00e+00h  1

Number of Iterations....: 2211

                                   (scaled)                 (unscaled)
Objective...............:   1.2393349793807633e+00    1.2393349793807633e+00
Dual infeasibility......:   7.0677892351781303e-04    7.0677892351781303e-04
Constraint violation....:   7.6232172969575057e-06    3.8480664356299599e-05
Variable bound violation:   0.0000000000000000e+00    0.0000000000000000e+00
Complementarity.........:   6.9629285936478332e-09    6.9629285936478332e-09
Overall NLP error.......:   7.0677892351781303e-04    7.0677892351781303e-04


Number of objective function evaluations             = 3354
Number of objective gradient evaluations             = 2212
Number of equality constraint evaluations            = 3354
Number of inequality constraint evaluations          = 3354
Number of equality constraint Jacobian evaluations   = 2212
Number of inequality constraint Jacobian evaluations = 2212
Number of Lagrangian Hessian evaluations             = 0
Total seconds in IPOPT                               = 18460.469

EXIT: Optimal Solution Found.
      solver  :   t_proc      (avg)   t_wall      (avg)    n_eval
       nlp_f  |  10.93 s (  3.26ms)  10.87 s (  3.24ms)      3354
       nlp_g  |   2.23ks (665.61ms) 481.44 s (143.54ms)      3354
  nlp_grad_f  |  16.46 s (  7.44ms)  16.47 s (  7.44ms)      2213
   nlp_jac_g  |   1.37ks (621.02ms)   1.37ks (620.83ms)      2213
       total  |  55.98ks ( 55.98ks)  18.46ks ( 18.46ks)         1

Contributions to the objective function:
	Muscle activations: 15.11%
	Muscle activation derivatives: 0.0%
	Muscle-tendon force derivatives: 0.0%
	Arm excitations: 0.0%
	Lumbar excitations: 0.0%
	Joint accelerations: 0.0%
	Position tracking: 34.63%
	Velocity tracking: 27.21%
	Acceleration tracking: 23.04%

Number of iterations: 2211

Computing knee adduction moments.

Computing medial knee contact forces.


  >>> Solve: 19283.6s (321.4 min)

  >>> Total: 321.4 min
  >>> Solver status: Solve_Succeeded

  >>> <run> COMPLETE

