
======================================================================
  EXPERIMENT mesh25: trial=treadmill_walk01_pre speed=0.333 m/s mesh=25 window=[2.0, 8.0] case=mesh25
======================================================================


  >>> Prep: 0.0s (treadmill_speed=0.333)
Processing treadmill_walk01_pre - Case mesh25

******************************************************************************
This program contains Ipopt, a library for large-scale nonlinear optimization.
 Ipopt is released as open source code under the Eclipse Public License (EPL).
         For more information visit https://github.com/coin-or/Ipopt
******************************************************************************

This is Ipopt version 3.14.11, running with linear solver MUMPS 5.4.1.

Number of nonzeros in equality constraint Jacobian...:   991950
Number of nonzeros in inequality constraint Jacobian.:    48300
Number of nonzeros in Lagrangian Hessian.............:        0

Total number of variables............................:   174540
                     variables with only lower bounds:        0
                variables with lower and upper bounds:   174540
                     variables with only upper bounds:        0
Total number of equality constraints.................:   160350
Total number of inequality constraints...............:    24150
        inequality constraints with only lower bounds:    12000
   inequality constraints with lower and upper bounds:      150
        inequality constraints with only upper bounds:    12000

iter    objective    inf_pr   inf_du lg(mu)  ||d||  lg(rg) alpha_du alpha_pr  ls
   0  2.5695509e-01 4.56e+03 1.22e+00   0.0 0.00e+00    -  0.00e+00 0.00e+00   0
   1  7.2725822e+00 4.25e+03 9.15e+04   0.4 2.23e+02    -  2.60e-03 4.64e-02f  1
   2  7.1445972e+00 4.21e+03 9.41e+04   0.3 1.85e+02    -  9.70e-03 9.34e-03f  1
   3  1.1342357e+01 4.02e+03 9.04e+04   0.3 1.87e+02    -  2.49e-02 4.29e-02f  1
   4  1.2129321e+01 3.98e+03 9.08e+04   0.3 1.20e+02    -  4.48e-02 9.82e-03f  1
   5  1.2172993e+01 3.98e+03 9.10e+04   0.3 2.68e+02    -  2.26e-02 4.54e-04f  1
   6  1.3293442e+01 3.94e+03 9.12e+04   0.3 3.03e+02    -  9.54e-03 8.43e-03f  1
   7  1.7106051e+01 3.88e+03 9.20e+04   0.3 2.83e+02    -  4.15e-02 1.82e-02f  1
   8  2.3821318e+01 3.78e+03 9.41e+04   0.3 3.19e+02    -  5.19e-02 2.29e-02f  1
   9  2.6530549e+01 3.74e+03 9.40e+04  -5.6 2.70e+02    -  2.97e-02 1.17e-02h  1
iter    objective    inf_pr   inf_du lg(mu)  ||d||  lg(rg) alpha_du alpha_pr  ls
  10  3.8617148e+01 3.55e+03 9.15e+04   0.6 2.52e+02    -  6.12e-02 5.08e-02f  1
  11  4.3405064e+01 3.47e+03 9.06e+04   1.0 2.31e+02    -  5.76e-02 2.20e-02f  1
  12  4.5936528e+01 3.43e+03 8.81e+04   0.3 1.85e+02    -  4.45e-02 1.26e-02f  1
  13  5.0805899e+01 3.36e+03 8.42e+04   1.2 3.12e+02    -  6.21e-02 1.61e-02f  1
  14  5.5115040e+01 3.29e+03 8.23e+04   0.4 1.47e+02    -  6.82e-02 2.14e-02f  1
  15  5.8429942e+01 3.24e+03 8.10e+04  -5.4 1.44e+02    -  4.20e-02 1.63e-02h  1
  16  6.1074998e+01 3.19e+03 7.96e+04  -1.3 1.50e+02    -  3.47e-02 1.52e-02h  1
  17  6.4958157e+01 3.12e+03 9.35e+04   0.6 1.63e+02    -  4.12e-02 1.96e-02f  1
  18  6.8750523e+01 3.07e+03 1.13e+05  -1.0 1.97e+02    -  3.17e-02 1.73e-02h  1
  19  7.5841342e+01 2.98e+03 1.65e+05   0.5 2.73e+02    -  5.87e-02 3.04e-02f  1
iter    objective    inf_pr   inf_du lg(mu)  ||d||  lg(rg) alpha_du alpha_pr  ls
  20  8.2473201e+01 2.90e+03 3.03e+05   1.0 2.76e+02    -  4.52e-02 2.18e-02f  1
  21  8.5501128e+01 2.87e+03 3.56e+05   0.8 3.02e+02    -  4.81e-02 1.07e-02f  1
  22  9.3499133e+01 2.80e+03 4.63e+05   0.9 3.04e+02    -  2.61e-02 2.48e-02f  1
  23  9.7070392e+01 2.77e+03 4.19e+05  -5.4 2.34e+02    -  9.01e-03 1.13e-02h  1
  24  1.0144911e+02 2.73e+03 4.50e+05  -0.8 2.00e+02    -  2.44e-02 1.23e-02h  1
  25  1.0834830e+02 2.68e+03 5.06e+05   1.2 2.52e+02    -  3.11e-02 1.75e-02f  1
  26  1.1406339e+02 2.64e+03 5.53e+05   1.4 2.47e+02    -  4.57e-02 1.53e-02f  1
  27  1.1620379e+02 2.61e+03 5.57e+05   0.2 1.95e+02    -  3.71e-02 1.41e-02h  1
  28  1.1739398e+02 2.59e+03 5.59e+05   0.6 2.10e+02    -  3.62e-02 5.73e-03h  1
  29  1.2103876e+02 2.55e+03 5.59e+05   1.6 2.46e+02    -  8.79e-02 1.68e-02f  1
iter    objective    inf_pr   inf_du lg(mu)  ||d||  lg(rg) alpha_du alpha_pr  ls
  30  1.2740757e+02 2.48e+03 5.53e+05   1.2 2.39e+02    -  2.06e-02 2.63e-02h  1
  31  1.3223883e+02 2.43e+03 5.37e+05   0.2 2.13e+02    -  2.19e-02 2.13e-02h  1
  32  1.3255301e+02 2.43e+03 5.37e+05  -5.1 2.21e+02    -  4.00e-02 1.27e-03h  1
  33  1.3535170e+02 2.38e+03 4.97e+05   2.3 5.02e+02    -  1.54e-02 1.35e-02f  1
  34  1.4022645e+02 2.34e+03 4.71e+05   1.3 2.48e+02    -  1.77e-02 1.68e-02h  1
  35  1.4151736e+02 2.33e+03 4.66e+05   0.7 3.82e+02    -  2.23e-02 3.72e-03h  1
  36  1.4401118e+02 2.30e+03 4.49e+05   2.4 6.38e+02    -  2.02e-02 8.68e-03f  1
  37  1.4533872e+02 2.29e+03 5.46e+05   1.9 5.02e+02    -  1.69e-02 5.86e-03f  1
  38  1.4740995e+02 2.27e+03 4.00e+05   2.2 6.21e+02    -  1.02e-02 6.83e-03f  1
  39  1.5178285e+02 2.25e+03 4.02e+05   1.5 4.78e+02    -  1.01e-02 1.17e-02h  1
iter    objective    inf_pr   inf_du lg(mu)  ||d||  lg(rg) alpha_du alpha_pr  ls
  40  1.5308712e+02 2.24e+03 5.38e+05   2.4 7.54e+02    -  5.52e-03 3.83e-03f  1
  41  1.5425711e+02 2.23e+03 7.91e+05   2.6 7.92e+02    -  1.58e-02 3.41e-03f  1
  42  1.5666165e+02 2.21e+03 1.23e+06   3.0 9.04e+02    -  1.32e-02 5.84e-03f  1
  43  1.6172660e+02 2.19e+03 1.27e+06   1.5 6.21e+02    -  1.10e-02 9.94e-03h  1
  44  1.6401093e+02 2.18e+03 1.69e+06   1.5 7.89e+02    -  9.56e-03 3.73e-03h  1
  45  1.6679600e+02 2.17e+03 1.93e+06   1.5 1.03e+03    -  7.30e-03 4.07e-03h  1
  46  1.6964694e+02 2.16e+03 1.65e+06   1.5 1.11e+03    -  6.10e-04 3.62e-03h  1
  47  1.7122988e+02 2.16e+03 1.84e+06   1.5 1.06e+03    -  3.52e-03 1.83e-03h  1
  48  1.7266729e+02 2.15e+03 2.05e+06   1.5 1.39e+03    -  3.31e-03 1.79e-03h  1
  49  1.7410802e+02 2.15e+03 2.04e+06   1.5 1.49e+03    -  2.31e-03 2.36e-03h  1
iter    objective    inf_pr   inf_du lg(mu)  ||d||  lg(rg) alpha_du alpha_pr  ls
  50  1.7472785e+02 2.15e+03 2.33e+06   1.5 1.32e+03    -  2.08e-03 8.98e-04h  1
  51  1.7669510e+02 2.14e+03 2.10e+06   1.5 2.61e+03    -  1.29e-03 2.33e-03h  1
  52  1.7808867e+02 2.14e+03 2.22e+06   1.5 2.85e+03    -  1.89e-03 1.30e-03h  1
  53  1.7864539e+02 2.14e+03 2.48e+06   1.5 1.30e+03    -  1.53e-03 5.39e-04h  1
  54  1.8137811e+02 2.13e+03 1.81e+06   1.5 1.35e+03    -  3.44e-05 2.35e-03h  1
  55  1.8203741e+02 2.13e+03 2.84e+06   1.5 1.83e+03    -  3.60e-03 5.55e-04h  1
  56  1.8250220e+02 2.13e+03 3.36e+06   1.5 3.02e+03    -  1.87e-03 4.30e-04h  1
  57  1.8260937e+02 2.13e+03 4.06e+06   1.5 2.36e+03    -  1.69e-03 9.86e-05h  1
  58  1.8502572e+02 2.12e+03 3.17e+06   1.5 2.22e+03    -  1.70e-04 2.18e-03h  1
  59  1.8655127e+02 2.12e+03 3.54e+06   1.5 2.26e+03    -  1.84e-03 1.17e-03h  1
iter    objective    inf_pr   inf_du lg(mu)  ||d||  lg(rg) alpha_du alpha_pr  ls
  60  1.8711564e+02 2.12e+03 3.50e+06   1.5 1.99e+03    -  4.19e-04 5.21e-04h  1
  61  1.8723603e+02 2.12e+03 4.15e+06   1.5 2.25e+03    -  1.07e-03 8.87e-05h  1
  62  1.8881530e+02 2.12e+03 3.76e+06   1.5 3.23e+03    -  6.51e-04 1.29e-03h  1
  63  1.8937924e+02 2.12e+03 4.17e+06   1.5 3.42e+03    -  9.39e-04 3.82e-04h  1
  64  1.9136710e+02 2.11e+03 3.85e+06   1.5 4.10e+03    -  7.85e-04 1.25e-03h  1
  65  1.9269957e+02 2.11e+03 3.48e+06   1.5 3.89e+03    -  3.49e-04 7.98e-04h  1
  66  1.9376039e+02 2.11e+03 3.09e+06   1.5 3.92e+03    -  2.97e-04 8.67e-04h  1
  67  1.9392085e+02 2.11e+03 4.42e+06   1.5 3.72e+03    -  1.41e-03 9.65e-05h  1
  68  1.9779635e+02 2.11e+03 2.97e+06   1.5 3.86e+03    -  4.20e-04 2.03e-03h  1
  69  1.9869282e+02 2.10e+03 4.24e+06   1.5 3.42e+03    -  1.69e-03 4.63e-04h  1
iter    objective    inf_pr   inf_du lg(mu)  ||d||  lg(rg) alpha_du alpha_pr  ls
  70  1.9975388e+02 2.10e+03 5.31e+06   1.5 3.52e+03    -  1.34e-03 5.16e-04h  2
  71  2.0076868e+02 2.10e+03 5.23e+06   1.5 3.95e+03    -  4.75e-04 5.39e-04h  2
  72  2.0148229e+02 2.10e+03 5.90e+06   1.5 4.04e+03    -  9.55e-04 4.07e-04h  2
  73  2.0234696e+02 2.10e+03 6.84e+06   1.5 5.34e+03    -  1.19e-03 4.76e-04h  2
  74  2.0286975e+02 2.10e+03 6.91e+06   1.5 6.30e+03    -  3.37e-04 2.83e-04h  3
  75  2.0380774e+02 2.10e+03 6.29e+06   1.5 5.66e+03    -  1.63e-04 6.23e-04h  2
  76  2.0488524e+02 2.10e+03 7.70e+06   1.5 5.90e+03    -  1.29e-03 5.27e-04h  1
  77  2.0567456e+02 2.10e+03 8.31e+06   1.5 4.23e+03    -  7.05e-04 3.88e-04h  1
  78  2.0579238e+02 2.10e+03 9.39e+06   1.5 4.54e+03    -  4.94e-04 6.32e-05h  1
  79  2.0724619e+02 2.09e+03 8.18e+06   1.5 5.43e+03    -  1.95e-04 7.23e-04h  1
iter    objective    inf_pr   inf_du lg(mu)  ||d||  lg(rg) alpha_du alpha_pr  ls
  80  2.0742027e+02 2.09e+03 8.26e+06   1.5 5.80e+03    -  1.13e-04 8.42e-05h  1
  81  2.0784422e+02 2.09e+03 7.70e+06   1.5 7.78e+03    -  9.62e-06 2.06e-04h  1
  82  2.0869878e+02 2.09e+03 1.08e+07   1.5 8.24e+03    -  1.45e-03 3.54e-04h  1
  83  2.0974744e+02 2.09e+03 1.02e+07   1.5 7.86e+03    -  2.87e-04 4.73e-04h  2
  84  2.1097060e+02 2.09e+03 1.17e+07   1.5 7.92e+03    -  8.47e-04 4.63e-04h  2
  85  2.1198263e+02 2.09e+03 1.31e+07   1.5 7.15e+03    -  7.45e-04 3.55e-04h  2
  86  2.1336557e+02 2.09e+03 1.68e+07   3.4 6.67e+03    -  1.12e-03 5.30e-04h  1
  87  2.1401707e+02 2.09e+03 1.79e+07  -4.4 6.25e+03    -  4.04e-04 2.20e-04h  1
  88  2.1536370e+02 2.09e+03 1.76e+07  -4.4 7.62e+03    -  3.51e-04 3.90e-04h  2
  89  2.1599789e+02 2.09e+03 1.94e+07   1.2 9.12e+03    -  3.97e-04 1.71e-04h  3
iter    objective    inf_pr   inf_du lg(mu)  ||d||  lg(rg) alpha_du alpha_pr  ls
  90  2.1633631e+02 2.09e+03 2.15e+07   2.5 1.03e+04    -  3.51e-04 9.55e-05h  4
  91  2.1789875e+02 2.09e+03 2.29e+07   2.4 1.09e+04    -  6.01e-04 4.31e-04h  2
  92  2.1802494e+02 2.09e+03 2.78e+07   2.8 1.21e+04    -  5.22e-04 3.26e-05h  5
  93r 2.1802494e+02 2.09e+03 1.00e+03   2.0 0.00e+00    -  0.00e+00 3.04e-07R 12
  94r 2.1848939e+02 2.05e+03 1.24e+03  -4.2 4.12e+04    -  3.12e-03 1.56e-03f  1
  95r 2.1848939e+02 2.05e+03 9.99e+02   1.8 0.00e+00    -  0.00e+00 2.84e-07R  6
  96r 2.1490588e+02 2.04e+03 9.99e+02   1.9 6.02e+04    -  3.06e-05 1.30e-04f  1
  97  2.1504829e+02 2.04e+03 3.96e+00  -1.2 3.40e+01    -  1.88e-02 3.66e-03h  1
  98  2.1528959e+02 2.03e+03 3.97e+01  -1.1 4.97e+01    -  1.45e-02 2.65e-03h  1
  99  2.1522848e+02 2.02e+03 2.13e+02  -0.2 8.95e+01    -  2.12e-02 3.33e-03h  1
iter    objective    inf_pr   inf_du lg(mu)  ||d||  lg(rg) alpha_du alpha_pr  ls
 100  2.1520592e+02 2.02e+03 5.67e+02   0.1 1.99e+02    -  1.06e-02 2.03e-03h  1
 101  2.1519802e+02 2.01e+03 7.84e+02   0.2 3.37e+02    -  4.95e-03 2.64e-03h  1
 102  2.1504074e+02 2.01e+03 1.17e+03   0.5 7.66e+02    -  3.27e-03 1.60e-03h  1
 103  2.1450316e+02 2.01e+03 9.96e+02   0.8 1.71e+03    -  1.50e-03 1.89e-03h  1
 104  2.1469917e+02 2.01e+03 2.37e+03  -1.6 1.65e+03    -  3.33e-03 4.38e-04h  1
 105  2.1529566e+02 2.00e+03 2.85e+03   0.3 2.10e+03    -  2.23e-03 1.54e-03h  1
 106  2.1570700e+02 2.00e+03 4.29e+03  -1.8 1.71e+03    -  1.90e-03 5.43e-04h  1
 107  2.1597117e+02 2.00e+03 1.00e+04   0.8 1.71e+03    -  3.50e-03 4.00e-04h  1
 108  2.1473254e+02 2.00e+03 1.43e+04   1.7 4.19e+03    -  1.60e-03 7.69e-04f  1
 109  2.1462472e+02 2.00e+03 3.10e+04   1.7 3.63e+03    -  1.67e-03 2.08e-04f  1
iter    objective    inf_pr   inf_du lg(mu)  ||d||  lg(rg) alpha_du alpha_pr  ls
 110  2.1529547e+02 2.00e+03 4.65e+04   1.3 3.59e+03    -  1.45e-03 4.94e-04h  1
 111  2.1554584e+02 2.00e+03 9.12e+04   1.9 4.65e+03    -  1.82e-03 4.87e-04f  1
 112  2.1751796e+02 2.00e+03 1.09e+05   0.3 3.47e+03    -  1.36e-03 7.55e-04h  2
 113  2.1902970e+02 1.99e+03 1.27e+05   0.3 4.99e+03    -  9.66e-04 4.85e-04h  2
 114  2.1974360e+02 1.99e+03 1.40e+05   0.3 6.14e+03    -  5.23e-04 2.20e-04h  3
 115  2.2051491e+02 1.99e+03 1.69e+05   0.3 6.40e+03    -  8.22e-04 2.24e-04h  3
 116  2.2143716e+02 1.99e+03 1.72e+05   0.3 6.49e+03    -  2.98e-04 2.46e-04h  3
 117  2.2230754e+02 1.99e+03 1.90e+05   0.3 6.53e+03    -  5.16e-04 2.24e-04h  3
 118  2.2333286e+02 1.99e+03 2.19e+05   0.3 6.29e+03    -  6.58e-04 2.49e-04h  3
 119  2.2387461e+02 1.99e+03 2.50e+05   0.3 6.39e+03    -  5.13e-04 1.26e-04h  4
iter    objective    inf_pr   inf_du lg(mu)  ||d||  lg(rg) alpha_du alpha_pr  ls
 120  2.2450178e+02 1.99e+03 2.87e+05   0.3 6.10e+03    -  5.48e-04 1.38e-04h  4
 121  2.2569810e+02 1.99e+03 3.37e+05   0.3 6.68e+03    -  7.45e-04 2.46e-04h  3
 122  2.3080320e+02 1.99e+03 3.48e+05   0.3 7.87e+03    -  9.70e-04 8.79e-04w  1
 123  2.3337201e+02 1.99e+03 4.43e+05   0.3 7.12e+03    -  9.18e-04 3.64e-04w  1
 124  2.3539707e+02 1.99e+03 4.86e+05   0.3 9.27e+03    -  4.91e-04 2.94e-04w  1
 125  2.2687040e+02 1.99e+03 4.27e+05   0.3 1.05e+04    -  9.70e-04 2.20e-04h  2
 126  2.2723037e+02 1.99e+03 4.58e+05   0.3 8.78e+03    -  3.04e-04 6.92e-05h  4
 127  2.2792281e+02 1.99e+03 5.42e+05   0.3 8.84e+03    -  6.66e-04 1.22e-04h  4
 128  2.2901546e+02 1.99e+03 5.81e+05   0.3 9.41e+03    -  4.24e-04 1.89e-04h  3
 129  2.3046770e+02 1.99e+03 5.80e+05   0.3 8.62e+03    -  2.22e-04 2.27e-04h  2
iter    objective    inf_pr   inf_du lg(mu)  ||d||  lg(rg) alpha_du alpha_pr  ls
 130  2.3151574e+02 1.99e+03 5.53e+05   0.3 9.77e+03    -  3.43e-05 1.87e-04h  2
 131  2.3280697e+02 1.99e+03 7.35e+05   0.3 9.06e+03    -  1.01e-03 1.85e-04h  1
 132r 2.3280697e+02 1.99e+03 1.00e+03   1.8 0.00e+00    -  0.00e+00 2.97e-07R 12
 133r 2.3192353e+02 1.97e+03 1.11e+03   1.9 5.26e+04    -  1.23e-03 5.72e-04f  1
 134  2.3192746e+02 1.97e+03 3.59e+02  -1.1 9.85e+01    -  1.03e-02 3.01e-05h  1
 135  2.3197403e+02 1.97e+03 9.25e+02  -1.6 7.18e+02    -  8.01e-04 5.85e-05h  1
 136  2.3203232e+02 1.97e+03 1.79e+03  -1.1 1.05e+03    -  3.17e-04 5.06e-05h  1
 137  2.3207044e+02 1.97e+03 1.87e+04   1.2 2.31e+03    -  1.74e-03 9.97e-05h  1
 138  2.3259367e+02 1.97e+03 2.57e+04   0.9 2.83e+03    -  6.08e-04 1.97e-04h  1
 139  2.3409383e+02 1.97e+03 2.73e+04   0.3 3.23e+03    -  4.68e-04 3.99e-04h  1
iter    objective    inf_pr   inf_du lg(mu)  ||d||  lg(rg) alpha_du alpha_pr  ls
 140  2.3431229e+02 1.97e+03 4.23e+04   0.6 3.79e+03    -  4.68e-04 4.48e-05h  1
 141  2.3587103e+02 1.97e+03 5.27e+04   1.5 5.77e+03    -  5.01e-04 3.21e-04h  1
 142  2.3703414e+02 1.97e+03 5.14e+04  -5.7 5.32e+03    -  1.88e-04 2.09e-04h  1
 143  2.3842965e+02 1.97e+03 7.33e+04   1.1 6.55e+03    -  5.33e-04 2.54e-04h  1
 144  2.3924275e+02 1.97e+03 1.26e+05   2.1 1.19e+04    -  4.76e-04 1.65e-04h  1
 145  2.3988912e+02 1.97e+03 1.50e+05   2.3 1.99e+04    -  2.32e-04 1.38e-04h  1
 146  2.3999962e+02 1.97e+03 2.13e+05   2.3 2.46e+04    -  2.55e-04 3.46e-05h  3
 147  2.4095876e+02 1.97e+03 2.00e+05   0.6 1.38e+04    -  1.12e-04 1.72e-04h  2
 148  2.4232926e+02 1.97e+03 2.18e+05   2.1 2.24e+04    -  2.91e-04 2.32e-04h  1
 149  2.4252477e+02 1.97e+03 3.17e+05   2.3 2.42e+04    -  2.54e-04 3.56e-05h  3
iter    objective    inf_pr   inf_du lg(mu)  ||d||  lg(rg) alpha_du alpha_pr  ls
 150r 2.4252477e+02 1.97e+03 1.00e+03   2.4 0.00e+00    -  0.00e+00 4.95e-07R 10
 151r 2.3886136e+02 1.93e+03 1.22e+03   1.4 6.79e+03    -  4.70e-03 2.98e-03f  1
 152r 2.3896682e+02 1.90e+03 1.60e+03   0.9 2.26e+03    -  1.45e-02 2.16e-03f  1
 153r 2.2687640e+02 1.66e+03 3.67e+03   1.1 1.00e+03    -  2.32e-02 2.14e-02f  1
 154r 2.1437009e+02 1.45e+03 3.85e+03   0.9 1.24e+02    -  5.52e-02 3.99e-02f  1
 155r 2.0746399e+02 1.58e+03 4.43e+03   0.5 3.51e+01    -  1.27e-01 9.48e-02f  1
 156r 1.9763722e+02 1.07e+03 5.15e+03   0.4 2.76e+01    -  1.29e-01 2.20e-01f  1
 157r 1.8019809e+02 2.97e+03 1.26e+05   0.6 3.26e+01    -  1.39e-01 3.54e-01f  1
 158r 1.8266014e+02 2.46e+03 1.05e+05  -0.4 1.36e+01    -  1.84e-01 1.43e-01f  1
 159r 1.9295603e+02 9.84e+02 5.14e+04  -0.5 1.68e+01    -  1.66e-01 4.78e-01f  1
iter    objective    inf_pr   inf_du lg(mu)  ||d||  lg(rg) alpha_du alpha_pr  ls
 160r 1.9394162e+02 9.27e+02 4.85e+04  -0.7 1.40e+01    -  2.26e-01 6.35e-02f  1
 161r 1.9606561e+02 7.70e+02 5.63e+04  -0.3 2.14e+01    -  1.48e-01 2.87e-01f  1
 162r 2.0093664e+02 9.46e+02 3.00e+04  -0.9 3.23e+01    -  2.13e-01 2.38e-01f  1
 163r 2.0214027e+02 7.07e+02 2.81e+04  -0.5 2.39e+01    -  1.95e-01 1.49e-01f  1
 164r 1.9890654e+02 4.44e+02 2.23e+04  -0.1 2.35e+01    -  1.98e-01 3.92e-01f  1
 165r 1.9692510e+02 4.60e+02 2.01e+04  -0.1 2.69e+01    -  2.32e-01 2.33e-01f  1
 166r 1.8767941e+02 6.46e+02 1.86e+04   0.1 4.21e+01    -  1.66e-01 2.44e-01f  1
 167r 1.8890251e+02 4.25e+02 1.76e+04  -0.2 1.85e+01    -  2.47e-01 4.19e-01f  1
 168r 1.9587014e+02 2.79e+02 1.60e+04  -0.5 3.84e+01    -  3.42e-01 3.69e-01f  1
 169  1.9592648e+02 2.78e+02 4.30e+01  -5.7 2.03e+01    -  3.89e-02 8.77e-04h  1
iter    objective    inf_pr   inf_du lg(mu)  ||d||  lg(rg) alpha_du alpha_pr  ls
 170  1.9674342e+02 2.75e+02 6.52e+01  -1.0 3.92e+01    -  1.69e-02 1.08e-02h  1
 171  1.9757460e+02 2.73e+02 8.28e+01  -1.6 4.82e+01    -  1.20e-02 8.96e-03h  1
 172  1.9762706e+02 2.72e+02 1.90e+02  -0.1 7.34e+01    -  1.65e-02 5.98e-03h  1
 173  1.9804610e+02 2.71e+02 1.98e+02  -5.8 7.31e+01    -  4.72e-03 4.01e-03h  1
 174  1.9789796e+02 2.70e+02 6.11e+02   0.2 1.17e+02    -  2.58e-02 4.44e-03h  2
 175  1.9832240e+02 2.69e+02 7.57e+02  -1.9 1.15e+02    -  1.16e-02 3.95e-03h  3
 176  1.9837881e+02 2.68e+02 1.23e+03   0.1 1.72e+02    -  2.20e-02 3.65e-03h  3
 177  1.9840180e+02 2.68e+02 1.92e+03   0.2 2.18e+02    -  2.38e-02 3.85e-03h  3
 178  1.9888336e+02 2.67e+02 2.15e+03  -0.6 1.81e+02    -  1.07e-02 4.46e-03h  3
 179  1.9912293e+02 2.66e+02 2.64e+03   0.1 2.23e+02    -  1.37e-02 3.41e-03h  3
iter    objective    inf_pr   inf_du lg(mu)  ||d||  lg(rg) alpha_du alpha_pr  ls
 180  1.9911048e+02 2.65e+02 2.86e+03   0.5 2.68e+02    -  7.01e-03 3.61e-03h  3
 181  1.9919050e+02 2.65e+02 7.23e+03   0.6 2.70e+02    -  2.60e-02 6.05e-03h  2
 182  1.9916388e+02 2.64e+02 1.27e+04   0.8 3.37e+02    -  1.45e-02 3.12e-03h  3
 183  1.9921465e+02 2.64e+02 2.23e+04   0.9 4.66e+02    -  1.99e-02 3.40e-03h  3
 184  1.9940721e+02 2.64e+02 2.77e+04   0.6 5.77e+02    -  1.09e-02 1.73e-03h  4
 185  1.9814907e+02 3.48e+02 1.36e+05   1.3 8.00e+02    -  1.57e-02 1.20e-02f  1
 186  1.9907585e+02 3.50e+02 1.55e+05   0.3 6.70e+02    -  7.99e-03 3.83e-03h  2
 187  2.0000387e+02 3.53e+02 1.73e+05   0.3 7.36e+02    -  5.71e-03 3.59e-03h  2
 188  2.0068542e+02 3.55e+02 1.88e+05   0.3 7.99e+02    -  2.91e-03 2.84e-03h  3
 189  2.0135613e+02 3.57e+02 2.01e+05   0.3 7.88e+02    -  5.40e-03 2.51e-03h  3
iter    objective    inf_pr   inf_du lg(mu)  ||d||  lg(rg) alpha_du alpha_pr  ls
 190  2.0193802e+02 3.60e+02 2.11e+05   0.3 7.19e+02    -  8.25e-03 2.17e-03h  3
 191  2.0267774e+02 3.63e+02 2.24e+05   0.3 5.68e+02    -  1.14e-02 2.65e-03h  3
 192  2.0347583e+02 3.64e+02 2.34e+05   0.3 6.17e+02    -  1.44e-02 2.47e-03h  3
 193  2.0432682e+02 3.64e+02 2.46e+05   0.3 6.69e+02    -  3.50e-03 2.58e-03h  3
 194  2.0588392e+02 3.66e+02 2.61e+05   0.3 6.38e+02    -  1.04e-03 4.39e-03h  2
 195  2.0711347e+02 3.64e+02 2.71e+05   0.3 7.09e+02    -  3.06e-03 3.00e-03h  2
 196  2.0868287e+02 3.62e+02 2.83e+05   0.3 8.35e+02    -  6.44e-03 3.56e-03h  1
 197  2.0941310e+02 3.63e+02 2.89e+05   0.3 1.33e+03    -  4.12e-03 1.82e-03h  1
 198  2.1063650e+02 3.67e+02 2.97e+05   0.3 1.63e+03    -  9.34e-04 3.04e-03h  2
 199  2.1216546e+02 3.76e+02 3.07e+05   0.3 1.62e+03    -  1.11e-03 3.36e-03h  1
iter    objective    inf_pr   inf_du lg(mu)  ||d||  lg(rg) alpha_du alpha_pr  ls
 200  2.1226302e+02 3.76e+02 3.08e+05   0.3 1.85e+03    -  6.83e-03 2.20e-04h  1
 201  2.1303470e+02 3.81e+02 3.26e+05   0.3 1.53e+03    -  2.73e-04 1.66e-03h  2
 202  2.1357766e+02 3.84e+02 3.52e+05   0.3 1.51e+03    -  1.11e-03 1.13e-03h  2
 203  2.1432345e+02 3.90e+02 3.84e+05   0.3 1.45e+03    -  9.16e-04 1.60e-03h  1
 204  2.1488069e+02 3.91e+02 4.31e+05   0.3 1.36e+03    -  1.13e-03 1.45e-03h  1
 205  2.1561260e+02 3.91e+02 5.27e+05   0.3 1.53e+03    -  3.46e-04 2.15e-03h  1
 206  2.1593002e+02 3.91e+02 5.47e+05   0.3 1.87e+03    -  3.97e-03 5.67e-04h  1
 207  2.1644780e+02 3.92e+02 5.91e+05   0.3 2.18e+03    -  2.75e-03 8.37e-04h  3
 208  2.1689475e+02 3.93e+02 6.29e+05   0.3 1.87e+03    -  1.52e-03 7.36e-04h  3
 209  2.1747825e+02 3.96e+02 6.70e+05   0.3 1.73e+03    -  2.06e-03 8.90e-04h  3
iter    objective    inf_pr   inf_du lg(mu)  ||d||  lg(rg) alpha_du alpha_pr  ls
 210  2.1794846e+02 3.98e+02 7.05e+05   0.3 1.75e+03    -  1.12e-03 1.23e-03h  2
 211  2.1844435e+02 4.00e+02 7.36e+05   0.3 1.49e+03    -  3.97e-03 9.30e-04h  2
 212  2.1865608e+02 4.00e+02 7.62e+05   0.3 1.72e+03    -  2.42e-03 7.94e-04h  3
 213  2.1898087e+02 4.02e+02 8.03e+05   0.3 1.79e+03    -  4.26e-03 7.58e-04h  3
 214  2.1915374e+02 4.03e+02 8.22e+05   0.3 2.41e+03    -  2.01e-03 4.67e-04h  4
 215  2.1927161e+02 4.03e+02 8.33e+05   0.3 2.82e+03    -  1.94e-03 3.37e-04h  5
 216  2.1952691e+02 4.05e+02 8.49e+05   0.3 2.55e+03    -  2.56e-04 6.77e-04h  4
 217  2.2153451e+02 5.14e+02 8.98e+05   0.3 2.69e+03    -  2.68e-03 4.16e-03w  1
 218  2.2166227e+02 5.14e+02 9.03e+05   0.3 2.00e+03    -  1.76e-03 2.35e-04w  1
 219  2.2259361e+02 5.20e+02 9.29e+05   0.3 1.83e+03    -  3.22e-04 1.53e-03w  1
iter    objective    inf_pr   inf_du lg(mu)  ||d||  lg(rg) alpha_du alpha_pr  ls
 220  2.1974562e+02 4.07e+02 8.62e+05   0.3 2.17e+03    -  2.68e-03 5.20e-04h  3
 221  2.1992072e+02 4.08e+02 8.73e+05   0.3 2.48e+03    -  1.36e-03 4.49e-04h  4
 222  2.2007075e+02 4.09e+02 8.82e+05   0.3 2.55e+03    -  1.57e-03 3.96e-04h  4
 223  2.2007555e+02 4.09e+02 8.82e+05   0.3 2.28e+03    -  1.88e-04 1.14e-05h  9
 224r 2.2007555e+02 4.09e+02 1.00e+03   1.8 0.00e+00    -  0.00e+00 3.62e-07R 14
 225r 2.1533088e+02 3.23e+02 1.67e+03   2.0 5.09e+04    -  8.17e-03 1.21e-03f  1
 226  2.1532806e+02 3.23e+02 1.62e+01   0.3 2.78e+02    -  4.59e-04 3.91e-05f  1
 227  2.1531541e+02 3.22e+02 1.04e+02   0.3 6.72e+02    -  1.79e-03 3.41e-04f  1
 228  2.1538158e+02 3.21e+02 9.06e+01   0.3 7.77e+02    -  9.92e-04 1.13e-03h  1
 229  2.1538237e+02 3.20e+02 1.61e+02   0.3 1.11e+03    -  1.07e-03 5.09e-04h  1
iter    objective    inf_pr   inf_du lg(mu)  ||d||  lg(rg) alpha_du alpha_pr  ls
 230  2.1537190e+02 3.18e+02 4.54e+02   0.3 1.21e+03    -  3.69e-03 1.64e-03h  1
 231  2.1534759e+02 3.17e+02 6.62e+02   0.3 1.53e+03    -  1.79e-03 6.18e-04h  3
 232  2.1531797e+02 3.15e+02 1.09e+03   0.3 1.56e+03    -  3.27e-03 1.01e-03h  2
 233  2.1529620e+02 3.14e+02 2.25e+03   0.3 1.60e+03    -  6.16e-03 7.62e-04h  2
 234  2.1529136e+02 3.12e+02 5.45e+03   0.3 1.58e+03    -  3.91e-03 6.49e-04h  3
 235  2.1531438e+02 3.10e+02 1.29e+04   0.3 1.55e+03    -  4.52e-03 7.11e-04h  3
 236  2.1536173e+02 3.10e+02 2.88e+04   0.3 1.50e+03    -  5.91e-03 5.11e-04h  4
 237  2.1543067e+02 3.09e+02 3.10e+04   0.3 1.43e+03    -  1.18e-03 5.77e-04h  4
 238  2.1551793e+02 3.08e+02 4.27e+04   0.3 1.40e+03    -  3.36e-03 4.82e-04h  4
 239  2.1561013e+02 3.08e+02 5.01e+04   0.3 1.32e+03    -  2.20e-03 5.03e-04h  4
iter    objective    inf_pr   inf_du lg(mu)  ||d||  lg(rg) alpha_du alpha_pr  ls
 240  2.1571932e+02 3.08e+02 5.67e+04   0.3 1.27e+03    -  1.88e-03 4.93e-04h  4
 241  2.1702557e+02 3.19e+02 4.18e+04   0.3 1.38e+03    -  1.15e-03 4.30e-03w  1
 242  2.1779168e+02 3.35e+02 3.53e+04   0.3 1.35e+03    -  1.02e-03 2.01e-03w  1
 243  2.1901625e+02 3.71e+02 4.46e+04   0.3 1.37e+03    -  3.59e-03 2.50e-03w  1
 244  2.1585436e+02 3.08e+02 5.95e+04   0.3 1.27e+03    -  1.15e-03 5.37e-04h  3
 245  2.1614942e+02 3.12e+02 5.93e+04   0.3 1.36e+03    -  9.95e-04 1.01e-03h  3
 246  2.1630999e+02 3.13e+02 6.21e+04   0.3 1.32e+03    -  1.10e-03 5.39e-04h  4
 247  2.1648280e+02 3.14e+02 7.29e+04   0.3 1.38e+03    -  2.66e-03 5.59e-04h  4
 248  2.1666369e+02 3.17e+02 8.67e+04   0.3 1.38e+03    -  3.05e-03 7.09e-04h  4
 249  2.1686437e+02 3.20e+02 9.33e+04   0.3 1.48e+03    -  1.80e-03 7.58e-04h  4
iter    objective    inf_pr   inf_du lg(mu)  ||d||  lg(rg) alpha_du alpha_pr  ls
 250  2.1705146e+02 3.23e+02 1.02e+05   0.3 1.49e+03    -  2.02e-03 6.60e-04h  4
 251  2.1723126e+02 3.25e+02 1.07e+05   0.3 1.63e+03    -  1.21e-03 6.31e-04h  4
 252  2.1740490e+02 3.27e+02 1.10e+05   0.3 1.63e+03    -  1.09e-03 5.88e-04h  4
 253  2.1772589e+02 3.32e+02 1.31e+05   0.3 1.61e+03    -  3.44e-03 1.02e-03h  3
 254  2.1914075e+02 3.61e+02 1.15e+05   0.3 1.63e+03    -  1.81e-03 3.35e-03w  1
 255  2.1971125e+02 3.65e+02 1.40e+05   0.3 1.96e+03    -  2.79e-03 1.10e-03w  1
 256  2.2147428e+02 3.95e+02 1.20e+05   0.3 2.22e+03    -  1.91e-03 3.01e-03w  1
 257  2.1834244e+02 3.39e+02 1.32e+05   0.3 2.22e+03    -  1.81e-03 1.67e-03h  1
 258  2.1867750e+02 3.40e+02 1.50e+05   0.3 1.69e+03    -  2.25e-03 7.83e-04h  2
 259  2.1897197e+02 3.43e+02 1.48e+05   0.3 1.60e+03    -  7.58e-04 9.16e-04h  1
iter    objective    inf_pr   inf_du lg(mu)  ||d||  lg(rg) alpha_du alpha_pr  ls
 260  2.1989738e+02 3.61e+02 1.34e+05   0.3 1.73e+03    -  1.40e-03 2.50e-03h  1
 261  2.2030449e+02 3.64e+02 1.66e+05   0.3 1.78e+03    -  2.79e-03 9.59e-04h  2
 262  2.2061887e+02 3.66e+02 1.63e+05   0.3 1.74e+03    -  5.99e-04 7.28e-04h  2
 263  2.2073727e+02 3.66e+02 2.11e+05   0.3 1.50e+03    -  2.98e-03 5.19e-04h  2
 264  2.2103099e+02 3.68e+02 2.09e+05   0.3 1.56e+03    -  9.19e-04 9.80e-04h  1
 265  2.2134539e+02 3.71e+02 2.11e+05   0.3 1.66e+03    -  1.08e-03 1.02e-03h  1
 266  2.2173817e+02 3.71e+02 2.17e+05   0.3 1.77e+03    -  1.15e-03 9.42e-04h  2
 267  2.2186715e+02 3.71e+02 2.52e+05   0.3 1.79e+03    -  1.36e-03 2.56e-04h  4
 268  2.2257645e+02 3.69e+02 2.09e+05   0.3 1.67e+03    -  6.02e-05 1.32e-03h  2
 269  2.2346071e+02 3.67e+02 2.26e+05   0.3 1.73e+03    -  1.61e-03 1.23e-03h  1
iter    objective    inf_pr   inf_du lg(mu)  ||d||  lg(rg) alpha_du alpha_pr  ls
 270  2.2364246e+02 3.66e+02 2.49e+05   0.3 2.01e+03    -  6.63e-04 2.25e-04h  1
 271  2.2459961e+02 3.64e+02 2.22e+05   0.3 2.06e+03    -  6.97e-04 1.09e-03h  1
 272  2.2476546e+02 3.63e+02 2.57e+05   0.3 2.44e+03    -  6.12e-04 1.71e-04h  1
 273  2.2503277e+02 3.63e+02 2.69e+05   0.3 2.12e+03    -  4.68e-04 2.95e-04h  3
 274  2.2547614e+02 3.63e+02 3.03e+05   0.3 2.29e+03    -  9.50e-04 4.97e-04h  2
 275  2.2564160e+02 3.64e+02 3.54e+05   0.3 2.18e+03    -  8.71e-04 1.86e-04h  4
 276  2.2593628e+02 3.64e+02 3.53e+05   0.3 2.18e+03    -  4.19e-04 4.29e-04h  3
 277  2.2637874e+02 3.65e+02 3.57e+05   0.3 2.86e+03    -  7.22e-04 6.73e-04h  2
 278  2.2670826e+02 3.65e+02 3.85e+05   0.3 2.76e+03    -  9.15e-04 4.97e-04h  2
 279  2.2715144e+02 3.66e+02 3.73e+05   0.3 2.57e+03    -  4.35e-04 5.80e-04h  2
iter    objective    inf_pr   inf_du lg(mu)  ||d||  lg(rg) alpha_du alpha_pr  ls
 280  2.2745040e+02 3.67e+02 3.61e+05   0.3 3.38e+03    -  3.17e-04 4.68e-04h  3
 281  2.2757520e+02 3.67e+02 4.17e+05   0.3 4.00e+03    -  9.00e-04 2.02e-04h  4
 282  2.2771929e+02 3.68e+02 4.03e+05   0.3 3.95e+03    -  6.48e-05 2.37e-04h  4
 283  2.2911285e+02 3.85e+02 3.23e+05   0.3 4.04e+03    -  7.91e-04 1.80e-03w  1
 284  2.2938571e+02 3.85e+02 4.63e+05   0.3 3.37e+03    -  1.84e-03 3.45e-04w  1
 285  2.2965449e+02 3.86e+02 4.27e+05   0.3 2.88e+03    -  9.22e-05 3.63e-04w  1
 286  2.2787596e+02 3.68e+02 4.47e+05   0.3 2.72e+03    -  7.91e-04 2.25e-04h  3
 287  2.2800606e+02 3.68e+02 4.54e+05   0.3 3.02e+03    -  3.14e-04 2.29e-04h  3
 288  2.2826231e+02 3.68e+02 5.88e+05   0.3 3.01e+03    -  2.04e-03 4.09e-04h  2
 289  2.2849479e+02 3.69e+02 5.56e+05   0.3 2.38e+03    -  4.79e-05 4.27e-04h  2
iter    objective    inf_pr   inf_du lg(mu)  ||d||  lg(rg) alpha_du alpha_pr  ls
 290  2.2868717e+02 3.69e+02 5.68e+05   0.3 2.65e+03    -  4.44e-04 3.04e-04h  2
 291  2.2878097e+02 3.69e+02 6.63e+05   0.3 2.63e+03    -  1.06e-03 1.54e-04h  3
 292  2.2901147e+02 3.69e+02 7.08e+05   0.3 2.41e+03    -  7.52e-04 3.52e-04h  2
 293  2.2967002e+02 3.71e+02 6.97e+05   0.3 2.08e+03    -  8.49e-04 9.41e-04h  1
 294  2.2979333e+02 3.71e+02 7.62e+05   0.3 2.16e+03    -  6.25e-04 1.59e-04h  3
 295  2.2997789e+02 3.71e+02 7.84e+05   0.3 2.52e+03    -  3.69e-04 2.46e-04h  3
 296  2.3019235e+02 3.71e+02 9.84e+05   0.3 2.80e+03    -  1.59e-03 2.68e-04h  3
 297  2.3031502e+02 3.71e+02 1.01e+06   0.3 2.73e+03    -  3.06e-04 1.43e-04h  4
 298  2.3057834e+02 3.71e+02 9.67e+05   0.3 2.32e+03    -  1.78e-05 2.97e-04h  3
 299  2.3071757e+02 3.71e+02 1.05e+06   0.3 2.51e+03    -  7.72e-04 1.82e-04h  3
iter    objective    inf_pr   inf_du lg(mu)  ||d||  lg(rg) alpha_du alpha_pr  ls
 300  2.3085913e+02 3.71e+02 1.04e+06   0.3 2.53e+03    -  1.81e-04 2.41e-04h  3
 301  2.3098689e+02 3.71e+02 1.07e+06   0.3 2.77e+03    -  4.15e-04 1.94e-04h  3
 302  2.3113676e+02 3.71e+02 1.06e+06   0.3 2.49e+03    -  1.81e-04 2.74e-04h  2
 303  2.3128295e+02 3.71e+02 1.04e+06   0.3 1.76e+03    -  9.52e-05 2.98e-04h  2
 304  2.3172252e+02 3.73e+02 1.01e+06   0.3 3.07e+03    -  7.54e-04 1.01e-03w  1
 305  2.3172728e+02 3.73e+02 1.18e+06   0.3 3.21e+03    -  1.25e-03 1.18e-05w  1
 306  2.3181948e+02 3.73e+02 1.16e+06   0.3 2.87e+03    -  3.14e-05 1.86e-04w  1
 307  2.3136838e+02 3.71e+02 1.09e+06   0.3 2.77e+03    -  7.54e-04 2.53e-04h  2
 308  2.3151204e+02 3.71e+02 1.09e+06   0.3 3.35e+03    -  4.83e-04 4.22e-04h  2
 309  2.3167547e+02 3.71e+02 1.10e+06   0.3 3.67e+03    -  5.38e-04 4.03e-04h  1
iter    objective    inf_pr   inf_du lg(mu)  ||d||  lg(rg) alpha_du alpha_pr  ls
 310  2.3167833e+02 3.71e+02 1.11e+06   0.3 2.59e+03    -  5.48e-05 2.31e-05h  1
 311  2.3180903e+02 3.71e+02 1.09e+06   0.3 1.94e+03    -  2.74e-04 3.40e-04h  1
 312  2.3187812e+02 3.71e+02 1.12e+06   0.3 2.18e+03    -  4.69e-04 2.39e-04h  3
 313  2.3193880e+02 3.71e+02 1.22e+06   0.3 2.07e+03    -  9.29e-04 1.82e-04h  3
 314  2.3200077e+02 3.71e+02 1.37e+06   0.3 1.90e+03    -  1.09e-03 1.59e-04h  3
 315  2.3203126e+02 3.71e+02 1.39e+06   0.3 2.83e+03    -  4.25e-04 2.76e-04h  2
 316  2.3221041e+02 3.71e+02 1.56e+06   0.3 1.46e+03    -  8.96e-04 4.14e-04h  2
 317  2.3233345e+02 3.71e+02 1.56e+06   0.3 2.17e+03    -  2.17e-04 2.36e-04h  3
 318  2.3243647e+02 3.71e+02 1.53e+06   0.3 2.12e+03    -  7.33e-05 1.91e-04h  3
 319  2.3254113e+02 3.71e+02 1.50e+06   0.3 2.26e+03    -  4.65e-05 2.06e-04h  3
iter    objective    inf_pr   inf_du lg(mu)  ||d||  lg(rg) alpha_du alpha_pr  ls
 320  2.3265186e+02 3.71e+02 1.62e+06   0.3 2.03e+03    -  9.27e-04 2.14e-04h  2
 321  2.3279641e+02 3.71e+02 1.60e+06   0.3 2.23e+03    -  1.73e-04 2.40e-04h  1
 322  2.3281691e+02 3.71e+02 1.62e+06   0.3 3.11e+03    -  1.24e-04 3.20e-05h  1
 323  2.3305955e+02 3.72e+02 1.65e+06   0.3 2.95e+03    -  5.78e-04 3.80e-04h  2
 324  2.3334614e+02 3.72e+02 1.64e+06   0.3 4.11e+03    -  3.56e-04 4.23e-04h  1
 325  2.3362780e+02 3.73e+02 1.73e+06   0.3 4.09e+03    -  1.12e-03 3.84e-04h  1
 326  2.3396540e+02 3.74e+02 1.77e+06   0.3 4.68e+03    -  6.30e-04 4.34e-04h  1
 327  2.3414637e+02 3.74e+02 1.77e+06   0.3 5.00e+03    -  2.20e-04 2.17e-04h  1
 328  2.3430969e+02 3.74e+02 1.78e+06   0.3 4.52e+03    -  2.41e-04 1.75e-04h  1
 329  2.3450716e+02 3.75e+02 1.75e+06   0.3 3.20e+03    -  4.31e-06 2.36e-04h  2
iter    objective    inf_pr   inf_du lg(mu)  ||d||  lg(rg) alpha_du alpha_pr  ls
 330  2.3474124e+02 3.75e+02 1.86e+06   0.3 3.27e+03    -  8.63e-04 2.64e-04h  1
 331  2.3476281e+02 3.75e+02 1.87e+06   0.3 3.06e+03    -  1.12e-04 3.14e-05h  1
 332  2.3497180e+02 3.75e+02 1.92e+06   0.3 3.68e+03    -  4.52e-04 2.71e-04h  2
 333  2.3519609e+02 3.75e+02 1.97e+06   0.3 4.45e+03    -  4.85e-04 2.62e-04h  2
 334  2.3546249e+02 3.75e+02 1.96e+06   0.3 4.21e+03    -  2.67e-04 3.03e-04h  2
 335  2.3557620e+02 3.75e+02 2.00e+06   0.3 4.01e+03    -  3.04e-04 1.48e-04h  3
 336r 2.3557620e+02 3.75e+02 1.00e+03   1.6 0.00e+00    -  0.00e+00 2.82e-07R 12
 337r 2.2778510e+02 3.10e+02 1.17e+03   1.8 1.45e+04    -  2.14e-03 1.95e-03f  1
 338r 2.2447146e+02 2.72e+02 1.51e+03   1.6 3.97e+03    -  9.84e-03 2.35e-03f  1
 339r 2.2449249e+02 2.49e+02 1.37e+03  -0.4 2.84e+02    -  1.74e-02 8.56e-03f  1
iter    objective    inf_pr   inf_du lg(mu)  ||d||  lg(rg) alpha_du alpha_pr  ls
 340r 2.2076120e+02 3.28e+02 9.14e+03   0.6 1.36e+02    -  2.56e-02 3.02e-02f  1
 341r 2.2125161e+02 3.25e+02 1.31e+04  -0.8 4.32e+01    -  9.60e-02 3.16e-02f  1
 342r 2.2183152e+02 2.97e+02 1.48e+04  -0.6 9.78e+00    -  2.75e-01 9.06e-02f  1
 343r 2.1779236e+02 2.20e+02 1.89e+04  -0.2 1.39e+01    -  2.05e-01 3.10e-01f  1
 344  2.1781175e+02 2.20e+02 1.35e+01  -5.7 3.83e+01    -  4.13e-03 2.84e-04h  1
 345  2.1788753e+02 2.19e+02 3.16e+01  -5.7 1.08e+02    -  1.38e-03 5.98e-04h  1
 346  2.1791401e+02 2.19e+02 1.27e+02  -0.3 2.55e+02    -  1.46e-03 2.62e-04h  1
 347  2.1799229e+02 2.19e+02 1.27e+02  -0.6 2.98e+02    -  6.05e-04 6.00e-04h  1
 348  2.1793078e+02 2.19e+02 2.30e+02   0.5 6.40e+02    -  7.36e-04 3.57e-04f  1
 349  2.1799909e+02 2.19e+02 2.06e+02  -0.4 3.64e+02    -  3.54e-04 4.85e-04h  1
iter    objective    inf_pr   inf_du lg(mu)  ||d||  lg(rg) alpha_du alpha_pr  ls
 350  2.1811578e+02 2.19e+02 2.42e+02  -1.3 3.83e+02    -  7.69e-04 5.84e-04h  1
 351  2.1818538e+02 2.19e+02 6.71e+02   0.1 4.78e+02    -  2.24e-03 5.70e-04h  2
 352  2.1813755e+02 2.22e+02 2.72e+03   0.5 6.71e+02    -  1.11e-03 2.06e-03f  1
 353  2.1821281e+02 2.22e+02 3.53e+03   0.2 7.24e+02    -  9.13e-04 4.59e-04h  2
 354  2.1826300e+02 2.22e+02 4.10e+03   0.2 7.84e+02    -  1.03e-03 2.95e-04h  3
 355  2.1832301e+02 2.22e+02 4.75e+03   0.2 8.33e+02    -  1.70e-03 3.02e-04h  3
 356  2.1839672e+02 2.22e+02 5.58e+03   0.2 8.86e+02    -  7.16e-04 3.62e-04h  3
 357  2.1845960e+02 2.21e+02 6.48e+03   0.2 9.64e+02    -  8.96e-04 3.31e-04h  3
 358  2.1855574e+02 2.21e+02 7.81e+03   0.2 1.00e+03    -  6.26e-04 4.19e-04h  2
 359  2.1861528e+02 2.21e+02 8.73e+03   0.2 1.10e+03    -  1.17e-03 2.52e-04h  3
iter    objective    inf_pr   inf_du lg(mu)  ||d||  lg(rg) alpha_du alpha_pr  ls
 360  2.1870001e+02 2.21e+02 1.00e+04   0.2 1.15e+03    -  1.32e-03 3.32e-04h  3
 361  2.1879205e+02 2.21e+02 1.17e+04   0.2 1.27e+03    -  1.35e-03 3.86e-04h  3
 362  2.1889875e+02 2.21e+02 1.38e+04   0.2 1.38e+03    -  1.19e-03 4.32e-04h  3
 363  2.1952917e+02 2.23e+02 2.64e+04   0.2 1.33e+03    -  3.29e-04 1.95e-03w  1
 364  2.1982407e+02 2.23e+02 3.33e+04   0.2 1.01e+03    -  6.80e-04 7.85e-04w  1
 365  2.2018192e+02 2.23e+02 4.13e+04   0.2 7.98e+02    -  7.86e-04 9.00e-04w  1
 366  2.1903291e+02 2.21e+02 1.64e+04   0.2 8.49e+02    -  3.29e-04 4.88e-04h  2
 367  2.1914348e+02 2.21e+02 1.96e+04   0.2 8.48e+02    -  6.45e-04 7.65e-04h  2
 368  2.1926872e+02 2.21e+02 2.24e+04   0.2 8.21e+02    -  9.92e-04 5.47e-04h  2
 369  2.1938410e+02 2.21e+02 2.49e+04   0.2 6.71e+02    -  2.20e-04 6.26e-04h  1
iter    objective    inf_pr   inf_du lg(mu)  ||d||  lg(rg) alpha_du alpha_pr  ls
 370  2.1951951e+02 2.21e+02 2.77e+04   0.2 7.04e+02    -  1.18e-03 5.42e-04h  2
 371  2.1960904e+02 2.21e+02 2.97e+04   0.2 8.68e+02    -  4.43e-04 3.47e-04h  2
 372  2.1967345e+02 2.21e+02 3.16e+04   0.2 9.44e+02    -  5.74e-04 2.81e-04h  2
 373  2.1975338e+02 2.21e+02 3.40e+04   0.2 1.16e+03    -  7.19e-04 3.12e-04h  2
 374  2.1981265e+02 2.21e+02 3.59e+04   0.2 1.36e+03    -  2.79e-04 2.34e-04h  3
 375  2.1988154e+02 2.21e+02 3.81e+04   0.2 1.20e+03    -  1.84e-04 3.65e-04h  3
 376  2.1995089e+02 2.20e+02 4.01e+04   0.2 1.15e+03    -  1.63e-03 3.71e-04h  2
 377  2.1996994e+02 2.20e+02 4.16e+04   0.2 1.49e+03    -  3.25e-04 2.51e-04h  3
 378  2.1998551e+02 2.20e+02 4.31e+04   0.2 1.74e+03    -  6.82e-04 2.30e-04h  3
 379  2.1999249e+02 2.20e+02 4.40e+04   0.2 1.68e+03    -  3.83e-04 1.43e-04h  4
iter    objective    inf_pr   inf_du lg(mu)  ||d||  lg(rg) alpha_du alpha_pr  ls
 380  2.2015513e+02 2.18e+02 9.03e+04   0.2 1.67e+03    -  9.77e-05 1.40e-03w  1
 381  2.2014011e+02 2.22e+02 1.12e+05   0.2 1.20e+03    -  1.10e-03 1.98e-03w  1
 382  2.2013041e+02 2.22e+02 1.15e+05   0.2 1.26e+03    -  1.21e-03 4.57e-04w  1
 383  2.2000524e+02 2.20e+02 4.53e+04   0.2 2.05e+03    -  9.77e-05 1.75e-04h  3
 384  2.2004273e+02 2.20e+02 4.61e+04   0.2 2.10e+03    -  2.18e-04 1.70e-04h  4
 385  2.2008411e+02 2.20e+02 4.72e+04   0.2 2.13e+03    -  4.64e-04 1.72e-04h  4
 386  2.2010401e+02 2.20e+02 4.79e+04   0.2 2.03e+03    -  4.33e-04 1.03e-04h  5
 387  2.2013246e+02 2.20e+02 4.87e+04   0.2 1.73e+03    -  1.41e-03 1.85e-04h  4
 388  2.2015127e+02 2.20e+02 4.94e+04   0.2 2.03e+03    -  6.08e-04 1.83e-04h  4
 389  2.2014981e+02 2.20e+02 5.02e+04   0.2 1.86e+03    -  3.82e-04 1.60e-04h  4
iter    objective    inf_pr   inf_du lg(mu)  ||d||  lg(rg) alpha_du alpha_pr  ls
 390  2.2014582e+02 2.20e+02 5.09e+04   0.2 1.99e+03    -  8.22e-04 8.76e-05h  5
 391  2.2014514e+02 2.20e+02 5.11e+04   0.2 2.08e+03    -  6.79e-04 1.89e-05h  7
 392r 2.2014514e+02 2.20e+02 9.99e+02   1.5 0.00e+00    -  0.00e+00 3.11e-07R 13
 393r 2.1989232e+02 2.02e+02 1.05e+03   0.6 2.82e+04    -  2.36e-03 5.74e-04f  1
 394  2.1989419e+02 2.02e+02 3.30e+02  -1.8 1.05e+02    -  3.97e-03 1.22e-05h  1
 395  2.1992152e+02 2.02e+02 8.23e+02   0.3 5.60e+02    -  1.36e-03 3.39e-04f  1
 396  2.1994485e+02 2.02e+02 1.32e+03  -1.3 5.98e+02    -  9.95e-04 8.96e-05h  4
 397  2.1987707e+02 2.03e+02 4.26e+03   0.5 8.76e+02    -  6.77e-04 1.03e-03f  1
 398  2.1985926e+02 2.03e+02 4.46e+03  -0.0 9.67e+02    -  1.19e-03 3.73e-04h  2
 399  2.1939378e+02 2.04e+02 4.87e+03   1.1 1.69e+03    -  1.48e-03 5.21e-04f  1
iter    objective    inf_pr   inf_du lg(mu)  ||d||  lg(rg) alpha_du alpha_pr  ls
 400  2.1945966e+02 2.04e+02 4.90e+03  -1.1 1.10e+03    -  7.59e-04 6.64e-04h  2
 401  2.1948807e+02 2.04e+02 4.98e+03  -0.5 1.34e+03    -  1.04e-03 4.15e-04h  3
 402  2.1837948e+02 2.15e+02 5.67e+03   0.9 2.38e+03    -  1.23e-03 2.20e-03f  1
 403  2.1838410e+02 2.15e+02 5.83e+03  -5.7 2.34e+03    -  1.00e-03 2.40e-04h  2
 404  2.1838829e+02 2.15e+02 6.04e+03  -0.3 2.57e+03    -  1.63e-03 3.84e-04h  2
 405  2.1760657e+02 2.17e+02 6.59e+03   1.2 3.84e+03    -  2.00e-03 8.30e-04f  1
 406  2.1758208e+02 2.17e+02 6.83e+03   0.5 2.74e+03    -  2.04e-03 3.10e-04h  3
 407  2.1641652e+02 2.22e+02 7.96e+03   1.3 3.41e+03    -  1.99e-03 1.33e-03f  1
 408  2.1658765e+02 2.22e+02 8.69e+03  -5.7 1.97e+03    -  9.21e-04 6.00e-04h  1
 409  2.1669908e+02 2.22e+02 9.24e+03  -5.7 1.75e+03    -  6.77e-04 3.22e-04h  1
iter    objective    inf_pr   inf_du lg(mu)  ||d||  lg(rg) alpha_du alpha_pr  ls
 410  2.1592187e+02 2.24e+02 1.33e+04   1.8 3.76e+03    -  5.84e-04 5.07e-04f  1
 411  2.1560958e+02 2.27e+02 2.06e+04   1.4 2.61e+03    -  1.35e-03 1.14e-03f  1
 412  2.1509274e+02 2.30e+02 2.89e+04   1.6 3.24e+03    -  1.83e-03 9.90e-04f  1
 413  2.1476114e+02 2.32e+02 3.62e+04   1.7 2.97e+03    -  1.54e-03 6.54e-04f  1
 414  2.1484719e+02 2.32e+02 3.81e+04   0.9 2.05e+03    -  1.71e-03 2.79e-04h  3
 415  2.1364708e+02 2.53e+02 4.87e+04   2.0 4.15e+03    -  1.56e-03 9.77e-04f  1
 416  2.1373127e+02 2.53e+02 5.00e+04  -5.6 1.66e+03    -  1.63e-03 1.91e-04h  4
 417  2.1383359e+02 2.52e+02 5.12e+04  -0.3 1.56e+03    -  1.19e-03 2.18e-04h  4
 418  2.1386205e+02 2.52e+02 5.64e+04   0.6 1.75e+03    -  6.23e-04 8.25e-05h  6
 419  2.1327275e+02 2.52e+02 9.14e+04   1.8 2.21e+03    -  1.22e-03 1.39e-03f  1
iter    objective    inf_pr   inf_du lg(mu)  ||d||  lg(rg) alpha_du alpha_pr  ls
 420  2.1101510e+02 2.93e+02 3.11e+05   2.3 4.32e+03    -  6.62e-04 7.90e-04f  1
 421  2.1109866e+02 2.93e+02 3.19e+05  -5.6 2.81e+03    -  2.67e-03 1.18e-04h  4
 422  2.1116380e+02 2.93e+02 3.28e+05   1.1 3.74e+03    -  1.84e-03 1.09e-04h  4
 423  2.1125824e+02 2.93e+02 3.39e+05   1.5 4.43e+03    -  1.55e-03 1.81e-04h  4
 424  2.1127712e+02 2.93e+02 3.43e+05   1.4 3.80e+03    -  1.53e-03 3.09e-05h  7
 425  2.1128316e+02 2.93e+02 3.45e+05   2.1 5.68e+03    -  3.76e-03 1.69e-05h  8
 426  2.1136169e+02 2.93e+02 3.64e+05  -5.5 5.44e+03    -  6.30e-04 1.59e-04h  5
 427  2.1143663e+02 2.93e+02 3.84e+05  -5.5 5.59e+03    -  1.73e-04 1.54e-04h  5
 428  2.1115672e+02 3.16e+02 6.49e+05   2.5 1.07e+04    -  8.69e-04 1.23e-03f  1
 429  2.1116286e+02 3.16e+02 6.50e+05   0.4 2.16e+03    -  1.84e-03 1.44e-05h  7
iter    objective    inf_pr   inf_du lg(mu)  ||d||  lg(rg) alpha_du alpha_pr  ls
 430r 2.1116286e+02 3.16e+02 9.99e+02   1.7 0.00e+00    -  0.00e+00 4.92e-07R 13
 431r 2.1114503e+02 2.51e+02 1.05e+03  -4.5 4.79e+04    -  2.17e-03 1.15e-03f  1
 432  2.1114878e+02 2.51e+02 1.98e+02  -5.7 1.38e+02    -  5.32e-03 2.65e-05h  1
 433  2.1119455e+02 2.51e+02 3.69e+02  -0.2 7.20e+02    -  1.05e-03 2.05e-04h  2
 434r 2.1119455e+02 2.51e+02 9.99e+02   1.3 0.00e+00    -  0.00e+00 4.53e-07R 11
 435r 2.1086273e+02 2.36e+02 9.98e+02   0.3 1.68e+04    -  8.05e-04 6.68e-04f  1
 436  2.1086648e+02 2.36e+02 3.42e+02  -5.7 1.19e+02    -  8.85e-03 2.55e-05h  1
 437  2.1091456e+02 2.36e+02 5.72e+02  -1.0 4.93e+02    -  1.55e-03 1.62e-04h  3
 438  2.1092400e+02 2.36e+02 1.24e+03  -0.2 6.13e+02    -  3.14e-03 3.32e-05h  5
 439  2.1074754e+02 2.40e+02 1.13e+03   0.8 1.39e+03    -  1.16e-03 1.42e-03f  1
iter    objective    inf_pr   inf_du lg(mu)  ||d||  lg(rg) alpha_du alpha_pr  ls
 440  2.1113644e+02 2.41e+02 1.51e+03  -5.7 9.12e+02    -  1.90e-03 9.27e-04h  1
 441  2.1137063e+02 2.41e+02 1.23e+03   0.2 1.31e+03    -  1.10e-04 6.64e-04h  2
 442  2.1140055e+02 2.41e+02 1.55e+03   0.2 1.30e+03    -  7.15e-04 9.50e-05h  4
 443  2.1140929e+02 2.41e+02 1.68e+03   0.2 1.32e+03    -  2.73e-04 2.81e-05h  6
 444r 2.1140929e+02 2.41e+02 9.99e+02   1.3 0.00e+00    -  0.00e+00 4.69e-07R 12
 445r 2.1080755e+02 2.17e+02 9.98e+02   0.7 2.03e+04    -  3.84e-03 1.04e-03f  1
 446  2.1081237e+02 2.17e+02 6.72e+02  -0.9 9.41e+01    -  1.38e-02 2.61e-05h  1
 447  2.1090712e+02 2.17e+02 1.75e+03   0.1 6.82e+02    -  1.61e-03 2.16e-04h  1
 448  2.1099235e+02 2.16e+02 8.59e+03   0.3 1.09e+03    -  2.24e-03 2.14e-04h  3
 449  2.1102387e+02 2.16e+02 1.71e+04   0.6 1.66e+03    -  1.87e-03 9.34e-05h  5
iter    objective    inf_pr   inf_du lg(mu)  ||d||  lg(rg) alpha_du alpha_pr  ls
 450  2.1106585e+02 2.16e+02 2.45e+04   0.2 1.44e+03    -  1.69e-03 9.78e-05h  5
 451  2.1108589e+02 2.16e+02 4.29e+04   0.8 2.15e+03    -  3.07e-03 7.75e-05h  5
 452  2.1109640e+02 2.16e+02 5.79e+04   0.9 2.30e+03    -  1.95e-03 5.75e-05h  6
 453  2.1110094e+02 2.16e+02 8.38e+04   1.0 2.51e+03    -  2.98e-03 2.89e-05h  7
 454  2.1110743e+02 2.16e+02 9.96e+04   0.8 2.06e+03    -  1.83e-03 1.92e-05h  8
 455r 2.1110743e+02 2.16e+02 9.99e+02   0.9 0.00e+00    -  0.00e+00 4.26e-07R 14
 456r 2.1002293e+02 1.67e+02 1.06e+03   1.1 7.81e+03    -  1.69e-03 1.06e-03f  1
 457  2.1002693e+02 1.67e+02 6.92e+02  -5.7 9.47e+01    -  1.78e-02 2.54e-05h  1
 458  2.1004524e+02 1.67e+02 1.15e+03   0.6 1.04e+03    -  1.06e-03 6.53e-05h  2
 459  2.1008447e+02 1.67e+02 7.39e+03   0.5 1.26e+03    -  2.65e-03 1.37e-04h  2
iter    objective    inf_pr   inf_du lg(mu)  ||d||  lg(rg) alpha_du alpha_pr  ls
 460  2.0946712e+02 1.67e+02 2.95e+04   1.6 6.34e+03    -  1.83e-03 4.71e-04f  1
 461  2.0952329e+02 1.67e+02 5.54e+04   0.0 1.23e+03    -  4.35e-03 1.09e-04h  5
 462  2.0955160e+02 1.67e+02 7.46e+04   0.6 1.47e+03    -  2.28e-03 7.37e-05h  6
 463  2.0959875e+02 1.67e+02 9.57e+04   0.3 1.58e+03    -  2.26e-03 1.11e-04h  6
 464  2.0962092e+02 1.67e+02 1.13e+05   0.5 1.90e+03    -  1.64e-03 6.00e-05h  7
 465  2.0964260e+02 1.67e+02 1.44e+05   0.6 1.98e+03    -  2.61e-03 6.80e-05h  7
 466  2.0966688e+02 1.67e+02 1.52e+05   0.8 2.14e+03    -  7.01e-04 8.05e-05h  7
 467  2.0968963e+02 1.67e+02 1.77e+05   0.6 2.03e+03    -  1.99e-03 7.91e-05h  7
 468  2.0852226e+02 2.25e+02 1.43e+05   1.6 3.94e+03    -  1.90e-03 3.26e-03f  1
 469  2.0856736e+02 2.25e+02 1.75e+05   1.1 1.60e+03    -  1.59e-03 9.92e-05h  6
iter    objective    inf_pr   inf_du lg(mu)  ||d||  lg(rg) alpha_du alpha_pr  ls
 470  2.0867725e+02 2.25e+02 2.25e+05   1.1 1.56e+03    -  2.24e-03 2.55e-04h  4
 471  2.0869689e+02 2.25e+02 2.66e+05   1.6 2.13e+03    -  1.42e-03 1.92e-04h  4
 472  2.0776797e+02 2.26e+02 2.34e+05   2.0 3.11e+03    -  1.04e-03 1.67e-03f  1
 473  2.0788688e+02 2.26e+02 3.52e+05   0.6 1.33e+03    -  3.78e-03 2.07e-04h  4
 474  2.0797208e+02 2.26e+02 3.99e+05  -5.7 1.17e+03    -  1.46e-03 1.35e-04h  5
 475  2.0816669e+02 2.26e+02 4.71e+05   1.1 1.27e+03    -  2.30e-03 3.41e-04h  4
 476  2.0825771e+02 2.26e+02 6.13e+05   1.9 2.32e+03    -  2.61e-03 5.25e-04h  3
 477  2.0839764e+02 2.27e+02 6.70e+05   1.4 1.80e+03    -  1.27e-03 3.29e-04h  4
 478  2.0839703e+02 2.27e+02 1.05e+06   1.9 2.68e+03    -  4.44e-03 1.30e-04h  5
 479  2.0845403e+02 2.27e+02 1.21e+06   1.4 2.65e+03    -  1.78e-03 1.32e-04h  6
iter    objective    inf_pr   inf_du lg(mu)  ||d||  lg(rg) alpha_du alpha_pr  ls
 480  2.0850933e+02 2.27e+02 1.40e+06   1.5 3.41e+03    -  1.84e-03 1.43e-04h  6
 481  2.0847641e+02 2.27e+02 1.67e+06   2.1 4.50e+03    -  1.97e-03 1.71e-04h  5
 482  2.0746300e+02 2.28e+02 2.05e+06   2.5 6.46e+03    -  2.54e-03 1.07e-03f  2
 483  2.0745314e+02 2.28e+02 3.90e+06   2.6 4.93e+03    -  4.97e-03 1.87e-05h  8
 484  2.0746989e+02 2.28e+02 7.41e+06   2.4 3.02e+03    -  8.35e-03 6.22e-05h  7
 485  2.0745330e+02 2.28e+02 9.99e+06   2.9 5.61e+03    -  2.87e-03 4.50e-05h  7
 486  2.0744348e+02 2.28e+02 1.73e+07   2.9 4.23e+03    -  5.95e-03 6.64e-05h  7
 487  2.0743238e+02 2.28e+02 2.61e+07   3.2 4.51e+03    -  3.36e-03 2.72e-05h  8
 488  2.0742155e+02 2.28e+02 3.68e+07   3.3 4.23e+03    -  3.26e-03 5.74e-05h  7
 489r 2.0742155e+02 2.28e+02 1.00e+03   3.4 0.00e+00    -  0.00e+00 4.95e-07R 14
iter    objective    inf_pr   inf_du lg(mu)  ||d||  lg(rg) alpha_du alpha_pr  ls
 490r 2.0730524e+02 1.90e+02 1.03e+03  -2.9 4.32e+02    -  1.81e-01 7.71e-02f  1
 491  2.0731080e+02 1.90e+02 1.18e+04  -0.5 1.05e+02    -  6.46e-02 3.68e-05h  1
 492  2.0748105e+02 1.90e+02 4.17e+04   0.8 9.21e+02    -  3.58e-03 3.78e-04h  2
 493  2.0751489e+02 1.90e+02 2.25e+05   1.2 1.37e+03    -  9.97e-03 1.29e-04h  4
 494  2.0752812e+02 1.90e+02 3.66e+05   1.2 1.38e+03    -  4.15e-03 2.01e-05h  8
 495r 2.0752812e+02 1.90e+02 9.99e+02   1.5 0.00e+00    -  0.00e+00 3.23e-07R 14
 496r 2.0184068e+02 1.79e+02 1.21e+03   1.6 4.37e+03    -  5.06e-03 2.53e-03f  1
 497r 2.0124771e+02 1.27e+02 1.89e+03   0.4 3.90e+02    -  2.40e-02 6.97e-03f  1
 498r 1.9955991e+02 8.05e+01 1.73e+03   0.4 4.97e+01    -  4.05e-02 2.63e-02f  1
 499r 2.0001568e+02 5.70e+01 1.37e+03  -0.5 1.54e+01    -  2.87e-01 6.58e-02f  1
iter    objective    inf_pr   inf_du lg(mu)  ||d||  lg(rg) alpha_du alpha_pr  ls
 500r 1.9565116e+02 6.83e+01 1.07e+03  -0.1 1.22e+01    -  2.51e-01 3.29e-01f  1
 501  1.9567122e+02 6.83e+01 1.54e+01  -1.6 5.76e+01    -  4.94e-03 3.03e-04h  1
 502  1.9580148e+02 6.82e+01 1.05e+02  -1.4 1.09e+02    -  6.40e-03 9.32e-04h  1
 503  1.9588648e+02 6.81e+01 1.92e+02  -0.2 2.76e+02    -  1.96e-03 4.61e-04h  1
 504  1.9605847e+02 6.76e+01 4.13e+02   0.5 6.13e+02    -  2.99e-03 1.24e-03f  1
 505  1.9636742e+02 6.74e+01 6.06e+02   0.2 6.20e+02    -  2.48e-03 1.16e-03h  2
 506  1.9666897e+02 6.71e+01 7.23e+02   0.2 1.29e+03    -  1.86e-03 1.18e-03h  2
 507  1.9698359e+02 6.68e+01 1.26e+03   0.2 7.95e+02    -  3.71e-03 1.14e-03h  2
 508  1.9717957e+02 6.67e+01 1.59e+03   0.2 1.55e+03    -  2.12e-03 7.09e-04h  3
 509  1.9754027e+02 6.63e+01 1.58e+03   0.2 9.84e+02    -  1.20e-03 1.23e-03h  2
iter    objective    inf_pr   inf_du lg(mu)  ||d||  lg(rg) alpha_du alpha_pr  ls
 510  1.9773531e+02 6.61e+01 3.16e+03   0.2 1.31e+03    -  5.37e-03 5.93e-04h  3
 511  1.9773916e+02 6.61e+01 4.48e+03   0.2 1.38e+03    -  3.27e-03 1.22e-05h  9
 512  1.9803620e+02 6.58e+01 5.40e+03   0.2 1.34e+03    -  2.88e-03 8.60e-04h  3
 513  1.9829207e+02 6.57e+01 7.27e+03   0.2 1.60e+03    -  4.07e-03 6.71e-04h  3
 514  1.9844564e+02 6.57e+01 8.26e+03   0.2 1.84e+03    -  1.77e-03 4.02e-04h  4
 515  1.9962406e+02 6.66e+01 9.05e+03   0.2 1.98e+03    -  3.76e-03 2.76e-03w  1
 516  2.0061384e+02 6.76e+01 8.79e+03   0.2 2.02e+03    -  1.83e-03 2.03e-03w  1
 517  2.0115383e+02 6.80e+01 1.37e+04   0.2 2.10e+03    -  2.57e-03 9.99e-04w  1
 518  1.9872320e+02 6.57e+01 1.08e+04   0.2 2.69e+03    -  3.76e-03 6.90e-04h  2
 519  1.9889760e+02 6.57e+01 1.22e+04   0.2 2.12e+03    -  1.82e-03 4.45e-04h  4
iter    objective    inf_pr   inf_du lg(mu)  ||d||  lg(rg) alpha_du alpha_pr  ls
 520  1.9899465e+02 6.57e+01 1.59e+04   0.2 2.46e+03    -  3.00e-03 2.28e-04h  5
 521  1.9906660e+02 6.58e+01 2.77e+04   0.2 2.77e+03    -  3.75e-03 1.74e-04h  5
 522  1.9915101e+02 6.58e+01 3.95e+04   0.2 2.70e+03    -  3.06e-03 1.74e-04h  5
 523  1.9924130e+02 6.58e+01 4.26e+04   0.2 2.80e+03    -  8.03e-04 1.82e-04h  5
 524  1.9933007e+02 6.58e+01 4.76e+04   0.2 2.84e+03    -  1.05e-03 1.69e-04h  5
 525  1.9946703e+02 6.58e+01 5.03e+04   0.2 2.83e+03    -  7.12e-04 2.51e-04h  4
 526  1.9952149e+02 6.59e+01 5.35e+04   0.2 2.84e+03    -  5.96e-04 9.92e-05h  6
 527  1.9956119e+02 6.59e+01 7.37e+04   0.2 2.75e+03    -  3.13e-03 6.82e-05h  6
 528  2.0172310e+02 1.42e+02 5.13e+04   0.2 2.81e+03    -  4.98e-04 3.38e-03w  1
 529  2.0190134e+02 1.42e+02 5.24e+04   0.2 1.87e+03    -  3.46e-04 2.49e-04w  1
iter    objective    inf_pr   inf_du lg(mu)  ||d||  lg(rg) alpha_du alpha_pr  ls
 530  2.0252295e+02 1.42e+02 6.34e+04   0.2 1.73e+03    -  1.70e-03 8.09e-04w  1
 531  1.9956868e+02 6.59e+01 7.74e+04   0.2 2.04e+03    -  4.98e-04 1.32e-05h  8
 532  2.0003041e+02 6.66e+01 9.45e+04   0.2 2.74e+03    -  2.89e-03 7.56e-04h  3
 533  2.0015311e+02 6.67e+01 1.08e+05   0.2 2.72e+03    -  1.59e-03 1.87e-04h  4
 534  2.0023704e+02 6.67e+01 1.30e+05   0.2 2.57e+03    -  2.14e-03 1.25e-04h  5
 535r 2.0023704e+02 6.67e+01 9.99e+02   1.0 0.00e+00    -  0.00e+00 2.91e-07R 14
 536r 2.0023532e+02 6.24e+01 1.10e+03  -0.7 8.88e+03    -  2.21e-03 1.08e-03f  1
 537  2.0023983e+02 6.24e+01 2.02e+03  -0.7 2.59e+02    -  3.45e-02 2.78e-05h  1
 538  2.0060946e+02 6.23e+01 3.07e+03  -0.7 1.07e+03    -  3.08e-03 7.07e-04h  1
 539  2.0070587e+02 6.23e+01 3.44e+03  -5.7 1.10e+03    -  7.33e-04 1.92e-04h  2
iter    objective    inf_pr   inf_du lg(mu)  ||d||  lg(rg) alpha_du alpha_pr  ls
 540  2.0072434e+02 6.23e+01 4.05e+03  -1.2 1.14e+03    -  8.35e-04 3.74e-05h  5
 541r 2.0072434e+02 6.23e+01 9.99e+02   0.4 0.00e+00    -  0.00e+00 4.69e-07R 12
 542r 1.9763611e+02 5.13e+01 1.16e+03   1.5 2.42e+03    -  1.59e-03 9.99e-04f  1
 543r 1.9769857e+02 4.22e+01 1.38e+03  -1.1 2.51e+02    -  1.22e-02 2.47e-03f  1
 544r 1.9833719e+02 4.07e+01 1.23e+03  -1.8 2.98e+01    -  6.65e-02 1.36e-02f  1
 545r 1.9943904e+02 3.99e+01 1.05e+03  -1.2 1.39e+01    -  8.68e-02 2.48e-02f  1
 546r 2.0070132e+02 3.59e+01 1.45e+03  -0.2 1.74e+01    -  4.36e-02 1.45e-01f  1
 547r 2.0447136e+02 4.49e+01 1.34e+03  -5.7 1.22e+01    -  8.65e-02 9.37e-02f  1
 548r 2.0633390e+02 6.68e+01 1.28e+03  -5.8 1.17e+01    -  4.90e-02 5.72e-02f  1
 549r 2.0904220e+02 6.31e+01 1.27e+03  -1.9 1.09e+01    -  5.02e-02 8.90e-02f  1
iter    objective    inf_pr   inf_du lg(mu)  ||d||  lg(rg) alpha_du alpha_pr  ls
 550r 2.1136525e+02 6.82e+01 1.15e+03  -1.9 1.00e+01    -  8.95e-02 7.36e-02f  1
 551r 2.1338426e+02 7.15e+01 1.06e+03  -5.9 9.53e+00    -  7.33e-02 5.65e-02f  1
 552r 2.1723093e+02 6.07e+01 8.71e+02  -1.1 7.93e+00    -  1.91e-01 1.51e-01f  1
 553r 2.1846742e+02 6.59e+01 7.34e+02  -0.8 9.11e+00    -  1.64e-01 1.58e-01f  1
 554r 2.2020767e+02 5.60e+01 6.15e+02  -1.0 9.44e+00    -  2.12e-01 1.61e-01f  1
 555r 2.2363163e+02 1.25e+02 5.26e+02  -1.3 1.20e+01    -  1.44e-01 2.22e-01f  1
 556r 2.2359233e+02 1.08e+02 5.52e+02  -0.9 1.73e+01    -  2.41e-01 1.41e-01f  1
 557r 2.2632266e+02 9.20e+01 5.57e+02  -2.4 1.41e+01    -  1.81e-01 1.43e-01f  1
 558r 2.2369088e+02 7.43e+01 6.97e+02  -0.8 2.53e+01    -  1.50e-01 2.15e-01f  1
 559r 2.2699404e+02 5.63e+01 6.69e+02  -1.6 1.55e+01    -  3.18e-01 2.43e-01f  1
iter    objective    inf_pr   inf_du lg(mu)  ||d||  lg(rg) alpha_du alpha_pr  ls
 560r 2.2814820e+02 5.55e+01 8.34e+02  -1.4 1.79e+01    -  2.76e-01 1.12e-01f  1
 561r 2.2931279e+02 5.72e+01 1.04e+03  -1.4 2.12e+01    -  2.45e-01 1.49e-01f  1
 562r 2.2319138e+02 6.09e+01 1.19e+03  -0.7 4.49e+01    -  1.41e-01 1.43e-01f  1
 563r 2.1918689e+02 9.20e+01 1.03e+03  -0.7 3.64e+01    -  1.75e-01 1.52e-01f  1
 564r 2.1989840e+02 7.45e+01 9.49e+02  -1.1 1.36e+01    -  3.16e-01 1.95e-01f  1
 565r 2.2225601e+02 9.61e+01 7.03e+02  -1.2 1.69e+01    -  2.41e-01 2.61e-01f  1
 566r 2.1951235e+02 7.74e+01 1.40e+03  -0.9 1.85e+01    -  2.99e-01 3.09e-01f  1
 567r 2.1615123e+02 8.28e+01 1.67e+03  -0.9 1.48e+01    -  4.42e-01 2.82e-01f  1
 568r 2.1855274e+02 6.82e+01 1.98e+03  -1.4 1.69e+01    -  2.39e-01 1.76e-01f  1
 569r 2.1576001e+02 5.83e+01 2.64e+03  -0.9 1.40e+01    -  3.82e-01 3.77e-01f  1
iter    objective    inf_pr   inf_du lg(mu)  ||d||  lg(rg) alpha_du alpha_pr  ls
 570r 2.1491691e+02 5.81e+01 3.20e+03  -1.0 1.80e+01    -  3.87e-01 2.76e-01f  1
 571r 2.0893523e+02 1.46e+02 3.26e+03  -0.7 2.35e+01    -  2.15e-01 2.85e-01f  1
 572r 2.1000642e+02 9.18e+01 3.53e+03  -1.0 1.51e+01    -  1.03e-01 4.36e-01f  1
 573r 2.1026445e+02 8.31e+01 3.64e+03  -1.0 1.62e+01    -  3.12e-01 1.00e-01f  1
 574r 2.1038455e+02 7.39e+01 3.86e+03  -1.0 1.24e+01    -  4.09e-01 1.40e-01f  1
 575r 2.0537784e+02 5.22e+02 5.71e+03  -0.7 2.37e+01    -  2.75e-01 2.90e-01f  1
 576r 2.0667740e+02 2.01e+02 8.73e+03  -0.9 4.70e+01    -  1.19e-01 2.17e-01f  1
 577r 2.0700774e+02 1.83e+02 8.38e+03  -0.9 2.60e+01    -  1.27e-01 8.99e-02f  1
 578r 2.0714155e+02 1.66e+02 8.05e+03  -0.9 1.97e+01    -  1.44e-01 9.60e-02f  1
 579r 2.0725609e+02 1.38e+02 7.99e+03  -0.9 2.06e+01    -  9.79e-02 1.65e-01f  1
iter    objective    inf_pr   inf_du lg(mu)  ||d||  lg(rg) alpha_du alpha_pr  ls
 580r 2.0704857e+02 3.12e+02 7.49e+03  -0.9 3.11e+01    -  1.90e-01 1.00e-01f  1
 581r 2.0683099e+02 2.55e+02 5.89e+03  -0.9 2.29e+01    -  3.49e-02 1.63e-01f  1
 582r 2.0680456e+02 2.49e+02 5.78e+03  -0.9 1.39e+01    -  3.24e-02 2.28e-02f  1
 583r 2.0683643e+02 2.44e+02 5.33e+03  -0.9 3.51e+01    -  1.69e-01 6.43e-02f  1
 584r 2.0678911e+02 1.86e+02 4.49e+03  -0.9 1.87e+01    -  1.16e-01 2.14e-01f  1
 585r 2.0213221e+02 3.40e+02 8.70e+03  -0.5 2.32e+01    -  9.08e-02 3.72e-01f  1
 586r 2.0288760e+02 2.07e+02 1.66e+04  -0.9 1.99e+01    -  1.56e-01 1.80e-01f  1
 587r 2.0300022e+02 1.87e+02 1.81e+04  -0.9 6.33e+01    -  6.82e-02 7.71e-02f  1
 588r 2.0306363e+02 1.75e+02 1.91e+04  -0.9 7.37e+01    -  1.14e-01 5.00e-02f  1
 589r 2.0279924e+02 1.60e+02 2.02e+04  -0.8 5.32e+01    -  9.75e-02 6.60e-02f  1
iter    objective    inf_pr   inf_du lg(mu)  ||d||  lg(rg) alpha_du alpha_pr  ls
 590r 2.0241180e+02 1.50e+02 1.84e+04  -0.9 7.70e+01    -  9.08e-02 1.19e-01f  1
 591r 2.0229241e+02 1.34e+02 1.58e+04  -0.9 3.99e+01    -  1.13e-01 9.86e-02f  1
 592r 2.0220666e+02 1.22e+02 1.44e+04  -0.9 3.67e+01    -  2.05e-01 8.89e-02f  1
 593r 2.0205938e+02 1.05e+02 1.47e+04  -0.9 2.74e+01    -  6.79e-02 1.37e-01f  1
 594r 2.0154125e+02 1.02e+02 1.44e+04  -0.9 4.19e+01    -  1.16e-01 9.98e-02f  1
 595r 2.0139508e+02 9.38e+01 1.36e+04  -0.9 2.42e+01    -  1.58e-01 7.29e-02f  1
 596r 1.9990191e+02 8.64e+01 1.30e+04  -0.6 4.15e+01    -  1.99e-01 8.60e-02f  1
 597r 1.9952821e+02 1.21e+02 1.03e+04  -0.9 1.93e+01    -  1.07e-01 2.44e-01f  1
 598r 1.9962632e+02 1.14e+02 8.90e+03  -0.9 2.64e+01    -  2.13e-01 1.63e-01f  1
 599r 1.9967682e+02 1.06e+02 8.11e+03  -0.9 1.49e+01    -  3.66e-01 1.01e-01f  1
iter    objective    inf_pr   inf_du lg(mu)  ||d||  lg(rg) alpha_du alpha_pr  ls
 600r 1.9977252e+02 8.62e+01 6.68e+03  -0.9 1.04e+01    -  1.77e-01 1.91e-01f  1
 601r 1.9941691e+02 6.15e+01 4.40e+03  -0.9 1.28e+01    -  3.34e-01 3.01e-01f  1
 602r 1.9953561e+02 8.29e+01 1.35e+04  -0.9 1.78e+01    -  2.90e-01 1.44e-01f  1
 603r 1.9805344e+02 7.57e+01 3.10e+04  -0.9 2.37e+01    -  2.81e-01 3.09e-01f  1
 604r 1.9755087e+02 1.48e+02 2.09e+04  -1.0 1.25e+01    -  1.79e-01 3.69e-01f  1
 605r 1.9773936e+02 1.38e+02 1.93e+04  -1.3 1.10e+01    -  4.21e-01 9.28e-02f  1
 606r 1.9715075e+02 2.02e+02 9.70e+03  -1.0 9.82e+00    -  1.95e-01 6.14e-01f  1
 607r 1.9838819e+02 1.90e+02 8.73e+03  -2.4 1.52e+01    -  2.37e-01 1.83e-01f  1
 608r 1.9913082e+02 2.00e+02 8.65e+03  -1.3 2.50e+01    -  2.95e-01 8.26e-02f  1
 609r 1.9922130e+02 1.86e+02 8.68e+03  -1.1 1.94e+01    -  5.04e-01 9.74e-02f  1
iter    objective    inf_pr   inf_du lg(mu)  ||d||  lg(rg) alpha_du alpha_pr  ls
 610r 2.0061318e+02 1.42e+02 7.97e+03  -1.4 1.34e+01    -  4.28e-01 2.40e-01f  1
 611r 2.0248576e+02 1.43e+02 8.17e+03  -1.2 2.57e+01    -  5.61e-01 4.03e-01f  1
 612r 2.0275135e+02 1.35e+02 8.01e+03  -1.2 1.12e+01    -  5.46e-01 1.79e-01f  1
 613r 2.0292585e+02 1.02e+02 7.54e+03  -1.2 1.27e+01    -  7.62e-01 2.85e-01f  1
 614r 2.0308612e+02 7.45e+01 7.09e+03  -1.2 1.44e+01    -  6.05e-01 5.32e-01f  1
 615r 2.0360419e+02 1.81e+02 6.60e+03  -1.2 1.52e+01    -  5.82e-01 5.14e-01f  1
 616r 2.0564502e+02 4.68e+02 8.28e+03  -1.3 8.47e+00    -  7.14e-01 7.10e-01f  1
 617r 2.0702671e+02 2.59e+02 4.95e+03  -1.5 1.14e+01    -  5.11e-01 3.93e-01f  1
 618r 2.0802817e+02 1.37e+02 4.03e+03  -1.4 1.40e+01    -  5.38e-01 4.58e-01f  1
 619r 2.0899427e+02 1.16e+02 3.76e+03  -1.8 2.44e+01    -  2.36e-01 1.73e-01f  1
iter    objective    inf_pr   inf_du lg(mu)  ||d||  lg(rg) alpha_du alpha_pr  ls
 620r 2.0873618e+02 9.63e+01 3.23e+03  -1.5 1.72e+01    -  4.02e-01 3.31e-01f  1
 621r 2.0783782e+02 1.32e+02 2.95e+03  -1.5 2.50e+01    -  4.84e-01 2.38e-01f  1
 622r 2.0698324e+02 1.46e+02 2.53e+03  -1.5 2.63e+01    -  4.58e-01 2.28e-01f  1
 623r 2.0669422e+02 1.39e+02 5.42e+03  -1.5 2.07e+01    -  3.80e-01 2.90e-01f  1
 624r 2.0601931e+02 1.29e+02 2.72e+03  -1.5 9.56e+00    -  6.06e-01 6.54e-01h  1
 625r 2.0316814e+02 2.03e+02 2.42e+03  -0.8 5.68e+01    -  9.47e-02 1.11e-01f  1
 626r 2.0364746e+02 9.69e+01 6.41e+02  -1.4 9.25e+00    -  5.66e-01 6.82e-01f  1
 627r 2.0325678e+02 4.61e+01 2.41e+02  -1.4 1.21e+01    -  9.28e-01 7.46e-01h  1
 628r 2.0248273e+02 7.22e+01 3.69e+02  -1.4 1.29e+01    -  8.34e-01 6.58e-01f  1
 629r 2.0332236e+02 8.16e+01 1.83e+02  -1.5 1.52e+01    -  4.46e-01 4.51e-01f  1
iter    objective    inf_pr   inf_du lg(mu)  ||d||  lg(rg) alpha_du alpha_pr  ls
 630r 2.0392520e+02 1.11e+02 3.15e+02  -1.4 1.15e+01    -  7.20e-01 6.98e-01h  1
 631r 2.0377176e+02 9.20e+01 2.66e+02  -1.4 9.29e+00    -  5.46e-01 3.09e-01h  1
 632r 2.0408110e+02 1.71e+02 1.15e+02  -1.5 8.59e+00    -  1.00e+00 9.42e-01f  1
 633r 2.0427135e+02 1.20e+02 1.71e+02  -1.5 8.83e+00    -  1.00e+00 7.70e-01h  1
 634r 2.0467822e+02 2.86e+01 1.39e+02  -1.5 2.78e+00    -  1.00e+00 9.94e-01f  1
 635r 2.0482279e+02 1.48e+01 8.77e+01  -1.5 5.27e+00    -  1.00e+00 6.98e-01h  1
 636r 2.0617373e+02 1.33e+01 1.42e+02  -1.7 3.73e+00    -  1.00e+00 8.11e-01f  1
 637r 2.0667508e+02 2.39e+01 4.66e+02  -1.7 7.10e+00    -  8.70e-01 2.23e-01f  1
 638r 2.0800054e+02 4.16e+01 2.97e+02  -1.7 6.05e+00    -  1.00e+00 7.16e-01f  1
 639r 2.0916221e+02 1.61e+01 2.26e+02  -1.7 5.28e+00    -  9.99e-01 6.95e-01h  1
iter    objective    inf_pr   inf_du lg(mu)  ||d||  lg(rg) alpha_du alpha_pr  ls
 640r 2.1016630e+02 2.20e+02 4.20e+02  -1.7 5.18e+00    -  8.50e-01 1.00e+00h  1
 641r 2.1040078e+02 1.67e+01 3.89e+02  -1.7 1.95e+00    -  1.00e+00 1.00e+00f  1
 642r 2.1094981e+02 1.01e+01 3.97e+02  -1.7 3.11e+00    -  1.00e+00 5.25e-01f  1
 643  2.1096563e+02 1.01e+01 2.50e+04   0.1 4.41e+01    -  1.04e-01 1.62e-04h  1
 644  2.1097241e+02 1.01e+01 9.54e+04   1.1 3.54e+02    -  1.15e-02 1.88e-05h  9
 645  2.1099487e+02 1.01e+01 1.50e+05  -0.4 4.03e+02    -  5.30e-03 5.65e-05h  8
 646r 2.1099487e+02 1.01e+01 9.99e+02   1.6 0.00e+00    -  0.00e+00 2.93e-07R 15
 647r 2.0911976e+02 7.24e+00 1.04e+03   0.2 1.17e+02    -  1.29e-01 1.77e-02f  1
 648  2.0913718e+02 7.24e+00 1.02e+03  -0.6 5.23e+01    -  7.44e-02 1.90e-04h  1
 649  2.0916302e+02 7.24e+00 5.99e+03   0.6 2.44e+02    -  1.79e-02 7.57e-05h  6
iter    objective    inf_pr   inf_du lg(mu)  ||d||  lg(rg) alpha_du alpha_pr  ls
 650  2.0917648e+02 7.24e+00 1.29e+05   1.6 6.21e+02    -  2.96e-02 3.29e-05f  7
 651r 2.0917648e+02 7.24e+00 9.98e+02   0.4 0.00e+00    -  0.00e+00 2.63e-07R 16
 652r 2.0906924e+02 4.37e+00 2.08e+03   0.1 1.62e+02    -  1.76e-01 3.81e-03f  1
 653r 2.0944571e+02 2.12e+00 1.37e+03  -1.7 3.72e+00    -  5.61e-01 1.74e-01f  1
 654r 2.1003822e+02 1.19e+01 5.07e+02  -1.3 1.10e+00    -  5.71e-01 6.36e-01f  1
 655r 2.0991106e+02 4.73e+00 1.24e+02  -1.4 1.29e+00    -  8.65e-01 7.87e-01f  1
 656r 2.1007011e+02 7.53e+01 9.12e+01  -1.6 1.93e+00    -  9.71e-01 9.65e-01f  1
 657r 2.1270033e+02 3.76e+01 1.12e+02  -1.7 6.17e+00    -  8.10e-01 7.53e-01f  1
 658r 2.1442376e+02 2.00e+02 2.03e+02  -1.7 4.00e+00    -  1.00e+00 9.57e-01f  1
 659r 2.1384098e+02 9.59e+01 3.56e+02  -1.7 2.72e+00    -  8.84e-01 1.00e+00h  1
iter    objective    inf_pr   inf_du lg(mu)  ||d||  lg(rg) alpha_du alpha_pr  ls
 660r 2.1501815e+02 2.30e+01 2.88e+02  -1.8 2.35e+00    -  1.00e+00 1.00e+00f  1
 661r 2.1564541e+02 1.42e+01 3.25e+02  -1.8 3.23e+00    -  7.12e-01 4.94e-01h  1
 662r 2.1634308e+02 1.07e+02 8.15e+02  -1.8 1.80e+01    -  5.21e-01 5.29e-01h  1
 663r 2.1651833e+02 5.44e+01 1.07e+03  -1.8 9.05e+00    -  7.70e-01 5.03e-01h  1
 664r 2.1705864e+02 3.87e+01 1.12e+03  -1.8 6.53e+00    -  8.85e-01 1.00e+00h  1
 665r 2.1686313e+02 3.77e+01 9.85e+02  -1.8 3.65e+00    -  9.06e-01 6.06e-01h  1
 666r 2.1747279e+02 2.14e+01 9.85e+02  -1.9 2.96e+00    -  9.09e-01 4.36e-01f  1
 667r 2.1774229e+02 3.70e+01 4.77e+02  -1.9 2.03e+00    -  7.42e-01 8.62e-01f  1
 668r 2.1770916e+02 2.39e+01 6.10e+02  -1.9 3.80e+00    -  1.00e+00 4.18e-01h  1
 669r 2.1785223e+02 1.65e+01 5.17e+02  -2.0 4.95e+00    -  9.23e-01 4.49e-01f  1
iter    objective    inf_pr   inf_du lg(mu)  ||d||  lg(rg) alpha_du alpha_pr  ls
 670r 2.1808558e+02 3.10e+01 7.83e+02  -2.0 1.35e+01    -  6.02e-01 5.13e-01f  1
 671r 2.1922113e+02 9.56e+01 8.15e+02  -2.0 1.04e+01    -  1.00e+00 8.85e-01h  1
 672r 2.2024569e+02 5.52e+01 8.85e+02  -2.2 6.53e+00    -  5.26e-01 4.08e-01f  1
 673r 2.2019632e+02 3.83e+01 8.96e+02  -2.0 5.83e+00    -  6.54e-01 2.92e-01h  1
 674r 2.1695791e+02 4.54e+01 6.21e+02  -1.8 8.32e+00    -  2.78e-01 5.68e-01f  1
 675r 2.1735121e+02 2.45e+01 5.69e+02  -2.0 4.99e+00    -  4.03e-01 4.22e-01f  1
 676r 2.1788944e+02 1.06e+01 4.51e+02  -2.0 5.54e+00    -  5.59e-01 5.06e-01f  1
 677r 2.1813561e+02 5.81e+00 3.87e+02  -2.0 3.83e+00    -  1.00e+00 6.92e-01h  1
 678r 2.1825426e+02 1.35e+02 4.42e+02  -2.0 8.53e+00    -  8.29e-01 8.04e-01h  1
 679r 2.1946992e+02 3.21e+01 5.46e+02  -2.1 8.40e+00    -  7.71e-01 8.92e-01f  1
iter    objective    inf_pr   inf_du lg(mu)  ||d||  lg(rg) alpha_du alpha_pr  ls
 680r 2.1920477e+02 2.69e+01 4.98e+02  -2.1 3.11e+00    -  7.51e-01 7.26e-01h  1
 681r 2.1969274e+02 8.96e+01 5.03e+02  -2.2 4.36e+00    -  5.45e-01 3.89e-01f  1
 682r 2.1782197e+02 7.51e+01 5.77e+02  -1.9 8.13e+00    -  4.49e-01 6.36e-01f  1
 683r 2.1813173e+02 4.97e+01 5.81e+02  -2.1 4.60e+00    -  4.00e-01 3.36e-01f  1
 684r 2.1936190e+02 2.51e+01 9.03e+02  -2.1 4.72e+00    -  8.14e-01 7.89e-01f  1
 685r 2.1999117e+02 3.04e+01 8.07e+02  -2.1 1.58e+01    -  3.54e-01 2.38e-01h  1
 686r 2.2046941e+02 4.87e+01 6.93e+02  -2.1 2.27e+00    -  8.90e-01 7.14e-01h  1
 687r 2.2156582e+02 4.02e+01 8.13e+02  -2.2 9.24e+00    -  4.17e-01 3.81e-01f  1
 688r 2.2207805e+02 2.67e+01 8.57e+02  -2.2 9.40e+00    -  2.12e-01 2.28e-01f  1
 689r 2.2243107e+02 3.33e+01 1.04e+03  -2.1 2.70e+01    -  1.80e-01 1.11e-01h  1
iter    objective    inf_pr   inf_du lg(mu)  ||d||  lg(rg) alpha_du alpha_pr  ls
 690r 2.2293078e+02 3.58e+01 1.10e+03  -3.1 3.35e+01    -  9.43e-02 4.65e-02f  1
 691r 2.2372318e+02 3.70e+01 1.17e+03  -3.0 4.71e+01    -  8.65e-02 5.53e-02f  1
 692r 2.2208069e+02 3.62e+01 1.44e+03  -1.7 4.37e+01    -  1.56e-01 7.75e-02f  1
 693r 2.2184387e+02 3.28e+01 1.47e+03  -2.2 1.44e+01    -  1.85e-01 1.22e-01f  1
 694r 2.2187702e+02 1.84e+01 9.64e+02  -2.2 5.60e+00    -  4.50e-01 4.44e-01f  1
 695r 2.2173326e+02 6.63e+01 1.06e+03  -2.2 1.02e+01    -  4.62e-01 3.98e-01h  1
 696r 2.1969365e+02 5.03e+01 1.10e+03  -1.9 1.43e+01    -  4.40e-01 2.37e-01f  1
 697r 2.1930028e+02 3.52e+01 8.91e+02  -2.1 9.43e+00    -  5.41e-01 5.32e-01f  1
 698r 2.1985379e+02 5.00e+02 6.79e+02  -2.1 1.19e+01    -  3.10e-01 3.74e-01f  1
 699r 2.2020198e+02 1.79e+02 8.50e+02  -2.1 2.98e+00    -  8.06e-01 6.70e-01h  1
iter    objective    inf_pr   inf_du lg(mu)  ||d||  lg(rg) alpha_du alpha_pr  ls
 700r 2.2000290e+02 1.10e+01 4.98e+02  -2.1 1.57e+00    -  1.00e+00 1.00e+00h  1
 701r 2.2016124e+02 1.43e+01 5.54e+02  -2.1 2.03e+00    -  8.45e-01 7.69e-01h  1
 702r 2.2063582e+02 4.17e+00 5.01e+02  -2.2 1.86e+00    -  1.00e+00 9.70e-01f  1
 703r 2.2145289e+02 5.88e+01 1.52e+03  -2.3 9.83e+00    -  1.00e+00 3.38e-01f  1
 704r 2.2183305e+02 3.89e+01 9.32e+02  -2.2 1.19e+01    -  4.30e-01 3.40e-01f  1
 705r 2.2209946e+02 1.70e+01 5.34e+02  -2.2 2.02e+00    -  8.79e-01 5.65e-01h  1
 706r 2.2228078e+02 7.77e+01 1.81e+02  -2.2 6.10e+00    -  8.24e-01 9.91e-01h  1
 707r 2.2216717e+02 3.31e+01 2.38e+02  -2.2 4.76e+00    -  1.00e+00 6.47e-01h  1
 708r 2.2264437e+02 1.75e+01 2.09e+02  -2.3 5.14e+00    -  9.07e-01 9.16e-01f  1
 709r 2.2282509e+02 2.08e+01 9.84e+01  -2.3 1.75e+00    -  1.00e+00 9.43e-01h  1
iter    objective    inf_pr   inf_du lg(mu)  ||d||  lg(rg) alpha_du alpha_pr  ls
 710r 2.2265474e+02 1.46e+01 2.63e+01  -2.3 1.96e+00    -  8.64e-01 9.01e-01h  1
 711r 2.2327523e+02 1.37e+01 1.05e+02  -2.4 2.67e+00    -  1.00e+00 9.70e-01f  1
 712r 2.2416322e+02 4.84e+01 1.60e+02  -2.4 4.45e+00    -  7.58e-01 8.32e-01h  1
 713r 2.2488394e+02 2.47e+01 1.57e+02  -2.4 4.32e+00    -  1.00e+00 8.12e-01h  1
 714r 2.2515436e+02 9.04e+00 4.46e+01  -2.4 2.69e+00    -  8.51e-01 6.28e-01h  1
 715r 2.2549653e+02 3.82e+00 5.59e+01  -2.5 1.12e+00    -  1.00e+00 1.00e+00f  1
 716r 2.2589031e+02 1.00e+00 1.92e+01  -2.5 1.79e+00    -  1.00e+00 1.00e+00h  1
 717r 2.2669790e+02 8.84e+01 3.73e+01  -2.5 7.00e+00    -  6.98e-01 6.30e-01h  1
 718r 2.2737981e+02 3.17e+01 4.49e+02  -2.5 2.79e+00    -  9.47e-01 6.32e-01h  1
 719r 2.2757075e+02 2.40e+02 1.02e+03  -2.5 1.89e+00    -  5.73e-01 1.00e+00h  1
iter    objective    inf_pr   inf_du lg(mu)  ||d||  lg(rg) alpha_du alpha_pr  ls
 720r 2.2802810e+02 1.64e+01 1.87e+02  -2.5 1.86e+00    -  1.00e+00 9.47e-01h  1
 721r 2.2851849e+02 1.13e+01 4.57e+01  -2.5 1.13e+00    -  1.00e+00 1.00e+00f  1
 722r 2.2967340e+02 1.47e+01 2.69e+01  -2.6 2.86e+00    -  1.00e+00 9.93e-01f  1
 723r 2.3087773e+02 2.42e+01 4.68e+01  -2.6 5.73e+00    -  7.47e-01 7.49e-01h  1
 724r 2.3132840e+02 1.96e+01 7.47e+02  -2.6 7.18e+00    -  5.99e-01 8.25e-01h  1
 725r 2.3122220e+02 5.57e+00 1.78e+02  -2.6 2.26e+00    -  1.00e+00 8.00e-01h  1
 726r 2.3172861e+02 4.16e+00 1.85e+02  -2.9 3.09e+00    -  4.60e-01 2.88e-01f  1
 727r 2.3201005e+02 3.72e+00 1.07e+03  -2.7 2.99e+00    -  5.73e-01 2.58e-01h  1
 728r 2.3268376e+02 1.58e+01 2.32e+02  -2.7 4.75e+00    -  8.13e-01 6.18e-01h  1
 729r 2.3308264e+02 8.32e+00 1.30e+03  -2.8 2.38e+00    -  1.00e+00 4.73e-01f  1
iter    objective    inf_pr   inf_du lg(mu)  ||d||  lg(rg) alpha_du alpha_pr  ls
 730r 2.3382890e+02 2.64e+01 1.43e+02  -2.8 5.91e+00    -  8.93e-01 1.00e+00h  1
 731r 2.3402291e+02 9.69e+01 2.60e+02  -2.8 7.25e+00    -  6.40e-01 4.70e-01h  1
 732r 2.3411441e+02 5.86e+01 1.31e+02  -2.8 4.68e+00    -  7.32e-01 7.24e-01h  1
 733r 2.3407689e+02 1.59e+01 1.28e+02  -2.8 9.15e-01    -  7.64e-01 7.63e-01h  1
 734r 2.3419788e+02 2.19e+01 9.60e+01  -2.8 1.40e+00    -  1.00e+00 6.54e-01h  1
 735r 2.3436765e+02 1.65e+01 2.35e+02  -2.8 2.81e+00    -  9.98e-01 6.11e-01f  1
 736r 2.3475335e+02 1.01e+01 1.04e+02  -2.8 6.32e+00    -  5.08e-01 5.67e-01h  1
 737r 2.3491085e+02 7.94e+00 3.62e+02  -2.8 9.28e+00    -  9.62e-01 2.13e-01h  1
 738r 2.3335145e+02 2.51e+01 3.79e+02  -2.6 1.04e+01    -  4.77e-01 4.73e-01f  1
 739r 2.3341460e+02 5.07e+00 1.43e+02  -2.8 2.51e+00    -  6.91e-01 7.99e-01f  1
iter    objective    inf_pr   inf_du lg(mu)  ||d||  lg(rg) alpha_du alpha_pr  ls
 740r 2.3387051e+02 2.87e+00 1.44e+02  -2.8 2.18e+00    -  7.45e-01 4.35e-01h  1
 741r 2.3455279e+02 5.41e+01 1.77e+02  -2.8 2.42e+00    -  8.75e-01 1.00e+00h  1
 742r 2.3511939e+02 1.16e+02 3.95e+02  -2.8 8.39e+00    -  8.09e-01 9.17e-01h  1
 743r 2.3515358e+02 1.08e+02 4.20e+02  -2.8 6.09e+00    -  5.59e-01 7.12e-02h  1
 744r 2.3522381e+02 9.27e+01 4.39e+02  -2.8 1.37e+01    -  3.86e-01 1.41e-01h  1
 745r 2.3549794e+02 7.49e+01 4.85e+02  -2.8 1.95e+01    -  2.03e-01 1.98e-01h  1
 746r 2.3567115e+02 7.01e+01 5.71e+02  -2.8 2.95e+01    -  2.19e-01 7.19e-02h  1
 747r 2.3599647e+02 6.35e+01 1.34e+03  -2.8 2.46e+01    -  2.07e-01 1.16e-01h  1
 748r 2.3636510e+02 6.07e+01 1.50e+03  -2.8 3.44e+01    -  2.05e-01 8.20e-02h  1
 749r 2.3697684e+02 9.38e+01 1.32e+03  -2.8 2.82e+01    -  3.32e-01 1.25e-01h  1
iter    objective    inf_pr   inf_du lg(mu)  ||d||  lg(rg) alpha_du alpha_pr  ls
 750r 2.3724330e+02 6.42e+01 1.05e+03  -2.8 7.70e+00    -  6.83e-01 3.12e-01h  1
 751r 2.3769138e+02 2.61e+01 4.33e+02  -2.8 4.98e+00    -  7.95e-01 5.86e-01h  1
 752r 2.3863166e+02 1.60e+01 3.23e+02  -2.8 5.00e+00    -  7.03e-01 5.80e-01h  1
 753r 2.3934757e+02 2.76e+01 3.74e+02  -2.8 6.31e+00    -  3.97e-01 5.24e-01h  1
 754r 2.3945681e+02 3.62e+01 3.56e+02  -2.8 6.55e+00    -  2.23e-01 2.17e-01h  1
 755r 2.3952583e+02 1.61e+01 2.47e+02  -2.8 2.55e+00    -  5.98e-01 5.83e-01h  1
 756r 2.3976073e+02 2.19e+01 2.61e+02  -2.8 5.37e+00    -  2.75e-01 3.35e-01h  1
 757r 2.3986082e+02 3.41e+01 2.91e+02  -2.8 5.11e+00    -  7.17e-01 3.27e-01h  1
 758r 2.3994413e+02 1.43e+01 2.77e+02  -2.8 5.93e+00    -  4.59e-01 5.75e-01h  1
 759r 2.3984138e+02 1.69e+02 2.80e+02  -2.8 1.36e+01    -  5.06e-01 6.09e-01h  1
iter    objective    inf_pr   inf_du lg(mu)  ||d||  lg(rg) alpha_du alpha_pr  ls
 760r 2.3987282e+02 1.44e+02 2.81e+02  -2.8 1.35e+01    -  6.99e-01 1.52e-01h  1
 761r 2.3992297e+02 6.59e+01 2.02e+02  -2.8 1.73e+01    -  2.08e-01 5.29e-01h  1
 762r 2.3994445e+02 4.77e+01 1.45e+02  -2.8 4.96e+00    -  7.25e-01 4.72e-01h  1
 763r 2.3984763e+02 2.99e+01 1.13e+02  -2.8 2.43e+00    -  4.46e-01 4.99e-01h  1
 764r 2.3977217e+02 1.61e+01 1.58e+02  -2.8 1.53e+00    -  6.97e-01 4.59e-01h  1
 765r 2.3974659e+02 1.66e+01 8.66e+01  -2.8 3.57e+00    -  9.27e-01 7.63e-01h  1
 766r 2.3970057e+02 1.17e+01 6.74e+01  -2.8 1.22e+01    -  2.74e-01 2.96e-01h  1
 767r 2.3970484e+02 1.09e+01 1.52e+02  -2.8 1.78e+01    -  2.72e-01 6.34e-02h  1
 768r 2.3963320e+02 9.10e+00 1.40e+02  -2.8 2.50e+01    -  2.10e-01 1.72e-01h  1
 769r 2.3958442e+02 8.66e+00 1.31e+02  -2.8 1.98e+01    -  2.30e-01 4.84e-02h  1
iter    objective    inf_pr   inf_du lg(mu)  ||d||  lg(rg) alpha_du alpha_pr  ls
 770r 2.3942108e+02 1.44e+01 7.67e+01  -2.8 1.49e+01    -  4.71e-01 3.70e-01h  1
 771r 2.3955990e+02 2.25e+01 1.40e+02  -2.8 1.23e+01    -  3.98e-01 4.63e-01h  1
 772r 2.3968515e+02 5.96e+01 1.66e+02  -2.8 5.65e+00    -  5.76e-01 7.17e-01h  1
 773r 2.3978696e+02 2.24e+01 9.86e+01  -2.8 2.18e+00    -  1.00e+00 6.27e-01h  1
 774r 2.3971235e+02 2.53e+01 1.20e+02  -2.8 3.54e+00    -  6.16e-01 9.72e-01h  1
 775r 2.3974808e+02 1.81e+01 9.15e+01  -2.8 4.96e+00    -  4.97e-01 2.88e-01h  1
 776r 2.3974864e+02 2.07e+01 6.82e+01  -2.8 5.57e+00    -  7.23e-01 4.86e-01h  1
 777r 2.3979236e+02 2.48e+01 9.41e+01  -2.8 3.76e+00    -  3.72e-01 7.27e-01h  1
 778r 2.3990198e+02 2.81e+01 1.18e+02  -2.8 2.65e+00    -  1.00e+00 1.00e+00h  1
 779r 2.3989934e+02 1.65e+01 1.43e+02  -2.8 7.04e-01    -  1.00e+00 4.11e-01h  1
iter    objective    inf_pr   inf_du lg(mu)  ||d||  lg(rg) alpha_du alpha_pr  ls
 780r 2.4021918e+02 6.10e+00 1.07e+02  -3.1 1.47e+00    -  1.00e+00 6.59e-01f  1
 781r 2.4088236e+02 1.56e+01 3.08e+02  -3.1 3.44e+00    -  1.00e+00 4.54e-01f  1
 782r 2.4110052e+02 3.15e+00 1.68e+02  -2.8 2.63e+00    -  8.48e-01 7.98e-01f  1
 783r 2.4186444e+02 1.01e+02 2.31e+02  -2.9 2.68e+00    -  8.04e-01 1.00e+00f  1
 784r 2.4218071e+02 5.92e+01 2.93e+02  -2.9 3.03e+00    -  1.00e+00 4.16e-01h  1
 785r 2.4281845e+02 3.36e+01 3.00e+02  -2.9 3.53e+00    -  3.41e-01 4.48e-01h  1
 786r 2.4348408e+02 1.21e+01 4.10e+02  -2.9 3.14e+00    -  9.32e-01 7.34e-01h  1
 787r 2.4418375e+02 7.18e+01 7.37e+02  -2.9 1.51e+01    -  1.57e-01 2.37e-01h  1
 788r 2.4464204e+02 5.69e+01 1.12e+03  -2.9 1.41e+01    -  1.69e-01 2.03e-01h  1
 789r 2.4473297e+02 5.52e+01 1.22e+03  -2.9 5.31e+01    -  9.80e-02 2.94e-02h  1
iter    objective    inf_pr   inf_du lg(mu)  ||d||  lg(rg) alpha_du alpha_pr  ls
 790r 2.4478740e+02 4.17e+01 1.46e+03  -2.9 2.31e+01    -  2.46e-01 2.42e-01h  1
 791r 2.4484247e+02 3.11e+01 1.51e+03  -2.9 1.85e+01    -  5.98e-01 2.54e-01h  1
 792r 2.4492848e+02 3.11e+01 1.92e+03  -2.9 2.44e+01    -  1.66e-01 4.34e-01h  1
 793r 2.4492858e+02 3.25e+01 2.10e+03  -2.9 3.13e+01    -  3.42e-01 1.36e-01h  1
 794r 2.4481658e+02 2.53e+02 2.41e+03  -2.9 1.80e+01    -  2.39e-01 3.41e-01h  1
 795r 2.4499080e+02 2.39e+02 2.65e+03  -2.9 4.68e+01    -  6.18e-02 5.48e-02h  1
 796r 2.4521979e+02 2.13e+02 2.86e+03  -2.9 2.52e+01    -  1.55e-01 1.09e-01h  1
 797r 2.4536907e+02 1.96e+02 2.98e+03  -2.9 2.33e+01    -  2.85e-01 7.83e-02h  1
 798r 2.4560787e+02 1.72e+02 3.18e+03  -2.9 2.35e+01    -  1.00e-01 1.19e-01h  1
 799r 2.4568049e+02 1.68e+02 3.24e+03  -2.9 4.21e+01    -  4.98e-02 2.62e-02f  1
iter    objective    inf_pr   inf_du lg(mu)  ||d||  lg(rg) alpha_du alpha_pr  ls
 800r 2.4570299e+02 1.67e+02 3.26e+03  -2.9 6.46e+01    -  1.72e-02 7.13e-03h  1
 801r 2.4576691e+02 1.61e+02 3.28e+03  -2.9 4.08e+01    -  4.76e-02 3.43e-02f  1
 802r 2.4591117e+02 1.55e+02 3.43e+03  -2.9 1.08e+02    -  1.72e-02 3.69e-02f  1
 803r 2.4597394e+02 1.52e+02 4.36e+03  -2.9 9.24e+01    -  1.34e-02 2.19e-02f  1
 804r 2.4602914e+02 1.46e+02 4.70e+03  -2.9 6.91e+01    -  1.77e-02 3.86e-02f  1
 805r 2.4605776e+02 1.44e+02 5.01e+03  -2.9 5.82e+01    -  2.40e-02 1.99e-02f  1
 806r 2.4609235e+02 1.39e+02 5.08e+03  -2.9 4.13e+01    -  1.56e-02 3.32e-02f  1
 807r 2.4611116e+02 1.38e+02 5.14e+03  -2.9 9.43e+01    -  1.37e-04 6.89e-03f  1
 808r 2.4612275e+02 1.37e+02 5.17e+03  -2.9 8.88e+01    -  2.94e-02 4.46e-03f  1
 809r 2.4612260e+02 1.37e+02 5.41e+03  -2.9 8.50e+01    -  1.57e-02 3.91e-03f  1
iter    objective    inf_pr   inf_du lg(mu)  ||d||  lg(rg) alpha_du alpha_pr  ls
 810r 2.4612754e+02 1.30e+02 5.17e+03  -2.9 2.42e+00    -  3.94e-02 4.82e-02h  1
 811r 2.4614841e+02 1.27e+02 5.85e+03  -2.9 7.19e+01    -  5.72e-03 2.76e-02f  1
 812r 2.4615274e+02 1.26e+02 5.95e+03  -2.9 6.84e+01    -  1.49e-02 4.29e-03f  1
 813r 2.4616151e+02 1.24e+02 6.38e+03  -2.9 7.30e+01    -  2.47e-03 1.77e-02f  1
 814r 2.4616278e+02 1.24e+02 6.42e+03  -2.9 1.39e+02    -  1.83e-02 4.28e-04f  1
 815r 2.4616335e+02 1.22e+02 6.33e+03  -2.9 2.33e+00    -  8.00e-02 1.48e-02h  1
 816r 2.4613831e+02 1.20e+02 6.38e+03  -2.9 4.39e+01    -  1.12e-02 1.79e-02f  1
 817r 2.4609969e+02 1.20e+02 6.71e+03  -2.9 6.34e+02    -  1.58e-03 2.30e-03f  1
 818r 2.4608067e+02 1.20e+02 6.82e+03  -2.9 4.18e+02    -  9.67e-03 1.32e-03f  1
 819r 2.4591701e+02 1.19e+02 7.96e+03  -2.9 1.11e+03    -  2.52e-03 6.17e-03f  1
iter    objective    inf_pr   inf_du lg(mu)  ||d||  lg(rg) alpha_du alpha_pr  ls
 820r 2.4588145e+02 1.19e+02 8.54e+03  -2.9 8.66e+02    -  4.61e-03 5.03e-03f  1
 821r 2.4520390e+02 1.18e+02 8.99e+03  -1.4 6.93e+02    -  5.67e-03 6.64e-03f  1
 822r 2.4519171e+02 1.18e+02 9.00e+03  -2.9 6.44e+01    -  2.69e-02 2.01e-03f  1
 823r 2.4498695e+02 1.17e+02 9.59e+03  -2.9 3.73e+02    -  1.02e-04 6.71e-03f  1
 824r 2.4492265e+02 1.17e+02 9.83e+03  -2.9 2.92e+02    -  8.29e-03 3.26e-03f  1
 825r 2.4482325e+02 1.16e+02 1.05e+04  -2.9 3.61e+02    -  2.58e-03 5.44e-03f  1
 826r 2.4476466e+02 1.16e+02 1.06e+04  -2.9 2.79e+02    -  8.35e-03 2.79e-03f  1
 827r 2.4465137e+02 1.15e+02 1.10e+04  -2.9 2.86e+02    -  8.64e-03 6.22e-03f  1
 828r 2.4461144e+02 1.14e+02 1.12e+04  -2.9 3.38e+02    -  9.62e-03 5.41e-03f  1
 829r 2.4457742e+02 1.14e+02 1.15e+04  -2.9 5.74e+02    -  1.48e-03 4.59e-03f  1
iter    objective    inf_pr   inf_du lg(mu)  ||d||  lg(rg) alpha_du alpha_pr  ls
 830r 2.4457501e+02 1.14e+02 1.18e+04  -2.9 1.00e+03    -  1.82e-03 2.50e-03f  1
 831r 2.4458167e+02 1.13e+02 1.19e+04  -2.9 3.07e+02    -  3.70e-03 1.62e-03f  1
 832r 2.4457409e+02 1.13e+02 1.20e+04  -2.9 2.81e+02    -  5.25e-03 4.05e-03f  1
 833r 2.4455096e+02 1.12e+02 1.23e+04  -2.9 3.83e+02    -  7.80e-03 1.00e-02f  1
 834r 2.4454600e+02 1.11e+02 1.25e+04  -2.9 2.41e+02    -  3.51e-03 1.02e-02f  1
 835r 2.4453845e+02 1.11e+02 1.25e+04  -2.9 4.37e+02    -  6.75e-03 1.95e-03f  1
 836r 2.4451525e+02 1.10e+02 1.26e+04  -2.9 4.83e+02    -  1.84e-03 2.81e-03f  1
 837r 2.4446736e+02 1.10e+02 1.27e+04  -2.9 5.29e+02    -  4.26e-03 6.44e-03f  1
 838r 2.4440364e+02 1.09e+02 1.28e+04  -2.9 5.45e+02    -  9.26e-03 6.15e-03f  1
 839r 2.4421161e+02 1.08e+02 1.29e+04  -1.8 4.08e+02    -  1.25e-02 4.91e-03f  1
iter    objective    inf_pr   inf_du lg(mu)  ||d||  lg(rg) alpha_du alpha_pr  ls
 840r 2.4415342e+02 1.08e+02 1.28e+04  -2.9 1.88e+02    -  7.16e-03 4.02e-03f  1
 841r 2.4404632e+02 1.06e+02 1.27e+04  -2.9 2.01e+02    -  1.10e-02 1.66e-02f  1
 842r 2.4403119e+02 1.06e+02 1.27e+04  -2.9 2.38e+02    -  9.50e-05 2.48e-03f  1
 843r 2.4395947e+02 1.05e+02 1.26e+04  -2.9 1.43e+02    -  6.56e-03 1.44e-02f  1
 844r 2.4381591e+02 1.03e+02 1.24e+04  -2.9 3.47e+02    -  5.21e-03 1.52e-02f  1
 845r 2.4378373e+02 1.02e+02 1.23e+04  -2.9 2.31e+02    -  1.30e-02 7.43e-03f  1
 846r 2.4384668e+02 1.01e+02 1.22e+04  -2.9 3.71e+02    -  9.00e-03 1.14e-02f  1
 847r 2.4391353e+02 9.99e+01 1.21e+04  -8.8 6.50e+02    -  1.75e-02 1.16e-02f  1
 848r 2.4384275e+02 9.88e+01 1.20e+04  -2.2 3.60e+02    -  9.67e-03 1.09e-02f  1
 849r 2.4375266e+02 9.81e+01 1.18e+04  -2.9 7.77e+02    -  1.60e-03 7.13e-03f  1
iter    objective    inf_pr   inf_du lg(mu)  ||d||  lg(rg) alpha_du alpha_pr  ls
 850r 2.4367594e+02 9.71e+01 1.17e+04  -2.3 2.36e+02    -  1.83e-02 1.02e-02f  1
 851r 2.4365530e+02 9.67e+01 1.17e+04  -2.9 3.13e+02    -  1.93e-02 3.39e-03f  1
 852r 2.4357455e+02 9.53e+01 1.15e+04  -2.9 5.18e+02    -  1.05e-02 1.47e-02f  1
 853r 2.4357891e+02 9.40e+01 1.14e+04  -2.9 1.59e+02    -  1.07e-02 1.32e-02f  1
 854r 2.4358256e+02 9.32e+01 1.13e+04  -2.9 1.38e+02    -  2.45e-02 8.80e-03f  1
 855r 2.4361215e+02 9.12e+01 1.09e+04  -2.9 4.16e+01    -  9.19e-03 2.14e-02f  1
 856r 2.4354887e+02 8.92e+01 1.06e+04  -2.3 4.69e+01    -  4.07e-02 2.20e-02f  1
 857r 2.4351009e+02 8.68e+01 1.03e+04  -2.9 2.88e+01    -  1.69e-02 2.65e-02f  1
 858r 2.4349862e+02 8.60e+01 1.03e+04  -2.9 3.64e+01    -  3.09e-02 9.23e-03h  1
 859r 2.4335162e+02 8.37e+01 9.62e+03  -2.9 8.61e+01    -  1.39e-02 6.34e-02f  1
iter    objective    inf_pr   inf_du lg(mu)  ||d||  lg(rg) alpha_du alpha_pr  ls
 860r 2.4318843e+02 9.30e+01 9.55e+03  -2.1 2.48e+02    -  3.06e-02 7.88e-03f  1
 861r 2.4286390e+02 9.04e+01 9.29e+03  -2.8 1.83e+02    -  2.35e-02 2.88e-02f  1
 862r 2.4274504e+02 8.92e+01 9.17e+03  -2.8 1.79e+02    -  3.53e-02 1.23e-02f  1
 863r 2.4254285e+02 8.98e+01 8.98e+03  -2.8 2.07e+02    -  1.13e-02 1.90e-02f  1
 864r 2.4237606e+02 8.84e+01 8.85e+03  -2.8 3.11e+02    -  7.54e-03 1.53e-02f  1
 865r 2.4220870e+02 8.72e+01 8.62e+03  -2.8 2.20e+02    -  2.00e-02 1.42e-02f  1
 866r 2.4220163e+02 8.71e+01 8.62e+03  -2.8 8.08e+01    -  3.20e-02 1.30e-03h  1
 867r 2.4217435e+02 8.61e+01 8.51e+03  -2.8 4.59e+01    -  2.51e-03 1.23e-02h  1
 868r 2.4205979e+02 8.50e+01 8.42e+03  -2.8 2.15e+02    -  4.77e-03 1.22e-02f  1
 869r 2.4198312e+02 8.44e+01 8.36e+03  -2.8 2.28e+02    -  1.69e-02 6.82e-03f  1
iter    objective    inf_pr   inf_du lg(mu)  ||d||  lg(rg) alpha_du alpha_pr  ls
 870r 2.4184206e+02 8.35e+01 8.24e+03  -2.8 3.74e+02    -  2.67e-02 1.11e-02f  1
 871r 2.4159975e+02 8.17e+01 7.99e+03  -2.8 4.87e+02    -  1.45e-02 2.21e-02f  1
 872r 2.4143706e+02 8.22e+01 7.70e+03  -2.8 3.72e+02    -  2.09e-02 2.17e-02f  1
 873r 2.4107990e+02 8.12e+01 7.57e+03  -2.0 2.94e+02    -  3.53e-02 1.33e-02f  1
 874r 2.4080930e+02 8.05e+01 7.36e+03  -2.8 1.63e+02    -  2.66e-02 2.32e-02f  1
 875r 2.4022589e+02 1.40e+02 6.99e+03  -2.8 2.76e+02    -  1.46e-02 3.64e-02f  1
 876r 2.4014465e+02 1.37e+02 6.80e+03  -2.8 1.58e+02    -  4.30e-02 2.44e-02f  1
 877r 2.4017293e+02 1.32e+02 6.48e+03  -2.8 2.03e+02    -  4.22e-03 3.84e-02f  1
 878r 2.4016776e+02 1.29e+02 6.36e+03  -2.8 1.43e+02    -  3.44e-02 1.87e-02h  1
 879r 2.4022507e+02 1.26e+02 6.11e+03  -2.8 2.78e+02    -  2.60e-02 2.78e-02f  1
iter    objective    inf_pr   inf_du lg(mu)  ||d||  lg(rg) alpha_du alpha_pr  ls
 880r 2.4020963e+02 1.24e+02 6.04e+03  -2.8 4.91e+01    -  2.18e-02 1.08e-02h  1
 881r 2.4005573e+02 1.17e+02 5.67e+03  -2.8 6.46e+01    -  1.55e-02 6.32e-02f  1
 882r 2.3980094e+02 1.14e+02 5.54e+03  -2.4 1.08e+02    -  1.11e-02 2.36e-02f  1
 883r 2.3962912e+02 1.11e+02 5.39e+03  -2.8 7.50e+01    -  5.59e-02 2.63e-02h  1
 884r 2.3949114e+02 1.08e+02 5.27e+03  -2.8 6.83e+01    -  1.16e-03 2.17e-02f  1
 885r 2.3914783e+02 1.05e+02 5.09e+03  -2.8 1.10e+02    -  5.13e-02 3.66e-02f  1
 886r 2.3889277e+02 1.02e+02 5.01e+03  -2.8 1.61e+02    -  1.56e-02 2.14e-02f  1
 887r 2.3867629e+02 1.00e+02 4.93e+03  -2.8 1.50e+02    -  2.34e-02 2.07e-02f  1
 888r 2.3845327e+02 9.88e+01 4.87e+03  -2.8 2.14e+02    -  1.72e-02 1.54e-02f  1
 889r 2.3806143e+02 9.62e+01 4.79e+03  -2.8 1.82e+02    -  2.43e-02 2.62e-02f  1
iter    objective    inf_pr   inf_du lg(mu)  ||d||  lg(rg) alpha_du alpha_pr  ls
 890r 2.3706292e+02 8.97e+01 4.53e+03  -2.2 1.08e+02    -  4.27e-02 6.92e-02f  1
 891r 2.3703659e+02 8.93e+01 4.51e+03  -2.8 5.24e+01    -  3.39e-02 4.41e-03h  1
 892r 2.3666989e+02 8.35e+01 4.24e+03  -2.8 5.61e+01    -  4.19e-02 6.47e-02f  1
 893r 2.3644851e+02 8.11e+01 4.10e+03  -2.8 8.86e+01    -  2.46e-02 2.93e-02f  1
 894r 2.3618055e+02 7.89e+01 3.99e+03  -2.8 1.37e+02    -  3.55e-02 2.72e-02f  1
 895r 2.3600358e+02 7.73e+01 3.87e+03  -2.8 2.41e+02    -  2.47e-02 2.06e-02f  1
 896r 2.3589381e+02 7.57e+01 3.81e+03  -2.8 1.48e+02    -  3.28e-02 2.11e-02f  1
 897r 2.3577202e+02 7.40e+01 3.72e+03  -2.8 1.65e+02    -  1.78e-02 2.16e-02f  1
 898r 2.3565197e+02 7.25e+01 3.67e+03  -2.8 1.63e+02    -  5.39e-02 2.06e-02f  1
 899r 2.3553670e+02 7.10e+01 3.61e+03  -2.8 1.46e+02    -  2.96e-02 2.02e-02f  1
iter    objective    inf_pr   inf_du lg(mu)  ||d||  lg(rg) alpha_du alpha_pr  ls
 900r 2.3550655e+02 7.02e+01 3.58e+03  -2.8 1.08e+02    -  3.19e-02 1.12e-02h  1
 901r 2.3550857e+02 6.69e+01 3.41e+03  -2.8 5.33e+01    -  8.38e-02 4.84e-02h  1
 902r 2.3547962e+02 5.99e+01 3.05e+03  -2.8 1.82e+01    -  4.91e-02 1.05e-01h  1
 903r 2.3541462e+02 5.76e+01 2.96e+03  -2.8 4.91e+01    -  4.38e-02 3.84e-02h  1
 904r 2.3533688e+02 5.56e+01 2.89e+03  -2.8 2.98e+01    -  8.16e-02 3.40e-02f  1
 905r 2.3526970e+02 5.39e+01 2.81e+03  -2.8 3.97e+01    -  3.07e-02 3.17e-02h  1
 906r 2.3498620e+02 5.10e+01 2.77e+03  -2.8 9.12e+01    -  5.17e-02 5.96e-02f  1
 907r 2.3494835e+02 4.80e+01 2.65e+03  -2.8 3.90e+01    -  3.78e-02 5.98e-02h  1
 908r 2.3481867e+02 4.60e+01 2.54e+03  -2.5 3.65e+01    -  1.08e-01 5.54e-02f  1
 909r 2.3478096e+02 4.74e+01 2.52e+03  -2.8 6.56e+01    -  3.92e-02 1.36e-02h  1
iter    objective    inf_pr   inf_du lg(mu)  ||d||  lg(rg) alpha_du alpha_pr  ls
 910r 2.3472657e+02 4.87e+01 2.44e+03  -2.8 1.12e+02    -  3.98e-02 4.54e-02f  1
 911r 2.3330427e+02 4.51e+01 2.36e+03  -2.2 1.24e+02    -  6.83e-02 7.97e-02f  1
 912r 2.3306177e+02 4.35e+01 2.55e+03  -2.7 1.14e+02    -  2.57e-02 4.63e-02f  1
 913r 2.3302092e+02 4.29e+01 2.61e+03  -2.7 3.12e+01    -  1.15e-02 1.54e-02f  1
 914r 2.3296588e+02 4.20e+01 2.69e+03  -2.7 3.18e+01    -  3.38e-02 2.12e-02f  1
 915r 2.3289312e+02 4.11e+01 2.79e+03  -2.7 4.05e+01    -  1.75e-02 2.14e-02f  1
 916r 2.3286445e+02 4.07e+01 2.81e+03  -2.7 3.12e+01    -  2.53e-02 8.19e-03f  1
 917r 2.3283440e+02 4.03e+01 2.81e+03  -2.7 4.87e+01    -  3.24e-02 1.02e-02f  1
 918r 2.3280038e+02 4.00e+01 2.90e+03  -2.7 1.89e+02    -  7.39e-03 9.86e-03f  1
 919r 2.3278931e+02 3.97e+01 2.92e+03  -2.7 1.82e+02    -  4.30e-02 6.63e-03f  1
iter    objective    inf_pr   inf_du lg(mu)  ||d||  lg(rg) alpha_du alpha_pr  ls
 920r 2.3280503e+02 3.85e+01 2.94e+03  -2.7 1.43e+02    -  4.14e-02 3.66e-02f  1
 921r 2.3283041e+02 3.72e+01 2.93e+03  -2.7 1.02e+02    -  3.13e-02 4.04e-02f  1
 922r 2.3282103e+02 3.69e+01 2.94e+03  -2.7 1.37e+02    -  3.78e-03 6.92e-03f  1
 923r 2.3279123e+02 3.63e+01 2.97e+03  -2.7 1.24e+02    -  9.04e-03 1.88e-02f  1
 924r 2.3279749e+02 4.13e+01 2.98e+03  -2.7 1.60e+02    -  2.41e-02 1.11e-02f  1
 925r 2.3285167e+02 4.12e+01 3.03e+03  -2.7 2.18e+02    -  2.80e-02 1.51e-02f  1
 926r 2.3297292e+02 4.10e+01 3.12e+03  -2.7 3.65e+02    -  1.10e-02 1.48e-02f  1
 927r 2.3311481e+02 4.06e+01 3.22e+03  -2.7 3.78e+02    -  1.55e-02 1.78e-02f  1
 928r 2.3316599e+02 4.03e+01 3.30e+03  -2.7 3.64e+02    -  8.36e-03 7.05e-03f  1
 929r 2.3328714e+02 3.99e+01 3.50e+03  -2.7 4.73e+02    -  4.65e-03 1.71e-02f  1
iter    objective    inf_pr   inf_du lg(mu)  ||d||  lg(rg) alpha_du alpha_pr  ls
 930r 2.3328523e+02 4.64e+01 3.53e+03  -2.7 2.68e+02    -  7.79e-03 3.63e-03f  1
 931r 2.3327329e+02 4.61e+01 3.58e+03  -2.7 2.85e+02    -  9.51e-03 5.51e-03f  1
 932r 2.3314788e+02 4.66e+01 3.74e+03  -2.7 2.79e+02    -  1.02e-02 1.11e-02f  1
 933r 2.3299231e+02 4.81e+01 3.98e+03  -2.7 2.32e+02    -  1.74e-02 1.57e-02f  1
 934r 2.3298999e+02 4.80e+01 3.98e+03  -2.7 2.35e+02    -  1.74e-02 1.66e-04h  1
 935r 2.3297350e+02 4.77e+01 3.98e+03  -2.7 7.22e+01    -  5.17e-02 7.52e-03h  1
 936r 2.3281074e+02 5.84e+01 4.06e+03  -2.7 1.25e+02    -  3.17e-02 3.96e-02f  1
 937r 2.3279752e+02 5.99e+01 4.10e+03  -2.7 2.09e+02    -  1.87e-02 1.16e-02f  1
 938r 2.3274977e+02 6.85e+01 4.19e+03  -2.7 1.94e+02    -  1.65e-02 4.28e-02f  1
 939r 2.3271822e+02 6.82e+01 4.25e+03  -2.7 1.82e+02    -  3.36e-02 1.28e-02f  1
iter    objective    inf_pr   inf_du lg(mu)  ||d||  lg(rg) alpha_du alpha_pr  ls
 940r 2.3271368e+02 6.74e+01 4.23e+03  -2.7 8.59e+01    -  4.58e-02 1.74e-02h  1
 941r 2.3270488e+02 6.69e+01 4.23e+03  -2.7 1.22e+02    -  4.39e-02 4.92e-02f  1
 942r 2.3271818e+02 6.42e+01 4.19e+03  -2.7 8.90e+01    -  2.79e-02 4.23e-02f  1
 943r 2.3273216e+02 6.35e+01 4.18e+03  -3.0 4.70e+01    -  3.00e-02 1.04e-02f  1
 944r 2.3241673e+02 6.17e+01 4.20e+03  -1.8 1.16e+02    -  1.70e-02 1.54e-02f  1
 945r 2.3231638e+02 6.20e+01 4.25e+03  -2.7 1.88e+02    -  1.90e-03 1.19e-02f  1
 946r 2.3229372e+02 6.19e+01 4.04e+03  -2.7 1.41e+02    -  1.08e-02 8.17e-03f  1
 947r 2.3225297e+02 6.16e+01 4.10e+03  -2.7 1.07e+02    -  3.87e-03 8.99e-03f  1
 948r 2.3226534e+02 6.19e+01 4.16e+03  -2.7 1.75e+02    -  1.11e-02 4.82e-03f  1
 949r 2.3228344e+02 6.52e+01 4.21e+03  -2.7 1.40e+02    -  8.27e-03 1.22e-02f  1
iter    objective    inf_pr   inf_du lg(mu)  ||d||  lg(rg) alpha_du alpha_pr  ls
 950r 2.3223322e+02 6.46e+01 4.19e+03  -2.7 7.25e+01    -  2.21e-02 1.25e-02f  1
 951r 2.3207516e+02 6.35e+01 4.17e+03  -2.7 8.44e+01    -  2.86e-02 2.68e-02f  1
 952r 2.3205804e+02 6.32e+01 4.17e+03  -2.7 7.03e+01    -  1.28e-02 3.79e-03h  1
 953r 2.3203361e+02 5.11e+01 3.91e+03  -2.7 3.52e+01    -  4.53e-02 8.94e-02f  1
 954r 2.3199257e+02 4.82e+01 3.84e+03  -2.7 4.97e+01    -  5.79e-02 2.92e-02h  1
 955r 2.3191027e+02 4.31e+01 3.85e+03  -2.7 1.18e+02    -  1.29e-02 2.66e-02f  1
 956r 2.3188603e+02 4.26e+01 3.84e+03  -2.7 9.57e+01    -  1.38e-02 1.57e-02h  1
 957r 2.3186354e+02 4.21e+01 3.86e+03  -2.7 2.48e+02    -  9.94e-03 1.04e-02f  1
 958r 2.3178413e+02 5.32e+01 3.97e+03  -2.7 3.71e+02    -  1.77e-02 2.86e-02f  1
 959r 2.3180541e+02 5.50e+01 4.00e+03  -8.7 3.03e+02    -  3.53e-02 1.50e-02f  1
iter    objective    inf_pr   inf_du lg(mu)  ||d||  lg(rg) alpha_du alpha_pr  ls
 960r 2.3017717e+02 5.33e+01 4.08e+03  -1.9 1.62e+02    -  4.62e-02 6.11e-02f  1
 961r 2.3007019e+02 5.26e+01 4.03e+03  -2.7 5.59e+01    -  5.58e-02 1.89e-02h  1
 962r 2.2998252e+02 5.22e+01 3.98e+03  -2.7 6.22e+01    -  2.80e-02 1.84e-02f  1
 963r 2.2973668e+02 5.51e+01 3.87e+03  -2.7 1.04e+02    -  1.07e-02 5.02e-02f  1
 964r 2.2968151e+02 5.43e+01 3.84e+03  -2.7 1.47e+02    -  7.19e-02 1.38e-02f  1
 965r 2.2957745e+02 5.11e+01 3.68e+03  -2.7 6.54e+01    -  4.28e-02 4.26e-02f  1
 966r 2.2925127e+02 5.27e+01 3.38e+03  -2.7 1.13e+02    -  1.50e-02 9.70e-02f  1
 967r 2.2911624e+02 5.40e+01 3.13e+03  -2.7 6.73e+01    -  5.78e-02 7.63e-02f  1
 968r 2.2902582e+02 5.13e+01 2.98e+03  -2.7 4.96e+01    -  1.32e-01 5.17e-02h  1
 969r 2.2898496e+02 4.54e+01 2.58e+03  -2.7 1.92e+01    -  2.66e-02 1.28e-01f  1
iter    objective    inf_pr   inf_du lg(mu)  ||d||  lg(rg) alpha_du alpha_pr  ls
 970r 2.2895995e+02 4.34e+01 2.46e+03  -2.7 3.03e+01    -  8.46e-02 4.91e-02h  1
 971r 2.2892134e+02 4.10e+01 2.34e+03  -2.7 8.33e+01    -  2.62e-02 4.49e-02f  1
 972r 2.2895893e+02 4.02e+01 2.29e+03  -2.7 1.17e+02    -  3.00e-02 1.87e-02f  1
 973r 2.2912766e+02 4.00e+01 2.18e+03  -2.7 1.29e+02    -  2.74e-02 2.48e-02f  1
 974r 2.2919892e+02 4.11e+01 2.09e+03  -2.7 7.55e+01    -  1.64e-02 2.70e-02f  1
 975r 2.2918605e+02 4.20e+01 2.03e+03  -2.7 1.12e+02    -  1.60e-02 1.84e-02f  1
 976r 2.2918292e+02 4.17e+01 2.01e+03  -2.7 1.43e+01    -  5.50e-02 8.47e-03h  1
 977r 2.2917548e+02 3.90e+01 3.12e+03  -2.7 1.79e+01    -  1.54e-02 1.46e-01f  1
 978r 2.2917553e+02 3.74e+01 3.29e+03  -2.7 2.38e+01    -  1.56e-01 4.85e-02h  1
 979r 2.2917068e+02 3.66e+01 3.32e+03  -2.7 1.86e+01    -  5.68e-02 2.05e-02h  1
iter    objective    inf_pr   inf_du lg(mu)  ||d||  lg(rg) alpha_du alpha_pr  ls
 980r 2.2910525e+02 3.39e+01 3.39e+03  -2.7 2.56e+01    -  2.84e-02 1.33e-01f  1
 981r 2.2911820e+02 3.34e+01 3.41e+03  -2.9 3.43e+01    -  6.62e-02 1.86e-02f  1
 982r 2.2918911e+02 3.30e+01 3.45e+03  -2.9 3.81e+01    -  3.14e-02 2.71e-02f  1
 983r 2.2917855e+02 3.25e+01 3.50e+03  -2.4 7.45e+01    -  5.82e-02 1.39e-02f  1
 984r 2.2916480e+02 3.17e+01 3.58e+03  -2.9 8.54e+01    -  9.85e-03 2.58e-02f  1
 985r 2.2832772e+02 3.10e+01 3.62e+03  -2.2 8.24e+01    -  7.27e-02 4.52e-02f  1
 986r 2.2799402e+02 2.84e+01 3.42e+03  -2.7 3.37e+01    -  7.26e-02 9.19e-02f  1
 987r 2.2796149e+02 2.73e+01 3.31e+03  -2.7 3.72e+01    -  3.66e-02 3.59e-02h  1
 988r 2.2794517e+02 2.61e+01 3.23e+03  -2.7 5.63e+01    -  7.72e-02 3.89e-02f  1
 989r 2.2799551e+02 2.73e+01 3.02e+03  -2.7 8.07e+01    -  3.03e-02 7.96e-02f  1
iter    objective    inf_pr   inf_du lg(mu)  ||d||  lg(rg) alpha_du alpha_pr  ls
 990r 2.2798439e+02 2.67e+01 2.96e+03  -2.7 5.24e+01    -  1.46e-02 2.55e-02h  1
 991r 2.2794476e+02 2.55e+01 2.88e+03  -2.7 8.13e+01    -  3.32e-02 3.54e-02f  1
 992r 2.2791688e+02 2.31e+01 2.69e+03  -2.7 2.89e+01    -  1.59e-01 7.59e-02h  1
 993r 2.2790800e+02 1.93e+01 2.34e+03  -2.6 3.40e+01    -  1.96e-01 1.31e-01h  1
 994r 2.2810255e+02 1.79e+01 2.15e+03  -3.0 7.14e+01    -  1.51e-01 9.31e-02f  1
 995r 2.2789500e+02 1.75e+01 2.10e+03  -2.3 1.35e+02    -  9.95e-02 3.34e-02f  1
 996r 2.2806697e+02 1.66e+01 1.79e+03  -2.7 6.21e+01    -  1.98e-01 1.55e-01f  1
 997r 2.2623220e+02 2.13e+01 1.58e+03  -2.2 2.82e+01    -  8.77e-02 1.43e-01f  1
 998r 2.2616167e+02 1.86e+01 1.37e+03  -2.6 1.57e+01    -  2.82e-01 1.45e-01f  1
 999r 2.2621978e+02 1.64e+01 1.02e+03  -2.6 9.48e+00    -  3.05e-01 2.71e-01f  1
iter    objective    inf_pr   inf_du lg(mu)  ||d||  lg(rg) alpha_du alpha_pr  ls
1000r 2.2607287e+02 1.68e+01 7.97e+02  -2.6 1.94e+01    -  9.95e-02 2.57e-01f  1
1001r 2.2602169e+02 1.70e+01 7.13e+02  -2.6 2.20e+01    -  1.15e-01 1.11e-01h  1
1002r 2.2601643e+02 1.68e+01 7.07e+02  -2.6 1.08e+01    -  2.72e-01 1.13e-02h  1
1003r 2.2596135e+02 1.41e+01 5.49e+02  -2.6 1.55e+01    -  1.65e-01 3.36e-01h  1
1004r 2.2617145e+02 1.37e+01 4.46e+02  -2.6 2.63e+01    -  1.73e-01 3.30e-01h  1
1005r 2.2495981e+02 1.01e+01 4.23e+02  -2.4 1.26e+01    -  3.37e-01 3.26e-01f  1
1006r 2.2497410e+02 5.85e+00 3.29e+02  -2.6 5.91e+00    -  3.65e-01 4.99e-01f  1
1007r 2.2504368e+02 3.84e+00 2.42e+02  -2.6 1.07e+01    -  2.16e-01 3.41e-01f  1
1008r 2.2505556e+02 3.31e+00 2.01e+02  -2.6 1.57e+01    -  2.44e-01 1.31e-01h  1
1009r 2.2502891e+02 3.27e+00 1.56e+02  -2.6 7.02e+01    -  4.11e-02 6.83e-02h  1
iter    objective    inf_pr   inf_du lg(mu)  ||d||  lg(rg) alpha_du alpha_pr  ls
1010r 2.2517287e+02 3.09e+01 1.85e+02  -2.6 7.45e+01    -  9.90e-02 1.61e-01h  1
1011r 2.2514891e+02 2.57e+01 1.36e+02  -2.6 1.60e+01    -  1.87e-01 1.59e-01h  1
1012r 2.2502442e+02 1.58e+01 2.30e+02  -2.6 1.81e+01    -  1.49e-01 3.09e-01h  1
1013r 2.2487824e+02 1.16e+01 1.39e+02  -2.6 1.95e+01    -  3.00e-01 2.57e-01h  1
1014r 2.2482317e+02 1.24e+01 1.22e+02  -2.6 3.11e+01    -  2.05e-01 2.82e-01h  1
1015r 2.2481109e+02 1.22e+01 1.20e+02  -2.6 4.07e+01    -  1.70e-01 7.78e-02h  1
1016r 2.2480443e+02 1.14e+01 1.99e+02  -2.6 2.31e+01    -  1.93e-01 1.35e-01h  1
1017r 2.2479747e+02 1.02e+01 1.23e+02  -2.6 1.78e+01    -  2.44e-01 2.67e-01h  1
1018r 2.2481227e+02 7.57e+00 4.45e+02  -2.6 5.87e+00    -  1.42e-01 2.69e-01h  1
1019r 2.2488213e+02 6.31e-01 3.46e+02  -2.7 7.54e-01    -  6.64e-01 1.00e+00f  1
iter    objective    inf_pr   inf_du lg(mu)  ||d||  lg(rg) alpha_du alpha_pr  ls
1020  2.2488369e+02 6.31e-01 1.84e+02  -5.7 8.83e+01    -  3.56e-03 1.91e-05h  1
1021r 2.2488369e+02 6.31e-01 9.97e+02   0.2 0.00e+00    -  0.00e+00 4.74e-07R  6
1022r 2.2481282e+02 6.30e-01 9.64e+02  -1.8 1.49e+00    -  5.21e-02 3.35e-02f  1
1023r 2.2462620e+02 6.29e-01 8.82e+02  -1.9 1.10e+00    -  2.50e-01 8.56e-02f  1
1024r 2.2401048e+02 1.86e+00 5.98e+02  -1.9 9.06e-01    -  1.76e-01 3.21e-01f  1
1025r 2.2352399e+02 1.13e+00 4.55e+02  -2.1 7.49e-01    -  7.03e-01 4.69e-01f  1
1026r 2.2321759e+02 2.21e+00 6.06e+02  -2.2 1.36e+00    -  8.26e-01 5.92e-01f  1
1027r 2.2341431e+02 2.12e+01 3.66e+02  -2.4 3.16e+00    -  7.66e-01 6.73e-01f  1
1028r 2.2176918e+02 3.91e+01 3.46e+02  -2.2 1.25e+01    -  4.24e-01 3.80e-01f  1
1029r 2.2345598e+02 2.56e+01 1.38e+02  -2.6 8.34e+00    -  4.26e-01 4.24e-01f  1
iter    objective    inf_pr   inf_du lg(mu)  ||d||  lg(rg) alpha_du alpha_pr  ls
1030r 2.2391066e+02 2.62e+01 1.35e+02  -2.4 1.14e+01    -  3.37e-01 3.22e-01f  1
1031r 2.2308955e+02 2.71e+01 1.14e+02  -2.0 5.15e+01    -  1.77e-01 6.08e-02f  1
1032r 2.2353930e+02 2.07e+01 2.10e+02  -2.4 3.40e+01    -  3.16e-01 3.41e-01f  1
1033r 2.2250739e+02 2.12e+01 2.23e+02  -2.1 1.13e+02    -  1.97e-01 5.32e-02f  1
1034r 2.2137409e+02 1.63e+01 2.71e+02  -2.2 3.16e+01    -  5.32e-01 2.99e-01f  1
1035r 2.2131642e+02 9.98e+00 3.32e+02  -2.3 7.96e+00    -  6.40e-01 3.66e-01f  1
1036r 2.2058366e+02 7.81e+00 3.58e+02  -2.2 7.87e+00    -  7.49e-01 3.42e-01f  1
1037r 2.2144332e+02 2.53e+01 4.25e+02  -2.3 5.07e+00    -  7.37e-01 4.47e-01f  1
1038r 2.2215835e+02 9.96e+00 6.65e+02  -2.3 1.87e+00    -  1.00e+00 1.00e+00f  1
1039r 2.2330846e+02 8.62e+00 5.48e+02  -3.4 1.50e+01    -  2.16e-01 1.68e-01f  1
iter    objective    inf_pr   inf_du lg(mu)  ||d||  lg(rg) alpha_du alpha_pr  ls
1040r 2.2261954e+02 1.27e+01 2.96e+02  -2.1 3.55e+01    -  9.91e-02 8.97e-02f  1
1041r 2.2293713e+02 1.13e+01 3.07e+02  -2.5 2.88e+01    -  1.19e-01 1.52e-01f  1
1042r 2.2297851e+02 1.08e+01 2.77e+02  -2.5 2.58e+01    -  2.05e-01 3.89e-02f  1
1043r 2.2300628e+02 9.40e+00 1.99e+02  -2.5 3.68e+01    -  1.32e-01 8.26e-02f  1
1044r 2.2301739e+02 8.19e+00 1.34e+02  -2.5 5.03e+01    -  7.85e-02 4.10e-02f  1
1045r 2.2320311e+02 7.78e+00 1.41e+02  -2.7 3.74e+01    -  2.10e-01 2.77e-02f  1
1046r 2.2140694e+02 7.45e+00 3.78e+02  -1.5 1.94e+02    -  4.42e-02 2.13e-02f  1
1047r 2.2152657e+02 6.32e+00 2.58e+02  -2.4 7.46e+00    -  1.57e-01 1.47e-01f  1
1048r 2.2175723e+02 4.36e+00 1.46e+02  -2.4 5.06e+00    -  2.61e-01 2.98e-01f  1
1049r 2.2181408e+02 4.10e+00 1.17e+02  -2.4 4.68e+00    -  1.71e-01 8.58e-02f  1
iter    objective    inf_pr   inf_du lg(mu)  ||d||  lg(rg) alpha_du alpha_pr  ls
1050r 2.2192882e+02 3.74e+00 8.72e+01  -2.4 4.74e+00    -  1.75e-01 2.11e-01f  1
1051r 2.2200121e+02 5.05e+00 1.05e+02  -2.4 1.84e+01    -  9.28e-02 9.92e-02f  1
1052r 2.2208363e+02 9.03e+00 1.16e+02  -2.4 1.31e+02    -  2.53e-02 2.25e-02f  1
1053r 2.2215787e+02 1.10e+01 1.47e+02  -2.4 1.21e+02    -  2.75e-02 1.71e-02f  1
1054r 2.2166812e+02 1.19e+01 3.76e+02  -1.8 8.57e+01    -  7.29e-02 2.85e-02f  1
1055r 2.2172816e+02 1.34e+01 5.60e+02  -2.4 2.40e+01    -  1.34e-01 6.09e-02f  1
1056r 2.2184438e+02 1.33e+01 5.31e+02  -2.4 1.58e+01    -  4.74e-02 5.39e-02f  1
1057r 2.2204212e+02 1.20e+01 4.23e+02  -2.4 1.10e+01    -  2.23e-01 1.28e-01f  1
1058r 2.2246692e+02 9.84e+00 3.37e+02  -2.4 9.93e+00    -  4.41e-01 2.78e-01f  1
1059r 2.2321714e+02 9.13e+00 2.24e+02  -2.6 1.97e+01    -  2.26e-01 1.79e-01f  1
iter    objective    inf_pr   inf_du lg(mu)  ||d||  lg(rg) alpha_du alpha_pr  ls
1060r 2.2364363e+02 1.21e+01 2.09e+02  -2.4 1.41e+01    -  2.23e-01 1.82e-01f  1
1061r 2.2301023e+02 1.52e+01 2.14e+02  -2.1 1.09e+01    -  1.99e-01 1.39e-01f  1
1062r 2.2300952e+02 1.50e+01 2.12e+02  -2.4 5.23e+00    -  2.06e-01 1.43e-02f  1
1063r 2.2312670e+02 1.14e+01 1.61e+02  -2.4 3.26e+00    -  7.44e-01 2.50e-01f  1
1064r 2.2317921e+02 6.17e+00 9.06e+01  -2.4 3.97e+00    -  5.33e-01 4.70e-01f  1
1065r 2.2305556e+02 8.87e+00 4.16e+01  -2.4 2.24e+00    -  7.37e-01 1.00e+00h  1
1066r 2.2346901e+02 5.23e+00 1.86e+02  -2.4 1.45e+00    -  1.00e+00 9.31e-01f  1
1067r 2.2287063e+02 3.63e+00 1.87e+02  -2.2 2.90e+00    -  7.59e-01 3.66e-01f  1
1068r 2.2274408e+02 3.39e+01 9.40e+01  -2.4 1.38e+00    -  5.62e-01 1.00e+00f  1
1069r 2.2282668e+02 9.87e+00 3.10e+01  -2.4 9.06e-01    -  1.00e+00 1.00e+00h  1
iter    objective    inf_pr   inf_du lg(mu)  ||d||  lg(rg) alpha_du alpha_pr  ls
1070r 2.2315150e+02 3.53e+00 4.36e+01  -2.4 6.60e-01    -  1.00e+00 1.00e+00f  1
1071r 2.2417261e+02 9.24e+00 2.14e+02  -2.5 5.04e+00    -  1.00e+00 8.61e-01f  1
1072r 2.2482257e+02 5.03e+00 1.59e+02  -2.5 1.10e+01    -  6.95e-01 5.57e-01f  1
1073r 2.2521197e+02 3.87e+01 1.69e+02  -2.5 2.95e+00    -  9.89e-01 1.00e+00h  1
1074r 2.2598692e+02 2.40e+00 2.62e+01  -2.7 1.92e+00    -  1.00e+00 9.61e-01f  1
1075r 2.2641606e+02 2.08e+00 4.04e+01  -2.8 1.87e+00    -  1.00e+00 5.30e-01f  1
1076r 2.2716555e+02 5.36e+00 4.14e+01  -2.8 2.39e+00    -  7.48e-01 8.45e-01f  1
1077r 2.2817027e+02 1.02e+01 6.94e+01  -2.8 5.36e+00    -  7.94e-01 5.79e-01h  1
1078r 2.2847448e+02 7.16e+00 1.31e+02  -2.8 4.66e+00    -  4.59e-01 3.00e-01h  1
1079r 2.2912434e+02 1.51e+01 9.55e+01  -2.8 3.20e+00    -  6.61e-01 6.05e-01f  1
iter    objective    inf_pr   inf_du lg(mu)  ||d||  lg(rg) alpha_du alpha_pr  ls
1080r 2.2940204e+02 2.00e+01 2.53e+01  -2.8 4.10e+00    -  3.66e-01 5.02e-01h  1
1081r 2.2988370e+02 1.68e+01 2.71e+01  -3.3 9.37e+00    -  2.31e-01 1.25e-01f  1
1082r 2.3008952e+02 1.56e+01 7.81e+01  -2.9 1.62e+01    -  2.18e-01 5.33e-02f  1
1083r 2.3050546e+02 1.47e+01 9.25e+01  -3.3 2.95e+01    -  2.53e-01 6.01e-02f  1
1084r 2.3105180e+02 8.50e+00 9.63e+01  -2.9 7.25e+00    -  6.03e-01 3.92e-01h  1
1085r 2.3105313e+02 3.02e+00 2.26e+01  -2.9 1.31e+00    -  9.86e-01 1.00e+00h  1
1086r 2.3145115e+02 1.56e+00 2.33e+01  -3.1 1.71e+00    -  9.89e-01 6.05e-01f  1
1087r 2.3039897e+02 4.23e+00 1.16e+02  -2.8 2.65e+00    -  4.41e-01 8.19e-01f  1
1088r 2.3114366e+02 4.50e+00 1.87e+01  -3.0 2.07e+00    -  7.56e-01 7.56e-01f  1
1089r 2.3152456e+02 2.05e+00 1.09e+01  -3.0 3.67e+00    -  5.62e-01 5.93e-01f  1
iter    objective    inf_pr   inf_du lg(mu)  ||d||  lg(rg) alpha_du alpha_pr  ls
1090r 2.3161801e+02 7.17e-01 8.89e+01  -3.0 1.23e+00    -  9.05e-02 1.00e+00h  1
1091r 2.3178627e+02 6.40e-01 2.37e+01  -3.0 8.45e-01    -  1.00e+00 7.10e-01f  1
1092r 2.3210009e+02 6.42e-01 4.08e+01  -3.1 1.65e+00    -  1.00e+00 1.00e+00f  1
1093r 2.3280586e+02 8.74e-01 7.22e+01  -3.2 3.98e+00    -  1.00e+00 6.26e-01f  1
1094r 2.3262914e+02 8.87e-01 1.45e+02  -2.9 5.59e+00    -  6.04e-01 3.59e-01f  1
1095r 2.3293643e+02 7.41e-01 1.49e+02  -3.1 5.57e+00    -  1.00e+00 5.31e-01f  1
1096r 2.3302200e+02 7.74e-01 1.80e+02  -3.1 6.23e+00    -  3.66e-01 2.71e-01h  1
1097r 2.3321421e+02 4.83e+00 3.38e+02  -3.1 2.55e+01    -  2.33e-01 1.91e-01f  1
1098r 2.3359447e+02 4.74e+00 1.35e+02  -3.2 6.51e+01    -  8.44e-02 1.24e-01f  1
1099r 2.3369614e+02 4.57e+00 5.32e+02  -3.2 4.56e+01    -  1.18e-01 3.79e-02h  1
iter    objective    inf_pr   inf_du lg(mu)  ||d||  lg(rg) alpha_du alpha_pr  ls
1100r 2.3405199e+02 4.06e+00 4.50e+02  -3.2 2.15e+01    -  1.61e-01 1.79e-01f  1
1101r 2.3414423e+02 3.11e+00 4.39e+02  -3.2 3.23e+00    -  6.42e-01 2.38e-01f  1
1102r 2.3430622e+02 2.49e+00 3.63e+02  -3.4 3.90e+00    -  5.51e-01 2.59e-01f  1
1103r 2.3389702e+02 6.89e-01 4.39e+02  -2.9 2.11e+00    -  2.96e-01 9.40e-01f  1
1104r 2.3405034e+02 1.32e+00 2.50e+02  -3.1 3.75e+00    -  5.77e-01 3.95e-01f  1
1105r 2.3407564e+02 1.31e+00 1.84e+02  -3.1 4.31e+00    -  4.12e-01 9.22e-02f  1
1106r 2.3417515e+02 1.60e+00 1.02e+02  -3.1 3.97e+00    -  2.43e-01 3.67e-01f  1
1107r 2.3420327e+02 1.36e+00 8.35e+01  -3.1 2.71e+00    -  6.68e-01 4.19e-01f  1
1108r 2.3433764e+02 6.63e-01 8.39e+01  -3.1 6.02e+00    -  2.09e-01 9.19e-01f  1
1109r 2.3435284e+02 6.62e-01 3.51e+01  -3.1 8.96e+00    -  4.64e-01 1.07e-01h  1
iter    objective    inf_pr   inf_du lg(mu)  ||d||  lg(rg) alpha_du alpha_pr  ls
1110r 2.3438516e+02 6.60e-01 7.64e+01  -3.1 2.39e+00    -  1.00e+00 1.00e+00h  1
1111r 2.3387797e+02 7.39e-01 2.60e+02  -2.8 3.40e+00    -  7.35e-01 6.06e-01f  1
1112r 2.3382639e+02 6.59e-01 2.07e+02  -3.0 2.45e+00    -  8.35e-01 7.02e-01f  1
1113r 2.3379329e+02 6.76e-01 1.11e+02  -3.0 2.24e+00    -  6.40e-01 5.64e-01h  1
1114r 2.3378121e+02 6.60e-01 5.15e+01  -3.0 7.25e-01    -  1.03e-01 1.00e+00h  1
1115r 2.3414193e+02 6.59e-01 2.90e+01  -3.2 9.77e-01    -  1.00e+00 1.00e+00f  1
1116r 2.3430447e+02 6.58e-01 3.23e+02  -3.2 3.54e+00    -  1.00e+00 1.78e-01h  1
1117r 2.3506892e+02 3.66e+00 1.33e+02  -3.3 5.60e+00    -  1.00e+00 4.58e-01f  1
1118r 2.3578300e+02 2.21e+00 5.71e+01  -3.2 3.61e+00    -  7.01e-01 5.36e-01h  1
1119r 2.3575922e+02 1.92e+00 5.17e+01  -3.0 9.03e+00    -  5.87e-01 2.89e-01f  1
iter    objective    inf_pr   inf_du lg(mu)  ||d||  lg(rg) alpha_du alpha_pr  ls
1120r 2.3576306e+02 1.83e+00 8.32e+01  -3.2 2.01e+00    -  7.05e-01 4.98e-02h  1
1121r 2.3600503e+02 1.27e+00 3.85e+01  -3.2 1.29e+00    -  1.00e+00 8.22e-01f  1
1122r 2.3610804e+02 6.71e-01 3.04e+01  -3.2 2.56e+00    -  8.21e-01 7.04e-01h  1
1123r 2.3625015e+02 6.66e-01 1.16e+01  -3.3 5.20e-01    -  1.00e+00 7.50e-01f  1
1124r 2.3662327e+02 6.65e-01 5.96e+01  -3.4 1.11e+00    -  1.00e+00 9.55e-01f  1
1125r 2.3610205e+02 6.66e-01 6.70e+01  -3.1 1.71e+00    -  6.50e-01 8.78e-01f  1
1126r 2.3654071e+02 1.11e+00 1.14e+01  -3.3 2.12e+00    -  1.00e+00 1.00e+00f  1
1127r 2.3663211e+02 9.61e-01 2.76e+01  -3.3 8.68e-01    -  9.84e-01 1.00e+00h  1
1128r 2.3662825e+02 6.64e-01 2.62e+01  -3.3 1.47e+00    -  1.00e+00 4.31e-01h  1
1129r 2.3695430e+02 6.62e-01 8.22e+00  -3.4 8.38e-01    -  1.00e+00 1.00e+00f  1
iter    objective    inf_pr   inf_du lg(mu)  ||d||  lg(rg) alpha_du alpha_pr  ls
1130r 2.3762634e+02 1.12e+00 3.82e+01  -3.4 5.04e+00    -  8.30e-01 6.99e-01h  1
1131r 2.3836076e+02 6.56e-01 1.16e+02  -3.4 2.05e+00    -  9.22e-02 1.00e+00f  1
1132r 2.3795813e+02 6.58e-01 4.44e+01  -3.1 4.77e+00    -  2.24e-01 3.07e-01f  1
1133r 2.3775528e+02 6.61e-01 8.35e+01  -3.4 2.98e+00    -  3.13e-02 8.61e-01f  1
1134r 2.3816665e+02 6.59e-01 3.97e+01  -3.4 2.18e+00    -  1.00e+00 8.23e-01h  1
1135r 2.3775142e+02 6.61e-01 7.37e+01  -3.2 3.23e+00    -  5.19e-01 3.08e-01f  1
1136r 2.3789433e+02 6.60e-01 5.51e+01  -3.4 1.46e+00    -  7.20e-01 6.30e-01f  1
1137r 2.3836704e+02 6.58e-01 3.77e+01  -3.4 1.13e+00    -  6.98e-01 1.00e+00h  1
1138r 2.3842980e+02 6.58e-01 8.86e+01  -3.4 1.95e+00    -  9.04e-01 2.09e-01h  1
1139r 2.3886679e+02 6.57e-01 4.23e+01  -3.5 1.35e+00    -  1.00e+00 1.00e+00f  1
iter    objective    inf_pr   inf_du lg(mu)  ||d||  lg(rg) alpha_du alpha_pr  ls
1140r 2.3722782e+02 3.09e+00 2.10e+02  -3.1 5.83e+00    -  3.71e-01 5.79e-01f  1
1141r 2.3769044e+02 7.06e-01 1.16e+02  -3.4 2.77e+00    -  7.92e-01 8.81e-01f  1
1142r 2.3797115e+02 6.60e-01 5.69e+01  -3.4 3.30e+00    -  5.52e-01 2.73e-01h  1
1143r 2.3867174e+02 7.23e-01 2.45e+01  -3.4 2.14e+00    -  1.00e+00 1.00e+00h  1
1144r 2.3925242e+02 6.53e-01 2.00e+01  -3.4 2.66e+00    -  1.00e+00 1.00e+00H  1
1145r 2.3970091e+02 6.55e-01 2.14e+01  -3.5 2.15e+00    -  1.00e+00 7.42e-01f  1
1146r 2.3977505e+02 6.56e-01 2.59e+01  -3.5 1.81e+00    -  5.34e-01 5.85e-01h  1
1147r 2.3996011e+02 6.55e-01 2.50e+01  -3.5 5.50e-01    -  1.00e+00 8.81e-01h  1
1148r 2.4030456e+02 7.71e-01 4.06e+01  -3.5 1.64e+00    -  7.90e-01 1.00e+00h  1
1149r 2.4043291e+02 6.56e-01 8.27e+01  -3.5 1.16e+00    -  2.83e-01 9.35e-01h  1
iter    objective    inf_pr   inf_du lg(mu)  ||d||  lg(rg) alpha_du alpha_pr  ls
1150r 2.4053176e+02 6.56e-01 4.17e+01  -3.6 4.64e+00    -  6.91e-01 8.35e-01f  1
1151r 2.4071506e+02 6.56e-01 1.66e+01  -3.6 1.92e+00    -  9.85e-01 7.74e-01h  1
1152r 2.4101822e+02 6.56e-01 4.69e+01  -3.8 1.25e+00    -  1.00e+00 6.37e-01f  1
1153r 2.4093685e+02 6.55e-01 1.08e+02  -3.4 2.55e+00    -  8.85e-01 6.94e-01f  1
1154r 2.4081658e+02 6.56e-01 1.31e+01  -3.6 1.13e+00    -  9.30e-01 1.00e+00f  1
1155r 2.4102085e+02 6.56e-01 3.34e+00  -3.6 6.08e-01    -  1.00e+00 1.00e+00h  1
1156r 2.4115529e+02 6.55e-01 3.50e+00  -3.6 6.95e-01    -  9.58e-01 1.00e+00h  1
1157r 2.4140266e+02 6.55e-01 6.09e+00  -3.6 1.42e+00    -  1.00e+00 1.00e+00h  1
1158r 2.4183798e+02 6.55e-01 6.52e+01  -3.7 2.59e+00    -  3.68e-01 6.56e-01f  1
1159r 2.4218967e+02 6.55e-01 4.17e+01  -3.7 3.86e+00    -  4.05e-01 3.51e-01h  1
iter    objective    inf_pr   inf_du lg(mu)  ||d||  lg(rg) alpha_du alpha_pr  ls
1160r 2.4232491e+02 6.54e-01 2.28e+01  -3.7 1.16e+00    -  1.00e+00 1.00e+00h  1
1161r 2.4264500e+02 6.54e-01 5.49e+01  -3.7 1.48e+00    -  1.00e+00 8.83e-01f  1
1162r 2.4278487e+02 6.54e-01 7.12e+01  -3.7 1.53e+00    -  1.00e+00 2.89e-01h  1
1163r 2.4264122e+02 6.54e-01 8.43e+01  -3.5 1.47e+00    -  6.34e-01 6.37e-01f  1
1164r 2.4249015e+02 6.55e-01 3.28e+01  -3.6 7.03e-01    -  7.83e-01 1.00e+00f  1
1165r 2.4270245e+02 6.54e-01 1.45e+01  -3.6 1.06e+00    -  6.32e-01 5.41e-01H  1
1166r 2.4278333e+02 6.54e-01 7.60e+01  -3.6 1.49e+00    -  1.00e+00 1.68e-01h  3
1167r 2.4284825e+02 6.54e-01 1.59e+01  -3.6 2.56e+00    -  1.00e+00 9.51e-02h  4
1168r 2.4360962e+02 2.15e+00 9.18e+01  -3.6 4.37e+00    -  7.18e-01 8.21e-01h  1
1169r 2.4392782e+02 8.69e-01 5.84e+01  -3.6 3.89e+00    -  6.40e-01 7.16e-01h  1
iter    objective    inf_pr   inf_du lg(mu)  ||d||  lg(rg) alpha_du alpha_pr  ls
1170r 2.4382410e+02 6.53e-01 4.38e+01  -3.6 2.68e+00    -  1.84e-01 6.69e-01h  1
1171r 2.4384115e+02 6.54e-01 4.07e+01  -3.6 8.30e-01    -  9.59e-01 7.19e-01h  1
1172r 2.4391848e+02 6.54e-01 1.33e+01  -3.6 4.06e-01    -  1.00e+00 9.49e-01h  1
1173r 2.4416495e+02 6.54e-01 3.45e+01  -3.9 2.07e+00    -  1.00e+00 3.90e-01f  1
1174r 2.4443146e+02 6.92e-01 5.90e+01  -3.5 4.65e+00    -  9.41e-01 4.77e-01f  1
1175r 2.4413047e+02 6.55e-01 2.77e+01  -3.7 1.24e+00    -  6.57e-01 1.00e+00h  1
1176r 2.4400960e+02 6.54e-01 4.06e+01  -3.7 1.21e+00    -  3.06e-01 5.60e-01h  1
1177r 2.4426496e+02 6.55e-01 5.61e+01  -3.7 1.75e+00    -  1.00e+00 5.81e-01H  1
1178r 2.4441248e+02 6.55e-01 3.80e+01  -3.7 4.34e+00    -  3.60e-01 2.15e-01h  2
1179r 2.4452782e+02 6.55e-01 2.08e+01  -3.7 1.14e+00    -  1.00e+00 6.79e-01h  1
iter    objective    inf_pr   inf_du lg(mu)  ||d||  lg(rg) alpha_du alpha_pr  ls
1180r 2.4461667e+02 6.54e-01 1.21e+02  -3.7 1.22e+00    -  8.07e-01 4.70e-01h  1
1181r 2.4458924e+02 6.54e-01 7.25e+01  -3.7 4.74e-01    -  3.49e-01 7.46e-01h  1
1182r 2.4470076e+02 6.55e-01 9.92e+01  -3.7 5.97e-01    -  4.96e-01 1.00e+00f  1
1183r 2.4493896e+02 6.54e-01 2.00e+01  -3.8 1.24e+00    -  7.16e-01 8.33e-01f  1
1184r 2.4494749e+02 6.53e-01 1.14e+02  -3.5 3.15e+00    -  9.74e-01 2.01e-01f  1
1185r 2.4480727e+02 1.30e+00 8.26e+01  -3.7 8.07e+00    -  3.86e-01 2.63e-01h  1
1186r 2.4475779e+02 8.05e-01 5.41e+01  -3.7 6.16e+00    -  4.06e-01 3.28e-01h  1
1187r 2.4465237e+02 6.55e-01 2.00e+01  -3.7 1.44e+00    -  7.59e-01 1.00e+00h  1
1188r 2.4440171e+02 6.55e-01 5.84e+01  -3.4 1.18e+00    -  8.39e-01 1.00e+00f  1
1189r 2.4419865e+02 6.55e-01 1.65e+01  -3.5 1.37e+00    -  4.87e-01 5.53e-01f  1
iter    objective    inf_pr   inf_du lg(mu)  ||d||  lg(rg) alpha_du alpha_pr  ls
1190r 2.4325135e+02 3.46e+00 6.41e+01  -3.5 8.05e+00    -  3.35e-01 7.00e-01f  1
1191r 2.4338530e+02 6.57e-01 1.09e+02  -3.5 1.08e+00    -  2.20e-01 8.40e-01h  1
1192r 2.4347016e+02 6.58e-01 1.05e+02  -3.5 1.08e+00    -  4.80e-02 1.00e+00h  1
1193r 2.4333931e+02 6.57e-01 3.94e+01  -3.5 4.13e-01    -  6.90e-01 1.00e+00h  1
1194r 2.4321582e+02 6.57e-01 9.28e+00  -3.5 6.28e-01    -  1.00e+00 1.00e+00h  1
1195r 2.4332265e+02 6.56e-01 4.35e+01  -3.7 3.99e+00    -  1.00e+00 7.16e-01f  1
1196r 2.4397269e+02 9.43e-01 2.47e+01  -3.8 4.17e+00    -  4.47e-01 3.95e-01f  1
1197r 2.4500376e+02 3.12e+00 3.16e+01  -3.8 5.68e+00    -  3.53e-01 4.42e-01h  1
1198r 2.4516821e+02 2.65e+00 2.18e+01  -3.8 3.40e+00    -  2.45e-01 1.77e-01h  1
1199r 2.4518431e+02 1.23e+00 4.90e+01  -4.0 1.64e+00    -  9.43e-01 5.38e-01f  1
iter    objective    inf_pr   inf_du lg(mu)  ||d||  lg(rg) alpha_du alpha_pr  ls
1200r 2.4540501e+02 1.06e+00 1.30e+02  -3.9 2.29e+00    -  5.80e-01 2.48e-01h  1
1201r 2.4469600e+02 1.30e+00 9.58e+01  -3.5 3.78e+00    -  4.21e-01 6.86e-01f  1
1202r 2.4406803e+02 1.81e+00 4.80e+01  -3.8 3.92e+00    -  5.51e-01 5.80e-01f  1
1203r 2.4439603e+02 1.66e+00 5.79e+01  -3.8 6.26e+00    -  7.58e-02 2.54e-01h  1
1204r 2.4478818e+02 6.54e-01 1.39e+02  -3.8 8.60e-01    -  9.19e-02 1.00e+00f  1
1205r 2.4525832e+02 6.53e-01 1.52e+01  -3.9 1.16e+00    -  1.00e+00 8.92e-01f  1
1206r 2.4587570e+02 1.43e+00 6.80e+01  -3.9 2.30e+00    -  1.00e+00 5.51e-01h  1
1207r 2.4621559e+02 1.56e+00 9.66e+01  -3.9 3.31e+00    -  6.31e-01 2.09e-01h  1
1208r 2.4516706e+02 1.46e+00 1.38e+02  -3.5 4.76e+00    -  3.40e-01 8.03e-01f  1
1209r 2.4362130e+02 9.54e+00 1.11e+02  -3.7 4.59e+00    -  5.05e-02 7.85e-01f  1
iter    objective    inf_pr   inf_du lg(mu)  ||d||  lg(rg) alpha_du alpha_pr  ls
1210r 2.4374434e+02 7.05e+00 7.30e+01  -3.7 7.66e+00    -  2.79e-01 2.60e-01h  1
1211r 2.4468698e+02 5.38e+00 7.58e+01  -3.7 2.93e+00    -  4.50e-01 7.09e-01h  1
1212r 2.4501540e+02 4.96e+00 5.19e+01  -3.7 7.00e+00    -  1.35e-01 2.24e-01h  1
1213r 2.4522576e+02 6.53e-01 9.74e+01  -3.7 1.17e+00    -  4.21e-02 1.00e+00h  1
1214r 2.4535877e+02 6.52e-01 1.54e+02  -3.9 1.34e+00    -  1.00e+00 2.44e-01f  1
1215r 2.4369860e+02 6.67e+00 1.08e+02  -3.5 5.10e+00    -  7.30e-01 7.87e-01f  1
1216r 2.4252567e+02 9.17e+00 1.79e+02  -3.7 5.59e+00    -  1.24e-01 6.78e-01f  1
1217r 2.4277396e+02 5.91e+00 1.04e+02  -3.7 5.06e+00    -  3.87e-02 3.60e-01h  1
1218r 2.4406167e+02 8.00e+00 1.42e+02  -3.7 2.86e+00    -  4.38e-01 1.00e+00h  1
1219r 2.4428972e+02 6.38e+00 1.38e+02  -3.7 5.89e+00    -  3.54e-01 2.23e-01h  1
iter    objective    inf_pr   inf_du lg(mu)  ||d||  lg(rg) alpha_du alpha_pr  ls
1220r 2.4395177e+02 6.54e-01 4.12e+01  -3.7 8.40e-01    -  4.97e-01 1.00e+00h  1
1221r 2.4384495e+02 6.52e-01 1.75e+01  -3.7 9.52e-01    -  1.00e+00 1.00e+00h  1
1222r 2.4404262e+02 6.53e-01 4.36e+01  -3.7 9.66e-01    -  8.47e-01 1.00e+00h  1
1223r 2.4403779e+02 6.53e-01 1.37e+01  -3.7 1.95e-01    -  1.00e+00 1.00e+00h  1
1224r 2.4429054e+02 6.53e-01 2.18e+01  -3.9 4.88e-01    -  1.00e+00 8.39e-01f  1
1225r 2.4452188e+02 6.52e-01 3.30e+01  -3.5 1.42e+00    -  7.67e-01 7.12e-01f  1
1226r 2.4385385e+02 2.51e+00 2.75e+01  -3.7 1.54e+00    -  7.50e-01 1.00e+00f  1
1227r 2.4386669e+02 1.92e+00 8.11e+00  -3.7 5.63e+00    -  2.98e-01 2.36e-01h  1
1228r 2.4404718e+02 6.53e-01 2.15e+01  -3.7 6.28e-01    -  3.39e-02 7.85e-01h  1
1229r 2.4449544e+02 8.89e-01 3.39e+01  -3.7 1.85e+00    -  5.13e-01 8.51e-01h  1
iter    objective    inf_pr   inf_du lg(mu)  ||d||  lg(rg) alpha_du alpha_pr  ls
1230r 2.4470828e+02 6.52e-01 2.35e+01  -3.7 2.00e+00    -  1.00e+00 1.00e+00h  1
1231r 2.4437751e+02 6.52e-01 2.12e+01  -3.7 8.53e-01    -  1.00e+00 1.00e+00H  1
1232r 2.4460307e+02 6.52e-01 4.30e+01  -3.9 8.65e-01    -  1.00e+00 5.02e-01f  1
1233r 2.4522924e+02 1.95e+00 5.91e+01  -3.6 1.54e+00    -  1.00e+00 1.00e+00f  1
1234r 2.4440236e+02 3.67e+00 2.66e+01  -3.7 3.00e+00    -  1.61e-01 5.70e-01f  1
1235r 2.4411277e+02 3.23e+00 4.23e+01  -3.7 7.85e+00    -  7.73e-02 2.27e-01h  1
1236r 2.4441725e+02 6.53e-01 1.60e+01  -3.7 1.07e+00    -  1.00e+00 1.00e+00h  1
1237r 2.4475965e+02 6.52e-01 4.42e+01  -3.7 1.84e+00    -  6.42e-01 6.36e-01H  1
1238r 2.4454840e+02 6.52e-01 1.18e+01  -3.7 2.03e+00    -  9.35e-01 8.37e-01h  1
1239r 2.4449016e+02 6.52e-01 7.52e+01  -3.7 1.12e+00    -  7.02e-01 1.00e+00h  1
iter    objective    inf_pr   inf_du lg(mu)  ||d||  lg(rg) alpha_du alpha_pr  ls
1240r 2.4454315e+02 6.52e-01 6.42e+00  -3.7 5.97e-01    -  1.00e+00 1.00e+00h  1
1241r 2.4465573e+02 6.52e-01 4.75e+01  -4.1 4.00e-01    -  1.00e+00 6.57e-01f  1
1242r 2.4507743e+02 1.09e+00 3.28e+01  -3.6 9.40e-01    -  1.00e+00 1.00e+00f  1
1243r 2.4432698e+02 3.01e+00 4.51e+01  -3.7 1.84e+00    -  6.58e-01 1.00e+00f  1
1244r 2.4422268e+02 2.42e+00 4.28e+01  -3.7 8.68e+00    -  1.74e-01 2.10e-01h  1
1245r 2.4476777e+02 1.38e+00 1.27e+01  -3.7 2.15e+00    -  6.95e-01 1.00e+00f  1
1246r 2.4557528e+02 2.92e+00 6.10e+01  -3.7 2.73e+00    -  3.81e-01 6.05e-01h  1
1247r 2.4502304e+02 1.11e+00 5.87e+01  -3.7 1.74e+00    -  5.15e-01 1.00e+00h  1
1248r 2.4495540e+02 7.41e-01 6.65e+01  -3.7 9.87e-01    -  6.40e-01 3.44e-01h  1
1249r 2.4499735e+02 6.51e-01 2.11e+01  -3.7 1.21e+00    -  6.71e-01 9.71e-01h  1
iter    objective    inf_pr   inf_du lg(mu)  ||d||  lg(rg) alpha_du alpha_pr  ls
1250r 2.4494962e+02 6.51e-01 3.28e+00  -3.7 4.45e-01    -  1.00e+00 1.00e+00h  1
1251r 2.4520717e+02 6.51e-01 2.56e+01  -4.1 6.90e-01    -  1.00e+00 7.55e-01f  1
1252r 2.4578810e+02 2.90e+00 5.49e+01  -3.6 2.98e+00    -  5.35e-01 7.61e-01f  1
1253r 2.4454058e+02 9.44e+00 4.70e+01  -3.8 9.64e+00    -  1.83e-01 4.85e-01f  1
1254r 2.4449964e+02 8.50e+00 4.00e+01  -3.8 1.23e+01    -  1.25e-01 1.05e-01h  1
1255r 2.4477575e+02 4.85e+00 5.76e+01  -3.8 2.47e+00    -  1.25e-01 4.59e-01h  1
1256r 2.4556661e+02 5.16e+00 3.29e+01  -3.8 4.13e+00    -  4.27e-01 5.16e-01h  1
1257r 2.4619004e+02 4.09e+00 6.38e+01  -3.8 5.02e+00    -  1.53e-01 5.66e-01h  1
1258r 2.4592077e+02 2.67e+00 3.88e+01  -3.8 1.55e+00    -  4.40e-01 4.17e-01h  1
1259r 2.4560342e+02 2.41e+00 6.06e+01  -3.8 4.49e+00    -  5.10e-01 2.88e-01h  1
iter    objective    inf_pr   inf_du lg(mu)  ||d||  lg(rg) alpha_du alpha_pr  ls
1260r 2.4536857e+02 1.79e+00 2.84e+01  -3.8 3.53e+00    -  5.07e-01 3.62e-01h  1
1261r 2.4544261e+02 6.50e-01 9.47e+01  -3.8 5.19e-01    -  5.62e-01 9.98e-01h  1
1262r 2.4549448e+02 6.51e-01 3.83e+00  -3.8 5.08e-01    -  1.00e+00 1.00e+00h  1
1263r 2.4548229e+02 6.51e-01 7.45e+00  -3.8 1.08e-01    -  1.00e+00 1.00e+00h  1
1264r 2.4555452e+02 6.51e-01 3.49e+01  -4.2 2.52e-01    -  1.00e+00 7.09e-01f  1
1265r 2.4593183e+02 6.51e-01 7.10e+01  -4.3 1.74e+00    -  1.00e+00 4.06e-01f  1
1266r 2.4616264e+02 7.32e-01 4.69e+01  -3.6 3.06e+00    -  4.47e-01 2.00e-01f  1
1267r 2.4511916e+02 6.85e+00 6.45e+01  -4.0 4.79e+00    -  2.33e-01 5.52e-01h  1
1268r 2.4658702e+02 1.29e+01 1.47e+02  -4.0 7.70e+00    -  1.48e-01 4.13e-01h  1
1269r 2.4670204e+02 1.27e+01 1.51e+02  -4.0 1.61e+01    -  1.31e-01 1.72e-02h  1
iter    objective    inf_pr   inf_du lg(mu)  ||d||  lg(rg) alpha_du alpha_pr  ls
1270r 2.4714951e+02 8.33e+00 8.93e+01  -4.0 2.17e+00    -  9.31e-02 4.25e-01h  1
1271r 2.4733757e+02 6.89e+00 7.76e+01  -4.0 2.68e+00    -  2.25e-01 1.93e-01h  1
1272r 2.4753191e+02 9.14e-01 1.37e+02  -4.0 1.76e+00    -  4.63e-01 8.98e-01h  1
1273r 2.4764135e+02 6.49e-01 3.33e+01  -4.0 4.61e-01    -  7.11e-01 8.21e-01h  1
1274r 2.4772541e+02 6.49e-01 7.67e+01  -4.0 3.76e-01    -  4.47e-01 1.00e+00h  1
1275r 2.4775972e+02 6.49e-01 2.69e+00  -4.0 1.95e-01    -  1.00e+00 1.00e+00h  1
1276r 2.4781562e+02 6.49e-01 4.79e+00  -4.0 1.27e-01    -  1.00e+00 1.00e+00H  1
1277r 2.4815166e+02 6.49e-01 2.82e+01  -4.4 6.86e-01    -  1.00e+00 8.38e-01f  1
1278r 2.4827331e+02 6.50e-01 1.46e+01  -3.6 7.53e+00    -  2.72e-01 1.30e-01f  1
1279r 2.4759025e+02 3.22e+00 4.48e+01  -4.2 7.01e+00    -  1.66e-01 2.21e-01h  1
iter    objective    inf_pr   inf_du lg(mu)  ||d||  lg(rg) alpha_du alpha_pr  ls
1280r 2.4812002e+02 4.42e+00 4.80e+01  -4.2 2.25e+01    -  7.74e-02 4.97e-02h  1
1281r 2.4862529e+02 5.44e+00 5.43e+01  -4.2 2.87e+01    -  1.99e-01 3.43e-02h  1
1282r 2.5000180e+02 1.36e+01 5.85e+01  -4.2 2.37e+01    -  1.70e-01 1.22e-01h  1
1283r 2.5068748e+02 1.36e+01 6.85e+01  -4.2 9.40e+00    -  1.36e-01 1.31e-01h  1
1284r 2.5075495e+02 1.32e+01 1.03e+02  -4.2 8.90e+00    -  2.16e-01 2.85e-02h  1
1285r 2.5118982e+02 1.20e+01 7.77e+01  -4.2 9.67e+00    -  7.10e-02 1.41e-01h  1
1286r 2.5135401e+02 1.09e+01 8.07e+01  -4.2 8.02e+00    -  8.47e-02 1.01e-01h  1
1287r 2.5155061e+02 8.23e+00 6.20e+01  -4.2 4.54e+00    -  3.16e-01 2.53e-01h  1
1288r 2.5173146e+02 3.91e+00 3.34e+01  -4.2 3.08e+00    -  6.15e-01 5.34e-01h  1
1289r 2.5186469e+02 2.03e+00 2.20e+01  -4.2 2.78e+00    -  3.98e-01 4.82e-01h  1
iter    objective    inf_pr   inf_du lg(mu)  ||d||  lg(rg) alpha_du alpha_pr  ls
1290r 2.5194901e+02 1.01e+00 6.20e+01  -4.2 1.50e+00    -  1.00e+00 5.04e-01h  1
1291r 2.5215696e+02 6.47e-01 3.73e+01  -4.2 2.68e+00    -  1.00e+00 8.33e-01h  1
1292r 2.5246240e+02 6.67e-01 6.01e+01  -4.2 5.09e+00    -  1.00e+00 9.70e-01h  1
1293r 2.5267893e+02 8.40e-01 7.95e+01  -4.2 2.16e+01    -  4.32e-01 2.20e-01h  1
1294r 2.5306391e+02 1.68e+00 6.54e+01  -4.2 5.00e+01    -  2.23e-01 2.10e-01h  1
1295r 2.5311879e+02 1.62e+00 6.35e+01  -4.2 3.99e+01    -  9.30e-02 4.48e-02h  1
1296r 2.5309276e+02 1.39e+00 5.22e+01  -4.2 3.00e+00    -  1.11e-01 1.49e-01h  1
1297r 2.5302674e+02 7.90e-01 6.31e+01  -4.2 1.88e+00    -  1.43e-01 4.36e-01f  1
1298r 2.5302014e+02 6.46e-01 3.79e+01  -4.2 1.12e+00    -  4.17e-01 2.68e-01h  1
1299r 2.5294826e+02 6.45e-01 2.26e+01  -4.2 1.10e+00    -  5.46e-01 1.00e+00h  1
iter    objective    inf_pr   inf_du lg(mu)  ||d||  lg(rg) alpha_du alpha_pr  ls
1300r 2.5303243e+02 6.45e-01 3.74e+01  -4.3 6.20e-01    -  1.00e+00 9.78e-01f  1
1301r 2.5309146e+02 6.45e-01 2.12e+01  -4.3 2.68e-01    -  1.00e+00 9.67e-01h  1
1302r 2.5314705e+02 6.45e-01 3.82e+01  -4.7 3.91e-01    -  1.00e+00 5.17e-01f  1
1303r 2.5327447e+02 6.45e-01 6.04e+01  -4.6 6.75e-01    -  1.00e+00 3.47e-01f  1
1304r 2.5352908e+02 6.44e-01 3.29e+01  -4.2 1.84e+00    -  8.43e-01 3.41e-01f  1
1305r 2.5383110e+02 9.36e-01 1.07e+01  -4.4 1.67e+00    -  6.70e-01 8.98e-01h  1
1306r 2.5389908e+02 8.48e-01 6.68e+01  -4.4 2.32e+00    -  7.38e-01 1.33e-01h  1
1307r 2.5417885e+02 1.06e+00 6.47e+01  -4.4 2.60e+00    -  5.71e-01 4.31e-01h  1
1308r 2.5425765e+02 9.88e-01 6.75e+01  -4.4 3.12e+00    -  2.16e-01 1.04e-01h  1
1309r 2.5438108e+02 9.14e-01 6.05e+01  -4.4 2.53e+00    -  9.09e-01 1.94e-01h  1
iter    objective    inf_pr   inf_du lg(mu)  ||d||  lg(rg) alpha_du alpha_pr  ls
1310r 2.5450100e+02 9.87e-01 6.22e+01  -4.4 1.57e+01    -  2.45e-01 5.27e-02h  1
1311r 2.5505617e+02 3.18e+00 5.72e+01  -4.4 4.14e+01    -  1.62e-01 1.25e-01f  1
1312r 2.5515733e+02 2.93e+00 4.27e+01  -4.4 4.53e+00    -  1.50e-01 1.07e-01h  1
1313r 2.5544092e+02 2.83e+00 4.17e+01  -4.4 4.58e+00    -  1.72e-01 2.72e-01h  1
1314r 2.5554087e+02 2.52e+00 5.16e+01  -4.4 3.48e+00    -  3.34e-01 1.35e-01h  1
1315r 2.5561327e+02 2.31e+00 5.52e+01  -4.4 3.56e+00    -  2.12e-01 9.73e-02h  1
1316r 2.5572284e+02 1.59e+00 3.71e+01  -4.4 1.71e+00    -  2.13e-01 3.60e-01h  1
1317r 2.5589195e+02 1.41e+00 4.42e+01  -4.4 3.63e+00    -  2.67e-01 2.30e-01h  1
1318r 2.5596270e+02 1.14e+00 4.21e+01  -4.4 1.49e+00    -  6.88e-01 2.12e-01h  1
1319r 2.5617615e+02 1.18e+00 6.12e+01  -4.4 4.05e+00    -  4.80e-01 2.01e-01h  1
iter    objective    inf_pr   inf_du lg(mu)  ||d||  lg(rg) alpha_du alpha_pr  ls
1320r 2.5641280e+02 7.92e-01 3.94e+01  -4.4 2.05e+00    -  9.50e-01 4.62e-01H  1
1321r 2.5667381e+02 1.02e+00 4.12e+01  -4.4 1.00e+01    -  6.38e-02 1.02e-01h  1
1322r 2.5661277e+02 6.44e-01 6.46e+01  -4.4 6.46e-01    -  2.46e-01 1.00e+00h  1
1323r 2.5669122e+02 6.43e-01 1.27e+01  -4.4 3.70e-01    -  8.26e-01 8.06e-01h  1
1324r 2.5673630e+02 6.43e-01 1.17e+01  -4.4 4.47e-01    -  1.00e+00 3.67e-01h  1
1325r 2.5676459e+02 6.43e-01 1.56e+01  -4.4 2.15e+00    -  5.40e-01 9.39e-02h  4
1326r 2.5677799e+02 6.43e-01 2.25e+01  -4.4 2.21e+00    -  5.54e-01 4.02e-02h  5
1327r 2.5678506e+02 6.43e-01 1.80e+01  -4.4 7.52e+00    -  2.00e-01 6.78e-03h  6
1328r 2.5678812e+02 6.43e-01 1.85e+01  -4.4 2.34e+01    -  8.35e-02 1.21e-03h  7
1329r 2.5679234e+02 6.43e-01 1.92e+01  -4.4 1.77e+01    -  1.53e-01 2.30e-03h  7
iter    objective    inf_pr   inf_du lg(mu)  ||d||  lg(rg) alpha_du alpha_pr  ls
1330r 2.5716649e+02 1.91e+01 3.94e+01  -4.4 2.57e+01    -  1.52e-01 1.42e-01h  1
1331r 2.5726872e+02 1.90e+01 4.97e+01  -4.4 1.19e+01    -  2.49e-01 8.57e-02h  1
1332r 2.5748943e+02 2.36e+01 4.72e+01  -4.4 2.65e+01    -  1.44e-01 6.79e-02h  1
1333r 2.5771605e+02 2.01e+01 2.29e+01  -4.4 4.53e+00    -  1.97e-01 4.00e-01h  1
1334r 2.5785179e+02 9.94e+00 2.17e+01  -4.4 2.10e+00    -  5.23e-01 5.74e-01h  1
1335r 2.5778939e+02 4.53e+00 3.79e+01  -4.4 8.20e-01    -  9.53e-01 5.82e-01h  1
1336r 2.5775828e+02 2.66e+00 2.00e+01  -4.4 6.67e-01    -  4.72e-01 4.24e-01h  1
1337r 2.5774007e+02 6.43e-01 4.25e+01  -4.4 2.37e-01    -  1.15e-02 1.00e+00h  1
1338r 2.5778481e+02 6.43e-01 3.05e+01  -4.9 2.66e-01    -  1.00e+00 5.66e-01f  1
1339r 2.5796428e+02 1.40e+00 3.48e+01  -4.5 2.47e+00    -  1.00e+00 3.28e-01f  1
iter    objective    inf_pr   inf_du lg(mu)  ||d||  lg(rg) alpha_du alpha_pr  ls
1340r 2.5820093e+02 3.60e+00 3.20e+01  -4.6 1.44e+01    -  8.91e-02 5.98e-02h  1
1341r 2.5857971e+02 7.87e+00 3.70e+01  -4.6 1.05e+01    -  1.86e-01 1.08e-01h  1
1342r 2.5870283e+02 7.91e+00 4.37e+01  -4.6 1.06e+01    -  2.63e-01 4.27e-02h  1
1343r 2.5888034e+02 7.89e+00 4.73e+01  -4.6 8.24e+00    -  1.57e-01 7.88e-02h  1
1344r 2.5939775e+02 1.02e+01 6.94e+01  -4.6 9.13e+00    -  1.25e-01 1.98e-01h  1
1345r 2.5964877e+02 1.05e+01 7.73e+01  -4.6 1.94e+01    -  8.74e-02 5.87e-02h  1
1346r 2.5973097e+02 1.03e+01 8.82e+01  -4.6 1.57e+01    -  2.05e-01 2.72e-02h  1
1347r 2.5985086e+02 8.87e+00 8.36e+01  -4.6 4.46e+00    -  2.26e-01 1.62e-01h  1
1348r 2.5997526e+02 8.44e+00 7.64e+01  -4.6 8.61e+00    -  1.54e-01 9.23e-02h  1
1349r 2.6007293e+02 8.00e+00 6.82e+01  -4.6 7.95e+00    -  1.43e-01 8.30e-02h  1
iter    objective    inf_pr   inf_du lg(mu)  ||d||  lg(rg) alpha_du alpha_pr  ls
1350r 2.6025409e+02 8.37e+00 3.44e+01  -4.6 1.48e+01    -  5.43e-02 9.45e-02h  1
1351r 2.6027822e+02 8.21e+00 1.26e+02  -4.6 1.12e+01    -  3.71e-01 2.45e-02h  1
1352r 2.6038190e+02 9.63e+00 1.14e+02  -4.6 2.15e+01    -  8.78e-02 9.00e-02h  1
1353r 2.6038008e+02 9.13e+00 1.18e+02  -4.6 1.31e+01    -  1.93e-01 8.51e-02h  1
1354r 2.6039638e+02 8.98e+00 1.08e+02  -4.6 1.91e+01    -  1.77e-02 4.45e-02h  1
1355r 2.6041344e+02 9.11e+00 9.94e+01  -4.6 1.48e+01    -  9.23e-02 8.74e-02f  1
1356r 2.6042796e+02 8.78e+00 9.88e+01  -4.6 7.63e+00    -  8.93e-02 4.45e-02h  1
1357r 2.6045512e+02 7.87e+00 7.45e+01  -4.6 4.33e+00    -  5.24e-02 1.20e-01h  1
1358r 2.6049706e+02 7.46e+00 1.16e+02  -4.6 8.53e+00    -  7.72e-02 9.69e-02h  1
1359r 2.6053395e+02 7.53e+00 1.70e+02  -4.6 1.49e+01    -  8.16e-02 7.53e-02h  1
iter    objective    inf_pr   inf_du lg(mu)  ||d||  lg(rg) alpha_du alpha_pr  ls
1360r 2.6052865e+02 1.44e+01 2.21e+02  -4.6 1.91e+01    -  4.22e-02 8.00e-02h  1
1361r 2.6054626e+02 1.51e+01 2.36e+02  -4.6 1.50e+01    -  1.88e-03 4.08e-02h  1
1362r 2.6054976e+02 1.53e+01 2.43e+02  -4.6 3.81e+01    -  1.01e-01 9.23e-03h  1
1363r 2.6058526e+02 2.27e+01 2.75e+02  -4.6 5.61e+01    -  1.04e-02 3.61e-02h  1
1364r 2.6060081e+02 2.46e+01 2.90e+02  -4.6 1.25e+02    -  3.74e-02 9.97e-03h  1
1365r 2.6063814e+02 3.60e+01 3.74e+02  -4.6 1.05e+02    -  3.88e-02 3.44e-02h  1
1366r 2.6066329e+02 3.68e+01 3.73e+02  -4.6 9.40e+01    -  4.75e-02 1.63e-02h  1
1367r 2.6068779e+02 3.76e+01 3.22e+02  -4.6 9.97e+01    -  1.81e-02 2.09e-02h  1
1368r 2.6073270e+02 3.46e+01 2.81e+02  -4.6 1.84e+01    -  5.77e-02 1.06e-01h  1
1369r 2.6075275e+02 3.41e+01 2.65e+02  -4.6 4.51e+01    -  1.16e-01 1.95e-02h  1
iter    objective    inf_pr   inf_du lg(mu)  ||d||  lg(rg) alpha_du alpha_pr  ls
1370r 2.6077277e+02 3.32e+01 2.49e+02  -4.6 3.43e+01    -  1.38e-02 3.32e-02h  1
1371r 2.6085028e+02 3.48e+01 2.05e+02  -4.6 7.21e+01    -  2.61e-02 4.77e-02h  1
1372r 2.6081945e+02 3.47e+01 6.63e+01  -4.0 6.70e+01    -  1.17e-01 7.15e-02f  1
1373r 2.6073855e+02 2.79e+01 4.39e+01  -4.6 1.51e+01    -  1.92e-01 2.03e-01h  1
1374r 2.6072635e+02 2.75e+01 5.75e+01  -4.6 4.89e+01    -  6.59e-02 1.57e-02h  1
1375r 2.6070078e+02 2.66e+01 6.08e+01  -4.6 5.18e+01    -  6.31e-02 4.65e-02h  1
1376r 2.6067953e+02 2.56e+01 5.71e+01  -4.6 3.92e+01    -  1.31e-01 6.20e-02h  1
1377r 2.6066970e+02 2.72e+01 5.27e+01  -4.6 5.06e+01    -  4.74e-02 1.22e-01h  1
1378r 2.6070012e+02 2.61e+01 8.17e+01  -4.6 3.92e+01    -  1.89e-01 7.53e-02h  1
1379r 2.6071276e+02 2.58e+01 7.88e+01  -4.6 8.01e+01    -  6.84e-02 1.82e-02h  1
iter    objective    inf_pr   inf_du lg(mu)  ||d||  lg(rg) alpha_du alpha_pr  ls
1380r 2.6079955e+02 2.88e+01 7.51e+01  -4.6 1.39e+02    -  5.10e-02 4.85e-02h  1
1381r 2.6096102e+02 3.14e+01 7.93e+01  -4.6 1.14e+02    -  6.16e-02 5.41e-02h  1
1382r 2.6103929e+02 2.87e+01 1.06e+02  -4.6 1.41e+01    -  5.92e-02 9.36e-02h  1
1383r 2.6107027e+02 2.33e+01 1.37e+02  -4.6 2.52e+00    -  3.64e-01 1.89e-01h  1
1384r 2.6107638e+02 1.87e+01 1.17e+02  -4.6 9.29e-01    -  3.88e-01 1.96e-01h  1
1385r 2.6108848e+02 1.37e+01 6.36e+01  -4.6 6.32e-01    -  5.31e-01 2.67e-01h  1
1386r 2.6110366e+02 7.46e+00 2.99e+01  -4.6 1.03e+00    -  4.38e-01 4.56e-01h  1
1387r 2.6113660e+02 1.86e+00 9.78e+00  -4.6 8.23e-01    -  1.00e+00 7.51e-01h  1
1388r 2.6115869e+02 1.52e+00 4.39e+01  -4.6 2.25e+00    -  6.44e-01 1.88e-01h  1
1389r 2.6126500e+02 1.01e+00 2.81e+01  -4.6 5.04e+00    -  3.11e-01 3.99e-01h  1
iter    objective    inf_pr   inf_du lg(mu)  ||d||  lg(rg) alpha_du alpha_pr  ls
1390r 2.6128514e+02 9.67e-01 3.67e+01  -4.6 7.10e+00    -  2.46e-01 4.83e-02h  1
1391r 2.6142782e+02 1.06e+00 2.48e+01  -4.6 6.46e+00    -  3.22e-01 3.27e-01h  1
1392r 2.6151557e+02 1.12e+00 2.93e+01  -4.6 4.91e+00    -  2.89e-01 2.22e-01h  1
1393r 2.6153057e+02 6.43e-01 4.55e+01  -4.6 1.41e+00    -  2.18e-01 6.61e-01h  1
1394r 2.6152584e+02 6.43e-01 4.24e+01  -4.6 6.42e-01    -  3.63e-01 1.97e-01h  1
1395r 2.6154524e+02 6.43e-01 4.24e+01  -4.6 3.01e-01    -  4.57e-01 1.00e+00h  1
1396r 2.6161305e+02 6.43e-01 1.02e+01  -4.6 8.60e-01    -  6.43e-01 9.15e-01H  1
1397r 2.6164804e+02 6.43e-01 4.46e+01  -4.3 3.05e+00    -  8.37e-01 3.89e-01f  1
1398r 2.6158277e+02 6.42e-01 5.06e+01  -4.5 2.45e+00    -  4.60e-01 5.61e-01h  1
1399r 2.6147562e+02 6.43e-01 1.97e+01  -4.5 2.52e+00    -  9.87e-02 5.94e-01h  1
iter    objective    inf_pr   inf_du lg(mu)  ||d||  lg(rg) alpha_du alpha_pr  ls
1400r 2.6158258e+02 6.42e-01 1.03e+01  -4.5 1.79e+00    -  4.79e-01 5.90e-01h  1
1401r 2.6161400e+02 6.42e-01 1.90e+01  -4.5 1.55e+00    -  5.01e-01 2.77e-01h  1
1402r 2.6164259e+02 6.42e-01 9.43e+01  -4.5 8.60e-01    -  1.00e+00 3.60e-01h  1
1403r 2.6170621e+02 6.42e-01 1.07e+01  -4.5 7.63e-01    -  1.00e+00 1.00e+00h  1
1404r 2.6175025e+02 6.42e-01 3.76e+01  -4.5 1.12e+00    -  1.00e+00 8.17e-01H  1
1405r 2.6173335e+02 6.42e-01 4.02e+01  -4.5 4.03e-01    -  5.46e-01 2.32e-01h  1
1406r 2.6168298e+02 6.42e-01 1.47e+01  -4.5 3.04e-01    -  1.00e+00 1.00e+00f  1
1407r 2.6169464e+02 6.42e-01 1.33e+01  -4.5 4.35e-01    -  1.00e+00 5.21e-01h  1
1408r 2.6170428e+02 6.42e-01 9.41e+00  -4.5 4.39e+00    -  6.39e-01 6.80e-02h  2
1409r 2.6170476e+02 6.42e-01 1.66e+01  -4.5 6.83e+00    -  4.53e-01 4.31e-03h  5
iter    objective    inf_pr   inf_du lg(mu)  ||d||  lg(rg) alpha_du alpha_pr  ls
1410r 2.6170449e+02 6.42e-01 1.01e+01  -4.5 4.75e+00    -  2.06e-01 8.93e-03h  6
1411r 2.6170462e+02 6.42e-01 2.35e+01  -4.5 3.95e+00    -  5.92e-01 9.82e-03h  6
1412r 2.6170463e+02 6.42e-01 1.89e+01  -4.5 6.98e+00    -  1.17e-01 3.32e-03h  7
1413r 2.6170510e+02 1.30e+00 5.20e+01  -4.5 1.05e+01    -  3.14e-01 1.78e-01h  1
1414r 2.6173140e+02 1.90e+00 8.51e+01  -4.5 6.54e+00    -  5.00e-01 3.66e-01h  1
1415r 2.6184107e+02 5.60e+00 8.12e+01  -4.5 3.17e+00    -  6.45e-01 5.04e-01h  1
1416r 2.6188419e+02 3.30e+00 3.96e+01  -4.5 3.34e+00    -  4.06e-01 4.12e-01h  1
1417r 2.6188346e+02 3.24e+00 3.93e+01  -4.5 1.28e+00    -  2.51e-02 2.09e-02h  1
1418r 2.6179304e+02 2.18e+00 1.55e+01  -4.5 3.55e+00    -  9.97e-02 3.31e-01f  1
1419r 2.6179453e+02 1.55e+00 4.87e+00  -4.5 1.61e+00    -  9.06e-02 2.90e-01h  1
iter    objective    inf_pr   inf_du lg(mu)  ||d||  lg(rg) alpha_du alpha_pr  ls
1420r 2.6178853e+02 6.42e-01 1.86e+01  -4.5 1.76e+00    -  7.35e-01 8.27e-01h  1
1421r 2.6179394e+02 6.42e-01 8.86e+00  -4.5 1.03e+00    -  1.00e+00 1.00e+00h  1
1422r 2.6180065e+02 6.42e-01 3.10e+01  -4.5 2.83e-01    -  1.00e+00 6.55e-01h  1
1423r 2.6180192e+02 6.42e-01 1.61e+00  -4.5 1.19e-01    -  1.00e+00 1.00e+00h  1
1424r 2.6184697e+02 6.42e-01 1.04e+01  -5.0 1.45e-01    -  1.00e+00 7.88e-01f  1
1425r 2.6191282e+02 6.42e-01 4.61e+01  -5.0 4.72e-01    -  1.00e+00 3.31e-01f  1
1426r 2.6195586e+02 6.42e-01 3.91e+01  -4.7 6.91e-01    -  1.00e+00 1.60e-01f  1
1427r 2.6212445e+02 6.42e-01 1.36e+01  -4.8 1.17e+00    -  6.79e-01 3.25e-01h  1
1428r 2.6240622e+02 6.42e-01 2.39e+01  -4.8 1.52e+00    -  5.96e-01 3.50e-01h  1
1429r 2.6247441e+02 6.42e-01 1.95e+01  -4.8 3.04e+00    -  3.78e-01 5.04e-02h  1
iter    objective    inf_pr   inf_du lg(mu)  ||d||  lg(rg) alpha_du alpha_pr  ls
1430r 2.6255975e+02 6.42e-01 1.87e+01  -4.8 1.39e+00    -  3.36e-01 1.48e-01h  1
1431r 2.6267588e+02 6.42e-01 1.89e+01  -4.8 2.66e+00    -  2.25e-01 1.15e-01h  1
1432r 2.6287764e+02 6.42e-01 2.56e+01  -4.8 3.52e+00    -  3.22e-01 1.54e-01h  1
1433r 2.6308990e+02 6.42e-01 4.61e+01  -4.8 1.99e+00    -  2.38e-01 3.84e-01h  1
1434r 2.6322920e+02 6.42e-01 5.40e+01  -4.8 3.25e+00    -  3.75e-01 1.66e-01h  1
1435r 2.6355715e+02 8.12e-01 5.61e+01  -4.8 1.07e+01    -  1.25e-01 1.19e-01h  1
1436r 2.6363823e+02 8.04e-01 5.55e+01  -4.8 6.76e+00    -  1.96e-01 5.40e-02h  1
1437r 2.6371214e+02 7.53e-01 3.50e+01  -4.8 3.86e+00    -  1.43e-01 1.19e-01h  1
1438r 2.6372304e+02 6.92e-01 5.11e+01  -4.8 9.72e-01    -  5.86e-01 8.28e-02h  1
1439r 2.6382616e+02 6.43e-01 4.17e+01  -4.8 1.31e+00    -  4.93e-01 3.70e-01h  1
iter    objective    inf_pr   inf_du lg(mu)  ||d||  lg(rg) alpha_du alpha_pr  ls
1440r 2.6394889e+02 6.43e-01 3.25e+01  -4.8 2.93e+00    -  1.87e-01 2.08e-01h  1
1441r 2.6398554e+02 6.43e-01 4.93e+01  -4.8 1.86e+00    -  5.92e-01 9.30e-02h  1
1442r 2.6421919e+02 6.43e-01 4.83e+01  -4.8 3.18e+00    -  7.85e-01 3.40e-01H  1
1443r 2.6427518e+02 6.43e-01 8.72e+01  -4.8 7.32e+00    -  2.59e-01 3.78e-02h  2
1444r 2.6438649e+02 6.43e-01 5.86e+01  -4.8 1.54e+00    -  3.38e-01 3.62e-01h  1
1445r 2.6458808e+02 6.43e-01 4.39e+01  -4.8 5.27e+00    -  1.58e-01 1.94e-01h  1
1446r 2.6465204e+02 6.43e-01 3.04e+01  -4.8 6.96e+00    -  2.49e-01 4.87e-02h  1
1447r 2.6466649e+02 6.43e-01 3.38e+01  -4.8 2.73e+00    -  2.81e-01 6.48e-02h  1
1448r 2.6471971e+02 6.43e-01 2.18e+01  -4.8 1.94e+00    -  4.62e-01 3.46e-01h  1
1449r 2.6474009e+02 6.43e-01 2.48e+01  -4.8 9.35e-01    -  9.07e-01 2.79e-01h  1
iter    objective    inf_pr   inf_du lg(mu)  ||d||  lg(rg) alpha_du alpha_pr  ls
1450r 2.6477785e+02 6.43e-01 8.38e+00  -4.8 1.57e+00    -  4.17e-01 2.81e-01h  1
1451r 2.6488783e+02 6.43e-01 1.55e+01  -4.8 1.71e+00    -  4.50e-01 5.95e-01h  1
1452r 2.6494543e+02 6.43e-01 2.09e+01  -4.8 8.07e-01    -  5.67e-01 7.98e-01f  1
1453r 2.6494469e+02 6.43e-01 1.39e+01  -4.8 6.59e-01    -  1.76e-01 3.24e-01h  1
1454r 2.6495313e+02 6.43e-01 6.34e+00  -4.8 4.48e-01    -  6.83e-01 8.31e-01h  1
1455r 2.6495655e+02 6.43e-01 2.68e+01  -4.8 6.08e-01    -  9.28e-01 5.59e-02h  4
1456r 2.6495859e+02 6.43e-01 3.81e+01  -4.8 1.91e+00    -  2.31e-01 1.05e-02h  4
1457r 2.6496065e+02 6.43e-01 1.25e+01  -4.8 6.15e-01    -  1.00e+00 3.44e-02h  5
1458r 2.6498999e+02 6.43e-01 6.72e+00  -4.8 3.08e+00    -  4.84e-01 9.29e-02h  3
1459r 2.6503217e+02 6.43e-01 8.33e+01  -4.8 2.17e+00    -  9.74e-01 1.89e-01h  2
iter    objective    inf_pr   inf_du lg(mu)  ||d||  lg(rg) alpha_du alpha_pr  ls
1460r 2.6506766e+02 6.43e-01 5.91e+01  -4.8 5.89e+00    -  1.67e-01 5.76e-02h  1
1461r 2.6518984e+02 6.43e-01 5.16e+01  -4.8 8.32e+00    -  2.96e-01 1.36e-01f  1
1462r 2.6526776e+02 6.43e-01 1.42e+01  -4.8 2.02e+00    -  8.03e-01 3.74e-01h  1
1463r 2.6535203e+02 6.43e-01 6.60e+00  -4.8 2.74e+00    -  5.81e-01 2.65e-01h  1
1464r 2.6550757e+02 6.43e-01 2.85e+01  -4.8 3.93e+00    -  7.15e-01 3.68e-01h  1
1465r 2.6557467e+02 6.43e-01 3.45e+01  -4.8 7.58e-01    -  1.00e+00 5.88e-01h  1
1466r 2.6559981e+02 6.43e-01 9.15e+00  -4.8 3.63e-01    -  5.59e-01 5.91e-01h  1
1467r 2.6559317e+02 6.43e-01 4.15e+01  -4.8 2.94e-01    -  9.70e-01 4.05e-01h  1
1468r 2.6560806e+02 6.43e-01 9.47e+00  -4.8 4.78e-01    -  1.00e+00 3.20e-01h  1
1469r 2.6567652e+02 6.43e-01 3.96e+00  -4.8 9.73e-01    -  1.00e+00 7.35e-01H  1
iter    objective    inf_pr   inf_du lg(mu)  ||d||  lg(rg) alpha_du alpha_pr  ls
1470r 2.6572344e+02 6.43e-01 5.08e+00  -4.8 2.46e+00    -  3.11e-01 2.16e-01h  1
1471r 2.6576267e+02 6.43e-01 2.08e+01  -4.8 5.72e-01    -  9.16e-01 1.00e+00h  1
1472r 2.6574139e+02 6.43e-01 6.51e+00  -4.8 2.52e-01    -  8.19e-01 1.00e+00h  1
1473r 2.6576266e+02 6.43e-01 1.05e+01  -4.8 8.27e-01    -  1.00e+00 3.77e-01h  1
1474r 2.6580315e+02 6.43e-01 2.93e+00  -4.8 4.85e-01    -  1.00e+00 7.43e-01H  1
1475r 2.6582962e+02 6.43e-01 3.80e+00  -4.8 1.80e+00    -  2.60e-01 1.30e-01h  3
1476r 2.6585194e+02 6.43e-01 1.21e+01  -4.8 1.83e+00    -  1.00e+00 1.13e-01h  3
1477r 2.6587616e+02 6.43e-01 1.31e+01  -4.8 9.36e+00    -  1.28e-01 2.78e-02h  4
1478r 2.6587858e+02 6.43e-01 2.06e+01  -4.8 9.84e+00    -  7.05e-01 2.94e-03h  8
1479r 2.6587989e+02 6.43e-01 1.95e+01  -4.8 1.38e+01    -  1.21e-01 9.61e-04h  9
iter    objective    inf_pr   inf_du lg(mu)  ||d||  lg(rg) alpha_du alpha_pr  ls
1480r 2.6601930e+02 6.43e-01 1.68e+01  -4.8 9.27e+00    -  3.15e-01 1.48e-01h  1
1481r 2.6640540e+02 1.16e+00 4.69e+01  -4.8 9.21e+00    -  4.46e-01 2.71e-01h  1
1482r 2.6674759e+02 1.38e+00 6.46e+01  -4.8 6.43e+00    -  3.45e-01 2.92e-01h  1
1483r 2.6691935e+02 1.21e+00 4.11e+01  -4.8 3.55e+00    -  2.83e-03 2.35e-01h  1
1484r 2.6682303e+02 9.36e-01 2.50e+01  -4.8 2.81e+00    -  5.91e-02 2.29e-01h  1
1485r 2.6677182e+02 7.37e-01 1.73e+01  -4.8 2.88e+00    -  2.66e-01 2.19e-01h  1
1486r 2.6672811e+02 6.44e-01 7.97e+01  -4.8 8.12e-01    -  2.68e-01 6.92e-01h  1
1487r 2.6675185e+02 6.44e-01 6.82e+00  -4.8 3.70e-01    -  8.80e-01 1.00e+00h  1
1488r 2.6675677e+02 6.44e-01 1.42e+01  -4.8 1.21e-01    -  9.56e-01 2.86e-01h  2
1489r 2.6675681e+02 6.44e-01 1.91e+01  -4.8 2.34e-01    -  1.00e+00 3.91e-03h  9
iter    objective    inf_pr   inf_du lg(mu)  ||d||  lg(rg) alpha_du alpha_pr  ls
1490r 2.6675683e+02 6.44e-01 2.08e+01  -4.8 3.11e-01    -  1.00e+00 4.88e-04h 12
1491r 2.6675686e+02 6.44e-01 1.70e+01  -4.8 1.01e-01    -  1.00e+00 5.81e-01h  1
1492r 2.6678630e+02 6.44e-01 5.59e+00  -4.8 2.49e-01    -  1.00e+00 8.86e-01H  1
1493r 2.6679400e+02 6.44e-01 3.20e+01  -5.2 1.09e-01    -  1.00e+00 3.35e-01f  1
1494r 2.6680858e+02 6.44e-01 1.27e+00  -4.8 2.17e-01    -  1.00e+00 1.00e+00f  1
1495r 2.6681149e+02 6.44e-01 8.22e-01  -4.9 1.34e-01    -  1.00e+00 1.00e+00f  1
1496r 2.6683772e+02 6.44e-01 1.81e+01  -5.4 1.02e-01    -  1.00e+00 6.77e-01f  1
1497r 2.6697477e+02 4.51e+00 9.96e+00  -4.8 1.08e+00    -  1.00e+00 8.06e-01f  1
1498r 2.6706257e+02 2.54e+00 1.69e+01  -4.9 2.10e+00    -  7.29e-01 4.37e-01h  1
1499r 2.6712706e+02 1.98e+00 1.61e+01  -4.9 3.49e+00    -  7.26e-01 2.19e-01h  1
iter    objective    inf_pr   inf_du lg(mu)  ||d||  lg(rg) alpha_du alpha_pr  ls
1500r 2.6723735e+02 6.44e-01 2.51e+01  -4.9 1.01e+00    -  1.00e+00 1.00e+00h  1
1501r 2.6718676e+02 6.44e-01 3.71e+00  -4.9 1.05e+00    -  6.92e-01 6.82e-01h  1
1502r 2.6720929e+02 1.61e+00 6.42e+00  -4.9 1.15e+00    -  4.14e-01 1.67e-01h  1
1503r 2.6726285e+02 6.44e-01 4.69e+00  -4.9 3.18e-01    -  1.00e+00 1.00e+00h  1
1504r 2.6731982e+02 6.44e-01 6.01e+00  -4.9 8.08e-01    -  1.00e+00 6.87e-01h  1
1505r 2.6732419e+02 6.44e-01 1.14e+01  -4.9 8.43e-01    -  5.99e-01 6.05e-02h  4
1506r 2.6733359e+02 6.44e-01 8.31e+00  -4.9 3.17e-01    -  1.00e+00 3.86e-01h  1
1507r 2.6735202e+02 6.44e-01 2.01e+00  -4.9 5.12e-01    -  7.69e-01 3.82e-01H  1
1508r 2.6743342e+02 6.44e-01 2.78e+00  -4.9 6.86e-01    -  1.00e+00 1.00e+00H  1
1509r 2.6746505e+02 6.44e-01 6.93e+00  -4.9 1.72e+00    -  7.60e-01 1.68e-01h  3
iter    objective    inf_pr   inf_du lg(mu)  ||d||  lg(rg) alpha_du alpha_pr  ls
1510r 2.6751623e+02 6.44e-01 5.20e+00  -4.9 1.99e+00    -  1.00e+00 2.42e-01h  2
1511r 2.6765102e+02 2.47e+00 7.70e+00  -4.9 4.09e+00    -  4.80e-01 3.23e-01h  1
1512r 2.6765087e+02 1.76e+00 8.84e+00  -4.9 5.69e-01    -  1.00e+00 2.86e-01h  1
1513r 2.6766460e+02 7.41e-01 7.87e+00  -4.9 2.78e-01    -  5.36e-01 7.33e-01h  1
1514r 2.6767926e+02 6.44e-01 1.16e+00  -4.9 2.45e-01    -  7.74e-01 8.07e-01h  1
1515r 2.6769087e+02 6.44e-01 2.51e+00  -4.9 3.70e-01    -  1.00e+00 6.70e-01h  1
1516r 2.6769656e+02 6.44e-01 8.43e+00  -4.9 4.32e+00    -  7.59e-01 2.83e-02h  5
1517r 2.6779116e+02 6.44e-01 7.05e+00  -4.9 1.18e+01    -  2.52e-01 1.68e-01h  1
1518r 2.6791739e+02 6.44e-01 8.77e+00  -4.9 6.12e+01    -  1.13e-01 4.85e-02h  1
1519r 2.6800987e+02 6.44e-01 5.02e+01  -4.9 3.51e+00    -  5.26e-01 2.40e-01h  1
iter    objective    inf_pr   inf_du lg(mu)  ||d||  lg(rg) alpha_du alpha_pr  ls
1520r 2.6809956e+02 6.44e-01 5.22e+01  -4.9 1.63e+00    -  6.21e-01 3.52e-01h  1
1521r 2.6835092e+02 6.44e-01 3.05e+01  -4.9 5.27e+00    -  2.31e-01 3.17e-01h  1
1522r 2.6839213e+02 6.44e-01 2.14e+01  -4.9 1.48e+00    -  2.03e-01 2.46e-01h  1
1523r 2.6833710e+02 6.44e-01 4.21e+01  -4.9 8.79e-01    -  3.81e-02 4.57e-01h  1
1524r 2.6829011e+02 6.43e-01 4.83e+01  -4.9 8.73e-01    -  4.69e-01 7.56e-01h  1
1525r 2.6828819e+02 6.43e-01 6.03e+00  -4.9 1.12e+00    -  5.91e-01 3.83e-01h  1
1526r 2.6832042e+02 6.43e-01 1.66e+00  -4.9 2.18e-01    -  1.00e+00 1.00e+00h  1
1527r 2.6838900e+02 6.43e-01 6.27e+00  -4.9 2.02e+00    -  5.81e-01 2.71e-01h  1
1528r 2.6841671e+02 6.43e-01 5.58e+00  -4.9 6.66e+00    -  2.10e-02 4.09e-02h  4
1529r 2.6845610e+02 6.43e-01 1.33e+01  -4.9 4.64e+00    -  4.87e-01 8.25e-02h  3
iter    objective    inf_pr   inf_du lg(mu)  ||d||  lg(rg) alpha_du alpha_pr  ls
1530r 2.6847796e+02 6.43e-01 1.51e+01  -4.9 1.03e+01    -  1.80e-01 2.22e-02h  4
1531r 2.6849105e+02 6.43e-01 1.81e+01  -4.9 1.55e+01    -  1.85e-01 8.98e-03h  5
1532r 2.6849855e+02 6.43e-01 3.59e+01  -4.9 7.25e+00    -  4.42e-01 1.05e-02h  6
1533r 2.6873820e+02 3.63e+00 1.50e+01  -4.9 7.65e+00    -  2.10e-01 4.22e-01h  1
1534r 2.6874559e+02 2.47e+00 1.27e+01  -4.9 1.26e+00    -  3.97e-01 3.20e-01h  1
1535r 2.6874611e+02 1.49e+00 1.67e+01  -4.9 1.07e+00    -  9.10e-02 3.95e-01h  1
1536r 2.6872910e+02 7.42e-01 2.23e+01  -4.9 1.68e+00    -  2.67e-01 5.05e-01f  1
1537r 2.6870553e+02 6.43e-01 1.50e+01  -4.9 7.18e-01    -  6.07e-01 7.35e-01h  1
1538r 2.6870416e+02 6.42e-01 7.95e+00  -4.9 2.76e-01    -  4.05e-01 5.00e-01h  2
1539r 2.6872946e+02 6.42e-01 2.26e+00  -4.9 3.70e-01    -  7.74e-01 1.00e+00H  1
iter    objective    inf_pr   inf_du lg(mu)  ||d||  lg(rg) alpha_du alpha_pr  ls
1540r 2.6873227e+02 6.42e-01 4.78e+00  -4.9 7.09e-01    -  9.21e-01 2.50e-01h  3
1541r 2.6873264e+02 6.42e-01 1.24e+01  -4.9 6.63e-01    -  1.00e+00 1.25e-01h  4
1542r 2.6873229e+02 6.42e-01 8.79e+00  -4.9 2.25e+00    -  7.68e-01 1.30e-02h  6
1543r 2.6872436e+02 6.42e-01 3.94e+00  -4.9 5.43e-01    -  9.77e-01 1.00e+00h  1
1544r 2.6872459e+02 6.42e-01 7.31e+00  -4.9 1.01e+00    -  1.00e+00 3.83e-02h  1
1545r 2.6872955e+02 6.42e-01 4.80e+00  -4.9 7.86e-01    -  1.00e+00 1.00e+00f  1
1546r 2.6872582e+02 6.42e-01 4.94e+00  -4.9 1.33e+00    -  1.00e+00 4.02e-01h  1
1547r 2.6873576e+02 6.42e-01 3.37e+01  -4.9 1.35e+00    -  9.18e-01 7.79e-01h  1
1548r 2.6872596e+02 6.42e-01 1.04e+01  -4.9 7.89e-01    -  6.79e-01 6.28e-01h  1
1549r 2.6872390e+02 6.42e-01 8.12e+00  -4.9 1.23e+00    -  3.51e-01 3.31e-01h  1
iter    objective    inf_pr   inf_du lg(mu)  ||d||  lg(rg) alpha_du alpha_pr  ls
1550r 2.6872289e+02 6.42e-01 1.36e+01  -4.9 5.50e-01    -  1.00e+00 3.80e-01h  1
1551r 2.6872062e+02 6.42e-01 9.41e-01  -4.9 2.22e-01    -  9.33e-01 6.42e-01h  1
1552r 2.6871234e+02 6.42e-01 2.24e+00  -4.9 5.51e-01    -  1.00e+00 1.00e+00H  1
1553r 2.6857599e+02 6.65e-01 5.12e+01  -4.6 3.02e+00    -  1.00e+00 9.12e-01f  1
1554r 2.6834309e+02 7.43e-01 6.30e+01  -4.7 5.06e+00    -  5.93e-01 4.58e-01h  1
1555r 2.6831664e+02 7.97e-01 8.40e+00  -4.7 1.25e+00    -  1.62e-01 5.54e-01h  1
1556r 2.6836622e+02 6.42e-01 1.01e+01  -4.7 1.27e+00    -  7.93e-01 4.11e-01h  1
1557r 2.6836931e+02 6.41e-01 3.97e+00  -4.7 6.72e-01    -  8.94e-01 1.00e+00h  1
1558r 2.6835842e+02 6.41e-01 2.10e+01  -4.7 9.62e-01    -  1.00e+00 8.23e-01h  1
1559r 2.6829274e+02 6.41e-01 7.42e+00  -4.7 1.96e+00    -  3.70e-02 5.44e-01f  1
iter    objective    inf_pr   inf_du lg(mu)  ||d||  lg(rg) alpha_du alpha_pr  ls
1560r 2.6828204e+02 6.41e-01 4.46e+00  -4.7 1.40e+00    -  2.96e-01 3.10e-01h  1
1561r 2.6827283e+02 6.41e-01 8.65e+00  -4.7 2.50e-01    -  1.00e+00 9.96e-01h  1
1562r 2.6826699e+02 6.41e-01 1.56e+00  -4.7 1.25e-01    -  1.00e+00 1.00e+00h  1
1563r 2.6825909e+02 6.41e-01 4.93e+00  -4.7 1.10e-01    -  1.00e+00 1.00e+00H  1
1564r 2.6829155e+02 6.41e-01 2.75e+01  -5.4 1.71e-01    -  1.00e+00 5.47e-01f  1
1565r 2.6841760e+02 6.41e-01 1.76e+01  -5.3 2.18e+00    -  5.88e-01 2.37e-01f  1
1566r 2.6850219e+02 6.41e-01 1.69e+01  -5.3 3.58e+00    -  3.86e-01 1.37e-01h  1
1567r 2.6867171e+02 6.42e-01 3.27e+01  -5.3 2.47e+00    -  2.89e-01 1.84e-01f  1
1568r 2.6881661e+02 6.41e-01 4.70e+01  -5.3 3.34e+00    -  1.20e-01 1.10e-01h  1
1569r 2.6886613e+02 6.41e-01 5.21e+01  -5.3 3.35e+00    -  7.80e-02 4.21e-02h  1
iter    objective    inf_pr   inf_du lg(mu)  ||d||  lg(rg) alpha_du alpha_pr  ls
1570r 2.6892802e+02 6.41e-01 4.99e+01  -5.3 3.29e+00    -  2.92e-01 5.89e-02h  1
1571r 2.6908002e+02 6.41e-01 2.77e+01  -5.3 3.21e+00    -  7.94e-02 1.71e-01h  1
1572r 2.6919198e+02 6.41e-01 3.03e+01  -5.3 4.80e+00    -  1.41e-01 8.59e-02h  1
1573r 2.6927315e+02 6.74e-01 2.60e+01  -5.3 6.89e+00    -  1.43e-01 5.16e-02h  1
1574r 2.6937103e+02 6.42e-01 2.38e+01  -5.3 4.28e+00    -  2.03e-01 1.24e-01h  1
1575r 2.6949057e+02 7.80e-01 2.72e+01  -5.3 9.55e+00    -  1.66e-01 8.83e-02h  1
1576r 2.6952811e+02 7.87e-01 3.16e+01  -5.3 5.06e+00    -  1.14e-01 7.32e-02h  1
1577r 2.6958480e+02 1.03e+00 2.82e+01  -5.3 1.61e+00    -  1.14e-01 2.92e-01h  1
1578r 2.6958793e+02 9.50e-01 2.64e+01  -4.9 2.57e+00    -  4.35e-01 7.94e-02f  1
1579r 2.6952966e+02 8.10e-01 1.95e+01  -5.2 2.74e+00    -  7.36e-02 1.48e-01h  1
iter    objective    inf_pr   inf_du lg(mu)  ||d||  lg(rg) alpha_du alpha_pr  ls
1580r 2.6952768e+02 1.15e+00 1.77e+01  -5.2 1.92e+00    -  3.97e-01 6.94e-02h  1
1581r 2.6951404e+02 7.56e-01 1.13e+01  -5.2 1.39e+00    -  3.07e-01 3.42e-01h  1
1582r 2.6948015e+02 8.21e-01 7.65e+00  -5.2 2.94e+00    -  5.08e-01 2.64e-01h  1
1583r 2.6948122e+02 7.17e-01 7.04e+00  -5.2 2.87e+00    -  1.46e-01 1.28e-01h  1
1584r 2.6949048e+02 6.42e-01 6.30e+00  -5.2 1.78e+00    -  1.75e-01 1.59e-01h  1
1585r 2.6951694e+02 3.62e+00 6.34e+00  -5.2 1.58e+00    -  4.08e-01 2.62e-01h  1
1586r 2.6953567e+02 1.23e+00 1.07e+01  -5.2 5.93e-01    -  2.88e-01 6.60e-01h  1
1587r 2.6953316e+02 6.42e-01 3.17e+00  -5.2 1.99e-01    -  6.05e-01 8.38e-01h  1
1588r 2.6952995e+02 6.42e-01 8.70e+00  -5.2 4.90e-01    -  7.72e-01 3.14e-01h  1
1589r 2.6952380e+02 6.42e-01 3.88e+00  -5.2 5.56e-01    -  4.93e-01 4.10e-01h  1
iter    objective    inf_pr   inf_du lg(mu)  ||d||  lg(rg) alpha_du alpha_pr  ls
1590r 2.6952874e+02 6.42e-01 9.10e+00  -5.2 3.21e-01    -  8.52e-01 3.60e-01h  1
1591r 2.6953742e+02 6.42e-01 5.22e+00  -5.2 1.16e+00    -  5.25e-01 1.56e-01h  2
1592r 2.6954456e+02 6.42e-01 2.82e+00  -5.2 2.32e-01    -  6.55e-01 8.68e-01H  1
1593r 2.6954478e+02 6.42e-01 1.46e+01  -5.2 7.01e-01    -  5.70e-01 7.54e-02h  4
1594r 2.6954486e+02 6.42e-01 1.11e+01  -5.2 4.52e-01    -  1.00e+00 1.51e-02h  7
1595r 2.6954487e+02 6.42e-01 1.08e+01  -5.2 1.16e+00    -  5.35e-01 3.28e-03h  8
1596r 2.6955263e+02 6.42e-01 4.99e+00  -5.2 6.30e-01    -  6.09e-01 6.31e-01H  1
1597r 2.6955436e+02 6.42e-01 4.96e+00  -5.2 7.91e+00    -  1.35e-01 5.76e-03h  1
1598r 2.6963836e+02 1.35e+00 7.54e+00  -5.2 1.19e+01    -  1.99e-01 1.63e-01f  1
1599r 2.6970121e+02 1.53e+00 3.96e+00  -5.2 1.20e+01    -  1.88e-01 9.55e-02h  1
iter    objective    inf_pr   inf_du lg(mu)  ||d||  lg(rg) alpha_du alpha_pr  ls
1600r 2.6973943e+02 1.54e+00 8.68e+00  -5.2 1.63e+01    -  1.99e-01 4.96e-02h  1
1601r 2.6981500e+02 1.59e+00 7.23e+00  -5.2 1.86e+01    -  1.65e-01 9.23e-02h  1
1602r 2.6983861e+02 1.46e+00 6.94e+00  -5.2 1.02e+01    -  2.40e-01 9.83e-02h  1
1603r 2.6984894e+02 1.05e+00 6.13e+00  -5.2 4.14e+00    -  3.74e-01 2.83e-01h  1
1604r 2.6984138e+02 1.07e+00 1.07e+01  -5.2 7.46e-01    -  1.93e-01 4.58e-01H  1
1605r 2.6984603e+02 7.66e-01 8.00e+00  -5.2 6.91e-01    -  3.48e-01 2.81e-01h  1
1606r 2.6984913e+02 6.41e-01 7.92e+00  -5.2 4.82e-01    -  5.91e-01 7.04e-01h  1
1607r 2.6985776e+02 6.42e-01 1.23e+01  -5.2 8.96e-01    -  8.72e-01 5.01e-01h  1
1608r 2.6986152e+02 6.41e-01 4.83e+00  -5.2 2.73e+00    -  7.34e-01 2.01e-01h  1
1609r 2.6986215e+02 6.41e-01 1.22e+01  -5.2 5.02e+00    -  6.54e-01 3.39e-02h  1
iter    objective    inf_pr   inf_du lg(mu)  ||d||  lg(rg) alpha_du alpha_pr  ls
1610r 2.6985612e+02 6.41e-01 7.72e+00  -5.2 2.71e+00    -  6.81e-01 1.00e+00H  1
1611r 2.6985969e+02 6.41e-01 5.85e+00  -5.2 1.66e+01    -  3.94e-01 6.54e-02h  3
1612r 2.6986224e+02 7.87e-01 1.13e+01  -5.2 2.99e+01    -  3.35e-01 9.58e-02h  1
1613r 2.6988495e+02 8.42e-01 1.08e+01  -5.2 6.63e+00    -  3.71e-01 2.15e-01h  1
1614r 2.6990043e+02 6.41e-01 1.16e+01  -5.2 3.01e+00    -  1.03e-01 2.46e-01h  1
1615r 2.6991686e+02 6.41e-01 5.02e+00  -5.2 5.24e-01    -  2.05e-01 5.31e-01h  1
1616r 2.6992339e+02 6.41e-01 6.98e-01  -5.2 1.38e-01    -  1.00e+00 9.74e-01h  1
1617r 2.6992982e+02 6.41e-01 3.73e+00  -5.2 2.82e-01    -  9.73e-01 7.95e-01f  1
1618r 2.6993252e+02 6.41e-01 2.59e+01  -5.2 1.87e-01    -  4.77e-03 5.00e-01f  2
1619r 2.6993829e+02 6.41e-01 8.16e-01  -5.2 1.90e-01    -  1.00e+00 1.00e+00h  1
iter    objective    inf_pr   inf_du lg(mu)  ||d||  lg(rg) alpha_du alpha_pr  ls
1620r 2.6994686e+02 6.41e-01 2.74e+00  -5.2 1.87e-01    -  1.00e+00 1.00e+00H  1
1621r 2.6994717e+02 6.41e-01 7.33e+00  -5.2 1.02e+00    -  6.92e-01 7.14e-03h  8
1622r 2.6995355e+02 9.00e-01 7.89e+00  -5.2 1.17e+00    -  6.96e-01 1.10e-01h  3
1623r 2.6997537e+02 6.41e-01 1.35e+00  -5.2 7.06e-01    -  1.00e+00 6.11e-01h  1
1624r 2.7000634e+02 6.41e-01 8.28e+00  -5.2 3.24e-01    -  1.00e+00 1.00e+00f  1
1625r 2.7000925e+02 6.41e-01 4.90e+00  -5.2 3.40e-01    -  7.41e-01 8.28e-01h  1
1626r 2.7000101e+02 6.41e-01 1.80e+00  -5.2 2.23e-01    -  5.18e-01 6.20e-01h  1
1627r 2.7000217e+02 6.41e-01 2.25e+00  -5.2 1.22e-01    -  1.00e+00 1.00e+00h  1
1628r 2.7002267e+02 6.41e-01 1.31e+01  -5.7 9.30e-02    -  1.00e+00 7.40e-01f  1
1629r 2.7007234e+02 6.41e-01 1.27e+01  -5.3 3.82e-01    -  1.00e+00 4.74e-01f  1
iter    objective    inf_pr   inf_du lg(mu)  ||d||  lg(rg) alpha_du alpha_pr  ls
1630r 2.7017006e+02 6.41e-01 1.31e+01  -5.5 1.13e+00    -  6.10e-01 3.42e-01h  1
1631r 2.7032169e+02 6.41e-01 1.37e+01  -5.5 8.64e+00    -  1.41e-01 7.22e-02h  1
1632r 2.7036921e+02 6.41e-01 1.74e+01  -5.5 1.04e+01    -  1.92e-01 2.03e-02h  1
1633r 2.7050583e+02 6.41e-01 1.92e+01  -5.5 5.55e+00    -  1.17e-01 1.12e-01h  1
1634r 2.7064589e+02 6.41e-01 4.56e+01  -5.5 5.47e+00    -  1.15e-01 1.24e-01h  1
1635r 2.7074590e+02 6.58e-01 5.04e+01  -5.5 8.94e+00    -  1.24e-01 4.98e-02h  1
1636r 2.7084735e+02 7.75e-01 4.47e+01  -5.5 1.13e+01    -  1.18e-01 4.41e-02h  1
1637r 2.7113412e+02 2.06e+00 1.49e+01  -5.5 1.14e+01    -  6.69e-02 1.24e-01h  1
1638r 2.7123077e+02 2.06e+00 1.82e+01  -5.5 6.53e+00    -  1.90e-01 6.56e-02h  1
1639r 2.7128852e+02 2.03e+00 1.66e+01  -5.5 7.07e+00    -  3.59e-02 3.39e-02h  1
iter    objective    inf_pr   inf_du lg(mu)  ||d||  lg(rg) alpha_du alpha_pr  ls
1640r 2.7135227e+02 1.99e+00 1.65e+01  -5.5 5.76e+00    -  1.44e-01 4.59e-02h  1
1641r 2.7137554e+02 1.81e+00 9.85e+00  -5.5 6.76e+00    -  1.03e-01 1.03e-01h  1
1642r 2.7140112e+02 1.07e+00 1.49e+01  -5.5 1.57e+00    -  2.41e-01 4.22e-01h  1
1643r 2.7140487e+02 8.66e-01 2.15e+01  -5.5 4.49e-01    -  3.03e-01 1.94e-01h  1
1644r 2.7140425e+02 6.56e-01 1.54e+01  -5.5 1.54e-01    -  8.36e-01 2.42e-01h  1
1645r 2.7140371e+02 1.22e+00 1.18e+01  -5.5 2.96e-01    -  4.26e-01 2.45e-01h  1
1646r 2.7140484e+02 6.42e-01 3.51e+00  -5.5 1.09e-01    -  1.00e+00 8.35e-01h  1
1647r 2.7140283e+02 6.42e-01 2.59e+00  -5.5 8.94e-02    -  1.00e+00 1.00e+00h  1
1648r 2.7139945e+02 6.42e-01 9.98e+00  -5.5 7.16e-01    -  4.65e-01 3.73e-01H  1
1649r 2.7139546e+02 1.22e+00 1.92e+01  -5.5 6.63e+00    -  1.13e-01 4.91e-02h  2
iter    objective    inf_pr   inf_du lg(mu)  ||d||  lg(rg) alpha_du alpha_pr  ls
1650r 2.7138907e+02 7.96e-01 1.89e+01  -5.5 1.43e+00    -  4.65e-01 3.54e-01h  1
1651r 2.7138874e+02 6.71e-01 1.39e+01  -5.5 1.31e+00    -  5.28e-01 2.71e-01h  1
1652r 2.7139051e+02 6.41e-01 1.12e+01  -5.5 2.19e+00    -  2.35e-01 2.11e-01h  1
1653r 2.7139662e+02 6.41e-01 2.02e+01  -5.5 1.02e+00    -  2.47e-01 2.75e-01h  1
1654r 2.7140360e+02 6.41e-01 2.01e+01  -5.5 4.40e-01    -  1.39e-01 3.87e-01h  1
1655r 2.7140985e+02 6.41e-01 5.80e+00  -5.5 2.09e-01    -  4.19e-01 6.45e-01h  1
1656r 2.7142174e+02 6.41e-01 1.01e+01  -5.5 5.21e-01    -  1.00e+00 4.02e-01h  1
1657r 2.7144174e+02 6.41e-01 1.54e+01  -5.5 3.75e+00    -  2.99e-01 5.72e-02h  2
1658r 2.7147015e+02 6.41e-01 1.72e+01  -5.5 9.98e-01    -  3.59e-01 2.55e-01h  1
1659r 2.7152433e+02 6.41e-01 2.21e+01  -5.5 2.90e+00    -  4.57e-01 1.78e-01h  1
iter    objective    inf_pr   inf_du lg(mu)  ||d||  lg(rg) alpha_du alpha_pr  ls
1660r 2.7158114e+02 9.20e-01 1.44e+01  -5.5 5.73e+00    -  1.44e-01 7.72e-02h  2
1661r 2.7161994e+02 1.01e+00 5.33e+00  -5.5 2.67e+00    -  2.55e-01 1.23e-01h  1
1662r 2.7163450e+02 1.70e+00 2.55e+01  -5.5 1.35e+00    -  9.19e-01 5.64e-02h  3
1663r 2.7164128e+02 1.65e+00 2.03e+01  -5.5 2.36e+00    -  2.35e-01 2.71e-02h  3
1664r 2.7165505e+02 1.58e+00 6.01e+00  -5.5 1.63e+00    -  4.01e-01 4.80e-02h  1
1665r 2.7174337e+02 1.48e+00 4.60e+00  -5.5 5.87e+00    -  1.91e-01 1.70e-01h  1
1666r 2.7177070e+02 1.34e+00 7.58e+00  -5.5 2.35e+00    -  3.11e-01 1.45e-01h  1
1667r 2.7181319e+02 1.05e+00 4.55e+00  -5.5 1.55e+00    -  3.05e-01 2.31e-01h  1
1668r 2.7181908e+02 1.02e+00 5.49e+00  -5.5 1.60e+00    -  1.81e-01 3.29e-02h  1
1669r 2.7186682e+02 3.12e+00 4.33e+00  -5.5 2.36e+00    -  1.84e-01 1.81e-01h  1
iter    objective    inf_pr   inf_du lg(mu)  ||d||  lg(rg) alpha_du alpha_pr  ls
1670r 2.7187343e+02 2.99e+00 5.18e+00  -5.5 2.80e+00    -  1.41e-01 4.28e-02h  1
1671r 2.7189882e+02 2.69e+00 4.97e+00  -5.5 3.80e+00    -  3.15e-02 9.90e-02f  1
1672r 2.7197667e+02 2.23e+00 2.30e+00  -5.5 3.49e+00    -  6.23e-02 1.75e-01f  1
1673r 2.7199813e+02 2.20e+00 6.51e+00  -5.5 1.58e+01    -  3.92e-02 1.41e-02h  1
1674r 2.7202513e+02 2.57e+00 1.08e+01  -5.5 6.71e+00    -  1.38e-01 6.31e-02h  1
1675r 2.7214304e+02 4.38e+00 2.37e+01  -5.5 3.33e+01    -  3.12e-02 4.83e-02h  1
1676r 2.7219375e+02 3.97e+00 3.82e+01  -5.5 2.41e+01    -  6.52e-02 3.20e-02h  1
1677r 2.7216483e+02 2.04e+00 2.33e+01  -5.5 7.43e-01    -  3.18e-01 4.42e-01h  1
1678r 2.7215714e+02 1.63e+00 1.96e+01  -5.5 8.80e-01    -  1.01e-01 2.06e-01h  1
1679r 2.7215631e+02 1.58e+00 1.84e+01  -5.5 5.34e+00    -  7.36e-02 8.37e-02h  1
iter    objective    inf_pr   inf_du lg(mu)  ||d||  lg(rg) alpha_du alpha_pr  ls
1680r 2.7215384e+02 1.73e+00 1.67e+01  -5.5 4.51e+00    -  1.58e-01 3.98e-02h  1
1681r 2.7212028e+02 1.85e+00 4.11e+00  -5.5 1.26e+00    -  2.97e-01 2.25e-01h  1
1682r 2.7211181e+02 1.54e+00 7.39e+00  -5.5 4.98e-01    -  4.02e-01 2.04e-01h  1
1683r 2.7210913e+02 1.03e+00 5.54e+00  -5.5 2.73e-01    -  5.32e-01 3.52e-01h  1
1684r 2.7210251e+02 6.86e-01 1.08e+01  -5.5 4.89e-01    -  1.00e+00 3.63e-01h  1
1685r 2.7207746e+02 6.41e-01 9.21e+00  -5.5 1.04e+00    -  7.61e-01 4.05e-01H  1
1686r 2.7206811e+02 6.41e-01 1.24e+01  -5.5 7.93e-01    -  7.70e-01 3.60e-01h  1
1687r 2.7206254e+02 6.41e-01 1.23e+01  -5.5 1.59e+00    -  3.12e-01 9.05e-02h  1
1688r 2.7204280e+02 8.22e-01 9.69e+00  -5.5 1.99e+00    -  2.67e-01 2.48e-01h  2
1689r 2.7198706e+02 6.42e-01 1.14e+01  -5.5 3.81e+00    -  4.12e-01 3.55e-01h  1
iter    objective    inf_pr   inf_du lg(mu)  ||d||  lg(rg) alpha_du alpha_pr  ls
1690r 2.7197119e+02 6.41e-01 1.05e+01  -5.5 3.46e+00    -  6.80e-01 7.32e-02h  4
1691r 2.7195424e+02 6.41e-01 1.14e+01  -5.5 2.87e+00    -  3.92e-01 1.13e-01h  1
1692r 2.7188744e+02 6.41e-01 6.22e+00  -5.5 6.49e+00    -  4.94e-01 1.87e-01h  1
1693r 2.7179549e+02 1.12e+00 6.83e+00  -5.5 4.97e+00    -  2.34e-01 3.32e-01h  1
1694r 2.7177555e+02 9.15e-01 4.50e+00  -5.5 2.32e+00    -  3.70e-01 1.81e-01h  1
1695r 2.7177710e+02 1.20e+00 8.76e+00  -5.5 1.65e+00    -  2.24e-01 1.27e-01h  1
1696r 2.7176721e+02 9.56e-01 4.64e+00  -5.5 1.01e+00    -  3.08e-01 2.03e-01h  1
1697r 2.7174320e+02 7.83e-01 6.73e+00  -5.5 3.03e+00    -  5.94e-01 1.81e-01h  1
1698r 2.7166271e+02 7.28e-01 6.96e+00  -5.5 2.13e+01    -  2.04e-01 7.09e-02h  1
1699r 2.7161853e+02 6.41e-01 6.20e+00  -5.5 6.54e-01    -  6.33e-01 3.59e-01H  1
iter    objective    inf_pr   inf_du lg(mu)  ||d||  lg(rg) alpha_du alpha_pr  ls
1700r 2.7159444e+02 6.41e-01 5.04e+00  -5.5 4.92e-01    -  3.84e-01 4.47e-01h  1
1701r 2.7158998e+02 6.41e-01 5.71e+00  -5.5 2.41e-01    -  8.49e-01 4.88e-01H  1
1702r 2.7157999e+02 6.41e-01 1.07e+00  -5.5 1.46e-01    -  1.00e+00 9.35e-01h  1
1703r 2.7156953e+02 6.41e-01 1.44e+00  -5.5 1.78e-01    -  5.47e-01 4.98e-01f  1
1704r 2.7152010e+02 6.41e-01 2.77e+00  -5.5 4.71e-01    -  8.64e-01 6.62e-01f  1
1705r 2.7140729e+02 6.42e-01 2.08e+00  -5.5 2.69e+00    -  3.37e-01 3.01e-01h  1
1706r 2.7134327e+02 6.42e-01 1.86e+00  -5.5 5.54e+00    -  1.77e-01 8.53e-02h  1
1707r 2.7129029e+02 6.42e-01 2.28e+00  -5.5 7.57e+00    -  1.82e-01 5.33e-02h  1
1708r 2.7104866e+02 1.21e+00 1.30e+01  -5.5 1.06e+01    -  1.47e-01 1.54e-01h  1
1709r 2.7093392e+02 1.72e+00 2.50e+01  -5.5 7.93e+00    -  1.54e-01 1.04e-01h  1
iter    objective    inf_pr   inf_du lg(mu)  ||d||  lg(rg) alpha_du alpha_pr  ls
1710r 2.7085025e+02 1.51e+00 2.71e+01  -5.5 3.61e+00    -  3.65e-01 1.48e-01h  1
1711r 2.7084182e+02 1.42e+00 2.64e+01  -5.5 7.75e-01    -  2.60e-01 6.98e-02h  1
1712r 2.7078370e+02 1.15e+00 1.55e+01  -5.5 1.07e+00    -  3.28e-01 3.47e-01h  1
1713r 2.7074907e+02 8.98e-01 1.07e+01  -5.5 6.77e-01    -  4.49e-01 2.60e-01h  1
1714r 2.7066918e+02 7.06e-01 6.56e+00  -5.5 7.44e-01    -  5.61e-01 4.58e-01h  1
1715r 2.7060951e+02 7.52e-01 7.82e+00  -5.5 9.06e-01    -  1.13e-01 4.18e-01H  1
1716r 2.7056181e+02 2.89e+00 6.23e+00  -5.5 1.86e+00    -  1.48e-01 1.77e-01h  1
1717r 2.7054670e+02 2.43e+00 1.37e+01  -5.5 5.99e-01    -  8.97e-01 1.60e-01h  1
1718r 2.7043287e+02 1.28e+00 8.37e+00  -5.5 1.17e+00    -  5.66e-01 4.75e-01h  1
1719r 2.7037291e+02 1.88e+00 5.26e+00  -5.5 1.62e+00    -  5.38e-01 1.51e-01h  1
iter    objective    inf_pr   inf_du lg(mu)  ||d||  lg(rg) alpha_du alpha_pr  ls
1720r 2.7024246e+02 1.21e+00 9.28e+00  -5.5 1.63e+00    -  1.78e-01 3.62e-01h  1
1721r 2.7013011e+02 1.10e+00 1.23e+01  -5.5 7.73e+00    -  9.77e-02 8.84e-02h  1
1722r 2.7001336e+02 1.33e+00 4.07e+00  -5.5 2.64e+00    -  3.34e-01 2.82e-01h  1
1723r 2.7000123e+02 9.64e-01 2.30e+00  -5.5 3.67e-01    -  2.45e-01 3.14e-01h  1
1724r 2.7000276e+02 7.37e-01 1.42e+01  -5.5 3.09e-01    -  2.83e-01 5.70e-01h  1
1725r 2.6998035e+02 6.41e-01 7.77e+00  -5.5 3.42e-01    -  4.78e-01 4.68e-01h  1
1726r 2.6997231e+02 6.41e-01 1.19e+00  -5.5 1.41e-01    -  9.98e-01 1.00e+00h  1
1727r 2.6995366e+02 6.41e-01 2.04e+00  -5.5 1.52e-01    -  1.00e+00 8.64e-01h  1
1728r 2.6989312e+02 6.41e-01 3.14e+00  -5.5 6.41e-01    -  6.27e-01 5.07e-01f  1
1729r 2.6985665e+02 6.41e-01 5.40e+00  -5.5 3.18e-01    -  8.66e-01 5.35e-01h  1
iter    objective    inf_pr   inf_du lg(mu)  ||d||  lg(rg) alpha_du alpha_pr  ls
1730r 2.6985537e+02 6.41e-01 7.08e+00  -5.5 2.67e-01    -  1.27e-01 4.13e-01h  1
1731r 2.6984529e+02 6.42e-01 1.36e+00  -5.5 9.78e-02    -  1.00e+00 9.83e-01h  1
1732r 2.6980481e+02 6.42e-01 3.03e+00  -5.5 2.51e-01    -  8.52e-01 1.00e+00H  1
1733r 2.6973907e+02 6.42e-01 8.81e+00  -5.2 2.86e+00    -  4.59e-01 1.23e-01f  1
1734r 2.6953463e+02 8.09e+00 3.41e+00  -5.5 1.60e+00    -  4.89e-01 4.39e-01h  1
1735r 2.6944307e+02 6.51e+00 7.09e+00  -5.5 2.08e+00    -  4.15e-01 1.97e-01h  1
1736r 2.6943929e+02 6.41e+00 1.07e+01  -5.5 3.28e+00    -  1.69e-01 1.63e-02h  1
1737r 2.6947483e+02 3.62e+00 8.42e+00  -5.5 4.58e-01    -  2.16e-01 4.35e-01f  1
1738r 2.6952006e+02 2.62e+00 5.72e+00  -5.5 1.00e+00    -  2.98e-01 2.78e-01h  1
1739r 2.6955590e+02 2.99e+00 6.07e+00  -5.5 6.58e-01    -  3.07e-01 6.22e-01H  1
iter    objective    inf_pr   inf_du lg(mu)  ||d||  lg(rg) alpha_du alpha_pr  ls
1740r 2.6955432e+02 1.08e+00 5.26e+00  -5.5 2.09e-01    -  8.12e-01 6.40e-01h  1
1741r 2.6954118e+02 7.41e-01 6.84e+00  -5.5 2.46e-01    -  8.10e-01 3.14e-01h  1
1742r 2.6949815e+02 6.41e-01 4.45e+00  -5.5 4.39e-01    -  3.53e-01 5.07e-01h  1
1743r 2.6949412e+02 6.41e-01 6.53e+00  -5.5 9.83e-01    -  4.00e-01 3.12e-02h  3
1744r 2.6949161e+02 6.41e-01 7.81e+00  -5.5 1.25e+00    -  2.93e-01 1.67e-02h  5
1745r 2.6948113e+02 1.34e+00 8.90e+00  -5.5 3.69e-01    -  2.01e-01 6.03e-01h  1
1746r 2.6947600e+02 9.62e-01 7.00e+00  -5.5 2.27e-01    -  6.51e-01 2.84e-01h  1
1747r 2.6946434e+02 6.42e-01 1.77e+00  -5.5 2.45e-01    -  8.15e-01 7.35e-01h  1
1748r 2.6945290e+02 8.63e-01 3.41e+00  -5.5 1.19e-01    -  5.86e-01 6.98e-01h  1
1749r 2.6945084e+02 6.42e-01 3.53e+00  -5.5 8.96e-02    -  6.92e-01 1.00e+00h  1
iter    objective    inf_pr   inf_du lg(mu)  ||d||  lg(rg) alpha_du alpha_pr  ls
1750r 2.6944665e+02 6.42e-01 1.34e+00  -5.5 9.62e-02    -  1.00e+00 1.00e+00H  1
1751r 2.6943789e+02 6.42e-01 6.20e+00  -5.5 7.07e-01    -  5.67e-01 1.80e-01h  1
1752r 2.6942525e+02 6.42e-01 6.58e+00  -5.5 6.44e-01    -  2.87e-01 3.23e-01H  1
1753r 2.6939856e+02 6.42e-01 5.87e+00  -5.5 1.04e+00    -  1.00e+00 2.97e-01f  1
1754r 2.6936438e+02 6.42e-01 3.53e+00  -5.5 1.99e+00    -  5.19e-01 2.28e-01h  1
1755r 2.6931515e+02 6.41e-01 6.01e+00  -5.5 1.49e+00    -  1.50e-01 3.75e-01h  1
1756r 2.6927746e+02 8.04e-01 1.05e+01  -5.5 1.62e+00    -  1.75e-01 3.94e-01h  1
1757r 2.6929337e+02 6.42e-01 5.06e+00  -5.5 8.94e-01    -  2.31e-01 2.26e-01h  1
1758r 2.6929493e+02 6.42e-01 3.27e+00  -5.5 2.21e-01    -  4.57e-01 4.06e-01h  1
1759r 2.6929320e+02 6.42e-01 3.72e+00  -5.5 2.13e-01    -  7.21e-01 2.30e-01H  1
iter    objective    inf_pr   inf_du lg(mu)  ||d||  lg(rg) alpha_du alpha_pr  ls
1760r 2.6928993e+02 6.42e-01 3.25e+00  -5.5 8.19e-01    -  5.70e-01 7.05e-02h  1
1761r 2.6929073e+02 6.42e-01 2.81e+00  -5.5 2.53e+00    -  8.69e-02 8.47e-03h  5
1762r 2.6928775e+02 6.42e-01 7.09e+00  -5.5 4.88e-01    -  1.00e+00 9.38e-02h  4
1763r 2.6928343e+02 6.42e-01 4.96e+00  -5.5 6.49e+00    -  9.26e-02 1.08e-02h  4
1764r 2.6928230e+02 6.42e-01 5.48e+00  -5.5 6.09e+00    -  1.63e-01 2.36e-03h  7
1765r 2.6927751e+02 6.42e-01 5.28e+00  -5.5 3.89e+00    -  6.74e-02 2.18e-02h  5
1766r 2.6927736e+02 6.42e-01 5.48e+00  -5.5 1.68e+01    -  1.19e-01 2.17e-04h 10
1767r 2.6923122e+02 4.87e+00 8.02e+00  -5.5 7.62e+00    -  4.09e-02 2.27e-01h  1
1768r 2.6925523e+02 9.80e+00 1.35e+01  -5.5 2.12e+01    -  1.10e-01 6.44e-02h  1
1769r 2.6925680e+02 8.44e+00 1.31e+01  -5.5 2.63e+00    -  3.66e-01 2.19e-01h  1
iter    objective    inf_pr   inf_du lg(mu)  ||d||  lg(rg) alpha_du alpha_pr  ls
1770r 2.6924994e+02 7.20e+00 1.08e+01  -5.5 1.06e+00    -  2.34e-01 1.51e-01h  1
1771r 2.6924386e+02 6.12e+00 7.48e+00  -5.5 5.06e-01    -  1.75e-01 1.49e-01h  1
1772r 2.6922272e+02 3.78e+00 7.80e+00  -5.5 6.16e-01    -  6.99e-03 4.08e-01h  1
1773r 2.6918646e+02 4.47e+00 6.77e+00  -5.5 4.48e+00    -  2.67e-01 2.30e-01h  1
1774r 2.6918877e+02 3.60e+00 9.99e+02  -5.5 6.13e-01    -  8.65e-06 2.06e-01h  1
1775r 2.6919728e+02 2.54e+00 5.41e+02  -5.5 1.02e+00    -  4.06e-01 4.58e-01h  1
1776r 2.6919758e+02 2.27e+00 4.75e+02  -5.5 1.28e+00    -  1.61e-01 1.22e-01h  1
1777r 2.6921471e+02 6.42e-01 4.11e+00  -5.5 2.95e-01    -  7.19e-01 1.00e+00h  1
1778r 2.6921504e+02 6.42e-01 5.54e+00  -5.5 7.68e-01    -  4.15e-01 1.66e-01h  1
1779r 2.6921231e+02 6.42e-01 1.07e+00  -5.5 1.01e-01    -  1.00e+00 1.00e+00h  1
iter    objective    inf_pr   inf_du lg(mu)  ||d||  lg(rg) alpha_du alpha_pr  ls
1780r 2.6921545e+02 6.42e-01 1.08e+00  -5.5 1.85e-01    -  1.00e+00 8.72e-01h  1
1781r 2.6921580e+02 6.42e-01 8.97e+00  -5.5 1.33e-01    -  5.51e-01 1.00e+00h  1
1782r 2.6922548e+02 6.42e-01 2.27e+01  -6.2 2.79e-02    -  1.00e+00 6.05e-01f  1
1783r 2.6923973e+02 1.85e+00 4.48e+01  -5.1 1.16e+00    -  7.19e-01 2.01e-01f  1
1784r 2.6919259e+02 1.14e+00 3.47e+01  -5.5 4.85e-01    -  6.78e-02 3.83e-01h  1
1785r 2.6919311e+02 1.11e+00 7.60e+00  -5.5 1.42e+00    -  5.52e-01 2.41e-02h  1
1786r 2.6920635e+02 2.29e+00 6.52e+00  -5.5 1.66e+00    -  2.21e-01 2.65e-01h  1
1787r 2.6924545e+02 1.08e+00 4.74e+00  -5.5 3.73e-01    -  7.91e-01 5.30e-01h  1
1788r 2.6926144e+02 6.94e-01 6.26e+00  -5.5 6.82e-01    -  1.76e-01 3.55e-01h  1
1789r 2.6926934e+02 6.42e-01 8.28e+00  -5.5 3.06e-01    -  2.06e-01 3.50e-01h  1
iter    objective    inf_pr   inf_du lg(mu)  ||d||  lg(rg) alpha_du alpha_pr  ls
1790r 2.6928426e+02 9.19e-01 6.40e+00  -5.5 1.92e-01    -  1.00e+00 7.60e-01h  1
1791r 2.6929419e+02 7.68e-01 1.69e+00  -5.5 1.08e+00    -  4.56e-01 1.65e-01h  1
1792r 2.6929911e+02 7.49e-01 5.40e+00  -5.5 3.87e+00    -  2.66e-01 2.46e-02h  3
1793r 2.6930526e+02 7.44e-01 4.91e+00  -5.5 1.10e+01    -  2.38e-01 7.62e-03h  3
1794r 2.6930862e+02 7.31e-01 4.34e+00  -5.5 3.83e+00    -  2.90e-01 1.75e-02h  4
1795r 2.6932467e+02 6.45e-01 1.01e+01  -5.5 2.70e+00    -  2.72e-01 1.20e-01h  2
1796r 2.6936419e+02 6.41e-01 1.82e+01  -5.5 1.62e+00    -  5.49e-01 3.83e-01h  1
1797r 2.6937148e+02 6.42e-01 5.03e+00  -5.5 3.69e-01    -  5.15e-01 6.16e-01h  1
1798r 2.6936661e+02 6.42e-01 1.38e+01  -5.5 3.57e-01    -  7.85e-01 3.68e-01h  1
1799r 2.6936370e+02 6.42e-01 7.54e+00  -5.5 3.58e-01    -  6.74e-01 1.41e-01h  1
iter    objective    inf_pr   inf_du lg(mu)  ||d||  lg(rg) alpha_du alpha_pr  ls
1800r 2.6935831e+02 6.42e-01 1.39e+00  -5.5 1.35e-01    -  1.00e+00 1.00e+00h  1
1801r 2.6935871e+02 6.42e-01 3.97e+00  -5.5 1.05e-01    -  1.00e+00 1.00e+00h  1
1802r 2.6935792e+02 6.42e-01 2.60e+00  -5.5 1.13e-01    -  1.00e+00 1.00e+00h  1
1803r 2.6935767e+02 6.42e-01 7.93e-01  -5.5 3.84e-02    -  1.00e+00 1.00e+00h  1
1804r 2.6937127e+02 6.42e-01 7.01e+00  -6.0 3.31e-02    -  1.00e+00 8.36e-01f  1
1805r 2.6940053e+02 6.42e-01 6.02e+00  -6.0 2.07e-01    -  5.99e-01 3.02e-01h  1
1806r 2.6943882e+02 6.42e-01 1.23e+01  -6.0 1.46e+00    -  2.57e-01 9.89e-02h  1
1807r 2.6949641e+02 6.42e-01 1.19e+01  -6.0 5.05e+00    -  8.15e-02 5.44e-02h  1
1808r 2.6960301e+02 6.42e-01 1.21e+01  -6.0 1.21e+01    -  6.37e-02 4.17e-02h  1
1809r 2.6961292e+02 6.42e-01 8.50e+00  -6.0 9.58e+00    -  1.03e-01 4.86e-03h  1
iter    objective    inf_pr   inf_du lg(mu)  ||d||  lg(rg) alpha_du alpha_pr  ls
1810r 2.6970858e+02 4.42e+00 7.94e+00  -6.0 1.34e+01    -  6.63e-02 2.90e-02h  1
1811r 2.6977979e+02 4.28e+00 9.24e+00  -6.0 9.93e+00    -  5.76e-02 3.09e-02h  1
1812r 2.6990560e+02 4.18e+00 1.72e+01  -6.0 2.18e+01    -  4.47e-02 2.63e-02h  1
1813r 2.6998444e+02 4.13e+00 1.99e+01  -6.0 2.68e+01    -  4.75e-02 1.45e-02h  1
1814r 2.7007633e+02 3.86e+00 2.37e+01  -5.1 6.96e+00    -  1.32e-01 6.62e-02f  1
1815r 2.7005949e+02 3.84e+00 2.24e+01  -5.8 2.02e+01    -  1.72e-02 3.63e-03h  1
1816r 2.7026525e+02 3.65e+00 2.06e+01  -5.8 1.60e+01    -  3.57e-02 5.57e-02h  1
1817r 2.7029581e+02 3.48e+00 1.76e+01  -5.8 2.98e+00    -  8.67e-02 4.54e-02h  1
1818r 2.7039240e+02 3.19e+00 2.06e+01  -5.8 5.46e+00    -  7.26e-02 8.32e-02h  1
1819r 2.7045002e+02 3.13e+00 2.03e+01  -5.8 1.41e+01    -  5.29e-02 1.86e-02h  1
iter    objective    inf_pr   inf_du lg(mu)  ||d||  lg(rg) alpha_du alpha_pr  ls
1820r 2.7057441e+02 6.89e+00 3.92e+01  -5.8 5.34e+00    -  4.92e-02 1.13e-01h  1
1821r 2.7059389e+02 6.40e+00 3.71e+01  -5.8 1.54e+00    -  2.20e-01 7.07e-02h  1
1822r 2.7061669e+02 6.19e+00 3.49e+01  -5.8 3.66e+00    -  1.24e-01 3.39e-02h  1
1823r 2.7066525e+02 6.00e+00 3.16e+01  -5.8 8.39e+00    -  7.90e-02 3.02e-02h  1
1824r 2.7078974e+02 5.76e+00 2.21e+01  -5.8 1.37e+01    -  8.77e-02 3.94e-02h  1
1825r 2.7088619e+02 5.53e+00 1.75e+01  -5.8 1.16e+01    -  4.02e-02 3.97e-02h  1
1826r 2.7100029e+02 5.87e+00 9.51e+00  -5.8 1.54e+01    -  5.48e-02 3.18e-02h  1
1827r 2.7109020e+02 5.59e+00 1.01e+01  -5.8 6.68e+00    -  1.24e-01 4.85e-02h  1
1828r 2.7137190e+02 4.78e+00 1.39e+01  -5.8 7.02e+00    -  1.54e-01 1.48e-01h  1
1829r 2.7141943e+02 4.26e+00 1.28e+01  -5.8 3.32e+00    -  8.04e-02 1.09e-01h  1
iter    objective    inf_pr   inf_du lg(mu)  ||d||  lg(rg) alpha_du alpha_pr  ls
1830r 2.7141818e+02 2.11e+00 6.15e+00  -5.8 3.97e-01    -  4.28e-01 5.05e-01h  1
1831r 2.7140556e+02 1.33e+00 3.91e+00  -5.8 2.84e-01    -  2.01e-01 3.71e-01h  1
1832r 2.7143118e+02 6.42e-01 9.00e+00  -5.8 2.13e-01    -  2.33e-01 5.73e-01h  1
1833r 2.7144324e+02 6.42e-01 1.78e+01  -5.8 1.57e-01    -  9.49e-01 3.41e-01h  1
1834r 2.7147250e+02 6.42e-01 7.22e+00  -5.8 2.32e-01    -  5.91e-01 4.17e-01h  1
1835r 2.7154674e+02 6.42e-01 5.76e+00  -5.8 1.28e+00    -  3.28e-01 1.94e-01h  1
1836r 2.7160276e+02 6.42e-01 7.36e+00  -5.8 8.74e-01    -  4.30e-01 2.44e-01h  1
1837r 2.7161950e+02 6.42e-01 4.92e+00  -5.8 4.77e-01    -  2.95e-01 3.04e-01h  1
1838r 2.7161208e+02 6.42e-01 3.48e+00  -5.8 2.99e-01    -  6.95e-02 1.46e-01h  3
1839r 2.7161589e+02 6.42e-01 2.18e+00  -5.8 1.19e-01    -  3.27e-01 1.61e-01h  3
iter    objective    inf_pr   inf_du lg(mu)  ||d||  lg(rg) alpha_du alpha_pr  ls
1840r 2.7162420e+02 6.42e-01 7.83e+00  -5.8 6.53e-01    -  3.55e-01 4.78e-02h  4
1841r 2.7166779e+02 1.32e+00 7.41e+00  -5.8 3.86e+00    -  7.43e-02 3.60e-02h  2
1842r 2.7180370e+02 1.33e+00 7.12e+00  -5.8 1.32e+01    -  3.78e-02 3.74e-02h  1
1843r 2.7185583e+02 1.30e+00 5.78e+00  -5.8 7.22e+00    -  1.08e-01 3.25e-02h  1
1844r 2.7201778e+02 2.88e+00 5.43e+00  -5.8 1.51e+01    -  3.93e-02 4.75e-02h  1
1845r 2.7208894e+02 2.81e+00 4.39e+00  -5.8 1.03e+01    -  8.34e-02 2.85e-02h  2
1846r 2.7218820e+02 2.76e+00 4.06e+00  -5.8 1.83e+01    -  9.24e-02 2.14e-02h  1
1847r 2.7246094e+02 2.82e+00 8.66e+00  -5.8 5.19e+01    -  1.56e-02 2.13e-02h  1
1848r 2.7257207e+02 2.74e+00 1.59e+01  -5.8 1.40e+01    -  1.03e-01 3.11e-02h  1
1849r 2.7271587e+02 2.68e+00 2.09e+01  -5.8 1.66e+01    -  8.58e-02 3.38e-02h  1
iter    objective    inf_pr   inf_du lg(mu)  ||d||  lg(rg) alpha_du alpha_pr  ls
1850r 2.7286371e+02 2.65e+00 2.95e+01  -5.8 2.90e+01    -  3.53e-02 2.16e-02h  1
1851r 2.7295057e+02 2.56e+00 2.97e+01  -5.8 1.19e+01    -  8.77e-02 3.90e-02h  1
1852r 2.7297128e+02 2.49e+00 2.67e+01  -5.8 4.68e+00    -  1.55e-01 2.49e-02h  1
1853r 2.7309296e+02 1.95e+00 1.83e+01  -5.8 2.36e+00    -  3.73e-01 2.23e-01h  1
1854r 2.7317110e+02 1.59e+00 1.19e+01  -5.8 2.09e+00    -  2.09e-01 1.88e-01h  1
1855r 2.7320373e+02 1.30e+00 9.65e+00  -5.8 7.29e-01    -  4.03e-01 1.82e-01h  1
1856r 2.7329436e+02 1.19e+00 5.43e+00  -5.8 4.07e+00    -  1.77e-01 9.39e-02h  1
1857r 2.7334807e+02 1.14e+00 5.92e+00  -5.8 5.51e+00    -  4.66e-02 3.91e-02h  1
1858r 2.7345105e+02 1.07e+00 7.34e+00  -5.8 6.60e+00    -  2.11e-01 7.27e-02h  1
1859r 2.7348145e+02 1.02e+00 6.13e+00  -5.8 2.97e+00    -  1.79e-01 4.43e-02h  1
iter    objective    inf_pr   inf_du lg(mu)  ||d||  lg(rg) alpha_du alpha_pr  ls
1860r 2.7360832e+02 1.04e+00 5.81e+00  -5.8 3.42e+00    -  2.25e-01 1.89e-01h  1
1861r 2.7365413e+02 9.97e-01 4.80e+00  -5.8 3.41e+00    -  1.68e-01 6.69e-02h  1
1862r 2.7369585e+02 9.60e-01 3.70e+00  -5.8 4.02e+00    -  1.17e-01 5.26e-02h  1
1863r 2.7374513e+02 8.79e-01 3.31e+00  -5.8 2.82e+00    -  8.04e-02 1.00e-01h  1
1864r 2.7376002e+02 7.62e-01 4.22e+00  -5.8 7.17e-01    -  2.83e-01 1.36e-01h  1
1865r 2.7377573e+02 7.18e-01 3.35e+00  -5.8 1.23e+00    -  1.22e-01 6.00e-02h  1
1866r 2.7386436e+02 6.42e-01 8.13e+00  -5.8 1.27e+00    -  1.68e-01 3.84e-01h  1
1867r 2.7389803e+02 6.42e-01 8.96e+00  -5.8 4.13e+00    -  1.20e-01 4.33e-02h  1
1868r 2.7392479e+02 6.42e-01 8.64e+00  -5.8 3.33e+00    -  8.98e-02 4.06e-02h  1
1869r 2.7394026e+02 6.41e-01 7.85e+00  -5.8 1.96e+00    -  2.27e-01 5.40e-02h  1
iter    objective    inf_pr   inf_du lg(mu)  ||d||  lg(rg) alpha_du alpha_pr  ls
1870r 2.7396125e+02 6.41e-01 7.38e+00  -5.8 2.20e+00    -  6.48e-02 6.10e-02h  1
1871r 2.7401247e+02 6.41e-01 1.02e+01  -5.8 3.80e+00    -  6.43e-02 8.43e-02h  1
1872r 2.7407965e+02 6.41e-01 1.29e+01  -5.8 2.97e+00    -  1.30e-01 1.61e-01h  1
1873r 2.7408770e+02 6.41e-01 1.36e+01  -5.8 8.06e+00    -  3.85e-02 6.61e-03h  1
1874r 2.7419314e+02 6.41e-01 1.52e+01  -5.8 4.00e+01    -  1.54e-02 2.23e-02h  1
1875r 2.7421752e+02 6.41e-01 1.47e+01  -5.8 1.65e+01    -  4.17e-02 1.22e-02h  1
1876r 2.7427248e+02 1.40e+00 1.50e+01  -5.8 2.54e+01    -  1.54e-02 1.69e-02h  1
1877r 2.7429157e+02 1.39e+00 1.19e+01  -5.8 2.52e+01    -  8.05e-02 9.16e-03h  1
1878r 2.7428466e+02 1.37e+00 1.03e+01  -5.8 3.37e+00    -  3.97e-02 1.54e-02h  1
1879r 2.7428285e+02 1.35e+00 1.02e+01  -5.8 1.00e+00    -  5.03e-02 1.44e-02h  5
iter    objective    inf_pr   inf_du lg(mu)  ||d||  lg(rg) alpha_du alpha_pr  ls
1880r 2.7428148e+02 1.36e+00 1.02e+01  -5.8 7.21e-01    -  6.52e-02 1.24e-02h  5
1881r 2.7428066e+02 1.42e+00 1.01e+01  -5.8 7.20e-01    -  6.25e-02 1.37e-02h  4
1882r 2.7425670e+02 3.75e+00 1.05e+01  -5.8 2.44e+00    -  1.55e-02 8.83e-02h  1
1883r 2.7425176e+02 3.65e+00 9.73e+00  -5.8 1.45e+00    -  1.76e-01 2.89e-02h  1
1884r 2.7425137e+02 3.63e+00 1.21e+01  -5.8 9.00e-01    -  3.40e-01 4.71e-03h  5
1885r 2.7425121e+02 3.62e+00 9.69e+00  -5.8 8.71e-01    -  3.81e-01 1.46e-03h  8
1886r 2.7425120e+02 3.62e+00 1.24e+01  -5.8 1.23e+00    -  2.55e-01 8.69e-05h 13
1887r 2.7425119e+02 3.62e+00 9.92e+00  -5.8 2.15e+00    -  5.45e-02 3.77e-05h 12
1888r 2.7421890e+02 3.36e+00 9.33e+00  -5.8 3.88e+00    -  8.84e-02 7.43e-02h  1
1889r 2.7419669e+02 3.13e+00 8.52e+00  -5.8 3.05e+00    -  1.05e-01 7.01e-02h  2
iter    objective    inf_pr   inf_du lg(mu)  ||d||  lg(rg) alpha_du alpha_pr  ls
1890r 2.7419464e+02 3.10e+00 7.05e+00  -5.8 2.54e+00    -  1.47e-01 7.98e-03h  5
1891r 2.7415539e+02 2.89e+00 6.33e+00  -5.8 6.04e+00    -  8.36e-02 6.86e-02h  1
1892r 2.7408797e+02 2.61e+00 8.25e+00  -5.8 8.85e+00    -  8.19e-02 1.03e-01h  1
1893r 2.7404597e+02 2.44e+00 9.02e+00  -5.8 9.46e+00    -  2.34e-02 6.49e-02h  1
1894r 2.7400006e+02 2.35e+00 9.56e+00  -5.8 1.59e+01    -  1.50e-01 4.16e-02h  1
1895r 2.7397867e+02 2.29e+00 1.25e+01  -5.8 1.02e+01    -  1.98e-01 2.75e-02h  1
1896r 2.7388552e+02 2.01e+00 9.27e+00  -5.8 7.68e+00    -  1.04e-01 1.42e-01h  1
1897r 2.7384904e+02 1.82e+00 3.74e+00  -5.8 2.80e+00    -  2.23e-01 9.76e-02h  1
1898r 2.7383882e+02 1.61e+00 4.85e+00  -5.8 8.68e-01    -  2.89e-01 1.15e-01h  1
1899r 2.7383131e+02 1.45e+00 6.42e+00  -5.8 8.12e-01    -  1.68e-01 1.03e-01h  1
iter    objective    inf_pr   inf_du lg(mu)  ||d||  lg(rg) alpha_du alpha_pr  ls
1900r 2.7382891e+02 1.33e+00 6.51e+00  -5.8 4.80e-01    -  3.45e-01 8.22e-02h  1
1901r 2.7382448e+02 1.23e+00 5.78e+00  -5.8 7.12e-01    -  3.47e-01 7.76e-02h  1
1902r 2.7380632e+02 1.19e+00 3.81e+00  -5.8 5.78e-01    -  5.26e-01 3.73e-01h  1
1903r 2.7379315e+02 6.42e-01 4.68e+00  -5.8 1.45e-01    -  4.29e-01 5.79e-01h  1
1904r 2.7379425e+02 6.42e-01 3.13e+00  -5.8 1.19e-01    -  1.00e+00 1.00e+00h  1
1905r 2.7379253e+02 6.42e-01 1.25e+00  -5.8 4.51e-02    -  1.00e+00 1.00e+00h  1
1906r 2.7379260e+02 6.42e-01 9.04e-01  -6.1 2.44e-02    -  1.00e+00 1.00e+00f  1
1907r 2.7379489e+02 6.42e-01 2.06e+00  -6.3 5.41e-02    -  1.00e+00 8.71e-01f  1
1908r 2.7377767e+02 3.95e+00 3.09e+01  -5.7 3.36e-01    -  1.00e+00 5.90e-01f  1
1909r 2.7376191e+02 2.17e+00 9.33e+00  -5.9 5.33e-01    -  7.38e-01 4.49e-01h  1
iter    objective    inf_pr   inf_du lg(mu)  ||d||  lg(rg) alpha_du alpha_pr  ls
1910r 2.7374936e+02 1.84e+00 4.57e+00  -5.9 1.73e+00    -  4.31e-01 1.54e-01h  1
1911r 2.7370974e+02 9.52e-01 8.08e+00  -5.9 1.23e+00    -  6.76e-01 4.82e-01f  1
1912r 2.7369549e+02 7.04e-01 1.11e+01  -5.9 1.51e+00    -  3.04e-01 2.62e-01h  1
1913r 2.7369327e+02 6.41e-01 7.41e+00  -5.9 6.57e-01    -  3.09e-01 1.37e-01h  1
1914r 2.7369079e+02 6.41e-01 3.74e+00  -5.9 3.30e-01    -  3.41e-01 3.36e-01h  1
1915r 2.7369110e+02 6.41e-01 6.82e+00  -5.9 2.84e-01    -  5.09e-01 2.56e-01h  1
1916r 2.7368809e+02 6.41e-01 1.49e+00  -5.9 3.95e-02    -  9.22e-01 1.00e+00h  1
1917r 2.7367852e+02 6.41e-01 2.11e+00  -5.9 8.84e-02    -  1.00e+00 9.13e-01h  1
1918r 2.7364618e+02 6.41e-01 4.65e+00  -5.9 3.12e+00    -  1.95e-01 9.77e-02f  1
1919r 2.7359020e+02 6.41e-01 3.30e+00  -5.9 2.85e+00    -  2.70e-01 2.79e-01h  1
iter    objective    inf_pr   inf_du lg(mu)  ||d||  lg(rg) alpha_du alpha_pr  ls
1920r 2.7354948e+02 6.41e-01 4.47e+00  -5.9 2.37e+00    -  6.06e-01 2.29e-01h  1
1921r 2.7352797e+02 6.41e-01 2.72e+00  -5.9 3.11e+00    -  2.09e-01 8.05e-02h  1
1922r 2.7352618e+02 6.41e-01 4.14e+00  -5.9 7.11e-01    -  1.92e-01 7.88e-02h  1
1923r 2.7352142e+02 6.41e-01 1.72e+00  -5.9 2.33e-01    -  7.20e-02 2.52e-01h  1
1924r 2.7351829e+02 6.41e-01 3.08e+00  -5.9 2.95e-01    -  3.09e-01 2.11e-01h  1
1925r 2.7351194e+02 6.41e-01 9.44e+00  -5.9 3.59e-01    -  6.25e-01 1.70e-01h  1
1926r 2.7350235e+02 6.41e-01 6.07e+00  -5.9 2.57e+00    -  3.58e-01 4.84e-02h  3
1927r 2.7349785e+02 6.41e-01 5.66e+00  -5.9 3.41e+00    -  1.41e-01 1.69e-02h  1
1928r 2.7342899e+02 4.35e+00 5.49e+00  -5.9 8.90e+00    -  1.72e-01 9.80e-02h  1
1929r 2.7337431e+02 4.08e+00 4.82e+00  -5.9 1.08e+01    -  1.83e-01 6.53e-02h  1
iter    objective    inf_pr   inf_du lg(mu)  ||d||  lg(rg) alpha_du alpha_pr  ls
1930r 2.7334459e+02 3.83e+00 4.56e+00  -5.9 6.88e+00    -  7.24e-02 6.23e-02h  1
1931r 2.7330062e+02 3.38e+00 3.54e+00  -5.9 5.42e+00    -  8.13e-02 1.18e-01h  1
1932r 2.7329492e+02 3.31e+00 3.84e+00  -5.9 4.89e+00    -  9.91e-02 1.90e-02h  1
1933r 2.7330092e+02 3.03e+00 8.61e+00  -5.9 5.35e+00    -  8.26e-02 8.75e-02h  1
1934r 2.7329949e+02 2.66e+00 6.14e+00  -5.9 3.19e-01    -  2.80e-01 3.87e-01h  1
1935r 2.7330143e+02 6.93e-01 2.42e+00  -5.9 2.17e-01    -  5.08e-01 7.38e-01h  1
1936r 2.7329779e+02 6.41e-01 2.30e+00  -5.9 4.45e-02    -  8.88e-01 1.00e+00h  1
1937r 2.7329747e+02 6.41e-01 7.33e+00  -5.9 3.98e-02    -  1.00e+00 2.83e-01h  1
1938r 2.7329593e+02 6.41e-01 5.95e-01  -5.9 4.01e-02    -  1.00e+00 1.00e+00h  1
1939r 2.7329486e+02 6.41e-01 2.69e+00  -5.9 5.71e-02    -  1.00e+00 2.50e-01h  3
iter    objective    inf_pr   inf_du lg(mu)  ||d||  lg(rg) alpha_du alpha_pr  ls
1940r 2.7329286e+02 6.41e-01 5.11e+00  -5.9 3.28e-01    -  6.66e-01 4.72e-01H  1
1941r 2.7329035e+02 6.41e-01 9.69e+00  -5.9 2.90e-01    -  5.16e-01 5.00e-01h  2
1942r 2.7328973e+02 6.41e-01 6.96e+00  -5.9 1.80e-01    -  1.00e+00 4.84e-01h  1
1943r 2.7328912e+02 6.41e-01 3.40e+00  -5.9 9.56e-02    -  8.01e-01 5.00e-01h  2
1944r 2.7328868e+02 6.41e-01 2.19e+01  -5.9 5.77e-02    -  1.00e+00 2.82e-01h  1
1945r 2.7328858e+02 6.41e-01 5.66e+00  -5.9 1.09e-01    -  1.00e+00 3.12e-02h  6
1946r 2.7328399e+02 6.41e-01 2.34e+00  -5.9 8.96e-02    -  1.00e+00 8.34e-01h  1
1947r 2.7328331e+02 6.41e-01 2.72e+00  -5.9 6.15e-02    -  1.00e+00 2.50e-01h  3
1948r 2.7328316e+02 6.41e-01 2.23e+00  -5.9 5.86e-02    -  1.00e+00 2.50e-01h  3
1949r 2.7328279e+02 6.41e-01 3.46e-01  -5.9 4.55e-02    -  1.00e+00 1.00e+00h  1
iter    objective    inf_pr   inf_du lg(mu)  ||d||  lg(rg) alpha_du alpha_pr  ls
1950r 2.7328247e+02 6.41e-01 4.84e+00  -5.9 1.11e-01    -  1.00e+00 6.25e-02h  5
1951r 2.7327765e+02 6.41e-01 3.16e+00  -5.9 8.61e-01    -  2.64e-01 1.03e-01h  2
1952r 2.7327610e+02 6.41e-01 4.42e+00  -5.9 1.95e+00    -  3.31e-01 2.20e-02h  3
1953r 2.7327579e+02 6.41e-01 3.61e+00  -5.9 4.08e+00    -  1.36e-01 6.71e-03h  6
1954r 2.7327587e+02 6.41e-01 3.36e+00  -5.9 7.09e-01    -  5.62e-01 1.66e-02h  6
1955r 2.7328569e+02 2.27e+00 8.07e+00  -5.9 1.61e+00    -  2.99e-01 3.55e-01h  1
1956r 2.7327459e+02 2.07e+00 9.40e+00  -5.9 7.20e+00    -  2.28e-01 1.00e-01h  1
1957r 2.7326897e+02 1.81e+00 1.06e+01  -5.9 2.54e+00    -  3.76e-01 1.26e-01h  1
1958r 2.7326109e+02 5.06e+00 7.27e+00  -5.9 1.40e+00    -  1.88e-02 1.55e-01h  1
1959r 2.7326177e+02 3.85e+00 4.19e+00  -5.9 2.34e-01    -  2.94e-01 2.39e-01h  1
iter    objective    inf_pr   inf_du lg(mu)  ||d||  lg(rg) alpha_du alpha_pr  ls
1960r 2.7326143e+02 2.94e+00 2.13e+00  -5.9 4.28e-01    -  1.56e-01 2.35e-01h  1
1961r 2.7326834e+02 2.47e+00 1.10e+01  -5.9 6.81e-01    -  4.83e-01 1.62e-01h  1
1962r 2.7326810e+02 1.81e+00 5.01e+00  -5.9 3.89e-01    -  6.17e-01 2.74e-01h  1
1963r 2.7326585e+02 2.09e+00 3.14e+00  -5.9 2.22e-01    -  3.81e-01 3.31e-01h  1
1964r 2.7326416e+02 7.00e-01 1.69e+00  -5.9 7.29e-02    -  9.71e-01 8.74e-01h  1
1965r 2.7326266e+02 6.41e-01 6.27e-01  -5.9 3.64e-02    -  1.00e+00 1.00e+00h  1
1966r 2.7326363e+02 6.41e-01 1.54e+00  -5.9 1.22e-01    -  1.00e+00 7.52e-01h  1
1967r 2.7327042e+02 6.41e-01 1.55e+00  -5.9 7.36e-01    -  4.11e-01 4.93e-01f  1
1968r 2.7326619e+02 6.41e-01 2.16e+00  -5.9 1.96e-01    -  1.00e+00 1.00e+00h  1
1969r 2.7325817e+02 6.41e-01 9.94e+00  -5.9 3.80e-01    -  2.45e-01 6.22e-01h  1
iter    objective    inf_pr   inf_du lg(mu)  ||d||  lg(rg) alpha_du alpha_pr  ls
1970r 2.7325822e+02 6.41e-01 6.61e+00  -5.9 1.10e-01    -  1.00e+00 6.65e-01h  1
1971r 2.7325748e+02 6.41e-01 1.90e-01  -5.9 1.38e-01    -  1.00e+00 1.00e+00h  1
1972r 2.7325470e+02 6.41e-01 4.61e+00  -5.9 1.40e+00    -  5.52e-01 7.66e-02h  2
1973r 2.7325436e+02 6.41e-01 1.68e+00  -5.9 1.38e+00    -  4.99e-01 1.08e-02h  6
1974r 2.7325423e+02 6.41e-01 1.79e+00  -5.9 8.48e+00    -  1.11e-01 4.18e-04h 10
1975r 2.7325192e+02 6.41e-01 6.95e+00  -5.9 1.83e+00    -  1.00e+00 3.25e-02h  4
1976r 2.7325112e+02 6.41e-01 6.51e+00  -5.9 2.63e+01    -  4.24e-02 7.80e-04h  8
1977r 2.7320647e+02 3.72e+01 7.68e+00  -5.9 2.61e+01    -  7.47e-02 9.93e-02h  1
1978r 2.7320376e+02 3.11e+01 4.56e+00  -5.9 1.12e+01    -  2.46e-01 1.62e-01h  1
1979r 2.7320431e+02 3.03e+01 3.95e+00  -5.9 4.89e+00    -  1.91e-01 2.67e-02h  1
iter    objective    inf_pr   inf_du lg(mu)  ||d||  lg(rg) alpha_du alpha_pr  ls
1980r 2.7320003e+02 2.99e+01 4.06e+00  -5.9 1.27e+01    -  2.19e-02 1.45e-02h  1
1981r 2.7319611e+02 2.80e+01 4.90e+00  -5.9 1.21e+00    -  1.27e-01 6.15e-02h  1
1982r 2.7318991e+02 2.49e+01 6.67e+00  -5.9 1.06e+00    -  6.40e-02 1.13e-01h  1
1983r 2.7318337e+02 1.90e+01 5.32e+00  -5.9 5.16e-01    -  1.82e-01 2.37e-01h  1
1984r 2.7318176e+02 1.40e+01 2.81e+00  -5.9 4.33e-01    -  1.89e-01 2.61e-01h  1
1985r 2.7317763e+02 9.55e+00 3.96e+00  -5.9 3.59e-01    -  6.58e-01 3.19e-01h  1
1986r 2.7317783e+02 6.42e-01 5.69e+00  -5.9 3.97e-01    -  4.03e-01 1.00e+00h  1
1987r 2.7318564e+02 6.42e-01 6.93e+00  -5.9 3.27e-01    -  6.64e-01 5.45e-01h  1
1988r 2.7317961e+02 6.42e-01 6.55e+00  -5.9 1.48e-01    -  3.68e-01 1.00e+00h  1
1989r 2.7318009e+02 6.42e-01 3.06e+00  -5.9 5.34e-02    -  1.00e+00 5.21e-01H  1
iter    objective    inf_pr   inf_du lg(mu)  ||d||  lg(rg) alpha_du alpha_pr  ls
1990r 2.7318118e+02 6.42e-01 1.59e+00  -5.9 6.65e-02    -  1.00e+00 1.00e+00h  1
1991r 2.7318380e+02 6.42e-01 1.08e+01  -5.9 8.67e-01    -  7.33e-01 4.56e-01h  1
1992r 2.7318442e+02 6.42e-01 1.06e+01  -5.9 6.51e-01    -  6.45e-01 9.44e-02h  1
1993r 2.7318497e+02 6.41e-01 4.26e+00  -5.9 4.80e-01    -  5.16e-01 6.74e-01f  1
1994r 2.7317936e+02 6.41e-01 5.05e+00  -5.9 2.86e-01    -  7.74e-01 4.58e-01h  1
1995r 2.7317998e+02 6.41e-01 1.80e+00  -5.9 9.93e-02    -  9.38e-01 1.00e+00h  1
1996r 2.7318272e+02 6.41e-01 2.59e+00  -5.9 1.51e-01    -  1.00e+00 6.40e-01H  1
1997r 2.7318392e+02 6.41e-01 5.54e+00  -5.9 6.54e-01    -  1.00e+00 3.21e-01f  2
1998r 2.7318301e+02 6.41e-01 4.37e+00  -5.9 3.61e+00    -  3.03e-01 3.73e-02h  3
1999r 2.7318149e+02 6.41e-01 4.31e+00  -5.9 1.33e+00    -  8.33e-01 7.08e-01h  1
iter    objective    inf_pr   inf_du lg(mu)  ||d||  lg(rg) alpha_du alpha_pr  ls
2000r 2.7318110e+02 6.41e-01 1.73e+00  -5.9 2.87e+00    -  4.00e-01 1.48e-01h  1
2001r 2.7317863e+02 6.41e-01 3.40e+00  -5.9 1.05e+00    -  4.22e-01 9.27e-02h  1
2002r 2.7318164e+02 6.41e-01 3.41e+00  -5.9 2.20e-01    -  4.49e-01 5.82e-01f  1
2003r 2.7318213e+02 6.41e-01 4.60e+00  -5.9 2.82e-01    -  4.22e-01 2.83e-01h  1
2004r 2.7318015e+02 6.41e-01 5.77e+00  -5.9 1.52e-01    -  1.00e+00 2.50e-01h  3
2005r 2.7317897e+02 6.41e-01 2.74e+00  -5.9 9.68e-02    -  6.75e-01 4.51e-01H  1
2006r 2.7317945e+02 6.41e-01 1.40e+00  -5.9 1.35e-01    -  1.00e+00 1.00e+00h  1
2007r 2.7317841e+02 6.41e-01 2.46e-01  -5.9 6.86e-02    -  1.00e+00 1.00e+00h  1
2008r 2.7317814e+02 6.41e-01 8.38e-01  -5.9 1.92e-02    -  1.00e+00 5.00e-01h  2
2009r 2.7317596e+02 1.10e+00 2.21e+00  -5.9 4.88e-01    -  1.00e+00 3.96e-01h  1
iter    objective    inf_pr   inf_du lg(mu)  ||d||  lg(rg) alpha_du alpha_pr  ls
2010r 2.7318428e+02 6.41e-01 1.68e+00  -6.0 7.72e-01    -  1.00e+00 5.48e-01h  1
2011r 2.7319998e+02 6.42e-01 2.90e+00  -6.0 1.22e+00    -  5.04e-01 3.48e-01h  1
2012r 2.7319833e+02 6.42e-01 8.29e+00  -6.0 3.84e-01    -  7.30e-01 2.99e-01h  1
2013r 2.7319636e+02 6.42e-01 4.99e+00  -6.0 6.24e-01    -  2.27e-01 9.90e-02h  1
2014r 2.7319410e+02 6.41e-01 1.71e+00  -6.0 2.58e-01    -  8.61e-01 4.84e-01f  1
2015r 2.7319308e+02 6.41e-01 2.53e+00  -6.0 2.21e-01    -  6.87e-01 1.49e-01h  1
2016r 2.7319265e+02 6.41e-01 1.62e+00  -6.0 9.95e-02    -  1.00e+00 2.50e-01h  3
2017r 2.7319266e+02 6.41e-01 8.71e+00  -6.0 1.81e-01    -  7.49e-01 4.85e-02h  4
2018r 2.7319265e+02 6.41e-01 8.55e+00  -6.0 2.49e-01    -  1.00e+00 7.28e-03h  7
2019r 2.7319265e+02 6.41e-01 4.17e+00  -6.0 3.47e-01    -  5.08e-01 7.40e-04h 11
iter    objective    inf_pr   inf_du lg(mu)  ||d||  lg(rg) alpha_du alpha_pr  ls
2020r 2.7319420e+02 1.79e+01 5.47e+00  -6.0 1.16e+00    -  2.92e-01 3.28e-01h  1
2021r 2.7320003e+02 1.52e+01 1.03e+01  -6.0 1.83e-01    -  1.00e+00 1.48e-01h  1
2022r 2.7320485e+02 1.14e+01 7.94e+00  -6.0 1.62e-01    -  9.96e-01 2.53e-01h  1
2023r 2.7321389e+02 5.96e+00 3.34e+00  -6.0 1.02e-01    -  5.63e-01 4.75e-01h  1
2024r 2.7322714e+02 6.41e-01 1.68e-01  -6.0 4.75e-02    -  1.00e+00 1.00e+00h  1
2025r 2.7324156e+02 6.41e-01 2.23e+00  -6.0 1.57e-01    -  7.31e-01 1.00e+00h  1
2026r 2.7323832e+02 6.41e-01 1.13e+00  -6.0 1.46e-01    -  1.00e+00 1.00e+00h  1
2027r 2.7323900e+02 6.41e-01 9.52e-02  -6.0 9.89e-03    -  1.00e+00 1.00e+00h  1
2028r 2.7323844e+02 6.41e-01 1.46e+00  -5.7 8.57e-02    -  1.00e+00 1.00e+00f  1
2029r 2.7321333e+02 6.41e-01 1.57e+01  -5.8 4.05e-01    -  9.03e-01 4.31e-01h  1
iter    objective    inf_pr   inf_du lg(mu)  ||d||  lg(rg) alpha_du alpha_pr  ls
2030r 2.7319279e+02 2.85e+00 3.49e+00  -5.8 4.06e-01    -  7.90e-01 8.50e-01f  1
2031r 2.7322304e+02 6.41e-01 6.68e+00  -5.8 2.02e-01    -  1.00e+00 1.00e+00h  1
2032r 2.7322308e+02 6.41e-01 5.34e+00  -5.8 1.28e-01    -  9.38e-01 4.53e-01h  2
2033r 2.7322197e+02 6.41e-01 3.48e+00  -5.8 7.02e-02    -  1.00e+00 1.83e-01h  1
2034r 2.7321958e+02 6.41e-01 1.33e+00  -5.8 2.79e-02    -  1.00e+00 1.00e+00h  1
2035r 2.7321950e+02 6.41e-01 9.88e+00  -5.8 1.09e-01    -  1.00e+00 7.81e-03h  8
2036r 2.7321873e+02 6.41e-01 6.43e+00  -5.8 9.89e-02    -  1.00e+00 1.81e-01h  3
2037r 2.7321872e+02 6.41e-01 2.49e+00  -5.8 1.14e-01    -  1.00e+00 1.56e-02h  7
2038r 2.7321875e+02 6.41e-01 4.83e+00  -5.8 8.31e-01    -  7.39e-01 2.79e-03h  9
2039r 2.7321879e+02 6.41e-01 8.82e+00  -5.8 3.86e+00    -  2.09e-01 9.57e-04h  9
iter    objective    inf_pr   inf_du lg(mu)  ||d||  lg(rg) alpha_du alpha_pr  ls
2040r 2.7322900e+02 5.11e+00 1.54e+01  -5.8 1.76e+00    -  4.33e-01 7.14e-01h  1
2041r 2.7324116e+02 4.01e+00 1.12e+01  -5.8 1.00e+00    -  5.56e-01 2.14e-01h  1
2042r 2.7324017e+02 3.69e+00 8.17e+00  -5.8 7.97e-01    -  8.42e-02 8.02e-02h  1
2043r 2.7323182e+02 3.17e+00 6.84e+00  -5.8 1.28e+00    -  1.51e-02 1.43e-01h  1
2044r 2.7323270e+02 2.89e+00 5.32e+00  -5.8 1.55e+00    -  1.03e-01 9.11e-02h  1
2045r 2.7322981e+02 2.50e+00 8.42e+00  -5.8 5.21e-01    -  2.44e-01 1.35e-01h  1
2046r 2.7321763e+02 1.42e+00 5.57e+00  -5.8 1.00e+00    -  2.57e-01 4.65e-01H  1
2047r 2.7321498e+02 6.42e-01 1.96e+00  -5.8 1.31e-01    -  1.00e+00 9.89e-01h  1
2048r 2.7321670e+02 6.41e-01 9.96e-01  -5.8 3.36e-02    -  1.00e+00 9.96e-01h  1
2049r 2.7321733e+02 6.41e-01 2.66e+00  -5.8 3.18e-02    -  8.61e-01 5.00e-01f  2
iter    objective    inf_pr   inf_du lg(mu)  ||d||  lg(rg) alpha_du alpha_pr  ls
2050r 2.7321687e+02 6.41e-01 2.13e-01  -5.8 1.36e-02    -  1.00e+00 1.00e+00h  1
2051r 2.7321684e+02 6.41e-01 1.72e+00  -5.8 4.33e-02    -  1.00e+00 3.12e-02h  6
2052r 2.7321676e+02 6.41e-01 1.97e+00  -5.8 1.07e-01    -  1.00e+00 1.11e-01h  4
2053r 2.7321675e+02 6.41e-01 9.78e+00  -5.8 4.12e-01    -  1.00e+00 2.31e-02h  6
2054r 2.7321664e+02 6.41e-01 1.71e+00  -5.8 4.36e-01    -  6.71e-01 7.21e-03h  8
2055r 2.7321056e+02 6.41e-01 2.50e+00  -5.8 1.80e+00    -  5.47e-01 1.36e-01h  2
2056r 2.7320221e+02 5.16e+00 5.58e+00  -5.8 1.23e+00    -  7.63e-01 7.32e-01h  1
2057r 2.7320095e+02 4.74e+00 6.22e+00  -5.8 4.52e+00    -  1.87e-01 8.37e-02h  1
2058r 2.7320589e+02 4.46e+00 4.98e+00  -5.8 1.39e+00    -  1.33e-01 5.80e-02h  1
2059r 2.7320603e+02 4.05e+00 4.30e+00  -5.8 3.72e-01    -  2.26e-01 9.25e-02f  1
iter    objective    inf_pr   inf_du lg(mu)  ||d||  lg(rg) alpha_du alpha_pr  ls
2060r 2.7320980e+02 2.18e+00 6.94e+00  -5.8 3.85e-01    -  1.91e-01 4.62e-01h  1
2061r 2.7320985e+02 2.16e+00 1.25e+01  -5.8 2.85e-01    -  7.49e-01 6.73e-03h  8
2062r 2.7321276e+02 1.69e+00 6.65e+00  -5.8 3.96e-01    -  5.61e-01 2.20e-01h  1
2063r 2.7321298e+02 1.59e+00 1.86e+00  -5.8 1.88e-01    -  6.07e-01 5.63e-02h  1
2064r 2.7321286e+02 6.41e-01 1.21e+00  -5.8 3.51e-01    -  6.46e-01 6.60e-01h  1
2065r 2.7321711e+02 9.88e-01 5.67e+00  -5.8 1.68e+00    -  2.86e-01 2.70e-01h  1
2066r 2.7322716e+02 6.41e-01 2.59e+00  -5.8 2.84e-01    -  9.21e-01 5.37e-01h  1
2067r 2.7322459e+02 6.41e-01 3.72e+00  -5.8 1.71e-01    -  7.95e-01 2.85e-01h  1
2068r 2.7322265e+02 6.41e-01 8.72e+00  -5.8 2.37e-01    -  1.00e+00 2.50e-01h  3
2069r 2.7322130e+02 6.42e-01 2.08e+00  -5.8 4.75e-01    -  1.00e+00 3.35e-01H  1
iter    objective    inf_pr   inf_du lg(mu)  ||d||  lg(rg) alpha_du alpha_pr  ls
2070r 2.7322134e+02 6.41e-01 6.65e+00  -5.8 2.62e+00    -  8.78e-01 1.10e-02h  6
2071r 2.7322132e+02 6.41e-01 4.07e+00  -5.8 3.79e+00    -  4.46e-01 5.02e-04h 10
2072r 2.7322131e+02 6.41e-01 6.39e+00  -5.8 9.75e+00    -  1.91e-01 1.06e-04h 11
2073r 2.7322125e+02 6.41e-01 4.63e+00  -5.8 2.11e+01    -  1.06e-01 3.19e-04h  7
2074r 2.7322031e+02 6.85e+00 9.90e+00  -5.8 5.05e+01    -  6.72e-02 3.41e-02h  1
2075r 2.7323108e+02 6.14e+00 1.12e+01  -5.8 9.09e+00    -  1.07e-01 1.04e-01h  1
2076r 2.7326286e+02 5.92e+00 6.18e+00  -5.8 2.74e+01    -  3.90e-02 3.77e-02h  1
2077r 2.7327062e+02 5.23e+00 9.56e+00  -5.8 2.65e+00    -  2.25e-02 1.17e-01h  1
2078r 2.7327041e+02 4.92e+00 9.54e+00  -5.8 6.91e-01    -  1.83e-01 5.95e-02h  1
2079r 2.7327069e+02 3.83e+00 7.51e+00  -5.8 4.87e-01    -  1.63e-01 2.23e-01h  1
iter    objective    inf_pr   inf_du lg(mu)  ||d||  lg(rg) alpha_du alpha_pr  ls
2080r 2.7326944e+02 2.45e+00 6.36e+00  -5.8 3.36e-01    -  2.89e-01 3.60e-01h  1
2081r 2.7327302e+02 1.46e+00 5.41e+00  -5.8 2.42e-01    -  6.25e-01 4.06e-01h  1
2082r 2.7327048e+02 1.55e+00 4.04e+00  -5.8 4.45e-01    -  3.30e-01 2.85e-01H  1
2083r 2.7327359e+02 8.09e-01 3.49e+00  -5.8 1.53e-01    -  1.00e+00 4.77e-01h  1
2084r 2.7327707e+02 6.42e-01 4.46e+00  -5.8 2.03e-01    -  7.36e-01 4.54e-01h  1
2085r 2.7327757e+02 6.42e-01 2.14e+00  -5.8 6.33e-02    -  1.00e+00 6.24e-01h  1
2086r 2.7327676e+02 6.42e-01 9.47e-02  -5.8 2.22e-02    -  1.00e+00 1.00e+00h  1
2087r 2.7327770e+02 6.42e-01 2.22e-01  -5.8 4.40e-02    -  1.00e+00 1.00e+00h  1
2088r 2.7327872e+02 6.42e-01 2.98e+00  -5.8 1.20e+00    -  3.85e-01 6.72e-02h  2
2089r 2.7327964e+02 6.42e-01 3.74e+00  -5.8 3.46e-01    -  1.00e+00 2.29e-01h  3
iter    objective    inf_pr   inf_du lg(mu)  ||d||  lg(rg) alpha_du alpha_pr  ls
2090r 2.7328033e+02 6.42e-01 2.52e+00  -5.8 5.66e-01    -  7.90e-01 5.14e-01h  1
2091r 2.7327675e+02 6.41e-01 4.87e+00  -5.8 5.49e+00    -  2.26e-01 7.44e-02h  1
2092r 2.7327649e+02 6.41e-01 4.81e+00  -5.8 1.88e+00    -  7.51e-01 5.56e-03h  7
2093r 2.7327477e+02 9.31e-01 2.36e+00  -5.8 2.56e+00    -  3.93e-01 1.09e-01h  1
2094r 2.7326960e+02 8.69e-01 3.00e+00  -5.8 3.38e+00    -  1.53e-01 6.86e-02h  3
2095r 2.7326742e+02 8.34e-01 8.28e+00  -5.8 1.70e+00    -  4.37e-01 3.98e-02h  4
2096r 2.7326385e+02 8.12e-01 5.41e+00  -5.8 4.54e+00    -  1.25e-01 2.70e-02h  1
2097r 2.7323304e+02 1.58e+00 1.67e+01  -5.8 5.67e+00    -  1.13e-01 2.34e-01f  1
2098r 2.7322415e+02 1.36e+00 1.52e+01  -5.8 2.09e+00    -  2.79e-01 1.36e-01h  1
2099r 2.7322277e+02 1.33e+00 1.10e+01  -5.8 2.81e+00    -  1.51e-01 2.69e-02h  1
iter    objective    inf_pr   inf_du lg(mu)  ||d||  lg(rg) alpha_du alpha_pr  ls
2100r 2.7321910e+02 8.53e-01 8.70e+00  -5.8 4.47e-01    -  8.05e-02 3.59e-01h  1
2101r 2.7321309e+02 7.13e-01 1.06e+01  -5.8 9.96e-01    -  8.02e-01 1.65e-01h  1
2102r 2.7321301e+02 6.98e-01 1.34e+01  -5.8 7.80e-01    -  2.17e-01 2.11e-02h  1
2103r 2.7321413e+02 6.52e-01 6.61e+00  -5.8 1.01e+00    -  3.04e-01 6.56e-02h  1
2104r 2.7321072e+02 6.42e-01 6.67e+00  -5.8 3.87e+00    -  2.02e-01 1.81e-02h  1
2105r 2.7321044e+02 6.42e-01 1.13e+01  -5.8 1.24e+00    -  8.52e-01 7.80e-03h  6
2106r 2.7320972e+02 6.42e-01 7.04e+00  -5.8 1.61e+00    -  3.79e-01 1.17e-02h  5
2107r 2.7320961e+02 6.42e-01 8.43e+00  -5.8 3.86e+00    -  1.98e-01 7.81e-04h  9
2108r 2.7320955e+02 6.42e-01 1.07e+01  -5.8 8.68e-01    -  1.76e-01 1.05e-03h  9
2109r 2.7320951e+02 6.42e-01 6.55e+00  -5.8 1.69e+00    -  6.09e-01 7.47e-04h 11
iter    objective    inf_pr   inf_du lg(mu)  ||d||  lg(rg) alpha_du alpha_pr  ls
2110r 2.7319094e+02 6.42e-01 4.13e+00  -5.8 1.62e+00    -  3.37e-01 1.99e-01h  1
2111r 2.7318498e+02 6.42e-01 9.95e+00  -5.8 3.53e+00    -  5.69e-01 3.56e-02h  3
2112r 2.7318364e+02 6.42e-01 4.47e+00  -5.8 9.17e-01    -  1.00e+00 3.56e-02h  5
2113r 2.7318343e+02 6.42e-01 5.17e+00  -5.8 1.24e+00    -  1.92e-01 1.04e-02h  6
2114r 2.7318324e+02 6.42e-01 8.02e+00  -5.8 3.76e-01    -  1.00e+00 1.56e-02h  7
2115r 2.7318323e+02 6.42e-01 6.56e+00  -5.8 1.16e+00    -  2.22e-01 2.15e-04h 12
2116r 2.7318322e+02 6.42e-01 7.98e+00  -5.8 5.73e+00    -  2.36e-01 1.96e-05h 15
2117r 2.7317943e+02 2.74e+00 7.03e+00  -5.8 2.10e+00    -  1.19e-01 1.19e-01s 22
2118r 2.7315566e+02 7.34e-01 6.64e+00  -5.8 9.06e-01    -  1.00e+00 0.00e+00S 22
2119r 2.7313947e+02 6.41e-01 9.14e+00  -5.8 4.18e+00    -  2.34e-01 2.11e-01h  1
iter    objective    inf_pr   inf_du lg(mu)  ||d||  lg(rg) alpha_du alpha_pr  ls
2120r 2.7314065e+02 8.88e-01 2.09e+00  -5.8 2.64e-01    -  6.47e-01 5.54e-01f  1
2121r 2.7314431e+02 7.03e-01 4.63e+00  -5.8 6.91e-01    -  4.42e-01 2.08e-01h  1
2122r 2.7315153e+02 6.42e-01 2.61e+00  -5.8 1.12e+00    -  6.38e-01 4.61e-01H  1
2123r 2.7315559e+02 6.42e-01 1.05e+01  -5.8 4.79e-01    -  7.76e-01 8.02e-01h  1
2124r 2.7315381e+02 6.42e-01 6.62e-01  -5.8 1.83e-01    -  8.33e-01 9.81e-01f  1
2125r 2.7314957e+02 6.41e-01 2.35e+00  -5.8 1.58e-01    -  1.00e+00 9.75e-01h  1
2126r 2.7315088e+02 6.42e-01 2.40e+00  -5.8 1.45e-01    -  1.00e+00 5.00e-01h  2
2127r 2.7315097e+02 6.42e-01 8.90e+00  -5.8 5.14e-02    -  1.00e+00 3.12e-02h  6
2128r 2.7315097e+02 6.42e-01 6.61e+00  -5.8 8.84e-02    -  1.00e+00 9.50e-04h 10
2129r 2.7315097e+02 6.42e-01 5.09e+00  -5.8 9.72e-02    -  1.00e+00 2.44e-04h 13
iter    objective    inf_pr   inf_du lg(mu)  ||d||  lg(rg) alpha_du alpha_pr  ls
2130r 2.7315097e+02 6.42e-01 3.57e+00  -5.8 9.90e-02    -  1.00e+00 1.22e-04h 14
2131r 2.7315097e+02 6.42e-01 5.02e+00  -5.8 9.52e-02    -  1.00e+00 9.54e-07h 21
2132r 2.7315170e+02 6.42e-01 3.82e+00  -5.8 2.75e-02    -  1.00e+00 1.00e+00h  1
2133r 2.7315191e+02 6.42e-01 3.33e+00  -5.8 1.45e-01    -  2.76e-01 4.18e-01h  2
2134r 2.7315344e+02 6.42e-01 3.24e-01  -5.8 3.13e-02    -  1.00e+00 1.00e+00h  1
2135r 2.7315294e+02 6.42e-01 4.58e-02  -5.8 1.17e-02    -  1.00e+00 1.00e+00h  1
2136r 2.7315705e+02 6.42e-01 1.26e+01  -6.3 1.18e-02    -  1.00e+00 7.37e-01f  1
2137r 2.7316568e+02 6.42e-01 2.40e+01  -6.0 1.41e-01    -  1.00e+00 1.41e-01f  1
2138r 2.7324693e+02 1.21e+00 1.79e+01  -6.1 9.65e-01    -  4.08e-01 3.06e-01h  1
2139r 2.7328993e+02 1.12e+00 1.85e+01  -6.1 2.19e+00    -  2.04e-01 8.41e-02h  1
iter    objective    inf_pr   inf_du lg(mu)  ||d||  lg(rg) alpha_du alpha_pr  ls
2140r 2.7337855e+02 1.00e+00 1.36e+01  -6.1 2.75e+00    -  2.48e-01 1.66e-01h  1
2141r 2.7347202e+02 1.81e+00 1.23e+01  -6.1 4.93e+00    -  1.53e-01 9.03e-02h  1
2142r 2.7351892e+02 1.65e+00 1.14e+01  -6.1 1.94e+00    -  2.18e-01 9.24e-02h  1
2143r 2.7354889e+02 1.57e+00 9.98e+00  -6.1 2.82e+00    -  2.18e-01 4.61e-02h  1
2144r 2.7360878e+02 1.42e+00 8.99e+00  -6.1 2.28e+00    -  9.58e-02 1.02e-01h  1
2145r 2.7371275e+02 2.30e+00 9.83e+00  -6.1 3.02e+00    -  2.32e-01 1.16e-01h  1
2146r 2.7382754e+02 1.98e+00 8.55e+00  -6.1 2.86e+00    -  1.32e-01 1.42e-01h  1
2147r 2.7384709e+02 1.87e+00 9.21e+00  -6.1 9.91e-01    -  1.29e-01 5.78e-02h  1
2148r 2.7388035e+02 1.57e+00 8.66e+00  -6.1 8.03e-01    -  1.23e-01 1.58e-01h  1
2149r 2.7394475e+02 1.24e+00 6.80e+00  -6.1 1.33e+00    -  2.15e-01 2.15e-01h  1
iter    objective    inf_pr   inf_du lg(mu)  ||d||  lg(rg) alpha_du alpha_pr  ls
2150r 2.7399831e+02 1.11e+00 6.72e+00  -6.1 2.23e+00    -  1.13e-01 1.04e-01h  1
2151r 2.7403307e+02 9.46e-01 4.46e+00  -6.1 1.07e+00    -  9.33e-02 1.50e-01h  1
2152r 2.7404054e+02 8.84e-01 1.15e+01  -6.1 4.78e-01    -  5.36e-01 6.59e-02h  1
2153r 2.7408005e+02 8.04e-01 8.99e+00  -6.1 1.62e+00    -  2.57e-01 9.18e-02h  1
2154r 2.7414290e+02 7.34e-01 9.26e+00  -6.1 2.76e+00    -  2.42e-01 9.24e-02h  1
2155r 2.7423980e+02 2.77e+00 9.75e+00  -6.1 3.17e+00    -  4.55e-02 1.35e-01h  1
2156r 2.7432614e+02 2.65e+00 6.40e+00  -6.1 7.19e+00    -  1.81e-01 4.62e-02h  1
2157r 2.7446370e+02 2.55e+00 5.36e+00  -6.1 1.37e+01    -  1.89e-01 4.00e-02h  1
2158r 2.7467826e+02 2.45e+00 3.96e+00  -6.1 1.88e+01    -  8.51e-02 4.74e-02h  1
2159r 2.7480481e+02 2.36e+00 4.69e+00  -6.1 1.34e+01    -  1.66e-01 4.21e-02h  1
iter    objective    inf_pr   inf_du lg(mu)  ||d||  lg(rg) alpha_du alpha_pr  ls
2160r 2.7492953e+02 5.32e+00 4.45e+00  -6.1 1.21e+01    -  6.97e-02 4.97e-02h  1
2161r 2.7500671e+02 5.02e+00 5.63e+00  -6.1 7.06e+00    -  2.20e-01 5.68e-02h  1
2162r 2.7511474e+02 4.68e+00 5.20e+00  -6.1 6.61e+00    -  1.43e-01 6.78e-02h  1
2163r 2.7527770e+02 4.41e+00 4.02e+00  -6.1 1.16e+01    -  3.81e-03 6.10e-02h  1
2164r 2.7539663e+02 4.17e+00 7.58e+00  -6.1 9.40e+00    -  6.17e-02 5.37e-02h  1
2165r 2.7541101e+02 3.38e+00 1.32e+01  -6.1 8.99e-01    -  1.77e-01 1.91e-01h  1
2166r 2.7536155e+02 1.93e+00 6.70e+00  -6.1 4.45e-01    -  3.91e-01 4.29e-01h  1
2167r 2.7535006e+02 1.39e+00 7.11e+00  -6.1 5.40e-01    -  3.38e-01 2.83e-01h  1
2168r 2.7536706e+02 1.01e+00 5.58e+00  -6.1 2.87e-01    -  1.23e-01 2.71e-01h  1
2169r 2.7539459e+02 7.00e-01 4.03e+00  -6.1 5.39e-01    -  2.31e-01 3.07e-01h  1
iter    objective    inf_pr   inf_du lg(mu)  ||d||  lg(rg) alpha_du alpha_pr  ls
2170r 2.7544651e+02 1.16e+00 6.25e+00  -6.1 5.30e-01    -  2.80e-01 4.89e-01h  1
2171r 2.7547649e+02 1.08e+00 7.35e+00  -6.1 1.87e+00    -  2.86e-01 6.99e-02h  1
2172r 2.7550219e+02 9.74e-01 1.29e+01  -6.1 1.09e+00    -  5.56e-01 1.00e-01h  1
2173r 2.7552798e+02 6.58e-01 1.12e+01  -6.1 2.70e-01    -  8.27e-02 3.25e-01h  1
2174r 2.7555129e+02 6.42e-01 8.50e+00  -6.1 2.92e-01    -  7.61e-01 3.00e-01h  1
2175r 2.7565344e+02 1.10e+00 7.97e+00  -6.1 1.66e+00    -  2.54e-01 2.43e-01h  1
2176r 2.7570523e+02 9.99e-01 9.70e+00  -6.1 2.27e+00    -  4.35e-01 9.21e-02h  1
2177r 2.7576772e+02 1.24e+00 1.12e+01  -6.1 3.08e+00    -  3.36e-01 1.05e-01h  1
2178r 2.7579844e+02 1.21e+00 1.11e+01  -6.1 6.89e+00    -  1.52e-01 2.49e-02h  1
2179r 2.7584967e+02 1.14e+00 1.31e+01  -6.1 5.83e+00    -  2.09e-01 5.40e-02f  1
iter    objective    inf_pr   inf_du lg(mu)  ||d||  lg(rg) alpha_du alpha_pr  ls
2180r 2.7588554e+02 9.84e-01 9.04e+00  -6.1 2.10e+00    -  2.05e-01 1.38e-01h  1
2181r 2.7592489e+02 7.10e-01 3.44e+00  -6.1 1.10e+00    -  5.30e-01 3.96e-01h  1
2182r 2.7595952e+02 6.41e-01 5.20e+00  -6.1 1.41e+00    -  4.06e-01 2.17e-01h  1
2183r 2.7597175e+02 6.41e-01 2.87e+00  -6.1 2.44e+00    -  1.87e-01 6.38e-02h  1
2184r 2.7598971e+02 6.41e-01 4.04e+00  -6.1 6.68e-01    -  5.74e-01 2.33e-01h  1
2185r 2.7600771e+02 6.41e-01 6.18e+00  -6.1 6.61e-01    -  6.82e-01 1.95e-01h  1
2186r 2.7607580e+02 7.33e-01 5.19e+00  -6.1 2.71e+00    -  1.66e-01 1.93e-01h  1
2187r 2.7610080e+02 6.41e-01 1.79e+00  -6.1 2.91e-01    -  7.35e-01 6.96e-01h  1
2188r 2.7609856e+02 6.41e-01 1.94e+00  -6.1 4.41e-01    -  2.07e-01 1.20e-01h  1
2189r 2.7609750e+02 6.41e-01 1.68e+01  -6.1 9.61e-02    -  7.49e-01 1.73e-01h  1
iter    objective    inf_pr   inf_du lg(mu)  ||d||  lg(rg) alpha_du alpha_pr  ls
2190r 2.7609801e+02 6.41e-01 5.51e+00  -6.1 9.76e-02    -  6.11e-01 4.32e-01h  1
2191r 2.7609890e+02 6.41e-01 9.85e+00  -6.1 1.99e-01    -  8.50e-01 5.88e-02h  1
2192r 2.7610258e+02 6.41e-01 7.37e+00  -6.1 9.88e-01    -  8.16e-01 3.17e-02h  5
2193r 2.7611723e+02 6.41e-01 7.06e+00  -6.1 1.18e+01    -  7.05e-02 1.14e-02h  4
2194r 2.7612223e+02 6.41e-01 4.78e+00  -6.1 6.09e+00    -  2.66e-01 7.83e-03h  5
2195r 2.7612253e+02 6.41e-01 3.10e+00  -6.1 9.07e+00    -  1.32e-01 3.78e-04h 10
2196r 2.7612466e+02 6.41e-01 4.55e+00  -6.1 2.16e+00    -  3.73e-01 8.97e-03h  5
2197r 2.7613128e+02 6.41e-01 4.69e+00  -6.1 1.49e+01    -  7.36e-02 3.91e-03h  6
2198r 2.7642232e+02 1.11e+01 4.45e+00  -6.1 3.55e+01    -  4.53e-02 6.77e-02h  1
2199r 2.7649893e+02 1.08e+01 3.67e+00  -6.1 2.20e+01    -  1.72e-01 2.56e-02h  1
iter    objective    inf_pr   inf_du lg(mu)  ||d||  lg(rg) alpha_du alpha_pr  ls
2200r 2.7668962e+02 1.03e+01 4.63e+00  -6.1 2.53e+01    -  1.53e-01 4.85e-02h  1
2201r 2.7683535e+02 8.44e+00 5.18e+00  -6.1 4.99e+00    -  2.86e-01 1.82e-01h  1
2202r 2.7689096e+02 8.05e+00 1.06e+01  -6.1 7.77e+00    -  1.35e-01 4.68e-02h  1
2203r 2.7687896e+02 7.06e+00 9.25e+00  -6.1 1.02e+00    -  1.74e-01 1.23e-01h  1
2204r 2.7684670e+02 4.55e+00 5.12e+00  -6.1 3.73e-01    -  2.93e-01 3.56e-01h  1
2205r 2.7683646e+02 3.89e+00 4.40e+00  -6.1 3.99e-01    -  2.62e-01 1.45e-01h  1
2206r 2.7682352e+02 1.82e+00 8.81e-01  -6.1 1.25e-01    -  6.81e-01 5.33e-01h  1
2207r 2.7685898e+02 8.07e-01 4.36e+00  -6.1 5.78e-01    -  5.02e-01 7.64e-01h  1
2208r 2.7687014e+02 6.41e-01 4.33e+00  -6.1 2.09e-01    -  6.68e-01 6.91e-01h  1
2209r 2.7685467e+02 6.41e-01 3.66e+00  -6.1 2.68e-01    -  4.65e-01 3.93e-01H  1
iter    objective    inf_pr   inf_du lg(mu)  ||d||  lg(rg) alpha_du alpha_pr  ls
2210r 2.7685860e+02 6.41e-01 1.32e+00  -6.1 2.87e-01    -  2.63e-01 2.95e-01h  1
2211r 2.7686030e+02 6.41e-01 3.60e+00  -6.1 7.20e-02    -  1.00e+00 7.05e-01H  1
2212r 2.7686209e+02 6.41e-01 5.12e+00  -6.1 1.64e-01    -  8.68e-01 2.21e-01h  1
2213r 2.7686453e+02 6.41e-01 4.12e+00  -6.1 5.52e+00    -  1.75e-01 2.01e-02h  3
2214r 2.7686531e+02 6.41e-01 4.50e+00  -6.1 4.75e+00    -  1.86e-01 4.86e-03h  5
2215r 2.7686696e+02 6.41e-01 6.31e+00  -6.1 2.62e+00    -  3.03e-01 1.30e-02h  4
2216r 2.7686835e+02 6.41e-01 6.44e+00  -6.1 1.04e+01    -  3.51e-02 2.98e-03h  6
2217r 2.7686975e+02 6.41e-01 6.71e+00  -6.1 1.20e+01    -  1.00e-01 3.02e-03h  6
2218r 2.7687742e+02 6.41e-01 5.94e+00  -6.1 7.97e+00    -  6.90e-02 1.83e-02h  1
2219r 2.7692531e+02 1.24e+00 7.93e+00  -6.1 6.95e+00    -  1.84e-01 1.32e-01f  1
iter    objective    inf_pr   inf_du lg(mu)  ||d||  lg(rg) alpha_du alpha_pr  ls
2220r 2.7696058e+02 9.81e-01 1.30e+01  -6.1 3.00e+00    -  1.76e-01 2.07e-01h  1
2221r 2.7696093e+02 9.79e-01 1.29e+01  -6.1 4.44e+00    -  1.00e-01 2.07e-03h  1
2222r 2.7697545e+02 1.08e+00 6.83e+00  -6.1 5.18e-01    -  1.27e-01 3.54e-01f  1
2223r 2.7696943e+02 1.79e+00 6.32e+00  -6.1 2.39e+00    -  9.75e-02 7.77e-02h  1
2224r 2.7696565e+02 1.69e+00 6.46e+00  -6.1 3.05e+00    -  2.04e-01 5.31e-02h  1
2225r 2.7695823e+02 1.39e+00 3.80e+00  -6.1 1.32e+00    -  2.34e-01 1.80e-01h  3
2226r 2.7695590e+02 1.33e+00 2.51e+00  -6.1 1.94e+00    -  6.38e-01 4.32e-02h  1
2227r 2.7695573e+02 1.33e+00 3.98e+00  -6.1 3.37e-01    -  7.23e-01 6.66e-02h  4
2228r 2.7695563e+02 1.32e+00 2.63e+00  -6.1 6.10e-01    -  4.48e-01 6.30e-03h  8
2229r 2.7695563e+02 1.32e+00 4.21e+00  -6.1 8.48e-01    -  2.99e-01 2.64e-04h 12
iter    objective    inf_pr   inf_du lg(mu)  ||d||  lg(rg) alpha_du alpha_pr  ls
2230r 2.7695601e+02 1.64e+00 3.34e+00  -6.1 2.80e-01    -  3.07e-02 4.28e-01H  1
2231r 2.7694601e+02 8.05e-01 4.36e+00  -6.1 8.94e-01    -  4.03e-01 5.21e-01h  1
2232r 2.7694392e+02 6.57e-01 6.06e+00  -6.1 6.11e-01    -  4.06e-01 1.89e-01h  1
2233r 2.7694922e+02 6.41e-01 1.50e+00  -6.1 1.41e-01    -  1.00e+00 8.23e-01h  1
2234r 2.7695102e+02 6.41e-01 4.21e+00  -6.1 2.40e-01    -  8.12e-01 5.13e-01h  1
2235r 2.7695294e+02 6.41e-01 5.25e-01  -6.1 5.05e-02    -  1.00e+00 7.71e-01h  1
2236r 2.7695146e+02 6.41e-01 5.96e+00  -6.1 2.37e-01    -  1.00e+00 5.39e-01f  1
2237r 2.7695570e+02 6.41e-01 1.54e+00  -6.1 1.58e-01    -  1.00e+00 7.68e-01h  1
2238r 2.7695598e+02 6.41e-01 1.75e+00  -6.1 6.35e-01    -  9.96e-01 1.31e-02h  5
2239r 2.7695706e+02 6.41e-01 2.42e+00  -6.1 4.89e-01    -  5.90e-01 5.72e-02h  4
iter    objective    inf_pr   inf_du lg(mu)  ||d||  lg(rg) alpha_du alpha_pr  ls
2240r 2.7695712e+02 6.41e-01 6.23e+00  -6.1 2.95e-01    -  1.00e+00 1.56e-02h  7
2241r 2.7695844e+02 6.41e-01 4.85e+00  -6.1 5.29e-01    -  1.00e+00 9.05e-02h  3
2242r 2.7695880e+02 6.41e-01 4.00e+00  -6.1 6.94e+00    -  1.59e-01 3.54e-03h  6
2243r 2.7698559e+02 1.16e+01 5.77e+00  -6.1 8.15e+00    -  8.42e-02 1.35e-01h  1
2244r 2.7699137e+02 1.12e+01 6.58e+00  -6.1 3.19e+00    -  6.38e-01 3.56e-02h  1
2245r 2.7702621e+02 6.17e+00 1.20e+01  -6.1 1.69e+00    -  2.26e-01 4.46e-01h  1
2246r 2.7703046e+02 6.11e+00 1.21e+01  -6.1 7.79e+00    -  1.16e-02 1.02e-02h  1
2247r 2.7703987e+02 5.85e+00 1.07e+01  -6.1 5.45e+00    -  2.65e-02 4.10e-02f  1
2248r 2.7705769e+02 4.31e+00 7.53e+00  -6.1 1.41e+00    -  7.14e-02 2.62e-01h  1
2249r 2.7707140e+02 3.59e+00 6.30e+00  -6.1 1.44e+00    -  2.12e-01 1.67e-01h  1
iter    objective    inf_pr   inf_du lg(mu)  ||d||  lg(rg) alpha_du alpha_pr  ls
2250r 2.7709331e+02 2.85e+00 5.62e+00  -6.1 2.03e+00    -  3.06e-01 2.03e-01h  1
2251r 2.7709661e+02 2.59e+00 6.90e+00  -6.1 2.66e+00    -  2.96e-02 9.26e-02h  1
2252r 2.7709896e+02 2.33e+00 6.82e+00  -6.1 3.88e-01    -  6.60e-01 9.87e-02h  1
2253r 2.7710448e+02 2.09e+00 6.22e+00  -6.1 5.35e-01    -  2.31e-01 1.03e-01h  1
2254r 2.7710963e+02 1.06e+00 6.77e+00  -6.1 1.20e-01    -  2.36e-01 4.94e-01h  1
2255r 2.7711354e+02 6.41e-01 1.66e+00  -6.1 8.01e-02    -  5.96e-01 7.73e-01h  1
2256r 2.7711384e+02 6.41e-01 1.74e+01  -6.1 9.88e-02    -  1.00e+00 6.58e-02h  1
2257r 2.7711459e+02 6.41e-01 4.25e+00  -6.1 1.62e-01    -  1.00e+00 5.00e-01h  2
2258r 2.7711475e+02 6.41e-01 4.97e+00  -6.1 2.53e+00    -  1.33e-01 2.78e-03h  7
2259r 2.7711626e+02 6.41e-01 4.42e+00  -6.1 4.74e+00    -  1.75e-01 1.23e-02h  4
iter    objective    inf_pr   inf_du lg(mu)  ||d||  lg(rg) alpha_du alpha_pr  ls
2260r 2.7711711e+02 6.41e-01 4.14e+00  -6.1 4.07e+00    -  1.06e-01 1.12e-02h  3
2261r 2.7712618e+02 8.50e-01 3.26e+00  -6.1 3.46e+00    -  5.16e-01 2.30e-01h  1
2262r 2.7715670e+02 7.44e-01 1.21e+01  -6.1 1.19e+01    -  8.73e-02 1.15e-01h  1
2263r 2.7717371e+02 7.31e-01 1.69e+01  -6.1 4.16e+01    -  7.87e-02 1.48e-02h  1
2264r 2.7717615e+02 7.28e-01 1.80e+01  -6.1 3.86e+01    -  1.01e-01 3.34e-03h  5
2265r 2.7717681e+02 7.26e-01 1.81e+01  -6.1 1.33e+01    -  8.82e-02 3.76e-03h  4
2266r 2.7717715e+02 7.25e-01 1.82e+01  -6.1 2.69e+01    -  8.94e-02 8.80e-04h  6
2267r 2.7717717e+02 7.24e-01 1.81e+01  -6.1 2.14e+01    -  3.21e-02 8.68e-04h  6
2268r 2.7717717e+02 7.24e-01 1.81e+01  -6.1 2.30e+01    -  3.31e-02 7.55e-05h  9
2269r 2.7717561e+02 6.63e-01 1.46e+01  -6.1 1.32e+00    -  4.77e-02 8.50e-02h  1
iter    objective    inf_pr   inf_du lg(mu)  ||d||  lg(rg) alpha_du alpha_pr  ls
2270r 2.7718006e+02 6.41e-01 1.35e+01  -6.1 9.41e-01    -  4.35e-01 1.18e-01h  1
2271r 2.7719145e+02 6.41e-01 4.46e+00  -6.1 4.99e-01    -  2.85e-01 5.41e-01h  1
2272r 2.7719394e+02 6.41e-01 1.58e+00  -6.1 5.59e-01    -  2.18e-01 2.71e-01h  1
2273r 2.7719752e+02 6.41e-01 1.42e+00  -6.1 4.99e-01    -  3.55e-01 1.70e-01h  1
2274r 2.7722082e+02 6.41e-01 4.76e+00  -6.1 1.58e+00    -  1.99e-01 2.95e-01h  1
2275r 2.7724375e+02 2.26e+00 3.54e+00  -6.1 2.93e+00    -  2.93e-01 1.14e-01h  1
2276r 2.7724847e+02 2.19e+00 2.78e+00  -6.1 3.16e+00    -  1.52e-01 3.01e-02h  1
2277r 2.7728650e+02 1.43e+00 3.52e+00  -6.1 1.58e+00    -  7.64e-01 3.48e-01h  1
2278r 2.7735329e+02 1.22e+00 3.14e+00  -6.1 7.51e+00    -  1.13e-01 1.38e-01h  1
2279r 2.7738513e+02 1.13e+00 3.54e+00  -6.1 7.53e+00    -  9.92e-02 7.21e-02h  1
iter    objective    inf_pr   inf_du lg(mu)  ||d||  lg(rg) alpha_du alpha_pr  ls
2280r 2.7743145e+02 1.01e+00 4.63e+00  -6.1 6.31e+00    -  6.12e-02 1.03e-01h  1
2281r 2.7743507e+02 1.01e+00 4.89e+00  -6.1 1.47e+01    -  5.08e-02 3.21e-03h  1
2282r 2.7745056e+02 1.80e+00 6.35e+00  -6.1 5.11e+00    -  2.29e-01 5.11e-02f  1
2283r 2.7748114e+02 1.56e+00 4.85e+00  -6.1 2.89e+00    -  1.54e-01 1.36e-01h  1
2284r 2.7748450e+02 1.54e+00 4.70e+00  -6.1 2.67e+00    -  2.23e-01 1.72e-02h  1
2285r 2.7753136e+02 1.28e+00 7.68e+00  -6.1 4.02e+00    -  1.06e-01 1.69e-01h  1
2286r 2.7755300e+02 1.66e+00 9.25e+00  -6.1 8.60e+00    -  2.04e-01 4.15e-02h  1
2287r 2.7756712e+02 1.27e+00 3.95e+00  -6.1 1.64e+00    -  2.96e-01 2.32e-01h  1
2288r 2.7758926e+02 7.57e-01 3.67e+00  -6.1 9.50e-01    -  3.13e-01 4.08e-01h  1
2289r 2.7759127e+02 6.99e-01 2.52e+00  -6.1 1.07e+00    -  1.86e-01 7.63e-02h  1
iter    objective    inf_pr   inf_du lg(mu)  ||d||  lg(rg) alpha_du alpha_pr  ls
2290r 2.7760187e+02 6.41e-01 1.40e+00  -6.1 2.78e-01    -  7.94e-01 5.60e-01h  1
2291r 2.7761725e+02 6.41e-01 8.79e-01  -6.1 9.44e-01    -  2.90e-01 3.11e-01h  1
2292r 2.7763101e+02 6.41e-01 9.73e-01  -6.1 1.71e+00    -  2.69e-01 2.00e-01h  1
2293r 2.7766929e+02 6.41e-01 1.54e+01  -6.1 1.16e+00    -  7.09e-01 6.79e-01h  1
2294r 2.7767388e+02 6.41e-01 1.39e+01  -6.1 5.26e-01    -  2.61e-01 2.32e-01h  1
2295r 2.7766676e+02 6.41e-01 8.10e+00  -6.1 2.50e-01    -  9.48e-02 4.67e-01f  1
2296r 2.7766858e+02 6.41e-01 6.86e+00  -6.1 5.03e-01    -  7.20e-01 1.28e-01h  1
2297r 2.7766422e+02 6.41e-01 6.28e+00  -6.1 3.82e-01    -  3.79e-01 2.82e-01h  1
2298r 2.7766533e+02 6.41e-01 1.13e+00  -6.1 1.70e-01    -  9.21e-01 5.35e-01h  1
2299r 2.7766557e+02 6.41e-01 8.29e-01  -6.1 6.50e-01    -  1.00e+00 7.76e-01H  1
iter    objective    inf_pr   inf_du lg(mu)  ||d||  lg(rg) alpha_du alpha_pr  ls
2300r 2.7766548e+02 6.41e-01 1.30e+00  -6.1 2.32e+00    -  2.86e-01 1.88e-02h  5
2301r 2.7766533e+02 6.41e-01 3.19e+00  -6.1 1.89e+01    -  9.66e-02 6.47e-04h  9
2302r 2.7766546e+02 6.41e-01 2.97e+00  -6.1 2.58e+00    -  3.47e-01 1.07e-02h  3
2303r 2.7766551e+02 6.41e-01 1.36e+00  -6.1 8.02e+00    -  2.21e-01 7.82e-03h  4
2304r 2.7766513e+02 6.41e-01 2.90e+00  -6.1 6.08e+00    -  1.87e-01 1.14e-02h  5
2305r 2.7767707e+02 1.69e+01 5.35e+00  -6.1 3.38e+01    -  4.91e-02 5.61e-02h  1
2306r 2.7768208e+02 1.59e+01 7.31e+00  -6.1 1.82e+01    -  1.27e-01 5.86e-02h  1
2307r 2.7767353e+02 1.36e+01 5.55e+00  -6.1 4.32e+00    -  2.63e-01 1.44e-01h  1
2308r 2.7766248e+02 1.10e+01 2.11e+00  -6.1 3.35e+00    -  2.35e-01 1.93e-01h  1
2309r 2.7765737e+02 1.02e+01 9.19e-01  -6.1 7.75e+00    -  1.26e-01 7.28e-02h  1
iter    objective    inf_pr   inf_du lg(mu)  ||d||  lg(rg) alpha_du alpha_pr  ls
2310r 2.7765725e+02 9.78e+00 2.72e+00  -6.1 5.89e+00    -  2.14e-01 3.96e-02h  1
2311r 2.7765999e+02 6.41e-01 4.63e+00  -6.1 3.32e-01    -  3.35e-01 1.00e+00h  1
2312r 2.7765845e+02 6.41e-01 2.87e+00  -6.1 3.19e-01    -  5.87e-01 4.21e-01h  1
2313r 2.7765499e+02 6.41e-01 2.36e+00  -6.1 3.01e-01    -  5.33e-01 4.26e-01h  1
2314r 2.7765370e+02 6.41e-01 6.86e+00  -6.1 1.49e-01    -  1.00e+00 4.95e-01h  1
2315r 2.7765174e+02 6.41e-01 1.98e+00  -6.1 2.51e-01    -  1.00e+00 1.00e+00H  1
2316r 2.7764279e+02 6.41e-01 3.20e+00  -6.1 1.02e+00    -  9.97e-01 4.77e-01h  1
2317r 2.7761862e+02 1.02e+00 6.96e+00  -6.1 1.40e+00    -  4.66e-01 7.85e-01h  1
2318r 2.7761157e+02 2.37e+00 8.77e+00  -6.1 3.53e+00    -  2.75e-01 1.23e-01h  1
2319r 2.7760827e+02 2.24e+00 8.73e+00  -6.1 1.61e+00    -  1.81e-01 5.36e-02f  1
iter    objective    inf_pr   inf_du lg(mu)  ||d||  lg(rg) alpha_du alpha_pr  ls
2320r 2.7760881e+02 2.00e+00 7.07e+00  -6.1 2.59e-01    -  1.71e-02 1.08e-01h  1
2321r 2.7760403e+02 6.41e-01 4.90e+00  -6.1 2.85e-01    -  2.35e-01 9.56e-01h  1
2322r 2.7760189e+02 6.41e-01 1.03e+00  -6.1 8.89e-02    -  7.87e-01 7.89e-01h  1
2323r 2.7759952e+02 6.41e-01 2.03e+00  -6.1 1.37e-01    -  1.00e+00 8.39e-01h  1
2324r 2.7759911e+02 6.41e-01 4.24e+00  -6.1 8.56e-01    -  5.16e-01 1.02e-02h  5
2325r 2.7759900e+02 6.41e-01 4.63e+00  -6.1 9.62e-01    -  6.85e-01 1.58e-03h  9
2326r 2.7759813e+02 6.41e-01 6.73e+00  -6.1 3.86e-01    -  8.21e-01 7.09e-02h  1
2327r 2.7759771e+02 6.41e-01 6.75e+00  -6.1 8.80e+00    -  6.81e-02 1.34e-03h  7
2328r 2.7756507e+02 6.41e-01 5.26e+00  -6.1 5.23e+00    -  2.68e-01 1.62e-01h  1
2329r 2.7754890e+02 6.96e-01 6.18e+00  -6.1 3.81e+00    -  3.83e-01 1.56e-01h  1
iter    objective    inf_pr   inf_du lg(mu)  ||d||  lg(rg) alpha_du alpha_pr  ls
2330r 2.7752027e+02 2.34e+00 4.61e+00  -6.1 2.41e+01    -  1.31e-01 5.31e-02h  1
2331r 2.7751203e+02 1.04e+01 6.00e+00  -6.1 7.00e+00    -  2.36e-01 1.58e-01h  1
2332r 2.7750848e+02 7.43e+00 3.76e+00  -6.1 1.13e+00    -  1.38e-01 3.11e-01h  1
2333r 2.7750911e+02 7.06e+00 4.60e+00  -6.1 8.79e-01    -  2.59e-01 4.96e-02h  1
2334r 2.7750947e+02 6.83e+00 3.33e+00  -6.1 4.22e-01    -  1.94e-01 3.29e-02h  1
2335r 2.7751178e+02 3.94e+00 2.87e+00  -6.1 3.70e-01    -  5.95e-01 4.84e-01h  1
2336r 2.7751593e+02 2.80e+00 1.84e+00  -6.1 2.70e-01    -  4.71e-01 3.09e-01h  1
2337r 2.7752054e+02 6.41e-01 7.73e+00  -6.1 1.14e-01    -  4.06e-01 1.00e+00h  1
2338r 2.7752026e+02 6.41e-01 2.50e+00  -6.1 6.40e-02    -  6.77e-01 1.00e+00H  1
2339r 2.7752057e+02 6.41e-01 4.42e+00  -6.1 4.59e-02    -  1.00e+00 5.00e-01h  2
iter    objective    inf_pr   inf_du lg(mu)  ||d||  lg(rg) alpha_du alpha_pr  ls
2340r 2.7752036e+02 6.41e-01 1.77e+00  -6.1 2.76e-02    -  1.00e+00 2.50e-01h  3
2341r 2.7752062e+02 6.41e-01 3.58e+00  -6.1 3.41e-02    -  9.79e-01 1.75e-01h  2
2342r 2.7752060e+02 6.41e-01 2.47e+00  -6.1 5.11e-02    -  6.80e-01 7.81e-03h  8
2343r 2.7752079e+02 6.41e-01 1.73e+00  -6.1 3.40e-02    -  1.00e+00 2.07e-01h  1
2344r 2.7752042e+02 6.41e-01 1.32e-01  -6.1 4.37e-02    -  1.00e+00 1.00e+00f  1
2345r 2.7752024e+02 6.41e-01 7.85e-01  -6.1 2.89e-01    -  4.35e-01 1.60e-01h  3
2346r 2.7752000e+02 6.41e-01 3.34e+00  -6.1 5.40e-02    -  1.00e+00 2.48e-01h  3
2347r 2.7751999e+02 6.41e-01 2.43e+00  -6.1 2.20e-01    -  7.04e-01 2.09e-03h  9
2348r 2.7751731e+02 6.41e-01 2.26e+00  -6.1 6.68e-02    -  7.96e-01 5.96e-01H  1
2349r 2.7751764e+02 6.41e-01 6.51e+00  -6.1 8.43e-02    -  8.22e-01 3.06e-01f  1
iter    objective    inf_pr   inf_du lg(mu)  ||d||  lg(rg) alpha_du alpha_pr  ls
2350r 2.7751760e+02 6.41e-01 5.34e+00  -6.1 2.62e-02    -  1.00e+00 6.25e-02f  5
2351r 2.7751714e+02 6.41e-01 5.50e+00  -6.1 2.10e-01    -  1.00e+00 9.63e-02h  4
2352r 2.7751738e+02 6.41e-01 3.09e+00  -6.1 2.08e-01    -  1.00e+00 1.23e-01h  1
2353r 2.7751725e+02 6.41e-01 2.70e+00  -6.1 3.08e+00    -  8.65e-02 1.90e-01h  1
2354r 2.7751495e+02 6.41e-01 2.44e+00  -6.1 6.79e-01    -  7.24e-01 2.60e-01h  1
2355r 2.7751392e+02 6.41e-01 4.43e+00  -6.1 2.74e-01    -  1.38e-01 5.26e-01f  1
2356r 2.7751647e+02 6.41e-01 5.94e+00  -6.1 1.58e-01    -  1.08e-01 4.42e-01h  1
2357r 2.7751615e+02 6.41e-01 2.71e+00  -6.1 2.63e-01    -  1.00e+00 1.26e-01h  1
2358r 2.7751580e+02 6.41e-01 6.00e+00  -6.1 1.74e+00    -  4.09e-01 1.67e-02h  6
2359r 2.7751570e+02 6.41e-01 8.40e+00  -6.1 3.75e+00    -  4.06e-01 1.49e-03h  9
iter    objective    inf_pr   inf_du lg(mu)  ||d||  lg(rg) alpha_du alpha_pr  ls
2360r 2.7751148e+02 6.41e-01 4.33e+00  -6.1 6.55e-01    -  7.27e-01 4.38e-01h  1
2361r 2.7749151e+02 1.40e+00 1.40e+01  -6.1 8.99e+00    -  1.96e-01 1.61e-01h  1
2362r 2.7749158e+02 9.41e-01 2.71e+01  -6.1 2.93e+00    -  3.22e-01 3.24e-01h  1
2363r 2.7749980e+02 8.45e-01 2.13e+01  -6.1 1.10e+00    -  1.61e-01 1.01e-01h  1
2364r 2.7750390e+02 6.41e-01 1.65e+01  -6.1 3.22e-01    -  3.70e-01 2.47e-01h  1
2365r 2.7750845e+02 6.41e-01 3.67e+00  -6.1 2.77e-01    -  4.02e-01 6.96e-01h  1
2366r 2.7750721e+02 6.41e-01 2.31e+00  -6.1 1.38e-01    -  8.97e-01 1.00e+00h  1
2367r 2.7750279e+02 6.41e-01 3.85e+00  -6.1 2.24e-01    -  1.60e-01 1.00e+00h  1
2368r 2.7749759e+02 6.41e-01 4.58e+00  -6.1 1.02e-01    -  8.84e-01 7.63e-01h  1
2369r 2.7749762e+02 6.41e-01 6.50e+00  -6.1 5.77e-02    -  8.35e-01 4.52e-01h  1
iter    objective    inf_pr   inf_du lg(mu)  ||d||  lg(rg) alpha_du alpha_pr  ls
2370r 2.7749530e+02 6.41e-01 2.67e+00  -6.1 1.10e-01    -  5.01e-01 1.00e+00f  1
2371r 2.7749112e+02 6.41e-01 2.52e-01  -6.1 1.02e-01    -  1.00e+00 1.00e+00h  1
2372r 2.7748999e+02 6.41e-01 3.14e+00  -6.1 1.27e-01    -  1.00e+00 2.50e-01h  3
2373r 2.7748994e+02 6.41e-01 2.23e+00  -6.1 1.93e+00    -  2.67e-01 6.82e-04h  9
2374r 2.7748992e+02 6.41e-01 2.24e+00  -6.1 1.85e+01    -  6.57e-02 2.89e-05h 12
2375r 2.7748990e+02 6.41e-01 2.35e+00  -6.1 1.71e+01    -  4.74e-02 2.68e-05h 13
2376r 2.7748988e+02 6.41e-01 2.30e-01  -6.1 4.29e-02    -  1.00e+00 1.00e+00h  1
2377r 2.7748987e+02 6.41e-01 1.92e+00  -6.1 3.93e+00    -  3.94e-01 7.13e-04h  7
2378r 2.7748987e+02 6.41e-01 1.85e+00  -6.1 5.69e+01    -  3.87e-02 1.02e-05h 13
2379r 2.7748959e+02 6.41e-01 1.63e+00  -6.1 3.46e-01    -  5.29e-01 5.83e-02h  4
iter    objective    inf_pr   inf_du lg(mu)  ||d||  lg(rg) alpha_du alpha_pr  ls
2380r 2.7748630e+02 6.41e-01 4.11e+00  -6.1 4.16e+00    -  4.35e-01 1.68e-01h  2
2381r 2.7748512e+02 6.41e-01 3.85e+00  -6.1 8.77e+00    -  1.27e-01 8.58e-02h  2
2382r 2.7749230e+02 6.41e-01 1.05e+01  -6.1 1.18e+01    -  2.16e-01 7.84e-02h  1
2383r 2.7749781e+02 4.49e+00 2.74e+01  -6.1 1.66e+01    -  1.50e-01 9.21e-02f  1
2384r 2.7749532e+02 4.11e+00 2.61e+01  -6.1 1.68e+01    -  2.36e-01 8.74e-02h  1
2385r 2.7749156e+02 3.98e+00 1.75e+01  -6.1 4.38e+00    -  3.94e-02 3.02e-02h  1
2386r 2.7749142e+02 2.21e+00 4.67e+00  -6.1 1.33e+00    -  2.43e-02 4.48e-01h  1
2387r 2.7749373e+02 1.97e+00 4.87e+00  -6.1 1.00e+01    -  8.59e-02 1.11e-01h  1
2388r 2.7749616e+02 1.87e+00 6.52e+00  -6.1 4.26e+00    -  1.88e-01 5.06e-02h  1
2389r 2.7749593e+02 2.09e+00 4.05e+00  -6.1 5.65e+00    -  2.44e-01 3.80e-02h  1
iter    objective    inf_pr   inf_du lg(mu)  ||d||  lg(rg) alpha_du alpha_pr  ls
2390r 2.7749823e+02 1.16e+00 5.25e+00  -6.1 6.01e-01    -  8.46e-03 4.47e-01h  1
2391r 2.7749289e+02 6.41e-01 8.77e+00  -6.1 9.32e-01    -  2.25e-01 7.94e-01h  1
2392r 2.7749472e+02 6.41e-01 1.06e+01  -6.1 2.69e+00    -  3.14e-01 1.33e-01h  1
2393r 2.7749795e+02 6.41e-01 4.61e+00  -6.1 3.98e-01    -  2.26e-01 7.16e-01h  1
2394r 2.7749804e+02 6.41e-01 2.60e+00  -6.1 8.81e-01    -  3.60e-01 7.30e-02h  1
2395r 2.7749741e+02 6.41e-01 7.61e-01  -6.1 3.70e-02    -  6.43e-01 8.22e-01h  1
2396r 2.7749897e+02 6.41e-01 8.87e-01  -6.1 7.27e-02    -  8.34e-01 6.71e-01h  1
2397r 2.7749953e+02 6.41e-01 2.13e+00  -6.1 1.67e+00    -  3.51e-01 6.60e-02h  3
2398r 2.7749952e+02 6.41e-01 1.28e+00  -6.1 8.23e+00    -  2.97e-01 3.77e-03h  5
2399r 2.7749974e+02 6.41e-01 1.13e+00  -6.1 6.39e+00    -  5.22e-01 2.59e-03h  7
iter    objective    inf_pr   inf_du lg(mu)  ||d||  lg(rg) alpha_du alpha_pr  ls
2400r 2.7749979e+02 6.41e-01 4.39e+00  -6.1 1.01e+01    -  3.06e-01 4.09e-04h 10
2401r 2.7750336e+02 6.41e-01 9.88e-01  -6.1 3.79e-01    -  9.34e-01 5.79e-01h  1
2402r 2.7751223e+02 6.41e-01 2.41e+00  -6.1 1.23e+01    -  2.06e-01 4.62e-02h  2
2403r 2.7752049e+02 6.41e-01 1.20e+00  -6.1 1.31e+01    -  2.27e-01 4.47e-02h  1
2404r 2.7752290e+02 6.41e-01 2.93e+00  -6.1 8.17e+00    -  3.36e-01 1.71e-02h  4
2405r 2.7752335e+02 6.41e-01 3.00e+00  -6.1 2.25e+01    -  1.54e-01 1.22e-03h  7
2406r 2.7753760e+02 1.88e+00 2.86e+00  -6.1 1.39e+01    -  9.39e-02 8.27e-02h  1
2407r 2.7756408e+02 1.12e+00 1.81e+01  -6.1 3.28e+00    -  3.42e-01 5.66e-01f  1
2408r 2.7755874e+02 9.58e-01 2.06e+01  -6.1 2.51e+00    -  1.00e-01 1.47e-01h  1
2409r 2.7755749e+02 8.63e-01 1.25e+01  -6.1 3.70e+00    -  3.47e-02 9.94e-02h  1
iter    objective    inf_pr   inf_du lg(mu)  ||d||  lg(rg) alpha_du alpha_pr  ls
2410r 2.7755743e+02 8.61e-01 1.21e+01  -6.1 4.16e+00    -  6.97e-02 2.98e-03h  1
2411r 2.7756743e+02 1.28e+00 8.08e+00  -6.1 1.37e+00    -  2.43e-01 1.82e-01f  1
2412r 2.7757180e+02 1.16e+00 1.09e+01  -6.1 1.20e+00    -  2.58e-01 9.87e-02h  1
2413r 2.7757169e+02 1.08e+00 8.14e+00  -6.1 5.10e-01    -  3.72e-01 6.68e-02h  1
2414r 2.7757785e+02 9.28e-01 1.16e+00  -6.1 4.59e-01    -  4.85e-01 5.66e-01h  1
2415r 2.7757931e+02 6.41e-01 4.27e+00  -6.1 2.39e-01    -  8.56e-01 5.14e-01h  1
2416r 2.7758353e+02 6.41e-01 2.03e+00  -6.1 8.38e-02    -  1.00e+00 9.49e-01h  1
2417r 2.7758307e+02 6.41e-01 2.78e+00  -6.1 1.10e-01    -  9.38e-01 2.50e-01h  3
2418r 2.7758296e+02 6.41e-01 4.68e+00  -6.1 1.76e-01    -  1.00e+00 3.12e-02h  6
2419r 2.7758296e+02 6.41e-01 4.04e+00  -6.1 5.22e-01    -  6.29e-01 4.88e-04h 12
iter    objective    inf_pr   inf_du lg(mu)  ||d||  lg(rg) alpha_du alpha_pr  ls
2420r 2.7758296e+02 6.41e-01 6.00e+00  -6.1 3.95e+00    -  2.77e-01 5.49e-05h 14
2421r 2.7758296e+02 6.41e-01 5.10e+00  -6.1 3.16e+00    -  2.05e-01 2.85e-05h 15
2422r 2.7758229e+02 6.41e-01 2.16e+00  -6.1 1.60e-02    -  1.00e+00 1.00e+00h  1
2423r 2.7758153e+02 6.41e-01 2.28e+00  -6.1 1.03e+00    -  4.89e-01 4.26e-01h  1
2424r 2.7758270e+02 6.41e-01 3.06e+00  -6.1 3.53e+00    -  4.00e-01 1.20e-01f  1
2425r 2.7758451e+02 6.59e-01 5.24e+00  -6.1 5.85e+00    -  6.77e-01 5.62e-02f  3
2426r 2.7759349e+02 6.41e-01 6.23e+00  -6.1 3.18e+00    -  3.29e-01 4.63e-01h  1
2427r 2.7759105e+02 6.41e-01 6.07e+00  -6.1 9.02e-01    -  5.17e-01 6.81e-01f  1
2428r 2.7758917e+02 6.41e-01 3.76e+00  -6.1 7.70e-01    -  2.48e-01 1.52e-01h  3
2429r 2.7758917e+02 6.41e-01 3.75e+00  -6.1 9.57e-01    -  3.20e-01 3.55e-04h 11
iter    objective    inf_pr   inf_du lg(mu)  ||d||  lg(rg) alpha_du alpha_pr  ls
2430r 2.7758917e+02 6.41e-01 3.75e+00  -6.1 2.58e-01    -  1.00e+00 6.10e-05h 15
2431r 2.7758606e+02 1.73e+00 2.28e+00  -6.1 3.86e-01    -  3.49e-01 3.49e-01s 22
2432r 2.7758685e+02 1.00e+00 8.52e-01  -6.1 4.58e-02    -  4.20e-01 4.20e-01s 22
2433r 2.7758667e+02 6.41e-01 4.41e+00  -6.1 1.31e-01    -  1.00e+00 0.00e+00S 22
2434r 2.7758747e+02 6.41e-01 2.35e-01  -6.1 5.49e-02    -  1.00e+00 1.00e+00h  1
2435r 2.7758747e+02 6.41e-01 6.65e+00  -6.1 2.26e-02    -  1.00e+00 3.91e-03h  9
2436r 2.7758747e+02 6.41e-01 2.06e+00  -6.1 6.55e-02    -  1.00e+00 4.88e-04h 12
2437r 2.7758732e+02 6.41e-01 6.50e+00  -6.1 2.77e-01    -  1.00e+00 1.63e-02h  6
2438r 2.7758733e+02 6.41e-01 1.65e+00  -6.1 8.48e-02    -  1.00e+00 4.72e-03h  7
2439r 2.7758769e+02 6.41e-01 2.46e+00  -6.1 3.60e-01    -  6.01e-01 7.67e-02h  4
iter    objective    inf_pr   inf_du lg(mu)  ||d||  lg(rg) alpha_du alpha_pr  ls
2440r 2.7758769e+02 6.41e-01 3.69e+00  -6.1 5.26e-01    -  1.00e+00 2.47e-02h  6
2441r 2.7758767e+02 6.41e-01 3.91e+00  -6.1 1.83e+00    -  1.29e-01 1.19e-03h  9
2442r 2.7758227e+02 6.85e+00 6.31e+00  -6.1 7.68e-01    -  7.78e-01 9.82e-01h  1
2443r 2.7759736e+02 3.66e+00 1.01e+01  -6.1 1.80e+00    -  4.58e-01 5.26e-01h  1
2444r 2.7759846e+02 2.60e+00 6.28e+00  -6.1 1.17e+00    -  1.52e-01 2.99e-01h  1
2445r 2.7759113e+02 2.49e+00 2.64e+00  -6.1 5.86e+00    -  8.16e-02 1.37e-01h  1
2446r 2.7758183e+02 8.39e+00 2.55e+00  -6.1 2.44e+00    -  1.85e-01 2.51e-01h  1
2447r 2.7758134e+02 8.23e+00 4.51e+00  -6.1 1.64e+00    -  4.88e-01 1.90e-02h  5
2448r 2.7756039e+02 1.14e+01 7.56e+00  -6.1 1.29e+01    -  1.43e-02 8.77e-02h  1
2449r 2.7756451e+02 1.06e+01 8.19e+00  -6.1 1.03e+00    -  1.96e-01 6.89e-02h  1
iter    objective    inf_pr   inf_du lg(mu)  ||d||  lg(rg) alpha_du alpha_pr  ls
2450r 2.7756875e+02 9.88e+00 6.80e+00  -6.1 6.62e-01    -  2.54e-01 6.74e-02h  1
2451r 2.7756984e+02 9.58e+00 5.41e+00  -6.1 7.54e-01    -  2.68e-01 3.12e-02h  1
2452r 2.7758318e+02 4.79e+00 6.86e+00  -6.1 2.34e-01    -  2.14e-01 5.01e-01h  1
2453r 2.7758630e+02 3.49e+00 4.43e+00  -6.1 6.13e-01    -  6.38e-02 2.72e-01h  1
2454r 2.7758612e+02 3.42e+00 3.83e+00  -6.1 1.19e+00    -  1.16e-01 2.20e-02h  3
2455r 2.7758854e+02 2.72e+00 6.35e+00  -6.1 8.77e-01    -  8.59e-01 2.08e-01h  1
2456r 2.7758350e+02 2.59e+00 6.44e+00  -6.1 2.12e+00    -  1.57e-01 5.01e-02h  2
2457r 2.7758982e+02 1.13e+00 1.42e+00  -6.1 5.23e-01    -  1.00e+00 5.72e-01h  1
2458r 2.7759065e+02 1.84e+00 4.26e+00  -6.1 8.71e-01    -  4.03e-01 4.06e-01H  1
2459r 2.7759561e+02 6.41e-01 1.31e+00  -6.1 2.33e-01    -  7.96e-01 1.00e+00h  1
iter    objective    inf_pr   inf_du lg(mu)  ||d||  lg(rg) alpha_du alpha_pr  ls
2460r 2.7758931e+02 6.41e-01 1.50e+00  -6.1 5.78e-02    -  8.56e-01 1.00e+00H  1
2461r 2.7759086e+02 6.41e-01 4.20e-01  -6.1 3.78e-02    -  1.00e+00 1.00e+00h  1
2462r 2.7759085e+02 6.41e-01 1.17e+00  -6.1 4.76e-02    -  1.00e+00 1.56e-02h  7
2463r 2.7759085e+02 6.41e-01 3.47e+00  -6.1 1.43e+00    -  3.49e-01 3.89e-04h 11
2464r 2.7759085e+02 6.41e-01 3.37e+00  -6.1 5.08e+00    -  2.18e-01 4.99e-06h 17
2465r 2.7759059e+02 6.41e-01 2.70e+00  -6.1 9.86e-02    -  1.00e+00 1.25e-01h  4
2466r 2.7759051e+02 6.41e-01 2.86e+00  -6.1 2.02e+00    -  2.31e-01 5.18e-03h  7
2467r 2.7759050e+02 6.41e-01 3.31e+00  -6.1 8.06e+00    -  1.60e-01 7.83e-04h  9
2468r 2.7760368e+02 9.50e+01 4.47e+00  -6.1 2.96e+01    -  1.68e-02 7.06e-02h  1
2469r 2.7761783e+02 6.12e+01 2.86e+00  -6.1 7.04e-01    -  6.23e-01 3.57e-01h  1
iter    objective    inf_pr   inf_du lg(mu)  ||d||  lg(rg) alpha_du alpha_pr  ls
2470r 2.7761864e+02 5.41e+01 4.76e+00  -6.1 1.00e+00    -  1.99e-01 1.17e-01h  1
2471r 2.7761144e+02 1.90e+01 3.44e+00  -6.1 1.07e+00    -  5.50e-01 6.59e-01h  1
2472r 2.7759656e+02 1.57e+01 2.65e+00  -6.1 3.51e+00    -  1.71e-01 1.81e-01h  1
2473r 2.7758379e+02 1.34e+01 6.16e+00  -6.1 3.83e+00    -  2.60e-01 1.59e-01h  1
2474r 2.7756557e+02 1.35e+01 1.21e+01  -6.1 1.09e+01    -  1.58e-01 8.92e-02h  1
2475r 2.7756689e+02 1.26e+01 3.99e+00  -6.1 5.84e+00    -  1.40e-01 6.74e-02h  1
2476r 2.7757477e+02 8.22e+00 2.41e+00  -6.1 5.09e-01    -  4.22e-01 3.49e-01h  1
2477r 2.7758590e+02 2.34e+00 1.10e+01  -6.1 1.27e+00    -  1.42e-01 7.43e-01h  1
2478r 2.7759953e+02 6.03e+01 1.07e+01  -6.1 2.19e+01    -  2.64e-02 7.56e-02h  1
2479r 2.7759858e+02 6.78e+00 8.62e+00  -6.1 1.30e+00    -  3.04e-01 9.14e-01h  1
iter    objective    inf_pr   inf_du lg(mu)  ||d||  lg(rg) alpha_du alpha_pr  ls
2480r 2.7759196e+02 6.16e+00 1.03e+01  -6.1 2.07e+00    -  2.54e-01 1.94e-01h  1
2481r 2.7759314e+02 2.46e+01 1.44e+01  -6.1 6.22e+00    -  7.89e-02 7.74e-02h  1
2482r 2.7759072e+02 2.30e+01 1.22e+01  -6.1 1.34e+00    -  3.25e-01 6.56e-02h  1
2483r 2.7757846e+02 1.06e+01 1.51e+01  -6.1 5.62e-01    -  1.10e-01 5.42e-01h  1
2484r 2.7757623e+02 6.26e+00 5.00e+00  -6.1 4.89e-01    -  4.61e-01 8.08e-01h  1
2485r 2.7758011e+02 5.63e+00 2.34e+00  -6.1 4.49e-01    -  9.45e-02 9.99e-02h  1
2486r 2.7758474e+02 3.64e+00 2.55e+00  -6.1 5.39e-01    -  6.20e-01 3.55e-01h  1
2487r 2.7759391e+02 3.40e+00 4.63e+00  -6.1 1.09e+00    -  3.25e-01 2.52e-01h  1
2488r 2.7759763e+02 1.70e+00 2.58e+00  -6.1 1.72e-01    -  8.61e-01 6.63e-01h  1
2489r 2.7759898e+02 7.05e-01 2.91e+00  -6.1 2.65e-01    -  5.96e-01 1.87e-01H  1
iter    objective    inf_pr   inf_du lg(mu)  ||d||  lg(rg) alpha_du alpha_pr  ls
2490r 2.7759879e+02 9.70e-01 2.14e+00  -6.1 6.45e-01    -  5.75e-01 1.68e-02h  5
2491r 2.7759819e+02 6.41e-01 3.93e+00  -6.1 5.62e-02    -  1.00e+00 5.00e-01h  2
2492r 2.7759749e+02 6.41e-01 1.37e+00  -6.1 2.25e-01    -  4.64e-01 6.02e-02h  5
2493r 2.7759727e+02 6.41e-01 1.63e+00  -6.1 7.07e-02    -  1.00e+00 3.12e-02h  6
2494r 2.7759553e+02 6.41e-01 2.95e-01  -6.1 4.88e-02    -  1.00e+00 1.00e+00h  1
2495r 2.7759540e+02 6.41e-01 7.72e-01  -6.1 3.36e-01    -  2.58e-01 6.04e-03h  8
2496r 2.7759535e+02 6.41e-01 2.98e+00  -6.1 1.84e-01    -  7.75e-01 3.91e-03h  9
2497r 2.7759534e+02 6.41e-01 2.28e+00  -6.1 5.44e-01    -  1.89e-01 3.21e-04h 12
2498r 2.7759534e+02 6.41e-01 2.52e+00  -6.1 3.16e+00    -  1.21e-01 2.18e-05h 14
2499r 2.7759551e+02 6.41e-01 1.50e-01  -6.1 2.04e-03    -  1.00e+00 1.00e+00H  1
iter    objective    inf_pr   inf_du lg(mu)  ||d||  lg(rg) alpha_du alpha_pr  ls
2500r 2.7759551e+02 6.41e-01 3.06e+00  -6.1 2.17e-02    -  1.00e+00 7.81e-03h  8
2501r 2.7759551e+02 6.41e-01 3.67e+00  -6.1 2.48e+00    -  2.80e-01 2.44e-05h 15
2502r 2.7759551e+02 6.41e-01 3.98e+00  -6.1 6.69e+00    -  2.11e-01 3.84e-06h 17
2503r 2.7759550e+02 6.41e-01 3.60e-01  -6.1 5.44e-03    -  1.00e+00 1.00e+00h  1
2504r 2.7759799e+02 6.41e-01 9.57e-01  -6.1 3.70e-02    -  1.00e+00 1.00e+00h  1
2505r 2.7759796e+02 6.41e-01 1.44e+00  -6.1 4.37e-02    -  1.00e+00 1.00e+00H  1
2506r 2.7760137e+02 6.41e-01 7.86e+00  -6.6 3.22e-02    -  1.00e+00 7.90e-01f  1
2507r 2.7760351e+02 6.41e-01 1.48e+01  -6.3 1.97e-02    -  1.00e+00 2.88e-01f  1
2508r 2.7762731e+02 7.66e-01 7.62e+00  -6.4 2.14e-01    -  5.34e-01 5.08e-01h  1
2509r 2.7765124e+02 6.41e-01 1.26e+01  -6.4 5.60e-01    -  9.28e-01 2.53e-01h  1
iter    objective    inf_pr   inf_du lg(mu)  ||d||  lg(rg) alpha_du alpha_pr  ls
2510r 2.7768921e+02 6.41e-01 1.02e+01  -6.4 1.14e+00    -  1.82e-01 2.05e-01h  1
2511r 2.7772777e+02 6.41e-01 8.43e+00  -6.4 6.19e-01    -  2.84e-01 3.50e-01h  1
2512r 2.7774949e+02 6.41e-01 7.14e+00  -6.4 7.88e-01    -  1.82e-01 1.59e-01h  1
2513r 2.7777851e+02 6.41e-01 5.90e+00  -6.4 2.59e+00    -  1.70e-01 6.82e-02h  1
2514r 2.7782919e+02 6.41e-01 3.12e+00  -6.4 2.00e+00    -  2.11e-01 1.52e-01h  1
2515r 2.7786223e+02 6.41e-01 3.11e+00  -6.4 4.74e+00    -  2.48e-01 4.64e-02h  1
2516r 2.7792702e+02 6.41e-01 1.97e+00  -6.4 3.36e+00    -  2.01e-01 1.27e-01h  1
2517r 2.7806589e+02 2.98e+00 1.86e+00  -6.4 1.35e+01    -  5.45e-02 7.41e-02h  1
2518r 2.7814403e+02 2.91e+00 5.72e+00  -6.4 2.32e+01    -  4.57e-02 2.57e-02h  1
2519r 2.7820051e+02 2.78e+00 5.21e+00  -6.4 8.63e+00    -  6.20e-02 4.50e-02h  1
iter    objective    inf_pr   inf_du lg(mu)  ||d||  lg(rg) alpha_du alpha_pr  ls
2520r 2.7822322e+02 2.77e+00 4.80e+00  -6.4 5.41e+01    -  3.30e-02 3.02e-03h  1
2521r 2.7836662e+02 2.71e+00 2.71e+00  -6.4 4.26e+01    -  5.72e-02 2.35e-02f  1
2522r 2.7854968e+02 2.65e+00 1.49e+01  -6.4 4.59e+01    -  2.65e-02 2.89e-02h  1
2523r 2.7861748e+02 2.58e+00 1.77e+01  -6.4 1.91e+01    -  1.25e-01 2.42e-02h  1
2524r 2.7873643e+02 2.52e+00 2.88e+01  -6.4 2.06e+01    -  6.84e-02 3.83e-02h  1
2525r 2.7885435e+02 2.40e+00 3.32e+01  -6.4 1.71e+01    -  5.78e-02 4.77e-02h  1
2526r 2.7899781e+02 2.28e+00 3.48e+01  -6.4 2.31e+01    -  6.61e-02 4.45e-02h  1
2527r 2.7911108e+02 2.16e+00 3.06e+01  -6.4 1.57e+01    -  7.30e-02 5.08e-02h  1
2528r 2.7913928e+02 2.16e+00 2.94e+01  -6.4 4.48e+01    -  1.67e-02 4.48e-03h  1
2529r 2.7922712e+02 2.12e+00 2.43e+01  -6.4 4.06e+01    -  3.81e-02 1.48e-02f  1
iter    objective    inf_pr   inf_du lg(mu)  ||d||  lg(rg) alpha_du alpha_pr  ls
2530r 2.7924680e+02 2.07e+00 2.32e+01  -6.4 5.49e+00    -  7.41e-02 2.53e-02h  1
2531r 2.7928209e+02 2.04e+00 1.52e+01  -6.4 1.75e+01    -  2.83e-02 1.73e-02h  1
2532r 2.7929110e+02 2.00e+00 1.43e+01  -6.4 4.34e+00    -  6.97e-02 1.62e-02h  1
2533r 2.7931640e+02 1.94e+00 1.28e+01  -6.4 5.87e+00    -  1.01e-01 3.28e-02h  1
2534r 2.7933526e+02 1.81e+00 1.27e+01  -6.4 1.99e+00    -  2.76e-01 6.47e-02h  1
2535r 2.7953736e+02 1.72e+00 8.15e+00  -6.4 1.80e+01    -  1.60e-02 8.41e-02h  1
2536r 2.7959112e+02 2.00e+00 5.47e+00  -6.4 1.78e+01    -  3.02e-02 2.33e-02h  1
2537r 2.7974913e+02 1.93e+00 4.24e+00  -6.4 2.56e+01    -  7.26e-02 4.70e-02h  1
2538r 2.7988376e+02 1.89e+00 4.31e+00  -6.4 4.38e+01    -  6.01e-02 2.20e-02h  1
2539r 2.7993154e+02 1.88e+00 4.14e+00  -6.4 3.86e+01    -  3.75e-02 8.74e-03h  1
iter    objective    inf_pr   inf_du lg(mu)  ||d||  lg(rg) alpha_du alpha_pr  ls
2540r 2.8009310e+02 2.10e+00 3.63e+00  -6.4 2.09e+01    -  5.33e-02 5.12e-02h  1
2541r 2.8015850e+02 1.98e+00 4.92e+00  -6.4 6.80e+00    -  5.60e-02 5.89e-02h  1
2542r 2.8018627e+02 1.93e+00 3.52e+00  -6.4 7.21e+00    -  3.35e-02 2.46e-02h  1
2543r 2.8019315e+02 1.90e+00 3.57e+00  -6.4 2.56e+00    -  1.87e-01 1.68e-02h  1
2544r 2.8021023e+02 1.88e+00 3.82e+01  -6.4 1.08e+01    -  7.32e-06 1.07e-02h  1
2545r 2.8022535e+02 1.84e+00 3.74e+01  -6.4 6.39e+00    -  1.33e-02 1.91e-02f  1
2546r 2.8023860e+02 1.79e+00 3.62e+01  -6.4 3.13e+00    -  1.27e-01 3.11e-02h  1
2547r 2.8030989e+02 1.75e+00 3.53e+01  -6.4 1.91e+01    -  5.10e-02 2.47e-02h  1
2548r 2.8042041e+02 2.90e+00 3.47e+01  -6.4 4.17e+01    -  4.25e-02 1.74e-02h  1
2549r 2.8050359e+02 2.71e+00 3.24e+01  -6.4 8.08e+00    -  1.18e-01 6.73e-02h  1
iter    objective    inf_pr   inf_du lg(mu)  ||d||  lg(rg) alpha_du alpha_pr  ls
2550r 2.8056671e+02 2.50e+00 2.99e+01  -6.4 5.07e+00    -  1.48e-01 7.87e-02h  1
2551r 2.8057248e+02 2.49e+00 2.98e+01  -6.4 1.07e+01    -  1.02e-01 3.71e-03h  1
2552r 2.8066909e+02 2.42e+00 2.88e+01  -6.4 2.03e+01    -  4.52e-02 3.15e-02h  1
2553r 2.8073434e+02 3.50e+00 2.59e+01  -6.4 5.43e+00    -  4.07e-02 1.03e-01h  1
2554r 2.8074050e+02 3.32e+00 2.45e+01  -6.4 8.53e-01    -  1.92e-01 5.19e-02h  1
2555r 2.8074764e+02 3.20e+00 2.36e+01  -6.4 1.27e+00    -  5.25e-02 3.76e-02h  1
2556r 2.8075382e+02 2.99e+00 7.74e+02  -6.4 6.17e-01    -  2.97e-06 6.44e-02h  1
2557r 2.8076547e+02 2.70e+00 6.99e+02  -6.4 8.72e-01    -  9.64e-02 9.59e-02h  1
2558r 2.8076746e+02 2.70e+00 6.98e+02  -6.4 9.00e+00    -  2.23e-02 1.93e-03h  4
2559r 2.8077969e+02 2.46e+00 6.35e+02  -6.4 1.12e+00    -  2.15e-01 9.03e-02h  1
iter    objective    inf_pr   inf_du lg(mu)  ||d||  lg(rg) alpha_du alpha_pr  ls
2560r 2.8079163e+02 2.39e+00 6.18e+02  -6.4 5.07e+00    -  6.71e-02 2.64e-02h  1
2561r 2.8083255e+02 1.99e+00 5.13e+02  -6.4 2.35e+00    -  1.65e-01 1.70e-01h  1
2562r 2.8086151e+02 1.85e+00 4.76e+02  -6.4 3.52e+00    -  9.32e-02 7.21e-02h  1
2563r 2.8088962e+02 1.74e+00 4.47e+02  -6.4 3.73e+00    -  1.35e-01 6.16e-02h  1
2564r 2.8090432e+02 1.82e+00 4.26e+02  -6.4 2.84e+00    -  3.53e-01 4.71e-02h  3
2565r 2.8096190e+02 1.71e+00 3.96e+02  -6.4 7.40e+00    -  1.53e-01 6.86e-02h  1
2566r 2.8103924e+02 1.69e+00 3.85e+02  -6.4 2.61e+01    -  4.26e-02 2.85e-02h  1
2567r 2.8108941e+02 1.68e+00 3.80e+02  -6.4 3.18e+01    -  1.32e-02 1.42e-02h  1
2568r 2.8118473e+02 1.68e+00 3.71e+02  -6.4 3.90e+01    -  9.36e-02 2.22e-02h  1
2569r 2.8126160e+02 1.69e+00 3.60e+02  -6.4 2.11e+01    -  1.50e-01 3.04e-02h  1
iter    objective    inf_pr   inf_du lg(mu)  ||d||  lg(rg) alpha_du alpha_pr  ls
2570r 2.8141603e+02 2.39e+00 3.46e+02  -6.4 3.29e+01    -  7.10e-02 3.89e-02h  1
2571r 2.8148736e+02 2.45e+00 3.32e+02  -6.4 1.40e+01    -  1.05e-01 4.00e-02h  1
2572r 2.8154123e+02 2.44e+00 3.20e+02  -6.4 1.27e+01    -  1.08e-01 3.51e-02h  1
2573r 2.8156159e+02 2.35e+00 3.08e+02  -6.4 4.07e+00    -  6.36e-02 4.00e-02h  1
2574r 2.8164581e+02 2.29e+00 2.72e+02  -6.4 6.32e+00    -  4.40e-02 1.15e-01f  1
2575r 2.8165254e+02 2.22e+00 2.64e+02  -6.4 2.85e+00    -  8.91e-02 2.98e-02h  1
2576r 2.8166244e+02 1.95e+00 2.31e+02  -6.4 1.15e+00    -  1.16e-01 1.26e-01h  1
2577r 2.8167049e+02 1.54e+00 1.82e+02  -6.4 5.68e-01    -  1.05e-01 2.13e-01h  1
2578r 2.8167404e+02 1.13e+00 1.33e+02  -6.4 4.33e-01    -  3.41e-01 2.71e-01h  1
2579r 2.8167653e+02 7.49e-01 8.75e+01  -6.4 3.65e-01    -  6.07e-02 3.41e-01H  1
iter    objective    inf_pr   inf_du lg(mu)  ||d||  lg(rg) alpha_du alpha_pr  ls
2580r 2.8168280e+02 6.40e-01 3.31e+01  -6.4 2.63e-01    -  2.60e-01 6.21e-01h  1
2581r 2.8169097e+02 6.40e-01 2.38e+01  -6.4 5.45e-01    -  2.78e-01 2.80e-01h  1
2582r 2.8169249e+02 6.40e-01 2.26e+01  -6.4 6.30e-01    -  3.67e-01 5.62e-02h  1
2583r 2.8169256e+02 6.40e-01 2.21e+01  -6.4 2.99e-01    -  4.40e-01 1.86e-02h  5
2584r 2.8169326e+02 9.54e-01 1.91e+01  -6.4 1.08e+00    -  3.88e-02 1.37e-01h  1
2585r 2.8169879e+02 7.39e-01 1.48e+01  -6.4 5.52e-01    -  6.09e-02 2.25e-01h  1
2586r 2.8170214e+02 7.13e-01 1.43e+01  -6.4 1.90e+00    -  7.50e-02 3.46e-02h  1
2587r 2.8170725e+02 6.45e-01 1.31e+01  -6.4 1.43e+00    -  3.63e-01 9.47e-02h  1
2588r 2.8173310e+02 6.41e-01 1.74e+02  -6.4 2.52e+00    -  2.50e-04 1.98e-01h  1
2589r 2.8175452e+02 6.41e-01 1.63e+02  -6.4 8.16e+00    -  3.86e-02 6.11e-02h  1
iter    objective    inf_pr   inf_du lg(mu)  ||d||  lg(rg) alpha_du alpha_pr  ls
2590r 2.8175779e+02 6.41e-01 1.62e+02  -6.4 7.76e+00    -  8.24e-02 7.95e-03h  1
2591r 2.8176159e+02 6.41e-01 1.57e+02  -6.4 4.56e+00    -  2.85e-02 3.21e-02f  1
2592r 2.8176589e+02 6.41e-01 1.41e+02  -6.4 1.48e+00    -  1.92e-01 9.79e-02h  1
2593r 2.8177032e+02 6.41e-01 1.29e+02  -6.4 2.32e+00    -  1.33e-01 8.89e-02f  2
2594r 2.8177589e+02 6.41e-01 1.26e+02  -6.4 4.79e+00    -  2.20e-01 2.02e-02h  1
2595r 2.8179127e+02 6.41e-01 1.16e+02  -6.4 3.53e+00    -  1.47e-01 7.74e-02f  1
2596r 2.8181713e+02 9.62e-01 1.06e+02  -6.4 3.58e+00    -  8.57e-02 9.30e-02h  1
2597r 2.8185763e+02 9.01e-01 9.82e+01  -6.4 8.07e+00    -  3.65e-02 7.03e-02h  1
2598r 2.8189494e+02 8.91e-01 9.68e+01  -6.4 3.40e+01    -  2.14e-02 1.46e-02h  1
2599r 2.8192281e+02 8.82e-01 9.55e+01  -6.4 3.04e+01    -  3.80e-02 1.33e-02h  1
iter    objective    inf_pr   inf_du lg(mu)  ||d||  lg(rg) alpha_du alpha_pr  ls
2600r 2.8194926e+02 8.58e-01 9.26e+01  -6.4 1.53e+01    -  7.40e-02 3.04e-02h  1
2601r 2.8196005e+02 7.27e-01 7.84e+01  -6.4 8.61e-01    -  2.64e-01 1.53e-01h  1
2602r 2.8197358e+02 6.69e-01 7.21e+01  -6.4 1.98e+00    -  5.34e-02 8.03e-02h  1
2603r 2.8198112e+02 6.40e-01 6.13e+01  -6.4 6.16e-01    -  1.63e-01 1.50e-01h  1
2604r 2.8200330e+02 6.41e-01 5.37e+01  -6.4 2.59e+00    -  1.39e-01 1.24e-01h  1
2605r 2.8206012e+02 6.41e-01 4.90e+01  -6.4 8.58e+00    -  5.90e-02 8.65e-02h  1
2606r 2.8209086e+02 1.03e+00 4.71e+01  -6.4 1.35e+01    -  1.34e-01 3.44e-02h  1
2607r 2.8212994e+02 9.79e-01 4.49e+01  -6.4 1.10e+01    -  7.77e-02 4.84e-02h  1
2608r 2.8216286e+02 9.59e-01 4.39e+01  -6.4 1.84e+01    -  4.67e-02 2.26e-02h  1
2609r 2.8219686e+02 9.56e-01 4.36e+01  -6.4 8.36e+01    -  3.04e-02 5.17e-03h  1
iter    objective    inf_pr   inf_du lg(mu)  ||d||  lg(rg) alpha_du alpha_pr  ls
2610r 2.8234682e+02 1.04e+01 4.24e+01  -6.4 6.48e+01    -  3.15e-03 2.79e-02h  1
2611r 2.8239803e+02 1.03e+01 4.20e+01  -6.4 5.45e+01    -  9.32e-02 1.07e-02h  1
2612r 2.8250089e+02 1.01e+01 4.12e+01  -6.4 7.37e+01    -  2.67e-02 1.79e-02h  1
2613r 2.8254116e+02 9.90e+00 4.04e+01  -6.4 2.25e+01    -  8.46e-02 2.01e-02h  1
2614r 2.8263295e+02 9.77e+00 3.98e+01  -6.4 7.48e+01    -  1.37e-02 1.43e-02h  1
2615r 2.8264918e+02 9.66e+00 3.94e+01  -6.4 1.57e+01    -  6.01e-03 1.07e-02h  1
2616r 2.8272864e+02 9.08e+00 3.70e+01  -6.4 1.37e+01    -  9.33e-02 6.06e-02h  1
2617r 2.8277223e+02 8.82e+00 3.60e+01  -6.4 1.63e+01    -  3.29e-02 2.79e-02h  1
2618r 2.8281898e+02 8.40e+00 3.43e+01  -6.4 9.79e+00    -  2.70e-02 4.78e-02h  1
2619r 2.8284036e+02 8.24e+00 3.36e+01  -6.4 8.85e+00    -  3.64e-02 1.89e-02h  1
iter    objective    inf_pr   inf_du lg(mu)  ||d||  lg(rg) alpha_du alpha_pr  ls
2620r 2.8288228e+02 7.66e+00 3.12e+01  -6.4 5.05e+00    -  1.04e-01 7.03e-02h  1
2621r 2.8294960e+02 7.32e+00 2.98e+01  -6.4 1.24e+01    -  5.25e-02 4.55e-02h  1
2622r 2.8295423e+02 7.23e+00 2.95e+01  -6.4 3.13e+00    -  1.80e-01 1.22e-02h  1
2623r 2.8298254e+02 7.15e+00 2.92e+01  -6.4 2.02e+01    -  1.33e-02 1.06e-02h  1
2624r 2.8302598e+02 6.36e+00 2.59e+01  -6.4 3.41e+00    -  1.21e-01 1.11e-01h  1
2625r 2.8306682e+02 5.76e+00 2.35e+01  -6.4 4.77e+00    -  6.78e-02 9.48e-02h  1
2626r 2.8308448e+02 5.56e+00 2.27e+01  -6.4 5.70e+00    -  1.05e-01 3.37e-02h  1
2627r 2.8310409e+02 5.40e+00 2.21e+01  -6.4 7.76e+00    -  1.08e-01 2.86e-02h  1
2628r 2.8316117e+02 5.19e+00 2.12e+01  -6.4 1.38e+01    -  5.88e-02 3.96e-02h  1
2629r 2.8318319e+02 5.15e+00 2.10e+01  -6.4 2.90e+01    -  3.06e-02 7.67e-03h  1
iter    objective    inf_pr   inf_du lg(mu)  ||d||  lg(rg) alpha_du alpha_pr  ls
2630r 2.8334227e+02 5.06e+00 2.06e+01  -6.4 7.88e+01    -  1.70e-02 1.96e-02h  1
2631r 2.8346274e+02 5.03e+00 2.04e+01  -6.4 1.16e+02    -  2.51e-02 9.41e-03h  1
2632r 2.8353501e+02 4.98e+00 2.42e+01  -6.4 7.23e+01    -  2.23e-02 9.82e-03h  1
2633r 2.8355001e+02 4.94e+00 2.42e+01  -6.4 1.85e+01    -  1.29e-01 8.64e-03h  1
2634r 2.8372513e+02 4.89e+00 3.15e+01  -6.4 9.56e+01    -  1.28e-02 1.97e-02h  1
2635r 2.8373250e+02 4.86e+00 3.14e+01  -6.4 1.65e+01    -  1.50e-02 5.77e-03h  1
2636r 2.8374615e+02 5.17e+00 3.28e+01  -6.4 6.95e+00    -  2.60e-02 5.74e-02h  1
2637r 2.8374974e+02 4.93e+00 3.09e+01  -6.4 1.62e+00    -  2.02e-02 4.62e-02h  1
2638r 2.8375699e+02 4.70e+00 2.81e+01  -6.4 3.25e+00    -  9.94e-03 4.66e-02h  1
2639r 2.8375944e+02 4.59e+00 2.73e+01  -6.4 2.21e+00    -  8.46e-02 2.42e-02h  1
iter    objective    inf_pr   inf_du lg(mu)  ||d||  lg(rg) alpha_du alpha_pr  ls
2640r 2.8376810e+02 4.31e+00 2.78e+01  -6.4 3.01e+00    -  8.05e-02 5.94e-02h  1
2641r 2.8379459e+02 4.17e+00 2.65e+01  -6.4 1.53e+01    -  1.36e-02 3.29e-02h  1
2642r 2.8380899e+02 4.08e+00 2.18e+01  -6.4 1.43e+01    -  4.21e-02 2.33e-02h  1
2643r 2.8381645e+02 3.98e+00 2.07e+01  -6.4 6.01e+00    -  9.12e-02 2.28e-02h  1
2644r 2.8381132e+02 3.53e+00 1.26e+01  -6.4 1.89e+00    -  2.66e-02 1.14e-01h  1
2645r 2.8380959e+02 3.38e+00 1.22e+01  -6.4 1.00e+00    -  1.86e-01 4.41e-02h  1
2646r 2.8380645e+02 3.10e+00 1.13e+01  -6.4 8.92e-01    -  8.34e-03 8.08e-02h  1
2647r 2.8379506e+02 2.93e+00 1.06e+01  -6.4 3.25e+00    -  3.88e-02 5.71e-02h  1
2648r 2.8378200e+02 2.80e+00 1.02e+01  -6.4 4.81e+00    -  9.03e-02 4.43e-02h  1
2649r 2.8375348e+02 2.64e+00 9.57e+00  -6.4 5.99e+00    -  8.21e-02 5.80e-02h  1
iter    objective    inf_pr   inf_du lg(mu)  ||d||  lg(rg) alpha_du alpha_pr  ls
2650r 2.8373116e+02 2.58e+00 9.36e+00  -6.4 1.10e+01    -  9.66e-02 2.18e-02h  1
2651r 2.8369886e+02 2.53e+00 9.16e+00  -6.4 1.68e+01    -  5.12e-02 1.96e-02h  1
2652r 2.8367581e+02 2.34e+00 8.44e+00  -6.4 2.86e+00    -  1.38e-01 7.63e-02h  1
2653r 2.8360824e+02 2.28e+00 8.25e+00  -6.4 2.62e+01    -  2.46e-02 2.28e-02h  1
2654r 2.8357574e+02 3.44e+00 8.18e+00  -6.4 3.39e+01    -  2.52e-02 8.97e-03h  1
2655r 2.8354448e+02 3.37e+00 8.01e+00  -6.4 2.01e+01    -  8.72e-02 2.04e-02h  1
2656r 2.8343856e+02 3.30e+00 8.74e+00  -6.4 6.30e+01    -  1.79e-02 2.13e-02h  1
2657r 2.8336552e+02 3.16e+00 9.24e+00  -6.4 2.27e+01    -  4.13e-02 4.37e-02h  1
2658r 2.8335798e+02 3.15e+00 9.92e+00  -6.4 3.84e+01    -  2.61e-02 2.60e-03h  1
2659r 2.8334290e+02 3.12e+00 9.96e+00  -6.4 2.19e+01    -  6.25e-02 1.01e-02h  1
iter    objective    inf_pr   inf_du lg(mu)  ||d||  lg(rg) alpha_du alpha_pr  ls
2660r 2.8330718e+02 3.08e+00 1.91e+01  -6.4 3.15e+01    -  5.06e-02 1.98e-02h  1
2661r 2.8327850e+02 5.02e+00 2.31e+01  -6.4 1.47e+01    -  3.65e-02 3.46e-02h  1
2662r 2.8327394e+02 4.96e+00 2.34e+01  -6.4 1.62e+01    -  2.21e-02 1.22e-02h  1
2663r 2.8326828e+02 4.89e+00 1.95e+01  -6.4 1.18e+01    -  1.82e-02 1.48e-02h  1
2664r 2.8326474e+02 4.78e+00 1.93e+01  -6.4 6.85e+00    -  4.10e-02 2.20e-02f  1
2665r 2.8326062e+02 4.76e+00 1.88e+01  -6.4 1.96e+01    -  1.85e-02 5.38e-03h  1
2666r 2.8323027e+02 4.65e+00 1.71e+01  -6.4 3.00e+01    -  2.88e-02 2.19e-02f  1
2667r 2.8322264e+02 4.62e+00 1.67e+01  -6.4 2.75e+01    -  2.03e-02 7.03e-03h  1
2668r 2.8318752e+02 4.48e+00 1.49e+01  -6.4 3.42e+01    -  4.17e-02 3.15e-02h  1
2669r 2.8318095e+02 4.45e+00 1.46e+01  -6.4 3.59e+01    -  3.51e-02 5.18e-03h  1
iter    objective    inf_pr   inf_du lg(mu)  ||d||  lg(rg) alpha_du alpha_pr  ls
2670r 2.8316394e+02 4.39e+00 1.52e+01  -6.4 2.08e+01    -  6.64e-02 1.52e-02h  1
2671r 2.8310652e+02 4.30e+00 1.42e+01  -6.4 4.40e+01    -  9.66e-03 2.04e-02h  1
2672r 2.8308808e+02 4.27e+00 1.39e+01  -6.4 3.33e+01    -  5.48e-02 8.60e-03h  1
2673r 2.8306863e+02 4.22e+00 1.59e+01  -6.4 2.94e+01    -  3.40e-02 1.07e-02h  1
2674r 2.8302459e+02 3.96e+00 1.88e+01  -6.4 1.04e+01    -  1.96e-02 6.33e-02h  1
2675r 2.8299707e+02 3.93e+00 2.23e+01  -6.4 4.63e+01    -  1.84e-02 8.77e-03h  1
2676r 2.8296904e+02 3.96e+00 2.45e+01  -6.4 2.28e+01    -  4.09e-02 2.12e-02h  1
2677r 2.8289706e+02 3.91e+00 3.27e+01  -6.4 7.26e+01    -  1.31e-02 1.62e-02h  1
2678r 2.8284527e+02 1.15e+01 3.99e+01  -6.4 4.05e+01    -  1.50e-02 3.08e-02h  1
2679r 2.8282457e+02 1.13e+01 4.11e+01  -6.4 3.10e+01    -  3.93e-02 2.28e-02h  1
iter    objective    inf_pr   inf_du lg(mu)  ||d||  lg(rg) alpha_du alpha_pr  ls
2680r 2.8281766e+02 1.13e+01 4.03e+01  -6.4 1.53e+02    -  2.88e-03 1.19e-03h  1
2681r 2.8280750e+02 1.12e+01 4.08e+01  -6.4 5.15e+01    -  2.67e-02 6.03e-03f  1
2682r 2.8280241e+02 1.12e+01 4.04e+01  -6.4 8.65e+01    -  7.90e-03 1.19e-03h  1
2683r 2.8278349e+02 1.11e+01 3.84e+01  -6.4 6.52e+01    -  1.01e-02 5.09e-03f  1
2684r 2.8277601e+02 1.11e+01 3.18e+01  -6.4 1.89e+02    -  3.86e-03 1.49e-03h  1
2685r 2.8275487e+02 1.07e+01 1.87e+01  -6.4 1.50e+01    -  3.50e-02 3.65e-02h  1
2686r 2.8275214e+02 1.07e+01 1.72e+01  -6.4 2.67e+01    -  3.38e-02 3.18e-03h  1
2687r 2.8273300e+02 1.06e+01 7.60e+00  -6.4 1.76e+02    -  3.78e-03 6.29e-03h  1
2688r 2.8274362e+02 1.05e+01 9.42e+00  -6.4 2.17e+01    -  1.98e-02 1.11e-02h  1
2689r 2.8274499e+02 1.02e+01 9.75e+00  -6.4 1.40e+00    -  3.18e-02 2.75e-02h  1
iter    objective    inf_pr   inf_du lg(mu)  ||d||  lg(rg) alpha_du alpha_pr  ls
2690r 2.8274998e+02 9.94e+00 1.07e+01  -6.4 8.12e+00    -  1.21e-02 2.61e-02h  1
2691r 2.8275199e+02 9.88e+00 1.13e+01  -6.4 3.22e+01    -  5.01e-03 6.23e-03h  1
2692r 2.8275519e+02 9.84e+00 1.00e+01  -6.4 5.75e+01    -  8.26e-03 3.71e-03h  1
2693r 2.8275653e+02 9.78e+00 7.93e+00  -6.4 7.03e+01    -  2.95e-03 5.94e-03h  1
2694r 2.8276029e+02 9.76e+00 6.67e+00  -6.4 1.90e+02    -  2.81e-03 2.74e-03h  1
2695r 2.8277035e+02 9.75e+00 6.75e+00  -6.4 1.06e+03    -  1.25e-03 7.05e-04h  1
2696r 2.8277516e+02 9.72e+00 6.79e+00  -6.4 7.38e+01    -  7.09e-03 2.93e-03h  1
2697r 2.8278795e+02 9.71e+00 7.23e+00  -6.4 4.93e+02    -  4.39e-03 1.09e-03h  1
2698r 2.8279031e+02 9.70e+00 7.29e+00  -6.4 8.34e+01    -  2.65e-03 1.71e-03h  1
2699r 2.8279026e+02 9.68e+00 7.25e+00  -6.4 2.62e+01    -  1.38e-02 2.02e-03h  1
iter    objective    inf_pr   inf_du lg(mu)  ||d||  lg(rg) alpha_du alpha_pr  ls
2700r 2.8278327e+02 9.44e+00 6.22e+00  -6.4 6.30e+00    -  1.02e-02 2.46e-02h  1
2701r 2.8278164e+02 8.82e+00 5.77e+00  -6.4 1.16e+00    -  1.75e-02 6.55e-02h  1
2702r 2.8277982e+02 8.64e+00 5.61e+00  -6.4 2.76e+00    -  1.40e-02 2.07e-02h  1
2703r 2.8277545e+02 8.43e+00 5.40e+00  -6.4 4.07e+00    -  7.01e-02 2.47e-02h  1
2704r 2.8276658e+02 8.17e+00 4.80e+00  -6.4 8.96e+00    -  1.19e-02 3.06e-02h  1
2705r 2.8276436e+02 8.08e+00 4.87e+00  -6.4 1.09e+01    -  4.73e-02 1.15e-02h  1
2706r 2.8276264e+02 8.04e+00 4.77e+00  -6.4 1.52e+01    -  1.80e-02 4.24e-03h  1
2707r 2.8276048e+02 7.83e+00 4.58e+00  -6.4 4.70e+00    -  1.00e-02 2.68e-02h  1
2708r 2.8275929e+02 7.71e+00 4.53e+00  -6.4 5.08e+00    -  5.65e-02 1.47e-02h  1
2709r 2.8274774e+02 7.55e+00 4.72e+00  -6.4 2.85e+01    -  2.12e-03 2.22e-02h  1
iter    objective    inf_pr   inf_du lg(mu)  ||d||  lg(rg) alpha_du alpha_pr  ls
2710r 2.8274502e+02 7.50e+00 5.03e+00  -6.4 7.03e+01    -  8.83e-03 6.80e-03h  1
2711r 2.8274551e+02 7.49e+00 5.02e+00  -6.4 1.43e+01    -  4.27e-03 1.80e-03h  1
2712r 2.8274662e+02 7.48e+00 4.95e+00  -6.4 3.46e+01    -  1.62e-02 1.03e-03h  1
2713r 2.8276271e+02 7.27e+00 4.78e+00  -6.4 1.62e+01    -  9.46e-03 2.84e-02f  1
2714r 2.8277000e+02 7.20e+00 5.22e+00  -6.4 2.52e+01    -  3.09e-02 9.54e-03h  1
2715r 2.8280884e+02 9.36e+00 3.90e+00  -6.4 6.63e+01    -  5.06e-03 2.39e-02h  1
2716r 2.8281435e+02 9.33e+00 4.04e+00  -9.0 3.92e+01    -  2.40e-02 3.19e-03h  1
2717r 2.8284094e+02 9.29e+00 9.58e+00  -4.9 1.04e+02    -  1.18e-02 5.43e-03f  1
2718r 2.8283785e+02 9.26e+00 1.01e+01  -6.4 8.89e+00    -  1.58e-02 3.03e-03h  1
2719r 2.8283368e+02 9.15e+00 9.93e+00  -6.4 6.45e+00    -  4.41e-02 1.26e-02h  1
iter    objective    inf_pr   inf_du lg(mu)  ||d||  lg(rg) alpha_du alpha_pr  ls
2720r 2.8281821e+02 8.68e+00 8.86e+00  -6.4 3.80e+00    -  7.00e-02 5.15e-02h  1
2721r 2.8279430e+02 8.44e+00 4.11e+00  -6.4 1.36e+01    -  2.33e-02 2.80e-02h  1
2722r 2.8279081e+02 8.23e+00 2.73e+00  -6.4 3.08e+00    -  2.69e-02 2.42e-02h  1
2723r 2.8277900e+02 7.78e+00 2.76e+00  -6.4 4.17e+00    -  8.12e-02 5.45e-02h  1
2724r 2.8276749e+02 7.66e+00 2.58e+00  -6.4 1.30e+01    -  2.05e-02 1.55e-02h  1
2725r 2.8274068e+02 6.63e+00 2.74e+00  -6.4 5.09e+00    -  1.39e-01 1.35e-01h  1
2726r 2.8271629e+02 6.31e+00 2.21e+00  -6.4 1.22e+01    -  5.68e-02 4.85e-02h  1
2727r 2.8270900e+02 6.23e+00 2.72e+00  -6.4 1.46e+01    -  4.29e-02 1.34e-02h  1
2728r 2.8267772e+02 6.08e+00 3.98e+00  -6.4 3.76e+01    -  2.54e-02 2.38e-02h  1
2729r 2.8264067e+02 5.95e+00 5.05e+00  -6.4 5.24e+01    -  1.83e-02 2.05e-02h  1
iter    objective    inf_pr   inf_du lg(mu)  ||d||  lg(rg) alpha_du alpha_pr  ls
2730r 2.8262681e+02 5.92e+00 5.71e+00  -6.4 9.81e+01    -  1.16e-02 5.00e-03h  1
2731r 2.8256405e+02 6.10e+00 6.64e+00  -6.4 2.08e+02    -  2.15e-03 1.28e-02h  1
2732r 2.8256779e+02 5.77e+00 2.19e+00  -6.4 6.06e+00    -  1.01e-01 5.35e-02h  1
2733r 2.8257152e+02 4.24e+00 3.55e+00  -6.4 3.21e-01    -  7.69e-02 2.65e-01h  1
2734r 2.8257250e+02 3.14e+00 2.65e+00  -6.4 2.41e-01    -  2.93e-01 2.59e-01h  1
2735r 2.8257346e+02 2.72e+00 6.41e+00  -6.4 1.54e-01    -  4.81e-01 1.32e-01h  1
2736r 2.8257824e+02 8.27e-01 3.14e+00  -6.4 3.18e-01    -  5.06e-01 6.95e-01h  1
2737r 2.8257301e+02 6.39e-01 4.93e+00  -6.4 6.11e-01    -  1.94e-01 2.99e-01h  1
2738r 2.8257011e+02 6.39e-01 4.50e+00  -6.4 3.05e-01    -  1.34e-01 4.49e-01h  1
2739r 2.8257019e+02 6.39e-01 1.11e+01  -6.4 7.24e-02    -  1.00e+00 3.35e-01h  1
iter    objective    inf_pr   inf_du lg(mu)  ||d||  lg(rg) alpha_du alpha_pr  ls
2740r 2.8256615e+02 6.39e-01 2.48e+00  -6.4 1.30e-01    -  1.00e+00 1.00e+00h  1
2741r 2.8256514e+02 6.39e-01 7.25e+00  -6.4 3.94e-01    -  3.50e-01 4.90e-02h  1
2742r 2.8255450e+02 6.39e-01 4.47e+00  -6.4 5.72e-01    -  3.74e-01 4.67e-01f  1
2743r 2.8252861e+02 7.14e-01 4.15e+00  -6.4 9.97e+00    -  5.12e-02 5.89e-02f  1
2744r 2.8251905e+02 7.05e-01 4.10e+00  -6.4 2.04e+01    -  1.59e-02 1.42e-02h  1
2745r 2.8251486e+02 6.95e-01 3.95e+00  -6.4 8.76e+00    -  2.58e-02 1.42e-02h  1
2746r 2.8251276e+02 6.87e-01 4.29e+00  -6.4 4.40e+00    -  7.94e-02 1.24e-02f  1
2747r 2.8246674e+02 6.48e-01 1.67e+01  -6.4 1.98e+01    -  5.99e-02 5.25e-02f  1
2748r 2.8246136e+02 6.46e-01 1.87e+01  -6.4 5.93e+01    -  1.57e-02 3.22e-03h  1
2749r 2.8244282e+02 6.39e-01 2.41e+01  -6.4 7.28e+01    -  3.56e-02 1.04e-02f  1
iter    objective    inf_pr   inf_du lg(mu)  ||d||  lg(rg) alpha_du alpha_pr  ls
2750r 2.8243435e+02 1.47e+00 2.97e+01  -6.4 9.36e+00    -  6.07e-02 4.68e-02h  1
2751r 2.8243484e+02 1.42e+00 2.86e+01  -6.4 3.53e+00    -  1.53e-02 2.98e-02h  1
2752r 2.8243521e+02 1.27e+00 2.65e+01  -6.4 1.48e+00    -  2.37e-01 1.03e-01h  1
2753r 2.8243621e+02 1.23e+00 8.12e+01  -6.4 3.60e+00    -  8.26e-03 3.62e-02h  1
2754r 2.8244651e+02 1.14e+00 7.31e+01  -6.4 3.12e+00    -  6.32e-02 6.77e-02h  1
2755r 2.8244832e+02 1.12e+00 6.13e+01  -6.4 2.59e+00    -  9.11e-02 2.22e-02h  1
2756r 2.8245359e+02 1.10e+00 6.03e+01  -6.4 1.05e+01    -  9.61e-05 1.84e-02f  1
2757r 2.8246941e+02 2.94e+00 5.93e+01  -6.4 2.29e+01    -  1.80e-02 1.75e-02h  1
2758r 2.8247055e+02 2.93e+00 5.88e+01  -6.4 1.29e+01    -  2.13e-02 2.49e-03h  1
2759r 2.8249539e+02 2.88e+00 5.78e+01  -6.4 3.40e+01    -  1.61e-02 1.77e-02h  1
iter    objective    inf_pr   inf_du lg(mu)  ||d||  lg(rg) alpha_du alpha_pr  ls
2760r 2.8249859e+02 2.87e+00 5.73e+01  -6.4 2.67e+01    -  4.13e-02 2.79e-03h  1
2761r 2.8249735e+02 3.13e+00 5.65e+01  -6.4 3.07e+01    -  2.23e-02 9.17e-03h  1
2762r 2.8250206e+02 3.00e+00 5.36e+01  -6.4 3.60e+00    -  7.87e-02 4.28e-02h  1
2763r 2.8251972e+02 2.96e+00 5.28e+01  -6.4 3.68e+01    -  2.08e-02 1.39e-02h  1
2764r 2.8255680e+02 2.90e+00 5.13e+01  -6.4 4.86e+01    -  1.25e-02 1.94e-02h  1
2765r 2.8258317e+02 2.87e+00 5.11e+01  -6.4 3.84e+01    -  2.45e-02 1.19e-02h  1
2766r 2.8262534e+02 2.85e+00 5.07e+01  -6.4 9.85e+01    -  8.39e-03 6.68e-03h  1
2767r 2.8265292e+02 2.83e+00 5.01e+01  -6.4 4.73e+01    -  2.54e-03 9.31e-03h  1
2768r 2.8268093e+02 2.74e+00 4.74e+01  -5.7 1.60e+01    -  5.86e-02 3.03e-02f  1
2769r 2.8270392e+02 2.76e+00 4.72e+01  -6.4 3.60e+02    -  4.11e-03 4.58e-03h  1
iter    objective    inf_pr   inf_du lg(mu)  ||d||  lg(rg) alpha_du alpha_pr  ls
2770r 2.8257434e+02 2.80e+00 4.81e+01  -4.3 5.65e+03    -  2.89e-04 7.78e-04f  1
2771r 2.8256610e+02 2.67e+00 4.67e+01  -6.4 3.01e+00    -  1.77e-02 4.72e-02h  1
2772r 2.8258381e+02 2.55e+00 4.49e+01  -9.0 3.84e+00    -  3.82e-02 4.37e-02h  1
2773r 2.8258401e+02 2.55e+00 4.49e+01  -8.3 2.80e+00    -  5.23e-02 6.12e-04h  1
2774r 2.8258489e+02 2.54e+00 4.44e+01  -7.3 4.62e+00    -  2.47e-03 2.86e-03h  1
2775r 2.8258720e+02 2.48e+00 4.38e+01  -7.6 2.55e+00    -  2.06e-02 2.41e-02h  1
2776r 2.8259001e+02 2.42e+00 4.25e+01  -7.5 2.50e+00    -  4.01e-02 2.55e-02h  1
2777r 2.8259448e+02 2.36e+00 4.12e+01  -9.0 3.64e+00    -  1.69e-02 2.51e-02h  1
2778r 2.8259456e+02 2.36e+00 4.28e+01  -9.0 3.03e+00    -  4.53e-02 5.39e-04h  1
2779r 2.8260151e+02 2.20e+00 4.04e+01  -7.7 2.53e+00    -  8.68e-02 6.55e-02h  1
iter    objective    inf_pr   inf_du lg(mu)  ||d||  lg(rg) alpha_du alpha_pr  ls
2780r 2.8260318e+02 2.17e+00 4.06e+01  -7.6 2.46e+00    -  6.10e-02 1.66e-02h  1
2781r 2.8260569e+02 2.11e+00 4.08e+01  -6.8 2.43e+00    -  1.22e-01 2.55e-02h  1
2782r 2.8260890e+02 2.04e+00 3.94e+01  -6.5 2.38e+00    -  5.42e-02 3.46e-02h  1
2783r 2.8261188e+02 1.97e+00 3.85e+01  -6.6 2.28e+00    -  2.10e-01 3.26e-02h  1
2784r 2.8261969e+02 1.77e+00 3.46e+01  -6.2 2.19e+00    -  1.00e-01 1.01e-01h  1
2785r 2.8262979e+02 1.44e+00 2.85e+01  -6.2 2.09e+00    -  1.22e-01 1.89e-01h  1
2786r 2.8262406e+02 1.24e+00 9.55e+01  -5.1 1.98e+00    -  2.86e-02 1.42e-01f  1
2787r 2.8262395e+02 1.19e+00 9.31e+01  -6.1 1.80e+00    -  4.01e-02 3.56e-02h  1
2788r 2.8262432e+02 1.12e+00 8.25e+01  -6.1 1.27e+00    -  1.81e-02 5.84e-02h  1
2789r 2.8262510e+02 1.04e+00 6.73e+01  -6.1 1.15e+00    -  2.51e-03 7.69e-02h  1
iter    objective    inf_pr   inf_du lg(mu)  ||d||  lg(rg) alpha_du alpha_pr  ls
2790r 2.8262619e+02 9.18e-01 6.70e+01  -6.1 1.11e+00    -  1.86e-01 1.14e-01h  1
2791r 2.8262714e+02 7.79e-01 5.53e+01  -6.1 1.11e+00    -  1.25e-01 1.52e-01h  1
2792r 2.8262844e+02 6.40e-01 2.48e+01  -6.1 1.02e+00    -  1.70e-01 4.02e-01h  1
2793r 2.8262769e+02 6.40e-01 1.01e+01  -6.1 7.51e-01    -  2.13e-01 4.28e-01h  1
2794r 2.8262667e+02 6.39e-01 8.45e+00  -6.1 5.36e-01    -  3.08e-01 2.25e-01h  1
2795r 2.8262574e+02 6.40e-01 7.26e+00  -6.1 5.69e-01    -  1.31e-01 1.36e-01h  1
2796r 2.8262433e+02 6.40e-01 5.80e+00  -6.1 5.00e-01    -  1.99e-01 2.10e-01h  1
2797r 2.8262005e+02 6.39e-01 2.08e+01  -6.1 4.77e-01    -  2.45e-01 4.80e-01h  1
2798r 2.8261871e+02 6.39e-01 1.86e+01  -6.1 3.16e-01    -  2.68e-01 2.00e-01h  1
2799r 2.8261561e+02 6.40e-01 8.01e+00  -6.1 2.17e-01    -  7.15e-01 6.24e-01h  1
iter    objective    inf_pr   inf_du lg(mu)  ||d||  lg(rg) alpha_du alpha_pr  ls
2800r 2.8260950e+02 6.40e-01 4.93e+00  -6.1 3.69e-01    -  5.37e-01 3.72e-01h  1
2801r 2.8260105e+02 6.40e-01 9.31e+00  -6.1 9.43e-01    -  4.71e-01 2.03e-01h  1
2802r 2.8259376e+02 6.40e-01 1.10e+01  -6.1 1.62e+00    -  2.88e-01 8.37e-02h  2
2803r 2.8258551e+02 6.40e-01 1.10e+01  -6.1 5.39e+00    -  3.67e-02 2.47e-02h  3
2804r 2.8256036e+02 6.40e-01 1.19e+01  -6.1 4.90e+00    -  2.26e-01 6.94e-02h  2
2805r 2.8254962e+02 6.40e-01 7.08e+00  -6.1 4.74e+00    -  1.58e-01 2.49e-02h  2
2806r 2.8253985e+02 6.40e-01 6.15e+00  -6.1 7.17e+00    -  1.01e-01 1.08e-02h  4
2807r 2.8253697e+02 6.40e-01 7.54e+00  -6.1 9.44e+00    -  1.43e-01 2.72e-03h  4
2808r 2.8247393e+02 6.39e-01 1.66e+01  -6.1 6.78e+00    -  1.19e-01 7.55e-02h  1
2809r 2.8244307e+02 6.39e-01 1.88e+01  -6.1 1.00e+01    -  1.52e-01 2.67e-02h  1
iter    objective    inf_pr   inf_du lg(mu)  ||d||  lg(rg) alpha_du alpha_pr  ls
2810r 2.8238083e+02 6.39e-01 1.89e+01  -6.1 2.00e+01    -  6.16e-02 2.59e-02h  1
2811r 2.8222272e+02 6.40e-01 6.86e+00  -6.1 1.63e+01    -  2.18e-02 6.63e-02h  1
2812r 2.8218839e+02 6.40e-01 5.86e+00  -6.1 3.42e+00    -  1.76e-01 6.48e-02h  1
2813r 2.8216809e+02 6.40e-01 6.56e+00  -6.1 5.82e+00    -  6.23e-02 2.22e-02h  1
2814r 2.8213383e+02 6.40e-01 6.88e+00  -6.1 8.89e+00    -  1.02e-02 2.43e-02h  1
2815r 2.8211585e+02 6.40e-01 9.29e+00  -6.1 5.21e+00    -  1.70e-01 2.10e-02h  1
2816r 2.8210466e+02 6.40e-01 1.07e+01  -6.1 4.91e+00    -  6.81e-02 1.33e-02h  1
2817r 2.8192600e+02 2.29e+00 8.09e+00  -6.1 1.14e+01    -  4.44e-02 9.31e-02h  1
2818r 2.8179956e+02 2.24e+00 7.92e+00  -6.1 3.52e+01    -  2.28e-02 2.21e-02h  1
2819r 2.8177040e+02 2.23e+00 8.78e+00  -6.1 2.81e+01    -  3.67e-02 6.56e-03h  1
iter    objective    inf_pr   inf_du lg(mu)  ||d||  lg(rg) alpha_du alpha_pr  ls
2820r 2.8174076e+02 2.21e+00 1.15e+01  -6.1 2.34e+01    -  7.55e-02 8.23e-03h  1
2821r 2.8160737e+02 2.14e+00 1.08e+01  -6.1 2.62e+01    -  2.33e-02 3.58e-02h  1
2822r 2.8145398e+02 2.09e+00 1.06e+01  -6.1 4.37e+01    -  4.15e-02 2.76e-02h  1
2823r 2.8141250e+02 2.07e+00 1.19e+01  -6.1 4.17e+01    -  7.77e-02 7.61e-03h  1
2824r 2.8138659e+02 2.00e+00 1.22e+01  -6.1 5.68e+00    -  6.75e-02 3.69e-02h  1
2825r 2.8138156e+02 1.67e+00 1.00e+01  -6.1 3.33e-01    -  8.63e-02 1.65e-01h  1
2826r 2.8137879e+02 1.54e+00 9.31e+00  -6.1 3.62e-01    -  1.38e-01 7.57e-02h  1
2827r 2.8136863e+02 1.30e+00 5.37e+01  -6.1 4.59e-01    -  5.00e-05 1.60e-01h  1
2828r 2.8136767e+02 1.30e+00 5.35e+01  -6.1 2.02e+01    -  2.10e-03 6.48e-04h  1
2829r 2.8135926e+02 1.29e+00 9.48e+02  -6.1 7.20e+00    -  1.13e-06 8.00e-03h  1
iter    objective    inf_pr   inf_du lg(mu)  ||d||  lg(rg) alpha_du alpha_pr  ls
2830r 2.8130175e+02 1.91e+00 9.01e+02  -6.1 8.50e+00    -  3.31e-02 4.91e-02h  1
2831r 2.8123388e+02 1.86e+00 8.78e+02  -6.1 2.19e+01    -  4.44e-02 2.56e-02h  1
2832r 2.8114142e+02 1.87e+00 8.72e+02  -6.1 1.32e+02    -  1.05e-02 6.26e-03h  1
2833r 2.8106657e+02 1.85e+00 8.67e+02  -6.1 1.09e+02    -  1.65e-02 6.60e-03h  1
2834r 2.8094825e+02 1.82e+00 8.57e+02  -6.1 1.11e+02    -  1.44e-02 1.13e-02h  1
2835r 2.8085002e+02 1.83e+00 8.54e+02  -6.1 4.23e+02    -  4.97e-03 3.32e-03h  1
2836r 2.8082232e+02 1.74e+00 8.14e+02  -6.1 1.09e+01    -  4.23e-02 4.64e-02h  1
2837r 2.8080956e+02 1.70e+00 7.93e+02  -6.1 1.04e+01    -  9.22e-02 2.63e-02h  1
2838r 2.8078038e+02 3.81e+00 7.76e+02  -6.1 3.01e+01    -  1.28e-02 2.10e-02h  1
2839r 2.8076552e+02 3.77e+00 7.66e+02  -6.1 5.22e+01    -  1.02e-02 1.37e-02h  1
iter    objective    inf_pr   inf_du lg(mu)  ||d||  lg(rg) alpha_du alpha_pr  ls
2840r 2.8075702e+02 3.75e+00 7.61e+02  -6.1 5.56e+01    -  4.78e-02 5.84e-03h  1
2841r 2.8074591e+02 3.74e+00 7.59e+02  -6.1 1.34e+02    -  1.72e-04 4.10e-03h  1
2842r 2.8066214e+02 3.72e+00 7.56e+02  -6.1 2.18e+02    -  1.95e-03 4.05e-03h  1
2843r 2.8066239e+02 3.70e+00 7.52e+02  -6.1 1.08e+00    -  2.19e-02 4.65e-03h  1
2844r 2.8066315e+02 3.65e+00 7.42e+02  -6.1 7.51e-01    -  3.97e-02 1.36e-02f  1
2845r 2.8066506e+02 3.48e+00 7.28e+02  -6.1 1.13e+00    -  4.48e-04 4.67e-02h  1
2846r 2.8067733e+02 2.42e+00 5.05e+02  -6.1 6.64e-01    -  7.56e-02 3.05e-01f  1
2847r 2.8067849e+02 2.24e+00 4.68e+02  -6.1 4.48e-01    -  8.29e-02 7.47e-02h  1
2848r 2.8067875e+02 2.19e+00 4.58e+02  -6.1 4.01e-01    -  2.52e-01 2.04e-02h  1
2849r 2.8067901e+02 2.09e+00 4.36e+02  -6.1 6.30e-01    -  9.62e-03 4.73e-02h  1
iter    objective    inf_pr   inf_du lg(mu)  ||d||  lg(rg) alpha_du alpha_pr  ls
2850r 2.8067903e+02 2.08e+00 4.36e+02  -6.1 4.58e-01    -  1.12e-02 1.97e-03h  1
2851r 2.8067981e+02 1.42e+00 3.02e+02  -6.1 6.03e-01    -  1.80e-02 3.21e-01h  1
2852r 2.8067943e+02 1.21e+00 2.59e+02  -6.1 2.96e-01    -  8.30e-02 1.43e-01h  1
2853r 2.8067949e+02 1.14e+00 2.43e+02  -6.1 3.27e-01    -  1.50e-01 6.38e-02h  1
2854r 2.8067907e+02 1.05e+00 2.24e+02  -6.1 2.74e-01    -  1.79e-01 7.55e-02h  1
2855r 2.8067837e+02 8.73e-01 5.16e+02  -6.1 2.84e-01    -  1.14e-04 2.00e-01h  1
2856r 2.8067280e+02 1.59e+00 3.05e+02  -6.1 2.54e-01    -  3.01e-01 4.09e-01h  1
2857r 2.8067270e+02 1.47e+00 2.83e+02  -6.1 2.45e-01    -  3.56e-01 7.53e-02h  1
2858r 2.8066986e+02 1.27e+00 2.43e+02  -6.1 4.99e-01    -  3.32e-01 1.39e-01h  1
2859r 2.8066019e+02 1.42e+00 4.15e+02  -6.1 1.33e+00    -  4.24e-04 1.84e-01h  1
iter    objective    inf_pr   inf_du lg(mu)  ||d||  lg(rg) alpha_du alpha_pr  ls
2860r 2.8065483e+02 1.13e+00 3.18e+02  -6.1 4.86e-01    -  2.00e-01 2.33e-01h  1
2861r 2.8065449e+02 1.14e+00 3.15e+02  -6.1 7.83e-01    -  2.33e-01 9.16e-03h  5
2862r 2.8064695e+02 1.50e+00 3.06e+02  -6.1 4.57e+00    -  3.74e-02 2.76e-02h  1
2863r 2.8062869e+02 1.32e+00 2.71e+02  -6.1 4.39e+00    -  1.16e-01 1.16e-01h  1
2864r 2.8062415e+02 1.30e+00 2.67e+02  -6.1 1.23e+01    -  4.26e-02 1.63e-02h  1
2865r 2.8061601e+02 1.24e+00 2.53e+02  -6.1 6.55e+00    -  1.05e-01 5.03e-02h  1
2866r 2.8061581e+02 1.23e+00 2.52e+02  -6.1 2.73e+01    -  2.48e-02 3.59e-03h  1
2867r 2.8061514e+02 1.23e+00 2.51e+02  -6.1 1.40e+01    -  9.90e-03 3.93e-03h  1
2868r 2.8060897e+02 1.21e+00 2.49e+02  -6.1 3.78e+01    -  1.25e-02 9.82e-03f  1
2869r 2.8060792e+02 1.19e+00 2.45e+02  -6.1 7.83e+00    -  1.72e-01 1.74e-02h  1
iter    objective    inf_pr   inf_du lg(mu)  ||d||  lg(rg) alpha_du alpha_pr  ls
2870r 2.8061039e+02 1.15e+00 2.35e+02  -6.1 1.09e+01    -  8.09e-02 3.95e-02H  1
2871r 2.8061068e+02 1.08e+00 2.19e+02  -6.1 5.79e+00    -  7.17e-02 6.88e-02h  1
2872r 2.8061050e+02 1.18e+00 2.19e+02  -6.1 3.05e+01    -  3.13e-02 4.06e-04h  5
2873r 2.8061078e+02 1.24e+00 2.17e+02  -6.1 8.37e+00    -  6.45e-02 8.80e-03h  2
2874r 2.8061125e+02 1.23e+00 2.15e+02  -6.1 4.33e+00    -  1.80e-01 9.27e-03h  3
2875r 2.8061108e+02 1.22e+00 2.14e+02  -6.1 1.80e+00    -  1.86e-01 4.39e-03h  6
2876r 2.8061038e+02 1.19e+00 2.09e+02  -6.1 2.27e+00    -  1.02e-01 2.20e-02h  3
2877r 2.8060804e+02 1.21e+00 1.97e+02  -6.1 3.33e+00    -  4.28e-02 5.90e-02h  1
2878r 2.8060817e+02 1.17e+00 1.90e+02  -6.1 1.75e+00    -  2.42e-01 3.16e-02h  3
2879r 2.8060409e+02 1.51e+00 1.82e+02  -6.1 6.62e+00    -  1.54e-02 4.51e-02h  1
iter    objective    inf_pr   inf_du lg(mu)  ||d||  lg(rg) alpha_du alpha_pr  ls
2880r 2.8060458e+02 1.48e+00 1.77e+02  -6.1 7.51e+00    -  9.23e-02 2.47e-02h  1
2881r 2.8060542e+02 1.34e+00 1.60e+02  -6.1 2.93e+00    -  1.47e-01 9.59e-02h  1
2882r 2.8060527e+02 1.11e+00 1.33e+02  -6.1 2.57e+00    -  1.77e-01 1.71e-01h  1
2883r 2.8060582e+02 1.09e+00 1.31e+02  -6.1 1.10e+01    -  9.48e-02 1.67e-02h  1
2884r 2.8060473e+02 1.21e+00 1.30e+02  -6.1 2.04e+01    -  4.09e-02 9.75e-03h  1
2885r 2.8059948e+02 1.97e+00 1.28e+02  -6.1 8.13e+01    -  1.37e-02 8.12e-03h  1
2886r 2.8058816e+02 1.97e+00 1.28e+02  -6.1 8.22e+01    -  1.06e-02 5.04e-03h  1
2887r 2.8055208e+02 1.98e+00 1.25e+02  -6.1 6.36e+01    -  3.11e-02 2.59e-02f  1
2888r 2.8054665e+02 1.97e+00 1.24e+02  -6.1 5.39e+01    -  3.90e-02 3.56e-03h  1
2889r 2.8054178e+02 1.94e+00 1.21e+02  -6.1 8.11e+00    -  6.48e-02 2.14e-02h  1
iter    objective    inf_pr   inf_du lg(mu)  ||d||  lg(rg) alpha_du alpha_pr  ls
2890r 2.8053953e+02 1.84e+00 1.11e+02  -6.1 7.95e-01    -  8.64e-02 8.21e-02h  1
2891r 2.8053693e+02 2.26e+00 1.10e+02  -6.1 4.81e+00    -  3.93e-02 1.29e-02h  2
2892r 2.8053523e+02 2.11e+00 1.03e+02  -6.1 1.31e+00    -  7.16e-02 6.58e-02h  1
2893r 2.8053540e+02 1.94e+00 9.45e+01  -6.1 1.35e+00    -  5.30e-02 8.14e-02h  1
2894r 2.8052509e+02 1.72e+00 8.29e+01  -6.1 4.35e+00    -  5.16e-02 1.21e-01h  1
2895r 2.8052417e+02 1.68e+00 8.13e+01  -6.1 6.73e+00    -  2.93e-02 1.90e-02h  1
2896r 2.8051565e+02 1.61e+00 7.77e+01  -6.1 1.70e+01    -  7.30e-02 4.51e-02h  1
2897r 2.8051114e+02 1.55e+00 7.47e+01  -6.1 9.55e+00    -  1.22e-01 3.84e-02h  1
2898r 2.8051125e+02 2.32e+00 7.21e+01  -6.1 1.25e+01    -  2.23e-02 3.49e-02h  1
2899r 2.8050587e+02 2.22e+00 6.91e+01  -6.1 7.63e+00    -  6.41e-02 4.09e-02h  1
iter    objective    inf_pr   inf_du lg(mu)  ||d||  lg(rg) alpha_du alpha_pr  ls
2900r 2.8049861e+02 2.18e+00 6.77e+01  -6.1 2.35e+01    -  2.58e-02 1.98e-02h  1
2901r 2.8049244e+02 2.08e+00 6.47e+01  -6.1 5.24e+00    -  4.59e-02 4.43e-02h  1
2902r 2.8048378e+02 2.02e+00 6.30e+01  -6.1 1.06e+01    -  3.30e-02 2.60e-02h  1
2903r 2.8046693e+02 2.01e+00 6.27e+01  -6.1 9.18e+01    -  4.92e-03 6.08e-03h  1
2904r 2.8045892e+02 1.99e+00 6.21e+01  -6.1 2.67e+01    -  8.18e-03 8.42e-03h  1
2905r 2.8043578e+02 1.98e+00 6.17e+01  -6.1 1.02e+02    -  1.09e-02 6.33e-03h  1
2906r 2.8042197e+02 1.97e+00 6.15e+01  -6.1 8.05e+01    -  3.63e-03 3.78e-03h  1
2907r 2.8040463e+02 1.93e+00 6.03e+01  -6.1 2.47e+01    -  9.56e-02 1.90e-02h  1
2908r 2.8040267e+02 1.93e+00 6.03e+01  -6.1 5.46e+01    -  5.59e-03 8.18e-04h  1
2909r 2.8034753e+02 1.90e+00 5.97e+01  -6.1 1.49e+02    -  2.30e-03 9.74e-03h  1
iter    objective    inf_pr   inf_du lg(mu)  ||d||  lg(rg) alpha_du alpha_pr  ls
2910r 2.8033686e+02 1.89e+00 5.94e+01  -6.1 8.92e+01    -  7.76e-03 4.72e-03h  1
2911r 2.8033602e+02 1.88e+00 5.91e+01  -6.1 9.70e+00    -  1.39e-02 5.55e-03h  1
2912r 2.8033558e+02 1.87e+00 5.90e+01  -6.1 7.90e+01    -  3.11e-03 1.86e-03h  1
2913r 2.8033476e+02 1.86e+00 5.87e+01  -6.1 1.01e+01    -  5.06e-02 4.86e-03h  1
2914r 2.8033448e+02 1.84e+00 5.81e+01  -6.1 2.28e+00    -  2.60e-02 1.03e-02h  1
2915r 2.8033286e+02 1.78e+00 5.62e+01  -6.1 8.47e+00    -  7.56e-03 3.25e-02h  1
2916r 2.8032871e+02 3.01e+00 5.56e+01  -6.1 5.59e+01    -  3.06e-02 1.08e-02h  1
2917r 2.8033468e+02 2.96e+00 5.45e+01  -6.1 2.34e+01    -  2.71e-02 2.01e-02h  1
2918r 2.8035332e+02 2.98e+00 5.43e+01  -6.1 2.67e+02    -  2.04e-03 3.88e-03h  1
2919r 2.8037741e+02 3.00e+00 5.42e+01  -6.1 3.07e+02    -  4.07e-03 2.98e-03h  1
iter    objective    inf_pr   inf_du lg(mu)  ||d||  lg(rg) alpha_du alpha_pr  ls
2920r 2.8039848e+02 3.01e+00 5.41e+01  -6.1 3.87e+02    -  2.25e-03 1.94e-03h  1
2921r 2.8041098e+02 2.99e+00 5.34e+01  -6.1 7.50e+01    -  2.09e-02 1.27e-02h  1
2922r 2.8041257e+02 2.95e+00 5.27e+01  -6.1 6.86e+00    -  4.25e-02 1.32e-02h  1
2923r 2.8042283e+02 2.90e+00 5.16e+01  -6.1 2.70e+01    -  6.65e-03 1.92e-02h  1
2924r 2.8043837e+02 2.88e+00 5.13e+01  -6.1 7.79e+01    -  1.14e-02 6.90e-03h  1
2925r 2.8048075e+02 2.87e+00 5.07e+01  -6.1 1.27e+02    -  1.95e-03 1.05e-02h  1
2926r 2.8048173e+02 2.86e+00 5.04e+01  -6.1 3.15e+00    -  2.93e-02 6.71e-03h  1
2927r 2.8048235e+02 2.73e+00 4.81e+01  -6.1 4.29e-01    -  3.93e-02 4.46e-02h  1
2928r 2.8048235e+02 2.67e+00 4.72e+01  -6.1 6.28e-01    -  9.01e-02 2.07e-02h  1
2929r 2.8048146e+02 2.26e+00 3.74e+01  -6.1 3.14e-01    -  1.68e-01 2.09e-01h  1
iter    objective    inf_pr   inf_du lg(mu)  ||d||  lg(rg) alpha_du alpha_pr  ls
2930r 2.8048004e+02 1.30e+00 2.15e+01  -6.1 4.37e-01    -  1.98e-01 4.26e-01h  1
2931r 2.8047865e+02 1.48e+00 1.58e+01  -6.1 5.99e-01    -  8.53e-02 2.65e-01h  1
2932r 2.8047581e+02 8.08e-01 8.55e+00  -6.1 4.01e-01    -  3.49e-01 4.55e-01h  1
2933r 2.8047337e+02 6.63e-01 7.04e+00  -6.1 1.15e+00    -  1.63e-01 1.80e-01h  1
2934r 2.8047284e+02 6.57e-01 6.99e+00  -6.1 3.55e+00    -  8.65e-02 9.47e-03h  1
2935r 2.8046542e+02 1.73e+00 4.04e+02  -6.1 9.28e+00    -  2.55e-06 5.18e-02f  1
2936r 2.8046496e+02 1.48e+00 3.47e+02  -6.1 1.37e-01    -  5.75e-01 1.43e-01h  1
2937r 2.8046346e+02 1.09e+00 4.36e+01  -6.1 1.45e-01    -  3.48e-04 2.65e-01h  1
2938r 2.8046210e+02 9.84e-01 3.99e+01  -6.1 5.50e-01    -  6.58e-01 9.63e-02h  1
2939r 2.8045188e+02 8.41e-01 3.42e+01  -6.1 1.78e+00    -  7.63e-02 1.45e-01h  1
iter    objective    inf_pr   inf_du lg(mu)  ||d||  lg(rg) alpha_du alpha_pr  ls
2940r 2.8044604e+02 7.35e-01 2.96e+01  -6.1 1.61e+00    -  3.62e-01 1.26e-01h  1
2941r 2.8043144e+02 1.17e+00 2.63e+01  -6.1 4.28e+00    -  9.10e-02 1.10e-01h  1
2942r 2.8040693e+02 8.29e-01 1.77e+01  -6.1 1.32e+00    -  7.45e-02 2.93e-01h  1
2943r 2.8039343e+02 7.14e-01 1.52e+01  -6.1 1.40e+00    -  1.98e-01 1.39e-01h  1
2944r 2.8036990e+02 1.41e+00 1.40e+01  -6.1 4.05e+00    -  1.12e-01 7.83e-02h  1
2945r 2.8034669e+02 1.11e+00 1.15e+01  -6.1 1.94e+00    -  1.31e-01 2.11e-01h  1
2946r 2.8034104e+02 1.09e+00 1.22e+01  -6.1 4.98e+00    -  1.52e-01 1.74e-02h  1
2947r 2.8033690e+02 1.06e+00 1.01e+03  -6.1 2.24e+00    -  3.61e-06 3.39e-02h  1
2948r 2.8031451e+02 8.50e-01 8.13e+02  -6.1 2.00e+00    -  6.52e-02 1.97e-01h  1
2949r 2.8029210e+02 8.34e-01 7.96e+02  -6.1 1.93e+01    -  6.52e-02 2.05e-02h  1
iter    objective    inf_pr   inf_du lg(mu)  ||d||  lg(rg) alpha_du alpha_pr  ls
2950r 2.8023060e+02 4.37e+00 6.99e+02  -6.1 1.19e+01    -  1.77e-01 1.21e-01h  1
2951r 2.8022472e+02 4.29e+00 6.87e+02  -6.1 1.33e+01    -  1.38e-01 1.78e-02h  1
2952r 2.8022032e+02 4.15e+00 6.65e+02  -6.1 8.78e+00    -  1.04e-01 3.20e-02h  1
2953r 2.8020992e+02 4.01e+00 6.44e+02  -6.1 3.36e+01    -  4.71e-02 3.10e-02h  1
2954r 2.8020893e+02 3.97e+00 6.39e+02  -6.1 2.44e+01    -  5.66e-02 8.21e-03h  1
2955r 2.8020274e+02 3.78e+00 6.09e+02  -6.1 1.35e+01    -  5.25e-02 4.79e-02h  1
2956r 2.8020100e+02 3.66e+00 5.89e+02  -6.1 1.03e+01    -  1.17e-01 3.26e-02h  1
2957r 2.8019478e+02 3.44e+00 5.54e+02  -6.1 9.02e+00    -  8.34e-02 5.88e-02h  1
2958r 2.8019058e+02 3.38e+00 5.44e+02  -6.1 1.80e+01    -  5.13e-02 1.75e-02h  1
2959r 2.8019132e+02 3.31e+00 5.33e+02  -6.1 4.29e+00    -  9.51e-02 2.02e-02h  1
iter    objective    inf_pr   inf_du lg(mu)  ||d||  lg(rg) alpha_du alpha_pr  ls
2960r 2.8019334e+02 3.07e+00 4.91e+02  -6.1 4.55e+00    -  7.19e-04 7.52e-02h  1
2961r 2.8019410e+02 2.93e+00 4.69e+02  -6.1 7.96e+00    -  6.35e-02 4.33e-02h  1
2962r 2.8019040e+02 3.47e+00 4.62e+02  -6.1 2.09e+01    -  1.92e-02 1.61e-02h  1
2963r 2.8019080e+02 3.16e+00 4.21e+02  -6.1 2.54e-01    -  2.69e-01 8.79e-02h  1
2964r 2.8019185e+02 2.36e+00 3.14e+02  -6.1 1.02e+00    -  1.30e-01 2.55e-01h  1
2965r 2.8019101e+02 1.79e+00 2.39e+02  -6.1 5.64e-01    -  3.30e-01 2.40e-01h  1
2966r 2.8018118e+02 1.21e+00 1.60e+02  -6.1 1.82e+00    -  8.11e-02 3.29e-01h  1
2967r 2.8017986e+02 1.15e+00 1.53e+02  -6.1 1.50e+00    -  2.20e-01 4.87e-02h  1
2968r 2.8017831e+02 1.09e+00 1.44e+02  -6.1 1.70e+00    -  1.37e-01 5.64e-02h  1
2969r 2.8016516e+02 6.03e+00 1.14e+02  -6.1 2.00e+00    -  3.15e-02 2.08e-01f  1
iter    objective    inf_pr   inf_du lg(mu)  ||d||  lg(rg) alpha_du alpha_pr  ls
2970r 2.8016501e+02 5.56e+00 1.05e+02  -6.1 2.31e+00    -  1.48e-01 7.79e-02h  1
2971r 2.8016658e+02 4.20e+00 7.95e+01  -6.1 7.96e-01    -  2.52e-01 2.44e-01h  1
2972r 2.8016574e+02 4.02e+00 7.62e+01  -6.1 3.48e+00    -  1.03e-01 4.21e-02h  1
2973r 2.8016471e+02 3.85e+00 7.28e+01  -6.1 6.41e+00    -  6.04e-02 4.43e-02h  1
2974r 2.8016888e+02 3.78e+00 7.12e+01  -6.1 2.45e+01    -  2.35e-02 2.19e-02h  1
2975r 2.8017188e+02 3.67e+00 6.92e+01  -6.1 8.22e+00    -  8.98e-02 2.80e-02h  1
2976r 2.8018493e+02 3.47e+00 6.53e+01  -6.1 9.34e+00    -  8.21e-02 5.55e-02h  1
2977r 2.8018941e+02 3.40e+00 6.40e+01  -6.1 1.30e+01    -  7.88e-02 1.92e-02h  1
2978r 2.8019881e+02 3.32e+00 6.24e+01  -6.1 2.00e+01    -  5.63e-02 2.60e-02h  1
2979r 2.8020041e+02 3.28e+00 6.16e+01  -6.1 1.29e+01    -  1.07e-01 1.20e-02h  1
iter    objective    inf_pr   inf_du lg(mu)  ||d||  lg(rg) alpha_du alpha_pr  ls
2980r 2.8019627e+02 3.06e+00 5.75e+01  -6.1 3.13e+00    -  1.38e-01 6.78e-02h  1
2981r 2.8019277e+02 1.42e+00 2.68e+01  -6.1 1.76e-01    -  5.30e-02 5.36e-01h  1
2982r 2.8019314e+02 1.01e+00 1.91e+01  -6.1 2.97e-01    -  2.07e-01 2.91e-01h  1
2983r 2.8019315e+02 9.28e-01 1.75e+01  -6.1 2.52e-01    -  4.00e-01 7.72e-02h  1
2984r 2.8019139e+02 7.42e-01 1.40e+01  -6.1 5.04e-01    -  3.35e-01 2.02e-01h  1
2985r 2.8018830e+02 7.19e-01 1.35e+01  -6.1 2.76e+00    -  5.68e-02 3.30e-02h  3
2986r 2.8017923e+02 2.07e+00 1.28e+01  -6.1 5.50e+00    -  2.75e-02 5.84e-02h  1
2987r 2.8017914e+02 1.97e+00 1.22e+01  -6.1 2.34e+00    -  1.25e-01 4.51e-02h  1
2988r 2.8017801e+02 1.84e+00 1.14e+01  -6.1 2.12e+00    -  2.17e-01 6.70e-02h  1
2989r 2.8017755e+02 2.26e+00 7.72e+00  -6.1 1.42e+00    -  4.51e-01 3.23e-01h  1
iter    objective    inf_pr   inf_du lg(mu)  ||d||  lg(rg) alpha_du alpha_pr  ls
2990r 2.8018265e+02 1.83e+00 8.78e+00  -6.1 2.00e+00    -  2.27e-01 1.84e-01h  1
2991r 2.8018620e+02 1.71e+00 9.39e+00  -6.1 2.39e+00    -  1.65e-01 6.70e-02h  1
2992r 2.8018480e+02 1.38e+00 7.88e+00  -6.1 4.89e-01    -  2.76e-01 1.90e-01h  1
2993r 2.8018497e+02 1.19e+00 6.34e+00  -6.1 6.00e-01    -  2.01e-01 1.36e-01h  1
2994r 2.8017580e+02 8.04e-01 3.14e+00  -6.1 6.13e-01    -  8.00e-02 3.27e-01H  1
2995r 2.8017439e+02 6.39e-01 3.51e+00  -6.1 3.54e-01    -  5.04e-01 2.49e-01h  1
2996r 2.8017324e+02 6.39e-01 5.42e+00  -6.1 1.22e+00    -  1.59e-01 1.65e-01h  1
2997r 2.8016991e+02 6.39e-01 5.14e+00  -6.1 9.56e-01    -  2.76e-01 1.51e-01h  1
2998r 2.8016873e+02 6.39e-01 5.16e+00  -6.1 2.16e+00    -  4.78e-02 1.85e-02h  1
2999r 2.8016448e+02 1.61e+00 5.55e+00  -6.1 5.05e+00    -  2.34e-02 3.53e-02h  1
iter    objective    inf_pr   inf_du lg(mu)  ||d||  lg(rg) alpha_du alpha_pr  ls
3000r 2.8016133e+02 1.41e+00 4.29e+00  -6.1 6.07e-01    -  2.77e-01 1.21e-01h  1
3001r 2.8015560e+02 9.92e-01 3.80e+00  -6.1 4.09e-01    -  4.84e-01 2.97e-01h  1
3002r 2.8014663e+02 9.52e-01 4.32e+00  -6.1 3.88e+00    -  8.37e-02 4.04e-02h  1
3003r 2.8013073e+02 8.99e-01 3.28e+00  -6.1 3.11e+00    -  1.95e-01 5.54e-02h  1
3004r 2.8010385e+02 1.21e+00 4.37e+00  -6.1 3.51e+00    -  3.54e-01 9.40e-02h  1
3005r 2.8008986e+02 1.14e+00 4.31e+00  -6.1 5.27e+00    -  2.04e-01 7.31e-02h  1
3006r 2.8007053e+02 9.89e-01 1.34e+01  -6.1 3.40e+00    -  1.59e-01 1.44e-01h  1
3007r 2.8006290e+02 9.32e-01 1.63e+01  -6.1 3.49e+00    -  1.30e-01 6.03e-02h  1
3008r 2.8006210e+02 9.13e-01 1.60e+01  -6.1 3.42e+00    -  1.95e-01 2.05e-02h  1
3009r 2.8006073e+02 8.92e-01 1.47e+01  -6.1 5.01e+00    -  6.83e-02 2.28e-02h  1
iter    objective    inf_pr   inf_du lg(mu)  ||d||  lg(rg) alpha_du alpha_pr  ls
3010r 2.8005163e+02 4.31e+00 1.89e+01  -6.1 7.94e+00    -  2.31e-04 9.45e-02f  1
3011r 2.8005813e+02 3.81e+00 1.67e+01  -6.1 3.10e+00    -  6.62e-02 1.16e-01h  1
3012r 2.8005709e+02 2.57e+00 1.13e+01  -6.1 2.58e-01    -  1.45e-01 3.25e-01h  1
3013r 2.8005636e+02 2.34e+00 1.02e+01  -6.1 2.81e-01    -  3.86e-01 8.94e-02h  1
3014r 2.8005623e+02 2.12e+00 1.01e+03  -6.1 5.75e-01    -  2.14e-05 9.57e-02h  1
3015r 2.8005797e+02 1.94e+00 9.26e+02  -6.1 2.32e+00    -  1.24e-01 8.44e-02h  1
3016r 2.8006072e+02 1.78e+00 8.51e+02  -6.1 6.11e+00    -  4.45e-02 8.11e-02h  1
3017r 2.8006164e+02 1.42e+00 1.01e+03  -6.1 1.40e-01    -  7.17e-04 2.05e-01h  1
3018r 2.8006326e+02 1.23e+00 8.74e+02  -6.1 9.89e-01    -  2.00e-01 1.35e-01h  1
3019r 2.8006330e+02 1.14e+00 8.15e+02  -6.1 4.64e-01    -  1.83e-01 6.67e-02h  1
iter    objective    inf_pr   inf_du lg(mu)  ||d||  lg(rg) alpha_du alpha_pr  ls
3020r 2.8006581e+02 9.50e-01 6.77e+02  -6.1 1.12e+00    -  6.15e-05 1.70e-01f  1
3021r 2.8007120e+02 8.67e-01 6.17e+02  -6.1 3.86e+00    -  1.26e-01 8.78e-02h  1
3022r 2.8007234e+02 8.29e-01 5.90e+02  -6.1 3.90e+00    -  1.89e-01 4.45e-02h  1
